Null Model,Alternative Model,LRT Statistic,df,p-value,BH-corrected p-value
Model 0,Model 1,86.14236600000004,1,1.6743703839588435e-20,3.348740767917687e-20
Model 1,Model 2,0.0,2,1.0,1.0
Model 0,Model 3,121.133194,4,3.059188827662749e-25,1.2236755310650995e-24
Model 7,Model 8,1.2340080000003582,2,0.5395585358414378,0.719411381121917
