family_id	method	branch_id	foreground_taxon	aligned_site_index_zero	original_site_index_zero	mapping_status	site_index_zero	aligned_site_index_zero	original_site_index_zero	site_relative_position	n_taxa	n_codons	codon_id_mean	codon_id_std	codon_id_min	codon_id_max	codon_id_range	codon_id_unique_count	gap_fraction	non_gap_fraction	taxon_codon_variability	foreground_codon_id	foreground_gap	branch_codon_id	branch_gap	background_mean_codon_id	foreground_background_codon_delta	branch_background_codon_delta
empirical	user_msa	LOC_Os02g07490_LOC_Os02g07490.1	LOC_Os02g07490_LOC_Os02g07490.1	0	0	unique	0	0	0	0.0	9	419	78.0	0.0	78.0	78.0	0.0	1	0.0	1.0	0.0	78	0	78	0	78.0	0.0	0.0
empirical	user_msa	LOC_Os02g07490_LOC_Os02g07490.1	LOC_Os02g07490_LOC_Os02g07490.1	1	1	unique	1	1	1	0.0023923444976076554	9	419	86.44444444444444	34.519273557153255	0.0	126.0	126.0	4	0.1111111111111111	0.8888888888888888	34.519273557153255	102	0	102	0	84.5	17.5	17.5
empirical	user_msa	LOC_Os02g07490_LOC_Os02g07490.1	LOC_Os02g07490_LOC_Os02g07490.1	2	2	unique	2	2	2	0.004784688995215311	9	419	52.22222222222222	47.27643946401909	0.0	102.0	102.0	3	0.4444444444444444	0.5555555555555556	47.27643946401909	82	0	82	0	48.5	33.5	33.5
empirical	user_msa	LOC_Os02g07490_LOC_Os02g07490.1	LOC_Os02g07490_LOC_Os02g07490.1	3	3	unique	3	3	3	0.007177033492822967	9	419	52.22222222222222	47.14935554591453	0.0	109.0	109.0	4	0.4444444444444444	0.5555555555555556	47.14935554591453	82	0	82	0	48.5	33.5	33.5
empirical	user_msa	LOC_Os02g07490_LOC_Os02g07490.1	LOC_Os02g07490_LOC_Os02g07490.1	4	4	unique	4	4	4	0.009569377990430622	9	419	62.44444444444444	56.31875770234818	0.0	118.0	118.0	4	0.4444444444444444	0.5555555555555556	56.31875770234818	93	0	93	0	58.625	34.375	34.375
empirical	user_msa	LOC_Os02g07490_LOC_Os02g07490.1	LOC_Os02g07490_LOC_Os02g07490.1	5	5	unique	5	5	5	0.011961722488038277	9	419	63.111111111111114	56.551735299918946	0.0	121.0	121.0	4	0.4444444444444444	0.5555555555555556	56.551735299918946	117	0	117	0	56.375	60.625	60.625
empirical	user_msa	LOC_Os02g07490_LOC_Os02g07490.1	LOC_Os02g07490_LOC_Os02g07490.1	6	6	unique	6	6	6	0.014354066985645933	9	419	52.44444444444444	47.43910977034107	0.0	110.0	110.0	4	0.4444444444444444	0.5555555555555556	47.43910977034107	101	0	101	0	46.375	54.625	54.625
empirical	user_msa	LOC_Os02g07490_LOC_Os02g07490.1	LOC_Os02g07490_LOC_Os02g07490.1	7	7	unique	7	7	7	0.01674641148325359	9	419	48.666666666666664	43.88368464221957	0.0	93.0	93.0	4	0.4444444444444444	0.5555555555555556	43.88368464221957	85	0	85	0	44.125	40.875	40.875
empirical	user_msa	LOC_Os02g07490_LOC_Os02g07490.1	LOC_Os02g07490_LOC_Os02g07490.1	8	8	unique	8	8	8	0.019138755980861243	9	419	51.666666666666664	47.9490470302707	0.0	125.0	125.0	4	0.4444444444444444	0.5555555555555556	47.9490470302707	125	0	125	0	42.5	82.5	82.5
empirical	user_msa	LOC_Os02g07490_LOC_Os02g07490.1	LOC_Os02g07490_LOC_Os02g07490.1	9	9	unique	9	9	9	0.0215311004784689	9	419	40.55555555555556	36.76082187181562	0.0	89.0	89.0	3	0.4444444444444444	0.5555555555555556	36.76082187181562	89	0	89	0	34.5	54.5	54.5
empirical	user_msa	LOC_Os02g07490_LOC_Os02g07490.1	LOC_Os02g07490_LOC_Os02g07490.1	10	10	unique	10	10	10	0.023923444976076555	9	419	56.888888888888886	50.89301293333004	0.0	105.0	105.0	4	0.4444444444444444	0.5555555555555556	50.89301293333004	101	0	101	0	51.375	49.625	49.625
empirical	user_msa	LOC_Os02g07490_LOC_Os02g07490.1	LOC_Os02g07490_LOC_Os02g07490.1	11	11	unique	11	11	11	0.02631578947368421	9	419	58.111111111111114	52.15030509007262	0.0	116.0	116.0	4	0.4444444444444444	0.5555555555555556	52.15030509007262	101	0	101	0	52.75	48.25	48.25
empirical	user_msa	LOC_Os02g07490_LOC_Os02g07490.1	LOC_Os02g07490_LOC_Os02g07490.1	12	12	unique	12	12	12	0.028708133971291867	9	419	56.44444444444444	50.488967136089606	0.0	103.0	103.0	4	0.4444444444444444	0.5555555555555556	50.488967136089606	102	0	102	0	50.75	51.25	51.25
empirical	user_msa	LOC_Os02g07490_LOC_Os02g07490.1	LOC_Os02g07490_LOC_Os02g07490.1	13	13	unique	13	13	13	0.03110047846889952	9	419	49.77777777777778	44.8324727991213	0.0	101.0	101.0	5	0.4444444444444444	0.5555555555555556	44.8324727991213	101	0	101	0	43.375	57.625	57.625
empirical	user_msa	LOC_Os02g07490_LOC_Os02g07490.1	LOC_Os02g07490_LOC_Os02g07490.1	14	14	unique	14	14	14	0.03349282296650718	9	419	64.11111111111111	57.639578309129924	0.0	125.0	125.0	4	0.4444444444444444	0.5555555555555556	57.639578309129924	101	0	101	0	59.5	41.5	41.5
empirical	user_msa	LOC_Os02g07490_LOC_Os02g07490.1	LOC_Os02g07490_LOC_Os02g07490.1	15	15	unique	15	15	15	0.03588516746411483	9	419	62.55555555555556	56.168617396611374	0.0	118.0	118.0	4	0.4444444444444444	0.5555555555555556	56.168617396611374	104	0	104	0	57.375	46.625	46.625
empirical	user_msa	LOC_Os02g07490_LOC_Os02g07490.1	LOC_Os02g07490_LOC_Os02g07490.1	16	16	unique	16	16	16	0.03827751196172249	9	419	52.0	58.137767414994535	0.0	117.0	117.0	2	0.5555555555555556	0.4444444444444444	58.137767414994535	117	0	117	0	43.875	73.125	73.125
empirical	user_msa	LOC_Os02g07490_LOC_Os02g07490.1	LOC_Os02g07490_LOC_Os02g07490.1	17	17	unique	17	17	17	0.04066985645933014	9	419	42.22222222222222	47.375046825606354	0.0	105.0	105.0	4	0.5555555555555556	0.4444444444444444	47.375046825606354	89	0	89	0	36.375	52.625	52.625
empirical	user_msa	LOC_Os02g07490_LOC_Os02g07490.1	LOC_Os02g07490_LOC_Os02g07490.1	18	18	unique	18	18	18	0.0430622009569378	9	419	44.888888888888886	50.187303494995284	0.0	101.0	101.0	2	0.5555555555555556	0.4444444444444444	50.187303494995284	101	0	101	0	37.875	63.125	63.125
empirical	user_msa	LOC_Os02g07490_LOC_Os02g07490.1	LOC_Os02g07490_LOC_Os02g07490.1	19	19	unique	19	19	19	0.045454545454545456	9	419	34.666666666666664	49.0260701622673	0.0	104.0	104.0	2	0.6666666666666666	0.3333333333333333	49.0260701622673	0	1	0	1	39.0	-39.0	-39.0
empirical	user_msa	LOC_Os02g07490_LOC_Os02g07490.1	LOC_Os02g07490_LOC_Os02g07490.1	20	20	unique	20	20	20	0.04784688995215311	9	419	52.0	58.137767414994535	0.0	117.0	117.0	2	0.5555555555555556	0.4444444444444444	58.137767414994535	117	0	117	0	43.875	73.125	73.125
empirical	user_msa	LOC_Os02g07490_LOC_Os02g07490.1	LOC_Os02g07490_LOC_Os02g07490.1	21	21	unique	21	21	21	0.050239234449760764	9	419	40.888888888888886	45.846227142589136	0.0	101.0	101.0	3	0.5555555555555556	0.4444444444444444	45.846227142589136	101	0	101	0	33.375	67.625	67.625
empirical	user_msa	LOC_Os02g07490_LOC_Os02g07490.1	LOC_Os02g07490_LOC_Os02g07490.1	22	22	unique	22	22	22	0.05263157894736842	9	419	45.111111111111114	50.43905991820326	0.0	103.0	103.0	3	0.5555555555555556	0.4444444444444444	50.43905991820326	101	0	101	0	38.125	62.875	62.875
empirical	user_msa	LOC_Os02g07490_LOC_Os02g07490.1	LOC_Os02g07490_LOC_Os02g07490.1	23	23	unique	23	23	23	0.05502392344497608	9	419	33.666666666666664	47.6118565998942	0.0	101.0	101.0	2	0.6666666666666666	0.3333333333333333	47.6118565998942	101	0	101	0	25.25	75.75	75.75
empirical	user_msa	LOC_Os02g07490_LOC_Os02g07490.1	LOC_Os02g07490_LOC_Os02g07490.1	24	24	unique	24	24	24	0.05741626794258373	9	419	33.666666666666664	47.6118565998942	0.0	101.0	101.0	2	0.6666666666666666	0.3333333333333333	47.6118565998942	101	0	101	0	25.25	75.75	75.75
empirical	user_msa	LOC_Os02g07490_LOC_Os02g07490.1	LOC_Os02g07490_LOC_Os02g07490.1	25	25	unique	25	25	25	0.05980861244019139	9	419	43.333333333333336	48.45157949495099	0.0	99.0	99.0	3	0.5555555555555556	0.4444444444444444	48.45157949495099	99	0	99	0	36.375	62.625	62.625
empirical	user_msa	LOC_Os02g07490_LOC_Os02g07490.1	LOC_Os02g07490_LOC_Os02g07490.1	26	26	unique	26	26	26	0.06220095693779904	9	419	37.77777777777778	42.23683957499603	0.0	85.0	85.0	2	0.5555555555555556	0.4444444444444444	42.23683957499603	85	0	85	0	31.875	53.125	53.125
empirical	user_msa	LOC_Os02g07490_LOC_Os02g07490.1	LOC_Os02g07490_LOC_Os02g07490.1	27	27	unique	27	27	27	0.0645933014354067	9	419	50.22222222222222	56.339798007324916	0.0	117.0	117.0	3	0.5555555555555556	0.4444444444444444	56.339798007324916	101	0	101	0	43.875	57.125	57.125
empirical	user_msa	LOC_Os02g07490_LOC_Os02g07490.1	LOC_Os02g07490_LOC_Os02g07490.1	28	28	unique	28	28	28	0.06698564593301436	9	419	29.333333333333332	32.79566366999692	0.0	66.0	66.0	2	0.5555555555555556	0.4444444444444444	32.79566366999692	66	0	66	0	24.75	41.25	41.25
empirical	user_msa	LOC_Os02g07490_LOC_Os02g07490.1	LOC_Os02g07490_LOC_Os02g07490.1	29	29	unique	29	29	29	0.06937799043062201	9	419	48.888888888888886	54.659439449994856	0.0	110.0	110.0	2	0.5555555555555556	0.4444444444444444	54.659439449994856	110	0	110	0	41.25	68.75	68.75
empirical	user_msa	LOC_Os02g07490_LOC_Os02g07490.1	LOC_Os02g07490_LOC_Os02g07490.1	30	30	unique	30	30	30	0.07177033492822966	9	419	52.44444444444444	58.68013313457424	0.0	124.0	124.0	3	0.5555555555555556	0.4444444444444444	58.68013313457424	124	0	124	0	43.5	80.5	80.5
empirical	user_msa	LOC_Os02g07490_LOC_Os02g07490.1	LOC_Os02g07490_LOC_Os02g07490.1	31	31	unique	31	31	31	0.07416267942583732	9	419	50.22222222222222	56.904945650674094	0.0	121.0	121.0	3	0.5555555555555556	0.4444444444444444	56.904945650674094	89	0	89	0	45.375	43.625	43.625
empirical	user_msa	LOC_Os02g07490_LOC_Os02g07490.1	LOC_Os02g07490_LOC_Os02g07490.1	32	32	unique	32	32	32	0.07655502392344497	9	419	52.44444444444444	58.87672830416504	0.0	126.0	126.0	3	0.5555555555555556	0.4444444444444444	58.87672830416504	126	0	126	0	43.25	82.75	82.75
empirical	user_msa	LOC_Os02g07490_LOC_Os02g07490.1	LOC_Os02g07490_LOC_Os02g07490.1	33	33	unique	33	33	33	0.07894736842105263	9	419	32.666666666666664	36.527006751473934	0.0	74.0	74.0	3	0.5555555555555556	0.4444444444444444	36.527006751473934	72	0	72	0	27.75	44.25	44.25
empirical	user_msa	LOC_Os02g07490_LOC_Os02g07490.1	LOC_Os02g07490_LOC_Os02g07490.1	34	34	unique	34	34	34	0.08133971291866028	9	419	32.44444444444444	36.273991634996584	0.0	73.0	73.0	2	0.5555555555555556	0.4444444444444444	36.273991634996584	73	0	73	0	27.375	45.625	45.625
empirical	user_msa	LOC_Os02g07490_LOC_Os02g07490.1	LOC_Os02g07490_LOC_Os02g07490.1	35	35	unique	35	35	35	0.08373205741626795	9	419	34.666666666666664	39.93606000707743	0.0	103.0	103.0	4	0.5555555555555556	0.4444444444444444	39.93606000707743	103	0	103	0	26.125	76.875	76.875
empirical	user_msa	LOC_Os02g07490_LOC_Os02g07490.1	LOC_Os02g07490_LOC_Os02g07490.1	36	36	unique	36	36	36	0.0861244019138756	9	419	45.0	50.53711507397311	0.0	107.0	107.0	5	0.5555555555555556	0.4444444444444444	50.53711507397311	105	0	105	0	37.5	67.5	67.5
empirical	user_msa	LOC_Os02g07490_LOC_Os02g07490.1	LOC_Os02g07490_LOC_Os02g07490.1	37	37	unique	37	37	37	0.08851674641148326	9	419	48.111111111111114	54.59435144661527	0.0	117.0	117.0	4	0.5555555555555556	0.4444444444444444	54.59435144661527	116	0	116	0	39.625	76.375	76.375
empirical	user_msa	LOC_Os02g07490_LOC_Os02g07490.1	LOC_Os02g07490_LOC_Os02g07490.1	38	38	unique	38	38	38	0.09090909090909091	9	419	34.333333333333336	48.554665641476255	0.0	103.0	103.0	2	0.6666666666666666	0.3333333333333333	48.554665641476255	0	1	0	1	38.625	-38.625	-38.625
empirical	user_msa	LOC_Os02g07490_LOC_Os02g07490.1	LOC_Os02g07490_LOC_Os02g07490.1	39	39	unique	39	39	39	0.09330143540669857	9	419	27.444444444444443	38.8161223981053	0.0	83.0	83.0	3	0.6666666666666666	0.3333333333333333	38.8161223981053	0	1	0	1	30.875	-30.875	-30.875
empirical	user_msa	LOC_Os02g07490_LOC_Os02g07490.1	LOC_Os02g07490_LOC_Os02g07490.1	40	40	unique	40	40	40	0.09569377990430622	9	419	42.0	59.398840243073955	0.0	127.0	127.0	4	0.6666666666666666	0.3333333333333333	59.398840243073955	0	1	0	1	47.25	-47.25	-47.25
empirical	user_msa	LOC_Os02g07490_LOC_Os02g07490.1	LOC_Os02g07490_LOC_Os02g07490.1	41	41	unique	41	41	41	0.09808612440191387	9	419	33.666666666666664	47.649180942010375	0.0	105.0	105.0	4	0.6666666666666666	0.3333333333333333	47.649180942010375	0	1	0	1	37.875	-37.875	-37.875
empirical	user_msa	LOC_Os02g07490_LOC_Os02g07490.1	LOC_Os02g07490_LOC_Os02g07490.1	42	42	unique	42	42	42	0.10047846889952153	9	419	65.22222222222223	58.582852587458994	0.0	121.0	121.0	3	0.4444444444444444	0.5555555555555556	58.582852587458994	103	0	103	0	60.5	42.5	42.5
empirical	user_msa	LOC_Os02g07490_LOC_Os02g07490.1	LOC_Os02g07490_LOC_Os02g07490.1	43	43	unique	43	43	43	0.10287081339712918	9	419	42.0	37.64748774265467	0.0	82.0	82.0	4	0.4444444444444444	0.5555555555555556	37.64748774265467	82	0	82	0	37.0	45.0	45.0
empirical	user_msa	LOC_Os02g07490_LOC_Os02g07490.1	LOC_Os02g07490_LOC_Os02g07490.1	44	44	unique	44	44	44	0.10526315789473684	9	419	69.44444444444444	62.11299937499415	0.0	125.0	125.0	2	0.4444444444444444	0.5555555555555556	62.11299937499415	125	0	125	0	62.5	62.5	62.5
empirical	user_msa	LOC_Os02g07490_LOC_Os02g07490.1	LOC_Os02g07490_LOC_Os02g07490.1	45	45	unique	45	45	45	0.1076555023923445	9	419	45.666666666666664	41.14473099789193	0.0	87.0	87.0	4	0.4444444444444444	0.5555555555555556	41.14473099789193	69	0	69	0	42.75	26.25	26.25
empirical	user_msa	LOC_Os02g07490_LOC_Os02g07490.1	LOC_Os02g07490_LOC_Os02g07490.1	46	46	unique	46	46	46	0.11004784688995216	9	419	64.88888888888889	58.039152387647285	0.0	117.0	117.0	3	0.4444444444444444	0.5555555555555556	58.039152387647285	117	0	117	0	58.375	58.625	58.625
empirical	user_msa	LOC_Os02g07490_LOC_Os02g07490.1	LOC_Os02g07490_LOC_Os02g07490.1	47	47	unique	47	47	47	0.11244019138755981	9	419	49.0	46.15433048178927	0.0	127.0	127.0	4	0.4444444444444444	0.5555555555555556	46.15433048178927	77	0	77	0	45.5	31.5	31.5
empirical	user_msa	LOC_Os02g07490_LOC_Os02g07490.1	LOC_Os02g07490_LOC_Os02g07490.1	48	48	unique	48	48	48	0.11483253588516747	9	419	57.22222222222222	51.25487028951552	0.0	110.0	110.0	5	0.4444444444444444	0.5555555555555556	51.25487028951552	100	0	100	0	51.875	48.125	48.125
empirical	user_msa	LOC_Os02g07490_LOC_Os02g07490.1	LOC_Os02g07490_LOC_Os02g07490.1	49	49	unique	49	49	49	0.11722488038277512	9	419	57.0	50.98583681333038	0.0	103.0	103.0	3	0.4444444444444444	0.5555555555555556	50.98583681333038	103	0	103	0	51.25	51.75	51.75
empirical	user_msa	LOC_Os02g07490_LOC_Os02g07490.1	LOC_Os02g07490_LOC_Os02g07490.1	50	50	unique	50	50	50	0.11961722488038277	9	419	65.0	58.137767414994535	0.0	117.0	117.0	2	0.4444444444444444	0.5555555555555556	58.137767414994535	117	0	117	0	58.5	58.5	58.5
empirical	user_msa	LOC_Os02g07490_LOC_Os02g07490.1	LOC_Os02g07490_LOC_Os02g07490.1	51	51	unique	51	51	51	0.12200956937799043	9	419	66.11111111111111	59.131575404994436	0.0	119.0	119.0	2	0.4444444444444444	0.5555555555555556	59.131575404994436	119	0	119	0	59.5	59.5	59.5
empirical	user_msa	LOC_Os02g07490_LOC_Os02g07490.1	LOC_Os02g07490_LOC_Os02g07490.1	52	52	unique	52	52	52	0.12440191387559808	9	419	64.66666666666667	57.8426985692903	0.0	118.0	118.0	3	0.4444444444444444	0.5555555555555556	57.8426985692903	116	0	116	0	58.25	57.75	57.75
empirical	user_msa	LOC_Os02g07490_LOC_Os02g07490.1	LOC_Os02g07490_LOC_Os02g07490.1	53	53	unique	53	53	53	0.12679425837320574	9	419	61.666666666666664	57.181970740590764	0.0	127.0	127.0	4	0.4444444444444444	0.5555555555555556	57.181970740590764	127	0	127	0	53.5	73.5	73.5
empirical	user_msa	LOC_Os02g07490_LOC_Os02g07490.1	LOC_Os02g07490_LOC_Os02g07490.1	54	54	unique	54	54	54	0.1291866028708134	9	419	57.44444444444444	51.42656276696598	0.0	109.0	109.0	4	0.4444444444444444	0.5555555555555556	51.42656276696598	103	0	103	0	51.75	51.25	51.25
empirical	user_msa	LOC_Os02g07490_LOC_Os02g07490.1	LOC_Os02g07490_LOC_Os02g07490.1	55	55	unique	55	55	55	0.13157894736842105	9	419	41.111111111111114	36.770895629996545	0.0	74.0	74.0	2	0.4444444444444444	0.5555555555555556	36.770895629996545	74	0	74	0	37.0	37.0	37.0
empirical	user_msa	LOC_Os02g07490_LOC_Os02g07490.1	LOC_Os02g07490_LOC_Os02g07490.1	56	56	unique	56	56	56	0.1339712918660287	9	419	37.0	33.17964570167814	0.0	73.0	73.0	3	0.4444444444444444	0.5555555555555556	33.17964570167814	65	0	65	0	33.5	31.5	31.5
empirical	user_msa	LOC_Os02g07490_LOC_Os02g07490.1	LOC_Os02g07490_LOC_Os02g07490.1	57	57	unique	57	57	57	0.13636363636363635	9	419	43.666666666666664	39.06120553410734	0.0	79.0	79.0	3	0.4444444444444444	0.5555555555555556	39.06120553410734	79	0	79	0	39.25	39.75	39.75
empirical	user_msa	LOC_Os02g07490_LOC_Os02g07490.1	LOC_Os02g07490_LOC_Os02g07490.1	58	58	unique	58	58	58	0.13875598086124402	9	419	55.77777777777778	50.017280964300014	0.0	110.0	110.0	3	0.4444444444444444	0.5555555555555556	50.017280964300014	98	0	98	0	50.5	47.5	47.5
empirical	user_msa	LOC_Os02g07490_LOC_Os02g07490.1	LOC_Os02g07490_LOC_Os02g07490.1	59	59	unique	59	59	59	0.14114832535885166	9	419	47.111111111111114	42.14378679511488	0.0	86.0	86.0	3	0.4444444444444444	0.5555555555555556	42.14378679511488	86	0	86	0	42.25	43.75	43.75
empirical	user_msa	LOC_Os02g07490_LOC_Os02g07490.1	LOC_Os02g07490_LOC_Os02g07490.1	60	60	unique	60	60	60	0.14354066985645933	9	419	52.55555555555556	47.00853613053487	0.0	95.0	95.0	3	0.4444444444444444	0.5555555555555556	47.00853613053487	94	0	94	0	47.375	46.625	46.625
empirical	user_msa	LOC_Os02g07490_LOC_Os02g07490.1	LOC_Os02g07490_LOC_Os02g07490.1	61	61	unique	61	61	61	0.145933014354067	9	419	40.22222222222222	35.9807904853495	0.0	74.0	74.0	3	0.4444444444444444	0.5555555555555556	35.9807904853495	72	0	72	0	36.25	35.75	35.75
empirical	user_msa	LOC_Os02g07490_LOC_Os02g07490.1	LOC_Os02g07490_LOC_Os02g07490.1	62	62	unique	62	62	62	0.14832535885167464	9	419	57.0	50.98365751231794	0.0	103.0	103.0	3	0.4444444444444444	0.5555555555555556	50.98365751231794	102	0	102	0	51.375	50.625	50.625
empirical	user_msa	LOC_Os02g07490_LOC_Os02g07490.1	LOC_Os02g07490_LOC_Os02g07490.1	63	63	unique	63	63	63	0.1507177033492823	9	419	42.22222222222222	37.76470361999645	0.0	76.0	76.0	2	0.4444444444444444	0.5555555555555556	37.76470361999645	76	0	76	0	38.0	38.0	38.0
empirical	user_msa	LOC_Os02g07490_LOC_Os02g07490.1	LOC_Os02g07490_LOC_Os02g07490.1	64	64	unique	64	64	64	0.15311004784688995	9	419	57.22222222222222	51.181111484995185	0.0	103.0	103.0	2	0.4444444444444444	0.5555555555555556	51.181111484995185	103	0	103	0	51.5	51.5	51.5
empirical	user_msa	LOC_Os02g07490_LOC_Os02g07490.1	LOC_Os02g07490_LOC_Os02g07490.1	65	65	unique	65	65	65	0.15550239234449761	9	419	38.111111111111114	34.0993465054503	0.0	71.0	71.0	3	0.4444444444444444	0.5555555555555556	34.0993465054503	71	0	71	0	34.0	37.0	37.0
empirical	user_msa	LOC_Os02g07490_LOC_Os02g07490.1	LOC_Os02g07490_LOC_Os02g07490.1	66	66	unique	66	66	66	0.15789473684210525	9	419	45.55555555555556	40.74612758999617	0.0	82.0	82.0	2	0.4444444444444444	0.5555555555555556	40.74612758999617	82	0	82	0	41.0	41.0	41.0
empirical	user_msa	LOC_Os02g07490_LOC_Os02g07490.1	LOC_Os02g07490_LOC_Os02g07490.1	67	67	unique	67	67	67	0.16028708133971292	9	419	55.55555555555556	49.69039949999533	0.0	100.0	100.0	2	0.4444444444444444	0.5555555555555556	49.69039949999533	100	0	100	0	50.0	50.0	50.0
empirical	user_msa	LOC_Os02g07490_LOC_Os02g07490.1	LOC_Os02g07490_LOC_Os02g07490.1	68	68	unique	68	68	68	0.16267942583732056	9	419	47.22222222222222	42.23683957499603	0.0	85.0	85.0	2	0.4444444444444444	0.5555555555555556	42.23683957499603	85	0	85	0	42.5	42.5	42.5
empirical	user_msa	LOC_Os02g07490_LOC_Os02g07490.1	LOC_Os02g07490_LOC_Os02g07490.1	69	69	unique	69	69	69	0.16507177033492823	9	419	48.111111111111114	43.033435177892514	0.0	87.0	87.0	3	0.4444444444444444	0.5555555555555556	43.033435177892514	87	0	87	0	43.25	43.75	43.75
empirical	user_msa	LOC_Os02g07490_LOC_Os02g07490.1	LOC_Os02g07490_LOC_Os02g07490.1	70	70	unique	70	70	70	0.1674641148325359	9	419	59.0	53.036674941863474	0.0	119.0	119.0	4	0.4444444444444444	0.5555555555555556	53.036674941863474	101	0	101	0	53.75	47.25	47.25
empirical	user_msa	LOC_Os02g07490_LOC_Os02g07490.1	LOC_Os02g07490_LOC_Os02g07490.1	71	71	unique	71	71	71	0.16985645933014354	9	419	60.77777777777778	54.36456725514796	0.0	111.0	111.0	3	0.4444444444444444	0.5555555555555556	54.36456725514796	109	0	109	0	54.75	54.25	54.25
empirical	user_msa	LOC_Os02g07490_LOC_Os02g07490.1	LOC_Os02g07490_LOC_Os02g07490.1	72	72	unique	72	72	72	0.1722488038277512	9	419	47.111111111111114	42.1464231893327	0.0	87.0	87.0	4	0.4444444444444444	0.5555555555555556	42.1464231893327	84	0	84	0	42.5	41.5	41.5
empirical	user_msa	LOC_Os02g07490_LOC_Os02g07490.1	LOC_Os02g07490_LOC_Os02g07490.1	73	73	unique	73	73	73	0.17464114832535885	9	419	44.888888888888886	40.15648403280027	0.0	82.0	82.0	3	0.4444444444444444	0.5555555555555556	40.15648403280027	80	0	80	0	40.5	39.5	39.5
empirical	user_msa	LOC_Os02g07490_LOC_Os02g07490.1	LOC_Os02g07490_LOC_Os02g07490.1	74	74	unique	74	74	74	0.17703349282296652	9	419	63.666666666666664	56.94831965133924	0.0	115.0	115.0	3	0.4444444444444444	0.5555555555555556	56.94831965133924	115	0	115	0	57.25	57.75	57.75
empirical	user_msa	LOC_Os02g07490_LOC_Os02g07490.1	LOC_Os02g07490_LOC_Os02g07490.1	75	75	unique	75	75	75	0.17942583732057416	9	419	66.22222222222223	59.2879560146499	0.0	126.0	126.0	4	0.4444444444444444	0.5555555555555556	59.2879560146499	118	0	118	0	59.75	58.25	58.25
empirical	user_msa	LOC_Os02g07490_LOC_Os02g07490.1	LOC_Os02g07490_LOC_Os02g07490.1	76	76	unique	76	76	76	0.18181818181818182	9	419	41.44444444444444	37.073833573053506	0.0	75.0	75.0	3	0.4444444444444444	0.5555555555555556	37.073833573053506	75	0	75	0	37.25	37.75	37.75
empirical	user_msa	LOC_Os02g07490_LOC_Os02g07490.1	LOC_Os02g07490_LOC_Os02g07490.1	77	77	unique	77	77	77	0.18421052631578946	9	419	59.0	52.793097191878324	0.0	110.0	110.0	5	0.4444444444444444	0.5555555555555556	52.793097191878324	105	0	105	0	53.25	51.75	51.75
empirical	user_msa	LOC_Os02g07490_LOC_Os02g07490.1	LOC_Os02g07490_LOC_Os02g07490.1	78	78	unique	78	78	78	0.18660287081339713	9	419	54.44444444444444	48.69659150999542	0.0	98.0	98.0	2	0.4444444444444444	0.5555555555555556	48.69659150999542	98	0	98	0	49.0	49.0	49.0
empirical	user_msa	LOC_Os02g07490_LOC_Os02g07490.1	LOC_Os02g07490_LOC_Os02g07490.1	79	79	unique	79	79	79	0.18899521531100477	9	419	58.666666666666664	20.741798914805393	0.0	66.0	66.0	2	0.1111111111111111	0.8888888888888888	20.741798914805393	66	0	66	0	57.75	8.25	8.25
empirical	user_msa	LOC_Os02g07490_LOC_Os02g07490.1	LOC_Os02g07490_LOC_Os02g07490.1	80	80	unique	80	80	80	0.19138755980861244	9	419	68.11111111111111	26.995655800494372	0.0	109.0	109.0	5	0.1111111111111111	0.8888888888888888	26.995655800494372	68	0	68	0	68.125	-0.125	-0.125
empirical	user_msa	LOC_Os02g07490_LOC_Os02g07490.1	LOC_Os02g07490_LOC_Os02g07490.1	81	81	unique	81	81	81	0.1937799043062201	9	419	58.666666666666664	20.741798914805393	0.0	66.0	66.0	2	0.1111111111111111	0.8888888888888888	20.741798914805393	66	0	66	0	57.75	8.25	8.25
empirical	user_msa	LOC_Os02g07490_LOC_Os02g07490.1	LOC_Os02g07490_LOC_Os02g07490.1	82	82	unique	82	82	82	0.19617224880382775	9	419	87.33333333333333	33.51284994015148	0.0	111.0	111.0	5	0.1111111111111111	0.8888888888888888	33.51284994015148	111	0	111	0	84.375	26.625	26.625
empirical	user_msa	LOC_Os02g07490_LOC_Os02g07490.1	LOC_Os02g07490_LOC_Os02g07490.1	83	83	unique	83	83	83	0.19856459330143542	9	419	93.22222222222223	32.97061916911877	0.0	107.0	107.0	4	0.1111111111111111	0.8888888888888888	32.97061916911877	105	0	105	0	91.75	13.25	13.25
empirical	user_msa	LOC_Os02g07490_LOC_Os02g07490.1	LOC_Os02g07490_LOC_Os02g07490.1	84	84	unique	84	84	84	0.20095693779904306	9	419	68.44444444444444	24.198765400606295	0.0	77.0	77.0	2	0.1111111111111111	0.8888888888888888	24.198765400606295	77	0	77	0	67.375	9.625	9.625
empirical	user_msa	LOC_Os02g07490_LOC_Os02g07490.1	LOC_Os02g07490_LOC_Os02g07490.1	85	85	unique	85	85	85	0.20334928229665072	9	419	58.888888888888886	20.840369182294275	0.0	67.0	67.0	3	0.1111111111111111	0.8888888888888888	20.840369182294275	67	0	67	0	57.875	9.125	9.125
empirical	user_msa	LOC_Os02g07490_LOC_Os02g07490.1	LOC_Os02g07490_LOC_Os02g07490.1	86	86	unique	86	86	86	0.20574162679425836	9	419	94.44444444444444	33.39364913376697	0.0	107.0	107.0	3	0.1111111111111111	0.8888888888888888	33.39364913376697	106	0	106	0	93.0	13.0	13.0
empirical	user_msa	LOC_Os02g07490_LOC_Os02g07490.1	LOC_Os02g07490_LOC_Os02g07490.1	87	87	unique	87	87	87	0.20813397129186603	9	419	111.55555555555556	39.44929547634846	0.0	127.0	127.0	3	0.1111111111111111	0.8888888888888888	39.44929547634846	127	0	127	0	109.625	17.375	17.375
empirical	user_msa	LOC_Os02g07490_LOC_Os02g07490.1	LOC_Os02g07490_LOC_Os02g07490.1	88	88	unique	88	88	88	0.21052631578947367	9	419	92.77777777777777	32.80846021574915	0.0	106.0	106.0	4	0.1111111111111111	0.8888888888888888	32.80846021574915	106	0	106	0	91.125	14.875	14.875
empirical	user_msa	LOC_Os02g07490_LOC_Os02g07490.1	LOC_Os02g07490_LOC_Os02g07490.1	89	89	unique	89	89	89	0.21291866028708134	9	419	74.44444444444444	27.272742237182577	0.0	90.0	90.0	4	0.1111111111111111	0.8888888888888888	27.272742237182577	88	0	88	0	72.75	15.25	15.25
empirical	user_msa	LOC_Os02g07490_LOC_Os02g07490.1	LOC_Os02g07490_LOC_Os02g07490.1	90	90	unique	90	90	90	0.215311004784689	9	419	69.55555555555556	24.60854012154277	0.0	79.0	79.0	3	0.1111111111111111	0.8888888888888888	24.60854012154277	79	0	79	0	68.375	10.625	10.625
empirical	user_msa	LOC_Os02g07490_LOC_Os02g07490.1	LOC_Os02g07490_LOC_Os02g07490.1	91	91	unique	91	91	91	0.21770334928229665	9	419	94.0	33.23652609203716	0.0	106.0	106.0	3	0.1111111111111111	0.8888888888888888	33.23652609203716	106	0	106	0	92.5	13.5	13.5
empirical	user_msa	LOC_Os02g07490_LOC_Os02g07490.1	LOC_Os02g07490_LOC_Os02g07490.1	92	92	unique	92	92	92	0.22009569377990432	9	419	65.33333333333333	23.11324776447962	0.0	74.0	74.0	3	0.1111111111111111	0.8888888888888888	23.11324776447962	74	0	74	0	64.25	9.75	9.75
empirical	user_msa	LOC_Os02g07490_LOC_Os02g07490.1	LOC_Os02g07490_LOC_Os02g07490.1	93	93	unique	93	93	93	0.22248803827751196	9	419	101.0	38.7556447501522	0.0	126.0	126.0	3	0.1111111111111111	0.8888888888888888	38.7556447501522	126	0	126	0	97.875	28.125	28.125
empirical	user_msa	LOC_Os02g07490_LOC_Os02g07490.1	LOC_Os02g07490_LOC_Os02g07490.1	94	94	unique	94	94	94	0.22488038277511962	9	419	97.77777777777777	34.579305878830596	0.0	111.0	111.0	4	0.1111111111111111	0.8888888888888888	34.579305878830596	109	0	109	0	96.375	12.625	12.625
empirical	user_msa	LOC_Os02g07490_LOC_Os02g07490.1	LOC_Os02g07490_LOC_Os02g07490.1	95	95	unique	95	95	95	0.22727272727272727	9	419	89.44444444444444	33.032344792175074	0.0	126.0	126.0	4	0.1111111111111111	0.8888888888888888	33.032344792175074	94	0	94	0	88.875	5.125	5.125
empirical	user_msa	LOC_Os02g07490_LOC_Os02g07490.1	LOC_Os02g07490_LOC_Os02g07490.1	96	96	unique	96	96	96	0.22966507177033493	9	419	68.55555555555556	25.179846928804487	0.0	91.0	91.0	5	0.1111111111111111	0.8888888888888888	25.179846928804487	91	0	91	0	65.75	25.25	25.25
empirical	user_msa	LOC_Os02g07490_LOC_Os02g07490.1	LOC_Os02g07490_LOC_Os02g07490.1	97	97	unique	97	97	97	0.23205741626794257	9	419	80.33333333333333	31.598171536410845	0.0	110.0	110.0	4	0.1111111111111111	0.8888888888888888	31.598171536410845	79	0	79	0	80.5	-1.5	-1.5
empirical	user_msa	LOC_Os02g07490_LOC_Os02g07490.1	LOC_Os02g07490_LOC_Os02g07490.1	98	98	unique	98	98	98	0.23444976076555024	9	419	89.22222222222223	31.551642949924275	0.0	102.0	102.0	4	0.1111111111111111	0.8888888888888888	31.551642949924275	100	0	100	0	87.875	12.125	12.125
empirical	user_msa	LOC_Os02g07490_LOC_Os02g07490.1	LOC_Os02g07490_LOC_Os02g07490.1	99	99	unique	99	99	99	0.23684210526315788	9	419	69.88888888888889	27.34733155556272	0.0	95.0	95.0	4	0.1111111111111111	0.8888888888888888	27.34733155556272	69	0	69	0	70.0	-1.0	-1.0
empirical	user_msa	LOC_Os02g07490_LOC_Os02g07490.1	LOC_Os02g07490_LOC_Os02g07490.1	100	100	unique	100	100	100	0.23923444976076555	9	419	68.77777777777777	24.557315170740097	0.0	82.0	82.0	4	0.1111111111111111	0.8888888888888888	24.557315170740097	75	0	75	0	68.0	7.0	7.0
empirical	user_msa	LOC_Os02g07490_LOC_Os02g07490.1	LOC_Os02g07490_LOC_Os02g07490.1	101	101	unique	101	101	101	0.24162679425837322	9	419	64.44444444444444	22.794302948622498	0.0	74.0	74.0	4	0.1111111111111111	0.8888888888888888	22.794302948622498	72	0	72	0	63.5	8.5	8.5
empirical	user_msa	LOC_Os02g07490_LOC_Os02g07490.1	LOC_Os02g07490_LOC_Os02g07490.1	102	102	unique	102	102	102	0.24401913875598086	9	419	87.33333333333333	30.886890422961002	0.0	99.0	99.0	4	0.1111111111111111	0.8888888888888888	30.886890422961002	99	0	99	0	85.875	13.125	13.125
empirical	user_msa	LOC_Os02g07490_LOC_Os02g07490.1	LOC_Os02g07490_LOC_Os02g07490.1	103	103	unique	103	103	103	0.24641148325358853	9	419	88.0	31.11269837220809	0.0	99.0	99.0	2	0.1111111111111111	0.8888888888888888	31.11269837220809	99	0	99	0	86.625	12.375	12.375
empirical	user_msa	LOC_Os02g07490_LOC_Os02g07490.1	LOC_Os02g07490_LOC_Os02g07490.1	104	104	unique	104	104	104	0.24880382775119617	9	419	80.44444444444444	31.70037192600291	0.0	110.0	110.0	4	0.1111111111111111	0.8888888888888888	31.70037192600291	79	0	79	0	80.625	-1.625	-1.625
empirical	user_msa	LOC_Os02g07490_LOC_Os02g07490.1	LOC_Os02g07490_LOC_Os02g07490.1	105	105	unique	105	105	105	0.2511961722488038	9	419	86.0	30.41929212413289	0.0	98.0	98.0	3	0.1111111111111111	0.8888888888888888	30.41929212413289	96	0	96	0	84.75	11.25	11.25
empirical	user_msa	LOC_Os02g07490_LOC_Os02g07490.1	LOC_Os02g07490_LOC_Os02g07490.1	106	106	unique	106	106	106	0.2535885167464115	9	419	92.66666666666667	33.77704677571574	0.0	111.0	111.0	3	0.1111111111111111	0.8888888888888888	33.77704677571574	111	0	111	0	90.375	20.625	20.625
empirical	user_msa	LOC_Os02g07490_LOC_Os02g07490.1	LOC_Os02g07490_LOC_Os02g07490.1	107	107	unique	107	107	107	0.25598086124401914	9	419	97.55555555555556	34.496734502819606	0.0	111.0	111.0	4	0.1111111111111111	0.8888888888888888	34.496734502819606	111	0	111	0	95.875	15.125	15.125
empirical	user_msa	LOC_Os02g07490_LOC_Os02g07490.1	LOC_Os02g07490_LOC_Os02g07490.1	108	108	unique	108	108	108	0.2583732057416268	9	419	90.66666666666667	32.079761705958965	0.0	103.0	103.0	4	0.1111111111111111	0.8888888888888888	32.079761705958965	103	0	103	0	89.125	13.875	13.875
empirical	user_msa	LOC_Os02g07490_LOC_Os02g07490.1	LOC_Os02g07490_LOC_Os02g07490.1	109	109	unique	109	109	109	0.2607655502392344	9	419	97.0	34.29609631171195	0.0	110.0	110.0	3	0.1111111111111111	0.8888888888888888	34.29609631171195	109	0	109	0	95.5	13.5	13.5
empirical	user_msa	LOC_Os02g07490_LOC_Os02g07490.1	LOC_Os02g07490_LOC_Os02g07490.1	110	110	unique	110	110	110	0.2631578947368421	9	419	58.888888888888886	20.840369182294275	0.0	67.0	67.0	3	0.1111111111111111	0.8888888888888888	20.840369182294275	67	0	67	0	57.875	9.125	9.125
empirical	user_msa	LOC_Os02g07490_LOC_Os02g07490.1	LOC_Os02g07490_LOC_Os02g07490.1	111	111	unique	111	111	111	0.26555023923444976	9	419	87.55555555555556	30.966329783280962	0.0	99.0	99.0	3	0.1111111111111111	0.8888888888888888	30.966329783280962	99	0	99	0	86.125	12.875	12.875
empirical	user_msa	LOC_Os02g07490_LOC_Os02g07490.1	LOC_Os02g07490_LOC_Os02g07490.1	112	112	unique	112	112	112	0.2679425837320574	9	419	76.66666666666667	27.12112747574399	0.0	87.0	87.0	3	0.1111111111111111	0.8888888888888888	27.12112747574399	87	0	87	0	75.375	11.625	11.625
empirical	user_msa	LOC_Os02g07490_LOC_Os02g07490.1	LOC_Os02g07490_LOC_Os02g07490.1	113	113	unique	113	113	113	0.2703349282296651	9	419	111.11111111111111	39.28371006591931	0.0	125.0	125.0	2	0.1111111111111111	0.8888888888888888	39.28371006591931	125	0	125	0	109.375	15.625	15.625
empirical	user_msa	LOC_Os02g07490_LOC_Os02g07490.1	LOC_Os02g07490_LOC_Os02g07490.1	114	114	unique	114	114	114	0.2727272727272727	9	419	69.55555555555556	24.60854012154277	0.0	79.0	79.0	3	0.1111111111111111	0.8888888888888888	24.60854012154277	79	0	79	0	68.375	10.625	10.625
empirical	user_msa	LOC_Os02g07490_LOC_Os02g07490.1	LOC_Os02g07490_LOC_Os02g07490.1	115	115	unique	115	115	115	0.2751196172248804	9	419	78.0	30.789608636681304	0.0	99.0	99.0	3	0.1111111111111111	0.8888888888888888	30.789608636681304	99	0	99	0	75.375	23.625	23.625
empirical	user_msa	LOC_Os02g07490_LOC_Os02g07490.1	LOC_Os02g07490_LOC_Os02g07490.1	116	116	unique	116	116	116	0.27751196172248804	9	419	80.22222222222223	32.330851374767164	0.0	103.0	103.0	3	0.1111111111111111	0.8888888888888888	32.330851374767164	103	0	103	0	77.375	25.625	25.625
empirical	user_msa	LOC_Os02g07490_LOC_Os02g07490.1	LOC_Os02g07490_LOC_Os02g07490.1	117	117	unique	117	117	117	0.2799043062200957	9	419	68.77777777777777	28.232281671785966	0.0	97.0	97.0	4	0.1111111111111111	0.8888888888888888	28.232281671785966	64	0	64	0	69.375	-5.375	-5.375
empirical	user_msa	LOC_Os02g07490_LOC_Os02g07490.1	LOC_Os02g07490_LOC_Os02g07490.1	118	118	unique	118	118	118	0.2822966507177033	9	419	100.44444444444444	35.51247389959105	0.0	113.0	113.0	2	0.1111111111111111	0.8888888888888888	35.51247389959105	113	0	113	0	98.875	14.125	14.125
empirical	user_msa	LOC_Os02g07490_LOC_Os02g07490.1	LOC_Os02g07490_LOC_Os02g07490.1	119	119	unique	119	119	119	0.284688995215311	9	419	69.33333333333333	24.513035081133648	0.0	78.0	78.0	2	0.1111111111111111	0.8888888888888888	24.513035081133648	78	0	78	0	68.25	9.75	9.75
empirical	user_msa	LOC_Os02g07490_LOC_Os02g07490.1	LOC_Os02g07490_LOC_Os02g07490.1	120	120	unique	120	120	120	0.28708133971291866	9	419	86.66666666666667	16.027753706895076	68.0	101.0	33.0	3	0.0	1.0	16.027753706895076	101	0	101	0	84.875	16.125	16.125
empirical	user_msa	LOC_Os02g07490_LOC_Os02g07490.1	LOC_Os02g07490_LOC_Os02g07490.1	121	121	unique	121	121	121	0.2894736842105263	9	419	113.66666666666667	0.9428090415820634	113.0	115.0	2.0	2	0.0	1.0	0.9428090415820634	113	0	113	0	113.75	-0.75	-0.75
empirical	user_msa	LOC_Os02g07490_LOC_Os02g07490.1	LOC_Os02g07490_LOC_Os02g07490.1	122	122	unique	122	122	122	0.291866028708134	9	419	78.0	0.0	78.0	78.0	0.0	1	0.0	1.0	0.0	78	0	78	0	78.0	0.0	0.0
empirical	user_msa	LOC_Os02g07490_LOC_Os02g07490.1	LOC_Os02g07490_LOC_Os02g07490.1	123	123	unique	123	123	123	0.2942583732057416	9	419	125.0	0.0	125.0	125.0	0.0	1	0.0	1.0	0.0	125	0	125	0	125.0	0.0	0.0
empirical	user_msa	LOC_Os02g07490_LOC_Os02g07490.1	LOC_Os02g07490_LOC_Os02g07490.1	124	124	unique	124	124	124	0.2966507177033493	9	419	66.0	0.0	66.0	66.0	0.0	1	0.0	1.0	0.0	66	0	66	0	66.0	0.0	0.0
empirical	user_msa	LOC_Os02g07490_LOC_Os02g07490.1	LOC_Os02g07490_LOC_Os02g07490.1	125	125	unique	125	125	125	0.29904306220095694	9	419	115.0	0.0	115.0	115.0	0.0	1	0.0	1.0	0.0	115	0	115	0	115.0	0.0	0.0
empirical	user_msa	LOC_Os02g07490_LOC_Os02g07490.1	LOC_Os02g07490_LOC_Os02g07490.1	126	126	unique	126	126	126	0.3014354066985646	9	419	97.0	0.0	97.0	97.0	0.0	1	0.0	1.0	0.0	97	0	97	0	97.0	0.0	0.0
empirical	user_msa	LOC_Os02g07490_LOC_Os02g07490.1	LOC_Os02g07490_LOC_Os02g07490.1	127	127	unique	127	127	127	0.3038277511961722	9	419	96.33333333333333	23.11324776447962	69.0	117.0	48.0	3	0.0	1.0	23.11324776447962	117	0	117	0	93.75	23.25	23.25
empirical	user_msa	LOC_Os02g07490_LOC_Os02g07490.1	LOC_Os02g07490_LOC_Os02g07490.1	128	128	unique	128	128	128	0.3062200956937799	9	419	88.22222222222223	19.25719362141949	71.0	110.0	39.0	3	0.0	1.0	19.25719362141949	71	0	71	0	90.375	-19.375	-19.375
empirical	user_msa	LOC_Os02g07490_LOC_Os02g07490.1	LOC_Os02g07490_LOC_Os02g07490.1	129	129	unique	129	129	129	0.30861244019138756	9	419	82.11111111111111	0.9938079899999066	81.0	83.0	2.0	2	0.0	1.0	0.9938079899999066	83	0	83	0	82.0	1.0	1.0
empirical	user_msa	LOC_Os02g07490_LOC_Os02g07490.1	LOC_Os02g07490_LOC_Os02g07490.1	130	130	unique	130	130	130	0.31100478468899523	9	419	105.33333333333333	0.9428090415820634	104.0	107.0	3.0	3	0.0	1.0	0.9428090415820634	107	0	107	0	105.125	1.875	1.875
empirical	user_msa	LOC_Os02g07490_LOC_Os02g07490.1	LOC_Os02g07490_LOC_Os02g07490.1	131	131	unique	131	131	131	0.3133971291866029	9	419	95.33333333333333	15.355057075041362	82.0	117.0	35.0	5	0.0	1.0	15.355057075041362	84	0	84	0	96.75	-12.75	-12.75
empirical	user_msa	LOC_Os02g07490_LOC_Os02g07490.1	LOC_Os02g07490_LOC_Os02g07490.1	132	132	unique	132	132	132	0.3157894736842105	9	419	124.55555555555556	2.3622546250521443	122.0	127.0	5.0	3	0.0	1.0	2.3622546250521443	127	0	127	0	124.25	2.75	2.75
empirical	user_msa	LOC_Os02g07490_LOC_Os02g07490.1	LOC_Os02g07490_LOC_Os02g07490.1	133	133	unique	133	133	133	0.3181818181818182	9	419	64.88888888888889	0.9938079899999066	64.0	66.0	2.0	2	0.0	1.0	0.9938079899999066	64	0	64	0	65.0	-1.0	-1.0
empirical	user_msa	LOC_Os02g07490_LOC_Os02g07490.1	LOC_Os02g07490_LOC_Os02g07490.1	134	134	unique	134	134	134	0.32057416267942584	9	419	36.0	40.24922359499622	0.0	81.0	81.0	2	0.5555555555555556	0.4444444444444444	40.24922359499622	0	1	0	1	40.5	-40.5	-40.5
empirical	user_msa	LOC_Os02g07490_LOC_Os02g07490.1	LOC_Os02g07490_LOC_Os02g07490.1	135	135	unique	135	135	135	0.3229665071770335	9	419	92.44444444444444	14.032589933683433	75.0	107.0	32.0	5	0.0	1.0	14.032589933683433	105	0	105	0	90.875	14.125	14.125
empirical	user_msa	LOC_Os02g07490_LOC_Os02g07490.1	LOC_Os02g07490_LOC_Os02g07490.1	136	136	unique	136	136	136	0.3253588516746411	9	419	108.55555555555556	9.923161583007158	97.0	119.0	22.0	4	0.0	1.0	9.923161583007158	117	0	117	0	107.5	9.5	9.5
empirical	user_msa	LOC_Os02g07490_LOC_Os02g07490.1	LOC_Os02g07490_LOC_Os02g07490.1	137	137	unique	137	137	137	0.3277511961722488	9	419	81.44444444444444	9.787873575797885	77.0	109.0	32.0	3	0.0	1.0	9.787873575797885	79	0	79	0	81.75	-2.75	-2.75
empirical	user_msa	LOC_Os02g07490_LOC_Os02g07490.1	LOC_Os02g07490_LOC_Os02g07490.1	138	138	unique	138	138	138	0.33014354066985646	9	419	66.33333333333333	0.4714045207910317	66.0	67.0	1.0	2	0.0	1.0	0.4714045207910317	66	0	66	0	66.375	-0.375	-0.375
empirical	user_msa	LOC_Os02g07490_LOC_Os02g07490.1	LOC_Os02g07490_LOC_Os02g07490.1	139	139	unique	139	139	139	0.33253588516746413	9	419	110.44444444444444	0.6849348892187752	109.0	111.0	2.0	3	0.0	1.0	0.6849348892187752	111	0	111	0	110.375	0.625	0.625
empirical	user_msa	LOC_Os02g07490_LOC_Os02g07490.1	LOC_Os02g07490_LOC_Os02g07490.1	140	140	unique	140	140	140	0.3349282296650718	9	419	92.22222222222223	23.934065809486686	66.0	126.0	60.0	3	0.0	1.0	23.934065809486686	110	0	110	0	90.0	20.0	20.0
empirical	user_msa	LOC_Os02g07490_LOC_Os02g07490.1	LOC_Os02g07490_LOC_Os02g07490.1	141	141	unique	141	141	141	0.3373205741626794	9	419	98.11111111111111	0.9938079899999066	97.0	99.0	2.0	2	0.0	1.0	0.9938079899999066	99	0	99	0	98.0	1.0	1.0
empirical	user_msa	LOC_Os02g07490_LOC_Os02g07490.1	LOC_Os02g07490_LOC_Os02g07490.1	142	142	unique	142	142	142	0.3397129186602871	9	419	92.33333333333333	14.72714802291635	73.0	117.0	44.0	3	0.0	1.0	14.72714802291635	99	0	99	0	91.5	7.5	7.5
empirical	user_msa	LOC_Os02g07490_LOC_Os02g07490.1	LOC_Os02g07490_LOC_Os02g07490.1	143	143	unique	143	143	143	0.34210526315789475	9	419	93.77777777777777	24.845199749997665	66.0	116.0	50.0	2	0.0	1.0	24.845199749997665	116	0	116	0	91.0	25.0	25.0
empirical	user_msa	LOC_Os02g07490_LOC_Os02g07490.1	LOC_Os02g07490_LOC_Os02g07490.1	144	144	unique	144	144	144	0.3444976076555024	9	419	75.0	14.877275736280932	69.0	117.0	48.0	3	0.0	1.0	14.877275736280932	69	0	69	0	75.75	-6.75	-6.75
empirical	user_msa	LOC_Os02g07490_LOC_Os02g07490.1	LOC_Os02g07490_LOC_Os02g07490.1	145	145	unique	145	145	145	0.34688995215311	9	419	94.22222222222223	0.9162456945817024	92.0	95.0	3.0	3	0.0	1.0	0.9162456945817024	94	0	94	0	94.25	-0.25	-0.25
empirical	user_msa	LOC_Os02g07490_LOC_Os02g07490.1	LOC_Os02g07490_LOC_Os02g07490.1	146	146	unique	146	146	146	0.3492822966507177	9	419	96.55555555555556	1.6405358955814888	94.0	98.0	4.0	3	0.0	1.0	1.6405358955814888	98	0	98	0	96.375	1.625	1.625
empirical	user_msa	LOC_Os02g07490_LOC_Os02g07490.1	LOC_Os02g07490_LOC_Os02g07490.1	147	147	unique	147	147	147	0.35167464114832536	9	419	99.0	24.60352278299458	77.0	127.0	50.0	3	0.0	1.0	24.60352278299458	77	0	77	0	101.75	-24.75	-24.75
empirical	user_msa	LOC_Os02g07490_LOC_Os02g07490.1	LOC_Os02g07490_LOC_Os02g07490.1	148	148	unique	148	148	148	0.35406698564593303	9	419	84.77777777777777	19.876159799998128	67.0	107.0	40.0	2	0.0	1.0	19.876159799998128	67	0	67	0	87.0	-20.0	-20.0
empirical	user_msa	LOC_Os02g07490_LOC_Os02g07490.1	LOC_Os02g07490_LOC_Os02g07490.1	149	149	unique	149	149	149	0.35645933014354064	9	419	102.22222222222223	3.8232556742411674	98.0	106.0	8.0	3	0.0	1.0	3.8232556742411674	104	0	104	0	102.0	2.0	2.0
empirical	user_msa	LOC_Os02g07490_LOC_Os02g07490.1	LOC_Os02g07490_LOC_Os02g07490.1	150	150	unique	150	150	150	0.3588516746411483	9	419	66.0	0.0	66.0	66.0	0.0	1	0.0	1.0	0.0	66	0	66	0	66.0	0.0	0.0
empirical	user_msa	LOC_Os02g07490_LOC_Os02g07490.1	LOC_Os02g07490_LOC_Os02g07490.1	151	151	unique	151	151	151	0.361244019138756	9	419	79.11111111111111	16.89473582999841	64.0	98.0	34.0	2	0.0	1.0	16.89473582999841	64	0	64	0	81.0	-17.0	-17.0
empirical	user_msa	LOC_Os02g07490_LOC_Os02g07490.1	LOC_Os02g07490_LOC_Os02g07490.1	152	152	unique	152	152	152	0.36363636363636365	9	419	95.22222222222223	15.872952380825396	77.0	111.0	34.0	4	0.0	1.0	15.872952380825396	109	0	109	0	93.5	15.5	15.5
empirical	user_msa	LOC_Os02g07490_LOC_Os02g07490.1	LOC_Os02g07490_LOC_Os02g07490.1	153	153	unique	153	153	153	0.3660287081339713	9	419	73.88888888888889	12.493949152773864	68.0	109.0	41.0	3	0.0	1.0	12.493949152773864	68	0	68	0	74.625	-6.625	-6.625
empirical	user_msa	LOC_Os02g07490_LOC_Os02g07490.1	LOC_Os02g07490_LOC_Os02g07490.1	154	154	unique	154	154	154	0.3684210526315789	9	419	91.22222222222223	15.921877177001024	76.0	109.0	33.0	4	0.0	1.0	15.921877177001024	77	0	77	0	93.0	-16.0	-16.0
empirical	user_msa	LOC_Os02g07490_LOC_Os02g07490.1	LOC_Os02g07490_LOC_Os02g07490.1	155	155	unique	155	155	155	0.3708133971291866	9	419	93.88888888888889	28.293872302612506	68.0	127.0	59.0	4	0.0	1.0	28.293872302612506	71	0	71	0	96.75	-25.75	-25.75
empirical	user_msa	LOC_Os02g07490_LOC_Os02g07490.1	LOC_Os02g07490_LOC_Os02g07490.1	156	156	unique	156	156	156	0.37320574162679426	9	419	87.22222222222223	15.900927839998504	73.0	105.0	32.0	2	0.0	1.0	15.900927839998504	73	0	73	0	89.0	-16.0	-16.0
empirical	user_msa	LOC_Os02g07490_LOC_Os02g07490.1	LOC_Os02g07490_LOC_Os02g07490.1	157	157	unique	157	157	157	0.37559808612440193	9	419	74.66666666666667	17.422845793829307	64.0	121.0	57.0	3	0.0	1.0	17.422845793829307	64	0	64	0	76.0	-12.0	-12.0
empirical	user_msa	LOC_Os02g07490_LOC_Os02g07490.1	LOC_Os02g07490_LOC_Os02g07490.1	158	158	unique	158	158	158	0.37799043062200954	9	419	72.88888888888889	0.9938079899999066	72.0	74.0	2.0	2	0.0	1.0	0.9938079899999066	72	0	72	0	73.0	-1.0	-1.0
empirical	user_msa	LOC_Os02g07490_LOC_Os02g07490.1	LOC_Os02g07490_LOC_Os02g07490.1	159	159	unique	159	159	159	0.3803827751196172	9	419	83.66666666666667	16.706618781522224	65.0	99.0	34.0	3	0.0	1.0	16.706618781522224	99	0	99	0	81.75	17.25	17.25
empirical	user_msa	LOC_Os02g07490_LOC_Os02g07490.1	LOC_Os02g07490_LOC_Os02g07490.1	160	160	unique	160	160	160	0.3827751196172249	9	419	86.22222222222223	1.1331154474650633	84.0	87.0	3.0	3	0.0	1.0	1.1331154474650633	84	0	84	0	86.5	-2.5	-2.5
empirical	user_msa	LOC_Os02g07490_LOC_Os02g07490.1	LOC_Os02g07490_LOC_Os02g07490.1	161	161	unique	161	161	161	0.38516746411483255	9	419	101.77777777777777	6.178417233092374	98.0	119.0	21.0	5	0.0	1.0	6.178417233092374	100	0	100	0	102.0	-2.0	-2.0
empirical	user_msa	LOC_Os02g07490_LOC_Os02g07490.1	LOC_Os02g07490_LOC_Os02g07490.1	162	162	unique	162	162	162	0.3875598086124402	9	419	98.11111111111111	0.3142696805273545	98.0	99.0	1.0	2	0.0	1.0	0.3142696805273545	99	0	99	0	98.0	1.0	1.0
empirical	user_msa	LOC_Os02g07490_LOC_Os02g07490.1	LOC_Os02g07490_LOC_Os02g07490.1	163	163	unique	163	163	163	0.38995215311004783	9	419	78.11111111111111	0.9938079899999066	77.0	79.0	2.0	2	0.0	1.0	0.9938079899999066	79	0	79	0	78.0	1.0	1.0
empirical	user_msa	LOC_Os02g07490_LOC_Os02g07490.1	LOC_Os02g07490_LOC_Os02g07490.1	164	164	unique	164	164	164	0.3923444976076555	9	419	86.55555555555556	0.4969039949999533	86.0	87.0	1.0	2	0.0	1.0	0.4969039949999533	87	0	87	0	86.5	0.5	0.5
empirical	user_msa	LOC_Os02g07490_LOC_Os02g07490.1	LOC_Os02g07490_LOC_Os02g07490.1	165	165	unique	165	165	165	0.39473684210526316	9	419	122.0	0.0	122.0	122.0	0.0	1	0.0	1.0	0.0	122	0	122	0	122.0	0.0	0.0
empirical	user_msa	LOC_Os02g07490_LOC_Os02g07490.1	LOC_Os02g07490_LOC_Os02g07490.1	166	166	unique	166	166	166	0.39712918660287083	9	419	105.33333333333333	1.8856180831641267	103.0	107.0	4.0	3	0.0	1.0	1.8856180831641267	107	0	107	0	105.125	1.875	1.875
empirical	user_msa	LOC_Os02g07490_LOC_Os02g07490.1	LOC_Os02g07490_LOC_Os02g07490.1	167	167	unique	167	167	167	0.39952153110047844	9	419	79.66666666666667	16.39783183499846	65.0	98.0	33.0	2	0.0	1.0	16.39783183499846	65	0	65	0	81.5	-16.5	-16.5
empirical	user_msa	LOC_Os02g07490_LOC_Os02g07490.1	LOC_Os02g07490_LOC_Os02g07490.1	168	168	unique	168	168	168	0.4019138755980861	9	419	115.0	11.313708498984761	103.0	127.0	24.0	3	0.0	1.0	11.313708498984761	127	0	127	0	113.5	13.5	13.5
empirical	user_msa	LOC_Os02g07490_LOC_Os02g07490.1	LOC_Os02g07490_LOC_Os02g07490.1	169	169	unique	169	169	169	0.4043062200956938	9	419	105.33333333333333	1.4907119849998598	104.0	107.0	3.0	2	0.0	1.0	1.4907119849998598	104	0	104	0	105.5	-1.5	-1.5
empirical	user_msa	LOC_Os02g07490_LOC_Os02g07490.1	LOC_Os02g07490_LOC_Os02g07490.1	170	170	unique	170	170	170	0.40669856459330145	9	419	103.0	0.0	103.0	103.0	0.0	1	0.0	1.0	0.0	103	0	103	0	103.0	0.0	0.0
empirical	user_msa	LOC_Os02g07490_LOC_Os02g07490.1	LOC_Os02g07490_LOC_Os02g07490.1	171	171	unique	171	171	171	0.4090909090909091	9	419	97.0	0.4714045207910317	96.0	98.0	2.0	3	0.0	1.0	0.4714045207910317	98	0	98	0	96.875	1.125	1.125
empirical	user_msa	LOC_Os02g07490_LOC_Os02g07490.1	LOC_Os02g07490_LOC_Os02g07490.1	172	172	unique	172	172	172	0.41148325358851673	9	419	114.77777777777777	0.628539361054709	113.0	115.0	2.0	2	0.0	1.0	0.628539361054709	115	0	115	0	114.75	0.25	0.25
empirical	user_msa	LOC_Os02g07490_LOC_Os02g07490.1	LOC_Os02g07490_LOC_Os02g07490.1	173	173	unique	173	173	173	0.4138755980861244	9	419	111.0	0.0	111.0	111.0	0.0	1	0.0	1.0	0.0	111	0	111	0	111.0	0.0	0.0
empirical	user_msa	LOC_Os02g07490_LOC_Os02g07490.1	LOC_Os02g07490_LOC_Os02g07490.1	174	174	unique	174	174	174	0.41626794258373206	9	419	110.66666666666667	0.4714045207910317	110.0	111.0	1.0	2	0.0	1.0	0.4714045207910317	111	0	111	0	110.625	0.375	0.375
empirical	user_msa	LOC_Os02g07490_LOC_Os02g07490.1	LOC_Os02g07490_LOC_Os02g07490.1	175	175	unique	175	175	175	0.41866028708133973	9	419	97.11111111111111	0.9938079899999066	96.0	98.0	2.0	2	0.0	1.0	0.9938079899999066	96	0	96	0	97.25	-1.25	-1.25
empirical	user_msa	LOC_Os02g07490_LOC_Os02g07490.1	LOC_Os02g07490_LOC_Os02g07490.1	176	176	unique	176	176	176	0.42105263157894735	9	419	118.33333333333333	0.9428090415820634	117.0	119.0	2.0	2	0.0	1.0	0.9428090415820634	119	0	119	0	118.25	0.75	0.75
empirical	user_msa	LOC_Os02g07490_LOC_Os02g07490.1	LOC_Os02g07490_LOC_Os02g07490.1	177	177	unique	177	177	177	0.423444976076555	9	419	97.0	23.944379994757295	70.0	119.0	49.0	4	0.0	1.0	23.944379994757295	116	0	116	0	94.625	21.375	21.375
empirical	user_msa	LOC_Os02g07490_LOC_Os02g07490.1	LOC_Os02g07490_LOC_Os02g07490.1	178	178	unique	178	178	178	0.4258373205741627	9	419	106.77777777777777	0.628539361054709	105.0	107.0	2.0	2	0.0	1.0	0.628539361054709	107	0	107	0	106.75	0.25	0.25
empirical	user_msa	LOC_Os02g07490_LOC_Os02g07490.1	LOC_Os02g07490_LOC_Os02g07490.1	179	179	unique	179	179	179	0.42822966507177035	9	419	110.33333333333333	0.9428090415820634	109.0	111.0	2.0	2	0.0	1.0	0.9428090415820634	111	0	111	0	110.25	0.75	0.75
empirical	user_msa	LOC_Os02g07490_LOC_Os02g07490.1	LOC_Os02g07490_LOC_Os02g07490.1	180	180	unique	180	180	180	0.430622009569378	9	419	126.11111111111111	0.9938079899999066	125.0	127.0	2.0	2	0.0	1.0	0.9938079899999066	127	0	127	0	126.0	1.0	1.0
empirical	user_msa	LOC_Os02g07490_LOC_Os02g07490.1	LOC_Os02g07490_LOC_Os02g07490.1	181	181	unique	181	181	181	0.43301435406698563	9	419	69.66666666666667	1.4907119849998598	68.0	71.0	3.0	2	0.0	1.0	1.4907119849998598	68	0	68	0	69.875	-1.875	-1.875
empirical	user_msa	LOC_Os02g07490_LOC_Os02g07490.1	LOC_Os02g07490_LOC_Os02g07490.1	182	182	unique	182	182	182	0.4354066985645933	9	419	82.33333333333333	14.491376746189438	68.0	99.0	31.0	6	0.0	1.0	14.491376746189438	68	0	68	0	84.125	-16.125	-16.125
empirical	user_msa	LOC_Os02g07490_LOC_Os02g07490.1	LOC_Os02g07490_LOC_Os02g07490.1	183	183	unique	183	183	183	0.43779904306220097	9	419	72.11111111111111	5.933791076808307	66.0	79.0	13.0	4	0.0	1.0	5.933791076808307	71	0	71	0	72.25	-1.25	-1.25
empirical	user_msa	LOC_Os02g07490_LOC_Os02g07490.1	LOC_Os02g07490_LOC_Os02g07490.1	184	184	unique	184	184	184	0.44019138755980863	9	419	97.66666666666667	1.0540925533894598	96.0	99.0	3.0	4	0.0	1.0	1.0540925533894598	96	0	96	0	97.875	-1.875	-1.875
empirical	user_msa	LOC_Os02g07490_LOC_Os02g07490.1	LOC_Os02g07490_LOC_Os02g07490.1	185	185	unique	185	185	185	0.44258373205741625	9	419	65.11111111111111	0.9938079899999066	64.0	66.0	2.0	2	0.0	1.0	0.9938079899999066	66	0	66	0	65.0	1.0	1.0
empirical	user_msa	LOC_Os02g07490_LOC_Os02g07490.1	LOC_Os02g07490_LOC_Os02g07490.1	186	186	unique	186	186	186	0.4449760765550239	9	419	101.33333333333333	1.4907119849998598	100.0	103.0	3.0	2	0.0	1.0	1.4907119849998598	100	0	100	0	101.5	-1.5	-1.5
empirical	user_msa	LOC_Os02g07490_LOC_Os02g07490.1	LOC_Os02g07490_LOC_Os02g07490.1	187	187	unique	187	187	187	0.4473684210526316	9	419	109.77777777777777	8.765814632584897	100.0	118.0	18.0	3	0.0	1.0	8.765814632584897	118	0	118	0	108.75	9.25	9.25
empirical	user_msa	LOC_Os02g07490_LOC_Os02g07490.1	LOC_Os02g07490_LOC_Os02g07490.1	188	188	unique	188	188	188	0.44976076555023925	9	419	104.55555555555556	3.095197394929804	100.0	110.0	10.0	4	0.0	1.0	3.095197394929804	100	0	100	0	105.125	-5.125	-5.125
empirical	user_msa	LOC_Os02g07490_LOC_Os02g07490.1	LOC_Os02g07490_LOC_Os02g07490.1	189	189	unique	189	189	189	0.45215311004784686	9	419	81.22222222222223	0.628539361054709	81.0	83.0	2.0	2	0.0	1.0	0.628539361054709	83	0	83	0	81.0	2.0	2.0
empirical	user_msa	LOC_Os02g07490_LOC_Os02g07490.1	LOC_Os02g07490_LOC_Os02g07490.1	190	190	unique	190	190	190	0.45454545454545453	9	419	122.44444444444444	10.056629776875344	94.0	126.0	32.0	2	0.0	1.0	10.056629776875344	126	0	126	0	122.0	4.0	4.0
empirical	user_msa	LOC_Os02g07490_LOC_Os02g07490.1	LOC_Os02g07490_LOC_Os02g07490.1	191	191	unique	191	191	191	0.4569377990430622	9	419	66.0	0.0	66.0	66.0	0.0	1	0.0	1.0	0.0	66	0	66	0	66.0	0.0	0.0
empirical	user_msa	LOC_Os02g07490_LOC_Os02g07490.1	LOC_Os02g07490_LOC_Os02g07490.1	192	192	unique	192	192	192	0.45933014354066987	9	419	106.77777777777777	1.1331154474650633	105.0	109.0	4.0	3	0.0	1.0	1.1331154474650633	105	0	105	0	107.0	-2.0	-2.0
empirical	user_msa	LOC_Os02g07490_LOC_Os02g07490.1	LOC_Os02g07490_LOC_Os02g07490.1	193	193	unique	193	193	193	0.46172248803827753	9	419	103.66666666666667	9.428090415820634	77.0	107.0	30.0	2	0.0	1.0	9.428090415820634	107	0	107	0	103.25	3.75	3.75
empirical	user_msa	LOC_Os02g07490_LOC_Os02g07490.1	LOC_Os02g07490_LOC_Os02g07490.1	194	194	unique	194	194	194	0.46411483253588515	9	419	97.77777777777777	10.962337319484966	67.0	103.0	36.0	4	0.0	1.0	10.962337319484966	103	0	103	0	97.125	5.875	5.875
empirical	user_msa	LOC_Os02g07490_LOC_Os02g07490.1	LOC_Os02g07490_LOC_Os02g07490.1	195	195	unique	195	195	195	0.4665071770334928	9	419	68.77777777777777	10.019733615640442	64.0	97.0	33.0	3	0.0	1.0	10.019733615640442	66	0	66	0	69.125	-3.125	-3.125
empirical	user_msa	LOC_Os02g07490_LOC_Os02g07490.1	LOC_Os02g07490_LOC_Os02g07490.1	196	196	unique	196	196	196	0.4688995215311005	9	419	64.88888888888889	0.9938079899999066	64.0	66.0	2.0	2	0.0	1.0	0.9938079899999066	64	0	64	0	65.0	-1.0	-1.0
empirical	user_msa	LOC_Os02g07490_LOC_Os02g07490.1	LOC_Os02g07490_LOC_Os02g07490.1	197	197	unique	197	197	197	0.47129186602870815	9	419	112.0	5.312459150169742	110.0	127.0	17.0	3	0.0	1.0	5.312459150169742	111	0	111	0	112.125	-1.125	-1.125
empirical	user_msa	LOC_Os02g07490_LOC_Os02g07490.1	LOC_Os02g07490_LOC_Os02g07490.1	198	198	unique	198	198	198	0.47368421052631576	9	419	109.11111111111111	1.5234788000891208	105.0	110.0	5.0	3	0.0	1.0	1.5234788000891208	110	0	110	0	109.0	1.0	1.0
empirical	user_msa	LOC_Os02g07490_LOC_Os02g07490.1	LOC_Os02g07490_LOC_Os02g07490.1	199	199	unique	199	199	199	0.47607655502392343	9	419	8.777777777777779	24.827304761661	0.0	79.0	79.0	2	0.8888888888888888	0.1111111111111111	24.827304761661	0	1	0	1	9.875	-9.875	-9.875
empirical	user_msa	LOC_Os02g07490_LOC_Os02g07490.1	LOC_Os02g07490_LOC_Os02g07490.1	200	200	unique	200	200	200	0.4784688995215311	9	419	80.22222222222223	10.891156226526975	76.0	111.0	35.0	3	0.0	1.0	10.891156226526975	76	0	76	0	80.75	-4.75	-4.75
empirical	user_msa	LOC_Os02g07490_LOC_Os02g07490.1	LOC_Os02g07490_LOC_Os02g07490.1	201	201	unique	201	201	201	0.48086124401913877	9	419	116.66666666666667	6.599663291074443	98.0	119.0	21.0	2	0.0	1.0	6.599663291074443	119	0	119	0	116.375	2.625	2.625
empirical	user_msa	LOC_Os02g07490_LOC_Os02g07490.1	LOC_Os02g07490_LOC_Os02g07490.1	202	202	unique	202	202	202	0.48325358851674644	9	419	103.11111111111111	1.6629588385661962	100.0	107.0	7.0	3	0.0	1.0	1.6629588385661962	103	0	103	0	103.125	-0.125	-0.125
empirical	user_msa	LOC_Os02g07490_LOC_Os02g07490.1	LOC_Os02g07490_LOC_Os02g07490.1	203	203	unique	203	203	203	0.48564593301435405	9	419	85.11111111111111	3.1426968052735442	84.0	94.0	10.0	2	0.0	1.0	3.1426968052735442	84	0	84	0	85.25	-1.25	-1.25
empirical	user_msa	LOC_Os02g07490_LOC_Os02g07490.1	LOC_Os02g07490_LOC_Os02g07490.1	204	204	unique	204	204	204	0.4880382775119617	9	419	97.77777777777777	21.096486162275028	73.0	117.0	44.0	4	0.0	1.0	21.096486162275028	116	0	116	0	95.5	20.5	20.5
empirical	user_msa	LOC_Os02g07490_LOC_Os02g07490.1	LOC_Os02g07490_LOC_Os02g07490.1	205	205	unique	205	205	205	0.4904306220095694	9	419	84.88888888888889	17.64743887269289	64.0	103.0	39.0	4	0.0	1.0	17.64743887269289	100	0	100	0	83.0	17.0	17.0
empirical	user_msa	LOC_Os02g07490_LOC_Os02g07490.1	LOC_Os02g07490_LOC_Os02g07490.1	206	206	unique	206	206	206	0.49282296650717705	9	419	95.66666666666667	9.428090415820634	69.0	99.0	30.0	2	0.0	1.0	9.428090415820634	99	0	99	0	95.25	3.75	3.75
empirical	user_msa	LOC_Os02g07490_LOC_Os02g07490.1	LOC_Os02g07490_LOC_Os02g07490.1	207	207	unique	207	207	207	0.49521531100478466	9	419	103.88888888888889	2.514157444218836	103.0	111.0	8.0	2	0.0	1.0	2.514157444218836	103	0	103	0	104.0	-1.0	-1.0
empirical	user_msa	LOC_Os02g07490_LOC_Os02g07490.1	LOC_Os02g07490_LOC_Os02g07490.1	208	208	unique	208	208	208	0.49760765550239233	9	419	84.33333333333333	0.6666666666666666	83.0	85.0	2.0	3	0.0	1.0	0.6666666666666666	84	0	84	0	84.375	-0.375	-0.375
empirical	user_msa	LOC_Os02g07490_LOC_Os02g07490.1	LOC_Os02g07490_LOC_Os02g07490.1	209	209	unique	209	209	209	0.5	9	419	80.77777777777777	7.856742013183861	78.0	103.0	25.0	2	0.0	1.0	7.856742013183861	78	0	78	0	81.125	-3.125	-3.125
empirical	user_msa	LOC_Os02g07490_LOC_Os02g07490.1	LOC_Os02g07490_LOC_Os02g07490.1	210	210	unique	210	210	210	0.5023923444976076	9	419	117.66666666666667	17.46106780494506	77.0	127.0	50.0	4	0.0	1.0	17.46106780494506	127	0	127	0	116.5	10.5	10.5
empirical	user_msa	LOC_Os02g07490_LOC_Os02g07490.1	LOC_Os02g07490_LOC_Os02g07490.1	211	211	unique	211	211	211	0.5047846889952153	9	419	97.66666666666667	34.53178889725298	0.0	110.0	110.0	3	0.1111111111111111	0.8888888888888888	34.53178889725298	109	0	109	0	96.25	12.75	12.75
empirical	user_msa	LOC_Os02g07490_LOC_Os02g07490.1	LOC_Os02g07490_LOC_Os02g07490.1	212	212	unique	212	212	212	0.507177033492823	9	419	98.66666666666667	34.883934538536344	0.0	111.0	111.0	2	0.1111111111111111	0.8888888888888888	34.883934538536344	111	0	111	0	97.125	13.875	13.875
empirical	user_msa	LOC_Os02g07490_LOC_Os02g07490.1	LOC_Os02g07490_LOC_Os02g07490.1	213	213	unique	213	213	213	0.5095693779904307	9	419	93.44444444444444	33.0659647476277	0.0	107.0	107.0	3	0.1111111111111111	0.8888888888888888	33.0659647476277	104	0	104	0	92.125	11.875	11.875
empirical	user_msa	LOC_Os02g07490_LOC_Os02g07490.1	LOC_Os02g07490_LOC_Os02g07490.1	214	214	unique	214	214	214	0.5119617224880383	9	419	96.33333333333333	34.06203491017855	0.0	109.0	109.0	3	0.1111111111111111	0.8888888888888888	34.06203491017855	108	0	108	0	94.875	13.125	13.125
empirical	user_msa	LOC_Os02g07490_LOC_Os02g07490.1	LOC_Os02g07490_LOC_Os02g07490.1	215	215	unique	215	215	215	0.5143540669856459	9	419	59.55555555555556	21.05606859533275	0.0	67.0	67.0	2	0.1111111111111111	0.8888888888888888	21.05606859533275	67	0	67	0	58.625	8.375	8.375
empirical	user_msa	LOC_Os02g07490_LOC_Os02g07490.1	LOC_Os02g07490_LOC_Os02g07490.1	216	216	unique	216	216	216	0.5167464114832536	9	419	87.11111111111111	30.798428691680737	0.0	98.0	98.0	2	0.1111111111111111	0.8888888888888888	30.798428691680737	98	0	98	0	85.75	12.25	12.25
empirical	user_msa	LOC_Os02g07490_LOC_Os02g07490.1	LOC_Os02g07490_LOC_Os02g07490.1	217	217	unique	217	217	217	0.5191387559808612	9	419	73.55555555555556	28.948656123523673	0.0	99.0	99.0	5	0.1111111111111111	0.8888888888888888	28.948656123523673	66	0	66	0	74.5	-8.5	-8.5
empirical	user_msa	LOC_Os02g07490_LOC_Os02g07490.1	LOC_Os02g07490_LOC_Os02g07490.1	218	218	unique	218	218	218	0.5215311004784688	9	419	62.55555555555556	22.34632015995828	0.0	73.0	73.0	3	0.1111111111111111	0.8888888888888888	22.34632015995828	73	0	73	0	61.25	11.75	11.75
empirical	user_msa	LOC_Os02g07490_LOC_Os02g07490.1	LOC_Os02g07490_LOC_Os02g07490.1	219	219	unique	219	219	219	0.5239234449760766	9	419	100.88888888888889	35.678952539571384	0.0	115.0	115.0	3	0.1111111111111111	0.8888888888888888	35.678952539571384	115	0	115	0	99.125	15.875	15.875
empirical	user_msa	LOC_Os02g07490_LOC_Os02g07490.1	LOC_Os02g07490_LOC_Os02g07490.1	220	220	unique	220	220	220	0.5263157894736842	9	419	77.77777777777777	30.6441140905568	0.0	99.0	99.0	4	0.1111111111111111	0.8888888888888888	30.6441140905568	99	0	99	0	75.125	23.875	23.875
empirical	user_msa	LOC_Os02g07490_LOC_Os02g07490.1	LOC_Os02g07490_LOC_Os02g07490.1	221	221	unique	221	221	221	0.5287081339712919	9	419	86.11111111111111	33.50105950047432	0.0	116.0	116.0	4	0.1111111111111111	0.8888888888888888	33.50105950047432	87	0	87	0	86.0	1.0	1.0
empirical	user_msa	LOC_Os02g07490_LOC_Os02g07490.1	LOC_Os02g07490_LOC_Os02g07490.1	222	222	unique	222	222	222	0.5311004784688995	9	419	68.77777777777777	28.232281671785966	0.0	97.0	97.0	4	0.1111111111111111	0.8888888888888888	28.232281671785966	64	0	64	0	69.375	-5.375	-5.375
empirical	user_msa	LOC_Os02g07490_LOC_Os02g07490.1	LOC_Os02g07490_LOC_Os02g07490.1	223	223	unique	223	223	223	0.5334928229665071	9	419	69.66666666666667	24.63511495586917	0.0	79.0	79.0	3	0.1111111111111111	0.8888888888888888	24.63511495586917	78	0	78	0	68.625	9.375	9.375
empirical	user_msa	LOC_Os02g07490_LOC_Os02g07490.1	LOC_Os02g07490_LOC_Os02g07490.1	224	224	unique	224	224	224	0.5358851674641149	9	419	58.888888888888886	20.840369182294275	0.0	67.0	67.0	3	0.1111111111111111	0.8888888888888888	20.840369182294275	67	0	67	0	57.875	9.125	9.125
empirical	user_msa	LOC_Os02g07490_LOC_Os02g07490.1	LOC_Os02g07490_LOC_Os02g07490.1	225	225	unique	225	225	225	0.5382775119617225	9	419	88.0	34.37053001240064	0.0	111.0	111.0	3	0.1111111111111111	0.8888888888888888	34.37053001240064	111	0	111	0	85.125	25.875	25.875
empirical	user_msa	LOC_Os02g07490_LOC_Os02g07490.1	LOC_Os02g07490_LOC_Os02g07490.1	226	226	unique	226	226	226	0.5406698564593302	9	419	98.0	34.66025581748256	0.0	111.0	111.0	3	0.1111111111111111	0.8888888888888888	34.66025581748256	111	0	111	0	96.375	14.625	14.625
empirical	user_msa	LOC_Os02g07490_LOC_Os02g07490.1	LOC_Os02g07490_LOC_Os02g07490.1	227	227	unique	227	227	227	0.5430622009569378	9	419	104.77777777777777	37.0698373277544	0.0	119.0	119.0	3	0.1111111111111111	0.8888888888888888	37.0698373277544	119	0	119	0	103.0	16.0	16.0
empirical	user_msa	LOC_Os02g07490_LOC_Os02g07490.1	LOC_Os02g07490_LOC_Os02g07490.1	228	228	unique	228	228	228	0.5454545454545454	9	419	59.333333333333336	20.986768318262925	0.0	67.0	67.0	3	0.1111111111111111	0.8888888888888888	20.986768318262925	65	0	65	0	58.625	6.375	6.375
empirical	user_msa	LOC_Os02g07490_LOC_Os02g07490.1	LOC_Os02g07490_LOC_Os02g07490.1	229	229	unique	229	229	229	0.5478468899521531	9	419	89.88888888888889	31.81000696651726	0.0	103.0	103.0	3	0.1111111111111111	0.8888888888888888	31.81000696651726	100	0	100	0	88.625	11.375	11.375
empirical	user_msa	LOC_Os02g07490_LOC_Os02g07490.1	LOC_Os02g07490_LOC_Os02g07490.1	230	230	unique	230	230	230	0.5502392344497608	9	419	66.0	23.35237318418266	0.0	75.0	75.0	3	0.1111111111111111	0.8888888888888888	23.35237318418266	75	0	75	0	64.875	10.125	10.125
empirical	user_msa	LOC_Os02g07490_LOC_Os02g07490.1	LOC_Os02g07490_LOC_Os02g07490.1	231	231	unique	231	231	231	0.5526315789473685	9	419	108.22222222222223	38.273221789821136	0.0	123.0	123.0	3	0.1111111111111111	0.8888888888888888	38.273221789821136	123	0	123	0	106.375	16.625	16.625
empirical	user_msa	LOC_Os02g07490_LOC_Os02g07490.1	LOC_Os02g07490_LOC_Os02g07490.1	232	232	unique	232	232	232	0.5550239234449761	9	419	61.44444444444444	21.736355163699113	0.0	71.0	71.0	4	0.1111111111111111	0.8888888888888888	21.736355163699113	71	0	71	0	60.25	10.75	10.75
empirical	user_msa	LOC_Os02g07490_LOC_Os02g07490.1	LOC_Os02g07490_LOC_Os02g07490.1	233	233	unique	233	233	233	0.5574162679425837	9	419	61.55555555555556	21.802706820286286	0.0	71.0	71.0	4	0.1111111111111111	0.8888888888888888	21.802706820286286	69	0	69	0	60.625	8.375	8.375
empirical	user_msa	LOC_Os02g07490_LOC_Os02g07490.1	LOC_Os02g07490_LOC_Os02g07490.1	234	234	unique	234	234	234	0.5598086124401914	9	419	58.666666666666664	20.763215336529917	0.0	67.0	67.0	3	0.1111111111111111	0.8888888888888888	20.763215336529917	65	0	65	0	57.875	7.125	7.125
empirical	user_msa	LOC_Os02g07490_LOC_Os02g07490.1	LOC_Os02g07490_LOC_Os02g07490.1	235	235	unique	235	235	235	0.562200956937799	9	419	109.33333333333333	38.655170704864595	0.0	123.0	123.0	2	0.1111111111111111	0.8888888888888888	38.655170704864595	123	0	123	0	107.625	15.375	15.375
empirical	user_msa	LOC_Os02g07490_LOC_Os02g07490.1	LOC_Os02g07490_LOC_Os02g07490.1	236	236	unique	236	236	236	0.5645933014354066	9	419	84.22222222222223	29.783581523971588	0.0	95.0	95.0	3	0.1111111111111111	0.8888888888888888	29.783581523971588	95	0	95	0	82.875	12.125	12.125
empirical	user_msa	LOC_Os02g07490_LOC_Os02g07490.1	LOC_Os02g07490_LOC_Os02g07490.1	237	237	unique	237	237	237	0.5669856459330144	9	419	91.55555555555556	32.369777094317506	0.0	103.0	103.0	2	0.1111111111111111	0.8888888888888888	32.369777094317506	103	0	103	0	90.125	12.875	12.875
empirical	user_msa	LOC_Os02g07490_LOC_Os02g07490.1	LOC_Os02g07490_LOC_Os02g07490.1	238	238	unique	238	238	238	0.569377990430622	9	419	76.55555555555556	27.080583906026803	0.0	87.0	87.0	4	0.1111111111111111	0.8888888888888888	27.080583906026803	87	0	87	0	75.25	11.75	11.75
empirical	user_msa	LOC_Os02g07490_LOC_Os02g07490.1	LOC_Os02g07490_LOC_Os02g07490.1	239	239	unique	239	239	239	0.5717703349282297	9	419	84.44444444444444	29.85561965009867	0.0	95.0	95.0	2	0.1111111111111111	0.8888888888888888	29.85561965009867	95	0	95	0	83.125	11.875	11.875
empirical	user_msa	LOC_Os02g07490_LOC_Os02g07490.1	LOC_Os02g07490_LOC_Os02g07490.1	240	240	unique	240	240	240	0.5741626794258373	9	419	90.44444444444444	31.989967563149513	0.0	103.0	103.0	3	0.1111111111111111	0.8888888888888888	31.989967563149513	101	0	101	0	89.125	11.875	11.875
empirical	user_msa	LOC_Os02g07490_LOC_Os02g07490.1	LOC_Os02g07490_LOC_Os02g07490.1	241	241	unique	241	241	241	0.5765550239234449	9	419	58.666666666666664	20.741798914805393	0.0	66.0	66.0	2	0.1111111111111111	0.8888888888888888	20.741798914805393	66	0	66	0	57.75	8.25	8.25
empirical	user_msa	LOC_Os02g07490_LOC_Os02g07490.1	LOC_Os02g07490_LOC_Os02g07490.1	242	242	unique	242	242	242	0.5789473684210527	9	419	98.0	34.66025581748256	0.0	111.0	111.0	3	0.1111111111111111	0.8888888888888888	34.66025581748256	111	0	111	0	96.375	14.625	14.625
empirical	user_msa	LOC_Os02g07490_LOC_Os02g07490.1	LOC_Os02g07490_LOC_Os02g07490.1	243	243	unique	243	243	243	0.5813397129186603	9	419	87.55555555555556	34.08196365988292	0.0	111.0	111.0	4	0.1111111111111111	0.8888888888888888	34.08196365988292	109	0	109	0	84.875	24.125	24.125
empirical	user_msa	LOC_Os02g07490_LOC_Os02g07490.1	LOC_Os02g07490_LOC_Os02g07490.1	244	244	unique	244	244	244	0.583732057416268	9	419	68.44444444444444	25.276739905433093	0.0	83.0	83.0	3	0.1111111111111111	0.8888888888888888	25.276739905433093	83	0	83	0	66.625	16.375	16.375
empirical	user_msa	LOC_Os02g07490_LOC_Os02g07490.1	LOC_Os02g07490_LOC_Os02g07490.1	245	245	unique	245	245	245	0.5861244019138756	9	419	86.55555555555556	30.60904409234162	0.0	98.0	98.0	4	0.1111111111111111	0.8888888888888888	30.60904409234162	98	0	98	0	85.125	12.875	12.875
empirical	user_msa	LOC_Os02g07490_LOC_Os02g07490.1	LOC_Os02g07490_LOC_Os02g07490.1	246	246	unique	246	246	246	0.5885167464114832	9	419	75.66666666666667	29.847761874031512	0.0	96.0	96.0	3	0.1111111111111111	0.8888888888888888	29.847761874031512	96	0	96	0	73.125	22.875	22.875
empirical	user_msa	LOC_Os02g07490_LOC_Os02g07490.1	LOC_Os02g07490_LOC_Os02g07490.1	247	247	unique	247	247	247	0.5909090909090909	9	419	112.88888888888889	39.912249426974014	0.0	127.0	127.0	2	0.1111111111111111	0.8888888888888888	39.912249426974014	127	0	127	0	111.125	15.875	15.875
empirical	user_msa	LOC_Os02g07490_LOC_Os02g07490.1	LOC_Os02g07490_LOC_Os02g07490.1	248	248	unique	248	248	248	0.5933014354066986	9	419	93.66666666666667	33.11931292899792	0.0	106.0	106.0	3	0.1111111111111111	0.8888888888888888	33.11931292899792	105	0	105	0	92.25	12.75	12.75
empirical	user_msa	LOC_Os02g07490_LOC_Os02g07490.1	LOC_Os02g07490_LOC_Os02g07490.1	249	249	unique	249	249	249	0.5956937799043063	9	419	70.22222222222223	24.827304761661	0.0	79.0	79.0	2	0.1111111111111111	0.8888888888888888	24.827304761661	79	0	79	0	69.125	9.875	9.875
empirical	user_msa	LOC_Os02g07490_LOC_Os02g07490.1	LOC_Os02g07490_LOC_Os02g07490.1	250	250	unique	250	250	250	0.5980861244019139	9	419	93.33333333333333	33.796778281697534	0.0	111.0	111.0	3	0.1111111111111111	0.8888888888888888	33.796778281697534	111	0	111	0	91.125	19.875	19.875
empirical	user_msa	LOC_Os02g07490_LOC_Os02g07490.1	LOC_Os02g07490_LOC_Os02g07490.1	251	251	unique	251	251	251	0.6004784688995215	9	419	86.44444444444444	30.576356556118874	0.0	98.0	98.0	3	0.1111111111111111	0.8888888888888888	30.576356556118874	98	0	98	0	85.0	13.0	13.0
empirical	user_msa	LOC_Os02g07490_LOC_Os02g07490.1	LOC_Os02g07490_LOC_Os02g07490.1	252	252	unique	252	252	252	0.6028708133971292	9	419	95.11111111111111	33.626855816426925	0.0	107.0	107.0	2	0.1111111111111111	0.8888888888888888	33.626855816426925	107	0	107	0	93.625	13.375	13.375
empirical	user_msa	LOC_Os02g07490_LOC_Os02g07490.1	LOC_Os02g07490_LOC_Os02g07490.1	253	253	unique	253	253	253	0.6052631578947368	9	419	82.55555555555556	29.20087940498867	0.0	94.0	94.0	4	0.1111111111111111	0.8888888888888888	29.20087940498867	93	0	93	0	81.25	11.75	11.75
empirical	user_msa	LOC_Os02g07490_LOC_Os02g07490.1	LOC_Os02g07490_LOC_Os02g07490.1	254	254	unique	254	254	254	0.6076555023923444	9	419	69.33333333333333	24.513035081133648	0.0	78.0	78.0	2	0.1111111111111111	0.8888888888888888	24.513035081133648	78	0	78	0	68.25	9.75	9.75
empirical	user_msa	LOC_Os02g07490_LOC_Os02g07490.1	LOC_Os02g07490_LOC_Os02g07490.1	255	255	unique	255	255	255	0.6100478468899522	9	419	61.666666666666664	21.8428732338745	0.0	71.0	71.0	4	0.1111111111111111	0.8888888888888888	21.8428732338745	68	0	68	0	60.875	7.125	7.125
empirical	user_msa	LOC_Os02g07490_LOC_Os02g07490.1	LOC_Os02g07490_LOC_Os02g07490.1	256	256	unique	256	256	256	0.6124401913875598	9	419	62.77777777777778	22.199988877763868	0.0	71.0	71.0	3	0.1111111111111111	0.8888888888888888	22.199988877763868	71	0	71	0	61.75	9.25	9.25
empirical	user_msa	LOC_Os02g07490_LOC_Os02g07490.1	LOC_Os02g07490_LOC_Os02g07490.1	257	257	unique	257	257	257	0.6148325358851675	9	419	98.66666666666667	34.883934538536344	0.0	111.0	111.0	2	0.1111111111111111	0.8888888888888888	34.883934538536344	111	0	111	0	97.125	13.875	13.875
empirical	user_msa	LOC_Os02g07490_LOC_Os02g07490.1	LOC_Os02g07490_LOC_Os02g07490.1	258	258	unique	258	258	258	0.6172248803827751	9	419	73.11111111111111	25.8647956558908	0.0	83.0	83.0	3	0.1111111111111111	0.8888888888888888	25.8647956558908	83	0	83	0	71.875	11.125	11.125
empirical	user_msa	LOC_Os02g07490_LOC_Os02g07490.1	LOC_Os02g07490_LOC_Os02g07490.1	259	259	unique	259	259	259	0.6196172248803827	9	419	89.44444444444444	31.626680407217048	0.0	101.0	101.0	3	0.1111111111111111	0.8888888888888888	31.626680407217048	101	0	101	0	88.0	13.0	13.0
empirical	user_msa	LOC_Os02g07490_LOC_Os02g07490.1	LOC_Os02g07490_LOC_Os02g07490.1	260	260	unique	260	260	260	0.6220095693779905	9	419	63.44444444444444	22.804049889395188	0.0	77.0	77.0	3	0.1111111111111111	0.8888888888888888	22.804049889395188	68	0	68	0	62.875	5.125	5.125
empirical	user_msa	LOC_Os02g07490_LOC_Os02g07490.1	LOC_Os02g07490_LOC_Os02g07490.1	261	261	unique	261	261	261	0.6244019138755981	9	419	68.33333333333333	0.9428090415820634	68.0	71.0	3.0	2	0.0	1.0	0.9428090415820634	68	0	68	0	68.375	-0.375	-0.375
empirical	user_msa	LOC_Os02g07490_LOC_Os02g07490.1	LOC_Os02g07490_LOC_Os02g07490.1	262	262	unique	262	262	262	0.6267942583732058	9	419	101.88888888888889	0.9938079899999066	101.0	103.0	2.0	2	0.0	1.0	0.9938079899999066	101	0	101	0	102.0	-1.0	-1.0
empirical	user_msa	LOC_Os02g07490_LOC_Os02g07490.1	LOC_Os02g07490_LOC_Os02g07490.1	263	263	unique	263	263	263	0.6291866028708134	9	419	69.0	0.0	69.0	69.0	0.0	1	0.0	1.0	0.0	69	0	69	0	69.0	0.0	0.0
empirical	user_msa	LOC_Os02g07490_LOC_Os02g07490.1	LOC_Os02g07490_LOC_Os02g07490.1	264	264	unique	264	264	264	0.631578947368421	9	419	80.66666666666667	0.9428090415820634	80.0	82.0	2.0	2	0.0	1.0	0.9428090415820634	82	0	82	0	80.5	1.5	1.5
empirical	user_msa	LOC_Os02g07490_LOC_Os02g07490.1	LOC_Os02g07490_LOC_Os02g07490.1	265	265	unique	265	265	265	0.6339712918660287	9	419	66.0	0.0	66.0	66.0	0.0	1	0.0	1.0	0.0	66	0	66	0	66.0	0.0	0.0
empirical	user_msa	LOC_Os02g07490_LOC_Os02g07490.1	LOC_Os02g07490_LOC_Os02g07490.1	266	266	unique	266	266	266	0.6363636363636364	9	419	71.0	0.0	71.0	71.0	0.0	1	0.0	1.0	0.0	71	0	71	0	71.0	0.0	0.0
empirical	user_msa	LOC_Os02g07490_LOC_Os02g07490.1	LOC_Os02g07490_LOC_Os02g07490.1	267	267	unique	267	267	267	0.638755980861244	9	419	109.77777777777777	1.3966450099973928	108.0	111.0	3.0	3	0.0	1.0	1.3966450099973928	109	0	109	0	109.875	-0.875	-0.875
empirical	user_msa	LOC_Os02g07490_LOC_Os02g07490.1	LOC_Os02g07490_LOC_Os02g07490.1	268	268	unique	268	268	268	0.6411483253588517	9	419	99.0	0.0	99.0	99.0	0.0	1	0.0	1.0	0.0	99	0	99	0	99.0	0.0	0.0
empirical	user_msa	LOC_Os02g07490_LOC_Os02g07490.1	LOC_Os02g07490_LOC_Os02g07490.1	269	269	unique	269	269	269	0.6435406698564593	9	419	105.66666666666667	1.3333333333333333	104.0	107.0	3.0	4	0.0	1.0	1.3333333333333333	105	0	105	0	105.75	-0.75	-0.75
empirical	user_msa	LOC_Os02g07490_LOC_Os02g07490.1	LOC_Os02g07490_LOC_Os02g07490.1	270	270	unique	270	270	270	0.645933014354067	9	419	86.66666666666667	0.6666666666666666	85.0	87.0	2.0	3	0.0	1.0	0.6666666666666666	87	0	87	0	86.625	0.375	0.375
empirical	user_msa	LOC_Os02g07490_LOC_Os02g07490.1	LOC_Os02g07490_LOC_Os02g07490.1	271	271	unique	271	271	271	0.6483253588516746	9	419	117.0	1.4142135623730951	116.0	119.0	3.0	2	0.0	1.0	1.4142135623730951	116	0	116	0	117.125	-1.125	-1.125
empirical	user_msa	LOC_Os02g07490_LOC_Os02g07490.1	LOC_Os02g07490_LOC_Os02g07490.1	272	272	unique	272	272	272	0.6507177033492823	9	419	79.11111111111111	8.7488976377909	73.0	103.0	30.0	3	0.0	1.0	8.7488976377909	78	0	78	0	79.25	-1.25	-1.25
empirical	user_msa	LOC_Os02g07490_LOC_Os02g07490.1	LOC_Os02g07490_LOC_Os02g07490.1	273	273	unique	273	273	273	0.65311004784689	9	419	65.11111111111111	0.9938079899999066	64.0	66.0	2.0	2	0.0	1.0	0.9938079899999066	64	0	64	0	65.25	-1.25	-1.25
empirical	user_msa	LOC_Os02g07490_LOC_Os02g07490.1	LOC_Os02g07490_LOC_Os02g07490.1	274	274	unique	274	274	274	0.6555023923444976	9	419	97.88888888888889	0.9938079899999066	97.0	99.0	2.0	2	0.0	1.0	0.9938079899999066	99	0	99	0	97.75	1.25	1.25
empirical	user_msa	LOC_Os02g07490_LOC_Os02g07490.1	LOC_Os02g07490_LOC_Os02g07490.1	275	275	unique	275	275	275	0.6578947368421053	9	419	122.0	0.0	122.0	122.0	0.0	1	0.0	1.0	0.0	122	0	122	0	122.0	0.0	0.0
empirical	user_msa	LOC_Os02g07490_LOC_Os02g07490.1	LOC_Os02g07490_LOC_Os02g07490.1	276	276	unique	276	276	276	0.6602870813397129	9	419	72.88888888888889	0.9938079899999066	72.0	74.0	2.0	2	0.0	1.0	0.9938079899999066	72	0	72	0	73.0	-1.0	-1.0
empirical	user_msa	LOC_Os02g07490_LOC_Os02g07490.1	LOC_Os02g07490_LOC_Os02g07490.1	277	277	unique	277	277	277	0.6626794258373205	9	419	105.66666666666667	1.4907119849998598	104.0	107.0	3.0	2	0.0	1.0	1.4907119849998598	104	0	104	0	105.875	-1.875	-1.875
empirical	user_msa	LOC_Os02g07490_LOC_Os02g07490.1	LOC_Os02g07490_LOC_Os02g07490.1	278	278	unique	278	278	278	0.6650717703349283	9	419	104.77777777777777	0.7856742013183862	104.0	106.0	2.0	3	0.0	1.0	0.7856742013183862	106	0	106	0	104.625	1.375	1.375
empirical	user_msa	LOC_Os02g07490_LOC_Os02g07490.1	LOC_Os02g07490_LOC_Os02g07490.1	279	279	unique	279	279	279	0.6674641148325359	9	419	83.44444444444444	8.447367914999205	74.0	91.0	17.0	2	0.0	1.0	8.447367914999205	91	0	91	0	82.5	8.5	8.5
empirical	user_msa	LOC_Os02g07490_LOC_Os02g07490.1	LOC_Os02g07490_LOC_Os02g07490.1	280	280	unique	280	280	280	0.6698564593301436	9	419	105.22222222222223	1.9876159799998132	103.0	107.0	4.0	2	0.0	1.0	1.9876159799998132	107	0	107	0	105.0	2.0	2.0
empirical	user_msa	LOC_Os02g07490_LOC_Os02g07490.1	LOC_Os02g07490_LOC_Os02g07490.1	281	281	unique	281	281	281	0.6722488038277512	9	419	102.33333333333333	0.9428090415820634	101.0	103.0	2.0	2	0.0	1.0	0.9428090415820634	103	0	103	0	102.25	0.75	0.75
empirical	user_msa	LOC_Os02g07490_LOC_Os02g07490.1	LOC_Os02g07490_LOC_Os02g07490.1	282	282	unique	282	282	282	0.6746411483253588	9	419	91.22222222222223	16.34202338742243	73.0	107.0	34.0	4	0.0	1.0	16.34202338742243	103	0	103	0	89.75	13.25	13.25
empirical	user_msa	LOC_Os02g07490_LOC_Os02g07490.1	LOC_Os02g07490_LOC_Os02g07490.1	283	283	unique	283	283	283	0.6770334928229665	9	419	100.66666666666667	23.11324776447962	80.0	127.0	47.0	3	0.0	1.0	23.11324776447962	80	0	80	0	103.25	-23.25	-23.25
empirical	user_msa	LOC_Os02g07490_LOC_Os02g07490.1	LOC_Os02g07490_LOC_Os02g07490.1	284	284	unique	284	284	284	0.6794258373205742	9	419	65.0	0.0	65.0	65.0	0.0	1	0.0	1.0	0.0	65	0	65	0	65.0	0.0	0.0
empirical	user_msa	LOC_Os02g07490_LOC_Os02g07490.1	LOC_Os02g07490_LOC_Os02g07490.1	285	285	unique	285	285	285	0.6818181818181818	9	419	76.55555555555556	0.4969039949999533	76.0	77.0	1.0	2	0.0	1.0	0.4969039949999533	76	0	76	0	76.625	-0.625	-0.625
empirical	user_msa	LOC_Os02g07490_LOC_Os02g07490.1	LOC_Os02g07490_LOC_Os02g07490.1	286	286	unique	286	286	286	0.6842105263157895	9	419	79.0	0.0	79.0	79.0	0.0	1	0.0	1.0	0.0	79	0	79	0	79.0	0.0	0.0
empirical	user_msa	LOC_Os02g07490_LOC_Os02g07490.1	LOC_Os02g07490_LOC_Os02g07490.1	287	287	unique	287	287	287	0.6866028708133971	9	419	86.0	1.4142135623730951	84.0	87.0	3.0	2	0.0	1.0	1.4142135623730951	87	0	87	0	85.875	1.125	1.125
empirical	user_msa	LOC_Os02g07490_LOC_Os02g07490.1	LOC_Os02g07490_LOC_Os02g07490.1	288	288	unique	288	288	288	0.6889952153110048	9	419	73.0	0.0	73.0	73.0	0.0	1	0.0	1.0	0.0	73	0	73	0	73.0	0.0	0.0
empirical	user_msa	LOC_Os02g07490_LOC_Os02g07490.1	LOC_Os02g07490_LOC_Os02g07490.1	289	289	unique	289	289	289	0.6913875598086124	9	419	97.44444444444444	21.863775779997944	73.0	117.0	44.0	2	0.0	1.0	21.863775779997944	117	0	117	0	95.0	22.0	22.0
empirical	user_msa	LOC_Os02g07490_LOC_Os02g07490.1	LOC_Os02g07490_LOC_Os02g07490.1	290	290	unique	290	290	290	0.69377990430622	9	419	70.33333333333333	0.9428090415820634	69.0	71.0	2.0	2	0.0	1.0	0.9428090415820634	71	0	71	0	70.25	0.75	0.75
empirical	user_msa	LOC_Os02g07490_LOC_Os02g07490.1	LOC_Os02g07490_LOC_Os02g07490.1	291	291	unique	291	291	291	0.6961722488038278	9	419	107.0	0.0	107.0	107.0	0.0	1	0.0	1.0	0.0	107	0	107	0	107.0	0.0	0.0
empirical	user_msa	LOC_Os02g07490_LOC_Os02g07490.1	LOC_Os02g07490_LOC_Os02g07490.1	292	292	unique	292	292	292	0.6985645933014354	9	419	101.11111111111111	1.3698697784375502	100.0	103.0	3.0	3	0.0	1.0	1.3698697784375502	100	0	100	0	101.25	-1.25	-1.25
empirical	user_msa	LOC_Os02g07490_LOC_Os02g07490.1	LOC_Os02g07490_LOC_Os02g07490.1	293	293	unique	293	293	293	0.7009569377990431	9	419	100.77777777777777	0.9162456945817024	100.0	103.0	3.0	3	0.0	1.0	0.9162456945817024	101	0	101	0	100.75	0.25	0.25
empirical	user_msa	LOC_Os02g07490_LOC_Os02g07490.1	LOC_Os02g07490_LOC_Os02g07490.1	294	294	unique	294	294	294	0.7033492822966507	9	419	66.0	0.0	66.0	66.0	0.0	1	0.0	1.0	0.0	66	0	66	0	66.0	0.0	0.0
empirical	user_msa	LOC_Os02g07490_LOC_Os02g07490.1	LOC_Os02g07490_LOC_Os02g07490.1	295	295	unique	295	295	295	0.7057416267942583	9	419	103.0	0.0	103.0	103.0	0.0	1	0.0	1.0	0.0	103	0	103	0	103.0	0.0	0.0
empirical	user_msa	LOC_Os02g07490_LOC_Os02g07490.1	LOC_Os02g07490_LOC_Os02g07490.1	296	296	unique	296	296	296	0.7081339712918661	9	419	110.33333333333333	0.9428090415820634	109.0	111.0	2.0	2	0.0	1.0	0.9428090415820634	111	0	111	0	110.25	0.75	0.75
empirical	user_msa	LOC_Os02g07490_LOC_Os02g07490.1	LOC_Os02g07490_LOC_Os02g07490.1	297	297	unique	297	297	297	0.7105263157894737	9	419	105.55555555555556	0.4969039949999533	105.0	106.0	1.0	2	0.0	1.0	0.4969039949999533	106	0	106	0	105.5	0.5	0.5
empirical	user_msa	LOC_Os02g07490_LOC_Os02g07490.1	LOC_Os02g07490_LOC_Os02g07490.1	298	298	unique	298	298	298	0.7129186602870813	9	419	64.88888888888889	0.9938079899999066	64.0	66.0	2.0	2	0.0	1.0	0.9938079899999066	64	0	64	0	65.0	-1.0	-1.0
empirical	user_msa	LOC_Os02g07490_LOC_Os02g07490.1	LOC_Os02g07490_LOC_Os02g07490.1	299	299	unique	299	299	299	0.715311004784689	9	419	110.0	0.9428090415820634	109.0	111.0	2.0	3	0.0	1.0	0.9428090415820634	109	0	109	0	110.125	-1.125	-1.125
empirical	user_msa	LOC_Os02g07490_LOC_Os02g07490.1	LOC_Os02g07490_LOC_Os02g07490.1	300	300	unique	300	300	300	0.7177033492822966	9	419	94.0	0.9428090415820634	93.0	95.0	2.0	3	0.0	1.0	0.9428090415820634	93	0	93	0	94.125	-1.125	-1.125
empirical	user_msa	LOC_Os02g07490_LOC_Os02g07490.1	LOC_Os02g07490_LOC_Os02g07490.1	301	301	unique	301	301	301	0.7200956937799043	9	419	87.0	0.0	87.0	87.0	0.0	1	0.0	1.0	0.0	87	0	87	0	87.0	0.0	0.0
empirical	user_msa	LOC_Os02g07490_LOC_Os02g07490.1	LOC_Os02g07490_LOC_Os02g07490.1	302	302	unique	302	302	302	0.722488038277512	9	419	102.66666666666667	5.96284793999944	98.0	111.0	13.0	3	0.0	1.0	5.96284793999944	98	0	98	0	103.25	-5.25	-5.25
empirical	user_msa	LOC_Os02g07490_LOC_Os02g07490.1	LOC_Os02g07490_LOC_Os02g07490.1	303	303	unique	303	303	303	0.7248803827751196	9	419	103.66666666666667	15.81841402360623	92.0	126.0	34.0	3	0.0	1.0	15.81841402360623	92	0	92	0	105.125	-13.125	-13.125
empirical	user_msa	LOC_Os02g07490_LOC_Os02g07490.1	LOC_Os02g07490_LOC_Os02g07490.1	304	304	unique	304	304	304	0.7272727272727273	9	419	66.77777777777777	0.628539361054709	65.0	67.0	2.0	2	0.0	1.0	0.628539361054709	67	0	67	0	66.75	0.25	0.25
empirical	user_msa	LOC_Os02g07490_LOC_Os02g07490.1	LOC_Os02g07490_LOC_Os02g07490.1	305	305	unique	305	305	305	0.7296650717703349	9	419	104.33333333333333	0.4714045207910317	104.0	105.0	1.0	2	0.0	1.0	0.4714045207910317	104	0	104	0	104.375	-0.375	-0.375
empirical	user_msa	LOC_Os02g07490_LOC_Os02g07490.1	LOC_Os02g07490_LOC_Os02g07490.1	306	306	unique	306	306	306	0.7320574162679426	9	419	66.0	0.0	66.0	66.0	0.0	1	0.0	1.0	0.0	66	0	66	0	66.0	0.0	0.0
empirical	user_msa	LOC_Os02g07490_LOC_Os02g07490.1	LOC_Os02g07490_LOC_Os02g07490.1	307	307	unique	307	307	307	0.7344497607655502	9	419	97.22222222222223	10.260796782769063	92.0	126.0	34.0	4	0.0	1.0	10.260796782769063	93	0	93	0	97.75	-4.75	-4.75
empirical	user_msa	LOC_Os02g07490_LOC_Os02g07490.1	LOC_Os02g07490_LOC_Os02g07490.1	308	308	unique	308	308	308	0.7368421052631579	9	419	71.0	0.0	71.0	71.0	0.0	1	0.0	1.0	0.0	71	0	71	0	71.0	0.0	0.0
empirical	user_msa	LOC_Os02g07490_LOC_Os02g07490.1	LOC_Os02g07490_LOC_Os02g07490.1	309	309	unique	309	309	309	0.7392344497607656	9	419	105.0	0.9428090415820634	104.0	107.0	3.0	4	0.0	1.0	0.9428090415820634	107	0	107	0	104.75	2.25	2.25
empirical	user_msa	LOC_Os02g07490_LOC_Os02g07490.1	LOC_Os02g07490_LOC_Os02g07490.1	310	310	unique	310	310	310	0.7416267942583732	9	419	78.0	0.0	78.0	78.0	0.0	1	0.0	1.0	0.0	78	0	78	0	78.0	0.0	0.0
empirical	user_msa	LOC_Os02g07490_LOC_Os02g07490.1	LOC_Os02g07490_LOC_Os02g07490.1	311	311	unique	311	311	311	0.7440191387559809	9	419	101.33333333333333	1.247219128924647	100.0	103.0	3.0	3	0.0	1.0	1.247219128924647	101	0	101	0	101.375	-0.375	-0.375
empirical	user_msa	LOC_Os02g07490_LOC_Os02g07490.1	LOC_Os02g07490_LOC_Os02g07490.1	312	312	unique	312	312	312	0.7464114832535885	9	419	125.0	0.0	125.0	125.0	0.0	1	0.0	1.0	0.0	125	0	125	0	125.0	0.0	0.0
empirical	user_msa	LOC_Os02g07490_LOC_Os02g07490.1	LOC_Os02g07490_LOC_Os02g07490.1	313	313	unique	313	313	313	0.7488038277511961	9	419	87.55555555555556	5.678636595191394	72.0	91.0	19.0	3	0.0	1.0	5.678636595191394	88	0	88	0	87.5	0.5	0.5
empirical	user_msa	LOC_Os02g07490_LOC_Os02g07490.1	LOC_Os02g07490_LOC_Os02g07490.1	314	314	unique	314	314	314	0.7511961722488039	9	419	111.0	0.0	111.0	111.0	0.0	1	0.0	1.0	0.0	111	0	111	0	111.0	0.0	0.0
empirical	user_msa	LOC_Os02g07490_LOC_Os02g07490.1	LOC_Os02g07490_LOC_Os02g07490.1	315	315	unique	315	315	315	0.7535885167464115	9	419	85.11111111111111	1.3698697784375502	84.0	87.0	3.0	3	0.0	1.0	1.3698697784375502	84	0	84	0	85.25	-1.25	-1.25
empirical	user_msa	LOC_Os02g07490_LOC_Os02g07490.1	LOC_Os02g07490_LOC_Os02g07490.1	316	316	unique	316	316	316	0.7559808612440191	9	419	69.55555555555556	1.4229164972072998	68.0	71.0	3.0	3	0.0	1.0	1.4229164972072998	68	0	68	0	69.75	-1.75	-1.75
empirical	user_msa	LOC_Os02g07490_LOC_Os02g07490.1	LOC_Os02g07490_LOC_Os02g07490.1	317	317	unique	317	317	317	0.7583732057416268	9	419	95.66666666666667	13.046923860520618	84.0	111.0	27.0	3	0.0	1.0	13.046923860520618	84	0	84	0	97.125	-13.125	-13.125
empirical	user_msa	LOC_Os02g07490_LOC_Os02g07490.1	LOC_Os02g07490_LOC_Os02g07490.1	318	318	unique	318	318	318	0.7607655502392344	9	419	80.55555555555556	15.166564916223601	67.0	99.0	32.0	3	0.0	1.0	15.166564916223601	67	0	67	0	82.25	-15.25	-15.25
empirical	user_msa	LOC_Os02g07490_LOC_Os02g07490.1	LOC_Os02g07490_LOC_Os02g07490.1	319	319	unique	319	319	319	0.7631578947368421	9	419	109.66666666666667	0.6666666666666666	109.0	111.0	2.0	3	0.0	1.0	0.6666666666666666	110	0	110	0	109.625	0.375	0.375
empirical	user_msa	LOC_Os02g07490_LOC_Os02g07490.1	LOC_Os02g07490_LOC_Os02g07490.1	320	320	unique	320	320	320	0.7655502392344498	9	419	118.0	1.4142135623730951	116.0	119.0	3.0	2	0.0	1.0	1.4142135623730951	119	0	119	0	117.875	1.125	1.125
empirical	user_msa	LOC_Os02g07490_LOC_Os02g07490.1	LOC_Os02g07490_LOC_Os02g07490.1	321	321	unique	321	321	321	0.7679425837320574	9	419	110.66666666666667	0.4714045207910317	110.0	111.0	1.0	2	0.0	1.0	0.4714045207910317	111	0	111	0	110.625	0.375	0.375
empirical	user_msa	LOC_Os02g07490_LOC_Os02g07490.1	LOC_Os02g07490_LOC_Os02g07490.1	322	322	unique	322	322	322	0.7703349282296651	9	419	110.11111111111111	0.7370277311900889	109.0	111.0	2.0	3	0.0	1.0	0.7370277311900889	109	0	109	0	110.25	-1.25	-1.25
empirical	user_msa	LOC_Os02g07490_LOC_Os02g07490.1	LOC_Os02g07490_LOC_Os02g07490.1	323	323	unique	323	323	323	0.7727272727272727	9	419	97.88888888888889	0.9938079899999066	97.0	99.0	2.0	2	0.0	1.0	0.9938079899999066	97	0	97	0	98.0	-1.0	-1.0
empirical	user_msa	LOC_Os02g07490_LOC_Os02g07490.1	LOC_Os02g07490_LOC_Os02g07490.1	324	324	unique	324	324	324	0.7751196172248804	9	419	111.44444444444444	16.276166018043487	93.0	126.0	33.0	3	0.0	1.0	16.276166018043487	126	0	126	0	109.625	16.375	16.375
empirical	user_msa	LOC_Os02g07490_LOC_Os02g07490.1	LOC_Os02g07490_LOC_Os02g07490.1	325	325	unique	325	325	325	0.777511961722488	9	419	69.77777777777777	1.1331154474650633	68.0	71.0	3.0	3	0.0	1.0	1.1331154474650633	69	0	69	0	69.875	-0.875	-0.875
empirical	user_msa	LOC_Os02g07490_LOC_Os02g07490.1	LOC_Os02g07490_LOC_Os02g07490.1	326	326	unique	326	326	326	0.7799043062200957	9	419	116.33333333333333	5.2493385826745405	109.0	121.0	12.0	3	0.0	1.0	5.2493385826745405	121	0	121	0	115.75	5.25	5.25
empirical	user_msa	LOC_Os02g07490_LOC_Os02g07490.1	LOC_Os02g07490_LOC_Os02g07490.1	327	327	unique	327	327	327	0.7822966507177034	9	419	82.77777777777777	7.88497555520452	74.0	91.0	17.0	4	0.0	1.0	7.88497555520452	90	0	90	0	81.875	8.125	8.125
empirical	user_msa	LOC_Os02g07490_LOC_Os02g07490.1	LOC_Os02g07490_LOC_Os02g07490.1	328	328	unique	328	328	328	0.784688995215311	9	419	91.44444444444444	6.651835354264785	79.0	95.0	16.0	2	0.0	1.0	6.651835354264785	79	0	79	0	93.0	-14.0	-14.0
empirical	user_msa	LOC_Os02g07490_LOC_Os02g07490.1	LOC_Os02g07490_LOC_Os02g07490.1	329	329	unique	329	329	329	0.7870813397129187	9	419	97.77777777777777	0.628539361054709	96.0	98.0	2.0	2	0.0	1.0	0.628539361054709	96	0	96	0	98.0	-2.0	-2.0
empirical	user_msa	LOC_Os02g07490_LOC_Os02g07490.1	LOC_Os02g07490_LOC_Os02g07490.1	330	330	unique	330	330	330	0.7894736842105263	9	419	64.88888888888889	0.9938079899999066	64.0	66.0	2.0	2	0.0	1.0	0.9938079899999066	64	0	64	0	65.0	-1.0	-1.0
empirical	user_msa	LOC_Os02g07490_LOC_Os02g07490.1	LOC_Os02g07490_LOC_Os02g07490.1	331	331	unique	331	331	331	0.7918660287081339	9	419	83.66666666666667	13.727506854649334	73.0	119.0	46.0	4	0.0	1.0	13.727506854649334	75	0	75	0	84.75	-9.75	-9.75
empirical	user_msa	LOC_Os02g07490_LOC_Os02g07490.1	LOC_Os02g07490_LOC_Os02g07490.1	332	332	unique	332	332	332	0.7942583732057417	9	419	101.33333333333333	0.9428090415820634	100.0	103.0	3.0	3	0.0	1.0	0.9428090415820634	100	0	100	0	101.5	-1.5	-1.5
empirical	user_msa	LOC_Os02g07490_LOC_Os02g07490.1	LOC_Os02g07490_LOC_Os02g07490.1	333	333	unique	333	333	333	0.7966507177033493	9	419	95.88888888888889	24.05754418262108	69.0	119.0	50.0	3	0.0	1.0	24.05754418262108	117	0	117	0	93.25	23.75	23.75
empirical	user_msa	LOC_Os02g07490_LOC_Os02g07490.1	LOC_Os02g07490_LOC_Os02g07490.1	334	334	unique	334	334	334	0.7990430622009569	9	419	115.0	0.0	115.0	115.0	0.0	1	0.0	1.0	0.0	115	0	115	0	115.0	0.0	0.0
empirical	user_msa	LOC_Os02g07490_LOC_Os02g07490.1	LOC_Os02g07490_LOC_Os02g07490.1	335	335	unique	335	335	335	0.8014354066985646	9	419	97.77777777777777	1.3966450099973928	96.0	99.0	3.0	3	0.0	1.0	1.3966450099973928	97	0	97	0	97.875	-0.875	-0.875
empirical	user_msa	LOC_Os02g07490_LOC_Os02g07490.1	LOC_Os02g07490_LOC_Os02g07490.1	336	336	unique	336	336	336	0.8038277511961722	9	419	98.55555555555556	0.4969039949999533	98.0	99.0	1.0	2	0.0	1.0	0.4969039949999533	99	0	99	0	98.5	0.5	0.5
empirical	user_msa	LOC_Os02g07490_LOC_Os02g07490.1	LOC_Os02g07490_LOC_Os02g07490.1	337	337	unique	337	337	337	0.80622009569378	9	419	95.44444444444444	16.499906471863618	77.0	111.0	34.0	3	0.0	1.0	16.499906471863618	110	0	110	0	93.625	16.375	16.375
empirical	user_msa	LOC_Os02g07490_LOC_Os02g07490.1	LOC_Os02g07490_LOC_Os02g07490.1	338	338	unique	338	338	338	0.8086124401913876	9	419	64.88888888888889	0.9938079899999066	64.0	66.0	2.0	2	0.0	1.0	0.9938079899999066	64	0	64	0	65.0	-1.0	-1.0
empirical	user_msa	LOC_Os02g07490_LOC_Os02g07490.1	LOC_Os02g07490_LOC_Os02g07490.1	339	339	unique	339	339	339	0.8110047846889952	9	419	89.33333333333333	15.81841402360623	67.0	103.0	36.0	3	0.0	1.0	15.81841402360623	100	0	100	0	88.0	12.0	12.0
empirical	user_msa	LOC_Os02g07490_LOC_Os02g07490.1	LOC_Os02g07490_LOC_Os02g07490.1	340	340	unique	340	340	340	0.8133971291866029	9	419	101.66666666666667	0.9428090415820634	101.0	103.0	2.0	2	0.0	1.0	0.9428090415820634	101	0	101	0	101.75	-0.75	-0.75
empirical	user_msa	LOC_Os02g07490_LOC_Os02g07490.1	LOC_Os02g07490_LOC_Os02g07490.1	341	341	unique	341	341	341	0.8157894736842105	9	419	77.33333333333333	0.4714045207910317	77.0	78.0	1.0	2	0.0	1.0	0.4714045207910317	77	0	77	0	77.375	-0.375	-0.375
empirical	user_msa	LOC_Os02g07490_LOC_Os02g07490.1	LOC_Os02g07490_LOC_Os02g07490.1	342	342	unique	342	342	342	0.8181818181818182	9	419	66.0	0.0	66.0	66.0	0.0	1	0.0	1.0	0.0	66	0	66	0	66.0	0.0	0.0
empirical	user_msa	LOC_Os02g07490_LOC_Os02g07490.1	LOC_Os02g07490_LOC_Os02g07490.1	343	343	unique	343	343	343	0.8205741626794258	9	419	92.11111111111111	15.849601778694941	70.0	110.0	40.0	5	0.0	1.0	15.849601778694941	100	0	100	0	91.125	8.875	8.875
empirical	user_msa	LOC_Os02g07490_LOC_Os02g07490.1	LOC_Os02g07490_LOC_Os02g07490.1	344	344	unique	344	344	344	0.8229665071770335	9	419	100.44444444444444	1.2570787221094177	98.0	102.0	4.0	3	0.0	1.0	1.2570787221094177	100	0	100	0	100.5	-0.5	-0.5
empirical	user_msa	LOC_Os02g07490_LOC_Os02g07490.1	LOC_Os02g07490_LOC_Os02g07490.1	345	345	unique	345	345	345	0.8253588516746412	9	419	117.0	1.4142135623730951	116.0	119.0	3.0	2	0.0	1.0	1.4142135623730951	116	0	116	0	117.125	-1.125	-1.125
empirical	user_msa	LOC_Os02g07490_LOC_Os02g07490.1	LOC_Os02g07490_LOC_Os02g07490.1	346	346	unique	346	346	346	0.8277511961722488	9	419	98.0	0.0	98.0	98.0	0.0	1	0.0	1.0	0.0	98	0	98	0	98.0	0.0	0.0
empirical	user_msa	LOC_Os02g07490_LOC_Os02g07490.1	LOC_Os02g07490_LOC_Os02g07490.1	347	347	unique	347	347	347	0.8301435406698564	9	419	105.55555555555556	1.3425606637327303	104.0	107.0	3.0	3	0.0	1.0	1.3425606637327303	107	0	107	0	105.375	1.625	1.625
empirical	user_msa	LOC_Os02g07490_LOC_Os02g07490.1	LOC_Os02g07490_LOC_Os02g07490.1	348	348	unique	348	348	348	0.8325358851674641	9	419	90.22222222222223	19.129835788211842	64.0	116.0	52.0	5	0.0	1.0	19.129835788211842	100	0	100	0	89.0	11.0	11.0
empirical	user_msa	LOC_Os02g07490_LOC_Os02g07490.1	LOC_Os02g07490_LOC_Os02g07490.1	349	349	unique	349	349	349	0.8349282296650717	9	419	94.22222222222223	0.628539361054709	93.0	95.0	2.0	3	0.0	1.0	0.628539361054709	94	0	94	0	94.25	-0.25	-0.25
empirical	user_msa	LOC_Os02g07490_LOC_Os02g07490.1	LOC_Os02g07490_LOC_Os02g07490.1	350	350	unique	350	350	350	0.8373205741626795	9	419	64.22222222222223	0.628539361054709	64.0	66.0	2.0	2	0.0	1.0	0.628539361054709	64	0	64	0	64.25	-0.25	-0.25
empirical	user_msa	LOC_Os02g07490_LOC_Os02g07490.1	LOC_Os02g07490_LOC_Os02g07490.1	351	351	unique	351	351	351	0.8397129186602871	9	419	105.11111111111111	1.0999438818457405	104.0	107.0	3.0	3	0.0	1.0	1.0999438818457405	107	0	107	0	104.875	2.125	2.125
empirical	user_msa	LOC_Os02g07490_LOC_Os02g07490.1	LOC_Os02g07490_LOC_Os02g07490.1	352	352	unique	352	352	352	0.8421052631578947	9	419	79.0	0.0	79.0	79.0	0.0	1	0.0	1.0	0.0	79	0	79	0	79.0	0.0	0.0
empirical	user_msa	LOC_Os02g07490_LOC_Os02g07490.1	LOC_Os02g07490_LOC_Os02g07490.1	353	353	unique	353	353	353	0.8444976076555024	9	419	103.88888888888889	14.753112247510838	92.0	126.0	34.0	4	0.0	1.0	14.753112247510838	92	0	92	0	105.375	-13.375	-13.375
empirical	user_msa	LOC_Os02g07490_LOC_Os02g07490.1	LOC_Os02g07490_LOC_Os02g07490.1	354	354	unique	354	354	354	0.84688995215311	9	419	105.11111111111111	1.0999438818457405	104.0	107.0	3.0	3	0.0	1.0	1.0999438818457405	107	0	107	0	104.875	2.125	2.125
empirical	user_msa	LOC_Os02g07490_LOC_Os02g07490.1	LOC_Os02g07490_LOC_Os02g07490.1	355	355	unique	355	355	355	0.8492822966507177	9	419	113.66666666666667	0.9428090415820634	113.0	115.0	2.0	2	0.0	1.0	0.9428090415820634	113	0	113	0	113.75	-0.75	-0.75
empirical	user_msa	LOC_Os02g07490_LOC_Os02g07490.1	LOC_Os02g07490_LOC_Os02g07490.1	356	356	unique	356	356	356	0.8516746411483254	9	419	87.11111111111111	21.366871784997993	68.0	111.0	43.0	2	0.0	1.0	21.366871784997993	68	0	68	0	89.5	-21.5	-21.5
empirical	user_msa	LOC_Os02g07490_LOC_Os02g07490.1	LOC_Os02g07490_LOC_Os02g07490.1	357	357	unique	357	357	357	0.854066985645933	9	419	98.66666666666667	0.6666666666666666	97.0	99.0	2.0	3	0.0	1.0	0.6666666666666666	99	0	99	0	98.625	0.375	0.375
empirical	user_msa	LOC_Os02g07490_LOC_Os02g07490.1	LOC_Os02g07490_LOC_Os02g07490.1	358	358	unique	358	358	358	0.8564593301435407	9	419	97.33333333333333	0.9428090415820634	96.0	98.0	2.0	2	0.0	1.0	0.9428090415820634	98	0	98	0	97.25	0.75	0.75
empirical	user_msa	LOC_Os02g07490_LOC_Os02g07490.1	LOC_Os02g07490_LOC_Os02g07490.1	359	359	unique	359	359	359	0.8588516746411483	9	419	98.77777777777777	0.628539361054709	97.0	99.0	2.0	2	0.0	1.0	0.628539361054709	99	0	99	0	98.75	0.25	0.25
empirical	user_msa	LOC_Os02g07490_LOC_Os02g07490.1	LOC_Os02g07490_LOC_Os02g07490.1	360	360	unique	360	360	360	0.861244019138756	9	419	113.77777777777777	9.806775183829433	95.0	126.0	31.0	4	0.0	1.0	9.806775183829433	110	0	110	0	114.25	-4.25	-4.25
empirical	user_msa	LOC_Os02g07490_LOC_Os02g07490.1	LOC_Os02g07490_LOC_Os02g07490.1	361	361	unique	361	361	361	0.8636363636363636	9	419	110.0	1.4142135623730951	108.0	111.0	3.0	2	0.0	1.0	1.4142135623730951	111	0	111	0	109.875	1.125	1.125
empirical	user_msa	LOC_Os02g07490_LOC_Os02g07490.1	LOC_Os02g07490_LOC_Os02g07490.1	362	362	unique	362	362	362	0.8660287081339713	9	419	117.66666666666667	0.9428090415820634	117.0	119.0	2.0	2	0.0	1.0	0.9428090415820634	117	0	117	0	117.75	-0.75	-0.75
empirical	user_msa	LOC_Os02g07490_LOC_Os02g07490.1	LOC_Os02g07490_LOC_Os02g07490.1	363	363	unique	363	363	363	0.868421052631579	9	419	67.33333333333333	1.699673171197595	65.0	71.0	6.0	4	0.0	1.0	1.699673171197595	67	0	67	0	67.375	-0.375	-0.375
empirical	user_msa	LOC_Os02g07490_LOC_Os02g07490.1	LOC_Os02g07490_LOC_Os02g07490.1	364	364	unique	364	364	364	0.8708133971291866	9	419	97.66666666666667	0.9428090415820634	97.0	99.0	2.0	2	0.0	1.0	0.9428090415820634	97	0	97	0	97.75	-0.75	-0.75
empirical	user_msa	LOC_Os02g07490_LOC_Os02g07490.1	LOC_Os02g07490_LOC_Os02g07490.1	365	365	unique	365	365	365	0.8732057416267942	9	419	126.55555555555556	0.8314794192830981	125.0	127.0	2.0	2	0.0	1.0	0.8314794192830981	125	0	125	0	126.75	-1.75	-1.75
empirical	user_msa	LOC_Os02g07490_LOC_Os02g07490.1	LOC_Os02g07490_LOC_Os02g07490.1	366	366	unique	366	366	366	0.8755980861244019	9	419	102.22222222222223	10.108058147150363	82.0	111.0	29.0	4	0.0	1.0	10.108058147150363	111	0	111	0	101.125	9.875	9.875
empirical	user_msa	LOC_Os02g07490_LOC_Os02g07490.1	LOC_Os02g07490_LOC_Os02g07490.1	367	367	unique	367	367	367	0.8779904306220095	9	419	107.0	0.0	107.0	107.0	0.0	1	0.0	1.0	0.0	107	0	107	0	107.0	0.0	0.0
empirical	user_msa	LOC_Os02g07490_LOC_Os02g07490.1	LOC_Os02g07490_LOC_Os02g07490.1	368	368	unique	368	368	368	0.8803827751196173	9	419	97.44444444444444	0.8314794192830981	97.0	99.0	2.0	2	0.0	1.0	0.8314794192830981	99	0	99	0	97.25	1.75	1.75
empirical	user_msa	LOC_Os02g07490_LOC_Os02g07490.1	LOC_Os02g07490_LOC_Os02g07490.1	369	369	unique	369	369	369	0.8827751196172249	9	419	76.77777777777777	13.497141901386858	65.0	103.0	38.0	5	0.0	1.0	13.497141901386858	100	0	100	0	73.875	26.125	26.125
empirical	user_msa	LOC_Os02g07490_LOC_Os02g07490.1	LOC_Os02g07490_LOC_Os02g07490.1	370	370	unique	370	370	370	0.8851674641148325	9	419	73.77777777777777	0.628539361054709	72.0	74.0	2.0	2	0.0	1.0	0.628539361054709	74	0	74	0	73.75	0.25	0.25
empirical	user_msa	LOC_Os02g07490_LOC_Os02g07490.1	LOC_Os02g07490_LOC_Os02g07490.1	371	371	unique	371	371	371	0.8875598086124402	9	419	116.77777777777777	0.9162456945817024	116.0	118.0	2.0	3	0.0	1.0	0.9162456945817024	116	0	116	0	116.875	-0.875	-0.875
empirical	user_msa	LOC_Os02g07490_LOC_Os02g07490.1	LOC_Os02g07490_LOC_Os02g07490.1	372	372	unique	372	372	372	0.8899521531100478	9	419	73.66666666666667	0.9428090415820634	73.0	75.0	2.0	2	0.0	1.0	0.9428090415820634	73	0	73	0	73.75	-0.75	-0.75
empirical	user_msa	LOC_Os02g07490_LOC_Os02g07490.1	LOC_Os02g07490_LOC_Os02g07490.1	373	373	unique	373	373	373	0.8923444976076556	9	419	80.22222222222223	9.82940913537621	76.0	108.0	32.0	3	0.0	1.0	9.82940913537621	77	0	77	0	80.625	-3.625	-3.625
empirical	user_msa	LOC_Os02g07490_LOC_Os02g07490.1	LOC_Os02g07490_LOC_Os02g07490.1	374	374	unique	374	374	374	0.8947368421052632	9	419	127.0	0.0	127.0	127.0	0.0	1	0.0	1.0	0.0	127	0	127	0	127.0	0.0	0.0
empirical	user_msa	LOC_Os02g07490_LOC_Os02g07490.1	LOC_Os02g07490_LOC_Os02g07490.1	375	375	unique	375	375	375	0.8971291866028708	9	419	98.77777777777777	0.628539361054709	97.0	99.0	2.0	2	0.0	1.0	0.628539361054709	99	0	99	0	98.75	0.25	0.25
empirical	user_msa	LOC_Os02g07490_LOC_Os02g07490.1	LOC_Os02g07490_LOC_Os02g07490.1	376	376	unique	376	376	376	0.8995215311004785	9	419	101.66666666666667	0.9428090415820634	101.0	103.0	2.0	2	0.0	1.0	0.9428090415820634	101	0	101	0	101.75	-0.75	-0.75
empirical	user_msa	LOC_Os02g07490_LOC_Os02g07490.1	LOC_Os02g07490_LOC_Os02g07490.1	377	377	unique	377	377	377	0.9019138755980861	9	419	66.33333333333333	0.4714045207910317	66.0	67.0	1.0	2	0.0	1.0	0.4714045207910317	66	0	66	0	66.375	-0.375	-0.375
empirical	user_msa	LOC_Os02g07490_LOC_Os02g07490.1	LOC_Os02g07490_LOC_Os02g07490.1	378	378	unique	378	378	378	0.9043062200956937	9	419	102.66666666666667	0.9428090415820634	100.0	103.0	3.0	2	0.0	1.0	0.9428090415820634	103	0	103	0	102.625	0.375	0.375
empirical	user_msa	LOC_Os02g07490_LOC_Os02g07490.1	LOC_Os02g07490_LOC_Os02g07490.1	379	379	unique	379	379	379	0.9066985645933014	9	419	105.0	1.1547005383792515	104.0	107.0	3.0	3	0.0	1.0	1.1547005383792515	107	0	107	0	104.75	2.25	2.25
empirical	user_msa	LOC_Os02g07490_LOC_Os02g07490.1	LOC_Os02g07490_LOC_Os02g07490.1	380	380	unique	380	380	380	0.9090909090909091	9	419	78.66666666666667	0.4714045207910317	78.0	79.0	1.0	2	0.0	1.0	0.4714045207910317	79	0	79	0	78.625	0.375	0.375
empirical	user_msa	LOC_Os02g07490_LOC_Os02g07490.1	LOC_Os02g07490_LOC_Os02g07490.1	381	381	unique	381	381	381	0.9114832535885168	9	419	103.77777777777777	0.9162456945817024	103.0	106.0	3.0	3	0.0	1.0	0.9162456945817024	104	0	104	0	103.75	0.25	0.25
empirical	user_msa	LOC_Os02g07490_LOC_Os02g07490.1	LOC_Os02g07490_LOC_Os02g07490.1	382	382	unique	382	382	382	0.9138755980861244	9	419	97.33333333333333	10.154364141151877	92.0	126.0	34.0	3	0.0	1.0	10.154364141151877	94	0	94	0	97.75	-3.75	-3.75
empirical	user_msa	LOC_Os02g07490_LOC_Os02g07490.1	LOC_Os02g07490_LOC_Os02g07490.1	383	383	unique	383	383	383	0.916267942583732	9	419	70.33333333333333	3.5276684147527875	65.0	75.0	10.0	4	0.0	1.0	3.5276684147527875	73	0	73	0	70.0	3.0	3.0
empirical	user_msa	LOC_Os02g07490_LOC_Os02g07490.1	LOC_Os02g07490_LOC_Os02g07490.1	384	384	unique	384	384	384	0.9186602870813397	9	419	109.22222222222223	10.931887889998972	97.0	119.0	22.0	2	0.0	1.0	10.931887889998972	119	0	119	0	108.0	11.0	11.0
empirical	user_msa	LOC_Os02g07490_LOC_Os02g07490.1	LOC_Os02g07490_LOC_Os02g07490.1	385	385	unique	385	385	385	0.9210526315789473	9	419	94.0	25.716402029314548	65.0	117.0	52.0	3	0.0	1.0	25.716402029314548	117	0	117	0	91.125	25.875	25.875
empirical	user_msa	LOC_Os02g07490_LOC_Os02g07490.1	LOC_Os02g07490_LOC_Os02g07490.1	386	386	unique	386	386	386	0.9234449760765551	9	419	125.88888888888889	0.9938079899999066	125.0	127.0	2.0	2	0.0	1.0	0.9938079899999066	125	0	125	0	126.0	-1.0	-1.0
empirical	user_msa	LOC_Os02g07490_LOC_Os02g07490.1	LOC_Os02g07490_LOC_Os02g07490.1	387	387	unique	387	387	387	0.9258373205741627	9	419	79.11111111111111	11.03977097633264	71.0	109.0	38.0	3	0.0	1.0	11.03977097633264	78	0	78	0	79.25	-1.25	-1.25
empirical	user_msa	LOC_Os02g07490_LOC_Os02g07490.1	LOC_Os02g07490_LOC_Os02g07490.1	388	388	unique	388	388	388	0.9282296650717703	9	419	66.0	0.0	66.0	66.0	0.0	1	0.0	1.0	0.0	66	0	66	0	66.0	0.0	0.0
empirical	user_msa	LOC_Os02g07490_LOC_Os02g07490.1	LOC_Os02g07490_LOC_Os02g07490.1	389	389	unique	389	389	389	0.930622009569378	9	419	93.66666666666667	0.9428090415820634	93.0	95.0	2.0	2	0.0	1.0	0.9428090415820634	95	0	95	0	93.5	1.5	1.5
empirical	user_msa	LOC_Os02g07490_LOC_Os02g07490.1	LOC_Os02g07490_LOC_Os02g07490.1	390	390	unique	390	390	390	0.9330143540669856	9	419	99.55555555555556	14.538157541152112	79.0	110.0	31.0	3	0.0	1.0	14.538157541152112	110	0	110	0	98.25	11.75	11.75
empirical	user_msa	LOC_Os02g07490_LOC_Os02g07490.1	LOC_Os02g07490_LOC_Os02g07490.1	391	391	unique	391	391	391	0.9354066985645934	9	419	113.66666666666667	8.0	103.0	126.0	23.0	6	0.0	1.0	8.0	116	0	116	0	113.375	2.625	2.625
empirical	user_msa	LOC_Os02g07490_LOC_Os02g07490.1	LOC_Os02g07490_LOC_Os02g07490.1	392	392	unique	392	392	392	0.937799043062201	9	419	122.0	0.0	122.0	122.0	0.0	1	0.0	1.0	0.0	122	0	122	0	122.0	0.0	0.0
empirical	user_msa	LOC_Os02g07490_LOC_Os02g07490.1	LOC_Os02g07490_LOC_Os02g07490.1	393	393	unique	393	393	393	0.9401913875598086	9	419	114.11111111111111	0.9938079899999066	113.0	115.0	2.0	2	0.0	1.0	0.9938079899999066	115	0	115	0	114.0	1.0	1.0
empirical	user_msa	LOC_Os02g07490_LOC_Os02g07490.1	LOC_Os02g07490_LOC_Os02g07490.1	394	394	unique	394	394	394	0.9425837320574163	9	419	97.0	0.0	97.0	97.0	0.0	1	0.0	1.0	0.0	97	0	97	0	97.0	0.0	0.0
empirical	user_msa	LOC_Os02g07490_LOC_Os02g07490.1	LOC_Os02g07490_LOC_Os02g07490.1	395	395	unique	395	395	395	0.9449760765550239	9	419	65.0	0.0	65.0	65.0	0.0	1	0.0	1.0	0.0	65	0	65	0	65.0	0.0	0.0
empirical	user_msa	LOC_Os02g07490_LOC_Os02g07490.1	LOC_Os02g07490_LOC_Os02g07490.1	396	396	unique	396	396	396	0.9473684210526315	9	419	98.0	0.0	98.0	98.0	0.0	1	0.0	1.0	0.0	98	0	98	0	98.0	0.0	0.0
empirical	user_msa	LOC_Os02g07490_LOC_Os02g07490.1	LOC_Os02g07490_LOC_Os02g07490.1	397	397	unique	397	397	397	0.9497607655502392	9	419	122.0	0.0	122.0	122.0	0.0	1	0.0	1.0	0.0	122	0	122	0	122.0	0.0	0.0
empirical	user_msa	LOC_Os02g07490_LOC_Os02g07490.1	LOC_Os02g07490_LOC_Os02g07490.1	398	398	unique	398	398	398	0.9521531100478469	9	419	105.0	0.0	105.0	105.0	0.0	1	0.0	1.0	0.0	105	0	105	0	105.0	0.0	0.0
empirical	user_msa	LOC_Os02g07490_LOC_Os02g07490.1	LOC_Os02g07490_LOC_Os02g07490.1	399	399	unique	399	399	399	0.9545454545454546	9	419	113.0	0.0	113.0	113.0	0.0	1	0.0	1.0	0.0	113	0	113	0	113.0	0.0	0.0
empirical	user_msa	LOC_Os02g07490_LOC_Os02g07490.1	LOC_Os02g07490_LOC_Os02g07490.1	400	400	unique	400	400	400	0.9569377990430622	9	419	73.0	0.0	73.0	73.0	0.0	1	0.0	1.0	0.0	73	0	73	0	73.0	0.0	0.0
empirical	user_msa	LOC_Os02g07490_LOC_Os02g07490.1	LOC_Os02g07490_LOC_Os02g07490.1	401	401	unique	401	401	401	0.9593301435406698	9	419	70.77777777777777	16.34202338742243	65.0	117.0	52.0	2	0.0	1.0	16.34202338742243	65	0	65	0	71.5	-6.5	-6.5
empirical	user_msa	LOC_Os02g07490_LOC_Os02g07490.1	LOC_Os02g07490_LOC_Os02g07490.1	402	402	unique	402	402	402	0.9617224880382775	9	419	90.22222222222223	1.227262335243029	88.0	91.0	3.0	3	0.0	1.0	1.227262335243029	91	0	91	0	90.125	0.875	0.875
empirical	user_msa	LOC_Os02g07490_LOC_Os02g07490.1	LOC_Os02g07490_LOC_Os02g07490.1	403	403	unique	403	403	403	0.9641148325358851	9	419	110.77777777777777	0.41573970964154905	110.0	111.0	1.0	2	0.0	1.0	0.41573970964154905	110	0	110	0	110.875	-0.875	-0.875
empirical	user_msa	LOC_Os02g07490_LOC_Os02g07490.1	LOC_Os02g07490_LOC_Os02g07490.1	404	404	unique	404	404	404	0.9665071770334929	9	419	105.22222222222223	10.464519713752091	94.0	126.0	32.0	5	0.0	1.0	10.464519713752091	126	0	126	0	102.625	23.375	23.375
empirical	user_msa	LOC_Os02g07490_LOC_Os02g07490.1	LOC_Os02g07490_LOC_Os02g07490.1	405	405	unique	405	405	405	0.9688995215311005	9	419	98.11111111111111	0.9938079899999066	97.0	99.0	2.0	2	0.0	1.0	0.9938079899999066	99	0	99	0	98.0	1.0	1.0
empirical	user_msa	LOC_Os02g07490_LOC_Os02g07490.1	LOC_Os02g07490_LOC_Os02g07490.1	406	406	unique	406	406	406	0.9712918660287081	9	419	97.44444444444444	10.100727268767566	93.0	126.0	33.0	3	0.0	1.0	10.100727268767566	94	0	94	0	97.875	-3.875	-3.875
empirical	user_msa	LOC_Os02g07490_LOC_Os02g07490.1	LOC_Os02g07490_LOC_Os02g07490.1	407	407	unique	407	407	407	0.9736842105263158	9	419	77.22222222222223	0.628539361054709	77.0	79.0	2.0	2	0.0	1.0	0.628539361054709	79	0	79	0	77.0	2.0	2.0
empirical	user_msa	LOC_Os02g07490_LOC_Os02g07490.1	LOC_Os02g07490_LOC_Os02g07490.1	408	408	unique	408	408	408	0.9760765550239234	9	419	96.11111111111111	5.586580039989571	89.0	101.0	12.0	3	0.0	1.0	5.586580039989571	101	0	101	0	95.5	5.5	5.5
empirical	user_msa	LOC_Os02g07490_LOC_Os02g07490.1	LOC_Os02g07490_LOC_Os02g07490.1	409	409	unique	409	409	409	0.9784688995215312	9	419	81.0	0.0	81.0	81.0	0.0	1	0.0	1.0	0.0	81	0	81	0	81.0	0.0	0.0
empirical	user_msa	LOC_Os02g07490_LOC_Os02g07490.1	LOC_Os02g07490_LOC_Os02g07490.1	410	410	unique	410	410	410	0.9808612440191388	9	419	78.0	0.0	78.0	78.0	0.0	1	0.0	1.0	0.0	78	0	78	0	78.0	0.0	0.0
empirical	user_msa	LOC_Os02g07490_LOC_Os02g07490.1	LOC_Os02g07490_LOC_Os02g07490.1	411	411	unique	411	411	411	0.9832535885167464	9	419	99.88888888888889	6.740333728045823	81.0	103.0	22.0	3	0.0	1.0	6.740333728045823	103	0	103	0	99.5	3.5	3.5
empirical	user_msa	LOC_Os02g07490_LOC_Os02g07490.1	LOC_Os02g07490_LOC_Os02g07490.1	412	412	unique	412	412	412	0.9856459330143541	9	419	82.0	14.53730832490435	65.0	95.0	30.0	3	0.0	1.0	14.53730832490435	95	0	95	0	80.375	14.625	14.625
empirical	user_msa	LOC_Os02g07490_LOC_Os02g07490.1	LOC_Os02g07490_LOC_Os02g07490.1	413	413	unique	413	413	413	0.9880382775119617	9	419	91.88888888888889	19.13951377789731	69.0	109.0	40.0	3	0.0	1.0	19.13951377789731	109	0	109	0	89.75	19.25	19.25
empirical	user_msa	LOC_Os02g07490_LOC_Os02g07490.1	LOC_Os02g07490_LOC_Os02g07490.1	414	414	unique	414	414	414	0.9904306220095693	9	419	72.88888888888889	15.786382630077412	65.0	117.0	52.0	5	0.0	1.0	15.786382630077412	65	0	65	0	73.875	-8.875	-8.875
empirical	user_msa	LOC_Os02g07490_LOC_Os02g07490.1	LOC_Os02g07490_LOC_Os02g07490.1	415	415	unique	415	415	415	0.992822966507177	9	419	56.333333333333336	50.389593281858424	0.0	103.0	103.0	3	0.4444444444444444	0.5555555555555556	50.389593281858424	101	0	101	0	50.75	50.25	50.25
empirical	user_msa	LOC_Os02g07490_LOC_Os02g07490.1	LOC_Os02g07490_LOC_Os02g07490.1	416	416	unique	416	416	416	0.9952153110047847	9	419	36.666666666666664	32.79566366999692	0.0	66.0	66.0	2	0.4444444444444444	0.5555555555555556	32.79566366999692	66	0	66	0	33.0	33.0	33.0
empirical	user_msa	LOC_Os02g07490_LOC_Os02g07490.1	LOC_Os02g07490_LOC_Os02g07490.1	417	417	unique	417	417	417	0.9976076555023924	9	419	45.0	40.24922359499622	0.0	81.0	81.0	2	0.4444444444444444	0.5555555555555556	40.24922359499622	81	0	81	0	40.5	40.5	40.5
empirical	user_msa	LOC_Os02g07490_LOC_Os02g07490.1	LOC_Os02g07490_LOC_Os02g07490.1	418	418	unique	418	418	418	1.0	9	419	115.55555555555556	3.975231959999626	112.0	120.0	8.0	2	0.0	1.0	3.975231959999626	120	0	120	0	115.0	5.0	5.0
