Null Model,Alternative Model,LRT Statistic,df,p-value,BH-corrected p-value
Model 0,Model 1,31.94901199999913,1,1.5827285313922806e-08,3.165457062784561e-08
Model 1,Model 2,0.0,2,1.0,1.0
Model 0,Model 3,100.62965799999984,4,7.224208859648434e-21,2.8896835438593734e-20
Model 7,Model 8,1.4856820000004518,2,0.4757603585250557,0.6343471447000743
