Model,lnL,np
Model 0,-2138.528681,16
Model 1,-2122.554175,17
Model 2,-2122.554175,19
Model 3,-2088.213852,20
Model 7,-2090.162636,17
Model 8,-2089.419795,19
