branch_id	codon_site	msa_codon_site	aligned_codon_site	branch_degapped_codon_site	branch_codon	prob_positive	called_positive	confidence	tier_model	calibrated_threshold	diagnostic_only	method
Drosophila_ananassae_Drosophila_ananassae__LOC6504746__XP_032309021.1	1	1	1		---	0.03414134681224823	1	moderate	moderate	0.022	False	user_msa
Drosophila_biarmipes_Drosophila_biarmipes__LOC108031387__XP_050746516.1	1	1	1		---	0.03414134681224823	1	moderate	moderate	0.022	False	user_msa
Drosophila_mauritiana_Drosophila_mauritiana__LOC117148789__XP_033172290.1	1	1	1		---	0.03414134681224823	1	moderate	moderate	0.022	False	user_msa
Drosophila_melanogaster_Drosophila_melanogaster__Act5C__NP_511052.1	1	1	1		---	0.03414134681224823	1	moderate	moderate	0.022	False	user_msa
Drosophila_pseudoobscura_Drosophila_pseudoobscura__Act5C__XP_001354857.1	1	1	1		---	0.03414134681224823	1	moderate	moderate	0.022	False	user_msa
Drosophila_sechellia_Drosophila_sechellia__Act5C__XP_002036849.1	1	1	1		---	0.03414134681224823	1	moderate	moderate	0.022	False	user_msa
Drosophila_simulans_Drosophila_simulans__LOC6725225__XP_016038239.1	1	1	1		---	0.03414134681224823	1	moderate	moderate	0.022	False	user_msa
Drosophila_subobscura_Drosophila_subobscura__LOC117903845__XP_034672195.1	1	1	1		---	0.03414134681224823	1	moderate	moderate	0.022	False	user_msa
Drosophila_suzukii_Drosophila_suzukii__Act5C__XP_065724039.1	1	1	1		---	0.03414134681224823	1	moderate	moderate	0.022	False	user_msa
Drosophila_virilis_Drosophila_virilis__Act5C__XP_002059576.1	1	1	1		---	0.03414134681224823	1	moderate	moderate	0.022	False	user_msa
Drosophila_willistoni_Drosophila_willistoni__LOC6641346__XP_023031150.1	1	1	1		---	0.03414134681224823	1	moderate	moderate	0.022	False	user_msa
Drosophila_yakuba_Drosophila_yakuba__LOC6525488__XP_002101323.1	1	1	1		---	0.03414134681224823	1	moderate	moderate	0.022	False	user_msa
Drosophila_ananassae_Drosophila_ananassae__LOC6504746__XP_032309021.1	2	2	2		---	0.03414338454604149	1	moderate	moderate	0.022	False	user_msa
Drosophila_biarmipes_Drosophila_biarmipes__LOC108031387__XP_050746516.1	2	2	2		---	0.03414338454604149	1	moderate	moderate	0.022	False	user_msa
Drosophila_mauritiana_Drosophila_mauritiana__LOC117148789__XP_033172290.1	2	2	2		---	0.03414338454604149	1	moderate	moderate	0.022	False	user_msa
Drosophila_melanogaster_Drosophila_melanogaster__Act5C__NP_511052.1	2	2	2		---	0.03414338454604149	1	moderate	moderate	0.022	False	user_msa
Drosophila_pseudoobscura_Drosophila_pseudoobscura__Act5C__XP_001354857.1	2	2	2		---	0.03414338454604149	1	moderate	moderate	0.022	False	user_msa
Drosophila_sechellia_Drosophila_sechellia__Act5C__XP_002036849.1	2	2	2		---	0.03414338454604149	1	moderate	moderate	0.022	False	user_msa
Drosophila_simulans_Drosophila_simulans__LOC6725225__XP_016038239.1	2	2	2		---	0.03414338454604149	1	moderate	moderate	0.022	False	user_msa
Drosophila_subobscura_Drosophila_subobscura__LOC117903845__XP_034672195.1	2	2	2		---	0.03414338454604149	1	moderate	moderate	0.022	False	user_msa
Drosophila_suzukii_Drosophila_suzukii__Act5C__XP_065724039.1	2	2	2		---	0.03414338454604149	1	moderate	moderate	0.022	False	user_msa
Drosophila_virilis_Drosophila_virilis__Act5C__XP_002059576.1	2	2	2		---	0.03414338454604149	1	moderate	moderate	0.022	False	user_msa
Drosophila_willistoni_Drosophila_willistoni__LOC6641346__XP_023031150.1	2	2	2		---	0.03414338454604149	1	moderate	moderate	0.022	False	user_msa
Drosophila_yakuba_Drosophila_yakuba__LOC6525488__XP_002101323.1	2	2	2		---	0.03414338454604149	1	moderate	moderate	0.022	False	user_msa
Drosophila_ananassae_Drosophila_ananassae__LOC6504746__XP_032309021.1	3	3	3		---	0.034145474433898926	1	moderate	moderate	0.022	False	user_msa
Drosophila_biarmipes_Drosophila_biarmipes__LOC108031387__XP_050746516.1	3	3	3		---	0.034145474433898926	1	moderate	moderate	0.022	False	user_msa
Drosophila_mauritiana_Drosophila_mauritiana__LOC117148789__XP_033172290.1	3	3	3		---	0.034145474433898926	1	moderate	moderate	0.022	False	user_msa
Drosophila_melanogaster_Drosophila_melanogaster__Act5C__NP_511052.1	3	3	3		---	0.034145474433898926	1	moderate	moderate	0.022	False	user_msa
Drosophila_pseudoobscura_Drosophila_pseudoobscura__Act5C__XP_001354857.1	3	3	3		---	0.034145474433898926	1	moderate	moderate	0.022	False	user_msa
Drosophila_sechellia_Drosophila_sechellia__Act5C__XP_002036849.1	3	3	3		---	0.034145474433898926	1	moderate	moderate	0.022	False	user_msa
Drosophila_simulans_Drosophila_simulans__LOC6725225__XP_016038239.1	3	3	3		---	0.034145474433898926	1	moderate	moderate	0.022	False	user_msa
Drosophila_subobscura_Drosophila_subobscura__LOC117903845__XP_034672195.1	3	3	3		---	0.034145474433898926	1	moderate	moderate	0.022	False	user_msa
Drosophila_suzukii_Drosophila_suzukii__Act5C__XP_065724039.1	3	3	3		---	0.034145474433898926	1	moderate	moderate	0.022	False	user_msa
Drosophila_virilis_Drosophila_virilis__Act5C__XP_002059576.1	3	3	3		---	0.034145474433898926	1	moderate	moderate	0.022	False	user_msa
Drosophila_willistoni_Drosophila_willistoni__LOC6641346__XP_023031150.1	3	3	3		---	0.034145474433898926	1	moderate	moderate	0.022	False	user_msa
Drosophila_yakuba_Drosophila_yakuba__LOC6525488__XP_002101323.1	3	3	3		---	0.034145474433898926	1	moderate	moderate	0.022	False	user_msa
Drosophila_ananassae_Drosophila_ananassae__LOC6504746__XP_032309021.1	4	4	4		---	0.0341474786400795	1	moderate	moderate	0.022	False	user_msa
Drosophila_biarmipes_Drosophila_biarmipes__LOC108031387__XP_050746516.1	4	4	4		---	0.0341474786400795	1	moderate	moderate	0.022	False	user_msa
Drosophila_mauritiana_Drosophila_mauritiana__LOC117148789__XP_033172290.1	4	4	4		---	0.0341474786400795	1	moderate	moderate	0.022	False	user_msa
Drosophila_melanogaster_Drosophila_melanogaster__Act5C__NP_511052.1	4	4	4		---	0.0341474786400795	1	moderate	moderate	0.022	False	user_msa
Drosophila_pseudoobscura_Drosophila_pseudoobscura__Act5C__XP_001354857.1	4	4	4		---	0.0341474786400795	1	moderate	moderate	0.022	False	user_msa
Drosophila_sechellia_Drosophila_sechellia__Act5C__XP_002036849.1	4	4	4		---	0.0341474786400795	1	moderate	moderate	0.022	False	user_msa
Drosophila_simulans_Drosophila_simulans__LOC6725225__XP_016038239.1	4	4	4		---	0.0341474786400795	1	moderate	moderate	0.022	False	user_msa
Drosophila_subobscura_Drosophila_subobscura__LOC117903845__XP_034672195.1	4	4	4		---	0.0341474786400795	1	moderate	moderate	0.022	False	user_msa
Drosophila_suzukii_Drosophila_suzukii__Act5C__XP_065724039.1	4	4	4		---	0.0341474786400795	1	moderate	moderate	0.022	False	user_msa
Drosophila_virilis_Drosophila_virilis__Act5C__XP_002059576.1	4	4	4		---	0.0341474786400795	1	moderate	moderate	0.022	False	user_msa
Drosophila_willistoni_Drosophila_willistoni__LOC6641346__XP_023031150.1	4	4	4		---	0.0341474786400795	1	moderate	moderate	0.022	False	user_msa
Drosophila_yakuba_Drosophila_yakuba__LOC6525488__XP_002101323.1	4	4	4		---	0.0341474786400795	1	moderate	moderate	0.022	False	user_msa
Drosophila_ananassae_Drosophila_ananassae__LOC6504746__XP_032309021.1	5	5	5		---	0.034149523824453354	1	moderate	moderate	0.022	False	user_msa
Drosophila_biarmipes_Drosophila_biarmipes__LOC108031387__XP_050746516.1	5	5	5		---	0.034149523824453354	1	moderate	moderate	0.022	False	user_msa
Drosophila_mauritiana_Drosophila_mauritiana__LOC117148789__XP_033172290.1	5	5	5		---	0.034149523824453354	1	moderate	moderate	0.022	False	user_msa
Drosophila_melanogaster_Drosophila_melanogaster__Act5C__NP_511052.1	5	5	5		---	0.034149523824453354	1	moderate	moderate	0.022	False	user_msa
Drosophila_pseudoobscura_Drosophila_pseudoobscura__Act5C__XP_001354857.1	5	5	5		---	0.034149523824453354	1	moderate	moderate	0.022	False	user_msa
Drosophila_sechellia_Drosophila_sechellia__Act5C__XP_002036849.1	5	5	5		---	0.034149523824453354	1	moderate	moderate	0.022	False	user_msa
Drosophila_simulans_Drosophila_simulans__LOC6725225__XP_016038239.1	5	5	5		---	0.034149523824453354	1	moderate	moderate	0.022	False	user_msa
Drosophila_subobscura_Drosophila_subobscura__LOC117903845__XP_034672195.1	5	5	5		---	0.034149523824453354	1	moderate	moderate	0.022	False	user_msa
Drosophila_suzukii_Drosophila_suzukii__Act5C__XP_065724039.1	5	5	5		---	0.034149523824453354	1	moderate	moderate	0.022	False	user_msa
Drosophila_virilis_Drosophila_virilis__Act5C__XP_002059576.1	5	5	5		---	0.034149523824453354	1	moderate	moderate	0.022	False	user_msa
Drosophila_willistoni_Drosophila_willistoni__LOC6641346__XP_023031150.1	5	5	5		---	0.034149523824453354	1	moderate	moderate	0.022	False	user_msa
Drosophila_yakuba_Drosophila_yakuba__LOC6525488__XP_002101323.1	5	5	5		---	0.034149523824453354	1	moderate	moderate	0.022	False	user_msa
Drosophila_ananassae_Drosophila_ananassae__LOC6504746__XP_032309021.1	6	6	6		---	0.034151606261730194	1	moderate	moderate	0.022	False	user_msa
Drosophila_biarmipes_Drosophila_biarmipes__LOC108031387__XP_050746516.1	6	6	6		---	0.034151606261730194	1	moderate	moderate	0.022	False	user_msa
Drosophila_mauritiana_Drosophila_mauritiana__LOC117148789__XP_033172290.1	6	6	6		---	0.034151606261730194	1	moderate	moderate	0.022	False	user_msa
Drosophila_melanogaster_Drosophila_melanogaster__Act5C__NP_511052.1	6	6	6		---	0.034151606261730194	1	moderate	moderate	0.022	False	user_msa
Drosophila_pseudoobscura_Drosophila_pseudoobscura__Act5C__XP_001354857.1	6	6	6		---	0.034151606261730194	1	moderate	moderate	0.022	False	user_msa
Drosophila_sechellia_Drosophila_sechellia__Act5C__XP_002036849.1	6	6	6		---	0.034151606261730194	1	moderate	moderate	0.022	False	user_msa
Drosophila_simulans_Drosophila_simulans__LOC6725225__XP_016038239.1	6	6	6		---	0.034151606261730194	1	moderate	moderate	0.022	False	user_msa
Drosophila_subobscura_Drosophila_subobscura__LOC117903845__XP_034672195.1	6	6	6		---	0.034151606261730194	1	moderate	moderate	0.022	False	user_msa
Drosophila_suzukii_Drosophila_suzukii__Act5C__XP_065724039.1	6	6	6		---	0.034151606261730194	1	moderate	moderate	0.022	False	user_msa
Drosophila_virilis_Drosophila_virilis__Act5C__XP_002059576.1	6	6	6		---	0.034151606261730194	1	moderate	moderate	0.022	False	user_msa
Drosophila_willistoni_Drosophila_willistoni__LOC6641346__XP_023031150.1	6	6	6		---	0.034151606261730194	1	moderate	moderate	0.022	False	user_msa
Drosophila_yakuba_Drosophila_yakuba__LOC6525488__XP_002101323.1	6	6	6		---	0.034151606261730194	1	moderate	moderate	0.022	False	user_msa
Drosophila_ananassae_Drosophila_ananassae__LOC6504746__XP_032309021.1	7	7	7		---	0.03415364399552345	1	moderate	moderate	0.022	False	user_msa
Drosophila_biarmipes_Drosophila_biarmipes__LOC108031387__XP_050746516.1	7	7	7		---	0.03415364399552345	1	moderate	moderate	0.022	False	user_msa
Drosophila_mauritiana_Drosophila_mauritiana__LOC117148789__XP_033172290.1	7	7	7		---	0.03415364399552345	1	moderate	moderate	0.022	False	user_msa
Drosophila_melanogaster_Drosophila_melanogaster__Act5C__NP_511052.1	7	7	7		---	0.03415364399552345	1	moderate	moderate	0.022	False	user_msa
Drosophila_pseudoobscura_Drosophila_pseudoobscura__Act5C__XP_001354857.1	7	7	7		---	0.03415364399552345	1	moderate	moderate	0.022	False	user_msa
Drosophila_sechellia_Drosophila_sechellia__Act5C__XP_002036849.1	7	7	7		---	0.03415364399552345	1	moderate	moderate	0.022	False	user_msa
Drosophila_simulans_Drosophila_simulans__LOC6725225__XP_016038239.1	7	7	7		---	0.03415364399552345	1	moderate	moderate	0.022	False	user_msa
Drosophila_subobscura_Drosophila_subobscura__LOC117903845__XP_034672195.1	7	7	7		---	0.03415364399552345	1	moderate	moderate	0.022	False	user_msa
Drosophila_suzukii_Drosophila_suzukii__Act5C__XP_065724039.1	7	7	7		---	0.03415364399552345	1	moderate	moderate	0.022	False	user_msa
Drosophila_virilis_Drosophila_virilis__Act5C__XP_002059576.1	7	7	7		---	0.03415364399552345	1	moderate	moderate	0.022	False	user_msa
Drosophila_willistoni_Drosophila_willistoni__LOC6641346__XP_023031150.1	7	7	7		---	0.03415364399552345	1	moderate	moderate	0.022	False	user_msa
Drosophila_yakuba_Drosophila_yakuba__LOC6525488__XP_002101323.1	7	7	7		---	0.03415364399552345	1	moderate	moderate	0.022	False	user_msa
Drosophila_ananassae_Drosophila_ananassae__LOC6504746__XP_032309021.1	8	8	8		---	0.03415572643280029	1	moderate	moderate	0.022	False	user_msa
Drosophila_biarmipes_Drosophila_biarmipes__LOC108031387__XP_050746516.1	8	8	8		---	0.03415572643280029	1	moderate	moderate	0.022	False	user_msa
Drosophila_mauritiana_Drosophila_mauritiana__LOC117148789__XP_033172290.1	8	8	8		---	0.03415572643280029	1	moderate	moderate	0.022	False	user_msa
Drosophila_melanogaster_Drosophila_melanogaster__Act5C__NP_511052.1	8	8	8		---	0.03415572643280029	1	moderate	moderate	0.022	False	user_msa
Drosophila_pseudoobscura_Drosophila_pseudoobscura__Act5C__XP_001354857.1	8	8	8		---	0.03415572643280029	1	moderate	moderate	0.022	False	user_msa
Drosophila_sechellia_Drosophila_sechellia__Act5C__XP_002036849.1	8	8	8		---	0.03415572643280029	1	moderate	moderate	0.022	False	user_msa
Drosophila_simulans_Drosophila_simulans__LOC6725225__XP_016038239.1	8	8	8		---	0.03415572643280029	1	moderate	moderate	0.022	False	user_msa
Drosophila_subobscura_Drosophila_subobscura__LOC117903845__XP_034672195.1	8	8	8		---	0.03415572643280029	1	moderate	moderate	0.022	False	user_msa
Drosophila_suzukii_Drosophila_suzukii__Act5C__XP_065724039.1	8	8	8		---	0.03415572643280029	1	moderate	moderate	0.022	False	user_msa
Drosophila_virilis_Drosophila_virilis__Act5C__XP_002059576.1	8	8	8		---	0.03415572643280029	1	moderate	moderate	0.022	False	user_msa
Drosophila_willistoni_Drosophila_willistoni__LOC6641346__XP_023031150.1	8	8	8		---	0.03415572643280029	1	moderate	moderate	0.022	False	user_msa
Drosophila_yakuba_Drosophila_yakuba__LOC6525488__XP_002101323.1	8	8	8		---	0.03415572643280029	1	moderate	moderate	0.022	False	user_msa
Drosophila_ananassae_Drosophila_ananassae__LOC6504746__XP_032309021.1	9	9	9		---	0.03415774926543236	1	moderate	moderate	0.022	False	user_msa
Drosophila_biarmipes_Drosophila_biarmipes__LOC108031387__XP_050746516.1	9	9	9		---	0.03415774926543236	1	moderate	moderate	0.022	False	user_msa
Drosophila_mauritiana_Drosophila_mauritiana__LOC117148789__XP_033172290.1	9	9	9		---	0.03415774926543236	1	moderate	moderate	0.022	False	user_msa
Drosophila_melanogaster_Drosophila_melanogaster__Act5C__NP_511052.1	9	9	9		---	0.03415774926543236	1	moderate	moderate	0.022	False	user_msa
Drosophila_pseudoobscura_Drosophila_pseudoobscura__Act5C__XP_001354857.1	9	9	9		---	0.03415774926543236	1	moderate	moderate	0.022	False	user_msa
Drosophila_sechellia_Drosophila_sechellia__Act5C__XP_002036849.1	9	9	9		---	0.03415774926543236	1	moderate	moderate	0.022	False	user_msa
Drosophila_simulans_Drosophila_simulans__LOC6725225__XP_016038239.1	9	9	9		---	0.03415774926543236	1	moderate	moderate	0.022	False	user_msa
Drosophila_subobscura_Drosophila_subobscura__LOC117903845__XP_034672195.1	9	9	9		---	0.03415774926543236	1	moderate	moderate	0.022	False	user_msa
Drosophila_suzukii_Drosophila_suzukii__Act5C__XP_065724039.1	9	9	9		---	0.03415774926543236	1	moderate	moderate	0.022	False	user_msa
Drosophila_virilis_Drosophila_virilis__Act5C__XP_002059576.1	9	9	9		---	0.03415774926543236	1	moderate	moderate	0.022	False	user_msa
Drosophila_willistoni_Drosophila_willistoni__LOC6641346__XP_023031150.1	9	9	9		---	0.03415774926543236	1	moderate	moderate	0.022	False	user_msa
Drosophila_yakuba_Drosophila_yakuba__LOC6525488__XP_002101323.1	9	9	9		---	0.03415774926543236	1	moderate	moderate	0.022	False	user_msa
Drosophila_ananassae_Drosophila_ananassae__LOC6504746__XP_032309021.1	10	10	10		---	0.03415980562567711	1	moderate	moderate	0.022	False	user_msa
Drosophila_biarmipes_Drosophila_biarmipes__LOC108031387__XP_050746516.1	10	10	10		---	0.03415980562567711	1	moderate	moderate	0.022	False	user_msa
Drosophila_mauritiana_Drosophila_mauritiana__LOC117148789__XP_033172290.1	10	10	10		---	0.03415980562567711	1	moderate	moderate	0.022	False	user_msa
Drosophila_melanogaster_Drosophila_melanogaster__Act5C__NP_511052.1	10	10	10		---	0.03415980562567711	1	moderate	moderate	0.022	False	user_msa
Drosophila_pseudoobscura_Drosophila_pseudoobscura__Act5C__XP_001354857.1	10	10	10		---	0.03415980562567711	1	moderate	moderate	0.022	False	user_msa
Drosophila_sechellia_Drosophila_sechellia__Act5C__XP_002036849.1	10	10	10		---	0.03415980562567711	1	moderate	moderate	0.022	False	user_msa
Drosophila_simulans_Drosophila_simulans__LOC6725225__XP_016038239.1	10	10	10		---	0.03415980562567711	1	moderate	moderate	0.022	False	user_msa
Drosophila_subobscura_Drosophila_subobscura__LOC117903845__XP_034672195.1	10	10	10		---	0.03415980562567711	1	moderate	moderate	0.022	False	user_msa
Drosophila_suzukii_Drosophila_suzukii__Act5C__XP_065724039.1	10	10	10		---	0.03415980562567711	1	moderate	moderate	0.022	False	user_msa
Drosophila_virilis_Drosophila_virilis__Act5C__XP_002059576.1	10	10	10		---	0.03415980562567711	1	moderate	moderate	0.022	False	user_msa
Drosophila_willistoni_Drosophila_willistoni__LOC6641346__XP_023031150.1	10	10	10		---	0.03415980562567711	1	moderate	moderate	0.022	False	user_msa
Drosophila_yakuba_Drosophila_yakuba__LOC6525488__XP_002101323.1	10	10	10		---	0.03415980562567711	1	moderate	moderate	0.022	False	user_msa
Drosophila_ananassae_Drosophila_ananassae__LOC6504746__XP_032309021.1	11	11	11		---	0.03416181728243828	1	moderate	moderate	0.022	False	user_msa
Drosophila_biarmipes_Drosophila_biarmipes__LOC108031387__XP_050746516.1	11	11	11		---	0.03416181728243828	1	moderate	moderate	0.022	False	user_msa
Drosophila_mauritiana_Drosophila_mauritiana__LOC117148789__XP_033172290.1	11	11	11		---	0.03416181728243828	1	moderate	moderate	0.022	False	user_msa
Drosophila_melanogaster_Drosophila_melanogaster__Act5C__NP_511052.1	11	11	11		---	0.03416181728243828	1	moderate	moderate	0.022	False	user_msa
Drosophila_pseudoobscura_Drosophila_pseudoobscura__Act5C__XP_001354857.1	11	11	11		---	0.03416181728243828	1	moderate	moderate	0.022	False	user_msa
Drosophila_sechellia_Drosophila_sechellia__Act5C__XP_002036849.1	11	11	11		---	0.03416181728243828	1	moderate	moderate	0.022	False	user_msa
Drosophila_simulans_Drosophila_simulans__LOC6725225__XP_016038239.1	11	11	11		---	0.03416181728243828	1	moderate	moderate	0.022	False	user_msa
Drosophila_subobscura_Drosophila_subobscura__LOC117903845__XP_034672195.1	11	11	11		---	0.03416181728243828	1	moderate	moderate	0.022	False	user_msa
Drosophila_suzukii_Drosophila_suzukii__Act5C__XP_065724039.1	11	11	11		---	0.03416181728243828	1	moderate	moderate	0.022	False	user_msa
Drosophila_virilis_Drosophila_virilis__Act5C__XP_002059576.1	11	11	11		---	0.03416181728243828	1	moderate	moderate	0.022	False	user_msa
Drosophila_willistoni_Drosophila_willistoni__LOC6641346__XP_023031150.1	11	11	11		---	0.03416181728243828	1	moderate	moderate	0.022	False	user_msa
Drosophila_yakuba_Drosophila_yakuba__LOC6525488__XP_002101323.1	11	11	11		---	0.03416181728243828	1	moderate	moderate	0.022	False	user_msa
Drosophila_ananassae_Drosophila_ananassae__LOC6504746__XP_032309021.1	12	12	12		---	0.03416388854384422	1	moderate	moderate	0.022	False	user_msa
Drosophila_biarmipes_Drosophila_biarmipes__LOC108031387__XP_050746516.1	12	12	12		---	0.03416388854384422	1	moderate	moderate	0.022	False	user_msa
Drosophila_mauritiana_Drosophila_mauritiana__LOC117148789__XP_033172290.1	12	12	12		---	0.03416388854384422	1	moderate	moderate	0.022	False	user_msa
Drosophila_melanogaster_Drosophila_melanogaster__Act5C__NP_511052.1	12	12	12		---	0.03416388854384422	1	moderate	moderate	0.022	False	user_msa
Drosophila_pseudoobscura_Drosophila_pseudoobscura__Act5C__XP_001354857.1	12	12	12		---	0.03416388854384422	1	moderate	moderate	0.022	False	user_msa
Drosophila_sechellia_Drosophila_sechellia__Act5C__XP_002036849.1	12	12	12		---	0.03416388854384422	1	moderate	moderate	0.022	False	user_msa
Drosophila_simulans_Drosophila_simulans__LOC6725225__XP_016038239.1	12	12	12		---	0.03416388854384422	1	moderate	moderate	0.022	False	user_msa
Drosophila_subobscura_Drosophila_subobscura__LOC117903845__XP_034672195.1	12	12	12		---	0.03416388854384422	1	moderate	moderate	0.022	False	user_msa
Drosophila_suzukii_Drosophila_suzukii__Act5C__XP_065724039.1	12	12	12		---	0.03416388854384422	1	moderate	moderate	0.022	False	user_msa
Drosophila_virilis_Drosophila_virilis__Act5C__XP_002059576.1	12	12	12		---	0.03416388854384422	1	moderate	moderate	0.022	False	user_msa
Drosophila_willistoni_Drosophila_willistoni__LOC6641346__XP_023031150.1	12	12	12		---	0.03416388854384422	1	moderate	moderate	0.022	False	user_msa
Drosophila_yakuba_Drosophila_yakuba__LOC6525488__XP_002101323.1	12	12	12		---	0.03416388854384422	1	moderate	moderate	0.022	False	user_msa
Drosophila_ananassae_Drosophila_ananassae__LOC6504746__XP_032309021.1	13	13	13		---	0.034165963530540466	1	moderate	moderate	0.022	False	user_msa
Drosophila_biarmipes_Drosophila_biarmipes__LOC108031387__XP_050746516.1	13	13	13		---	0.034165963530540466	1	moderate	moderate	0.022	False	user_msa
Drosophila_mauritiana_Drosophila_mauritiana__LOC117148789__XP_033172290.1	13	13	13		---	0.034165963530540466	1	moderate	moderate	0.022	False	user_msa
Drosophila_melanogaster_Drosophila_melanogaster__Act5C__NP_511052.1	13	13	13		---	0.034165963530540466	1	moderate	moderate	0.022	False	user_msa
Drosophila_pseudoobscura_Drosophila_pseudoobscura__Act5C__XP_001354857.1	13	13	13		---	0.034165963530540466	1	moderate	moderate	0.022	False	user_msa
Drosophila_sechellia_Drosophila_sechellia__Act5C__XP_002036849.1	13	13	13		---	0.034165963530540466	1	moderate	moderate	0.022	False	user_msa
Drosophila_simulans_Drosophila_simulans__LOC6725225__XP_016038239.1	13	13	13		---	0.034165963530540466	1	moderate	moderate	0.022	False	user_msa
Drosophila_subobscura_Drosophila_subobscura__LOC117903845__XP_034672195.1	13	13	13		---	0.034165963530540466	1	moderate	moderate	0.022	False	user_msa
Drosophila_suzukii_Drosophila_suzukii__Act5C__XP_065724039.1	13	13	13		---	0.034165963530540466	1	moderate	moderate	0.022	False	user_msa
Drosophila_virilis_Drosophila_virilis__Act5C__XP_002059576.1	13	13	13		---	0.034165963530540466	1	moderate	moderate	0.022	False	user_msa
Drosophila_willistoni_Drosophila_willistoni__LOC6641346__XP_023031150.1	13	13	13		---	0.034165963530540466	1	moderate	moderate	0.022	False	user_msa
Drosophila_yakuba_Drosophila_yakuba__LOC6525488__XP_002101323.1	13	13	13		---	0.034165963530540466	1	moderate	moderate	0.022	False	user_msa
Drosophila_ananassae_Drosophila_ananassae__LOC6504746__XP_032309021.1	14	14	14		---	0.034167952835559845	1	moderate	moderate	0.022	False	user_msa
Drosophila_biarmipes_Drosophila_biarmipes__LOC108031387__XP_050746516.1	14	14	14		---	0.034167952835559845	1	moderate	moderate	0.022	False	user_msa
Drosophila_mauritiana_Drosophila_mauritiana__LOC117148789__XP_033172290.1	14	14	14		---	0.034167952835559845	1	moderate	moderate	0.022	False	user_msa
Drosophila_melanogaster_Drosophila_melanogaster__Act5C__NP_511052.1	14	14	14		---	0.034167952835559845	1	moderate	moderate	0.022	False	user_msa
Drosophila_pseudoobscura_Drosophila_pseudoobscura__Act5C__XP_001354857.1	14	14	14		---	0.034167952835559845	1	moderate	moderate	0.022	False	user_msa
Drosophila_sechellia_Drosophila_sechellia__Act5C__XP_002036849.1	14	14	14		---	0.034167952835559845	1	moderate	moderate	0.022	False	user_msa
Drosophila_simulans_Drosophila_simulans__LOC6725225__XP_016038239.1	14	14	14		---	0.034167952835559845	1	moderate	moderate	0.022	False	user_msa
Drosophila_subobscura_Drosophila_subobscura__LOC117903845__XP_034672195.1	14	14	14		---	0.034167952835559845	1	moderate	moderate	0.022	False	user_msa
Drosophila_suzukii_Drosophila_suzukii__Act5C__XP_065724039.1	14	14	14		---	0.034167952835559845	1	moderate	moderate	0.022	False	user_msa
Drosophila_virilis_Drosophila_virilis__Act5C__XP_002059576.1	14	14	14		---	0.034167952835559845	1	moderate	moderate	0.022	False	user_msa
Drosophila_willistoni_Drosophila_willistoni__LOC6641346__XP_023031150.1	14	14	14		---	0.034167952835559845	1	moderate	moderate	0.022	False	user_msa
Drosophila_yakuba_Drosophila_yakuba__LOC6525488__XP_002101323.1	14	14	14		---	0.034167952835559845	1	moderate	moderate	0.022	False	user_msa
Drosophila_ananassae_Drosophila_ananassae__LOC6504746__XP_032309021.1	15	15	15		---	0.03417001664638519	1	moderate	moderate	0.022	False	user_msa
Drosophila_biarmipes_Drosophila_biarmipes__LOC108031387__XP_050746516.1	15	15	15		---	0.03417001664638519	1	moderate	moderate	0.022	False	user_msa
Drosophila_mauritiana_Drosophila_mauritiana__LOC117148789__XP_033172290.1	15	15	15		---	0.03417001664638519	1	moderate	moderate	0.022	False	user_msa
Drosophila_melanogaster_Drosophila_melanogaster__Act5C__NP_511052.1	15	15	15		---	0.03417001664638519	1	moderate	moderate	0.022	False	user_msa
Drosophila_pseudoobscura_Drosophila_pseudoobscura__Act5C__XP_001354857.1	15	15	15		---	0.03417001664638519	1	moderate	moderate	0.022	False	user_msa
Drosophila_sechellia_Drosophila_sechellia__Act5C__XP_002036849.1	15	15	15		---	0.03417001664638519	1	moderate	moderate	0.022	False	user_msa
Drosophila_simulans_Drosophila_simulans__LOC6725225__XP_016038239.1	15	15	15		---	0.03417001664638519	1	moderate	moderate	0.022	False	user_msa
Drosophila_subobscura_Drosophila_subobscura__LOC117903845__XP_034672195.1	15	15	15		---	0.03417001664638519	1	moderate	moderate	0.022	False	user_msa
Drosophila_suzukii_Drosophila_suzukii__Act5C__XP_065724039.1	15	15	15		---	0.03417001664638519	1	moderate	moderate	0.022	False	user_msa
Drosophila_virilis_Drosophila_virilis__Act5C__XP_002059576.1	15	15	15		---	0.03417001664638519	1	moderate	moderate	0.022	False	user_msa
Drosophila_willistoni_Drosophila_willistoni__LOC6641346__XP_023031150.1	15	15	15		---	0.03417001664638519	1	moderate	moderate	0.022	False	user_msa
Drosophila_yakuba_Drosophila_yakuba__LOC6525488__XP_002101323.1	15	15	15		---	0.03417001664638519	1	moderate	moderate	0.022	False	user_msa
Drosophila_ananassae_Drosophila_ananassae__LOC6504746__XP_032309021.1	16	16	16		---	0.034172046929597855	1	moderate	moderate	0.022	False	user_msa
Drosophila_biarmipes_Drosophila_biarmipes__LOC108031387__XP_050746516.1	16	16	16		---	0.034172046929597855	1	moderate	moderate	0.022	False	user_msa
Drosophila_mauritiana_Drosophila_mauritiana__LOC117148789__XP_033172290.1	16	16	16		---	0.034172046929597855	1	moderate	moderate	0.022	False	user_msa
Drosophila_melanogaster_Drosophila_melanogaster__Act5C__NP_511052.1	16	16	16		---	0.034172046929597855	1	moderate	moderate	0.022	False	user_msa
Drosophila_pseudoobscura_Drosophila_pseudoobscura__Act5C__XP_001354857.1	16	16	16		---	0.034172046929597855	1	moderate	moderate	0.022	False	user_msa
Drosophila_sechellia_Drosophila_sechellia__Act5C__XP_002036849.1	16	16	16		---	0.034172046929597855	1	moderate	moderate	0.022	False	user_msa
Drosophila_simulans_Drosophila_simulans__LOC6725225__XP_016038239.1	16	16	16		---	0.034172046929597855	1	moderate	moderate	0.022	False	user_msa
Drosophila_subobscura_Drosophila_subobscura__LOC117903845__XP_034672195.1	16	16	16		---	0.034172046929597855	1	moderate	moderate	0.022	False	user_msa
Drosophila_suzukii_Drosophila_suzukii__Act5C__XP_065724039.1	16	16	16		---	0.034172046929597855	1	moderate	moderate	0.022	False	user_msa
Drosophila_virilis_Drosophila_virilis__Act5C__XP_002059576.1	16	16	16		---	0.034172046929597855	1	moderate	moderate	0.022	False	user_msa
Drosophila_willistoni_Drosophila_willistoni__LOC6641346__XP_023031150.1	16	16	16		---	0.034172046929597855	1	moderate	moderate	0.022	False	user_msa
Drosophila_yakuba_Drosophila_yakuba__LOC6525488__XP_002101323.1	16	16	16		---	0.034172046929597855	1	moderate	moderate	0.022	False	user_msa
Drosophila_ananassae_Drosophila_ananassae__LOC6504746__XP_032309021.1	17	17	17		---	0.034174129366874695	1	moderate	moderate	0.022	False	user_msa
Drosophila_biarmipes_Drosophila_biarmipes__LOC108031387__XP_050746516.1	17	17	17		---	0.034174129366874695	1	moderate	moderate	0.022	False	user_msa
Drosophila_mauritiana_Drosophila_mauritiana__LOC117148789__XP_033172290.1	17	17	17		---	0.034174129366874695	1	moderate	moderate	0.022	False	user_msa
Drosophila_melanogaster_Drosophila_melanogaster__Act5C__NP_511052.1	17	17	17		---	0.034174129366874695	1	moderate	moderate	0.022	False	user_msa
Drosophila_pseudoobscura_Drosophila_pseudoobscura__Act5C__XP_001354857.1	17	17	17		---	0.034174129366874695	1	moderate	moderate	0.022	False	user_msa
Drosophila_sechellia_Drosophila_sechellia__Act5C__XP_002036849.1	17	17	17		---	0.034174129366874695	1	moderate	moderate	0.022	False	user_msa
Drosophila_simulans_Drosophila_simulans__LOC6725225__XP_016038239.1	17	17	17		---	0.034174129366874695	1	moderate	moderate	0.022	False	user_msa
Drosophila_subobscura_Drosophila_subobscura__LOC117903845__XP_034672195.1	17	17	17		---	0.034174129366874695	1	moderate	moderate	0.022	False	user_msa
Drosophila_suzukii_Drosophila_suzukii__Act5C__XP_065724039.1	17	17	17		---	0.034174129366874695	1	moderate	moderate	0.022	False	user_msa
Drosophila_virilis_Drosophila_virilis__Act5C__XP_002059576.1	17	17	17		---	0.034174129366874695	1	moderate	moderate	0.022	False	user_msa
Drosophila_willistoni_Drosophila_willistoni__LOC6641346__XP_023031150.1	17	17	17		---	0.034174129366874695	1	moderate	moderate	0.022	False	user_msa
Drosophila_yakuba_Drosophila_yakuba__LOC6525488__XP_002101323.1	17	17	17		---	0.034174129366874695	1	moderate	moderate	0.022	False	user_msa
Drosophila_ananassae_Drosophila_ananassae__LOC6504746__XP_032309021.1	18	18	18		---	0.03417612984776497	1	moderate	moderate	0.022	False	user_msa
Drosophila_biarmipes_Drosophila_biarmipes__LOC108031387__XP_050746516.1	18	18	18		---	0.03417612984776497	1	moderate	moderate	0.022	False	user_msa
Drosophila_mauritiana_Drosophila_mauritiana__LOC117148789__XP_033172290.1	18	18	18		---	0.03417612984776497	1	moderate	moderate	0.022	False	user_msa
Drosophila_melanogaster_Drosophila_melanogaster__Act5C__NP_511052.1	18	18	18		---	0.03417612984776497	1	moderate	moderate	0.022	False	user_msa
Drosophila_pseudoobscura_Drosophila_pseudoobscura__Act5C__XP_001354857.1	18	18	18		---	0.03417612984776497	1	moderate	moderate	0.022	False	user_msa
Drosophila_sechellia_Drosophila_sechellia__Act5C__XP_002036849.1	18	18	18		---	0.03417612984776497	1	moderate	moderate	0.022	False	user_msa
Drosophila_simulans_Drosophila_simulans__LOC6725225__XP_016038239.1	18	18	18		---	0.03417612984776497	1	moderate	moderate	0.022	False	user_msa
Drosophila_subobscura_Drosophila_subobscura__LOC117903845__XP_034672195.1	18	18	18		---	0.03417612984776497	1	moderate	moderate	0.022	False	user_msa
Drosophila_suzukii_Drosophila_suzukii__Act5C__XP_065724039.1	18	18	18		---	0.03417612984776497	1	moderate	moderate	0.022	False	user_msa
Drosophila_virilis_Drosophila_virilis__Act5C__XP_002059576.1	18	18	18		---	0.03417612984776497	1	moderate	moderate	0.022	False	user_msa
Drosophila_willistoni_Drosophila_willistoni__LOC6641346__XP_023031150.1	18	18	18		---	0.03417612984776497	1	moderate	moderate	0.022	False	user_msa
Drosophila_yakuba_Drosophila_yakuba__LOC6525488__XP_002101323.1	18	18	18		---	0.03417612984776497	1	moderate	moderate	0.022	False	user_msa
Drosophila_ananassae_Drosophila_ananassae__LOC6504746__XP_032309021.1	19	19	19		---	0.034178223460912704	1	moderate	moderate	0.022	False	user_msa
Drosophila_biarmipes_Drosophila_biarmipes__LOC108031387__XP_050746516.1	19	19	19		---	0.034178223460912704	1	moderate	moderate	0.022	False	user_msa
Drosophila_mauritiana_Drosophila_mauritiana__LOC117148789__XP_033172290.1	19	19	19		---	0.034178223460912704	1	moderate	moderate	0.022	False	user_msa
Drosophila_melanogaster_Drosophila_melanogaster__Act5C__NP_511052.1	19	19	19		---	0.034178223460912704	1	moderate	moderate	0.022	False	user_msa
Drosophila_pseudoobscura_Drosophila_pseudoobscura__Act5C__XP_001354857.1	19	19	19		---	0.034178223460912704	1	moderate	moderate	0.022	False	user_msa
Drosophila_sechellia_Drosophila_sechellia__Act5C__XP_002036849.1	19	19	19		---	0.034178223460912704	1	moderate	moderate	0.022	False	user_msa
Drosophila_simulans_Drosophila_simulans__LOC6725225__XP_016038239.1	19	19	19		---	0.034178223460912704	1	moderate	moderate	0.022	False	user_msa
Drosophila_subobscura_Drosophila_subobscura__LOC117903845__XP_034672195.1	19	19	19		---	0.034178223460912704	1	moderate	moderate	0.022	False	user_msa
Drosophila_suzukii_Drosophila_suzukii__Act5C__XP_065724039.1	19	19	19		---	0.034178223460912704	1	moderate	moderate	0.022	False	user_msa
Drosophila_virilis_Drosophila_virilis__Act5C__XP_002059576.1	19	19	19		---	0.034178223460912704	1	moderate	moderate	0.022	False	user_msa
Drosophila_willistoni_Drosophila_willistoni__LOC6641346__XP_023031150.1	19	19	19		---	0.034178223460912704	1	moderate	moderate	0.022	False	user_msa
Drosophila_yakuba_Drosophila_yakuba__LOC6525488__XP_002101323.1	19	19	19		---	0.034178223460912704	1	moderate	moderate	0.022	False	user_msa
Drosophila_ananassae_Drosophila_ananassae__LOC6504746__XP_032309021.1	20	20	20		---	0.03418023884296417	1	moderate	moderate	0.022	False	user_msa
Drosophila_biarmipes_Drosophila_biarmipes__LOC108031387__XP_050746516.1	20	20	20		---	0.03418023884296417	1	moderate	moderate	0.022	False	user_msa
Drosophila_mauritiana_Drosophila_mauritiana__LOC117148789__XP_033172290.1	20	20	20		---	0.03418023884296417	1	moderate	moderate	0.022	False	user_msa
Drosophila_melanogaster_Drosophila_melanogaster__Act5C__NP_511052.1	20	20	20		---	0.03418023884296417	1	moderate	moderate	0.022	False	user_msa
Drosophila_pseudoobscura_Drosophila_pseudoobscura__Act5C__XP_001354857.1	20	20	20		---	0.03418023884296417	1	moderate	moderate	0.022	False	user_msa
Drosophila_sechellia_Drosophila_sechellia__Act5C__XP_002036849.1	20	20	20		---	0.03418023884296417	1	moderate	moderate	0.022	False	user_msa
Drosophila_simulans_Drosophila_simulans__LOC6725225__XP_016038239.1	20	20	20		---	0.03418023884296417	1	moderate	moderate	0.022	False	user_msa
Drosophila_subobscura_Drosophila_subobscura__LOC117903845__XP_034672195.1	20	20	20		---	0.03418023884296417	1	moderate	moderate	0.022	False	user_msa
Drosophila_suzukii_Drosophila_suzukii__Act5C__XP_065724039.1	20	20	20		---	0.03418023884296417	1	moderate	moderate	0.022	False	user_msa
Drosophila_virilis_Drosophila_virilis__Act5C__XP_002059576.1	20	20	20		---	0.03418023884296417	1	moderate	moderate	0.022	False	user_msa
Drosophila_willistoni_Drosophila_willistoni__LOC6641346__XP_023031150.1	20	20	20		---	0.03418023884296417	1	moderate	moderate	0.022	False	user_msa
Drosophila_yakuba_Drosophila_yakuba__LOC6525488__XP_002101323.1	20	20	20		---	0.03418023884296417	1	moderate	moderate	0.022	False	user_msa
Drosophila_ananassae_Drosophila_ananassae__LOC6504746__XP_032309021.1	21	21	21		---	0.03418230637907982	1	moderate	moderate	0.022	False	user_msa
Drosophila_biarmipes_Drosophila_biarmipes__LOC108031387__XP_050746516.1	21	21	21		---	0.03418230637907982	1	moderate	moderate	0.022	False	user_msa
Drosophila_mauritiana_Drosophila_mauritiana__LOC117148789__XP_033172290.1	21	21	21		---	0.03418230637907982	1	moderate	moderate	0.022	False	user_msa
Drosophila_melanogaster_Drosophila_melanogaster__Act5C__NP_511052.1	21	21	21		---	0.03418230637907982	1	moderate	moderate	0.022	False	user_msa
Drosophila_pseudoobscura_Drosophila_pseudoobscura__Act5C__XP_001354857.1	21	21	21		---	0.03418230637907982	1	moderate	moderate	0.022	False	user_msa
Drosophila_sechellia_Drosophila_sechellia__Act5C__XP_002036849.1	21	21	21		---	0.03418230637907982	1	moderate	moderate	0.022	False	user_msa
Drosophila_simulans_Drosophila_simulans__LOC6725225__XP_016038239.1	21	21	21		---	0.03418230637907982	1	moderate	moderate	0.022	False	user_msa
Drosophila_subobscura_Drosophila_subobscura__LOC117903845__XP_034672195.1	21	21	21		---	0.03418230637907982	1	moderate	moderate	0.022	False	user_msa
Drosophila_suzukii_Drosophila_suzukii__Act5C__XP_065724039.1	21	21	21		---	0.03418230637907982	1	moderate	moderate	0.022	False	user_msa
Drosophila_virilis_Drosophila_virilis__Act5C__XP_002059576.1	21	21	21		---	0.03418230637907982	1	moderate	moderate	0.022	False	user_msa
Drosophila_willistoni_Drosophila_willistoni__LOC6641346__XP_023031150.1	21	21	21		---	0.03418230637907982	1	moderate	moderate	0.022	False	user_msa
Drosophila_yakuba_Drosophila_yakuba__LOC6525488__XP_002101323.1	21	21	21		---	0.03418230637907982	1	moderate	moderate	0.022	False	user_msa
Drosophila_ananassae_Drosophila_ananassae__LOC6504746__XP_032309021.1	22	22	22		---	0.03418438509106636	1	moderate	moderate	0.022	False	user_msa
Drosophila_biarmipes_Drosophila_biarmipes__LOC108031387__XP_050746516.1	22	22	22		---	0.03418438509106636	1	moderate	moderate	0.022	False	user_msa
Drosophila_mauritiana_Drosophila_mauritiana__LOC117148789__XP_033172290.1	22	22	22		---	0.03418438509106636	1	moderate	moderate	0.022	False	user_msa
Drosophila_melanogaster_Drosophila_melanogaster__Act5C__NP_511052.1	22	22	22		---	0.03418438509106636	1	moderate	moderate	0.022	False	user_msa
Drosophila_pseudoobscura_Drosophila_pseudoobscura__Act5C__XP_001354857.1	22	22	22		---	0.03418438509106636	1	moderate	moderate	0.022	False	user_msa
Drosophila_sechellia_Drosophila_sechellia__Act5C__XP_002036849.1	22	22	22		---	0.03418438509106636	1	moderate	moderate	0.022	False	user_msa
Drosophila_simulans_Drosophila_simulans__LOC6725225__XP_016038239.1	22	22	22		---	0.03418438509106636	1	moderate	moderate	0.022	False	user_msa
Drosophila_subobscura_Drosophila_subobscura__LOC117903845__XP_034672195.1	22	22	22		---	0.03418438509106636	1	moderate	moderate	0.022	False	user_msa
Drosophila_suzukii_Drosophila_suzukii__Act5C__XP_065724039.1	22	22	22		---	0.03418438509106636	1	moderate	moderate	0.022	False	user_msa
Drosophila_virilis_Drosophila_virilis__Act5C__XP_002059576.1	22	22	22		---	0.03418438509106636	1	moderate	moderate	0.022	False	user_msa
Drosophila_willistoni_Drosophila_willistoni__LOC6641346__XP_023031150.1	22	22	22		---	0.03418438509106636	1	moderate	moderate	0.022	False	user_msa
Drosophila_yakuba_Drosophila_yakuba__LOC6525488__XP_002101323.1	22	22	22		---	0.03418438509106636	1	moderate	moderate	0.022	False	user_msa
Drosophila_ananassae_Drosophila_ananassae__LOC6504746__XP_032309021.1	23	23	23		---	0.03418642282485962	1	moderate	moderate	0.022	False	user_msa
Drosophila_biarmipes_Drosophila_biarmipes__LOC108031387__XP_050746516.1	23	23	23		---	0.03418642282485962	1	moderate	moderate	0.022	False	user_msa
Drosophila_mauritiana_Drosophila_mauritiana__LOC117148789__XP_033172290.1	23	23	23		---	0.03418642282485962	1	moderate	moderate	0.022	False	user_msa
Drosophila_melanogaster_Drosophila_melanogaster__Act5C__NP_511052.1	23	23	23		---	0.03418642282485962	1	moderate	moderate	0.022	False	user_msa
Drosophila_pseudoobscura_Drosophila_pseudoobscura__Act5C__XP_001354857.1	23	23	23		---	0.03418642282485962	1	moderate	moderate	0.022	False	user_msa
Drosophila_sechellia_Drosophila_sechellia__Act5C__XP_002036849.1	23	23	23		---	0.03418642282485962	1	moderate	moderate	0.022	False	user_msa
Drosophila_simulans_Drosophila_simulans__LOC6725225__XP_016038239.1	23	23	23		---	0.03418642282485962	1	moderate	moderate	0.022	False	user_msa
Drosophila_subobscura_Drosophila_subobscura__LOC117903845__XP_034672195.1	23	23	23		---	0.03418642282485962	1	moderate	moderate	0.022	False	user_msa
Drosophila_suzukii_Drosophila_suzukii__Act5C__XP_065724039.1	23	23	23		---	0.03418642282485962	1	moderate	moderate	0.022	False	user_msa
Drosophila_virilis_Drosophila_virilis__Act5C__XP_002059576.1	23	23	23		---	0.03418642282485962	1	moderate	moderate	0.022	False	user_msa
Drosophila_willistoni_Drosophila_willistoni__LOC6641346__XP_023031150.1	23	23	23		---	0.03418642282485962	1	moderate	moderate	0.022	False	user_msa
Drosophila_yakuba_Drosophila_yakuba__LOC6525488__XP_002101323.1	23	23	23		---	0.03418642282485962	1	moderate	moderate	0.022	False	user_msa
Drosophila_ananassae_Drosophila_ananassae__LOC6504746__XP_032309021.1	24	24	24		---	0.03418852016329765	1	moderate	moderate	0.022	False	user_msa
Drosophila_biarmipes_Drosophila_biarmipes__LOC108031387__XP_050746516.1	24	24	24		---	0.03418852016329765	1	moderate	moderate	0.022	False	user_msa
Drosophila_mauritiana_Drosophila_mauritiana__LOC117148789__XP_033172290.1	24	24	24		---	0.03418852016329765	1	moderate	moderate	0.022	False	user_msa
Drosophila_melanogaster_Drosophila_melanogaster__Act5C__NP_511052.1	24	24	24		---	0.03418852016329765	1	moderate	moderate	0.022	False	user_msa
Drosophila_pseudoobscura_Drosophila_pseudoobscura__Act5C__XP_001354857.1	24	24	24		---	0.03418852016329765	1	moderate	moderate	0.022	False	user_msa
Drosophila_sechellia_Drosophila_sechellia__Act5C__XP_002036849.1	24	24	24		---	0.03418852016329765	1	moderate	moderate	0.022	False	user_msa
Drosophila_simulans_Drosophila_simulans__LOC6725225__XP_016038239.1	24	24	24		---	0.03418852016329765	1	moderate	moderate	0.022	False	user_msa
Drosophila_subobscura_Drosophila_subobscura__LOC117903845__XP_034672195.1	24	24	24		---	0.03418852016329765	1	moderate	moderate	0.022	False	user_msa
Drosophila_suzukii_Drosophila_suzukii__Act5C__XP_065724039.1	24	24	24		---	0.03418852016329765	1	moderate	moderate	0.022	False	user_msa
Drosophila_virilis_Drosophila_virilis__Act5C__XP_002059576.1	24	24	24		---	0.03418852016329765	1	moderate	moderate	0.022	False	user_msa
Drosophila_willistoni_Drosophila_willistoni__LOC6641346__XP_023031150.1	24	24	24		---	0.03418852016329765	1	moderate	moderate	0.022	False	user_msa
Drosophila_yakuba_Drosophila_yakuba__LOC6525488__XP_002101323.1	24	24	24		---	0.03418852016329765	1	moderate	moderate	0.022	False	user_msa
Drosophila_ananassae_Drosophila_ananassae__LOC6504746__XP_032309021.1	25	25	25		---	0.03419050946831703	1	moderate	moderate	0.022	False	user_msa
Drosophila_biarmipes_Drosophila_biarmipes__LOC108031387__XP_050746516.1	25	25	25		---	0.03419050946831703	1	moderate	moderate	0.022	False	user_msa
Drosophila_mauritiana_Drosophila_mauritiana__LOC117148789__XP_033172290.1	25	25	25		---	0.03419050946831703	1	moderate	moderate	0.022	False	user_msa
Drosophila_melanogaster_Drosophila_melanogaster__Act5C__NP_511052.1	25	25	25		---	0.03419050946831703	1	moderate	moderate	0.022	False	user_msa
Drosophila_pseudoobscura_Drosophila_pseudoobscura__Act5C__XP_001354857.1	25	25	25		---	0.03419050946831703	1	moderate	moderate	0.022	False	user_msa
Drosophila_sechellia_Drosophila_sechellia__Act5C__XP_002036849.1	25	25	25		---	0.03419050946831703	1	moderate	moderate	0.022	False	user_msa
Drosophila_simulans_Drosophila_simulans__LOC6725225__XP_016038239.1	25	25	25		---	0.03419050946831703	1	moderate	moderate	0.022	False	user_msa
Drosophila_subobscura_Drosophila_subobscura__LOC117903845__XP_034672195.1	25	25	25		---	0.03419050946831703	1	moderate	moderate	0.022	False	user_msa
Drosophila_suzukii_Drosophila_suzukii__Act5C__XP_065724039.1	25	25	25		---	0.03419050946831703	1	moderate	moderate	0.022	False	user_msa
Drosophila_virilis_Drosophila_virilis__Act5C__XP_002059576.1	25	25	25		---	0.03419050946831703	1	moderate	moderate	0.022	False	user_msa
Drosophila_willistoni_Drosophila_willistoni__LOC6641346__XP_023031150.1	25	25	25		---	0.03419050946831703	1	moderate	moderate	0.022	False	user_msa
Drosophila_yakuba_Drosophila_yakuba__LOC6525488__XP_002101323.1	25	25	25		---	0.03419050946831703	1	moderate	moderate	0.022	False	user_msa
Drosophila_ananassae_Drosophila_ananassae__LOC6504746__XP_032309021.1	26	26	26		---	0.03419256582856178	1	moderate	moderate	0.022	False	user_msa
Drosophila_biarmipes_Drosophila_biarmipes__LOC108031387__XP_050746516.1	26	26	26		---	0.03419256582856178	1	moderate	moderate	0.022	False	user_msa
Drosophila_mauritiana_Drosophila_mauritiana__LOC117148789__XP_033172290.1	26	26	26		---	0.03419256582856178	1	moderate	moderate	0.022	False	user_msa
Drosophila_melanogaster_Drosophila_melanogaster__Act5C__NP_511052.1	26	26	26		---	0.03419256582856178	1	moderate	moderate	0.022	False	user_msa
Drosophila_pseudoobscura_Drosophila_pseudoobscura__Act5C__XP_001354857.1	26	26	26		---	0.03419256582856178	1	moderate	moderate	0.022	False	user_msa
Drosophila_sechellia_Drosophila_sechellia__Act5C__XP_002036849.1	26	26	26		---	0.03419256582856178	1	moderate	moderate	0.022	False	user_msa
Drosophila_simulans_Drosophila_simulans__LOC6725225__XP_016038239.1	26	26	26		---	0.03419256582856178	1	moderate	moderate	0.022	False	user_msa
Drosophila_subobscura_Drosophila_subobscura__LOC117903845__XP_034672195.1	26	26	26		---	0.03419256582856178	1	moderate	moderate	0.022	False	user_msa
Drosophila_suzukii_Drosophila_suzukii__Act5C__XP_065724039.1	26	26	26		---	0.03419256582856178	1	moderate	moderate	0.022	False	user_msa
Drosophila_virilis_Drosophila_virilis__Act5C__XP_002059576.1	26	26	26		---	0.03419256582856178	1	moderate	moderate	0.022	False	user_msa
Drosophila_willistoni_Drosophila_willistoni__LOC6641346__XP_023031150.1	26	26	26		---	0.03419256582856178	1	moderate	moderate	0.022	False	user_msa
Drosophila_yakuba_Drosophila_yakuba__LOC6525488__XP_002101323.1	26	26	26		---	0.03419256582856178	1	moderate	moderate	0.022	False	user_msa
Drosophila_ananassae_Drosophila_ananassae__LOC6504746__XP_032309021.1	27	27	27		---	0.03419460356235504	1	moderate	moderate	0.022	False	user_msa
Drosophila_biarmipes_Drosophila_biarmipes__LOC108031387__XP_050746516.1	27	27	27		---	0.03419460356235504	1	moderate	moderate	0.022	False	user_msa
Drosophila_mauritiana_Drosophila_mauritiana__LOC117148789__XP_033172290.1	27	27	27		---	0.03419460356235504	1	moderate	moderate	0.022	False	user_msa
Drosophila_melanogaster_Drosophila_melanogaster__Act5C__NP_511052.1	27	27	27		---	0.03419460356235504	1	moderate	moderate	0.022	False	user_msa
Drosophila_pseudoobscura_Drosophila_pseudoobscura__Act5C__XP_001354857.1	27	27	27		---	0.03419460356235504	1	moderate	moderate	0.022	False	user_msa
Drosophila_sechellia_Drosophila_sechellia__Act5C__XP_002036849.1	27	27	27		---	0.03419460356235504	1	moderate	moderate	0.022	False	user_msa
Drosophila_simulans_Drosophila_simulans__LOC6725225__XP_016038239.1	27	27	27		---	0.03419460356235504	1	moderate	moderate	0.022	False	user_msa
Drosophila_subobscura_Drosophila_subobscura__LOC117903845__XP_034672195.1	27	27	27		---	0.03419460356235504	1	moderate	moderate	0.022	False	user_msa
Drosophila_suzukii_Drosophila_suzukii__Act5C__XP_065724039.1	27	27	27		---	0.03419460356235504	1	moderate	moderate	0.022	False	user_msa
Drosophila_virilis_Drosophila_virilis__Act5C__XP_002059576.1	27	27	27		---	0.03419460356235504	1	moderate	moderate	0.022	False	user_msa
Drosophila_willistoni_Drosophila_willistoni__LOC6641346__XP_023031150.1	27	27	27		---	0.03419460356235504	1	moderate	moderate	0.022	False	user_msa
Drosophila_yakuba_Drosophila_yakuba__LOC6525488__XP_002101323.1	27	27	27		---	0.03419460356235504	1	moderate	moderate	0.022	False	user_msa
Drosophila_ananassae_Drosophila_ananassae__LOC6504746__XP_032309021.1	28	28	28		---	0.034196674823760986	1	moderate	moderate	0.022	False	user_msa
Drosophila_biarmipes_Drosophila_biarmipes__LOC108031387__XP_050746516.1	28	28	28		---	0.034196674823760986	1	moderate	moderate	0.022	False	user_msa
Drosophila_mauritiana_Drosophila_mauritiana__LOC117148789__XP_033172290.1	28	28	28		---	0.034196674823760986	1	moderate	moderate	0.022	False	user_msa
Drosophila_melanogaster_Drosophila_melanogaster__Act5C__NP_511052.1	28	28	28		---	0.034196674823760986	1	moderate	moderate	0.022	False	user_msa
Drosophila_pseudoobscura_Drosophila_pseudoobscura__Act5C__XP_001354857.1	28	28	28		---	0.034196674823760986	1	moderate	moderate	0.022	False	user_msa
Drosophila_sechellia_Drosophila_sechellia__Act5C__XP_002036849.1	28	28	28		---	0.034196674823760986	1	moderate	moderate	0.022	False	user_msa
Drosophila_simulans_Drosophila_simulans__LOC6725225__XP_016038239.1	28	28	28		---	0.034196674823760986	1	moderate	moderate	0.022	False	user_msa
Drosophila_subobscura_Drosophila_subobscura__LOC117903845__XP_034672195.1	28	28	28		---	0.034196674823760986	1	moderate	moderate	0.022	False	user_msa
Drosophila_suzukii_Drosophila_suzukii__Act5C__XP_065724039.1	28	28	28		---	0.034196674823760986	1	moderate	moderate	0.022	False	user_msa
Drosophila_virilis_Drosophila_virilis__Act5C__XP_002059576.1	28	28	28		---	0.034196674823760986	1	moderate	moderate	0.022	False	user_msa
Drosophila_willistoni_Drosophila_willistoni__LOC6641346__XP_023031150.1	28	28	28		---	0.034196674823760986	1	moderate	moderate	0.022	False	user_msa
Drosophila_yakuba_Drosophila_yakuba__LOC6525488__XP_002101323.1	28	28	28		---	0.034196674823760986	1	moderate	moderate	0.022	False	user_msa
Drosophila_ananassae_Drosophila_ananassae__LOC6504746__XP_032309021.1	29	29	29		---	0.03419869765639305	1	moderate	moderate	0.022	False	user_msa
Drosophila_biarmipes_Drosophila_biarmipes__LOC108031387__XP_050746516.1	29	29	29		---	0.03419869765639305	1	moderate	moderate	0.022	False	user_msa
Drosophila_mauritiana_Drosophila_mauritiana__LOC117148789__XP_033172290.1	29	29	29		---	0.03419869765639305	1	moderate	moderate	0.022	False	user_msa
Drosophila_melanogaster_Drosophila_melanogaster__Act5C__NP_511052.1	29	29	29		---	0.03419869765639305	1	moderate	moderate	0.022	False	user_msa
Drosophila_pseudoobscura_Drosophila_pseudoobscura__Act5C__XP_001354857.1	29	29	29		---	0.03419869765639305	1	moderate	moderate	0.022	False	user_msa
Drosophila_sechellia_Drosophila_sechellia__Act5C__XP_002036849.1	29	29	29		---	0.03419869765639305	1	moderate	moderate	0.022	False	user_msa
Drosophila_simulans_Drosophila_simulans__LOC6725225__XP_016038239.1	29	29	29		---	0.03419869765639305	1	moderate	moderate	0.022	False	user_msa
Drosophila_subobscura_Drosophila_subobscura__LOC117903845__XP_034672195.1	29	29	29		---	0.03419869765639305	1	moderate	moderate	0.022	False	user_msa
Drosophila_suzukii_Drosophila_suzukii__Act5C__XP_065724039.1	29	29	29		---	0.03419869765639305	1	moderate	moderate	0.022	False	user_msa
Drosophila_virilis_Drosophila_virilis__Act5C__XP_002059576.1	29	29	29		---	0.03419869765639305	1	moderate	moderate	0.022	False	user_msa
Drosophila_willistoni_Drosophila_willistoni__LOC6641346__XP_023031150.1	29	29	29		---	0.03419869765639305	1	moderate	moderate	0.022	False	user_msa
Drosophila_yakuba_Drosophila_yakuba__LOC6525488__XP_002101323.1	29	29	29		---	0.03419869765639305	1	moderate	moderate	0.022	False	user_msa
Drosophila_ananassae_Drosophila_ananassae__LOC6504746__XP_032309021.1	30	30	30		---	0.034200724214315414	1	moderate	moderate	0.022	False	user_msa
Drosophila_biarmipes_Drosophila_biarmipes__LOC108031387__XP_050746516.1	30	30	30		---	0.034200724214315414	1	moderate	moderate	0.022	False	user_msa
Drosophila_mauritiana_Drosophila_mauritiana__LOC117148789__XP_033172290.1	30	30	30		---	0.034200724214315414	1	moderate	moderate	0.022	False	user_msa
Drosophila_melanogaster_Drosophila_melanogaster__Act5C__NP_511052.1	30	30	30		---	0.034200724214315414	1	moderate	moderate	0.022	False	user_msa
Drosophila_pseudoobscura_Drosophila_pseudoobscura__Act5C__XP_001354857.1	30	30	30		---	0.034200724214315414	1	moderate	moderate	0.022	False	user_msa
Drosophila_sechellia_Drosophila_sechellia__Act5C__XP_002036849.1	30	30	30		---	0.034200724214315414	1	moderate	moderate	0.022	False	user_msa
Drosophila_simulans_Drosophila_simulans__LOC6725225__XP_016038239.1	30	30	30		---	0.034200724214315414	1	moderate	moderate	0.022	False	user_msa
Drosophila_subobscura_Drosophila_subobscura__LOC117903845__XP_034672195.1	30	30	30		---	0.034200724214315414	1	moderate	moderate	0.022	False	user_msa
Drosophila_suzukii_Drosophila_suzukii__Act5C__XP_065724039.1	30	30	30		---	0.034200724214315414	1	moderate	moderate	0.022	False	user_msa
Drosophila_virilis_Drosophila_virilis__Act5C__XP_002059576.1	30	30	30		---	0.034200724214315414	1	moderate	moderate	0.022	False	user_msa
Drosophila_willistoni_Drosophila_willistoni__LOC6641346__XP_023031150.1	30	30	30		---	0.034200724214315414	1	moderate	moderate	0.022	False	user_msa
Drosophila_yakuba_Drosophila_yakuba__LOC6525488__XP_002101323.1	30	30	30		---	0.034200724214315414	1	moderate	moderate	0.022	False	user_msa
Drosophila_ananassae_Drosophila_ananassae__LOC6504746__XP_032309021.1	31	31	31		---	0.034202784299850464	1	moderate	moderate	0.022	False	user_msa
Drosophila_biarmipes_Drosophila_biarmipes__LOC108031387__XP_050746516.1	31	31	31		---	0.034202784299850464	1	moderate	moderate	0.022	False	user_msa
Drosophila_mauritiana_Drosophila_mauritiana__LOC117148789__XP_033172290.1	31	31	31		---	0.034202784299850464	1	moderate	moderate	0.022	False	user_msa
Drosophila_melanogaster_Drosophila_melanogaster__Act5C__NP_511052.1	31	31	31		---	0.034202784299850464	1	moderate	moderate	0.022	False	user_msa
Drosophila_pseudoobscura_Drosophila_pseudoobscura__Act5C__XP_001354857.1	31	31	31		---	0.034202784299850464	1	moderate	moderate	0.022	False	user_msa
Drosophila_sechellia_Drosophila_sechellia__Act5C__XP_002036849.1	31	31	31		---	0.034202784299850464	1	moderate	moderate	0.022	False	user_msa
Drosophila_simulans_Drosophila_simulans__LOC6725225__XP_016038239.1	31	31	31		---	0.034202784299850464	1	moderate	moderate	0.022	False	user_msa
Drosophila_subobscura_Drosophila_subobscura__LOC117903845__XP_034672195.1	31	31	31		---	0.034202784299850464	1	moderate	moderate	0.022	False	user_msa
Drosophila_suzukii_Drosophila_suzukii__Act5C__XP_065724039.1	31	31	31		---	0.034202784299850464	1	moderate	moderate	0.022	False	user_msa
Drosophila_virilis_Drosophila_virilis__Act5C__XP_002059576.1	31	31	31		---	0.034202784299850464	1	moderate	moderate	0.022	False	user_msa
Drosophila_willistoni_Drosophila_willistoni__LOC6641346__XP_023031150.1	31	31	31		---	0.034202784299850464	1	moderate	moderate	0.022	False	user_msa
Drosophila_yakuba_Drosophila_yakuba__LOC6525488__XP_002101323.1	31	31	31		---	0.034202784299850464	1	moderate	moderate	0.022	False	user_msa
Drosophila_ananassae_Drosophila_ananassae__LOC6504746__XP_032309021.1	32	32	32		---	0.03420483320951462	1	moderate	moderate	0.022	False	user_msa
Drosophila_biarmipes_Drosophila_biarmipes__LOC108031387__XP_050746516.1	32	32	32		---	0.03420483320951462	1	moderate	moderate	0.022	False	user_msa
Drosophila_mauritiana_Drosophila_mauritiana__LOC117148789__XP_033172290.1	32	32	32		---	0.03420483320951462	1	moderate	moderate	0.022	False	user_msa
Drosophila_melanogaster_Drosophila_melanogaster__Act5C__NP_511052.1	32	32	32		---	0.03420483320951462	1	moderate	moderate	0.022	False	user_msa
Drosophila_pseudoobscura_Drosophila_pseudoobscura__Act5C__XP_001354857.1	32	32	32		---	0.03420483320951462	1	moderate	moderate	0.022	False	user_msa
Drosophila_sechellia_Drosophila_sechellia__Act5C__XP_002036849.1	32	32	32		---	0.03420483320951462	1	moderate	moderate	0.022	False	user_msa
Drosophila_simulans_Drosophila_simulans__LOC6725225__XP_016038239.1	32	32	32		---	0.03420483320951462	1	moderate	moderate	0.022	False	user_msa
Drosophila_subobscura_Drosophila_subobscura__LOC117903845__XP_034672195.1	32	32	32		---	0.03420483320951462	1	moderate	moderate	0.022	False	user_msa
Drosophila_suzukii_Drosophila_suzukii__Act5C__XP_065724039.1	32	32	32		---	0.03420483320951462	1	moderate	moderate	0.022	False	user_msa
Drosophila_virilis_Drosophila_virilis__Act5C__XP_002059576.1	32	32	32		---	0.03420483320951462	1	moderate	moderate	0.022	False	user_msa
Drosophila_willistoni_Drosophila_willistoni__LOC6641346__XP_023031150.1	32	32	32		---	0.03420483320951462	1	moderate	moderate	0.022	False	user_msa
Drosophila_yakuba_Drosophila_yakuba__LOC6525488__XP_002101323.1	32	32	32		---	0.03420483320951462	1	moderate	moderate	0.022	False	user_msa
Drosophila_ananassae_Drosophila_ananassae__LOC6504746__XP_032309021.1	33	33	33		---	0.03420695289969444	1	moderate	moderate	0.022	False	user_msa
Drosophila_biarmipes_Drosophila_biarmipes__LOC108031387__XP_050746516.1	33	33	33		---	0.03420695289969444	1	moderate	moderate	0.022	False	user_msa
Drosophila_mauritiana_Drosophila_mauritiana__LOC117148789__XP_033172290.1	33	33	33		---	0.03420695289969444	1	moderate	moderate	0.022	False	user_msa
Drosophila_melanogaster_Drosophila_melanogaster__Act5C__NP_511052.1	33	33	33		---	0.03420695289969444	1	moderate	moderate	0.022	False	user_msa
Drosophila_pseudoobscura_Drosophila_pseudoobscura__Act5C__XP_001354857.1	33	33	33		---	0.03420695289969444	1	moderate	moderate	0.022	False	user_msa
Drosophila_sechellia_Drosophila_sechellia__Act5C__XP_002036849.1	33	33	33		---	0.03420695289969444	1	moderate	moderate	0.022	False	user_msa
Drosophila_simulans_Drosophila_simulans__LOC6725225__XP_016038239.1	33	33	33		---	0.03420695289969444	1	moderate	moderate	0.022	False	user_msa
Drosophila_subobscura_Drosophila_subobscura__LOC117903845__XP_034672195.1	33	33	33		---	0.03420695289969444	1	moderate	moderate	0.022	False	user_msa
Drosophila_suzukii_Drosophila_suzukii__Act5C__XP_065724039.1	33	33	33		---	0.03420695289969444	1	moderate	moderate	0.022	False	user_msa
Drosophila_virilis_Drosophila_virilis__Act5C__XP_002059576.1	33	33	33		---	0.03420695289969444	1	moderate	moderate	0.022	False	user_msa
Drosophila_willistoni_Drosophila_willistoni__LOC6641346__XP_023031150.1	33	33	33		---	0.03420695289969444	1	moderate	moderate	0.022	False	user_msa
Drosophila_yakuba_Drosophila_yakuba__LOC6525488__XP_002101323.1	33	33	33		---	0.03420695289969444	1	moderate	moderate	0.022	False	user_msa
Drosophila_ananassae_Drosophila_ananassae__LOC6504746__XP_032309021.1	34	34	34		---	0.034208979457616806	1	moderate	moderate	0.022	False	user_msa
Drosophila_biarmipes_Drosophila_biarmipes__LOC108031387__XP_050746516.1	34	34	34		---	0.034208979457616806	1	moderate	moderate	0.022	False	user_msa
Drosophila_mauritiana_Drosophila_mauritiana__LOC117148789__XP_033172290.1	34	34	34		---	0.034208979457616806	1	moderate	moderate	0.022	False	user_msa
Drosophila_melanogaster_Drosophila_melanogaster__Act5C__NP_511052.1	34	34	34		---	0.034208979457616806	1	moderate	moderate	0.022	False	user_msa
Drosophila_pseudoobscura_Drosophila_pseudoobscura__Act5C__XP_001354857.1	34	34	34		---	0.034208979457616806	1	moderate	moderate	0.022	False	user_msa
Drosophila_sechellia_Drosophila_sechellia__Act5C__XP_002036849.1	34	34	34		---	0.034208979457616806	1	moderate	moderate	0.022	False	user_msa
Drosophila_simulans_Drosophila_simulans__LOC6725225__XP_016038239.1	34	34	34		---	0.034208979457616806	1	moderate	moderate	0.022	False	user_msa
Drosophila_subobscura_Drosophila_subobscura__LOC117903845__XP_034672195.1	34	34	34		---	0.034208979457616806	1	moderate	moderate	0.022	False	user_msa
Drosophila_suzukii_Drosophila_suzukii__Act5C__XP_065724039.1	34	34	34		---	0.034208979457616806	1	moderate	moderate	0.022	False	user_msa
Drosophila_virilis_Drosophila_virilis__Act5C__XP_002059576.1	34	34	34		---	0.034208979457616806	1	moderate	moderate	0.022	False	user_msa
Drosophila_willistoni_Drosophila_willistoni__LOC6641346__XP_023031150.1	34	34	34		---	0.034208979457616806	1	moderate	moderate	0.022	False	user_msa
Drosophila_yakuba_Drosophila_yakuba__LOC6525488__XP_002101323.1	34	34	34		---	0.034208979457616806	1	moderate	moderate	0.022	False	user_msa
Drosophila_ananassae_Drosophila_ananassae__LOC6504746__XP_032309021.1	35	35	35		---	0.03421103209257126	1	moderate	moderate	0.022	False	user_msa
Drosophila_biarmipes_Drosophila_biarmipes__LOC108031387__XP_050746516.1	35	35	35		---	0.03421103209257126	1	moderate	moderate	0.022	False	user_msa
Drosophila_mauritiana_Drosophila_mauritiana__LOC117148789__XP_033172290.1	35	35	35		---	0.03421103209257126	1	moderate	moderate	0.022	False	user_msa
Drosophila_melanogaster_Drosophila_melanogaster__Act5C__NP_511052.1	35	35	35		---	0.03421103209257126	1	moderate	moderate	0.022	False	user_msa
Drosophila_pseudoobscura_Drosophila_pseudoobscura__Act5C__XP_001354857.1	35	35	35		---	0.03421103209257126	1	moderate	moderate	0.022	False	user_msa
Drosophila_sechellia_Drosophila_sechellia__Act5C__XP_002036849.1	35	35	35		---	0.03421103209257126	1	moderate	moderate	0.022	False	user_msa
Drosophila_simulans_Drosophila_simulans__LOC6725225__XP_016038239.1	35	35	35		---	0.03421103209257126	1	moderate	moderate	0.022	False	user_msa
Drosophila_subobscura_Drosophila_subobscura__LOC117903845__XP_034672195.1	35	35	35		---	0.03421103209257126	1	moderate	moderate	0.022	False	user_msa
Drosophila_suzukii_Drosophila_suzukii__Act5C__XP_065724039.1	35	35	35		---	0.03421103209257126	1	moderate	moderate	0.022	False	user_msa
Drosophila_virilis_Drosophila_virilis__Act5C__XP_002059576.1	35	35	35		---	0.03421103209257126	1	moderate	moderate	0.022	False	user_msa
Drosophila_willistoni_Drosophila_willistoni__LOC6641346__XP_023031150.1	35	35	35		---	0.03421103209257126	1	moderate	moderate	0.022	False	user_msa
Drosophila_yakuba_Drosophila_yakuba__LOC6525488__XP_002101323.1	35	35	35		---	0.03421103209257126	1	moderate	moderate	0.022	False	user_msa
Drosophila_ananassae_Drosophila_ananassae__LOC6504746__XP_032309021.1	36	36	36		---	0.03421305865049362	1	moderate	moderate	0.022	False	user_msa
Drosophila_biarmipes_Drosophila_biarmipes__LOC108031387__XP_050746516.1	36	36	36		---	0.03421305865049362	1	moderate	moderate	0.022	False	user_msa
Drosophila_mauritiana_Drosophila_mauritiana__LOC117148789__XP_033172290.1	36	36	36		---	0.03421305865049362	1	moderate	moderate	0.022	False	user_msa
Drosophila_melanogaster_Drosophila_melanogaster__Act5C__NP_511052.1	36	36	36		---	0.03421305865049362	1	moderate	moderate	0.022	False	user_msa
Drosophila_pseudoobscura_Drosophila_pseudoobscura__Act5C__XP_001354857.1	36	36	36		---	0.03421305865049362	1	moderate	moderate	0.022	False	user_msa
Drosophila_sechellia_Drosophila_sechellia__Act5C__XP_002036849.1	36	36	36		---	0.03421305865049362	1	moderate	moderate	0.022	False	user_msa
Drosophila_simulans_Drosophila_simulans__LOC6725225__XP_016038239.1	36	36	36		---	0.03421305865049362	1	moderate	moderate	0.022	False	user_msa
Drosophila_subobscura_Drosophila_subobscura__LOC117903845__XP_034672195.1	36	36	36		---	0.03421305865049362	1	moderate	moderate	0.022	False	user_msa
Drosophila_suzukii_Drosophila_suzukii__Act5C__XP_065724039.1	36	36	36		---	0.03421305865049362	1	moderate	moderate	0.022	False	user_msa
Drosophila_virilis_Drosophila_virilis__Act5C__XP_002059576.1	36	36	36		---	0.03421305865049362	1	moderate	moderate	0.022	False	user_msa
Drosophila_willistoni_Drosophila_willistoni__LOC6641346__XP_023031150.1	36	36	36		---	0.03421305865049362	1	moderate	moderate	0.022	False	user_msa
Drosophila_yakuba_Drosophila_yakuba__LOC6525488__XP_002101323.1	36	36	36		---	0.03421305865049362	1	moderate	moderate	0.022	False	user_msa
Drosophila_ananassae_Drosophila_ananassae__LOC6504746__XP_032309021.1	37	37	37		---	0.03421512246131897	1	moderate	moderate	0.022	False	user_msa
Drosophila_biarmipes_Drosophila_biarmipes__LOC108031387__XP_050746516.1	37	37	37		---	0.03421512246131897	1	moderate	moderate	0.022	False	user_msa
Drosophila_mauritiana_Drosophila_mauritiana__LOC117148789__XP_033172290.1	37	37	37		---	0.03421512246131897	1	moderate	moderate	0.022	False	user_msa
Drosophila_melanogaster_Drosophila_melanogaster__Act5C__NP_511052.1	37	37	37		---	0.03421512246131897	1	moderate	moderate	0.022	False	user_msa
Drosophila_pseudoobscura_Drosophila_pseudoobscura__Act5C__XP_001354857.1	37	37	37		---	0.03421512246131897	1	moderate	moderate	0.022	False	user_msa
Drosophila_sechellia_Drosophila_sechellia__Act5C__XP_002036849.1	37	37	37		---	0.03421512246131897	1	moderate	moderate	0.022	False	user_msa
Drosophila_simulans_Drosophila_simulans__LOC6725225__XP_016038239.1	37	37	37		---	0.03421512246131897	1	moderate	moderate	0.022	False	user_msa
Drosophila_subobscura_Drosophila_subobscura__LOC117903845__XP_034672195.1	37	37	37		---	0.03421512246131897	1	moderate	moderate	0.022	False	user_msa
Drosophila_suzukii_Drosophila_suzukii__Act5C__XP_065724039.1	37	37	37		---	0.03421512246131897	1	moderate	moderate	0.022	False	user_msa
Drosophila_virilis_Drosophila_virilis__Act5C__XP_002059576.1	37	37	37		---	0.03421512246131897	1	moderate	moderate	0.022	False	user_msa
Drosophila_willistoni_Drosophila_willistoni__LOC6641346__XP_023031150.1	37	37	37		---	0.03421512246131897	1	moderate	moderate	0.022	False	user_msa
Drosophila_yakuba_Drosophila_yakuba__LOC6525488__XP_002101323.1	37	37	37		---	0.03421512246131897	1	moderate	moderate	0.022	False	user_msa
Drosophila_ananassae_Drosophila_ananassae__LOC6504746__XP_032309021.1	38	38	38		---	0.03421717882156372	1	moderate	moderate	0.022	False	user_msa
Drosophila_biarmipes_Drosophila_biarmipes__LOC108031387__XP_050746516.1	38	38	38		---	0.03421717882156372	1	moderate	moderate	0.022	False	user_msa
Drosophila_mauritiana_Drosophila_mauritiana__LOC117148789__XP_033172290.1	38	38	38		---	0.03421717882156372	1	moderate	moderate	0.022	False	user_msa
Drosophila_melanogaster_Drosophila_melanogaster__Act5C__NP_511052.1	38	38	38		---	0.03421717882156372	1	moderate	moderate	0.022	False	user_msa
Drosophila_pseudoobscura_Drosophila_pseudoobscura__Act5C__XP_001354857.1	38	38	38		---	0.03421717882156372	1	moderate	moderate	0.022	False	user_msa
Drosophila_sechellia_Drosophila_sechellia__Act5C__XP_002036849.1	38	38	38		---	0.03421717882156372	1	moderate	moderate	0.022	False	user_msa
Drosophila_simulans_Drosophila_simulans__LOC6725225__XP_016038239.1	38	38	38		---	0.03421717882156372	1	moderate	moderate	0.022	False	user_msa
Drosophila_subobscura_Drosophila_subobscura__LOC117903845__XP_034672195.1	38	38	38		---	0.03421717882156372	1	moderate	moderate	0.022	False	user_msa
Drosophila_suzukii_Drosophila_suzukii__Act5C__XP_065724039.1	38	38	38		---	0.03421717882156372	1	moderate	moderate	0.022	False	user_msa
Drosophila_virilis_Drosophila_virilis__Act5C__XP_002059576.1	38	38	38		---	0.03421717882156372	1	moderate	moderate	0.022	False	user_msa
Drosophila_willistoni_Drosophila_willistoni__LOC6641346__XP_023031150.1	38	38	38		---	0.03421717882156372	1	moderate	moderate	0.022	False	user_msa
Drosophila_yakuba_Drosophila_yakuba__LOC6525488__XP_002101323.1	38	38	38		---	0.03421717882156372	1	moderate	moderate	0.022	False	user_msa
Drosophila_ananassae_Drosophila_ananassae__LOC6504746__XP_032309021.1	39	39	39		---	0.03421922028064728	1	moderate	moderate	0.022	False	user_msa
Drosophila_biarmipes_Drosophila_biarmipes__LOC108031387__XP_050746516.1	39	39	39		---	0.03421922028064728	1	moderate	moderate	0.022	False	user_msa
Drosophila_mauritiana_Drosophila_mauritiana__LOC117148789__XP_033172290.1	39	39	39		---	0.03421922028064728	1	moderate	moderate	0.022	False	user_msa
Drosophila_melanogaster_Drosophila_melanogaster__Act5C__NP_511052.1	39	39	39		---	0.03421922028064728	1	moderate	moderate	0.022	False	user_msa
Drosophila_pseudoobscura_Drosophila_pseudoobscura__Act5C__XP_001354857.1	39	39	39		---	0.03421922028064728	1	moderate	moderate	0.022	False	user_msa
Drosophila_sechellia_Drosophila_sechellia__Act5C__XP_002036849.1	39	39	39		---	0.03421922028064728	1	moderate	moderate	0.022	False	user_msa
Drosophila_simulans_Drosophila_simulans__LOC6725225__XP_016038239.1	39	39	39		---	0.03421922028064728	1	moderate	moderate	0.022	False	user_msa
Drosophila_subobscura_Drosophila_subobscura__LOC117903845__XP_034672195.1	39	39	39		---	0.03421922028064728	1	moderate	moderate	0.022	False	user_msa
Drosophila_suzukii_Drosophila_suzukii__Act5C__XP_065724039.1	39	39	39		---	0.03421922028064728	1	moderate	moderate	0.022	False	user_msa
Drosophila_virilis_Drosophila_virilis__Act5C__XP_002059576.1	39	39	39		---	0.03421922028064728	1	moderate	moderate	0.022	False	user_msa
Drosophila_willistoni_Drosophila_willistoni__LOC6641346__XP_023031150.1	39	39	39		---	0.03421922028064728	1	moderate	moderate	0.022	False	user_msa
Drosophila_yakuba_Drosophila_yakuba__LOC6525488__XP_002101323.1	39	39	39		---	0.03421922028064728	1	moderate	moderate	0.022	False	user_msa
Drosophila_ananassae_Drosophila_ananassae__LOC6504746__XP_032309021.1	40	40	40		---	0.03422124683856964	1	moderate	moderate	0.022	False	user_msa
Drosophila_biarmipes_Drosophila_biarmipes__LOC108031387__XP_050746516.1	40	40	40		---	0.03422124683856964	1	moderate	moderate	0.022	False	user_msa
Drosophila_mauritiana_Drosophila_mauritiana__LOC117148789__XP_033172290.1	40	40	40		---	0.03422124683856964	1	moderate	moderate	0.022	False	user_msa
Drosophila_melanogaster_Drosophila_melanogaster__Act5C__NP_511052.1	40	40	40		---	0.03422124683856964	1	moderate	moderate	0.022	False	user_msa
Drosophila_pseudoobscura_Drosophila_pseudoobscura__Act5C__XP_001354857.1	40	40	40		---	0.03422124683856964	1	moderate	moderate	0.022	False	user_msa
Drosophila_sechellia_Drosophila_sechellia__Act5C__XP_002036849.1	40	40	40		---	0.03422124683856964	1	moderate	moderate	0.022	False	user_msa
Drosophila_simulans_Drosophila_simulans__LOC6725225__XP_016038239.1	40	40	40		---	0.03422124683856964	1	moderate	moderate	0.022	False	user_msa
Drosophila_subobscura_Drosophila_subobscura__LOC117903845__XP_034672195.1	40	40	40		---	0.03422124683856964	1	moderate	moderate	0.022	False	user_msa
Drosophila_suzukii_Drosophila_suzukii__Act5C__XP_065724039.1	40	40	40		---	0.03422124683856964	1	moderate	moderate	0.022	False	user_msa
Drosophila_virilis_Drosophila_virilis__Act5C__XP_002059576.1	40	40	40		---	0.03422124683856964	1	moderate	moderate	0.022	False	user_msa
Drosophila_willistoni_Drosophila_willistoni__LOC6641346__XP_023031150.1	40	40	40		---	0.03422124683856964	1	moderate	moderate	0.022	False	user_msa
Drosophila_yakuba_Drosophila_yakuba__LOC6525488__XP_002101323.1	40	40	40		---	0.03422124683856964	1	moderate	moderate	0.022	False	user_msa
Drosophila_ananassae_Drosophila_ananassae__LOC6504746__XP_032309021.1	41	41	41	1	ATG	0.06150062754750252	1	moderate	moderate	0.022	False	user_msa
Drosophila_biarmipes_Drosophila_biarmipes__LOC108031387__XP_050746516.1	41	41	41	1	ATG	0.06150062754750252	1	moderate	moderate	0.022	False	user_msa
Drosophila_mauritiana_Drosophila_mauritiana__LOC117148789__XP_033172290.1	41	41	41	1	ATG	0.06150062754750252	1	moderate	moderate	0.022	False	user_msa
Drosophila_melanogaster_Drosophila_melanogaster__Act5C__NP_511052.1	41	41	41	1	ATG	0.06150062754750252	1	moderate	moderate	0.022	False	user_msa
Drosophila_pseudoobscura_Drosophila_pseudoobscura__Act5C__XP_001354857.1	41	41	41	1	ATG	0.06150062754750252	1	moderate	moderate	0.022	False	user_msa
Drosophila_sechellia_Drosophila_sechellia__Act5C__XP_002036849.1	41	41	41	1	ATG	0.06150062754750252	1	moderate	moderate	0.022	False	user_msa
Drosophila_simulans_Drosophila_simulans__LOC6725225__XP_016038239.1	41	41	41	1	ATG	0.06150062754750252	1	moderate	moderate	0.022	False	user_msa
Drosophila_subobscura_Drosophila_subobscura__LOC117903845__XP_034672195.1	41	41	41	1	ATG	0.06150062754750252	1	moderate	moderate	0.022	False	user_msa
Drosophila_suzukii_Drosophila_suzukii__Act5C__XP_065724039.1	41	41	41	1	ATG	0.06150062754750252	1	moderate	moderate	0.022	False	user_msa
Drosophila_virilis_Drosophila_virilis__Act5C__XP_002059576.1	41	41	41	1	ATG	0.06150062754750252	1	moderate	moderate	0.022	False	user_msa
Drosophila_willistoni_Drosophila_willistoni__LOC6641346__XP_023031150.1	41	41	41	1	ATG	0.06150062754750252	1	moderate	moderate	0.022	False	user_msa
Drosophila_yakuba_Drosophila_yakuba__LOC6525488__XP_002101323.1	41	41	41	1	ATG	0.06150062754750252	1	moderate	moderate	0.022	False	user_msa
Drosophila_ananassae_Drosophila_ananassae__LOC6504746__XP_032309021.1	42	42	42	2	TGT	0.07397677004337311	1	moderate	moderate	0.022	False	user_msa
Drosophila_biarmipes_Drosophila_biarmipes__LOC108031387__XP_050746516.1	42	42	42	2	TGT	0.07397677004337311	1	moderate	moderate	0.022	False	user_msa
Drosophila_mauritiana_Drosophila_mauritiana__LOC117148789__XP_033172290.1	42	42	42	2	TGT	0.07397677004337311	1	moderate	moderate	0.022	False	user_msa
Drosophila_melanogaster_Drosophila_melanogaster__Act5C__NP_511052.1	42	42	42	2	TGT	0.07397677004337311	1	moderate	moderate	0.022	False	user_msa
Drosophila_pseudoobscura_Drosophila_pseudoobscura__Act5C__XP_001354857.1	42	42	42	2	TGT	0.07397677004337311	1	moderate	moderate	0.022	False	user_msa
Drosophila_sechellia_Drosophila_sechellia__Act5C__XP_002036849.1	42	42	42	2	TGT	0.07397677004337311	1	moderate	moderate	0.022	False	user_msa
Drosophila_simulans_Drosophila_simulans__LOC6725225__XP_016038239.1	42	42	42	2	TGT	0.07397677004337311	1	moderate	moderate	0.022	False	user_msa
Drosophila_subobscura_Drosophila_subobscura__LOC117903845__XP_034672195.1	42	42	42	2	TGT	0.07397677004337311	1	moderate	moderate	0.022	False	user_msa
Drosophila_suzukii_Drosophila_suzukii__Act5C__XP_065724039.1	42	42	42	2	TGT	0.07397677004337311	1	moderate	moderate	0.022	False	user_msa
Drosophila_virilis_Drosophila_virilis__Act5C__XP_002059576.1	42	42	42	2	TGT	0.07397677004337311	1	moderate	moderate	0.022	False	user_msa
Drosophila_willistoni_Drosophila_willistoni__LOC6641346__XP_023031150.1	42	42	42	2	TGT	0.07397677004337311	1	moderate	moderate	0.022	False	user_msa
Drosophila_yakuba_Drosophila_yakuba__LOC6525488__XP_002101323.1	42	42	42	2	TGT	0.07397677004337311	1	moderate	moderate	0.022	False	user_msa
Drosophila_ananassae_Drosophila_ananassae__LOC6504746__XP_032309021.1	43	43	43	3	GAC	0.06628278642892838	1	moderate	moderate	0.022	False	user_msa
Drosophila_biarmipes_Drosophila_biarmipes__LOC108031387__XP_050746516.1	43	43	43	3	GAC	0.06628278642892838	1	moderate	moderate	0.022	False	user_msa
Drosophila_mauritiana_Drosophila_mauritiana__LOC117148789__XP_033172290.1	43	43	43	3	GAC	0.06628278642892838	1	moderate	moderate	0.022	False	user_msa
Drosophila_melanogaster_Drosophila_melanogaster__Act5C__NP_511052.1	43	43	43	3	GAC	0.06628278642892838	1	moderate	moderate	0.022	False	user_msa
Drosophila_pseudoobscura_Drosophila_pseudoobscura__Act5C__XP_001354857.1	43	43	43	3	GAC	0.06628278642892838	1	moderate	moderate	0.022	False	user_msa
Drosophila_sechellia_Drosophila_sechellia__Act5C__XP_002036849.1	43	43	43	3	GAC	0.06628278642892838	1	moderate	moderate	0.022	False	user_msa
Drosophila_simulans_Drosophila_simulans__LOC6725225__XP_016038239.1	43	43	43	3	GAC	0.06628278642892838	1	moderate	moderate	0.022	False	user_msa
Drosophila_subobscura_Drosophila_subobscura__LOC117903845__XP_034672195.1	43	43	43	3	GAC	0.06628278642892838	1	moderate	moderate	0.022	False	user_msa
Drosophila_suzukii_Drosophila_suzukii__Act5C__XP_065724039.1	43	43	43	3	GAC	0.06628278642892838	1	moderate	moderate	0.022	False	user_msa
Drosophila_virilis_Drosophila_virilis__Act5C__XP_002059576.1	43	43	43	3	GAC	0.06628278642892838	1	moderate	moderate	0.022	False	user_msa
Drosophila_willistoni_Drosophila_willistoni__LOC6641346__XP_023031150.1	43	43	43	3	GAC	0.06628278642892838	1	moderate	moderate	0.022	False	user_msa
Drosophila_yakuba_Drosophila_yakuba__LOC6525488__XP_002101323.1	43	43	43	3	GAC	0.06628278642892838	1	moderate	moderate	0.022	False	user_msa
Drosophila_ananassae_Drosophila_ananassae__LOC6504746__XP_032309021.1	44	44	44	4	GAA	0.0660068690776825	1	moderate	moderate	0.022	False	user_msa
Drosophila_biarmipes_Drosophila_biarmipes__LOC108031387__XP_050746516.1	44	44	44	4	GAA	0.0660068690776825	1	moderate	moderate	0.022	False	user_msa
Drosophila_mauritiana_Drosophila_mauritiana__LOC117148789__XP_033172290.1	44	44	44	4	GAA	0.0660068690776825	1	moderate	moderate	0.022	False	user_msa
Drosophila_melanogaster_Drosophila_melanogaster__Act5C__NP_511052.1	44	44	44	4	GAA	0.0660068690776825	1	moderate	moderate	0.022	False	user_msa
Drosophila_pseudoobscura_Drosophila_pseudoobscura__Act5C__XP_001354857.1	44	44	44	4	GAA	0.0660068690776825	1	moderate	moderate	0.022	False	user_msa
Drosophila_sechellia_Drosophila_sechellia__Act5C__XP_002036849.1	44	44	44	4	GAA	0.0660068690776825	1	moderate	moderate	0.022	False	user_msa
Drosophila_simulans_Drosophila_simulans__LOC6725225__XP_016038239.1	44	44	44	4	GAA	0.0660068690776825	1	moderate	moderate	0.022	False	user_msa
Drosophila_subobscura_Drosophila_subobscura__LOC117903845__XP_034672195.1	44	44	44	4	GAA	0.0660068690776825	1	moderate	moderate	0.022	False	user_msa
Drosophila_suzukii_Drosophila_suzukii__Act5C__XP_065724039.1	44	44	44	4	GAA	0.0660068690776825	1	moderate	moderate	0.022	False	user_msa
Drosophila_virilis_Drosophila_virilis__Act5C__XP_002059576.1	44	44	44	4	GAA	0.0660068690776825	1	moderate	moderate	0.022	False	user_msa
Drosophila_willistoni_Drosophila_willistoni__LOC6641346__XP_023031150.1	44	44	44	4	GAA	0.0660068690776825	1	moderate	moderate	0.022	False	user_msa
Drosophila_yakuba_Drosophila_yakuba__LOC6525488__XP_002101323.1	44	44	44	4	GAA	0.0660068690776825	1	moderate	moderate	0.022	False	user_msa
Drosophila_ananassae_Drosophila_ananassae__LOC6504746__XP_032309021.1	45	45	45	5	GAA	0.06601154804229736	1	moderate	moderate	0.022	False	user_msa
Drosophila_biarmipes_Drosophila_biarmipes__LOC108031387__XP_050746516.1	45	45	45	5	GAA	0.06601154804229736	1	moderate	moderate	0.022	False	user_msa
Drosophila_mauritiana_Drosophila_mauritiana__LOC117148789__XP_033172290.1	45	45	45	5	GAA	0.06601154804229736	1	moderate	moderate	0.022	False	user_msa
Drosophila_melanogaster_Drosophila_melanogaster__Act5C__NP_511052.1	45	45	45	5	GAA	0.06601154804229736	1	moderate	moderate	0.022	False	user_msa
Drosophila_pseudoobscura_Drosophila_pseudoobscura__Act5C__XP_001354857.1	45	45	45	5	GAA	0.06601154804229736	1	moderate	moderate	0.022	False	user_msa
Drosophila_sechellia_Drosophila_sechellia__Act5C__XP_002036849.1	45	45	45	5	GAA	0.06601154804229736	1	moderate	moderate	0.022	False	user_msa
Drosophila_simulans_Drosophila_simulans__LOC6725225__XP_016038239.1	45	45	45	5	GAA	0.06601154804229736	1	moderate	moderate	0.022	False	user_msa
Drosophila_subobscura_Drosophila_subobscura__LOC117903845__XP_034672195.1	45	45	45	5	GAA	0.06601154804229736	1	moderate	moderate	0.022	False	user_msa
Drosophila_suzukii_Drosophila_suzukii__Act5C__XP_065724039.1	45	45	45	5	GAA	0.06601154804229736	1	moderate	moderate	0.022	False	user_msa
Drosophila_virilis_Drosophila_virilis__Act5C__XP_002059576.1	45	45	45	5	GAA	0.06601154804229736	1	moderate	moderate	0.022	False	user_msa
Drosophila_willistoni_Drosophila_willistoni__LOC6641346__XP_023031150.1	45	45	45	5	GAA	0.06601154804229736	1	moderate	moderate	0.022	False	user_msa
Drosophila_yakuba_Drosophila_yakuba__LOC6525488__XP_002101323.1	45	45	45	5	GAA	0.06601154804229736	1	moderate	moderate	0.022	False	user_msa
Drosophila_ananassae_Drosophila_ananassae__LOC6504746__XP_032309021.1	46	46	46	6	GTT	0.07034608721733093	1	moderate	moderate	0.022	False	user_msa
Drosophila_biarmipes_Drosophila_biarmipes__LOC108031387__XP_050746516.1	46	46	46	6	GTT	0.07034608721733093	1	moderate	moderate	0.022	False	user_msa
Drosophila_mauritiana_Drosophila_mauritiana__LOC117148789__XP_033172290.1	46	46	46	6	GTT	0.07034608721733093	1	moderate	moderate	0.022	False	user_msa
Drosophila_melanogaster_Drosophila_melanogaster__Act5C__NP_511052.1	46	46	46	6	GTT	0.07034608721733093	1	moderate	moderate	0.022	False	user_msa
Drosophila_pseudoobscura_Drosophila_pseudoobscura__Act5C__XP_001354857.1	46	46	46	6	GTT	0.07034608721733093	1	moderate	moderate	0.022	False	user_msa
Drosophila_sechellia_Drosophila_sechellia__Act5C__XP_002036849.1	46	46	46	6	GTT	0.07034608721733093	1	moderate	moderate	0.022	False	user_msa
Drosophila_simulans_Drosophila_simulans__LOC6725225__XP_016038239.1	46	46	46	6	GTT	0.07034608721733093	1	moderate	moderate	0.022	False	user_msa
Drosophila_subobscura_Drosophila_subobscura__LOC117903845__XP_034672195.1	46	46	46	6	GTT	0.07034608721733093	1	moderate	moderate	0.022	False	user_msa
Drosophila_suzukii_Drosophila_suzukii__Act5C__XP_065724039.1	46	46	46	6	GTT	0.07034608721733093	1	moderate	moderate	0.022	False	user_msa
Drosophila_virilis_Drosophila_virilis__Act5C__XP_002059576.1	46	46	46	6	GTT	0.07034608721733093	1	moderate	moderate	0.022	False	user_msa
Drosophila_willistoni_Drosophila_willistoni__LOC6641346__XP_023031150.1	46	46	46	6	GTT	0.07034608721733093	1	moderate	moderate	0.022	False	user_msa
Drosophila_yakuba_Drosophila_yakuba__LOC6525488__XP_002101323.1	46	46	46	6	GTT	0.07034608721733093	1	moderate	moderate	0.022	False	user_msa
Drosophila_ananassae_Drosophila_ananassae__LOC6504746__XP_032309021.1	47	47	47	7	GCT	0.06800992041826248	1	moderate	moderate	0.022	False	user_msa
Drosophila_biarmipes_Drosophila_biarmipes__LOC108031387__XP_050746516.1	47	47	47	7	GCT	0.06800992041826248	1	moderate	moderate	0.022	False	user_msa
Drosophila_mauritiana_Drosophila_mauritiana__LOC117148789__XP_033172290.1	47	47	47	7	GCT	0.06800992041826248	1	moderate	moderate	0.022	False	user_msa
Drosophila_melanogaster_Drosophila_melanogaster__Act5C__NP_511052.1	47	47	47	7	GCT	0.06800992041826248	1	moderate	moderate	0.022	False	user_msa
Drosophila_pseudoobscura_Drosophila_pseudoobscura__Act5C__XP_001354857.1	47	47	47	7	GCT	0.06800992041826248	1	moderate	moderate	0.022	False	user_msa
Drosophila_sechellia_Drosophila_sechellia__Act5C__XP_002036849.1	47	47	47	7	GCT	0.06800992041826248	1	moderate	moderate	0.022	False	user_msa
Drosophila_simulans_Drosophila_simulans__LOC6725225__XP_016038239.1	47	47	47	7	GCT	0.06800992041826248	1	moderate	moderate	0.022	False	user_msa
Drosophila_subobscura_Drosophila_subobscura__LOC117903845__XP_034672195.1	47	47	47	7	GCT	0.06800992041826248	1	moderate	moderate	0.022	False	user_msa
Drosophila_suzukii_Drosophila_suzukii__Act5C__XP_065724039.1	47	47	47	7	GCT	0.06800992041826248	1	moderate	moderate	0.022	False	user_msa
Drosophila_virilis_Drosophila_virilis__Act5C__XP_002059576.1	47	47	47	7	GCT	0.06800992041826248	1	moderate	moderate	0.022	False	user_msa
Drosophila_willistoni_Drosophila_willistoni__LOC6641346__XP_023031150.1	47	47	47	7	GCT	0.06800992041826248	1	moderate	moderate	0.022	False	user_msa
Drosophila_yakuba_Drosophila_yakuba__LOC6525488__XP_002101323.1	47	47	47	7	GCT	0.06800992041826248	1	moderate	moderate	0.022	False	user_msa
Drosophila_ananassae_Drosophila_ananassae__LOC6504746__XP_032309021.1	48	48	48	8	GCA	0.08577491343021393	1	moderate	moderate	0.022	False	user_msa
Drosophila_biarmipes_Drosophila_biarmipes__LOC108031387__XP_050746516.1	48	48	48	8	GCT	0.09795117378234863	1	moderate	moderate	0.022	False	user_msa
Drosophila_mauritiana_Drosophila_mauritiana__LOC117148789__XP_033172290.1	48	48	48	8	GCT	0.09795117378234863	1	moderate	moderate	0.022	False	user_msa
Drosophila_melanogaster_Drosophila_melanogaster__Act5C__NP_511052.1	48	48	48	8	GCT	0.09795117378234863	1	moderate	moderate	0.022	False	user_msa
Drosophila_pseudoobscura_Drosophila_pseudoobscura__Act5C__XP_001354857.1	48	48	48	8	GCC	0.08967307955026627	1	moderate	moderate	0.022	False	user_msa
Drosophila_sechellia_Drosophila_sechellia__Act5C__XP_002036849.1	48	48	48	8	GCT	0.09795117378234863	1	moderate	moderate	0.022	False	user_msa
Drosophila_simulans_Drosophila_simulans__LOC6725225__XP_016038239.1	48	48	48	8	GCT	0.09795117378234863	1	moderate	moderate	0.022	False	user_msa
Drosophila_subobscura_Drosophila_subobscura__LOC117903845__XP_034672195.1	48	48	48	8	GCT	0.09795117378234863	1	moderate	moderate	0.022	False	user_msa
Drosophila_suzukii_Drosophila_suzukii__Act5C__XP_065724039.1	48	48	48	8	GCT	0.09795117378234863	1	moderate	moderate	0.022	False	user_msa
Drosophila_virilis_Drosophila_virilis__Act5C__XP_002059576.1	48	48	48	8	GCA	0.08577491343021393	1	moderate	moderate	0.022	False	user_msa
Drosophila_willistoni_Drosophila_willistoni__LOC6641346__XP_023031150.1	48	48	48	8	GCA	0.08577491343021393	1	moderate	moderate	0.022	False	user_msa
Drosophila_yakuba_Drosophila_yakuba__LOC6525488__XP_002101323.1	48	48	48	8	GCT	0.09795117378234863	1	moderate	moderate	0.022	False	user_msa
Drosophila_ananassae_Drosophila_ananassae__LOC6504746__XP_032309021.1	49	49	49	9	TTG	0.160024493932724	1	moderate	moderate	0.022	False	user_msa
Drosophila_biarmipes_Drosophila_biarmipes__LOC108031387__XP_050746516.1	49	49	49	9	CTG	0.06179215386509895	1	moderate	moderate	0.022	False	user_msa
Drosophila_mauritiana_Drosophila_mauritiana__LOC117148789__XP_033172290.1	49	49	49	9	CTG	0.06179215386509895	1	moderate	moderate	0.022	False	user_msa
Drosophila_melanogaster_Drosophila_melanogaster__Act5C__NP_511052.1	49	49	49	9	CTG	0.06179215386509895	1	moderate	moderate	0.022	False	user_msa
Drosophila_pseudoobscura_Drosophila_pseudoobscura__Act5C__XP_001354857.1	49	49	49	9	CTC	0.05914560705423355	1	moderate	moderate	0.022	False	user_msa
Drosophila_sechellia_Drosophila_sechellia__Act5C__XP_002036849.1	49	49	49	9	CTG	0.06179215386509895	1	moderate	moderate	0.022	False	user_msa
Drosophila_simulans_Drosophila_simulans__LOC6725225__XP_016038239.1	49	49	49	9	CTG	0.06179215386509895	1	moderate	moderate	0.022	False	user_msa
Drosophila_subobscura_Drosophila_subobscura__LOC117903845__XP_034672195.1	49	49	49	9	CTC	0.05914560705423355	1	moderate	moderate	0.022	False	user_msa
Drosophila_suzukii_Drosophila_suzukii__Act5C__XP_065724039.1	49	49	49	9	CTG	0.06179215386509895	1	moderate	moderate	0.022	False	user_msa
Drosophila_virilis_Drosophila_virilis__Act5C__XP_002059576.1	49	49	49	9	TTG	0.160024493932724	1	moderate	moderate	0.022	False	user_msa
Drosophila_willistoni_Drosophila_willistoni__LOC6641346__XP_023031150.1	49	49	49	9	TTG	0.160024493932724	1	moderate	moderate	0.022	False	user_msa
Drosophila_yakuba_Drosophila_yakuba__LOC6525488__XP_002101323.1	49	49	49	9	CTG	0.06179215386509895	1	moderate	moderate	0.022	False	user_msa
Drosophila_ananassae_Drosophila_ananassae__LOC6504746__XP_032309021.1	50	50	50	10	GTT	0.0703660324215889	1	moderate	moderate	0.022	False	user_msa
Drosophila_biarmipes_Drosophila_biarmipes__LOC108031387__XP_050746516.1	50	50	50	10	GTT	0.0703660324215889	1	moderate	moderate	0.022	False	user_msa
Drosophila_mauritiana_Drosophila_mauritiana__LOC117148789__XP_033172290.1	50	50	50	10	GTT	0.0703660324215889	1	moderate	moderate	0.022	False	user_msa
Drosophila_melanogaster_Drosophila_melanogaster__Act5C__NP_511052.1	50	50	50	10	GTT	0.0703660324215889	1	moderate	moderate	0.022	False	user_msa
Drosophila_pseudoobscura_Drosophila_pseudoobscura__Act5C__XP_001354857.1	50	50	50	10	GTT	0.0703660324215889	1	moderate	moderate	0.022	False	user_msa
Drosophila_sechellia_Drosophila_sechellia__Act5C__XP_002036849.1	50	50	50	10	GTT	0.0703660324215889	1	moderate	moderate	0.022	False	user_msa
Drosophila_simulans_Drosophila_simulans__LOC6725225__XP_016038239.1	50	50	50	10	GTT	0.0703660324215889	1	moderate	moderate	0.022	False	user_msa
Drosophila_subobscura_Drosophila_subobscura__LOC117903845__XP_034672195.1	50	50	50	10	GTT	0.0703660324215889	1	moderate	moderate	0.022	False	user_msa
Drosophila_suzukii_Drosophila_suzukii__Act5C__XP_065724039.1	50	50	50	10	GTT	0.0703660324215889	1	moderate	moderate	0.022	False	user_msa
Drosophila_virilis_Drosophila_virilis__Act5C__XP_002059576.1	50	50	50	10	GTT	0.0703660324215889	1	moderate	moderate	0.022	False	user_msa
Drosophila_willistoni_Drosophila_willistoni__LOC6641346__XP_023031150.1	50	50	50	10	GTT	0.0703660324215889	1	moderate	moderate	0.022	False	user_msa
Drosophila_yakuba_Drosophila_yakuba__LOC6525488__XP_002101323.1	50	50	50	10	GTT	0.0703660324215889	1	moderate	moderate	0.022	False	user_msa
Drosophila_ananassae_Drosophila_ananassae__LOC6504746__XP_032309021.1	51	51	51	11	GTC	0.0697786882519722	1	moderate	moderate	0.022	False	user_msa
Drosophila_biarmipes_Drosophila_biarmipes__LOC108031387__XP_050746516.1	51	51	51	11	GTC	0.0697786882519722	1	moderate	moderate	0.022	False	user_msa
Drosophila_mauritiana_Drosophila_mauritiana__LOC117148789__XP_033172290.1	51	51	51	11	GTC	0.0697786882519722	1	moderate	moderate	0.022	False	user_msa
Drosophila_melanogaster_Drosophila_melanogaster__Act5C__NP_511052.1	51	51	51	11	GTC	0.0697786882519722	1	moderate	moderate	0.022	False	user_msa
Drosophila_pseudoobscura_Drosophila_pseudoobscura__Act5C__XP_001354857.1	51	51	51	11	GTC	0.0697786882519722	1	moderate	moderate	0.022	False	user_msa
Drosophila_sechellia_Drosophila_sechellia__Act5C__XP_002036849.1	51	51	51	11	GTC	0.0697786882519722	1	moderate	moderate	0.022	False	user_msa
Drosophila_simulans_Drosophila_simulans__LOC6725225__XP_016038239.1	51	51	51	11	GTC	0.0697786882519722	1	moderate	moderate	0.022	False	user_msa
Drosophila_subobscura_Drosophila_subobscura__LOC117903845__XP_034672195.1	51	51	51	11	GTC	0.0697786882519722	1	moderate	moderate	0.022	False	user_msa
Drosophila_suzukii_Drosophila_suzukii__Act5C__XP_065724039.1	51	51	51	11	GTC	0.0697786882519722	1	moderate	moderate	0.022	False	user_msa
Drosophila_virilis_Drosophila_virilis__Act5C__XP_002059576.1	51	51	51	11	GTC	0.0697786882519722	1	moderate	moderate	0.022	False	user_msa
Drosophila_willistoni_Drosophila_willistoni__LOC6641346__XP_023031150.1	51	51	51	11	GTC	0.0697786882519722	1	moderate	moderate	0.022	False	user_msa
Drosophila_yakuba_Drosophila_yakuba__LOC6525488__XP_002101323.1	51	51	51	11	GTC	0.0697786882519722	1	moderate	moderate	0.022	False	user_msa
Drosophila_ananassae_Drosophila_ananassae__LOC6504746__XP_032309021.1	52	52	52	12	GAT	0.08499789237976074	1	moderate	moderate	0.022	False	user_msa
Drosophila_biarmipes_Drosophila_biarmipes__LOC108031387__XP_050746516.1	52	52	52	12	GAC	0.0777202695608139	1	moderate	moderate	0.022	False	user_msa
Drosophila_mauritiana_Drosophila_mauritiana__LOC117148789__XP_033172290.1	52	52	52	12	GAC	0.0777202695608139	1	moderate	moderate	0.022	False	user_msa
Drosophila_melanogaster_Drosophila_melanogaster__Act5C__NP_511052.1	52	52	52	12	GAC	0.0777202695608139	1	moderate	moderate	0.022	False	user_msa
Drosophila_pseudoobscura_Drosophila_pseudoobscura__Act5C__XP_001354857.1	52	52	52	12	GAC	0.0777202695608139	1	moderate	moderate	0.022	False	user_msa
Drosophila_sechellia_Drosophila_sechellia__Act5C__XP_002036849.1	52	52	52	12	GAC	0.0777202695608139	1	moderate	moderate	0.022	False	user_msa
Drosophila_simulans_Drosophila_simulans__LOC6725225__XP_016038239.1	52	52	52	12	GAC	0.0777202695608139	1	moderate	moderate	0.022	False	user_msa
Drosophila_subobscura_Drosophila_subobscura__LOC117903845__XP_034672195.1	52	52	52	12	GAC	0.0777202695608139	1	moderate	moderate	0.022	False	user_msa
Drosophila_suzukii_Drosophila_suzukii__Act5C__XP_065724039.1	52	52	52	12	GAC	0.0777202695608139	1	moderate	moderate	0.022	False	user_msa
Drosophila_virilis_Drosophila_virilis__Act5C__XP_002059576.1	52	52	52	12	GAC	0.0777202695608139	1	moderate	moderate	0.022	False	user_msa
Drosophila_willistoni_Drosophila_willistoni__LOC6641346__XP_023031150.1	52	52	52	12	GAC	0.0777202695608139	1	moderate	moderate	0.022	False	user_msa
Drosophila_yakuba_Drosophila_yakuba__LOC6525488__XP_002101323.1	52	52	52	12	GAC	0.0777202695608139	1	moderate	moderate	0.022	False	user_msa
Drosophila_ananassae_Drosophila_ananassae__LOC6504746__XP_032309021.1	53	53	53	13	AAC	0.06673474609851837	1	moderate	moderate	0.022	False	user_msa
Drosophila_biarmipes_Drosophila_biarmipes__LOC108031387__XP_050746516.1	53	53	53	13	AAC	0.06673474609851837	1	moderate	moderate	0.022	False	user_msa
Drosophila_mauritiana_Drosophila_mauritiana__LOC117148789__XP_033172290.1	53	53	53	13	AAC	0.06673474609851837	1	moderate	moderate	0.022	False	user_msa
Drosophila_melanogaster_Drosophila_melanogaster__Act5C__NP_511052.1	53	53	53	13	AAC	0.06673474609851837	1	moderate	moderate	0.022	False	user_msa
Drosophila_pseudoobscura_Drosophila_pseudoobscura__Act5C__XP_001354857.1	53	53	53	13	AAT	0.07203622162342072	1	moderate	moderate	0.022	False	user_msa
Drosophila_sechellia_Drosophila_sechellia__Act5C__XP_002036849.1	53	53	53	13	AAC	0.06673474609851837	1	moderate	moderate	0.022	False	user_msa
Drosophila_simulans_Drosophila_simulans__LOC6725225__XP_016038239.1	53	53	53	13	AAC	0.06673474609851837	1	moderate	moderate	0.022	False	user_msa
Drosophila_subobscura_Drosophila_subobscura__LOC117903845__XP_034672195.1	53	53	53	13	AAT	0.07203622162342072	1	moderate	moderate	0.022	False	user_msa
Drosophila_suzukii_Drosophila_suzukii__Act5C__XP_065724039.1	53	53	53	13	AAC	0.06673474609851837	1	moderate	moderate	0.022	False	user_msa
Drosophila_virilis_Drosophila_virilis__Act5C__XP_002059576.1	53	53	53	13	AAT	0.07203622162342072	1	moderate	moderate	0.022	False	user_msa
Drosophila_willistoni_Drosophila_willistoni__LOC6641346__XP_023031150.1	53	53	53	13	AAT	0.07203622162342072	1	moderate	moderate	0.022	False	user_msa
Drosophila_yakuba_Drosophila_yakuba__LOC6525488__XP_002101323.1	53	53	53	13	AAC	0.06673474609851837	1	moderate	moderate	0.022	False	user_msa
Drosophila_ananassae_Drosophila_ananassae__LOC6504746__XP_032309021.1	54	54	54	14	GGC	0.06862233579158783	1	moderate	moderate	0.022	False	user_msa
Drosophila_biarmipes_Drosophila_biarmipes__LOC108031387__XP_050746516.1	54	54	54	14	GGC	0.06862233579158783	1	moderate	moderate	0.022	False	user_msa
Drosophila_mauritiana_Drosophila_mauritiana__LOC117148789__XP_033172290.1	54	54	54	14	GGC	0.06862233579158783	1	moderate	moderate	0.022	False	user_msa
Drosophila_melanogaster_Drosophila_melanogaster__Act5C__NP_511052.1	54	54	54	14	GGC	0.06862233579158783	1	moderate	moderate	0.022	False	user_msa
Drosophila_pseudoobscura_Drosophila_pseudoobscura__Act5C__XP_001354857.1	54	54	54	14	GGC	0.06862233579158783	1	moderate	moderate	0.022	False	user_msa
Drosophila_sechellia_Drosophila_sechellia__Act5C__XP_002036849.1	54	54	54	14	GGC	0.06862233579158783	1	moderate	moderate	0.022	False	user_msa
Drosophila_simulans_Drosophila_simulans__LOC6725225__XP_016038239.1	54	54	54	14	GGC	0.06862233579158783	1	moderate	moderate	0.022	False	user_msa
Drosophila_subobscura_Drosophila_subobscura__LOC117903845__XP_034672195.1	54	54	54	14	GGC	0.06862233579158783	1	moderate	moderate	0.022	False	user_msa
Drosophila_suzukii_Drosophila_suzukii__Act5C__XP_065724039.1	54	54	54	14	GGC	0.06862233579158783	1	moderate	moderate	0.022	False	user_msa
Drosophila_virilis_Drosophila_virilis__Act5C__XP_002059576.1	54	54	54	14	GGC	0.06862233579158783	1	moderate	moderate	0.022	False	user_msa
Drosophila_willistoni_Drosophila_willistoni__LOC6641346__XP_023031150.1	54	54	54	14	GGC	0.06862233579158783	1	moderate	moderate	0.022	False	user_msa
Drosophila_yakuba_Drosophila_yakuba__LOC6525488__XP_002101323.1	54	54	54	14	GGC	0.06862233579158783	1	moderate	moderate	0.022	False	user_msa
Drosophila_ananassae_Drosophila_ananassae__LOC6504746__XP_032309021.1	55	55	55	15	TCT	0.08721911162137985	1	moderate	moderate	0.022	False	user_msa
Drosophila_biarmipes_Drosophila_biarmipes__LOC108031387__XP_050746516.1	55	55	55	15	TCT	0.08721911162137985	1	moderate	moderate	0.022	False	user_msa
Drosophila_mauritiana_Drosophila_mauritiana__LOC117148789__XP_033172290.1	55	55	55	15	TCT	0.08721911162137985	1	moderate	moderate	0.022	False	user_msa
Drosophila_melanogaster_Drosophila_melanogaster__Act5C__NP_511052.1	55	55	55	15	TCT	0.08721911162137985	1	moderate	moderate	0.022	False	user_msa
Drosophila_pseudoobscura_Drosophila_pseudoobscura__Act5C__XP_001354857.1	55	55	55	15	TCC	0.07976769655942917	1	moderate	moderate	0.022	False	user_msa
Drosophila_sechellia_Drosophila_sechellia__Act5C__XP_002036849.1	55	55	55	15	TCT	0.08721911162137985	1	moderate	moderate	0.022	False	user_msa
Drosophila_simulans_Drosophila_simulans__LOC6725225__XP_016038239.1	55	55	55	15	TCT	0.08721911162137985	1	moderate	moderate	0.022	False	user_msa
Drosophila_subobscura_Drosophila_subobscura__LOC117903845__XP_034672195.1	55	55	55	15	TCC	0.07976769655942917	1	moderate	moderate	0.022	False	user_msa
Drosophila_suzukii_Drosophila_suzukii__Act5C__XP_065724039.1	55	55	55	15	TCT	0.08721911162137985	1	moderate	moderate	0.022	False	user_msa
Drosophila_virilis_Drosophila_virilis__Act5C__XP_002059576.1	55	55	55	15	TCC	0.07976769655942917	1	moderate	moderate	0.022	False	user_msa
Drosophila_willistoni_Drosophila_willistoni__LOC6641346__XP_023031150.1	55	55	55	15	TCC	0.07976769655942917	1	moderate	moderate	0.022	False	user_msa
Drosophila_yakuba_Drosophila_yakuba__LOC6525488__XP_002101323.1	55	55	55	15	TCT	0.08721911162137985	1	moderate	moderate	0.022	False	user_msa
Drosophila_ananassae_Drosophila_ananassae__LOC6504746__XP_032309021.1	56	56	56	16	GGC	0.08038920164108276	1	moderate	moderate	0.022	False	user_msa
Drosophila_biarmipes_Drosophila_biarmipes__LOC108031387__XP_050746516.1	56	56	56	16	GGC	0.08038920164108276	1	moderate	moderate	0.022	False	user_msa
Drosophila_mauritiana_Drosophila_mauritiana__LOC117148789__XP_033172290.1	56	56	56	16	GGC	0.08038920164108276	1	moderate	moderate	0.022	False	user_msa
Drosophila_melanogaster_Drosophila_melanogaster__Act5C__NP_511052.1	56	56	56	16	GGC	0.08038920164108276	1	moderate	moderate	0.022	False	user_msa
Drosophila_pseudoobscura_Drosophila_pseudoobscura__Act5C__XP_001354857.1	56	56	56	16	GGC	0.08038920164108276	1	moderate	moderate	0.022	False	user_msa
Drosophila_sechellia_Drosophila_sechellia__Act5C__XP_002036849.1	56	56	56	16	GGC	0.08038920164108276	1	moderate	moderate	0.022	False	user_msa
Drosophila_simulans_Drosophila_simulans__LOC6725225__XP_016038239.1	56	56	56	16	GGC	0.08038920164108276	1	moderate	moderate	0.022	False	user_msa
Drosophila_subobscura_Drosophila_subobscura__LOC117903845__XP_034672195.1	56	56	56	16	GGC	0.08038920164108276	1	moderate	moderate	0.022	False	user_msa
Drosophila_suzukii_Drosophila_suzukii__Act5C__XP_065724039.1	56	56	56	16	GGC	0.08038920164108276	1	moderate	moderate	0.022	False	user_msa
Drosophila_virilis_Drosophila_virilis__Act5C__XP_002059576.1	56	56	56	16	GGC	0.08038920164108276	1	moderate	moderate	0.022	False	user_msa
Drosophila_willistoni_Drosophila_willistoni__LOC6641346__XP_023031150.1	56	56	56	16	GGT	0.08789311349391937	1	moderate	moderate	0.022	False	user_msa
Drosophila_yakuba_Drosophila_yakuba__LOC6525488__XP_002101323.1	56	56	56	16	GGC	0.08038920164108276	1	moderate	moderate	0.022	False	user_msa
Drosophila_ananassae_Drosophila_ananassae__LOC6504746__XP_032309021.1	57	57	57	17	ATG	0.06163052096962929	1	moderate	moderate	0.022	False	user_msa
Drosophila_biarmipes_Drosophila_biarmipes__LOC108031387__XP_050746516.1	57	57	57	17	ATG	0.06163052096962929	1	moderate	moderate	0.022	False	user_msa
Drosophila_mauritiana_Drosophila_mauritiana__LOC117148789__XP_033172290.1	57	57	57	17	ATG	0.06163052096962929	1	moderate	moderate	0.022	False	user_msa
Drosophila_melanogaster_Drosophila_melanogaster__Act5C__NP_511052.1	57	57	57	17	ATG	0.06163052096962929	1	moderate	moderate	0.022	False	user_msa
Drosophila_pseudoobscura_Drosophila_pseudoobscura__Act5C__XP_001354857.1	57	57	57	17	ATG	0.06163052096962929	1	moderate	moderate	0.022	False	user_msa
Drosophila_sechellia_Drosophila_sechellia__Act5C__XP_002036849.1	57	57	57	17	ATG	0.06163052096962929	1	moderate	moderate	0.022	False	user_msa
Drosophila_simulans_Drosophila_simulans__LOC6725225__XP_016038239.1	57	57	57	17	ATG	0.06163052096962929	1	moderate	moderate	0.022	False	user_msa
Drosophila_subobscura_Drosophila_subobscura__LOC117903845__XP_034672195.1	57	57	57	17	ATG	0.06163052096962929	1	moderate	moderate	0.022	False	user_msa
Drosophila_suzukii_Drosophila_suzukii__Act5C__XP_065724039.1	57	57	57	17	ATG	0.06163052096962929	1	moderate	moderate	0.022	False	user_msa
Drosophila_virilis_Drosophila_virilis__Act5C__XP_002059576.1	57	57	57	17	ATG	0.06163052096962929	1	moderate	moderate	0.022	False	user_msa
Drosophila_willistoni_Drosophila_willistoni__LOC6641346__XP_023031150.1	57	57	57	17	ATG	0.06163052096962929	1	moderate	moderate	0.022	False	user_msa
Drosophila_yakuba_Drosophila_yakuba__LOC6525488__XP_002101323.1	57	57	57	17	ATG	0.06163052096962929	1	moderate	moderate	0.022	False	user_msa
Drosophila_ananassae_Drosophila_ananassae__LOC6504746__XP_032309021.1	58	58	58	18	TGC	0.07343905419111252	1	moderate	moderate	0.022	False	user_msa
Drosophila_biarmipes_Drosophila_biarmipes__LOC108031387__XP_050746516.1	58	58	58	18	TGC	0.07343905419111252	1	moderate	moderate	0.022	False	user_msa
Drosophila_mauritiana_Drosophila_mauritiana__LOC117148789__XP_033172290.1	58	58	58	18	TGC	0.07343905419111252	1	moderate	moderate	0.022	False	user_msa
Drosophila_melanogaster_Drosophila_melanogaster__Act5C__NP_511052.1	58	58	58	18	TGC	0.07343905419111252	1	moderate	moderate	0.022	False	user_msa
Drosophila_pseudoobscura_Drosophila_pseudoobscura__Act5C__XP_001354857.1	58	58	58	18	TGC	0.07343905419111252	1	moderate	moderate	0.022	False	user_msa
Drosophila_sechellia_Drosophila_sechellia__Act5C__XP_002036849.1	58	58	58	18	TGC	0.07343905419111252	1	moderate	moderate	0.022	False	user_msa
Drosophila_simulans_Drosophila_simulans__LOC6725225__XP_016038239.1	58	58	58	18	TGC	0.07343905419111252	1	moderate	moderate	0.022	False	user_msa
Drosophila_subobscura_Drosophila_subobscura__LOC117903845__XP_034672195.1	58	58	58	18	TGC	0.07343905419111252	1	moderate	moderate	0.022	False	user_msa
Drosophila_suzukii_Drosophila_suzukii__Act5C__XP_065724039.1	58	58	58	18	TGC	0.07343905419111252	1	moderate	moderate	0.022	False	user_msa
Drosophila_virilis_Drosophila_virilis__Act5C__XP_002059576.1	58	58	58	18	TGC	0.07343905419111252	1	moderate	moderate	0.022	False	user_msa
Drosophila_willistoni_Drosophila_willistoni__LOC6641346__XP_023031150.1	58	58	58	18	TGC	0.07343905419111252	1	moderate	moderate	0.022	False	user_msa
Drosophila_yakuba_Drosophila_yakuba__LOC6525488__XP_002101323.1	58	58	58	18	TGC	0.07343905419111252	1	moderate	moderate	0.022	False	user_msa
Drosophila_ananassae_Drosophila_ananassae__LOC6504746__XP_032309021.1	59	59	59	19	AAG	0.059236329048871994	1	moderate	moderate	0.022	False	user_msa
Drosophila_biarmipes_Drosophila_biarmipes__LOC108031387__XP_050746516.1	59	59	59	19	AAG	0.059236329048871994	1	moderate	moderate	0.022	False	user_msa
Drosophila_mauritiana_Drosophila_mauritiana__LOC117148789__XP_033172290.1	59	59	59	19	AAG	0.059236329048871994	1	moderate	moderate	0.022	False	user_msa
Drosophila_melanogaster_Drosophila_melanogaster__Act5C__NP_511052.1	59	59	59	19	AAG	0.059236329048871994	1	moderate	moderate	0.022	False	user_msa
Drosophila_pseudoobscura_Drosophila_pseudoobscura__Act5C__XP_001354857.1	59	59	59	19	AAG	0.059236329048871994	1	moderate	moderate	0.022	False	user_msa
Drosophila_sechellia_Drosophila_sechellia__Act5C__XP_002036849.1	59	59	59	19	AAG	0.059236329048871994	1	moderate	moderate	0.022	False	user_msa
Drosophila_simulans_Drosophila_simulans__LOC6725225__XP_016038239.1	59	59	59	19	AAG	0.059236329048871994	1	moderate	moderate	0.022	False	user_msa
Drosophila_subobscura_Drosophila_subobscura__LOC117903845__XP_034672195.1	59	59	59	19	AAG	0.059236329048871994	1	moderate	moderate	0.022	False	user_msa
Drosophila_suzukii_Drosophila_suzukii__Act5C__XP_065724039.1	59	59	59	19	AAG	0.059236329048871994	1	moderate	moderate	0.022	False	user_msa
Drosophila_virilis_Drosophila_virilis__Act5C__XP_002059576.1	59	59	59	19	AAG	0.059236329048871994	1	moderate	moderate	0.022	False	user_msa
Drosophila_willistoni_Drosophila_willistoni__LOC6641346__XP_023031150.1	59	59	59	19	AAG	0.059236329048871994	1	moderate	moderate	0.022	False	user_msa
Drosophila_yakuba_Drosophila_yakuba__LOC6525488__XP_002101323.1	59	59	59	19	AAG	0.059236329048871994	1	moderate	moderate	0.022	False	user_msa
Drosophila_ananassae_Drosophila_ananassae__LOC6504746__XP_032309021.1	60	60	60	20	GCC	0.07810656726360321	1	moderate	moderate	0.022	False	user_msa
Drosophila_biarmipes_Drosophila_biarmipes__LOC108031387__XP_050746516.1	60	60	60	20	GCC	0.07810656726360321	1	moderate	moderate	0.022	False	user_msa
Drosophila_mauritiana_Drosophila_mauritiana__LOC117148789__XP_033172290.1	60	60	60	20	GCC	0.07810656726360321	1	moderate	moderate	0.022	False	user_msa
Drosophila_melanogaster_Drosophila_melanogaster__Act5C__NP_511052.1	60	60	60	20	GCC	0.07810656726360321	1	moderate	moderate	0.022	False	user_msa
Drosophila_pseudoobscura_Drosophila_pseudoobscura__Act5C__XP_001354857.1	60	60	60	20	GCC	0.07810656726360321	1	moderate	moderate	0.022	False	user_msa
Drosophila_sechellia_Drosophila_sechellia__Act5C__XP_002036849.1	60	60	60	20	GCC	0.07810656726360321	1	moderate	moderate	0.022	False	user_msa
Drosophila_simulans_Drosophila_simulans__LOC6725225__XP_016038239.1	60	60	60	20	GCC	0.07810656726360321	1	moderate	moderate	0.022	False	user_msa
Drosophila_subobscura_Drosophila_subobscura__LOC117903845__XP_034672195.1	60	60	60	20	GCC	0.07810656726360321	1	moderate	moderate	0.022	False	user_msa
Drosophila_suzukii_Drosophila_suzukii__Act5C__XP_065724039.1	60	60	60	20	GCC	0.07810656726360321	1	moderate	moderate	0.022	False	user_msa
Drosophila_virilis_Drosophila_virilis__Act5C__XP_002059576.1	60	60	60	20	GCT	0.08541717380285263	1	moderate	moderate	0.022	False	user_msa
Drosophila_willistoni_Drosophila_willistoni__LOC6641346__XP_023031150.1	60	60	60	20	GCT	0.08541717380285263	1	moderate	moderate	0.022	False	user_msa
Drosophila_yakuba_Drosophila_yakuba__LOC6525488__XP_002101323.1	60	60	60	20	GCC	0.07810656726360321	1	moderate	moderate	0.022	False	user_msa
Drosophila_ananassae_Drosophila_ananassae__LOC6504746__XP_032309021.1	61	61	61	21	GGT	0.101252980530262	1	moderate	moderate	0.022	False	user_msa
Drosophila_biarmipes_Drosophila_biarmipes__LOC108031387__XP_050746516.1	61	61	61	21	GGT	0.101252980530262	1	moderate	moderate	0.022	False	user_msa
Drosophila_mauritiana_Drosophila_mauritiana__LOC117148789__XP_033172290.1	61	61	61	21	GGA	0.08870656788349152	1	moderate	moderate	0.022	False	user_msa
Drosophila_melanogaster_Drosophila_melanogaster__Act5C__NP_511052.1	61	61	61	21	GGA	0.08870656788349152	1	moderate	moderate	0.022	False	user_msa
Drosophila_pseudoobscura_Drosophila_pseudoobscura__Act5C__XP_001354857.1	61	61	61	21	GGT	0.101252980530262	1	moderate	moderate	0.022	False	user_msa
Drosophila_sechellia_Drosophila_sechellia__Act5C__XP_002036849.1	61	61	61	21	GGA	0.08870656788349152	1	moderate	moderate	0.022	False	user_msa
Drosophila_simulans_Drosophila_simulans__LOC6725225__XP_016038239.1	61	61	61	21	GGA	0.08870656788349152	1	moderate	moderate	0.022	False	user_msa
Drosophila_subobscura_Drosophila_subobscura__LOC117903845__XP_034672195.1	61	61	61	21	GGT	0.101252980530262	1	moderate	moderate	0.022	False	user_msa
Drosophila_suzukii_Drosophila_suzukii__Act5C__XP_065724039.1	61	61	61	21	GGT	0.101252980530262	1	moderate	moderate	0.022	False	user_msa
Drosophila_virilis_Drosophila_virilis__Act5C__XP_002059576.1	61	61	61	21	GGC	0.09272441267967224	1	moderate	moderate	0.022	False	user_msa
Drosophila_willistoni_Drosophila_willistoni__LOC6641346__XP_023031150.1	61	61	61	21	GGT	0.101252980530262	1	moderate	moderate	0.022	False	user_msa
Drosophila_yakuba_Drosophila_yakuba__LOC6525488__XP_002101323.1	61	61	61	21	GGA	0.08870656788349152	1	moderate	moderate	0.022	False	user_msa
Drosophila_ananassae_Drosophila_ananassae__LOC6504746__XP_032309021.1	62	62	62	22	TTC	0.084720179438591	1	moderate	moderate	0.022	False	user_msa
Drosophila_biarmipes_Drosophila_biarmipes__LOC108031387__XP_050746516.1	62	62	62	22	TTC	0.084720179438591	1	moderate	moderate	0.022	False	user_msa
Drosophila_mauritiana_Drosophila_mauritiana__LOC117148789__XP_033172290.1	62	62	62	22	TTT	0.09258761256933212	1	moderate	moderate	0.022	False	user_msa
Drosophila_melanogaster_Drosophila_melanogaster__Act5C__NP_511052.1	62	62	62	22	TTT	0.09258761256933212	1	moderate	moderate	0.022	False	user_msa
Drosophila_pseudoobscura_Drosophila_pseudoobscura__Act5C__XP_001354857.1	62	62	62	22	TTC	0.084720179438591	1	moderate	moderate	0.022	False	user_msa
Drosophila_sechellia_Drosophila_sechellia__Act5C__XP_002036849.1	62	62	62	22	TTT	0.09258761256933212	1	moderate	moderate	0.022	False	user_msa
Drosophila_simulans_Drosophila_simulans__LOC6725225__XP_016038239.1	62	62	62	22	TTT	0.09258761256933212	1	moderate	moderate	0.022	False	user_msa
Drosophila_subobscura_Drosophila_subobscura__LOC117903845__XP_034672195.1	62	62	62	22	TTC	0.084720179438591	1	moderate	moderate	0.022	False	user_msa
Drosophila_suzukii_Drosophila_suzukii__Act5C__XP_065724039.1	62	62	62	22	TTC	0.084720179438591	1	moderate	moderate	0.022	False	user_msa
Drosophila_virilis_Drosophila_virilis__Act5C__XP_002059576.1	62	62	62	22	TTC	0.084720179438591	1	moderate	moderate	0.022	False	user_msa
Drosophila_willistoni_Drosophila_willistoni__LOC6641346__XP_023031150.1	62	62	62	22	TTC	0.084720179438591	1	moderate	moderate	0.022	False	user_msa
Drosophila_yakuba_Drosophila_yakuba__LOC6525488__XP_002101323.1	62	62	62	22	TTC	0.084720179438591	1	moderate	moderate	0.022	False	user_msa
Drosophila_ananassae_Drosophila_ananassae__LOC6504746__XP_032309021.1	63	63	63	23	GCC	0.07664141058921814	1	moderate	moderate	0.022	False	user_msa
Drosophila_biarmipes_Drosophila_biarmipes__LOC108031387__XP_050746516.1	63	63	63	23	GCC	0.07664141058921814	1	moderate	moderate	0.022	False	user_msa
Drosophila_mauritiana_Drosophila_mauritiana__LOC117148789__XP_033172290.1	63	63	63	23	GCC	0.07664141058921814	1	moderate	moderate	0.022	False	user_msa
Drosophila_melanogaster_Drosophila_melanogaster__Act5C__NP_511052.1	63	63	63	23	GCC	0.07664141058921814	1	moderate	moderate	0.022	False	user_msa
Drosophila_pseudoobscura_Drosophila_pseudoobscura__Act5C__XP_001354857.1	63	63	63	23	GCT	0.08382730185985565	1	moderate	moderate	0.022	False	user_msa
Drosophila_sechellia_Drosophila_sechellia__Act5C__XP_002036849.1	63	63	63	23	GCC	0.07664141058921814	1	moderate	moderate	0.022	False	user_msa
Drosophila_simulans_Drosophila_simulans__LOC6725225__XP_016038239.1	63	63	63	23	GCC	0.07664141058921814	1	moderate	moderate	0.022	False	user_msa
Drosophila_subobscura_Drosophila_subobscura__LOC117903845__XP_034672195.1	63	63	63	23	GCT	0.08382730185985565	1	moderate	moderate	0.022	False	user_msa
Drosophila_suzukii_Drosophila_suzukii__Act5C__XP_065724039.1	63	63	63	23	GCC	0.07664141058921814	1	moderate	moderate	0.022	False	user_msa
Drosophila_virilis_Drosophila_virilis__Act5C__XP_002059576.1	63	63	63	23	GCT	0.08382730185985565	1	moderate	moderate	0.022	False	user_msa
Drosophila_willistoni_Drosophila_willistoni__LOC6641346__XP_023031150.1	63	63	63	23	GCT	0.08382730185985565	1	moderate	moderate	0.022	False	user_msa
Drosophila_yakuba_Drosophila_yakuba__LOC6525488__XP_002101323.1	63	63	63	23	GCC	0.07664141058921814	1	moderate	moderate	0.022	False	user_msa
Drosophila_ananassae_Drosophila_ananassae__LOC6504746__XP_032309021.1	64	64	64	24	GGA	0.09288192540407181	1	moderate	moderate	0.022	False	user_msa
Drosophila_biarmipes_Drosophila_biarmipes__LOC108031387__XP_050746516.1	64	64	64	24	GGT	0.10595015436410904	1	moderate	moderate	0.022	False	user_msa
Drosophila_mauritiana_Drosophila_mauritiana__LOC117148789__XP_033172290.1	64	64	64	24	GGA	0.09288192540407181	1	moderate	moderate	0.022	False	user_msa
Drosophila_melanogaster_Drosophila_melanogaster__Act5C__NP_511052.1	64	64	64	24	GGA	0.09288192540407181	1	moderate	moderate	0.022	False	user_msa
Drosophila_pseudoobscura_Drosophila_pseudoobscura__Act5C__XP_001354857.1	64	64	64	24	GGA	0.09288192540407181	1	moderate	moderate	0.022	False	user_msa
Drosophila_sechellia_Drosophila_sechellia__Act5C__XP_002036849.1	64	64	64	24	GGA	0.09288192540407181	1	moderate	moderate	0.022	False	user_msa
Drosophila_simulans_Drosophila_simulans__LOC6725225__XP_016038239.1	64	64	64	24	GGA	0.09288192540407181	1	moderate	moderate	0.022	False	user_msa
Drosophila_subobscura_Drosophila_subobscura__LOC117903845__XP_034672195.1	64	64	64	24	GGA	0.09288192540407181	1	moderate	moderate	0.022	False	user_msa
Drosophila_suzukii_Drosophila_suzukii__Act5C__XP_065724039.1	64	64	64	24	GGT	0.10595015436410904	1	moderate	moderate	0.022	False	user_msa
Drosophila_virilis_Drosophila_virilis__Act5C__XP_002059576.1	64	64	64	24	GGC	0.09706874191761017	1	moderate	moderate	0.022	False	user_msa
Drosophila_willistoni_Drosophila_willistoni__LOC6641346__XP_023031150.1	64	64	64	24	GGC	0.09706874191761017	1	moderate	moderate	0.022	False	user_msa
Drosophila_yakuba_Drosophila_yakuba__LOC6525488__XP_002101323.1	64	64	64	24	GGA	0.09288192540407181	1	moderate	moderate	0.022	False	user_msa
Drosophila_ananassae_Drosophila_ananassae__LOC6504746__XP_032309021.1	65	65	65	25	GAC	0.07477939128875732	1	moderate	moderate	0.022	False	user_msa
Drosophila_biarmipes_Drosophila_biarmipes__LOC108031387__XP_050746516.1	65	65	65	25	GAC	0.07477939128875732	1	moderate	moderate	0.022	False	user_msa
Drosophila_mauritiana_Drosophila_mauritiana__LOC117148789__XP_033172290.1	65	65	65	25	GAC	0.07477939128875732	1	moderate	moderate	0.022	False	user_msa
Drosophila_melanogaster_Drosophila_melanogaster__Act5C__NP_511052.1	65	65	65	25	GAC	0.07477939128875732	1	moderate	moderate	0.022	False	user_msa
Drosophila_pseudoobscura_Drosophila_pseudoobscura__Act5C__XP_001354857.1	65	65	65	25	GAT	0.08180619031190872	1	moderate	moderate	0.022	False	user_msa
Drosophila_sechellia_Drosophila_sechellia__Act5C__XP_002036849.1	65	65	65	25	GAC	0.07477939128875732	1	moderate	moderate	0.022	False	user_msa
Drosophila_simulans_Drosophila_simulans__LOC6725225__XP_016038239.1	65	65	65	25	GAC	0.07477939128875732	1	moderate	moderate	0.022	False	user_msa
Drosophila_subobscura_Drosophila_subobscura__LOC117903845__XP_034672195.1	65	65	65	25	GAT	0.08180619031190872	1	moderate	moderate	0.022	False	user_msa
Drosophila_suzukii_Drosophila_suzukii__Act5C__XP_065724039.1	65	65	65	25	GAT	0.08180619031190872	1	moderate	moderate	0.022	False	user_msa
Drosophila_virilis_Drosophila_virilis__Act5C__XP_002059576.1	65	65	65	25	GAT	0.08180619031190872	1	moderate	moderate	0.022	False	user_msa
Drosophila_willistoni_Drosophila_willistoni__LOC6641346__XP_023031150.1	65	65	65	25	GAT	0.08180619031190872	1	moderate	moderate	0.022	False	user_msa
Drosophila_yakuba_Drosophila_yakuba__LOC6525488__XP_002101323.1	65	65	65	25	GAC	0.07477939128875732	1	moderate	moderate	0.022	False	user_msa
Drosophila_ananassae_Drosophila_ananassae__LOC6504746__XP_032309021.1	66	66	66	26	GAT	0.06695673614740372	1	moderate	moderate	0.022	False	user_msa
Drosophila_biarmipes_Drosophila_biarmipes__LOC108031387__XP_050746516.1	66	66	66	26	GAT	0.06695673614740372	1	moderate	moderate	0.022	False	user_msa
Drosophila_mauritiana_Drosophila_mauritiana__LOC117148789__XP_033172290.1	66	66	66	26	GAT	0.06695673614740372	1	moderate	moderate	0.022	False	user_msa
Drosophila_melanogaster_Drosophila_melanogaster__Act5C__NP_511052.1	66	66	66	26	GAT	0.06695673614740372	1	moderate	moderate	0.022	False	user_msa
Drosophila_pseudoobscura_Drosophila_pseudoobscura__Act5C__XP_001354857.1	66	66	66	26	GAT	0.06695673614740372	1	moderate	moderate	0.022	False	user_msa
Drosophila_sechellia_Drosophila_sechellia__Act5C__XP_002036849.1	66	66	66	26	GAT	0.06695673614740372	1	moderate	moderate	0.022	False	user_msa
Drosophila_simulans_Drosophila_simulans__LOC6725225__XP_016038239.1	66	66	66	26	GAT	0.06695673614740372	1	moderate	moderate	0.022	False	user_msa
Drosophila_subobscura_Drosophila_subobscura__LOC117903845__XP_034672195.1	66	66	66	26	GAT	0.06695673614740372	1	moderate	moderate	0.022	False	user_msa
Drosophila_suzukii_Drosophila_suzukii__Act5C__XP_065724039.1	66	66	66	26	GAT	0.06695673614740372	1	moderate	moderate	0.022	False	user_msa
Drosophila_virilis_Drosophila_virilis__Act5C__XP_002059576.1	66	66	66	26	GAT	0.06695673614740372	1	moderate	moderate	0.022	False	user_msa
Drosophila_willistoni_Drosophila_willistoni__LOC6641346__XP_023031150.1	66	66	66	26	GAT	0.06695673614740372	1	moderate	moderate	0.022	False	user_msa
Drosophila_yakuba_Drosophila_yakuba__LOC6525488__XP_002101323.1	66	66	66	26	GAT	0.06695673614740372	1	moderate	moderate	0.022	False	user_msa
Drosophila_ananassae_Drosophila_ananassae__LOC6504746__XP_032309021.1	67	67	67	27	GCG	0.0950455293059349	1	moderate	moderate	0.022	False	user_msa
Drosophila_biarmipes_Drosophila_biarmipes__LOC108031387__XP_050746516.1	67	67	67	27	GCG	0.0950455293059349	1	moderate	moderate	0.022	False	user_msa
Drosophila_mauritiana_Drosophila_mauritiana__LOC117148789__XP_033172290.1	67	67	67	27	GCT	0.09931914508342743	1	moderate	moderate	0.022	False	user_msa
Drosophila_melanogaster_Drosophila_melanogaster__Act5C__NP_511052.1	67	67	67	27	GCT	0.09931914508342743	1	moderate	moderate	0.022	False	user_msa
Drosophila_pseudoobscura_Drosophila_pseudoobscura__Act5C__XP_001354857.1	67	67	67	27	GCA	0.08698925375938416	1	moderate	moderate	0.022	False	user_msa
Drosophila_sechellia_Drosophila_sechellia__Act5C__XP_002036849.1	67	67	67	27	GCT	0.09931914508342743	1	moderate	moderate	0.022	False	user_msa
Drosophila_simulans_Drosophila_simulans__LOC6725225__XP_016038239.1	67	67	67	27	GCT	0.09931914508342743	1	moderate	moderate	0.022	False	user_msa
Drosophila_subobscura_Drosophila_subobscura__LOC117903845__XP_034672195.1	67	67	67	27	GCA	0.08698925375938416	1	moderate	moderate	0.022	False	user_msa
Drosophila_suzukii_Drosophila_suzukii__Act5C__XP_065724039.1	67	67	67	27	GCG	0.0950455293059349	1	moderate	moderate	0.022	False	user_msa
Drosophila_virilis_Drosophila_virilis__Act5C__XP_002059576.1	67	67	67	27	GCG	0.0950455293059349	1	moderate	moderate	0.022	False	user_msa
Drosophila_willistoni_Drosophila_willistoni__LOC6641346__XP_023031150.1	67	67	67	27	GCG	0.0950455293059349	1	moderate	moderate	0.022	False	user_msa
Drosophila_yakuba_Drosophila_yakuba__LOC6525488__XP_002101323.1	67	67	67	27	GCG	0.0950455293059349	1	moderate	moderate	0.022	False	user_msa
Drosophila_ananassae_Drosophila_ananassae__LOC6504746__XP_032309021.1	68	68	68	28	CCC	0.07581068575382233	1	moderate	moderate	0.022	False	user_msa
Drosophila_biarmipes_Drosophila_biarmipes__LOC108031387__XP_050746516.1	68	68	68	28	CCC	0.07581068575382233	1	moderate	moderate	0.022	False	user_msa
Drosophila_mauritiana_Drosophila_mauritiana__LOC117148789__XP_033172290.1	68	68	68	28	CCC	0.07581068575382233	1	moderate	moderate	0.022	False	user_msa
Drosophila_melanogaster_Drosophila_melanogaster__Act5C__NP_511052.1	68	68	68	28	CCC	0.07581068575382233	1	moderate	moderate	0.022	False	user_msa
Drosophila_pseudoobscura_Drosophila_pseudoobscura__Act5C__XP_001354857.1	68	68	68	28	CCC	0.07581068575382233	1	moderate	moderate	0.022	False	user_msa
Drosophila_sechellia_Drosophila_sechellia__Act5C__XP_002036849.1	68	68	68	28	CCC	0.07581068575382233	1	moderate	moderate	0.022	False	user_msa
Drosophila_simulans_Drosophila_simulans__LOC6725225__XP_016038239.1	68	68	68	28	CCC	0.07581068575382233	1	moderate	moderate	0.022	False	user_msa
Drosophila_subobscura_Drosophila_subobscura__LOC117903845__XP_034672195.1	68	68	68	28	CCC	0.07581068575382233	1	moderate	moderate	0.022	False	user_msa
Drosophila_suzukii_Drosophila_suzukii__Act5C__XP_065724039.1	68	68	68	28	CCC	0.07581068575382233	1	moderate	moderate	0.022	False	user_msa
Drosophila_virilis_Drosophila_virilis__Act5C__XP_002059576.1	68	68	68	28	CCC	0.07581068575382233	1	moderate	moderate	0.022	False	user_msa
Drosophila_willistoni_Drosophila_willistoni__LOC6641346__XP_023031150.1	68	68	68	28	CCA	0.07246708124876022	1	moderate	moderate	0.022	False	user_msa
Drosophila_yakuba_Drosophila_yakuba__LOC6525488__XP_002101323.1	68	68	68	28	CCC	0.07581068575382233	1	moderate	moderate	0.022	False	user_msa
Drosophila_ananassae_Drosophila_ananassae__LOC6504746__XP_032309021.1	69	69	69	29	CGC	0.0641862228512764	1	moderate	moderate	0.022	False	user_msa
Drosophila_biarmipes_Drosophila_biarmipes__LOC108031387__XP_050746516.1	69	69	69	29	CGC	0.0641862228512764	1	moderate	moderate	0.022	False	user_msa
Drosophila_mauritiana_Drosophila_mauritiana__LOC117148789__XP_033172290.1	69	69	69	29	CGC	0.0641862228512764	1	moderate	moderate	0.022	False	user_msa
Drosophila_melanogaster_Drosophila_melanogaster__Act5C__NP_511052.1	69	69	69	29	CGC	0.0641862228512764	1	moderate	moderate	0.022	False	user_msa
Drosophila_pseudoobscura_Drosophila_pseudoobscura__Act5C__XP_001354857.1	69	69	69	29	CGC	0.0641862228512764	1	moderate	moderate	0.022	False	user_msa
Drosophila_sechellia_Drosophila_sechellia__Act5C__XP_002036849.1	69	69	69	29	CGC	0.0641862228512764	1	moderate	moderate	0.022	False	user_msa
Drosophila_simulans_Drosophila_simulans__LOC6725225__XP_016038239.1	69	69	69	29	CGC	0.0641862228512764	1	moderate	moderate	0.022	False	user_msa
Drosophila_subobscura_Drosophila_subobscura__LOC117903845__XP_034672195.1	69	69	69	29	CGC	0.0641862228512764	1	moderate	moderate	0.022	False	user_msa
Drosophila_suzukii_Drosophila_suzukii__Act5C__XP_065724039.1	69	69	69	29	CGC	0.0641862228512764	1	moderate	moderate	0.022	False	user_msa
Drosophila_virilis_Drosophila_virilis__Act5C__XP_002059576.1	69	69	69	29	CGC	0.0641862228512764	1	moderate	moderate	0.022	False	user_msa
Drosophila_willistoni_Drosophila_willistoni__LOC6641346__XP_023031150.1	69	69	69	29	CGC	0.0641862228512764	1	moderate	moderate	0.022	False	user_msa
Drosophila_yakuba_Drosophila_yakuba__LOC6525488__XP_002101323.1	69	69	69	29	CGC	0.0641862228512764	1	moderate	moderate	0.022	False	user_msa
Drosophila_ananassae_Drosophila_ananassae__LOC6504746__XP_032309021.1	70	70	70	30	GCC	0.0781613364815712	1	moderate	moderate	0.022	False	user_msa
Drosophila_biarmipes_Drosophila_biarmipes__LOC108031387__XP_050746516.1	70	70	70	30	GCC	0.0781613364815712	1	moderate	moderate	0.022	False	user_msa
Drosophila_mauritiana_Drosophila_mauritiana__LOC117148789__XP_033172290.1	70	70	70	30	GCC	0.0781613364815712	1	moderate	moderate	0.022	False	user_msa
Drosophila_melanogaster_Drosophila_melanogaster__Act5C__NP_511052.1	70	70	70	30	GCC	0.0781613364815712	1	moderate	moderate	0.022	False	user_msa
Drosophila_pseudoobscura_Drosophila_pseudoobscura__Act5C__XP_001354857.1	70	70	70	30	GCC	0.0781613364815712	1	moderate	moderate	0.022	False	user_msa
Drosophila_sechellia_Drosophila_sechellia__Act5C__XP_002036849.1	70	70	70	30	GCC	0.0781613364815712	1	moderate	moderate	0.022	False	user_msa
Drosophila_simulans_Drosophila_simulans__LOC6725225__XP_016038239.1	70	70	70	30	GCC	0.0781613364815712	1	moderate	moderate	0.022	False	user_msa
Drosophila_subobscura_Drosophila_subobscura__LOC117903845__XP_034672195.1	70	70	70	30	GCC	0.0781613364815712	1	moderate	moderate	0.022	False	user_msa
Drosophila_suzukii_Drosophila_suzukii__Act5C__XP_065724039.1	70	70	70	30	GCC	0.0781613364815712	1	moderate	moderate	0.022	False	user_msa
Drosophila_virilis_Drosophila_virilis__Act5C__XP_002059576.1	70	70	70	30	GCT	0.0854765772819519	1	moderate	moderate	0.022	False	user_msa
Drosophila_willistoni_Drosophila_willistoni__LOC6641346__XP_023031150.1	70	70	70	30	GCT	0.0854765772819519	1	moderate	moderate	0.022	False	user_msa
Drosophila_yakuba_Drosophila_yakuba__LOC6525488__XP_002101323.1	70	70	70	30	GCC	0.0781613364815712	1	moderate	moderate	0.022	False	user_msa
Drosophila_ananassae_Drosophila_ananassae__LOC6504746__XP_032309021.1	71	71	71	31	GTC	0.08269185572862625	1	moderate	moderate	0.022	False	user_msa
Drosophila_biarmipes_Drosophila_biarmipes__LOC108031387__XP_050746516.1	71	71	71	31	GTC	0.08269185572862625	1	moderate	moderate	0.022	False	user_msa
Drosophila_mauritiana_Drosophila_mauritiana__LOC117148789__XP_033172290.1	71	71	71	31	GTC	0.08269185572862625	1	moderate	moderate	0.022	False	user_msa
Drosophila_melanogaster_Drosophila_melanogaster__Act5C__NP_511052.1	71	71	71	31	GTC	0.08269185572862625	1	moderate	moderate	0.022	False	user_msa
Drosophila_pseudoobscura_Drosophila_pseudoobscura__Act5C__XP_001354857.1	71	71	71	31	GTG	0.08646318316459656	1	moderate	moderate	0.022	False	user_msa
Drosophila_sechellia_Drosophila_sechellia__Act5C__XP_002036849.1	71	71	71	31	GTC	0.08269185572862625	1	moderate	moderate	0.022	False	user_msa
Drosophila_simulans_Drosophila_simulans__LOC6725225__XP_016038239.1	71	71	71	31	GTC	0.08269185572862625	1	moderate	moderate	0.022	False	user_msa
Drosophila_subobscura_Drosophila_subobscura__LOC117903845__XP_034672195.1	71	71	71	31	GTG	0.08646318316459656	1	moderate	moderate	0.022	False	user_msa
Drosophila_suzukii_Drosophila_suzukii__Act5C__XP_065724039.1	71	71	71	31	GTC	0.08269185572862625	1	moderate	moderate	0.022	False	user_msa
Drosophila_virilis_Drosophila_virilis__Act5C__XP_002059576.1	71	71	71	31	GTC	0.08269185572862625	1	moderate	moderate	0.022	False	user_msa
Drosophila_willistoni_Drosophila_willistoni__LOC6641346__XP_023031150.1	71	71	71	31	GTC	0.08269185572862625	1	moderate	moderate	0.022	False	user_msa
Drosophila_yakuba_Drosophila_yakuba__LOC6525488__XP_002101323.1	71	71	71	31	GTC	0.08269185572862625	1	moderate	moderate	0.022	False	user_msa
Drosophila_ananassae_Drosophila_ananassae__LOC6504746__XP_032309021.1	72	72	72	32	TTC	0.07475940138101578	1	moderate	moderate	0.022	False	user_msa
Drosophila_biarmipes_Drosophila_biarmipes__LOC108031387__XP_050746516.1	72	72	72	32	TTC	0.07475940138101578	1	moderate	moderate	0.022	False	user_msa
Drosophila_mauritiana_Drosophila_mauritiana__LOC117148789__XP_033172290.1	72	72	72	32	TTC	0.07475940138101578	1	moderate	moderate	0.022	False	user_msa
Drosophila_melanogaster_Drosophila_melanogaster__Act5C__NP_511052.1	72	72	72	32	TTC	0.07475940138101578	1	moderate	moderate	0.022	False	user_msa
Drosophila_pseudoobscura_Drosophila_pseudoobscura__Act5C__XP_001354857.1	72	72	72	32	TTC	0.07475940138101578	1	moderate	moderate	0.022	False	user_msa
Drosophila_sechellia_Drosophila_sechellia__Act5C__XP_002036849.1	72	72	72	32	TTC	0.07475940138101578	1	moderate	moderate	0.022	False	user_msa
Drosophila_simulans_Drosophila_simulans__LOC6725225__XP_016038239.1	72	72	72	32	TTC	0.07475940138101578	1	moderate	moderate	0.022	False	user_msa
Drosophila_subobscura_Drosophila_subobscura__LOC117903845__XP_034672195.1	72	72	72	32	TTC	0.07475940138101578	1	moderate	moderate	0.022	False	user_msa
Drosophila_suzukii_Drosophila_suzukii__Act5C__XP_065724039.1	72	72	72	32	TTC	0.07475940138101578	1	moderate	moderate	0.022	False	user_msa
Drosophila_virilis_Drosophila_virilis__Act5C__XP_002059576.1	72	72	72	32	TTC	0.07475940138101578	1	moderate	moderate	0.022	False	user_msa
Drosophila_willistoni_Drosophila_willistoni__LOC6641346__XP_023031150.1	72	72	72	32	TTC	0.07475940138101578	1	moderate	moderate	0.022	False	user_msa
Drosophila_yakuba_Drosophila_yakuba__LOC6525488__XP_002101323.1	72	72	72	32	TTC	0.07475940138101578	1	moderate	moderate	0.022	False	user_msa
Drosophila_ananassae_Drosophila_ananassae__LOC6504746__XP_032309021.1	73	73	73	33	CCC	0.07716860622167587	1	moderate	moderate	0.022	False	user_msa
Drosophila_biarmipes_Drosophila_biarmipes__LOC108031387__XP_050746516.1	73	73	73	33	CCC	0.07716860622167587	1	moderate	moderate	0.022	False	user_msa
Drosophila_mauritiana_Drosophila_mauritiana__LOC117148789__XP_033172290.1	73	73	73	33	CCA	0.07376988232135773	1	moderate	moderate	0.022	False	user_msa
Drosophila_melanogaster_Drosophila_melanogaster__Act5C__NP_511052.1	73	73	73	33	CCA	0.07376988232135773	1	moderate	moderate	0.022	False	user_msa
Drosophila_pseudoobscura_Drosophila_pseudoobscura__Act5C__XP_001354857.1	73	73	73	33	CCA	0.07376988232135773	1	moderate	moderate	0.022	False	user_msa
Drosophila_sechellia_Drosophila_sechellia__Act5C__XP_002036849.1	73	73	73	33	CCA	0.07376988232135773	1	moderate	moderate	0.022	False	user_msa
Drosophila_simulans_Drosophila_simulans__LOC6725225__XP_016038239.1	73	73	73	33	CCA	0.07376988232135773	1	moderate	moderate	0.022	False	user_msa
Drosophila_subobscura_Drosophila_subobscura__LOC117903845__XP_034672195.1	73	73	73	33	CCA	0.07376988232135773	1	moderate	moderate	0.022	False	user_msa
Drosophila_suzukii_Drosophila_suzukii__Act5C__XP_065724039.1	73	73	73	33	CCC	0.07716860622167587	1	moderate	moderate	0.022	False	user_msa
Drosophila_virilis_Drosophila_virilis__Act5C__XP_002059576.1	73	73	73	33	CCA	0.07376988232135773	1	moderate	moderate	0.022	False	user_msa
Drosophila_willistoni_Drosophila_willistoni__LOC6641346__XP_023031150.1	73	73	73	33	CCC	0.07716860622167587	1	moderate	moderate	0.022	False	user_msa
Drosophila_yakuba_Drosophila_yakuba__LOC6525488__XP_002101323.1	73	73	73	33	CCA	0.07376988232135773	1	moderate	moderate	0.022	False	user_msa
Drosophila_ananassae_Drosophila_ananassae__LOC6504746__XP_032309021.1	74	74	74	34	TCG	0.08704695850610733	1	moderate	moderate	0.022	False	user_msa
Drosophila_biarmipes_Drosophila_biarmipes__LOC108031387__XP_050746516.1	74	74	74	34	TCG	0.08704695850610733	1	moderate	moderate	0.022	False	user_msa
Drosophila_mauritiana_Drosophila_mauritiana__LOC117148789__XP_033172290.1	74	74	74	34	TCG	0.08704695850610733	1	moderate	moderate	0.022	False	user_msa
Drosophila_melanogaster_Drosophila_melanogaster__Act5C__NP_511052.1	74	74	74	34	TCG	0.08704695850610733	1	moderate	moderate	0.022	False	user_msa
Drosophila_pseudoobscura_Drosophila_pseudoobscura__Act5C__XP_001354857.1	74	74	74	34	TCG	0.08704695850610733	1	moderate	moderate	0.022	False	user_msa
Drosophila_sechellia_Drosophila_sechellia__Act5C__XP_002036849.1	74	74	74	34	TCG	0.08704695850610733	1	moderate	moderate	0.022	False	user_msa
Drosophila_simulans_Drosophila_simulans__LOC6725225__XP_016038239.1	74	74	74	34	TCG	0.08704695850610733	1	moderate	moderate	0.022	False	user_msa
Drosophila_subobscura_Drosophila_subobscura__LOC117903845__XP_034672195.1	74	74	74	34	TCG	0.08704695850610733	1	moderate	moderate	0.022	False	user_msa
Drosophila_suzukii_Drosophila_suzukii__Act5C__XP_065724039.1	74	74	74	34	TCG	0.08704695850610733	1	moderate	moderate	0.022	False	user_msa
Drosophila_virilis_Drosophila_virilis__Act5C__XP_002059576.1	74	74	74	34	TCG	0.08704695850610733	1	moderate	moderate	0.022	False	user_msa
Drosophila_willistoni_Drosophila_willistoni__LOC6641346__XP_023031150.1	74	74	74	34	TCC	0.08325251191854477	1	moderate	moderate	0.022	False	user_msa
Drosophila_yakuba_Drosophila_yakuba__LOC6525488__XP_002101323.1	74	74	74	34	TCG	0.08704695850610733	1	moderate	moderate	0.022	False	user_msa
Drosophila_ananassae_Drosophila_ananassae__LOC6504746__XP_032309021.1	75	75	75	35	ATT	0.07334960252046585	1	moderate	moderate	0.022	False	user_msa
Drosophila_biarmipes_Drosophila_biarmipes__LOC108031387__XP_050746516.1	75	75	75	35	ATT	0.07334960252046585	1	moderate	moderate	0.022	False	user_msa
Drosophila_mauritiana_Drosophila_mauritiana__LOC117148789__XP_033172290.1	75	75	75	35	ATT	0.07334960252046585	1	moderate	moderate	0.022	False	user_msa
Drosophila_melanogaster_Drosophila_melanogaster__Act5C__NP_511052.1	75	75	75	35	ATT	0.07334960252046585	1	moderate	moderate	0.022	False	user_msa
Drosophila_pseudoobscura_Drosophila_pseudoobscura__Act5C__XP_001354857.1	75	75	75	35	ATC	0.06780251115560532	1	moderate	moderate	0.022	False	user_msa
Drosophila_sechellia_Drosophila_sechellia__Act5C__XP_002036849.1	75	75	75	35	ATT	0.07334960252046585	1	moderate	moderate	0.022	False	user_msa
Drosophila_simulans_Drosophila_simulans__LOC6725225__XP_016038239.1	75	75	75	35	ATT	0.07334960252046585	1	moderate	moderate	0.022	False	user_msa
Drosophila_subobscura_Drosophila_subobscura__LOC117903845__XP_034672195.1	75	75	75	35	ATC	0.06780251115560532	1	moderate	moderate	0.022	False	user_msa
Drosophila_suzukii_Drosophila_suzukii__Act5C__XP_065724039.1	75	75	75	35	ATT	0.07334960252046585	1	moderate	moderate	0.022	False	user_msa
Drosophila_virilis_Drosophila_virilis__Act5C__XP_002059576.1	75	75	75	35	ATT	0.07334960252046585	1	moderate	moderate	0.022	False	user_msa
Drosophila_willistoni_Drosophila_willistoni__LOC6641346__XP_023031150.1	75	75	75	35	ATT	0.07334960252046585	1	moderate	moderate	0.022	False	user_msa
Drosophila_yakuba_Drosophila_yakuba__LOC6525488__XP_002101323.1	75	75	75	35	ATT	0.07334960252046585	1	moderate	moderate	0.022	False	user_msa
Drosophila_ananassae_Drosophila_ananassae__LOC6504746__XP_032309021.1	76	76	76	36	GTG	0.08424925804138184	1	moderate	moderate	0.022	False	user_msa
Drosophila_biarmipes_Drosophila_biarmipes__LOC108031387__XP_050746516.1	76	76	76	36	GTG	0.08424925804138184	1	moderate	moderate	0.022	False	user_msa
Drosophila_mauritiana_Drosophila_mauritiana__LOC117148789__XP_033172290.1	76	76	76	36	GTG	0.08424925804138184	1	moderate	moderate	0.022	False	user_msa
Drosophila_melanogaster_Drosophila_melanogaster__Act5C__NP_511052.1	76	76	76	36	GTG	0.08424925804138184	1	moderate	moderate	0.022	False	user_msa
Drosophila_pseudoobscura_Drosophila_pseudoobscura__Act5C__XP_001354857.1	76	76	76	36	GTC	0.0805659294128418	1	moderate	moderate	0.022	False	user_msa
Drosophila_sechellia_Drosophila_sechellia__Act5C__XP_002036849.1	76	76	76	36	GTG	0.08424925804138184	1	moderate	moderate	0.022	False	user_msa
Drosophila_simulans_Drosophila_simulans__LOC6725225__XP_016038239.1	76	76	76	36	GTG	0.08424925804138184	1	moderate	moderate	0.022	False	user_msa
Drosophila_subobscura_Drosophila_subobscura__LOC117903845__XP_034672195.1	76	76	76	36	GTC	0.0805659294128418	1	moderate	moderate	0.022	False	user_msa
Drosophila_suzukii_Drosophila_suzukii__Act5C__XP_065724039.1	76	76	76	36	GTG	0.08424925804138184	1	moderate	moderate	0.022	False	user_msa
Drosophila_virilis_Drosophila_virilis__Act5C__XP_002059576.1	76	76	76	36	GTG	0.08424925804138184	1	moderate	moderate	0.022	False	user_msa
Drosophila_willistoni_Drosophila_willistoni__LOC6641346__XP_023031150.1	76	76	76	36	GTG	0.08424925804138184	1	moderate	moderate	0.022	False	user_msa
Drosophila_yakuba_Drosophila_yakuba__LOC6525488__XP_002101323.1	76	76	76	36	GTG	0.08424925804138184	1	moderate	moderate	0.022	False	user_msa
Drosophila_ananassae_Drosophila_ananassae__LOC6504746__XP_032309021.1	77	77	77	37	GGC	0.09762488305568695	1	moderate	moderate	0.022	False	user_msa
Drosophila_biarmipes_Drosophila_biarmipes__LOC108031387__XP_050746516.1	77	77	77	37	GGC	0.09762488305568695	1	moderate	moderate	0.022	False	user_msa
Drosophila_mauritiana_Drosophila_mauritiana__LOC117148789__XP_033172290.1	77	77	77	37	GGA	0.09341655671596527	1	moderate	moderate	0.022	False	user_msa
Drosophila_melanogaster_Drosophila_melanogaster__Act5C__NP_511052.1	77	77	77	37	GGA	0.09341655671596527	1	moderate	moderate	0.022	False	user_msa
Drosophila_pseudoobscura_Drosophila_pseudoobscura__Act5C__XP_001354857.1	77	77	77	37	GGC	0.09762488305568695	1	moderate	moderate	0.022	False	user_msa
Drosophila_sechellia_Drosophila_sechellia__Act5C__XP_002036849.1	77	77	77	37	GGA	0.09341655671596527	1	moderate	moderate	0.022	False	user_msa
Drosophila_simulans_Drosophila_simulans__LOC6725225__XP_016038239.1	77	77	77	37	GGA	0.09341655671596527	1	moderate	moderate	0.022	False	user_msa
Drosophila_subobscura_Drosophila_subobscura__LOC117903845__XP_034672195.1	77	77	77	37	GGC	0.09762488305568695	1	moderate	moderate	0.022	False	user_msa
Drosophila_suzukii_Drosophila_suzukii__Act5C__XP_065724039.1	77	77	77	37	GGC	0.09762488305568695	1	moderate	moderate	0.022	False	user_msa
Drosophila_virilis_Drosophila_virilis__Act5C__XP_002059576.1	77	77	77	37	GGC	0.09762488305568695	1	moderate	moderate	0.022	False	user_msa
Drosophila_willistoni_Drosophila_willistoni__LOC6641346__XP_023031150.1	77	77	77	37	GGT	0.1065511703491211	1	moderate	moderate	0.022	False	user_msa
Drosophila_yakuba_Drosophila_yakuba__LOC6525488__XP_002101323.1	77	77	77	37	GGA	0.09341655671596527	1	moderate	moderate	0.022	False	user_msa
Drosophila_ananassae_Drosophila_ananassae__LOC6504746__XP_032309021.1	78	78	78	38	CGT	0.07716024667024612	1	moderate	moderate	0.022	False	user_msa
Drosophila_biarmipes_Drosophila_biarmipes__LOC108031387__XP_050746516.1	78	78	78	38	CGT	0.07716024667024612	1	moderate	moderate	0.022	False	user_msa
Drosophila_mauritiana_Drosophila_mauritiana__LOC117148789__XP_033172290.1	78	78	78	38	CGT	0.07716024667024612	1	moderate	moderate	0.022	False	user_msa
Drosophila_melanogaster_Drosophila_melanogaster__Act5C__NP_511052.1	78	78	78	38	CGT	0.07716024667024612	1	moderate	moderate	0.022	False	user_msa
Drosophila_pseudoobscura_Drosophila_pseudoobscura__Act5C__XP_001354857.1	78	78	78	38	CGC	0.07056300342082977	1	moderate	moderate	0.022	False	user_msa
Drosophila_sechellia_Drosophila_sechellia__Act5C__XP_002036849.1	78	78	78	38	CGT	0.07716024667024612	1	moderate	moderate	0.022	False	user_msa
Drosophila_simulans_Drosophila_simulans__LOC6725225__XP_016038239.1	78	78	78	38	CGT	0.07716024667024612	1	moderate	moderate	0.022	False	user_msa
Drosophila_subobscura_Drosophila_subobscura__LOC117903845__XP_034672195.1	78	78	78	38	CGC	0.07056300342082977	1	moderate	moderate	0.022	False	user_msa
Drosophila_suzukii_Drosophila_suzukii__Act5C__XP_065724039.1	78	78	78	38	CGT	0.07716024667024612	1	moderate	moderate	0.022	False	user_msa
Drosophila_virilis_Drosophila_virilis__Act5C__XP_002059576.1	78	78	78	38	CGT	0.07716024667024612	1	moderate	moderate	0.022	False	user_msa
Drosophila_willistoni_Drosophila_willistoni__LOC6641346__XP_023031150.1	78	78	78	38	CGT	0.07716024667024612	1	moderate	moderate	0.022	False	user_msa
Drosophila_yakuba_Drosophila_yakuba__LOC6525488__XP_002101323.1	78	78	78	38	CGT	0.07716024667024612	1	moderate	moderate	0.022	False	user_msa
Drosophila_ananassae_Drosophila_ananassae__LOC6504746__XP_032309021.1	79	79	79	39	CCC	0.07618346810340881	1	moderate	moderate	0.022	False	user_msa
Drosophila_biarmipes_Drosophila_biarmipes__LOC108031387__XP_050746516.1	79	79	79	39	CCC	0.07618346810340881	1	moderate	moderate	0.022	False	user_msa
Drosophila_mauritiana_Drosophila_mauritiana__LOC117148789__XP_033172290.1	79	79	79	39	CCC	0.07618346810340881	1	moderate	moderate	0.022	False	user_msa
Drosophila_melanogaster_Drosophila_melanogaster__Act5C__NP_511052.1	79	79	79	39	CCC	0.07618346810340881	1	moderate	moderate	0.022	False	user_msa
Drosophila_pseudoobscura_Drosophila_pseudoobscura__Act5C__XP_001354857.1	79	79	79	39	CCA	0.07282479852437973	1	moderate	moderate	0.022	False	user_msa
Drosophila_sechellia_Drosophila_sechellia__Act5C__XP_002036849.1	79	79	79	39	CCC	0.07618346810340881	1	moderate	moderate	0.022	False	user_msa
Drosophila_simulans_Drosophila_simulans__LOC6725225__XP_016038239.1	79	79	79	39	CCC	0.07618346810340881	1	moderate	moderate	0.022	False	user_msa
Drosophila_subobscura_Drosophila_subobscura__LOC117903845__XP_034672195.1	79	79	79	39	CCA	0.07282479852437973	1	moderate	moderate	0.022	False	user_msa
Drosophila_suzukii_Drosophila_suzukii__Act5C__XP_065724039.1	79	79	79	39	CCC	0.07618346810340881	1	moderate	moderate	0.022	False	user_msa
Drosophila_virilis_Drosophila_virilis__Act5C__XP_002059576.1	79	79	79	39	CCA	0.07282479852437973	1	moderate	moderate	0.022	False	user_msa
Drosophila_willistoni_Drosophila_willistoni__LOC6641346__XP_023031150.1	79	79	79	39	CCA	0.07282479852437973	1	moderate	moderate	0.022	False	user_msa
Drosophila_yakuba_Drosophila_yakuba__LOC6525488__XP_002101323.1	79	79	79	39	CCC	0.07618346810340881	1	moderate	moderate	0.022	False	user_msa
Drosophila_ananassae_Drosophila_ananassae__LOC6504746__XP_032309021.1	80	80	80	40	CGC	0.07046685367822647	1	moderate	moderate	0.022	False	user_msa
Drosophila_biarmipes_Drosophila_biarmipes__LOC108031387__XP_050746516.1	80	80	80	40	CGT	0.0771026611328125	1	moderate	moderate	0.022	False	user_msa
Drosophila_mauritiana_Drosophila_mauritiana__LOC117148789__XP_033172290.1	80	80	80	40	CGT	0.0771026611328125	1	moderate	moderate	0.022	False	user_msa
Drosophila_melanogaster_Drosophila_melanogaster__Act5C__NP_511052.1	80	80	80	40	CGT	0.0771026611328125	1	moderate	moderate	0.022	False	user_msa
Drosophila_pseudoobscura_Drosophila_pseudoobscura__Act5C__XP_001354857.1	80	80	80	40	CGT	0.0771026611328125	1	moderate	moderate	0.022	False	user_msa
Drosophila_sechellia_Drosophila_sechellia__Act5C__XP_002036849.1	80	80	80	40	CGT	0.0771026611328125	1	moderate	moderate	0.022	False	user_msa
Drosophila_simulans_Drosophila_simulans__LOC6725225__XP_016038239.1	80	80	80	40	CGT	0.0771026611328125	1	moderate	moderate	0.022	False	user_msa
Drosophila_subobscura_Drosophila_subobscura__LOC117903845__XP_034672195.1	80	80	80	40	CGT	0.0771026611328125	1	moderate	moderate	0.022	False	user_msa
Drosophila_suzukii_Drosophila_suzukii__Act5C__XP_065724039.1	80	80	80	40	CGT	0.0771026611328125	1	moderate	moderate	0.022	False	user_msa
Drosophila_virilis_Drosophila_virilis__Act5C__XP_002059576.1	80	80	80	40	CGT	0.0771026611328125	1	moderate	moderate	0.022	False	user_msa
Drosophila_willistoni_Drosophila_willistoni__LOC6641346__XP_023031150.1	80	80	80	40	CGT	0.0771026611328125	1	moderate	moderate	0.022	False	user_msa
Drosophila_yakuba_Drosophila_yakuba__LOC6525488__XP_002101323.1	80	80	80	40	CGT	0.0771026611328125	1	moderate	moderate	0.022	False	user_msa
Drosophila_ananassae_Drosophila_ananassae__LOC6504746__XP_032309021.1	81	81	81	41	CAT	0.07869401574134827	1	moderate	moderate	0.022	False	user_msa
Drosophila_biarmipes_Drosophila_biarmipes__LOC108031387__XP_050746516.1	81	81	81	41	CAC	0.07191365212202072	1	moderate	moderate	0.022	False	user_msa
Drosophila_mauritiana_Drosophila_mauritiana__LOC117148789__XP_033172290.1	81	81	81	41	CAC	0.07191365212202072	1	moderate	moderate	0.022	False	user_msa
Drosophila_melanogaster_Drosophila_melanogaster__Act5C__NP_511052.1	81	81	81	41	CAC	0.07191365212202072	1	moderate	moderate	0.022	False	user_msa
Drosophila_pseudoobscura_Drosophila_pseudoobscura__Act5C__XP_001354857.1	81	81	81	41	CAC	0.07191365212202072	1	moderate	moderate	0.022	False	user_msa
Drosophila_sechellia_Drosophila_sechellia__Act5C__XP_002036849.1	81	81	81	41	CAC	0.07191365212202072	1	moderate	moderate	0.022	False	user_msa
Drosophila_simulans_Drosophila_simulans__LOC6725225__XP_016038239.1	81	81	81	41	CAC	0.07191365212202072	1	moderate	moderate	0.022	False	user_msa
Drosophila_subobscura_Drosophila_subobscura__LOC117903845__XP_034672195.1	81	81	81	41	CAC	0.07191365212202072	1	moderate	moderate	0.022	False	user_msa
Drosophila_suzukii_Drosophila_suzukii__Act5C__XP_065724039.1	81	81	81	41	CAC	0.07191365212202072	1	moderate	moderate	0.022	False	user_msa
Drosophila_virilis_Drosophila_virilis__Act5C__XP_002059576.1	81	81	81	41	CAT	0.07869401574134827	1	moderate	moderate	0.022	False	user_msa
Drosophila_willistoni_Drosophila_willistoni__LOC6641346__XP_023031150.1	81	81	81	41	CAC	0.07191365212202072	1	moderate	moderate	0.022	False	user_msa
Drosophila_yakuba_Drosophila_yakuba__LOC6525488__XP_002101323.1	81	81	81	41	CAC	0.07191365212202072	1	moderate	moderate	0.022	False	user_msa
Drosophila_ananassae_Drosophila_ananassae__LOC6504746__XP_032309021.1	82	82	82	42	CAG	0.06265982240438461	1	moderate	moderate	0.022	False	user_msa
Drosophila_biarmipes_Drosophila_biarmipes__LOC108031387__XP_050746516.1	82	82	82	42	CAG	0.06265982240438461	1	moderate	moderate	0.022	False	user_msa
Drosophila_mauritiana_Drosophila_mauritiana__LOC117148789__XP_033172290.1	82	82	82	42	CAG	0.06265982240438461	1	moderate	moderate	0.022	False	user_msa
Drosophila_melanogaster_Drosophila_melanogaster__Act5C__NP_511052.1	82	82	82	42	CAG	0.06265982240438461	1	moderate	moderate	0.022	False	user_msa
Drosophila_pseudoobscura_Drosophila_pseudoobscura__Act5C__XP_001354857.1	82	82	82	42	CAG	0.06265982240438461	1	moderate	moderate	0.022	False	user_msa
Drosophila_sechellia_Drosophila_sechellia__Act5C__XP_002036849.1	82	82	82	42	CAG	0.06265982240438461	1	moderate	moderate	0.022	False	user_msa
Drosophila_simulans_Drosophila_simulans__LOC6725225__XP_016038239.1	82	82	82	42	CAG	0.06265982240438461	1	moderate	moderate	0.022	False	user_msa
Drosophila_subobscura_Drosophila_subobscura__LOC117903845__XP_034672195.1	82	82	82	42	CAG	0.06265982240438461	1	moderate	moderate	0.022	False	user_msa
Drosophila_suzukii_Drosophila_suzukii__Act5C__XP_065724039.1	82	82	82	42	CAG	0.06265982240438461	1	moderate	moderate	0.022	False	user_msa
Drosophila_virilis_Drosophila_virilis__Act5C__XP_002059576.1	82	82	82	42	CAG	0.06265982240438461	1	moderate	moderate	0.022	False	user_msa
Drosophila_willistoni_Drosophila_willistoni__LOC6641346__XP_023031150.1	82	82	82	42	CAG	0.06265982240438461	1	moderate	moderate	0.022	False	user_msa
Drosophila_yakuba_Drosophila_yakuba__LOC6525488__XP_002101323.1	82	82	82	42	CAG	0.06265982240438461	1	moderate	moderate	0.022	False	user_msa
Drosophila_ananassae_Drosophila_ananassae__LOC6504746__XP_032309021.1	83	83	83	43	GGC	0.07600408792495728	1	moderate	moderate	0.022	False	user_msa
Drosophila_biarmipes_Drosophila_biarmipes__LOC108031387__XP_050746516.1	83	83	83	43	GGC	0.07600408792495728	1	moderate	moderate	0.022	False	user_msa
Drosophila_mauritiana_Drosophila_mauritiana__LOC117148789__XP_033172290.1	83	83	83	43	GGT	0.0831357091665268	1	moderate	moderate	0.022	False	user_msa
Drosophila_melanogaster_Drosophila_melanogaster__Act5C__NP_511052.1	83	83	83	43	GGT	0.0831357091665268	1	moderate	moderate	0.022	False	user_msa
Drosophila_pseudoobscura_Drosophila_pseudoobscura__Act5C__XP_001354857.1	83	83	83	43	GGT	0.0831357091665268	1	moderate	moderate	0.022	False	user_msa
Drosophila_sechellia_Drosophila_sechellia__Act5C__XP_002036849.1	83	83	83	43	GGT	0.0831357091665268	1	moderate	moderate	0.022	False	user_msa
Drosophila_simulans_Drosophila_simulans__LOC6725225__XP_016038239.1	83	83	83	43	GGT	0.0831357091665268	1	moderate	moderate	0.022	False	user_msa
Drosophila_subobscura_Drosophila_subobscura__LOC117903845__XP_034672195.1	83	83	83	43	GGT	0.0831357091665268	1	moderate	moderate	0.022	False	user_msa
Drosophila_suzukii_Drosophila_suzukii__Act5C__XP_065724039.1	83	83	83	43	GGC	0.07600408792495728	1	moderate	moderate	0.022	False	user_msa
Drosophila_virilis_Drosophila_virilis__Act5C__XP_002059576.1	83	83	83	43	GGC	0.07600408792495728	1	moderate	moderate	0.022	False	user_msa
Drosophila_willistoni_Drosophila_willistoni__LOC6641346__XP_023031150.1	83	83	83	43	GGT	0.0831357091665268	1	moderate	moderate	0.022	False	user_msa
Drosophila_yakuba_Drosophila_yakuba__LOC6525488__XP_002101323.1	83	83	83	43	GGT	0.0831357091665268	1	moderate	moderate	0.022	False	user_msa
Drosophila_ananassae_Drosophila_ananassae__LOC6504746__XP_032309021.1	84	84	84	44	GTT	0.10538683086633682	1	moderate	moderate	0.022	False	user_msa
Drosophila_biarmipes_Drosophila_biarmipes__LOC108031387__XP_050746516.1	84	84	84	44	GTC	0.09654752910137177	1	moderate	moderate	0.022	False	user_msa
Drosophila_mauritiana_Drosophila_mauritiana__LOC117148789__XP_033172290.1	84	84	84	44	GTG	0.10088121891021729	1	moderate	moderate	0.022	False	user_msa
Drosophila_melanogaster_Drosophila_melanogaster__Act5C__NP_511052.1	84	84	84	44	GTG	0.10088121891021729	1	moderate	moderate	0.022	False	user_msa
Drosophila_pseudoobscura_Drosophila_pseudoobscura__Act5C__XP_001354857.1	84	84	84	44	GTC	0.09654752910137177	1	moderate	moderate	0.022	False	user_msa
Drosophila_sechellia_Drosophila_sechellia__Act5C__XP_002036849.1	84	84	84	44	GTG	0.10088121891021729	1	moderate	moderate	0.022	False	user_msa
Drosophila_simulans_Drosophila_simulans__LOC6725225__XP_016038239.1	84	84	84	44	GTG	0.10088121891021729	1	moderate	moderate	0.022	False	user_msa
Drosophila_subobscura_Drosophila_subobscura__LOC117903845__XP_034672195.1	84	84	84	44	GTC	0.09654752910137177	1	moderate	moderate	0.022	False	user_msa
Drosophila_suzukii_Drosophila_suzukii__Act5C__XP_065724039.1	84	84	84	44	GTC	0.09654752910137177	1	moderate	moderate	0.022	False	user_msa
Drosophila_virilis_Drosophila_virilis__Act5C__XP_002059576.1	84	84	84	44	GTG	0.10088121891021729	1	moderate	moderate	0.022	False	user_msa
Drosophila_willistoni_Drosophila_willistoni__LOC6641346__XP_023031150.1	84	84	84	44	GTG	0.10088121891021729	1	moderate	moderate	0.022	False	user_msa
Drosophila_yakuba_Drosophila_yakuba__LOC6525488__XP_002101323.1	84	84	84	44	GTG	0.10088121891021729	1	moderate	moderate	0.022	False	user_msa
Drosophila_ananassae_Drosophila_ananassae__LOC6504746__XP_032309021.1	85	85	85	45	ATG	0.061858322471380234	1	moderate	moderate	0.022	False	user_msa
Drosophila_biarmipes_Drosophila_biarmipes__LOC108031387__XP_050746516.1	85	85	85	45	ATG	0.061858322471380234	1	moderate	moderate	0.022	False	user_msa
Drosophila_mauritiana_Drosophila_mauritiana__LOC117148789__XP_033172290.1	85	85	85	45	ATG	0.061858322471380234	1	moderate	moderate	0.022	False	user_msa
Drosophila_melanogaster_Drosophila_melanogaster__Act5C__NP_511052.1	85	85	85	45	ATG	0.061858322471380234	1	moderate	moderate	0.022	False	user_msa
Drosophila_pseudoobscura_Drosophila_pseudoobscura__Act5C__XP_001354857.1	85	85	85	45	ATG	0.061858322471380234	1	moderate	moderate	0.022	False	user_msa
Drosophila_sechellia_Drosophila_sechellia__Act5C__XP_002036849.1	85	85	85	45	ATG	0.061858322471380234	1	moderate	moderate	0.022	False	user_msa
Drosophila_simulans_Drosophila_simulans__LOC6725225__XP_016038239.1	85	85	85	45	ATG	0.061858322471380234	1	moderate	moderate	0.022	False	user_msa
Drosophila_subobscura_Drosophila_subobscura__LOC117903845__XP_034672195.1	85	85	85	45	ATG	0.061858322471380234	1	moderate	moderate	0.022	False	user_msa
Drosophila_suzukii_Drosophila_suzukii__Act5C__XP_065724039.1	85	85	85	45	ATG	0.061858322471380234	1	moderate	moderate	0.022	False	user_msa
Drosophila_virilis_Drosophila_virilis__Act5C__XP_002059576.1	85	85	85	45	ATG	0.061858322471380234	1	moderate	moderate	0.022	False	user_msa
Drosophila_willistoni_Drosophila_willistoni__LOC6641346__XP_023031150.1	85	85	85	45	ATG	0.061858322471380234	1	moderate	moderate	0.022	False	user_msa
Drosophila_yakuba_Drosophila_yakuba__LOC6525488__XP_002101323.1	85	85	85	45	ATG	0.061858322471380234	1	moderate	moderate	0.022	False	user_msa
Drosophila_ananassae_Drosophila_ananassae__LOC6504746__XP_032309021.1	86	86	86	46	GTC	0.0800914317369461	1	moderate	moderate	0.022	False	user_msa
Drosophila_biarmipes_Drosophila_biarmipes__LOC108031387__XP_050746516.1	86	86	86	46	GTC	0.0800914317369461	1	moderate	moderate	0.022	False	user_msa
Drosophila_mauritiana_Drosophila_mauritiana__LOC117148789__XP_033172290.1	86	86	86	46	GTC	0.0800914317369461	1	moderate	moderate	0.022	False	user_msa
Drosophila_melanogaster_Drosophila_melanogaster__Act5C__NP_511052.1	86	86	86	46	GTC	0.0800914317369461	1	moderate	moderate	0.022	False	user_msa
Drosophila_pseudoobscura_Drosophila_pseudoobscura__Act5C__XP_001354857.1	86	86	86	46	GTT	0.08757013827562332	1	moderate	moderate	0.022	False	user_msa
Drosophila_sechellia_Drosophila_sechellia__Act5C__XP_002036849.1	86	86	86	46	GTC	0.0800914317369461	1	moderate	moderate	0.022	False	user_msa
Drosophila_simulans_Drosophila_simulans__LOC6725225__XP_016038239.1	86	86	86	46	GTC	0.0800914317369461	1	moderate	moderate	0.022	False	user_msa
Drosophila_subobscura_Drosophila_subobscura__LOC117903845__XP_034672195.1	86	86	86	46	GTT	0.08757013827562332	1	moderate	moderate	0.022	False	user_msa
Drosophila_suzukii_Drosophila_suzukii__Act5C__XP_065724039.1	86	86	86	46	GTC	0.0800914317369461	1	moderate	moderate	0.022	False	user_msa
Drosophila_virilis_Drosophila_virilis__Act5C__XP_002059576.1	86	86	86	46	GTC	0.0800914317369461	1	moderate	moderate	0.022	False	user_msa
Drosophila_willistoni_Drosophila_willistoni__LOC6641346__XP_023031150.1	86	86	86	46	GTT	0.08757013827562332	1	moderate	moderate	0.022	False	user_msa
Drosophila_yakuba_Drosophila_yakuba__LOC6525488__XP_002101323.1	86	86	86	46	GTC	0.0800914317369461	1	moderate	moderate	0.022	False	user_msa
Drosophila_ananassae_Drosophila_ananassae__LOC6504746__XP_032309021.1	87	87	87	47	GGT	0.08613433688879013	1	moderate	moderate	0.022	False	user_msa
Drosophila_biarmipes_Drosophila_biarmipes__LOC108031387__XP_050746516.1	87	87	87	47	GGC	0.07876767963171005	1	moderate	moderate	0.022	False	user_msa
Drosophila_mauritiana_Drosophila_mauritiana__LOC117148789__XP_033172290.1	87	87	87	47	GGC	0.07876767963171005	1	moderate	moderate	0.022	False	user_msa
Drosophila_melanogaster_Drosophila_melanogaster__Act5C__NP_511052.1	87	87	87	47	GGC	0.07876767963171005	1	moderate	moderate	0.022	False	user_msa
Drosophila_pseudoobscura_Drosophila_pseudoobscura__Act5C__XP_001354857.1	87	87	87	47	GGC	0.07876767963171005	1	moderate	moderate	0.022	False	user_msa
Drosophila_sechellia_Drosophila_sechellia__Act5C__XP_002036849.1	87	87	87	47	GGC	0.07876767963171005	1	moderate	moderate	0.022	False	user_msa
Drosophila_simulans_Drosophila_simulans__LOC6725225__XP_016038239.1	87	87	87	47	GGC	0.07876767963171005	1	moderate	moderate	0.022	False	user_msa
Drosophila_subobscura_Drosophila_subobscura__LOC117903845__XP_034672195.1	87	87	87	47	GGC	0.07876767963171005	1	moderate	moderate	0.022	False	user_msa
Drosophila_suzukii_Drosophila_suzukii__Act5C__XP_065724039.1	87	87	87	47	GGT	0.08613433688879013	1	moderate	moderate	0.022	False	user_msa
Drosophila_virilis_Drosophila_virilis__Act5C__XP_002059576.1	87	87	87	47	GGT	0.08613433688879013	1	moderate	moderate	0.022	False	user_msa
Drosophila_willistoni_Drosophila_willistoni__LOC6641346__XP_023031150.1	87	87	87	47	GGC	0.07876767963171005	1	moderate	moderate	0.022	False	user_msa
Drosophila_yakuba_Drosophila_yakuba__LOC6525488__XP_002101323.1	87	87	87	47	GGC	0.07876767963171005	1	moderate	moderate	0.022	False	user_msa
Drosophila_ananassae_Drosophila_ananassae__LOC6504746__XP_032309021.1	88	88	88	48	ATG	0.06188276782631874	1	moderate	moderate	0.022	False	user_msa
Drosophila_biarmipes_Drosophila_biarmipes__LOC108031387__XP_050746516.1	88	88	88	48	ATG	0.06188276782631874	1	moderate	moderate	0.022	False	user_msa
Drosophila_mauritiana_Drosophila_mauritiana__LOC117148789__XP_033172290.1	88	88	88	48	ATG	0.06188276782631874	1	moderate	moderate	0.022	False	user_msa
Drosophila_melanogaster_Drosophila_melanogaster__Act5C__NP_511052.1	88	88	88	48	ATG	0.06188276782631874	1	moderate	moderate	0.022	False	user_msa
Drosophila_pseudoobscura_Drosophila_pseudoobscura__Act5C__XP_001354857.1	88	88	88	48	ATG	0.06188276782631874	1	moderate	moderate	0.022	False	user_msa
Drosophila_sechellia_Drosophila_sechellia__Act5C__XP_002036849.1	88	88	88	48	ATG	0.06188276782631874	1	moderate	moderate	0.022	False	user_msa
Drosophila_simulans_Drosophila_simulans__LOC6725225__XP_016038239.1	88	88	88	48	ATG	0.06188276782631874	1	moderate	moderate	0.022	False	user_msa
Drosophila_subobscura_Drosophila_subobscura__LOC117903845__XP_034672195.1	88	88	88	48	ATG	0.06188276782631874	1	moderate	moderate	0.022	False	user_msa
Drosophila_suzukii_Drosophila_suzukii__Act5C__XP_065724039.1	88	88	88	48	ATG	0.06188276782631874	1	moderate	moderate	0.022	False	user_msa
Drosophila_virilis_Drosophila_virilis__Act5C__XP_002059576.1	88	88	88	48	ATG	0.06188276782631874	1	moderate	moderate	0.022	False	user_msa
Drosophila_willistoni_Drosophila_willistoni__LOC6641346__XP_023031150.1	88	88	88	48	ATG	0.06188276782631874	1	moderate	moderate	0.022	False	user_msa
Drosophila_yakuba_Drosophila_yakuba__LOC6525488__XP_002101323.1	88	88	88	48	ATG	0.06188276782631874	1	moderate	moderate	0.022	False	user_msa
Drosophila_ananassae_Drosophila_ananassae__LOC6504746__XP_032309021.1	89	89	89	49	GGC	0.08271174877882004	1	moderate	moderate	0.022	False	user_msa
Drosophila_biarmipes_Drosophila_biarmipes__LOC108031387__XP_050746516.1	89	89	89	49	GGC	0.08271174877882004	1	moderate	moderate	0.022	False	user_msa
Drosophila_mauritiana_Drosophila_mauritiana__LOC117148789__XP_033172290.1	89	89	89	49	GGC	0.08271174877882004	1	moderate	moderate	0.022	False	user_msa
Drosophila_melanogaster_Drosophila_melanogaster__Act5C__NP_511052.1	89	89	89	49	GGC	0.08271174877882004	1	moderate	moderate	0.022	False	user_msa
Drosophila_pseudoobscura_Drosophila_pseudoobscura__Act5C__XP_001354857.1	89	89	89	49	GGA	0.0790899321436882	1	moderate	moderate	0.022	False	user_msa
Drosophila_sechellia_Drosophila_sechellia__Act5C__XP_002036849.1	89	89	89	49	GGC	0.08271174877882004	1	moderate	moderate	0.022	False	user_msa
Drosophila_simulans_Drosophila_simulans__LOC6725225__XP_016038239.1	89	89	89	49	GGC	0.08271174877882004	1	moderate	moderate	0.022	False	user_msa
Drosophila_subobscura_Drosophila_subobscura__LOC117903845__XP_034672195.1	89	89	89	49	GGA	0.0790899321436882	1	moderate	moderate	0.022	False	user_msa
Drosophila_suzukii_Drosophila_suzukii__Act5C__XP_065724039.1	89	89	89	49	GGC	0.08271174877882004	1	moderate	moderate	0.022	False	user_msa
Drosophila_virilis_Drosophila_virilis__Act5C__XP_002059576.1	89	89	89	49	GGC	0.08271174877882004	1	moderate	moderate	0.022	False	user_msa
Drosophila_willistoni_Drosophila_willistoni__LOC6641346__XP_023031150.1	89	89	89	49	GGA	0.0790899321436882	1	moderate	moderate	0.022	False	user_msa
Drosophila_yakuba_Drosophila_yakuba__LOC6525488__XP_002101323.1	89	89	89	49	GGC	0.08271174877882004	1	moderate	moderate	0.022	False	user_msa
Drosophila_ananassae_Drosophila_ananassae__LOC6504746__XP_032309021.1	90	90	90	50	CAG	0.07429409772157669	1	moderate	moderate	0.022	False	user_msa
Drosophila_biarmipes_Drosophila_biarmipes__LOC108031387__XP_050746516.1	90	90	90	50	CAG	0.07429409772157669	1	moderate	moderate	0.022	False	user_msa
Drosophila_mauritiana_Drosophila_mauritiana__LOC117148789__XP_033172290.1	90	90	90	50	CAG	0.07429409772157669	1	moderate	moderate	0.022	False	user_msa
Drosophila_melanogaster_Drosophila_melanogaster__Act5C__NP_511052.1	90	90	90	50	CAG	0.07429409772157669	1	moderate	moderate	0.022	False	user_msa
Drosophila_pseudoobscura_Drosophila_pseudoobscura__Act5C__XP_001354857.1	90	90	90	50	CAG	0.07429409772157669	1	moderate	moderate	0.022	False	user_msa
Drosophila_sechellia_Drosophila_sechellia__Act5C__XP_002036849.1	90	90	90	50	CAG	0.07429409772157669	1	moderate	moderate	0.022	False	user_msa
Drosophila_simulans_Drosophila_simulans__LOC6725225__XP_016038239.1	90	90	90	50	CAG	0.07429409772157669	1	moderate	moderate	0.022	False	user_msa
Drosophila_subobscura_Drosophila_subobscura__LOC117903845__XP_034672195.1	90	90	90	50	CAG	0.07429409772157669	1	moderate	moderate	0.022	False	user_msa
Drosophila_suzukii_Drosophila_suzukii__Act5C__XP_065724039.1	90	90	90	50	CAG	0.07429409772157669	1	moderate	moderate	0.022	False	user_msa
Drosophila_virilis_Drosophila_virilis__Act5C__XP_002059576.1	90	90	90	50	CAA	0.06849920749664307	1	moderate	moderate	0.022	False	user_msa
Drosophila_willistoni_Drosophila_willistoni__LOC6641346__XP_023031150.1	90	90	90	50	CAG	0.07429409772157669	1	moderate	moderate	0.022	False	user_msa
Drosophila_yakuba_Drosophila_yakuba__LOC6525488__XP_002101323.1	90	90	90	50	CAG	0.07429409772157669	1	moderate	moderate	0.022	False	user_msa
Drosophila_ananassae_Drosophila_ananassae__LOC6504746__XP_032309021.1	91	91	91	51	AAG	0.059487245976924896	1	moderate	moderate	0.022	False	user_msa
Drosophila_biarmipes_Drosophila_biarmipes__LOC108031387__XP_050746516.1	91	91	91	51	AAG	0.059487245976924896	1	moderate	moderate	0.022	False	user_msa
Drosophila_mauritiana_Drosophila_mauritiana__LOC117148789__XP_033172290.1	91	91	91	51	AAG	0.059487245976924896	1	moderate	moderate	0.022	False	user_msa
Drosophila_melanogaster_Drosophila_melanogaster__Act5C__NP_511052.1	91	91	91	51	AAG	0.059487245976924896	1	moderate	moderate	0.022	False	user_msa
Drosophila_pseudoobscura_Drosophila_pseudoobscura__Act5C__XP_001354857.1	91	91	91	51	AAG	0.059487245976924896	1	moderate	moderate	0.022	False	user_msa
Drosophila_sechellia_Drosophila_sechellia__Act5C__XP_002036849.1	91	91	91	51	AAG	0.059487245976924896	1	moderate	moderate	0.022	False	user_msa
Drosophila_simulans_Drosophila_simulans__LOC6725225__XP_016038239.1	91	91	91	51	AAG	0.059487245976924896	1	moderate	moderate	0.022	False	user_msa
Drosophila_subobscura_Drosophila_subobscura__LOC117903845__XP_034672195.1	91	91	91	51	AAG	0.059487245976924896	1	moderate	moderate	0.022	False	user_msa
Drosophila_suzukii_Drosophila_suzukii__Act5C__XP_065724039.1	91	91	91	51	AAG	0.059487245976924896	1	moderate	moderate	0.022	False	user_msa
Drosophila_virilis_Drosophila_virilis__Act5C__XP_002059576.1	91	91	91	51	AAG	0.059487245976924896	1	moderate	moderate	0.022	False	user_msa
Drosophila_willistoni_Drosophila_willistoni__LOC6641346__XP_023031150.1	91	91	91	51	AAG	0.059487245976924896	1	moderate	moderate	0.022	False	user_msa
Drosophila_yakuba_Drosophila_yakuba__LOC6525488__XP_002101323.1	91	91	91	51	AAG	0.059487245976924896	1	moderate	moderate	0.022	False	user_msa
Drosophila_ananassae_Drosophila_ananassae__LOC6504746__XP_032309021.1	92	92	92		---	0.034328121691942215	1	moderate	moderate	0.022	False	user_msa
Drosophila_biarmipes_Drosophila_biarmipes__LOC108031387__XP_050746516.1	92	92	92		---	0.034328121691942215	1	moderate	moderate	0.022	False	user_msa
Drosophila_mauritiana_Drosophila_mauritiana__LOC117148789__XP_033172290.1	92	92	92		---	0.034328121691942215	1	moderate	moderate	0.022	False	user_msa
Drosophila_melanogaster_Drosophila_melanogaster__Act5C__NP_511052.1	92	92	92		---	0.034328121691942215	1	moderate	moderate	0.022	False	user_msa
Drosophila_pseudoobscura_Drosophila_pseudoobscura__Act5C__XP_001354857.1	92	92	92		---	0.034328121691942215	1	moderate	moderate	0.022	False	user_msa
Drosophila_sechellia_Drosophila_sechellia__Act5C__XP_002036849.1	92	92	92		---	0.034328121691942215	1	moderate	moderate	0.022	False	user_msa
Drosophila_simulans_Drosophila_simulans__LOC6725225__XP_016038239.1	92	92	92		---	0.034328121691942215	1	moderate	moderate	0.022	False	user_msa
Drosophila_subobscura_Drosophila_subobscura__LOC117903845__XP_034672195.1	92	92	92		---	0.034328121691942215	1	moderate	moderate	0.022	False	user_msa
Drosophila_suzukii_Drosophila_suzukii__Act5C__XP_065724039.1	92	92	92		---	0.034328121691942215	1	moderate	moderate	0.022	False	user_msa
Drosophila_virilis_Drosophila_virilis__Act5C__XP_002059576.1	92	92	92		---	0.034328121691942215	1	moderate	moderate	0.022	False	user_msa
Drosophila_willistoni_Drosophila_willistoni__LOC6641346__XP_023031150.1	92	92	92		---	0.034328121691942215	1	moderate	moderate	0.022	False	user_msa
Drosophila_yakuba_Drosophila_yakuba__LOC6525488__XP_002101323.1	92	92	92		---	0.034328121691942215	1	moderate	moderate	0.022	False	user_msa
Drosophila_ananassae_Drosophila_ananassae__LOC6504746__XP_032309021.1	93	93	93		---	0.034330159425735474	1	moderate	moderate	0.022	False	user_msa
Drosophila_biarmipes_Drosophila_biarmipes__LOC108031387__XP_050746516.1	93	93	93		---	0.034330159425735474	1	moderate	moderate	0.022	False	user_msa
Drosophila_mauritiana_Drosophila_mauritiana__LOC117148789__XP_033172290.1	93	93	93		---	0.034330159425735474	1	moderate	moderate	0.022	False	user_msa
Drosophila_melanogaster_Drosophila_melanogaster__Act5C__NP_511052.1	93	93	93		---	0.034330159425735474	1	moderate	moderate	0.022	False	user_msa
Drosophila_pseudoobscura_Drosophila_pseudoobscura__Act5C__XP_001354857.1	93	93	93		---	0.034330159425735474	1	moderate	moderate	0.022	False	user_msa
Drosophila_sechellia_Drosophila_sechellia__Act5C__XP_002036849.1	93	93	93		---	0.034330159425735474	1	moderate	moderate	0.022	False	user_msa
Drosophila_simulans_Drosophila_simulans__LOC6725225__XP_016038239.1	93	93	93		---	0.034330159425735474	1	moderate	moderate	0.022	False	user_msa
Drosophila_subobscura_Drosophila_subobscura__LOC117903845__XP_034672195.1	93	93	93		---	0.034330159425735474	1	moderate	moderate	0.022	False	user_msa
Drosophila_suzukii_Drosophila_suzukii__Act5C__XP_065724039.1	93	93	93		---	0.034330159425735474	1	moderate	moderate	0.022	False	user_msa
Drosophila_virilis_Drosophila_virilis__Act5C__XP_002059576.1	93	93	93		---	0.034330159425735474	1	moderate	moderate	0.022	False	user_msa
Drosophila_willistoni_Drosophila_willistoni__LOC6641346__XP_023031150.1	93	93	93		---	0.034330159425735474	1	moderate	moderate	0.022	False	user_msa
Drosophila_yakuba_Drosophila_yakuba__LOC6525488__XP_002101323.1	93	93	93		---	0.034330159425735474	1	moderate	moderate	0.022	False	user_msa
Drosophila_ananassae_Drosophila_ananassae__LOC6504746__XP_032309021.1	94	94	94		---	0.034332238137722015	1	moderate	moderate	0.022	False	user_msa
Drosophila_biarmipes_Drosophila_biarmipes__LOC108031387__XP_050746516.1	94	94	94		---	0.034332238137722015	1	moderate	moderate	0.022	False	user_msa
Drosophila_mauritiana_Drosophila_mauritiana__LOC117148789__XP_033172290.1	94	94	94		---	0.034332238137722015	1	moderate	moderate	0.022	False	user_msa
Drosophila_melanogaster_Drosophila_melanogaster__Act5C__NP_511052.1	94	94	94		---	0.034332238137722015	1	moderate	moderate	0.022	False	user_msa
Drosophila_pseudoobscura_Drosophila_pseudoobscura__Act5C__XP_001354857.1	94	94	94		---	0.034332238137722015	1	moderate	moderate	0.022	False	user_msa
Drosophila_sechellia_Drosophila_sechellia__Act5C__XP_002036849.1	94	94	94		---	0.034332238137722015	1	moderate	moderate	0.022	False	user_msa
Drosophila_simulans_Drosophila_simulans__LOC6725225__XP_016038239.1	94	94	94		---	0.034332238137722015	1	moderate	moderate	0.022	False	user_msa
Drosophila_subobscura_Drosophila_subobscura__LOC117903845__XP_034672195.1	94	94	94		---	0.034332238137722015	1	moderate	moderate	0.022	False	user_msa
Drosophila_suzukii_Drosophila_suzukii__Act5C__XP_065724039.1	94	94	94		---	0.034332238137722015	1	moderate	moderate	0.022	False	user_msa
Drosophila_virilis_Drosophila_virilis__Act5C__XP_002059576.1	94	94	94		---	0.034332238137722015	1	moderate	moderate	0.022	False	user_msa
Drosophila_willistoni_Drosophila_willistoni__LOC6641346__XP_023031150.1	94	94	94		---	0.034332238137722015	1	moderate	moderate	0.022	False	user_msa
Drosophila_yakuba_Drosophila_yakuba__LOC6525488__XP_002101323.1	94	94	94		---	0.034332238137722015	1	moderate	moderate	0.022	False	user_msa
Drosophila_ananassae_Drosophila_ananassae__LOC6504746__XP_032309021.1	95	95	95		---	0.03433426097035408	1	moderate	moderate	0.022	False	user_msa
Drosophila_biarmipes_Drosophila_biarmipes__LOC108031387__XP_050746516.1	95	95	95		---	0.03433426097035408	1	moderate	moderate	0.022	False	user_msa
Drosophila_mauritiana_Drosophila_mauritiana__LOC117148789__XP_033172290.1	95	95	95		---	0.03433426097035408	1	moderate	moderate	0.022	False	user_msa
Drosophila_melanogaster_Drosophila_melanogaster__Act5C__NP_511052.1	95	95	95		---	0.03433426097035408	1	moderate	moderate	0.022	False	user_msa
Drosophila_pseudoobscura_Drosophila_pseudoobscura__Act5C__XP_001354857.1	95	95	95		---	0.03433426097035408	1	moderate	moderate	0.022	False	user_msa
Drosophila_sechellia_Drosophila_sechellia__Act5C__XP_002036849.1	95	95	95		---	0.03433426097035408	1	moderate	moderate	0.022	False	user_msa
Drosophila_simulans_Drosophila_simulans__LOC6725225__XP_016038239.1	95	95	95		---	0.03433426097035408	1	moderate	moderate	0.022	False	user_msa
Drosophila_subobscura_Drosophila_subobscura__LOC117903845__XP_034672195.1	95	95	95		---	0.03433426097035408	1	moderate	moderate	0.022	False	user_msa
Drosophila_suzukii_Drosophila_suzukii__Act5C__XP_065724039.1	95	95	95		---	0.03433426097035408	1	moderate	moderate	0.022	False	user_msa
Drosophila_virilis_Drosophila_virilis__Act5C__XP_002059576.1	95	95	95		---	0.03433426097035408	1	moderate	moderate	0.022	False	user_msa
Drosophila_willistoni_Drosophila_willistoni__LOC6641346__XP_023031150.1	95	95	95		---	0.03433426097035408	1	moderate	moderate	0.022	False	user_msa
Drosophila_yakuba_Drosophila_yakuba__LOC6525488__XP_002101323.1	95	95	95		---	0.03433426097035408	1	moderate	moderate	0.022	False	user_msa
Drosophila_ananassae_Drosophila_ananassae__LOC6504746__XP_032309021.1	96	96	96		---	0.03433634340763092	1	moderate	moderate	0.022	False	user_msa
Drosophila_biarmipes_Drosophila_biarmipes__LOC108031387__XP_050746516.1	96	96	96		---	0.03433634340763092	1	moderate	moderate	0.022	False	user_msa
Drosophila_mauritiana_Drosophila_mauritiana__LOC117148789__XP_033172290.1	96	96	96		---	0.03433634340763092	1	moderate	moderate	0.022	False	user_msa
Drosophila_melanogaster_Drosophila_melanogaster__Act5C__NP_511052.1	96	96	96		---	0.03433634340763092	1	moderate	moderate	0.022	False	user_msa
Drosophila_pseudoobscura_Drosophila_pseudoobscura__Act5C__XP_001354857.1	96	96	96		---	0.03433634340763092	1	moderate	moderate	0.022	False	user_msa
Drosophila_sechellia_Drosophila_sechellia__Act5C__XP_002036849.1	96	96	96		---	0.03433634340763092	1	moderate	moderate	0.022	False	user_msa
Drosophila_simulans_Drosophila_simulans__LOC6725225__XP_016038239.1	96	96	96		---	0.03433634340763092	1	moderate	moderate	0.022	False	user_msa
Drosophila_subobscura_Drosophila_subobscura__LOC117903845__XP_034672195.1	96	96	96		---	0.03433634340763092	1	moderate	moderate	0.022	False	user_msa
Drosophila_suzukii_Drosophila_suzukii__Act5C__XP_065724039.1	96	96	96		---	0.03433634340763092	1	moderate	moderate	0.022	False	user_msa
Drosophila_virilis_Drosophila_virilis__Act5C__XP_002059576.1	96	96	96		---	0.03433634340763092	1	moderate	moderate	0.022	False	user_msa
Drosophila_willistoni_Drosophila_willistoni__LOC6641346__XP_023031150.1	96	96	96		---	0.03433634340763092	1	moderate	moderate	0.022	False	user_msa
Drosophila_yakuba_Drosophila_yakuba__LOC6525488__XP_002101323.1	96	96	96		---	0.03433634340763092	1	moderate	moderate	0.022	False	user_msa
Drosophila_ananassae_Drosophila_ananassae__LOC6504746__XP_032309021.1	97	97	97		---	0.03433835133910179	1	moderate	moderate	0.022	False	user_msa
Drosophila_biarmipes_Drosophila_biarmipes__LOC108031387__XP_050746516.1	97	97	97		---	0.03433835133910179	1	moderate	moderate	0.022	False	user_msa
Drosophila_mauritiana_Drosophila_mauritiana__LOC117148789__XP_033172290.1	97	97	97		---	0.03433835133910179	1	moderate	moderate	0.022	False	user_msa
Drosophila_melanogaster_Drosophila_melanogaster__Act5C__NP_511052.1	97	97	97		---	0.03433835133910179	1	moderate	moderate	0.022	False	user_msa
Drosophila_pseudoobscura_Drosophila_pseudoobscura__Act5C__XP_001354857.1	97	97	97		---	0.03433835133910179	1	moderate	moderate	0.022	False	user_msa
Drosophila_sechellia_Drosophila_sechellia__Act5C__XP_002036849.1	97	97	97		---	0.03433835133910179	1	moderate	moderate	0.022	False	user_msa
Drosophila_simulans_Drosophila_simulans__LOC6725225__XP_016038239.1	97	97	97		---	0.03433835133910179	1	moderate	moderate	0.022	False	user_msa
Drosophila_subobscura_Drosophila_subobscura__LOC117903845__XP_034672195.1	97	97	97		---	0.03433835133910179	1	moderate	moderate	0.022	False	user_msa
Drosophila_suzukii_Drosophila_suzukii__Act5C__XP_065724039.1	97	97	97		---	0.03433835133910179	1	moderate	moderate	0.022	False	user_msa
Drosophila_virilis_Drosophila_virilis__Act5C__XP_002059576.1	97	97	97		---	0.03433835133910179	1	moderate	moderate	0.022	False	user_msa
Drosophila_willistoni_Drosophila_willistoni__LOC6641346__XP_023031150.1	97	97	97		---	0.03433835133910179	1	moderate	moderate	0.022	False	user_msa
Drosophila_yakuba_Drosophila_yakuba__LOC6525488__XP_002101323.1	97	97	97		---	0.03433835133910179	1	moderate	moderate	0.022	False	user_msa
Drosophila_ananassae_Drosophila_ananassae__LOC6504746__XP_032309021.1	98	98	98		---	0.03434043750166893	1	moderate	moderate	0.022	False	user_msa
Drosophila_biarmipes_Drosophila_biarmipes__LOC108031387__XP_050746516.1	98	98	98		---	0.03434043750166893	1	moderate	moderate	0.022	False	user_msa
Drosophila_mauritiana_Drosophila_mauritiana__LOC117148789__XP_033172290.1	98	98	98		---	0.03434043750166893	1	moderate	moderate	0.022	False	user_msa
Drosophila_melanogaster_Drosophila_melanogaster__Act5C__NP_511052.1	98	98	98		---	0.03434043750166893	1	moderate	moderate	0.022	False	user_msa
Drosophila_pseudoobscura_Drosophila_pseudoobscura__Act5C__XP_001354857.1	98	98	98		---	0.03434043750166893	1	moderate	moderate	0.022	False	user_msa
Drosophila_sechellia_Drosophila_sechellia__Act5C__XP_002036849.1	98	98	98		---	0.03434043750166893	1	moderate	moderate	0.022	False	user_msa
Drosophila_simulans_Drosophila_simulans__LOC6725225__XP_016038239.1	98	98	98		---	0.03434043750166893	1	moderate	moderate	0.022	False	user_msa
Drosophila_subobscura_Drosophila_subobscura__LOC117903845__XP_034672195.1	98	98	98		---	0.03434043750166893	1	moderate	moderate	0.022	False	user_msa
Drosophila_suzukii_Drosophila_suzukii__Act5C__XP_065724039.1	98	98	98		---	0.03434043750166893	1	moderate	moderate	0.022	False	user_msa
Drosophila_virilis_Drosophila_virilis__Act5C__XP_002059576.1	98	98	98		---	0.03434043750166893	1	moderate	moderate	0.022	False	user_msa
Drosophila_willistoni_Drosophila_willistoni__LOC6641346__XP_023031150.1	98	98	98		---	0.03434043750166893	1	moderate	moderate	0.022	False	user_msa
Drosophila_yakuba_Drosophila_yakuba__LOC6525488__XP_002101323.1	98	98	98		---	0.03434043750166893	1	moderate	moderate	0.022	False	user_msa
Drosophila_ananassae_Drosophila_ananassae__LOC6504746__XP_032309021.1	99	99	99		---	0.03434253856539726	1	moderate	moderate	0.022	False	user_msa
Drosophila_biarmipes_Drosophila_biarmipes__LOC108031387__XP_050746516.1	99	99	99		---	0.03434253856539726	1	moderate	moderate	0.022	False	user_msa
Drosophila_mauritiana_Drosophila_mauritiana__LOC117148789__XP_033172290.1	99	99	99		---	0.03434253856539726	1	moderate	moderate	0.022	False	user_msa
Drosophila_melanogaster_Drosophila_melanogaster__Act5C__NP_511052.1	99	99	99		---	0.03434253856539726	1	moderate	moderate	0.022	False	user_msa
Drosophila_pseudoobscura_Drosophila_pseudoobscura__Act5C__XP_001354857.1	99	99	99		---	0.03434253856539726	1	moderate	moderate	0.022	False	user_msa
Drosophila_sechellia_Drosophila_sechellia__Act5C__XP_002036849.1	99	99	99		---	0.03434253856539726	1	moderate	moderate	0.022	False	user_msa
Drosophila_simulans_Drosophila_simulans__LOC6725225__XP_016038239.1	99	99	99		---	0.03434253856539726	1	moderate	moderate	0.022	False	user_msa
Drosophila_subobscura_Drosophila_subobscura__LOC117903845__XP_034672195.1	99	99	99		---	0.03434253856539726	1	moderate	moderate	0.022	False	user_msa
Drosophila_suzukii_Drosophila_suzukii__Act5C__XP_065724039.1	99	99	99		---	0.03434253856539726	1	moderate	moderate	0.022	False	user_msa
Drosophila_virilis_Drosophila_virilis__Act5C__XP_002059576.1	99	99	99		---	0.03434253856539726	1	moderate	moderate	0.022	False	user_msa
Drosophila_willistoni_Drosophila_willistoni__LOC6641346__XP_023031150.1	99	99	99		---	0.03434253856539726	1	moderate	moderate	0.022	False	user_msa
Drosophila_yakuba_Drosophila_yakuba__LOC6525488__XP_002101323.1	99	99	99		---	0.03434253856539726	1	moderate	moderate	0.022	False	user_msa
Drosophila_ananassae_Drosophila_ananassae__LOC6504746__XP_032309021.1	100	100	100	52	GAC	0.07798207551240921	1	moderate	moderate	0.022	False	user_msa
Drosophila_biarmipes_Drosophila_biarmipes__LOC108031387__XP_050746516.1	100	100	100	52	GAC	0.07798207551240921	1	moderate	moderate	0.022	False	user_msa
Drosophila_mauritiana_Drosophila_mauritiana__LOC117148789__XP_033172290.1	100	100	100	52	GAC	0.07798207551240921	1	moderate	moderate	0.022	False	user_msa
Drosophila_melanogaster_Drosophila_melanogaster__Act5C__NP_511052.1	100	100	100	52	GAC	0.07798207551240921	1	moderate	moderate	0.022	False	user_msa
Drosophila_pseudoobscura_Drosophila_pseudoobscura__Act5C__XP_001354857.1	100	100	100	52	GAC	0.07798207551240921	1	moderate	moderate	0.022	False	user_msa
Drosophila_sechellia_Drosophila_sechellia__Act5C__XP_002036849.1	100	100	100	52	GAC	0.07798207551240921	1	moderate	moderate	0.022	False	user_msa
Drosophila_simulans_Drosophila_simulans__LOC6725225__XP_016038239.1	100	100	100	52	GAC	0.07798207551240921	1	moderate	moderate	0.022	False	user_msa
Drosophila_subobscura_Drosophila_subobscura__LOC117903845__XP_034672195.1	100	100	100	52	GAC	0.07798207551240921	1	moderate	moderate	0.022	False	user_msa
Drosophila_suzukii_Drosophila_suzukii__Act5C__XP_065724039.1	100	100	100	52	GAC	0.07798207551240921	1	moderate	moderate	0.022	False	user_msa
Drosophila_virilis_Drosophila_virilis__Act5C__XP_002059576.1	100	100	100	52	GAC	0.07798207551240921	1	moderate	moderate	0.022	False	user_msa
Drosophila_willistoni_Drosophila_willistoni__LOC6641346__XP_023031150.1	100	100	100	52	GAT	0.08528196811676025	1	moderate	moderate	0.022	False	user_msa
Drosophila_yakuba_Drosophila_yakuba__LOC6525488__XP_002101323.1	100	100	100	52	GAC	0.07798207551240921	1	moderate	moderate	0.022	False	user_msa
Drosophila_ananassae_Drosophila_ananassae__LOC6504746__XP_032309021.1	101	101	101	53	TCG	0.08721010386943817	1	moderate	moderate	0.022	False	user_msa
Drosophila_biarmipes_Drosophila_biarmipes__LOC108031387__XP_050746516.1	101	101	101	53	TCG	0.08721010386943817	1	moderate	moderate	0.022	False	user_msa
Drosophila_mauritiana_Drosophila_mauritiana__LOC117148789__XP_033172290.1	101	101	101	53	TCG	0.08721010386943817	1	moderate	moderate	0.022	False	user_msa
Drosophila_melanogaster_Drosophila_melanogaster__Act5C__NP_511052.1	101	101	101	53	TCG	0.08721010386943817	1	moderate	moderate	0.022	False	user_msa
Drosophila_pseudoobscura_Drosophila_pseudoobscura__Act5C__XP_001354857.1	101	101	101	53	TCG	0.08721010386943817	1	moderate	moderate	0.022	False	user_msa
Drosophila_sechellia_Drosophila_sechellia__Act5C__XP_002036849.1	101	101	101	53	TCG	0.08721010386943817	1	moderate	moderate	0.022	False	user_msa
Drosophila_simulans_Drosophila_simulans__LOC6725225__XP_016038239.1	101	101	101	53	TCG	0.08721010386943817	1	moderate	moderate	0.022	False	user_msa
Drosophila_subobscura_Drosophila_subobscura__LOC117903845__XP_034672195.1	101	101	101	53	TCG	0.08721010386943817	1	moderate	moderate	0.022	False	user_msa
Drosophila_suzukii_Drosophila_suzukii__Act5C__XP_065724039.1	101	101	101	53	TCG	0.08721010386943817	1	moderate	moderate	0.022	False	user_msa
Drosophila_virilis_Drosophila_virilis__Act5C__XP_002059576.1	101	101	101	53	TCG	0.08721010386943817	1	moderate	moderate	0.022	False	user_msa
Drosophila_willistoni_Drosophila_willistoni__LOC6641346__XP_023031150.1	101	101	101	53	TCC	0.08340921252965927	1	moderate	moderate	0.022	False	user_msa
Drosophila_yakuba_Drosophila_yakuba__LOC6525488__XP_002101323.1	101	101	101	53	TCG	0.08721010386943817	1	moderate	moderate	0.022	False	user_msa
Drosophila_ananassae_Drosophila_ananassae__LOC6504746__XP_032309021.1	102	102	102	54	TAC	0.08081123232841492	1	moderate	moderate	0.022	False	user_msa
Drosophila_biarmipes_Drosophila_biarmipes__LOC108031387__XP_050746516.1	102	102	102	54	TAC	0.08081123232841492	1	moderate	moderate	0.022	False	user_msa
Drosophila_mauritiana_Drosophila_mauritiana__LOC117148789__XP_033172290.1	102	102	102	54	TAC	0.08081123232841492	1	moderate	moderate	0.022	False	user_msa
Drosophila_melanogaster_Drosophila_melanogaster__Act5C__NP_511052.1	102	102	102	54	TAC	0.08081123232841492	1	moderate	moderate	0.022	False	user_msa
Drosophila_pseudoobscura_Drosophila_pseudoobscura__Act5C__XP_001354857.1	102	102	102	54	TAT	0.08835076540708542	1	moderate	moderate	0.022	False	user_msa
Drosophila_sechellia_Drosophila_sechellia__Act5C__XP_002036849.1	102	102	102	54	TAC	0.08081123232841492	1	moderate	moderate	0.022	False	user_msa
Drosophila_simulans_Drosophila_simulans__LOC6725225__XP_016038239.1	102	102	102	54	TAC	0.08081123232841492	1	moderate	moderate	0.022	False	user_msa
Drosophila_subobscura_Drosophila_subobscura__LOC117903845__XP_034672195.1	102	102	102	54	TAT	0.08835076540708542	1	moderate	moderate	0.022	False	user_msa
Drosophila_suzukii_Drosophila_suzukii__Act5C__XP_065724039.1	102	102	102	54	TAC	0.08081123232841492	1	moderate	moderate	0.022	False	user_msa
Drosophila_virilis_Drosophila_virilis__Act5C__XP_002059576.1	102	102	102	54	TAT	0.08835076540708542	1	moderate	moderate	0.022	False	user_msa
Drosophila_willistoni_Drosophila_willistoni__LOC6641346__XP_023031150.1	102	102	102	54	TAT	0.08835076540708542	1	moderate	moderate	0.022	False	user_msa
Drosophila_yakuba_Drosophila_yakuba__LOC6525488__XP_002101323.1	102	102	102	54	TAC	0.08081123232841492	1	moderate	moderate	0.022	False	user_msa
Drosophila_ananassae_Drosophila_ananassae__LOC6504746__XP_032309021.1	103	103	103	55	GTT	0.10515706986188889	1	moderate	moderate	0.022	False	user_msa
Drosophila_biarmipes_Drosophila_biarmipes__LOC108031387__XP_050746516.1	103	103	103	55	GTC	0.09633487462997437	1	moderate	moderate	0.022	False	user_msa
Drosophila_mauritiana_Drosophila_mauritiana__LOC117148789__XP_033172290.1	103	103	103	55	GTG	0.10066011548042297	1	moderate	moderate	0.022	False	user_msa
Drosophila_melanogaster_Drosophila_melanogaster__Act5C__NP_511052.1	103	103	103	55	GTG	0.10066011548042297	1	moderate	moderate	0.022	False	user_msa
Drosophila_pseudoobscura_Drosophila_pseudoobscura__Act5C__XP_001354857.1	103	103	103	55	GTG	0.10066011548042297	1	moderate	moderate	0.022	False	user_msa
Drosophila_sechellia_Drosophila_sechellia__Act5C__XP_002036849.1	103	103	103	55	GTG	0.10066011548042297	1	moderate	moderate	0.022	False	user_msa
Drosophila_simulans_Drosophila_simulans__LOC6725225__XP_016038239.1	103	103	103	55	GTG	0.10066011548042297	1	moderate	moderate	0.022	False	user_msa
Drosophila_subobscura_Drosophila_subobscura__LOC117903845__XP_034672195.1	103	103	103	55	GTG	0.10066011548042297	1	moderate	moderate	0.022	False	user_msa
Drosophila_suzukii_Drosophila_suzukii__Act5C__XP_065724039.1	103	103	103	55	GTC	0.09633487462997437	1	moderate	moderate	0.022	False	user_msa
Drosophila_virilis_Drosophila_virilis__Act5C__XP_002059576.1	103	103	103	55	GTG	0.10066011548042297	1	moderate	moderate	0.022	False	user_msa
Drosophila_willistoni_Drosophila_willistoni__LOC6641346__XP_023031150.1	103	103	103	55	GTG	0.10066011548042297	1	moderate	moderate	0.022	False	user_msa
Drosophila_yakuba_Drosophila_yakuba__LOC6525488__XP_002101323.1	103	103	103	55	GTG	0.10066011548042297	1	moderate	moderate	0.022	False	user_msa
Drosophila_ananassae_Drosophila_ananassae__LOC6504746__XP_032309021.1	104	104	104	56	GGT	0.06945081055164337	1	moderate	moderate	0.022	False	user_msa
Drosophila_biarmipes_Drosophila_biarmipes__LOC108031387__XP_050746516.1	104	104	104	56	GGT	0.06945081055164337	1	moderate	moderate	0.022	False	user_msa
Drosophila_mauritiana_Drosophila_mauritiana__LOC117148789__XP_033172290.1	104	104	104	56	GGT	0.06945081055164337	1	moderate	moderate	0.022	False	user_msa
Drosophila_melanogaster_Drosophila_melanogaster__Act5C__NP_511052.1	104	104	104	56	GGT	0.06945081055164337	1	moderate	moderate	0.022	False	user_msa
Drosophila_pseudoobscura_Drosophila_pseudoobscura__Act5C__XP_001354857.1	104	104	104	56	GGT	0.06945081055164337	1	moderate	moderate	0.022	False	user_msa
Drosophila_sechellia_Drosophila_sechellia__Act5C__XP_002036849.1	104	104	104	56	GGT	0.06945081055164337	1	moderate	moderate	0.022	False	user_msa
Drosophila_simulans_Drosophila_simulans__LOC6725225__XP_016038239.1	104	104	104	56	GGT	0.06945081055164337	1	moderate	moderate	0.022	False	user_msa
Drosophila_subobscura_Drosophila_subobscura__LOC117903845__XP_034672195.1	104	104	104	56	GGT	0.06945081055164337	1	moderate	moderate	0.022	False	user_msa
Drosophila_suzukii_Drosophila_suzukii__Act5C__XP_065724039.1	104	104	104	56	GGT	0.06945081055164337	1	moderate	moderate	0.022	False	user_msa
Drosophila_virilis_Drosophila_virilis__Act5C__XP_002059576.1	104	104	104	56	GGT	0.06945081055164337	1	moderate	moderate	0.022	False	user_msa
Drosophila_willistoni_Drosophila_willistoni__LOC6641346__XP_023031150.1	104	104	104	56	GGT	0.06945081055164337	1	moderate	moderate	0.022	False	user_msa
Drosophila_yakuba_Drosophila_yakuba__LOC6525488__XP_002101323.1	104	104	104	56	GGT	0.06945081055164337	1	moderate	moderate	0.022	False	user_msa
Drosophila_ananassae_Drosophila_ananassae__LOC6504746__XP_032309021.1	105	105	105	57	GAT	0.06714212894439697	1	moderate	moderate	0.022	False	user_msa
Drosophila_biarmipes_Drosophila_biarmipes__LOC108031387__XP_050746516.1	105	105	105	57	GAT	0.06714212894439697	1	moderate	moderate	0.022	False	user_msa
Drosophila_mauritiana_Drosophila_mauritiana__LOC117148789__XP_033172290.1	105	105	105	57	GAT	0.06714212894439697	1	moderate	moderate	0.022	False	user_msa
Drosophila_melanogaster_Drosophila_melanogaster__Act5C__NP_511052.1	105	105	105	57	GAT	0.06714212894439697	1	moderate	moderate	0.022	False	user_msa
Drosophila_pseudoobscura_Drosophila_pseudoobscura__Act5C__XP_001354857.1	105	105	105	57	GAT	0.06714212894439697	1	moderate	moderate	0.022	False	user_msa
Drosophila_sechellia_Drosophila_sechellia__Act5C__XP_002036849.1	105	105	105	57	GAT	0.06714212894439697	1	moderate	moderate	0.022	False	user_msa
Drosophila_simulans_Drosophila_simulans__LOC6725225__XP_016038239.1	105	105	105	57	GAT	0.06714212894439697	1	moderate	moderate	0.022	False	user_msa
Drosophila_subobscura_Drosophila_subobscura__LOC117903845__XP_034672195.1	105	105	105	57	GAT	0.06714212894439697	1	moderate	moderate	0.022	False	user_msa
Drosophila_suzukii_Drosophila_suzukii__Act5C__XP_065724039.1	105	105	105	57	GAT	0.06714212894439697	1	moderate	moderate	0.022	False	user_msa
Drosophila_virilis_Drosophila_virilis__Act5C__XP_002059576.1	105	105	105	57	GAT	0.06714212894439697	1	moderate	moderate	0.022	False	user_msa
Drosophila_willistoni_Drosophila_willistoni__LOC6641346__XP_023031150.1	105	105	105	57	GAT	0.06714212894439697	1	moderate	moderate	0.022	False	user_msa
Drosophila_yakuba_Drosophila_yakuba__LOC6525488__XP_002101323.1	105	105	105	57	GAT	0.06714212894439697	1	moderate	moderate	0.022	False	user_msa
Drosophila_ananassae_Drosophila_ananassae__LOC6504746__XP_032309021.1	106	106	106	58	GAG	0.0668628066778183	1	moderate	moderate	0.022	False	user_msa
Drosophila_biarmipes_Drosophila_biarmipes__LOC108031387__XP_050746516.1	106	106	106	58	GAG	0.0668628066778183	1	moderate	moderate	0.022	False	user_msa
Drosophila_mauritiana_Drosophila_mauritiana__LOC117148789__XP_033172290.1	106	106	106	58	GAG	0.0668628066778183	1	moderate	moderate	0.022	False	user_msa
Drosophila_melanogaster_Drosophila_melanogaster__Act5C__NP_511052.1	106	106	106	58	GAG	0.0668628066778183	1	moderate	moderate	0.022	False	user_msa
Drosophila_pseudoobscura_Drosophila_pseudoobscura__Act5C__XP_001354857.1	106	106	106	58	GAG	0.0668628066778183	1	moderate	moderate	0.022	False	user_msa
Drosophila_sechellia_Drosophila_sechellia__Act5C__XP_002036849.1	106	106	106	58	GAG	0.0668628066778183	1	moderate	moderate	0.022	False	user_msa
Drosophila_simulans_Drosophila_simulans__LOC6725225__XP_016038239.1	106	106	106	58	GAG	0.0668628066778183	1	moderate	moderate	0.022	False	user_msa
Drosophila_subobscura_Drosophila_subobscura__LOC117903845__XP_034672195.1	106	106	106	58	GAG	0.0668628066778183	1	moderate	moderate	0.022	False	user_msa
Drosophila_suzukii_Drosophila_suzukii__Act5C__XP_065724039.1	106	106	106	58	GAG	0.0668628066778183	1	moderate	moderate	0.022	False	user_msa
Drosophila_virilis_Drosophila_virilis__Act5C__XP_002059576.1	106	106	106	58	GAG	0.0668628066778183	1	moderate	moderate	0.022	False	user_msa
Drosophila_willistoni_Drosophila_willistoni__LOC6641346__XP_023031150.1	106	106	106	58	GAG	0.0668628066778183	1	moderate	moderate	0.022	False	user_msa
Drosophila_yakuba_Drosophila_yakuba__LOC6525488__XP_002101323.1	106	106	106	58	GAG	0.0668628066778183	1	moderate	moderate	0.022	False	user_msa
Drosophila_ananassae_Drosophila_ananassae__LOC6504746__XP_032309021.1	107	107	107	59	GCC	0.11240850389003754	1	moderate	moderate	0.022	False	user_msa
Drosophila_biarmipes_Drosophila_biarmipes__LOC108031387__XP_050746516.1	107	107	107	59	GCG	0.11736154556274414	1	moderate	moderate	0.022	False	user_msa
Drosophila_mauritiana_Drosophila_mauritiana__LOC117148789__XP_033172290.1	107	107	107	59	GCG	0.11736154556274414	1	moderate	moderate	0.022	False	user_msa
Drosophila_melanogaster_Drosophila_melanogaster__Act5C__NP_511052.1	107	107	107	59	GCG	0.11736154556274414	1	moderate	moderate	0.022	False	user_msa
Drosophila_pseudoobscura_Drosophila_pseudoobscura__Act5C__XP_001354857.1	107	107	107	59	GCC	0.11240850389003754	1	moderate	moderate	0.022	False	user_msa
Drosophila_sechellia_Drosophila_sechellia__Act5C__XP_002036849.1	107	107	107	59	GCG	0.11736154556274414	1	moderate	moderate	0.022	False	user_msa
Drosophila_simulans_Drosophila_simulans__LOC6725225__XP_016038239.1	107	107	107	59	GCG	0.11736154556274414	1	moderate	moderate	0.022	False	user_msa
Drosophila_subobscura_Drosophila_subobscura__LOC117903845__XP_034672195.1	107	107	107	59	GCC	0.11240850389003754	1	moderate	moderate	0.022	False	user_msa
Drosophila_suzukii_Drosophila_suzukii__Act5C__XP_065724039.1	107	107	107	59	GCG	0.11736154556274414	1	moderate	moderate	0.022	False	user_msa
Drosophila_virilis_Drosophila_virilis__Act5C__XP_002059576.1	107	107	107	59	GCA	0.10763873904943466	1	moderate	moderate	0.022	False	user_msa
Drosophila_willistoni_Drosophila_willistoni__LOC6641346__XP_023031150.1	107	107	107	59	GCC	0.11240850389003754	1	moderate	moderate	0.022	False	user_msa
Drosophila_yakuba_Drosophila_yakuba__LOC6525488__XP_002101323.1	107	107	107	59	GCT	0.12250300496816635	1	moderate	moderate	0.022	False	user_msa
Drosophila_ananassae_Drosophila_ananassae__LOC6504746__XP_032309021.1	108	108	108	60	CAG	0.06287465244531631	1	moderate	moderate	0.022	False	user_msa
Drosophila_biarmipes_Drosophila_biarmipes__LOC108031387__XP_050746516.1	108	108	108	60	CAG	0.06287465244531631	1	moderate	moderate	0.022	False	user_msa
Drosophila_mauritiana_Drosophila_mauritiana__LOC117148789__XP_033172290.1	108	108	108	60	CAG	0.06287465244531631	1	moderate	moderate	0.022	False	user_msa
Drosophila_melanogaster_Drosophila_melanogaster__Act5C__NP_511052.1	108	108	108	60	CAG	0.06287465244531631	1	moderate	moderate	0.022	False	user_msa
Drosophila_pseudoobscura_Drosophila_pseudoobscura__Act5C__XP_001354857.1	108	108	108	60	CAG	0.06287465244531631	1	moderate	moderate	0.022	False	user_msa
Drosophila_sechellia_Drosophila_sechellia__Act5C__XP_002036849.1	108	108	108	60	CAG	0.06287465244531631	1	moderate	moderate	0.022	False	user_msa
Drosophila_simulans_Drosophila_simulans__LOC6725225__XP_016038239.1	108	108	108	60	CAG	0.06287465244531631	1	moderate	moderate	0.022	False	user_msa
Drosophila_subobscura_Drosophila_subobscura__LOC117903845__XP_034672195.1	108	108	108	60	CAG	0.06287465244531631	1	moderate	moderate	0.022	False	user_msa
Drosophila_suzukii_Drosophila_suzukii__Act5C__XP_065724039.1	108	108	108	60	CAG	0.06287465244531631	1	moderate	moderate	0.022	False	user_msa
Drosophila_virilis_Drosophila_virilis__Act5C__XP_002059576.1	108	108	108	60	CAG	0.06287465244531631	1	moderate	moderate	0.022	False	user_msa
Drosophila_willistoni_Drosophila_willistoni__LOC6641346__XP_023031150.1	108	108	108	60	CAG	0.06287465244531631	1	moderate	moderate	0.022	False	user_msa
Drosophila_yakuba_Drosophila_yakuba__LOC6525488__XP_002101323.1	108	108	108	60	CAG	0.06287465244531631	1	moderate	moderate	0.022	False	user_msa
Drosophila_ananassae_Drosophila_ananassae__LOC6504746__XP_032309021.1	109	109	109	61	AGC	0.061032701283693314	1	moderate	moderate	0.022	False	user_msa
Drosophila_biarmipes_Drosophila_biarmipes__LOC108031387__XP_050746516.1	109	109	109	61	AGC	0.061032701283693314	1	moderate	moderate	0.022	False	user_msa
Drosophila_mauritiana_Drosophila_mauritiana__LOC117148789__XP_033172290.1	109	109	109	61	AGC	0.061032701283693314	1	moderate	moderate	0.022	False	user_msa
Drosophila_melanogaster_Drosophila_melanogaster__Act5C__NP_511052.1	109	109	109	61	AGC	0.061032701283693314	1	moderate	moderate	0.022	False	user_msa
Drosophila_pseudoobscura_Drosophila_pseudoobscura__Act5C__XP_001354857.1	109	109	109	61	AGC	0.061032701283693314	1	moderate	moderate	0.022	False	user_msa
Drosophila_sechellia_Drosophila_sechellia__Act5C__XP_002036849.1	109	109	109	61	AGC	0.061032701283693314	1	moderate	moderate	0.022	False	user_msa
Drosophila_simulans_Drosophila_simulans__LOC6725225__XP_016038239.1	109	109	109	61	AGC	0.061032701283693314	1	moderate	moderate	0.022	False	user_msa
Drosophila_subobscura_Drosophila_subobscura__LOC117903845__XP_034672195.1	109	109	109	61	AGC	0.061032701283693314	1	moderate	moderate	0.022	False	user_msa
Drosophila_suzukii_Drosophila_suzukii__Act5C__XP_065724039.1	109	109	109	61	AGC	0.061032701283693314	1	moderate	moderate	0.022	False	user_msa
Drosophila_virilis_Drosophila_virilis__Act5C__XP_002059576.1	109	109	109	61	AGC	0.061032701283693314	1	moderate	moderate	0.022	False	user_msa
Drosophila_willistoni_Drosophila_willistoni__LOC6641346__XP_023031150.1	109	109	109	61	AGC	0.061032701283693314	1	moderate	moderate	0.022	False	user_msa
Drosophila_yakuba_Drosophila_yakuba__LOC6525488__XP_002101323.1	109	109	109	61	AGC	0.061032701283693314	1	moderate	moderate	0.022	False	user_msa
Drosophila_ananassae_Drosophila_ananassae__LOC6504746__XP_032309021.1	110	110	110	62	AAG	0.0696968212723732	1	moderate	moderate	0.022	False	user_msa
Drosophila_biarmipes_Drosophila_biarmipes__LOC108031387__XP_050746516.1	110	110	110	62	AAG	0.0696968212723732	1	moderate	moderate	0.022	False	user_msa
Drosophila_mauritiana_Drosophila_mauritiana__LOC117148789__XP_033172290.1	110	110	110	62	AAG	0.0696968212723732	1	moderate	moderate	0.022	False	user_msa
Drosophila_melanogaster_Drosophila_melanogaster__Act5C__NP_511052.1	110	110	110	62	AAG	0.0696968212723732	1	moderate	moderate	0.022	False	user_msa
Drosophila_pseudoobscura_Drosophila_pseudoobscura__Act5C__XP_001354857.1	110	110	110	62	AAG	0.0696968212723732	1	moderate	moderate	0.022	False	user_msa
Drosophila_sechellia_Drosophila_sechellia__Act5C__XP_002036849.1	110	110	110	62	AAG	0.0696968212723732	1	moderate	moderate	0.022	False	user_msa
Drosophila_simulans_Drosophila_simulans__LOC6725225__XP_016038239.1	110	110	110	62	AAG	0.0696968212723732	1	moderate	moderate	0.022	False	user_msa
Drosophila_subobscura_Drosophila_subobscura__LOC117903845__XP_034672195.1	110	110	110	62	AAG	0.0696968212723732	1	moderate	moderate	0.022	False	user_msa
Drosophila_suzukii_Drosophila_suzukii__Act5C__XP_065724039.1	110	110	110	62	AAG	0.0696968212723732	1	moderate	moderate	0.022	False	user_msa
Drosophila_virilis_Drosophila_virilis__Act5C__XP_002059576.1	110	110	110	62	AAA	0.0651455819606781	1	moderate	moderate	0.022	False	user_msa
Drosophila_willistoni_Drosophila_willistoni__LOC6641346__XP_023031150.1	110	110	110	62	AAG	0.0696968212723732	1	moderate	moderate	0.022	False	user_msa
Drosophila_yakuba_Drosophila_yakuba__LOC6525488__XP_002101323.1	110	110	110	62	AAG	0.0696968212723732	1	moderate	moderate	0.022	False	user_msa
Drosophila_ananassae_Drosophila_ananassae__LOC6504746__XP_032309021.1	111	111	111	63	CGT	0.06492802500724792	1	moderate	moderate	0.022	False	user_msa
Drosophila_biarmipes_Drosophila_biarmipes__LOC108031387__XP_050746516.1	111	111	111	63	CGT	0.06492802500724792	1	moderate	moderate	0.022	False	user_msa
Drosophila_mauritiana_Drosophila_mauritiana__LOC117148789__XP_033172290.1	111	111	111	63	CGT	0.06492802500724792	1	moderate	moderate	0.022	False	user_msa
Drosophila_melanogaster_Drosophila_melanogaster__Act5C__NP_511052.1	111	111	111	63	CGT	0.06492802500724792	1	moderate	moderate	0.022	False	user_msa
Drosophila_pseudoobscura_Drosophila_pseudoobscura__Act5C__XP_001354857.1	111	111	111	63	CGT	0.06492802500724792	1	moderate	moderate	0.022	False	user_msa
Drosophila_sechellia_Drosophila_sechellia__Act5C__XP_002036849.1	111	111	111	63	CGT	0.06492802500724792	1	moderate	moderate	0.022	False	user_msa
Drosophila_simulans_Drosophila_simulans__LOC6725225__XP_016038239.1	111	111	111	63	CGT	0.06492802500724792	1	moderate	moderate	0.022	False	user_msa
Drosophila_subobscura_Drosophila_subobscura__LOC117903845__XP_034672195.1	111	111	111	63	CGT	0.06492802500724792	1	moderate	moderate	0.022	False	user_msa
Drosophila_suzukii_Drosophila_suzukii__Act5C__XP_065724039.1	111	111	111	63	CGT	0.06492802500724792	1	moderate	moderate	0.022	False	user_msa
Drosophila_virilis_Drosophila_virilis__Act5C__XP_002059576.1	111	111	111	63	CGT	0.06492802500724792	1	moderate	moderate	0.022	False	user_msa
Drosophila_willistoni_Drosophila_willistoni__LOC6641346__XP_023031150.1	111	111	111	63	CGT	0.06492802500724792	1	moderate	moderate	0.022	False	user_msa
Drosophila_yakuba_Drosophila_yakuba__LOC6525488__XP_002101323.1	111	111	111	63	CGT	0.06492802500724792	1	moderate	moderate	0.022	False	user_msa
Drosophila_ananassae_Drosophila_ananassae__LOC6504746__XP_032309021.1	112	112	112	64	GGC	0.0755319744348526	1	moderate	moderate	0.022	False	user_msa
Drosophila_biarmipes_Drosophila_biarmipes__LOC108031387__XP_050746516.1	112	112	112	64	GGT	0.0826231837272644	1	moderate	moderate	0.022	False	user_msa
Drosophila_mauritiana_Drosophila_mauritiana__LOC117148789__XP_033172290.1	112	112	112	64	GGT	0.0826231837272644	1	moderate	moderate	0.022	False	user_msa
Drosophila_melanogaster_Drosophila_melanogaster__Act5C__NP_511052.1	112	112	112	64	GGT	0.0826231837272644	1	moderate	moderate	0.022	False	user_msa
Drosophila_pseudoobscura_Drosophila_pseudoobscura__Act5C__XP_001354857.1	112	112	112	64	GGT	0.0826231837272644	1	moderate	moderate	0.022	False	user_msa
Drosophila_sechellia_Drosophila_sechellia__Act5C__XP_002036849.1	112	112	112	64	GGT	0.0826231837272644	1	moderate	moderate	0.022	False	user_msa
Drosophila_simulans_Drosophila_simulans__LOC6725225__XP_016038239.1	112	112	112	64	GGT	0.0826231837272644	1	moderate	moderate	0.022	False	user_msa
Drosophila_subobscura_Drosophila_subobscura__LOC117903845__XP_034672195.1	112	112	112	64	GGT	0.0826231837272644	1	moderate	moderate	0.022	False	user_msa
Drosophila_suzukii_Drosophila_suzukii__Act5C__XP_065724039.1	112	112	112	64	GGT	0.0826231837272644	1	moderate	moderate	0.022	False	user_msa
Drosophila_virilis_Drosophila_virilis__Act5C__XP_002059576.1	112	112	112	64	GGT	0.0826231837272644	1	moderate	moderate	0.022	False	user_msa
Drosophila_willistoni_Drosophila_willistoni__LOC6641346__XP_023031150.1	112	112	112	64	GGT	0.0826231837272644	1	moderate	moderate	0.022	False	user_msa
Drosophila_yakuba_Drosophila_yakuba__LOC6525488__XP_002101323.1	112	112	112	64	GGT	0.0826231837272644	1	moderate	moderate	0.022	False	user_msa
Drosophila_ananassae_Drosophila_ananassae__LOC6504746__XP_032309021.1	113	113	113	65	ATC	0.07175774872303009	1	moderate	moderate	0.022	False	user_msa
Drosophila_biarmipes_Drosophila_biarmipes__LOC108031387__XP_050746516.1	113	113	113	65	ATC	0.07175774872303009	1	moderate	moderate	0.022	False	user_msa
Drosophila_mauritiana_Drosophila_mauritiana__LOC117148789__XP_033172290.1	113	113	113	65	ATC	0.07175774872303009	1	moderate	moderate	0.022	False	user_msa
Drosophila_melanogaster_Drosophila_melanogaster__Act5C__NP_511052.1	113	113	113	65	ATC	0.07175774872303009	1	moderate	moderate	0.022	False	user_msa
Drosophila_pseudoobscura_Drosophila_pseudoobscura__Act5C__XP_001354857.1	113	113	113	65	ATC	0.07175774872303009	1	moderate	moderate	0.022	False	user_msa
Drosophila_sechellia_Drosophila_sechellia__Act5C__XP_002036849.1	113	113	113	65	ATC	0.07175774872303009	1	moderate	moderate	0.022	False	user_msa
Drosophila_simulans_Drosophila_simulans__LOC6725225__XP_016038239.1	113	113	113	65	ATC	0.07175774872303009	1	moderate	moderate	0.022	False	user_msa
Drosophila_subobscura_Drosophila_subobscura__LOC117903845__XP_034672195.1	113	113	113	65	ATC	0.07175774872303009	1	moderate	moderate	0.022	False	user_msa
Drosophila_suzukii_Drosophila_suzukii__Act5C__XP_065724039.1	113	113	113	65	ATC	0.07175774872303009	1	moderate	moderate	0.022	False	user_msa
Drosophila_virilis_Drosophila_virilis__Act5C__XP_002059576.1	113	113	113	65	ATC	0.07175774872303009	1	moderate	moderate	0.022	False	user_msa
Drosophila_willistoni_Drosophila_willistoni__LOC6641346__XP_023031150.1	113	113	113	65	ATT	0.0785246416926384	1	moderate	moderate	0.022	False	user_msa
Drosophila_yakuba_Drosophila_yakuba__LOC6525488__XP_002101323.1	113	113	113	65	ATC	0.07175774872303009	1	moderate	moderate	0.022	False	user_msa
Drosophila_ananassae_Drosophila_ananassae__LOC6504746__XP_032309021.1	114	114	114	66	CTC	0.07676021754741669	1	moderate	moderate	0.022	False	user_msa
Drosophila_biarmipes_Drosophila_biarmipes__LOC108031387__XP_050746516.1	114	114	114	66	CTC	0.07676021754741669	1	moderate	moderate	0.022	False	user_msa
Drosophila_mauritiana_Drosophila_mauritiana__LOC117148789__XP_033172290.1	114	114	114	66	CTC	0.07676021754741669	1	moderate	moderate	0.022	False	user_msa
Drosophila_melanogaster_Drosophila_melanogaster__Act5C__NP_511052.1	114	114	114	66	CTC	0.07676021754741669	1	moderate	moderate	0.022	False	user_msa
Drosophila_pseudoobscura_Drosophila_pseudoobscura__Act5C__XP_001354857.1	114	114	114	66	CTC	0.07676021754741669	1	moderate	moderate	0.022	False	user_msa
Drosophila_sechellia_Drosophila_sechellia__Act5C__XP_002036849.1	114	114	114	66	CTC	0.07676021754741669	1	moderate	moderate	0.022	False	user_msa
Drosophila_simulans_Drosophila_simulans__LOC6725225__XP_016038239.1	114	114	114	66	CTC	0.07676021754741669	1	moderate	moderate	0.022	False	user_msa
Drosophila_subobscura_Drosophila_subobscura__LOC117903845__XP_034672195.1	114	114	114	66	CTC	0.07676021754741669	1	moderate	moderate	0.022	False	user_msa
Drosophila_suzukii_Drosophila_suzukii__Act5C__XP_065724039.1	114	114	114	66	CTC	0.07676021754741669	1	moderate	moderate	0.022	False	user_msa
Drosophila_virilis_Drosophila_virilis__Act5C__XP_002059576.1	114	114	114	66	CTC	0.07676021754741669	1	moderate	moderate	0.022	False	user_msa
Drosophila_willistoni_Drosophila_willistoni__LOC6641346__XP_023031150.1	114	114	114	66	CTT	0.0839562937617302	1	moderate	moderate	0.022	False	user_msa
Drosophila_yakuba_Drosophila_yakuba__LOC6525488__XP_002101323.1	114	114	114	66	CTC	0.07676021754741669	1	moderate	moderate	0.022	False	user_msa
Drosophila_ananassae_Drosophila_ananassae__LOC6504746__XP_032309021.1	115	115	115	67	ACC	0.06909726560115814	1	moderate	moderate	0.022	False	user_msa
Drosophila_biarmipes_Drosophila_biarmipes__LOC108031387__XP_050746516.1	115	115	115	67	ACC	0.06909726560115814	1	moderate	moderate	0.022	False	user_msa
Drosophila_mauritiana_Drosophila_mauritiana__LOC117148789__XP_033172290.1	115	115	115	67	ACC	0.06909726560115814	1	moderate	moderate	0.022	False	user_msa
Drosophila_melanogaster_Drosophila_melanogaster__Act5C__NP_511052.1	115	115	115	67	ACC	0.06909726560115814	1	moderate	moderate	0.022	False	user_msa
Drosophila_pseudoobscura_Drosophila_pseudoobscura__Act5C__XP_001354857.1	115	115	115	67	ACT	0.07500863075256348	1	moderate	moderate	0.022	False	user_msa
Drosophila_sechellia_Drosophila_sechellia__Act5C__XP_002036849.1	115	115	115	67	ACC	0.06909726560115814	1	moderate	moderate	0.022	False	user_msa
Drosophila_simulans_Drosophila_simulans__LOC6725225__XP_016038239.1	115	115	115	67	ACC	0.06909726560115814	1	moderate	moderate	0.022	False	user_msa
Drosophila_subobscura_Drosophila_subobscura__LOC117903845__XP_034672195.1	115	115	115	67	ACT	0.07500863075256348	1	moderate	moderate	0.022	False	user_msa
Drosophila_suzukii_Drosophila_suzukii__Act5C__XP_065724039.1	115	115	115	67	ACC	0.06909726560115814	1	moderate	moderate	0.022	False	user_msa
Drosophila_virilis_Drosophila_virilis__Act5C__XP_002059576.1	115	115	115	67	ACC	0.06909726560115814	1	moderate	moderate	0.022	False	user_msa
Drosophila_willistoni_Drosophila_willistoni__LOC6641346__XP_023031150.1	115	115	115	67	ACC	0.06909726560115814	1	moderate	moderate	0.022	False	user_msa
Drosophila_yakuba_Drosophila_yakuba__LOC6525488__XP_002101323.1	115	115	115	67	ACC	0.06909726560115814	1	moderate	moderate	0.022	False	user_msa
Drosophila_ananassae_Drosophila_ananassae__LOC6504746__XP_032309021.1	116	116	116	68	CTC	0.07551939785480499	1	moderate	moderate	0.022	False	user_msa
Drosophila_biarmipes_Drosophila_biarmipes__LOC108031387__XP_050746516.1	116	116	116	68	CTG	0.07899174839258194	1	moderate	moderate	0.022	False	user_msa
Drosophila_mauritiana_Drosophila_mauritiana__LOC117148789__XP_033172290.1	116	116	116	68	CTG	0.07899174839258194	1	moderate	moderate	0.022	False	user_msa
Drosophila_melanogaster_Drosophila_melanogaster__Act5C__NP_511052.1	116	116	116	68	CTG	0.07899174839258194	1	moderate	moderate	0.022	False	user_msa
Drosophila_pseudoobscura_Drosophila_pseudoobscura__Act5C__XP_001354857.1	116	116	116	68	CTG	0.07899174839258194	1	moderate	moderate	0.022	False	user_msa
Drosophila_sechellia_Drosophila_sechellia__Act5C__XP_002036849.1	116	116	116	68	CTG	0.07899174839258194	1	moderate	moderate	0.022	False	user_msa
Drosophila_simulans_Drosophila_simulans__LOC6725225__XP_016038239.1	116	116	116	68	CTG	0.07899174839258194	1	moderate	moderate	0.022	False	user_msa
Drosophila_subobscura_Drosophila_subobscura__LOC117903845__XP_034672195.1	116	116	116	68	CTG	0.07899174839258194	1	moderate	moderate	0.022	False	user_msa
Drosophila_suzukii_Drosophila_suzukii__Act5C__XP_065724039.1	116	116	116	68	CTG	0.07899174839258194	1	moderate	moderate	0.022	False	user_msa
Drosophila_virilis_Drosophila_virilis__Act5C__XP_002059576.1	116	116	116	68	CTG	0.07899174839258194	1	moderate	moderate	0.022	False	user_msa
Drosophila_willistoni_Drosophila_willistoni__LOC6641346__XP_023031150.1	116	116	116	68	CTG	0.07899174839258194	1	moderate	moderate	0.022	False	user_msa
Drosophila_yakuba_Drosophila_yakuba__LOC6525488__XP_002101323.1	116	116	116	68	CTG	0.07899174839258194	1	moderate	moderate	0.022	False	user_msa
Drosophila_ananassae_Drosophila_ananassae__LOC6504746__XP_032309021.1	117	117	117	69	AAG	0.06976058334112167	1	moderate	moderate	0.022	False	user_msa
Drosophila_biarmipes_Drosophila_biarmipes__LOC108031387__XP_050746516.1	117	117	117	69	AAG	0.06976058334112167	1	moderate	moderate	0.022	False	user_msa
Drosophila_mauritiana_Drosophila_mauritiana__LOC117148789__XP_033172290.1	117	117	117	69	AAG	0.06976058334112167	1	moderate	moderate	0.022	False	user_msa
Drosophila_melanogaster_Drosophila_melanogaster__Act5C__NP_511052.1	117	117	117	69	AAG	0.06976058334112167	1	moderate	moderate	0.022	False	user_msa
Drosophila_pseudoobscura_Drosophila_pseudoobscura__Act5C__XP_001354857.1	117	117	117	69	AAG	0.06976058334112167	1	moderate	moderate	0.022	False	user_msa
Drosophila_sechellia_Drosophila_sechellia__Act5C__XP_002036849.1	117	117	117	69	AAG	0.06976058334112167	1	moderate	moderate	0.022	False	user_msa
Drosophila_simulans_Drosophila_simulans__LOC6725225__XP_016038239.1	117	117	117	69	AAG	0.06976058334112167	1	moderate	moderate	0.022	False	user_msa
Drosophila_subobscura_Drosophila_subobscura__LOC117903845__XP_034672195.1	117	117	117	69	AAG	0.06976058334112167	1	moderate	moderate	0.022	False	user_msa
Drosophila_suzukii_Drosophila_suzukii__Act5C__XP_065724039.1	117	117	117	69	AAG	0.06976058334112167	1	moderate	moderate	0.022	False	user_msa
Drosophila_virilis_Drosophila_virilis__Act5C__XP_002059576.1	117	117	117	69	AAG	0.06976058334112167	1	moderate	moderate	0.022	False	user_msa
Drosophila_willistoni_Drosophila_willistoni__LOC6641346__XP_023031150.1	117	117	117	69	AAA	0.06520546972751617	1	moderate	moderate	0.022	False	user_msa
Drosophila_yakuba_Drosophila_yakuba__LOC6525488__XP_002101323.1	117	117	117	69	AAG	0.06976058334112167	1	moderate	moderate	0.022	False	user_msa
Drosophila_ananassae_Drosophila_ananassae__LOC6504746__XP_032309021.1	118	118	118	70	TAT	0.08923119306564331	1	moderate	moderate	0.022	False	user_msa
Drosophila_biarmipes_Drosophila_biarmipes__LOC108031387__XP_050746516.1	118	118	118	70	TAC	0.08162333071231842	1	moderate	moderate	0.022	False	user_msa
Drosophila_mauritiana_Drosophila_mauritiana__LOC117148789__XP_033172290.1	118	118	118	70	TAC	0.08162333071231842	1	moderate	moderate	0.022	False	user_msa
Drosophila_melanogaster_Drosophila_melanogaster__Act5C__NP_511052.1	118	118	118	70	TAC	0.08162333071231842	1	moderate	moderate	0.022	False	user_msa
Drosophila_pseudoobscura_Drosophila_pseudoobscura__Act5C__XP_001354857.1	118	118	118	70	TAC	0.08162333071231842	1	moderate	moderate	0.022	False	user_msa
Drosophila_sechellia_Drosophila_sechellia__Act5C__XP_002036849.1	118	118	118	70	TAC	0.08162333071231842	1	moderate	moderate	0.022	False	user_msa
Drosophila_simulans_Drosophila_simulans__LOC6725225__XP_016038239.1	118	118	118	70	TAC	0.08162333071231842	1	moderate	moderate	0.022	False	user_msa
Drosophila_subobscura_Drosophila_subobscura__LOC117903845__XP_034672195.1	118	118	118	70	TAC	0.08162333071231842	1	moderate	moderate	0.022	False	user_msa
Drosophila_suzukii_Drosophila_suzukii__Act5C__XP_065724039.1	118	118	118	70	TAC	0.08162333071231842	1	moderate	moderate	0.022	False	user_msa
Drosophila_virilis_Drosophila_virilis__Act5C__XP_002059576.1	118	118	118	70	TAT	0.08923119306564331	1	moderate	moderate	0.022	False	user_msa
Drosophila_willistoni_Drosophila_willistoni__LOC6641346__XP_023031150.1	118	118	118	70	TAT	0.08923119306564331	1	moderate	moderate	0.022	False	user_msa
Drosophila_yakuba_Drosophila_yakuba__LOC6525488__XP_002101323.1	118	118	118	70	TAC	0.08162333071231842	1	moderate	moderate	0.022	False	user_msa
Drosophila_ananassae_Drosophila_ananassae__LOC6504746__XP_032309021.1	119	119	119	71	CCC	0.06359484046697617	1	moderate	moderate	0.022	False	user_msa
Drosophila_biarmipes_Drosophila_biarmipes__LOC108031387__XP_050746516.1	119	119	119	71	CCC	0.06359484046697617	1	moderate	moderate	0.022	False	user_msa
Drosophila_mauritiana_Drosophila_mauritiana__LOC117148789__XP_033172290.1	119	119	119	71	CCC	0.06359484046697617	1	moderate	moderate	0.022	False	user_msa
Drosophila_melanogaster_Drosophila_melanogaster__Act5C__NP_511052.1	119	119	119	71	CCC	0.06359484046697617	1	moderate	moderate	0.022	False	user_msa
Drosophila_pseudoobscura_Drosophila_pseudoobscura__Act5C__XP_001354857.1	119	119	119	71	CCC	0.06359484046697617	1	moderate	moderate	0.022	False	user_msa
Drosophila_sechellia_Drosophila_sechellia__Act5C__XP_002036849.1	119	119	119	71	CCC	0.06359484046697617	1	moderate	moderate	0.022	False	user_msa
Drosophila_simulans_Drosophila_simulans__LOC6725225__XP_016038239.1	119	119	119	71	CCC	0.06359484046697617	1	moderate	moderate	0.022	False	user_msa
Drosophila_subobscura_Drosophila_subobscura__LOC117903845__XP_034672195.1	119	119	119	71	CCC	0.06359484046697617	1	moderate	moderate	0.022	False	user_msa
Drosophila_suzukii_Drosophila_suzukii__Act5C__XP_065724039.1	119	119	119	71	CCC	0.06359484046697617	1	moderate	moderate	0.022	False	user_msa
Drosophila_virilis_Drosophila_virilis__Act5C__XP_002059576.1	119	119	119	71	CCC	0.06359484046697617	1	moderate	moderate	0.022	False	user_msa
Drosophila_willistoni_Drosophila_willistoni__LOC6641346__XP_023031150.1	119	119	119	71	CCC	0.06359484046697617	1	moderate	moderate	0.022	False	user_msa
Drosophila_yakuba_Drosophila_yakuba__LOC6525488__XP_002101323.1	119	119	119	71	CCC	0.06359484046697617	1	moderate	moderate	0.022	False	user_msa
Drosophila_ananassae_Drosophila_ananassae__LOC6504746__XP_032309021.1	120	120	120	72	ATT	0.07358241826295853	1	moderate	moderate	0.022	False	user_msa
Drosophila_biarmipes_Drosophila_biarmipes__LOC108031387__XP_050746516.1	120	120	120	72	ATT	0.07358241826295853	1	moderate	moderate	0.022	False	user_msa
Drosophila_mauritiana_Drosophila_mauritiana__LOC117148789__XP_033172290.1	120	120	120	72	ATT	0.07358241826295853	1	moderate	moderate	0.022	False	user_msa
Drosophila_melanogaster_Drosophila_melanogaster__Act5C__NP_511052.1	120	120	120	72	ATT	0.07358241826295853	1	moderate	moderate	0.022	False	user_msa
Drosophila_pseudoobscura_Drosophila_pseudoobscura__Act5C__XP_001354857.1	120	120	120	72	ATC	0.06820309162139893	1	moderate	moderate	0.022	False	user_msa
Drosophila_sechellia_Drosophila_sechellia__Act5C__XP_002036849.1	120	120	120	72	ATT	0.07358241826295853	1	moderate	moderate	0.022	False	user_msa
Drosophila_simulans_Drosophila_simulans__LOC6725225__XP_016038239.1	120	120	120	72	ATT	0.07358241826295853	1	moderate	moderate	0.022	False	user_msa
Drosophila_subobscura_Drosophila_subobscura__LOC117903845__XP_034672195.1	120	120	120	72	ATC	0.06820309162139893	1	moderate	moderate	0.022	False	user_msa
Drosophila_suzukii_Drosophila_suzukii__Act5C__XP_065724039.1	120	120	120	72	ATT	0.07358241826295853	1	moderate	moderate	0.022	False	user_msa
Drosophila_virilis_Drosophila_virilis__Act5C__XP_002059576.1	120	120	120	72	ATT	0.07358241826295853	1	moderate	moderate	0.022	False	user_msa
Drosophila_willistoni_Drosophila_willistoni__LOC6641346__XP_023031150.1	120	120	120	72	ATT	0.07358241826295853	1	moderate	moderate	0.022	False	user_msa
Drosophila_yakuba_Drosophila_yakuba__LOC6525488__XP_002101323.1	120	120	120	72	ATT	0.07358241826295853	1	moderate	moderate	0.022	False	user_msa
Drosophila_ananassae_Drosophila_ananassae__LOC6504746__XP_032309021.1	121	121	121	73	GAG	0.06693398207426071	1	moderate	moderate	0.022	False	user_msa
Drosophila_biarmipes_Drosophila_biarmipes__LOC108031387__XP_050746516.1	121	121	121	73	GAG	0.06693398207426071	1	moderate	moderate	0.022	False	user_msa
Drosophila_mauritiana_Drosophila_mauritiana__LOC117148789__XP_033172290.1	121	121	121	73	GAG	0.06693398207426071	1	moderate	moderate	0.022	False	user_msa
Drosophila_melanogaster_Drosophila_melanogaster__Act5C__NP_511052.1	121	121	121	73	GAG	0.06693398207426071	1	moderate	moderate	0.022	False	user_msa
Drosophila_pseudoobscura_Drosophila_pseudoobscura__Act5C__XP_001354857.1	121	121	121	73	GAG	0.06693398207426071	1	moderate	moderate	0.022	False	user_msa
Drosophila_sechellia_Drosophila_sechellia__Act5C__XP_002036849.1	121	121	121	73	GAG	0.06693398207426071	1	moderate	moderate	0.022	False	user_msa
Drosophila_simulans_Drosophila_simulans__LOC6725225__XP_016038239.1	121	121	121	73	GAG	0.06693398207426071	1	moderate	moderate	0.022	False	user_msa
Drosophila_subobscura_Drosophila_subobscura__LOC117903845__XP_034672195.1	121	121	121	73	GAG	0.06693398207426071	1	moderate	moderate	0.022	False	user_msa
Drosophila_suzukii_Drosophila_suzukii__Act5C__XP_065724039.1	121	121	121	73	GAG	0.06693398207426071	1	moderate	moderate	0.022	False	user_msa
Drosophila_virilis_Drosophila_virilis__Act5C__XP_002059576.1	121	121	121	73	GAG	0.06693398207426071	1	moderate	moderate	0.022	False	user_msa
Drosophila_willistoni_Drosophila_willistoni__LOC6641346__XP_023031150.1	121	121	121	73	GAG	0.06693398207426071	1	moderate	moderate	0.022	False	user_msa
Drosophila_yakuba_Drosophila_yakuba__LOC6525488__XP_002101323.1	121	121	121	73	GAG	0.06693398207426071	1	moderate	moderate	0.022	False	user_msa
Drosophila_ananassae_Drosophila_ananassae__LOC6504746__XP_032309021.1	122	122	122	74	CAC	0.07302447408437729	1	moderate	moderate	0.022	False	user_msa
Drosophila_biarmipes_Drosophila_biarmipes__LOC108031387__XP_050746516.1	122	122	122	74	CAC	0.07302447408437729	1	moderate	moderate	0.022	False	user_msa
Drosophila_mauritiana_Drosophila_mauritiana__LOC117148789__XP_033172290.1	122	122	122	74	CAC	0.07302447408437729	1	moderate	moderate	0.022	False	user_msa
Drosophila_melanogaster_Drosophila_melanogaster__Act5C__NP_511052.1	122	122	122	74	CAC	0.07302447408437729	1	moderate	moderate	0.022	False	user_msa
Drosophila_pseudoobscura_Drosophila_pseudoobscura__Act5C__XP_001354857.1	122	122	122	74	CAC	0.07302447408437729	1	moderate	moderate	0.022	False	user_msa
Drosophila_sechellia_Drosophila_sechellia__Act5C__XP_002036849.1	122	122	122	74	CAC	0.07302447408437729	1	moderate	moderate	0.022	False	user_msa
Drosophila_simulans_Drosophila_simulans__LOC6725225__XP_016038239.1	122	122	122	74	CAC	0.07302447408437729	1	moderate	moderate	0.022	False	user_msa
Drosophila_subobscura_Drosophila_subobscura__LOC117903845__XP_034672195.1	122	122	122	74	CAT	0.07990054786205292	1	moderate	moderate	0.022	False	user_msa
Drosophila_suzukii_Drosophila_suzukii__Act5C__XP_065724039.1	122	122	122	74	CAC	0.07302447408437729	1	moderate	moderate	0.022	False	user_msa
Drosophila_virilis_Drosophila_virilis__Act5C__XP_002059576.1	122	122	122	74	CAC	0.07302447408437729	1	moderate	moderate	0.022	False	user_msa
Drosophila_willistoni_Drosophila_willistoni__LOC6641346__XP_023031150.1	122	122	122	74	CAC	0.07302447408437729	1	moderate	moderate	0.022	False	user_msa
Drosophila_yakuba_Drosophila_yakuba__LOC6525488__XP_002101323.1	122	122	122	74	CAC	0.07302447408437729	1	moderate	moderate	0.022	False	user_msa
Drosophila_ananassae_Drosophila_ananassae__LOC6504746__XP_032309021.1	123	123	123	75	GGT	0.10008151829242706	1	moderate	moderate	0.022	False	user_msa
Drosophila_biarmipes_Drosophila_biarmipes__LOC108031387__XP_050746516.1	123	123	123	75	GGC	0.09164160490036011	1	moderate	moderate	0.022	False	user_msa
Drosophila_mauritiana_Drosophila_mauritiana__LOC117148789__XP_033172290.1	123	123	123	75	GGT	0.10008151829242706	1	moderate	moderate	0.022	False	user_msa
Drosophila_melanogaster_Drosophila_melanogaster__Act5C__NP_511052.1	123	123	123	75	GGT	0.10008151829242706	1	moderate	moderate	0.022	False	user_msa
Drosophila_pseudoobscura_Drosophila_pseudoobscura__Act5C__XP_001354857.1	123	123	123	75	GGA	0.08766614645719528	1	moderate	moderate	0.022	False	user_msa
Drosophila_sechellia_Drosophila_sechellia__Act5C__XP_002036849.1	123	123	123	75	GGT	0.10008151829242706	1	moderate	moderate	0.022	False	user_msa
Drosophila_simulans_Drosophila_simulans__LOC6725225__XP_016038239.1	123	123	123	75	GGT	0.10008151829242706	1	moderate	moderate	0.022	False	user_msa
Drosophila_subobscura_Drosophila_subobscura__LOC117903845__XP_034672195.1	123	123	123	75	GGA	0.08766614645719528	1	moderate	moderate	0.022	False	user_msa
Drosophila_suzukii_Drosophila_suzukii__Act5C__XP_065724039.1	123	123	123	75	GGA	0.08766614645719528	1	moderate	moderate	0.022	False	user_msa
Drosophila_virilis_Drosophila_virilis__Act5C__XP_002059576.1	123	123	123	75	GGT	0.10008151829242706	1	moderate	moderate	0.022	False	user_msa
Drosophila_willistoni_Drosophila_willistoni__LOC6641346__XP_023031150.1	123	123	123	75	GGT	0.10008151829242706	1	moderate	moderate	0.022	False	user_msa
Drosophila_yakuba_Drosophila_yakuba__LOC6525488__XP_002101323.1	123	123	123	75	GGT	0.10008151829242706	1	moderate	moderate	0.022	False	user_msa
Drosophila_ananassae_Drosophila_ananassae__LOC6504746__XP_032309021.1	124	124	124	76	ATT	0.07682967185974121	1	moderate	moderate	0.022	False	user_msa
Drosophila_biarmipes_Drosophila_biarmipes__LOC108031387__XP_050746516.1	124	124	124	76	ATC	0.07052057236433029	1	moderate	moderate	0.022	False	user_msa
Drosophila_mauritiana_Drosophila_mauritiana__LOC117148789__XP_033172290.1	124	124	124	76	ATC	0.07052057236433029	1	moderate	moderate	0.022	False	user_msa
Drosophila_melanogaster_Drosophila_melanogaster__Act5C__NP_511052.1	124	124	124	76	ATC	0.07052057236433029	1	moderate	moderate	0.022	False	user_msa
Drosophila_pseudoobscura_Drosophila_pseudoobscura__Act5C__XP_001354857.1	124	124	124	76	ATC	0.07052057236433029	1	moderate	moderate	0.022	False	user_msa
Drosophila_sechellia_Drosophila_sechellia__Act5C__XP_002036849.1	124	124	124	76	ATC	0.07052057236433029	1	moderate	moderate	0.022	False	user_msa
Drosophila_simulans_Drosophila_simulans__LOC6725225__XP_016038239.1	124	124	124	76	ATC	0.07052057236433029	1	moderate	moderate	0.022	False	user_msa
Drosophila_subobscura_Drosophila_subobscura__LOC117903845__XP_034672195.1	124	124	124	76	ATC	0.07052057236433029	1	moderate	moderate	0.022	False	user_msa
Drosophila_suzukii_Drosophila_suzukii__Act5C__XP_065724039.1	124	124	124	76	ATC	0.07052057236433029	1	moderate	moderate	0.022	False	user_msa
Drosophila_virilis_Drosophila_virilis__Act5C__XP_002059576.1	124	124	124	76	ATT	0.07682967185974121	1	moderate	moderate	0.022	False	user_msa
Drosophila_willistoni_Drosophila_willistoni__LOC6641346__XP_023031150.1	124	124	124	76	ATT	0.07682967185974121	1	moderate	moderate	0.022	False	user_msa
Drosophila_yakuba_Drosophila_yakuba__LOC6525488__XP_002101323.1	124	124	124	76	ATC	0.07052057236433029	1	moderate	moderate	0.022	False	user_msa
Drosophila_ananassae_Drosophila_ananassae__LOC6504746__XP_032309021.1	125	125	125	77	GTG	0.0704416036605835	1	moderate	moderate	0.022	False	user_msa
Drosophila_biarmipes_Drosophila_biarmipes__LOC108031387__XP_050746516.1	125	125	125	77	GTG	0.0704416036605835	1	moderate	moderate	0.022	False	user_msa
Drosophila_mauritiana_Drosophila_mauritiana__LOC117148789__XP_033172290.1	125	125	125	77	GTG	0.0704416036605835	1	moderate	moderate	0.022	False	user_msa
Drosophila_melanogaster_Drosophila_melanogaster__Act5C__NP_511052.1	125	125	125	77	GTG	0.0704416036605835	1	moderate	moderate	0.022	False	user_msa
Drosophila_pseudoobscura_Drosophila_pseudoobscura__Act5C__XP_001354857.1	125	125	125	77	GTG	0.0704416036605835	1	moderate	moderate	0.022	False	user_msa
Drosophila_sechellia_Drosophila_sechellia__Act5C__XP_002036849.1	125	125	125	77	GTG	0.0704416036605835	1	moderate	moderate	0.022	False	user_msa
Drosophila_simulans_Drosophila_simulans__LOC6725225__XP_016038239.1	125	125	125	77	GTG	0.0704416036605835	1	moderate	moderate	0.022	False	user_msa
Drosophila_subobscura_Drosophila_subobscura__LOC117903845__XP_034672195.1	125	125	125	77	GTG	0.0704416036605835	1	moderate	moderate	0.022	False	user_msa
Drosophila_suzukii_Drosophila_suzukii__Act5C__XP_065724039.1	125	125	125	77	GTG	0.0704416036605835	1	moderate	moderate	0.022	False	user_msa
Drosophila_virilis_Drosophila_virilis__Act5C__XP_002059576.1	125	125	125	77	GTG	0.0704416036605835	1	moderate	moderate	0.022	False	user_msa
Drosophila_willistoni_Drosophila_willistoni__LOC6641346__XP_023031150.1	125	125	125	77	GTG	0.0704416036605835	1	moderate	moderate	0.022	False	user_msa
Drosophila_yakuba_Drosophila_yakuba__LOC6525488__XP_002101323.1	125	125	125	77	GTG	0.0704416036605835	1	moderate	moderate	0.022	False	user_msa
Drosophila_ananassae_Drosophila_ananassae__LOC6504746__XP_032309021.1	126	126	126	78	ACC	0.07119279354810715	1	moderate	moderate	0.022	False	user_msa
Drosophila_biarmipes_Drosophila_biarmipes__LOC108031387__XP_050746516.1	126	126	126	78	ACC	0.07119279354810715	1	moderate	moderate	0.022	False	user_msa
Drosophila_mauritiana_Drosophila_mauritiana__LOC117148789__XP_033172290.1	126	126	126	78	ACC	0.07119279354810715	1	moderate	moderate	0.022	False	user_msa
Drosophila_melanogaster_Drosophila_melanogaster__Act5C__NP_511052.1	126	126	126	78	ACC	0.07119279354810715	1	moderate	moderate	0.022	False	user_msa
Drosophila_pseudoobscura_Drosophila_pseudoobscura__Act5C__XP_001354857.1	126	126	126	78	ACA	0.06871383637189865	1	moderate	moderate	0.022	False	user_msa
Drosophila_sechellia_Drosophila_sechellia__Act5C__XP_002036849.1	126	126	126	78	ACC	0.07119279354810715	1	moderate	moderate	0.022	False	user_msa
Drosophila_simulans_Drosophila_simulans__LOC6725225__XP_016038239.1	126	126	126	78	ACC	0.07119279354810715	1	moderate	moderate	0.022	False	user_msa
Drosophila_subobscura_Drosophila_subobscura__LOC117903845__XP_034672195.1	126	126	126	78	ACA	0.06871383637189865	1	moderate	moderate	0.022	False	user_msa
Drosophila_suzukii_Drosophila_suzukii__Act5C__XP_065724039.1	126	126	126	78	ACC	0.07119279354810715	1	moderate	moderate	0.022	False	user_msa
Drosophila_virilis_Drosophila_virilis__Act5C__XP_002059576.1	126	126	126	78	ACC	0.07119279354810715	1	moderate	moderate	0.022	False	user_msa
Drosophila_willistoni_Drosophila_willistoni__LOC6641346__XP_023031150.1	126	126	126	78	ACC	0.07119279354810715	1	moderate	moderate	0.022	False	user_msa
Drosophila_yakuba_Drosophila_yakuba__LOC6525488__XP_002101323.1	126	126	126	78	ACC	0.07119279354810715	1	moderate	moderate	0.022	False	user_msa
Drosophila_ananassae_Drosophila_ananassae__LOC6504746__XP_032309021.1	127	127	127	79	AAC	0.059572286903858185	1	moderate	moderate	0.022	False	user_msa
Drosophila_biarmipes_Drosophila_biarmipes__LOC108031387__XP_050746516.1	127	127	127	79	AAC	0.059572286903858185	1	moderate	moderate	0.022	False	user_msa
Drosophila_mauritiana_Drosophila_mauritiana__LOC117148789__XP_033172290.1	127	127	127	79	AAC	0.059572286903858185	1	moderate	moderate	0.022	False	user_msa
Drosophila_melanogaster_Drosophila_melanogaster__Act5C__NP_511052.1	127	127	127	79	AAC	0.059572286903858185	1	moderate	moderate	0.022	False	user_msa
Drosophila_pseudoobscura_Drosophila_pseudoobscura__Act5C__XP_001354857.1	127	127	127	79	AAC	0.059572286903858185	1	moderate	moderate	0.022	False	user_msa
Drosophila_sechellia_Drosophila_sechellia__Act5C__XP_002036849.1	127	127	127	79	AAC	0.059572286903858185	1	moderate	moderate	0.022	False	user_msa
Drosophila_simulans_Drosophila_simulans__LOC6725225__XP_016038239.1	127	127	127	79	AAC	0.059572286903858185	1	moderate	moderate	0.022	False	user_msa
Drosophila_subobscura_Drosophila_subobscura__LOC117903845__XP_034672195.1	127	127	127	79	AAC	0.059572286903858185	1	moderate	moderate	0.022	False	user_msa
Drosophila_suzukii_Drosophila_suzukii__Act5C__XP_065724039.1	127	127	127	79	AAC	0.059572286903858185	1	moderate	moderate	0.022	False	user_msa
Drosophila_virilis_Drosophila_virilis__Act5C__XP_002059576.1	127	127	127	79	AAC	0.059572286903858185	1	moderate	moderate	0.022	False	user_msa
Drosophila_willistoni_Drosophila_willistoni__LOC6641346__XP_023031150.1	127	127	127	79	AAC	0.059572286903858185	1	moderate	moderate	0.022	False	user_msa
Drosophila_yakuba_Drosophila_yakuba__LOC6525488__XP_002101323.1	127	127	127	79	AAC	0.059572286903858185	1	moderate	moderate	0.022	False	user_msa
Drosophila_ananassae_Drosophila_ananassae__LOC6504746__XP_032309021.1	128	128	128	80	TGG	0.0741131380200386	1	moderate	moderate	0.022	False	user_msa
Drosophila_biarmipes_Drosophila_biarmipes__LOC108031387__XP_050746516.1	128	128	128	80	TGG	0.0741131380200386	1	moderate	moderate	0.022	False	user_msa
Drosophila_mauritiana_Drosophila_mauritiana__LOC117148789__XP_033172290.1	128	128	128	80	TGG	0.0741131380200386	1	moderate	moderate	0.022	False	user_msa
Drosophila_melanogaster_Drosophila_melanogaster__Act5C__NP_511052.1	128	128	128	80	TGG	0.0741131380200386	1	moderate	moderate	0.022	False	user_msa
Drosophila_pseudoobscura_Drosophila_pseudoobscura__Act5C__XP_001354857.1	128	128	128	80	TGG	0.0741131380200386	1	moderate	moderate	0.022	False	user_msa
Drosophila_sechellia_Drosophila_sechellia__Act5C__XP_002036849.1	128	128	128	80	TGG	0.0741131380200386	1	moderate	moderate	0.022	False	user_msa
Drosophila_simulans_Drosophila_simulans__LOC6725225__XP_016038239.1	128	128	128	80	TGG	0.0741131380200386	1	moderate	moderate	0.022	False	user_msa
Drosophila_subobscura_Drosophila_subobscura__LOC117903845__XP_034672195.1	128	128	128	80	TGG	0.0741131380200386	1	moderate	moderate	0.022	False	user_msa
Drosophila_suzukii_Drosophila_suzukii__Act5C__XP_065724039.1	128	128	128	80	TGG	0.0741131380200386	1	moderate	moderate	0.022	False	user_msa
Drosophila_virilis_Drosophila_virilis__Act5C__XP_002059576.1	128	128	128	80	TGG	0.0741131380200386	1	moderate	moderate	0.022	False	user_msa
Drosophila_willistoni_Drosophila_willistoni__LOC6641346__XP_023031150.1	128	128	128	80	TGG	0.0741131380200386	1	moderate	moderate	0.022	False	user_msa
Drosophila_yakuba_Drosophila_yakuba__LOC6525488__XP_002101323.1	128	128	128	80	TGG	0.0741131380200386	1	moderate	moderate	0.022	False	user_msa
Drosophila_ananassae_Drosophila_ananassae__LOC6504746__XP_032309021.1	129	129	129	81	GAT	0.0815981924533844	1	moderate	moderate	0.022	False	user_msa
Drosophila_biarmipes_Drosophila_biarmipes__LOC108031387__XP_050746516.1	129	129	129	81	GAT	0.0815981924533844	1	moderate	moderate	0.022	False	user_msa
Drosophila_mauritiana_Drosophila_mauritiana__LOC117148789__XP_033172290.1	129	129	129	81	GAC	0.07458794116973877	1	moderate	moderate	0.022	False	user_msa
Drosophila_melanogaster_Drosophila_melanogaster__Act5C__NP_511052.1	129	129	129	81	GAC	0.07458794116973877	1	moderate	moderate	0.022	False	user_msa
Drosophila_pseudoobscura_Drosophila_pseudoobscura__Act5C__XP_001354857.1	129	129	129	81	GAT	0.0815981924533844	1	moderate	moderate	0.022	False	user_msa
Drosophila_sechellia_Drosophila_sechellia__Act5C__XP_002036849.1	129	129	129	81	GAC	0.07458794116973877	1	moderate	moderate	0.022	False	user_msa
Drosophila_simulans_Drosophila_simulans__LOC6725225__XP_016038239.1	129	129	129	81	GAC	0.07458794116973877	1	moderate	moderate	0.022	False	user_msa
Drosophila_subobscura_Drosophila_subobscura__LOC117903845__XP_034672195.1	129	129	129	81	GAT	0.0815981924533844	1	moderate	moderate	0.022	False	user_msa
Drosophila_suzukii_Drosophila_suzukii__Act5C__XP_065724039.1	129	129	129	81	GAT	0.0815981924533844	1	moderate	moderate	0.022	False	user_msa
Drosophila_virilis_Drosophila_virilis__Act5C__XP_002059576.1	129	129	129	81	GAT	0.0815981924533844	1	moderate	moderate	0.022	False	user_msa
Drosophila_willistoni_Drosophila_willistoni__LOC6641346__XP_023031150.1	129	129	129	81	GAC	0.07458794116973877	1	moderate	moderate	0.022	False	user_msa
Drosophila_yakuba_Drosophila_yakuba__LOC6525488__XP_002101323.1	129	129	129	81	GAC	0.07458794116973877	1	moderate	moderate	0.022	False	user_msa
Drosophila_ananassae_Drosophila_ananassae__LOC6504746__XP_032309021.1	130	130	130	82	GAT	0.0800093486905098	1	moderate	moderate	0.022	False	user_msa
Drosophila_biarmipes_Drosophila_biarmipes__LOC108031387__XP_050746516.1	130	130	130	82	GAC	0.07312454283237457	1	moderate	moderate	0.022	False	user_msa
Drosophila_mauritiana_Drosophila_mauritiana__LOC117148789__XP_033172290.1	130	130	130	82	GAT	0.0800093486905098	1	moderate	moderate	0.022	False	user_msa
Drosophila_melanogaster_Drosophila_melanogaster__Act5C__NP_511052.1	130	130	130	82	GAT	0.0800093486905098	1	moderate	moderate	0.022	False	user_msa
Drosophila_pseudoobscura_Drosophila_pseudoobscura__Act5C__XP_001354857.1	130	130	130	82	GAT	0.0800093486905098	1	moderate	moderate	0.022	False	user_msa
Drosophila_sechellia_Drosophila_sechellia__Act5C__XP_002036849.1	130	130	130	82	GAT	0.0800093486905098	1	moderate	moderate	0.022	False	user_msa
Drosophila_simulans_Drosophila_simulans__LOC6725225__XP_016038239.1	130	130	130	82	GAT	0.0800093486905098	1	moderate	moderate	0.022	False	user_msa
Drosophila_subobscura_Drosophila_subobscura__LOC117903845__XP_034672195.1	130	130	130	82	GAT	0.0800093486905098	1	moderate	moderate	0.022	False	user_msa
Drosophila_suzukii_Drosophila_suzukii__Act5C__XP_065724039.1	130	130	130	82	GAT	0.0800093486905098	1	moderate	moderate	0.022	False	user_msa
Drosophila_virilis_Drosophila_virilis__Act5C__XP_002059576.1	130	130	130	82	GAT	0.0800093486905098	1	moderate	moderate	0.022	False	user_msa
Drosophila_willistoni_Drosophila_willistoni__LOC6641346__XP_023031150.1	130	130	130	82	GAT	0.0800093486905098	1	moderate	moderate	0.022	False	user_msa
Drosophila_yakuba_Drosophila_yakuba__LOC6525488__XP_002101323.1	130	130	130	82	GAT	0.0800093486905098	1	moderate	moderate	0.022	False	user_msa
Drosophila_ananassae_Drosophila_ananassae__LOC6504746__XP_032309021.1	131	131	131	83	ATG	0.0622343011200428	1	moderate	moderate	0.022	False	user_msa
Drosophila_biarmipes_Drosophila_biarmipes__LOC108031387__XP_050746516.1	131	131	131	83	ATG	0.0622343011200428	1	moderate	moderate	0.022	False	user_msa
Drosophila_mauritiana_Drosophila_mauritiana__LOC117148789__XP_033172290.1	131	131	131	83	ATG	0.0622343011200428	1	moderate	moderate	0.022	False	user_msa
Drosophila_melanogaster_Drosophila_melanogaster__Act5C__NP_511052.1	131	131	131	83	ATG	0.0622343011200428	1	moderate	moderate	0.022	False	user_msa
Drosophila_pseudoobscura_Drosophila_pseudoobscura__Act5C__XP_001354857.1	131	131	131	83	ATG	0.0622343011200428	1	moderate	moderate	0.022	False	user_msa
Drosophila_sechellia_Drosophila_sechellia__Act5C__XP_002036849.1	131	131	131	83	ATG	0.0622343011200428	1	moderate	moderate	0.022	False	user_msa
Drosophila_simulans_Drosophila_simulans__LOC6725225__XP_016038239.1	131	131	131	83	ATG	0.0622343011200428	1	moderate	moderate	0.022	False	user_msa
Drosophila_subobscura_Drosophila_subobscura__LOC117903845__XP_034672195.1	131	131	131	83	ATG	0.0622343011200428	1	moderate	moderate	0.022	False	user_msa
Drosophila_suzukii_Drosophila_suzukii__Act5C__XP_065724039.1	131	131	131	83	ATG	0.0622343011200428	1	moderate	moderate	0.022	False	user_msa
Drosophila_virilis_Drosophila_virilis__Act5C__XP_002059576.1	131	131	131	83	ATG	0.0622343011200428	1	moderate	moderate	0.022	False	user_msa
Drosophila_willistoni_Drosophila_willistoni__LOC6641346__XP_023031150.1	131	131	131	83	ATG	0.0622343011200428	1	moderate	moderate	0.022	False	user_msa
Drosophila_yakuba_Drosophila_yakuba__LOC6525488__XP_002101323.1	131	131	131	83	ATG	0.0622343011200428	1	moderate	moderate	0.022	False	user_msa
Drosophila_ananassae_Drosophila_ananassae__LOC6504746__XP_032309021.1	132	132	132	84	GAG	0.06698623299598694	1	moderate	moderate	0.022	False	user_msa
Drosophila_biarmipes_Drosophila_biarmipes__LOC108031387__XP_050746516.1	132	132	132	84	GAG	0.06698623299598694	1	moderate	moderate	0.022	False	user_msa
Drosophila_mauritiana_Drosophila_mauritiana__LOC117148789__XP_033172290.1	132	132	132	84	GAG	0.06698623299598694	1	moderate	moderate	0.022	False	user_msa
Drosophila_melanogaster_Drosophila_melanogaster__Act5C__NP_511052.1	132	132	132	84	GAG	0.06698623299598694	1	moderate	moderate	0.022	False	user_msa
Drosophila_pseudoobscura_Drosophila_pseudoobscura__Act5C__XP_001354857.1	132	132	132	84	GAG	0.06698623299598694	1	moderate	moderate	0.022	False	user_msa
Drosophila_sechellia_Drosophila_sechellia__Act5C__XP_002036849.1	132	132	132	84	GAG	0.06698623299598694	1	moderate	moderate	0.022	False	user_msa
Drosophila_simulans_Drosophila_simulans__LOC6725225__XP_016038239.1	132	132	132	84	GAG	0.06698623299598694	1	moderate	moderate	0.022	False	user_msa
Drosophila_subobscura_Drosophila_subobscura__LOC117903845__XP_034672195.1	132	132	132	84	GAG	0.06698623299598694	1	moderate	moderate	0.022	False	user_msa
Drosophila_suzukii_Drosophila_suzukii__Act5C__XP_065724039.1	132	132	132	84	GAG	0.06698623299598694	1	moderate	moderate	0.022	False	user_msa
Drosophila_virilis_Drosophila_virilis__Act5C__XP_002059576.1	132	132	132	84	GAG	0.06698623299598694	1	moderate	moderate	0.022	False	user_msa
Drosophila_willistoni_Drosophila_willistoni__LOC6641346__XP_023031150.1	132	132	132	84	GAG	0.06698623299598694	1	moderate	moderate	0.022	False	user_msa
Drosophila_yakuba_Drosophila_yakuba__LOC6525488__XP_002101323.1	132	132	132	84	GAG	0.06698623299598694	1	moderate	moderate	0.022	False	user_msa
Drosophila_ananassae_Drosophila_ananassae__LOC6504746__XP_032309021.1	133	133	133	85	AAG	0.06990654766559601	1	moderate	moderate	0.022	False	user_msa
Drosophila_biarmipes_Drosophila_biarmipes__LOC108031387__XP_050746516.1	133	133	133	85	AAG	0.06990654766559601	1	moderate	moderate	0.022	False	user_msa
Drosophila_mauritiana_Drosophila_mauritiana__LOC117148789__XP_033172290.1	133	133	133	85	AAG	0.06990654766559601	1	moderate	moderate	0.022	False	user_msa
Drosophila_melanogaster_Drosophila_melanogaster__Act5C__NP_511052.1	133	133	133	85	AAG	0.06990654766559601	1	moderate	moderate	0.022	False	user_msa
Drosophila_pseudoobscura_Drosophila_pseudoobscura__Act5C__XP_001354857.1	133	133	133	85	AAG	0.06990654766559601	1	moderate	moderate	0.022	False	user_msa
Drosophila_sechellia_Drosophila_sechellia__Act5C__XP_002036849.1	133	133	133	85	AAG	0.06990654766559601	1	moderate	moderate	0.022	False	user_msa
Drosophila_simulans_Drosophila_simulans__LOC6725225__XP_016038239.1	133	133	133	85	AAG	0.06990654766559601	1	moderate	moderate	0.022	False	user_msa
Drosophila_subobscura_Drosophila_subobscura__LOC117903845__XP_034672195.1	133	133	133	85	AAG	0.06990654766559601	1	moderate	moderate	0.022	False	user_msa
Drosophila_suzukii_Drosophila_suzukii__Act5C__XP_065724039.1	133	133	133	85	AAG	0.06990654766559601	1	moderate	moderate	0.022	False	user_msa
Drosophila_virilis_Drosophila_virilis__Act5C__XP_002059576.1	133	133	133	85	AAA	0.06534260511398315	1	moderate	moderate	0.022	False	user_msa
Drosophila_willistoni_Drosophila_willistoni__LOC6641346__XP_023031150.1	133	133	133	85	AAG	0.06990654766559601	1	moderate	moderate	0.022	False	user_msa
Drosophila_yakuba_Drosophila_yakuba__LOC6525488__XP_002101323.1	133	133	133	85	AAG	0.06990654766559601	1	moderate	moderate	0.022	False	user_msa
Drosophila_ananassae_Drosophila_ananassae__LOC6504746__XP_032309021.1	134	134	134	86	ATC	0.06205267459154129	1	moderate	moderate	0.022	False	user_msa
Drosophila_biarmipes_Drosophila_biarmipes__LOC108031387__XP_050746516.1	134	134	134	86	ATC	0.06205267459154129	1	moderate	moderate	0.022	False	user_msa
Drosophila_mauritiana_Drosophila_mauritiana__LOC117148789__XP_033172290.1	134	134	134	86	ATC	0.06205267459154129	1	moderate	moderate	0.022	False	user_msa
Drosophila_melanogaster_Drosophila_melanogaster__Act5C__NP_511052.1	134	134	134	86	ATC	0.06205267459154129	1	moderate	moderate	0.022	False	user_msa
Drosophila_pseudoobscura_Drosophila_pseudoobscura__Act5C__XP_001354857.1	134	134	134	86	ATC	0.06205267459154129	1	moderate	moderate	0.022	False	user_msa
Drosophila_sechellia_Drosophila_sechellia__Act5C__XP_002036849.1	134	134	134	86	ATC	0.06205267459154129	1	moderate	moderate	0.022	False	user_msa
Drosophila_simulans_Drosophila_simulans__LOC6725225__XP_016038239.1	134	134	134	86	ATC	0.06205267459154129	1	moderate	moderate	0.022	False	user_msa
Drosophila_subobscura_Drosophila_subobscura__LOC117903845__XP_034672195.1	134	134	134	86	ATC	0.06205267459154129	1	moderate	moderate	0.022	False	user_msa
Drosophila_suzukii_Drosophila_suzukii__Act5C__XP_065724039.1	134	134	134	86	ATC	0.06205267459154129	1	moderate	moderate	0.022	False	user_msa
Drosophila_virilis_Drosophila_virilis__Act5C__XP_002059576.1	134	134	134	86	ATC	0.06205267459154129	1	moderate	moderate	0.022	False	user_msa
Drosophila_willistoni_Drosophila_willistoni__LOC6641346__XP_023031150.1	134	134	134	86	ATC	0.06205267459154129	1	moderate	moderate	0.022	False	user_msa
Drosophila_yakuba_Drosophila_yakuba__LOC6525488__XP_002101323.1	134	134	134	86	ATC	0.06205267459154129	1	moderate	moderate	0.022	False	user_msa
Drosophila_ananassae_Drosophila_ananassae__LOC6504746__XP_032309021.1	135	135	135	87	TGG	0.07414968311786652	1	moderate	moderate	0.022	False	user_msa
Drosophila_biarmipes_Drosophila_biarmipes__LOC108031387__XP_050746516.1	135	135	135	87	TGG	0.07414968311786652	1	moderate	moderate	0.022	False	user_msa
Drosophila_mauritiana_Drosophila_mauritiana__LOC117148789__XP_033172290.1	135	135	135	87	TGG	0.07414968311786652	1	moderate	moderate	0.022	False	user_msa
Drosophila_melanogaster_Drosophila_melanogaster__Act5C__NP_511052.1	135	135	135	87	TGG	0.07414968311786652	1	moderate	moderate	0.022	False	user_msa
Drosophila_pseudoobscura_Drosophila_pseudoobscura__Act5C__XP_001354857.1	135	135	135	87	TGG	0.07414968311786652	1	moderate	moderate	0.022	False	user_msa
Drosophila_sechellia_Drosophila_sechellia__Act5C__XP_002036849.1	135	135	135	87	TGG	0.07414968311786652	1	moderate	moderate	0.022	False	user_msa
Drosophila_simulans_Drosophila_simulans__LOC6725225__XP_016038239.1	135	135	135	87	TGG	0.07414968311786652	1	moderate	moderate	0.022	False	user_msa
Drosophila_subobscura_Drosophila_subobscura__LOC117903845__XP_034672195.1	135	135	135	87	TGG	0.07414968311786652	1	moderate	moderate	0.022	False	user_msa
Drosophila_suzukii_Drosophila_suzukii__Act5C__XP_065724039.1	135	135	135	87	TGG	0.07414968311786652	1	moderate	moderate	0.022	False	user_msa
Drosophila_virilis_Drosophila_virilis__Act5C__XP_002059576.1	135	135	135	87	TGG	0.07414968311786652	1	moderate	moderate	0.022	False	user_msa
Drosophila_willistoni_Drosophila_willistoni__LOC6641346__XP_023031150.1	135	135	135	87	TGG	0.07414968311786652	1	moderate	moderate	0.022	False	user_msa
Drosophila_yakuba_Drosophila_yakuba__LOC6525488__XP_002101323.1	135	135	135	87	TGG	0.07414968311786652	1	moderate	moderate	0.022	False	user_msa
Drosophila_ananassae_Drosophila_ananassae__LOC6504746__XP_032309021.1	136	136	136	88	CAT	0.07688954472541809	1	moderate	moderate	0.022	False	user_msa
Drosophila_biarmipes_Drosophila_biarmipes__LOC108031387__XP_050746516.1	136	136	136	88	CAC	0.07070612907409668	1	moderate	moderate	0.022	False	user_msa
Drosophila_mauritiana_Drosophila_mauritiana__LOC117148789__XP_033172290.1	136	136	136	88	CAC	0.07070612907409668	1	moderate	moderate	0.022	False	user_msa
Drosophila_melanogaster_Drosophila_melanogaster__Act5C__NP_511052.1	136	136	136	88	CAC	0.07070612907409668	1	moderate	moderate	0.022	False	user_msa
Drosophila_pseudoobscura_Drosophila_pseudoobscura__Act5C__XP_001354857.1	136	136	136	88	CAT	0.07688954472541809	1	moderate	moderate	0.022	False	user_msa
Drosophila_sechellia_Drosophila_sechellia__Act5C__XP_002036849.1	136	136	136	88	CAC	0.07070612907409668	1	moderate	moderate	0.022	False	user_msa
Drosophila_simulans_Drosophila_simulans__LOC6725225__XP_016038239.1	136	136	136	88	CAC	0.07070612907409668	1	moderate	moderate	0.022	False	user_msa
Drosophila_subobscura_Drosophila_subobscura__LOC117903845__XP_034672195.1	136	136	136	88	CAT	0.07688954472541809	1	moderate	moderate	0.022	False	user_msa
Drosophila_suzukii_Drosophila_suzukii__Act5C__XP_065724039.1	136	136	136	88	CAC	0.07070612907409668	1	moderate	moderate	0.022	False	user_msa
Drosophila_virilis_Drosophila_virilis__Act5C__XP_002059576.1	136	136	136	88	CAT	0.07688954472541809	1	moderate	moderate	0.022	False	user_msa
Drosophila_willistoni_Drosophila_willistoni__LOC6641346__XP_023031150.1	136	136	136	88	CAT	0.07688954472541809	1	moderate	moderate	0.022	False	user_msa
Drosophila_yakuba_Drosophila_yakuba__LOC6525488__XP_002101323.1	136	136	136	88	CAC	0.07070612907409668	1	moderate	moderate	0.022	False	user_msa
Drosophila_ananassae_Drosophila_ananassae__LOC6504746__XP_032309021.1	137	137	137	89	CAC	0.06290621310472488	1	moderate	moderate	0.022	False	user_msa
Drosophila_biarmipes_Drosophila_biarmipes__LOC108031387__XP_050746516.1	137	137	137	89	CAC	0.06290621310472488	1	moderate	moderate	0.022	False	user_msa
Drosophila_mauritiana_Drosophila_mauritiana__LOC117148789__XP_033172290.1	137	137	137	89	CAC	0.06290621310472488	1	moderate	moderate	0.022	False	user_msa
Drosophila_melanogaster_Drosophila_melanogaster__Act5C__NP_511052.1	137	137	137	89	CAC	0.06290621310472488	1	moderate	moderate	0.022	False	user_msa
Drosophila_pseudoobscura_Drosophila_pseudoobscura__Act5C__XP_001354857.1	137	137	137	89	CAC	0.06290621310472488	1	moderate	moderate	0.022	False	user_msa
Drosophila_sechellia_Drosophila_sechellia__Act5C__XP_002036849.1	137	137	137	89	CAC	0.06290621310472488	1	moderate	moderate	0.022	False	user_msa
Drosophila_simulans_Drosophila_simulans__LOC6725225__XP_016038239.1	137	137	137	89	CAC	0.06290621310472488	1	moderate	moderate	0.022	False	user_msa
Drosophila_subobscura_Drosophila_subobscura__LOC117903845__XP_034672195.1	137	137	137	89	CAC	0.06290621310472488	1	moderate	moderate	0.022	False	user_msa
Drosophila_suzukii_Drosophila_suzukii__Act5C__XP_065724039.1	137	137	137	89	CAC	0.06290621310472488	1	moderate	moderate	0.022	False	user_msa
Drosophila_virilis_Drosophila_virilis__Act5C__XP_002059576.1	137	137	137	89	CAC	0.06290621310472488	1	moderate	moderate	0.022	False	user_msa
Drosophila_willistoni_Drosophila_willistoni__LOC6641346__XP_023031150.1	137	137	137	89	CAC	0.06290621310472488	1	moderate	moderate	0.022	False	user_msa
Drosophila_yakuba_Drosophila_yakuba__LOC6525488__XP_002101323.1	137	137	137	89	CAC	0.06290621310472488	1	moderate	moderate	0.022	False	user_msa
Drosophila_ananassae_Drosophila_ananassae__LOC6504746__XP_032309021.1	138	138	138	90	ACC	0.0698881670832634	1	moderate	moderate	0.022	False	user_msa
Drosophila_biarmipes_Drosophila_biarmipes__LOC108031387__XP_050746516.1	138	138	138	90	ACC	0.0698881670832634	1	moderate	moderate	0.022	False	user_msa
Drosophila_mauritiana_Drosophila_mauritiana__LOC117148789__XP_033172290.1	138	138	138	90	ACC	0.0698881670832634	1	moderate	moderate	0.022	False	user_msa
Drosophila_melanogaster_Drosophila_melanogaster__Act5C__NP_511052.1	138	138	138	90	ACC	0.0698881670832634	1	moderate	moderate	0.022	False	user_msa
Drosophila_pseudoobscura_Drosophila_pseudoobscura__Act5C__XP_001354857.1	138	138	138	90	ACC	0.0698881670832634	1	moderate	moderate	0.022	False	user_msa
Drosophila_sechellia_Drosophila_sechellia__Act5C__XP_002036849.1	138	138	138	90	ACC	0.0698881670832634	1	moderate	moderate	0.022	False	user_msa
Drosophila_simulans_Drosophila_simulans__LOC6725225__XP_016038239.1	138	138	138	90	ACC	0.0698881670832634	1	moderate	moderate	0.022	False	user_msa
Drosophila_subobscura_Drosophila_subobscura__LOC117903845__XP_034672195.1	138	138	138	90	ACC	0.0698881670832634	1	moderate	moderate	0.022	False	user_msa
Drosophila_suzukii_Drosophila_suzukii__Act5C__XP_065724039.1	138	138	138	90	ACC	0.0698881670832634	1	moderate	moderate	0.022	False	user_msa
Drosophila_virilis_Drosophila_virilis__Act5C__XP_002059576.1	138	138	138	90	ACC	0.0698881670832634	1	moderate	moderate	0.022	False	user_msa
Drosophila_willistoni_Drosophila_willistoni__LOC6641346__XP_023031150.1	138	138	138	90	ACT	0.07606707513332367	1	moderate	moderate	0.022	False	user_msa
Drosophila_yakuba_Drosophila_yakuba__LOC6525488__XP_002101323.1	138	138	138	90	ACC	0.0698881670832634	1	moderate	moderate	0.022	False	user_msa
Drosophila_ananassae_Drosophila_ananassae__LOC6504746__XP_032309021.1	139	139	139	91	TTC	0.07511237263679504	1	moderate	moderate	0.022	False	user_msa
Drosophila_biarmipes_Drosophila_biarmipes__LOC108031387__XP_050746516.1	139	139	139	91	TTC	0.07511237263679504	1	moderate	moderate	0.022	False	user_msa
Drosophila_mauritiana_Drosophila_mauritiana__LOC117148789__XP_033172290.1	139	139	139	91	TTC	0.07511237263679504	1	moderate	moderate	0.022	False	user_msa
Drosophila_melanogaster_Drosophila_melanogaster__Act5C__NP_511052.1	139	139	139	91	TTC	0.07511237263679504	1	moderate	moderate	0.022	False	user_msa
Drosophila_pseudoobscura_Drosophila_pseudoobscura__Act5C__XP_001354857.1	139	139	139	91	TTC	0.07511237263679504	1	moderate	moderate	0.022	False	user_msa
Drosophila_sechellia_Drosophila_sechellia__Act5C__XP_002036849.1	139	139	139	91	TTC	0.07511237263679504	1	moderate	moderate	0.022	False	user_msa
Drosophila_simulans_Drosophila_simulans__LOC6725225__XP_016038239.1	139	139	139	91	TTC	0.07511237263679504	1	moderate	moderate	0.022	False	user_msa
Drosophila_subobscura_Drosophila_subobscura__LOC117903845__XP_034672195.1	139	139	139	91	TTC	0.07511237263679504	1	moderate	moderate	0.022	False	user_msa
Drosophila_suzukii_Drosophila_suzukii__Act5C__XP_065724039.1	139	139	139	91	TTC	0.07511237263679504	1	moderate	moderate	0.022	False	user_msa
Drosophila_virilis_Drosophila_virilis__Act5C__XP_002059576.1	139	139	139	91	TTC	0.07511237263679504	1	moderate	moderate	0.022	False	user_msa
Drosophila_willistoni_Drosophila_willistoni__LOC6641346__XP_023031150.1	139	139	139	91	TTC	0.07511237263679504	1	moderate	moderate	0.022	False	user_msa
Drosophila_yakuba_Drosophila_yakuba__LOC6525488__XP_002101323.1	139	139	139	91	TTC	0.07511237263679504	1	moderate	moderate	0.022	False	user_msa
Drosophila_ananassae_Drosophila_ananassae__LOC6504746__XP_032309021.1	140	140	140	92	TAC	0.07141513377428055	1	moderate	moderate	0.022	False	user_msa
Drosophila_biarmipes_Drosophila_biarmipes__LOC108031387__XP_050746516.1	140	140	140	92	TAC	0.07141513377428055	1	moderate	moderate	0.022	False	user_msa
Drosophila_mauritiana_Drosophila_mauritiana__LOC117148789__XP_033172290.1	140	140	140	92	TAC	0.07141513377428055	1	moderate	moderate	0.022	False	user_msa
Drosophila_melanogaster_Drosophila_melanogaster__Act5C__NP_511052.1	140	140	140	92	TAC	0.07141513377428055	1	moderate	moderate	0.022	False	user_msa
Drosophila_pseudoobscura_Drosophila_pseudoobscura__Act5C__XP_001354857.1	140	140	140	92	TAC	0.07141513377428055	1	moderate	moderate	0.022	False	user_msa
Drosophila_sechellia_Drosophila_sechellia__Act5C__XP_002036849.1	140	140	140	92	TAC	0.07141513377428055	1	moderate	moderate	0.022	False	user_msa
Drosophila_simulans_Drosophila_simulans__LOC6725225__XP_016038239.1	140	140	140	92	TAC	0.07141513377428055	1	moderate	moderate	0.022	False	user_msa
Drosophila_subobscura_Drosophila_subobscura__LOC117903845__XP_034672195.1	140	140	140	92	TAC	0.07141513377428055	1	moderate	moderate	0.022	False	user_msa
Drosophila_suzukii_Drosophila_suzukii__Act5C__XP_065724039.1	140	140	140	92	TAC	0.07141513377428055	1	moderate	moderate	0.022	False	user_msa
Drosophila_virilis_Drosophila_virilis__Act5C__XP_002059576.1	140	140	140	92	TAC	0.07141513377428055	1	moderate	moderate	0.022	False	user_msa
Drosophila_willistoni_Drosophila_willistoni__LOC6641346__XP_023031150.1	140	140	140	92	TAC	0.07141513377428055	1	moderate	moderate	0.022	False	user_msa
Drosophila_yakuba_Drosophila_yakuba__LOC6525488__XP_002101323.1	140	140	140	92	TAC	0.07141513377428055	1	moderate	moderate	0.022	False	user_msa
Drosophila_ananassae_Drosophila_ananassae__LOC6504746__XP_032309021.1	141	141	141	93	AAT	0.07032442092895508	1	moderate	moderate	0.022	False	user_msa
Drosophila_biarmipes_Drosophila_biarmipes__LOC108031387__XP_050746516.1	141	141	141	93	AAT	0.07032442092895508	1	moderate	moderate	0.022	False	user_msa
Drosophila_mauritiana_Drosophila_mauritiana__LOC117148789__XP_033172290.1	141	141	141	93	AAT	0.07032442092895508	1	moderate	moderate	0.022	False	user_msa
Drosophila_melanogaster_Drosophila_melanogaster__Act5C__NP_511052.1	141	141	141	93	AAT	0.07032442092895508	1	moderate	moderate	0.022	False	user_msa
Drosophila_pseudoobscura_Drosophila_pseudoobscura__Act5C__XP_001354857.1	141	141	141	93	AAC	0.06573508679866791	1	moderate	moderate	0.022	False	user_msa
Drosophila_sechellia_Drosophila_sechellia__Act5C__XP_002036849.1	141	141	141	93	AAT	0.07032442092895508	1	moderate	moderate	0.022	False	user_msa
Drosophila_simulans_Drosophila_simulans__LOC6725225__XP_016038239.1	141	141	141	93	AAT	0.07032442092895508	1	moderate	moderate	0.022	False	user_msa
Drosophila_subobscura_Drosophila_subobscura__LOC117903845__XP_034672195.1	141	141	141	93	AAC	0.06573508679866791	1	moderate	moderate	0.022	False	user_msa
Drosophila_suzukii_Drosophila_suzukii__Act5C__XP_065724039.1	141	141	141	93	AAT	0.07032442092895508	1	moderate	moderate	0.022	False	user_msa
Drosophila_virilis_Drosophila_virilis__Act5C__XP_002059576.1	141	141	141	93	AAT	0.07032442092895508	1	moderate	moderate	0.022	False	user_msa
Drosophila_willistoni_Drosophila_willistoni__LOC6641346__XP_023031150.1	141	141	141	93	AAT	0.07032442092895508	1	moderate	moderate	0.022	False	user_msa
Drosophila_yakuba_Drosophila_yakuba__LOC6525488__XP_002101323.1	141	141	141	93	AAT	0.07032442092895508	1	moderate	moderate	0.022	False	user_msa
Drosophila_ananassae_Drosophila_ananassae__LOC6504746__XP_032309021.1	142	142	142	94	GAG	0.06703373789787292	1	moderate	moderate	0.022	False	user_msa
Drosophila_biarmipes_Drosophila_biarmipes__LOC108031387__XP_050746516.1	142	142	142	94	GAG	0.06703373789787292	1	moderate	moderate	0.022	False	user_msa
Drosophila_mauritiana_Drosophila_mauritiana__LOC117148789__XP_033172290.1	142	142	142	94	GAG	0.06703373789787292	1	moderate	moderate	0.022	False	user_msa
Drosophila_melanogaster_Drosophila_melanogaster__Act5C__NP_511052.1	142	142	142	94	GAG	0.06703373789787292	1	moderate	moderate	0.022	False	user_msa
Drosophila_pseudoobscura_Drosophila_pseudoobscura__Act5C__XP_001354857.1	142	142	142	94	GAG	0.06703373789787292	1	moderate	moderate	0.022	False	user_msa
Drosophila_sechellia_Drosophila_sechellia__Act5C__XP_002036849.1	142	142	142	94	GAG	0.06703373789787292	1	moderate	moderate	0.022	False	user_msa
Drosophila_simulans_Drosophila_simulans__LOC6725225__XP_016038239.1	142	142	142	94	GAG	0.06703373789787292	1	moderate	moderate	0.022	False	user_msa
Drosophila_subobscura_Drosophila_subobscura__LOC117903845__XP_034672195.1	142	142	142	94	GAG	0.06703373789787292	1	moderate	moderate	0.022	False	user_msa
Drosophila_suzukii_Drosophila_suzukii__Act5C__XP_065724039.1	142	142	142	94	GAG	0.06703373789787292	1	moderate	moderate	0.022	False	user_msa
Drosophila_virilis_Drosophila_virilis__Act5C__XP_002059576.1	142	142	142	94	GAG	0.06703373789787292	1	moderate	moderate	0.022	False	user_msa
Drosophila_willistoni_Drosophila_willistoni__LOC6641346__XP_023031150.1	142	142	142	94	GAG	0.06703373789787292	1	moderate	moderate	0.022	False	user_msa
Drosophila_yakuba_Drosophila_yakuba__LOC6525488__XP_002101323.1	142	142	142	94	GAG	0.06703373789787292	1	moderate	moderate	0.022	False	user_msa
Drosophila_ananassae_Drosophila_ananassae__LOC6504746__XP_032309021.1	143	143	143	95	CTG	0.06591032445430756	1	moderate	moderate	0.022	False	user_msa
Drosophila_biarmipes_Drosophila_biarmipes__LOC108031387__XP_050746516.1	143	143	143	95	CTG	0.06591032445430756	1	moderate	moderate	0.022	False	user_msa
Drosophila_mauritiana_Drosophila_mauritiana__LOC117148789__XP_033172290.1	143	143	143	95	CTG	0.06591032445430756	1	moderate	moderate	0.022	False	user_msa
Drosophila_melanogaster_Drosophila_melanogaster__Act5C__NP_511052.1	143	143	143	95	CTG	0.06591032445430756	1	moderate	moderate	0.022	False	user_msa
Drosophila_pseudoobscura_Drosophila_pseudoobscura__Act5C__XP_001354857.1	143	143	143	95	CTG	0.06591032445430756	1	moderate	moderate	0.022	False	user_msa
Drosophila_sechellia_Drosophila_sechellia__Act5C__XP_002036849.1	143	143	143	95	CTG	0.06591032445430756	1	moderate	moderate	0.022	False	user_msa
Drosophila_simulans_Drosophila_simulans__LOC6725225__XP_016038239.1	143	143	143	95	CTG	0.06591032445430756	1	moderate	moderate	0.022	False	user_msa
Drosophila_subobscura_Drosophila_subobscura__LOC117903845__XP_034672195.1	143	143	143	95	CTG	0.06591032445430756	1	moderate	moderate	0.022	False	user_msa
Drosophila_suzukii_Drosophila_suzukii__Act5C__XP_065724039.1	143	143	143	95	CTG	0.06591032445430756	1	moderate	moderate	0.022	False	user_msa
Drosophila_virilis_Drosophila_virilis__Act5C__XP_002059576.1	143	143	143	95	CTG	0.06591032445430756	1	moderate	moderate	0.022	False	user_msa
Drosophila_willistoni_Drosophila_willistoni__LOC6641346__XP_023031150.1	143	143	143	95	CTG	0.06591032445430756	1	moderate	moderate	0.022	False	user_msa
Drosophila_yakuba_Drosophila_yakuba__LOC6525488__XP_002101323.1	143	143	143	95	CTG	0.06591032445430756	1	moderate	moderate	0.022	False	user_msa
Drosophila_ananassae_Drosophila_ananassae__LOC6504746__XP_032309021.1	144	144	144	96	CGT	0.07751816511154175	1	moderate	moderate	0.022	False	user_msa
Drosophila_biarmipes_Drosophila_biarmipes__LOC108031387__XP_050746516.1	144	144	144	96	CGT	0.07751816511154175	1	moderate	moderate	0.022	False	user_msa
Drosophila_mauritiana_Drosophila_mauritiana__LOC117148789__XP_033172290.1	144	144	144	96	CGT	0.07751816511154175	1	moderate	moderate	0.022	False	user_msa
Drosophila_melanogaster_Drosophila_melanogaster__Act5C__NP_511052.1	144	144	144	96	CGT	0.07751816511154175	1	moderate	moderate	0.022	False	user_msa
Drosophila_pseudoobscura_Drosophila_pseudoobscura__Act5C__XP_001354857.1	144	144	144	96	CGT	0.07751816511154175	1	moderate	moderate	0.022	False	user_msa
Drosophila_sechellia_Drosophila_sechellia__Act5C__XP_002036849.1	144	144	144	96	CGC	0.07117339968681335	1	moderate	moderate	0.022	False	user_msa
Drosophila_simulans_Drosophila_simulans__LOC6725225__XP_016038239.1	144	144	144	96	CGT	0.07751816511154175	1	moderate	moderate	0.022	False	user_msa
Drosophila_subobscura_Drosophila_subobscura__LOC117903845__XP_034672195.1	144	144	144	96	CGC	0.07117339968681335	1	moderate	moderate	0.022	False	user_msa
Drosophila_suzukii_Drosophila_suzukii__Act5C__XP_065724039.1	144	144	144	96	CGT	0.07751816511154175	1	moderate	moderate	0.022	False	user_msa
Drosophila_virilis_Drosophila_virilis__Act5C__XP_002059576.1	144	144	144	96	CGT	0.07751816511154175	1	moderate	moderate	0.022	False	user_msa
Drosophila_willistoni_Drosophila_willistoni__LOC6641346__XP_023031150.1	144	144	144	96	CGT	0.07751816511154175	1	moderate	moderate	0.022	False	user_msa
Drosophila_yakuba_Drosophila_yakuba__LOC6525488__XP_002101323.1	144	144	144	96	CGT	0.07751816511154175	1	moderate	moderate	0.022	False	user_msa
Drosophila_ananassae_Drosophila_ananassae__LOC6504746__XP_032309021.1	145	145	145	97	GTT	0.08644662797451019	1	moderate	moderate	0.022	False	user_msa
Drosophila_biarmipes_Drosophila_biarmipes__LOC108031387__XP_050746516.1	145	145	145	97	GTG	0.082676000893116	1	moderate	moderate	0.022	False	user_msa
Drosophila_mauritiana_Drosophila_mauritiana__LOC117148789__XP_033172290.1	145	145	145	97	GTG	0.082676000893116	1	moderate	moderate	0.022	False	user_msa
Drosophila_melanogaster_Drosophila_melanogaster__Act5C__NP_511052.1	145	145	145	97	GTG	0.082676000893116	1	moderate	moderate	0.022	False	user_msa
Drosophila_pseudoobscura_Drosophila_pseudoobscura__Act5C__XP_001354857.1	145	145	145	97	GTT	0.08644662797451019	1	moderate	moderate	0.022	False	user_msa
Drosophila_sechellia_Drosophila_sechellia__Act5C__XP_002036849.1	145	145	145	97	GTG	0.082676000893116	1	moderate	moderate	0.022	False	user_msa
Drosophila_simulans_Drosophila_simulans__LOC6725225__XP_016038239.1	145	145	145	97	GTG	0.082676000893116	1	moderate	moderate	0.022	False	user_msa
Drosophila_subobscura_Drosophila_subobscura__LOC117903845__XP_034672195.1	145	145	145	97	GTT	0.08644662797451019	1	moderate	moderate	0.022	False	user_msa
Drosophila_suzukii_Drosophila_suzukii__Act5C__XP_065724039.1	145	145	145	97	GTG	0.082676000893116	1	moderate	moderate	0.022	False	user_msa
Drosophila_virilis_Drosophila_virilis__Act5C__XP_002059576.1	145	145	145	97	GTT	0.08644662797451019	1	moderate	moderate	0.022	False	user_msa
Drosophila_willistoni_Drosophila_willistoni__LOC6641346__XP_023031150.1	145	145	145	97	GTG	0.082676000893116	1	moderate	moderate	0.022	False	user_msa
Drosophila_yakuba_Drosophila_yakuba__LOC6525488__XP_002101323.1	145	145	145	97	GTG	0.082676000893116	1	moderate	moderate	0.022	False	user_msa
Drosophila_ananassae_Drosophila_ananassae__LOC6504746__XP_032309021.1	146	146	146	98	GCC	0.09764540940523148	1	moderate	moderate	0.022	False	user_msa
Drosophila_biarmipes_Drosophila_biarmipes__LOC108031387__XP_050746516.1	146	146	146	98	GCC	0.09764540940523148	1	moderate	moderate	0.022	False	user_msa
Drosophila_mauritiana_Drosophila_mauritiana__LOC117148789__XP_033172290.1	146	146	146	98	GCA	0.09343632310628891	1	moderate	moderate	0.022	False	user_msa
Drosophila_melanogaster_Drosophila_melanogaster__Act5C__NP_511052.1	146	146	146	98	GCA	0.09343632310628891	1	moderate	moderate	0.022	False	user_msa
Drosophila_pseudoobscura_Drosophila_pseudoobscura__Act5C__XP_001354857.1	146	146	146	98	GCC	0.09764540940523148	1	moderate	moderate	0.022	False	user_msa
Drosophila_sechellia_Drosophila_sechellia__Act5C__XP_002036849.1	146	146	146	98	GCA	0.09343632310628891	1	moderate	moderate	0.022	False	user_msa
Drosophila_simulans_Drosophila_simulans__LOC6725225__XP_016038239.1	146	146	146	98	GCA	0.09343632310628891	1	moderate	moderate	0.022	False	user_msa
Drosophila_subobscura_Drosophila_subobscura__LOC117903845__XP_034672195.1	146	146	146	98	GCC	0.09764540940523148	1	moderate	moderate	0.022	False	user_msa
Drosophila_suzukii_Drosophila_suzukii__Act5C__XP_065724039.1	146	146	146	98	GCC	0.09764540940523148	1	moderate	moderate	0.022	False	user_msa
Drosophila_virilis_Drosophila_virilis__Act5C__XP_002059576.1	146	146	146	98	GCG	0.10202284157276154	1	moderate	moderate	0.022	False	user_msa
Drosophila_willistoni_Drosophila_willistoni__LOC6641346__XP_023031150.1	146	146	146	98	GCC	0.09764540940523148	1	moderate	moderate	0.022	False	user_msa
Drosophila_yakuba_Drosophila_yakuba__LOC6525488__XP_002101323.1	146	146	146	98	GCC	0.09764540940523148	1	moderate	moderate	0.022	False	user_msa
Drosophila_ananassae_Drosophila_ananassae__LOC6504746__XP_032309021.1	147	147	147	99	CCC	0.0743953138589859	1	moderate	moderate	0.022	False	user_msa
Drosophila_biarmipes_Drosophila_biarmipes__LOC108031387__XP_050746516.1	147	147	147	99	CCC	0.0743953138589859	1	moderate	moderate	0.022	False	user_msa
Drosophila_mauritiana_Drosophila_mauritiana__LOC117148789__XP_033172290.1	147	147	147	99	CCC	0.0743953138589859	1	moderate	moderate	0.022	False	user_msa
Drosophila_melanogaster_Drosophila_melanogaster__Act5C__NP_511052.1	147	147	147	99	CCC	0.0743953138589859	1	moderate	moderate	0.022	False	user_msa
Drosophila_pseudoobscura_Drosophila_pseudoobscura__Act5C__XP_001354857.1	147	147	147	99	CCC	0.0743953138589859	1	moderate	moderate	0.022	False	user_msa
Drosophila_sechellia_Drosophila_sechellia__Act5C__XP_002036849.1	147	147	147	99	CCC	0.0743953138589859	1	moderate	moderate	0.022	False	user_msa
Drosophila_simulans_Drosophila_simulans__LOC6725225__XP_016038239.1	147	147	147	99	CCC	0.0743953138589859	1	moderate	moderate	0.022	False	user_msa
Drosophila_subobscura_Drosophila_subobscura__LOC117903845__XP_034672195.1	147	147	147	99	CCC	0.0743953138589859	1	moderate	moderate	0.022	False	user_msa
Drosophila_suzukii_Drosophila_suzukii__Act5C__XP_065724039.1	147	147	147	99	CCC	0.0743953138589859	1	moderate	moderate	0.022	False	user_msa
Drosophila_virilis_Drosophila_virilis__Act5C__XP_002059576.1	147	147	147	99	CCC	0.0743953138589859	1	moderate	moderate	0.022	False	user_msa
Drosophila_willistoni_Drosophila_willistoni__LOC6641346__XP_023031150.1	147	147	147	99	CCC	0.0743953138589859	1	moderate	moderate	0.022	False	user_msa
Drosophila_yakuba_Drosophila_yakuba__LOC6525488__XP_002101323.1	147	147	147	99	CCT	0.08138913661241531	1	moderate	moderate	0.022	False	user_msa
Drosophila_ananassae_Drosophila_ananassae__LOC6504746__XP_032309021.1	148	148	148	100	GAG	0.06706223636865616	1	moderate	moderate	0.022	False	user_msa
Drosophila_biarmipes_Drosophila_biarmipes__LOC108031387__XP_050746516.1	148	148	148	100	GAG	0.06706223636865616	1	moderate	moderate	0.022	False	user_msa
Drosophila_mauritiana_Drosophila_mauritiana__LOC117148789__XP_033172290.1	148	148	148	100	GAG	0.06706223636865616	1	moderate	moderate	0.022	False	user_msa
Drosophila_melanogaster_Drosophila_melanogaster__Act5C__NP_511052.1	148	148	148	100	GAG	0.06706223636865616	1	moderate	moderate	0.022	False	user_msa
Drosophila_pseudoobscura_Drosophila_pseudoobscura__Act5C__XP_001354857.1	148	148	148	100	GAG	0.06706223636865616	1	moderate	moderate	0.022	False	user_msa
Drosophila_sechellia_Drosophila_sechellia__Act5C__XP_002036849.1	148	148	148	100	GAG	0.06706223636865616	1	moderate	moderate	0.022	False	user_msa
Drosophila_simulans_Drosophila_simulans__LOC6725225__XP_016038239.1	148	148	148	100	GAG	0.06706223636865616	1	moderate	moderate	0.022	False	user_msa
Drosophila_subobscura_Drosophila_subobscura__LOC117903845__XP_034672195.1	148	148	148	100	GAG	0.06706223636865616	1	moderate	moderate	0.022	False	user_msa
Drosophila_suzukii_Drosophila_suzukii__Act5C__XP_065724039.1	148	148	148	100	GAG	0.06706223636865616	1	moderate	moderate	0.022	False	user_msa
Drosophila_virilis_Drosophila_virilis__Act5C__XP_002059576.1	148	148	148	100	GAG	0.06706223636865616	1	moderate	moderate	0.022	False	user_msa
Drosophila_willistoni_Drosophila_willistoni__LOC6641346__XP_023031150.1	148	148	148	100	GAG	0.06706223636865616	1	moderate	moderate	0.022	False	user_msa
Drosophila_yakuba_Drosophila_yakuba__LOC6525488__XP_002101323.1	148	148	148	100	GAG	0.06706223636865616	1	moderate	moderate	0.022	False	user_msa
Drosophila_ananassae_Drosophila_ananassae__LOC6504746__XP_032309021.1	149	149	149	101	GAG	0.06706704199314117	1	moderate	moderate	0.022	False	user_msa
Drosophila_biarmipes_Drosophila_biarmipes__LOC108031387__XP_050746516.1	149	149	149	101	GAG	0.06706704199314117	1	moderate	moderate	0.022	False	user_msa
Drosophila_mauritiana_Drosophila_mauritiana__LOC117148789__XP_033172290.1	149	149	149	101	GAG	0.06706704199314117	1	moderate	moderate	0.022	False	user_msa
Drosophila_melanogaster_Drosophila_melanogaster__Act5C__NP_511052.1	149	149	149	101	GAG	0.06706704199314117	1	moderate	moderate	0.022	False	user_msa
Drosophila_pseudoobscura_Drosophila_pseudoobscura__Act5C__XP_001354857.1	149	149	149	101	GAG	0.06706704199314117	1	moderate	moderate	0.022	False	user_msa
Drosophila_sechellia_Drosophila_sechellia__Act5C__XP_002036849.1	149	149	149	101	GAG	0.06706704199314117	1	moderate	moderate	0.022	False	user_msa
Drosophila_simulans_Drosophila_simulans__LOC6725225__XP_016038239.1	149	149	149	101	GAG	0.06706704199314117	1	moderate	moderate	0.022	False	user_msa
Drosophila_subobscura_Drosophila_subobscura__LOC117903845__XP_034672195.1	149	149	149	101	GAG	0.06706704199314117	1	moderate	moderate	0.022	False	user_msa
Drosophila_suzukii_Drosophila_suzukii__Act5C__XP_065724039.1	149	149	149	101	GAG	0.06706704199314117	1	moderate	moderate	0.022	False	user_msa
Drosophila_virilis_Drosophila_virilis__Act5C__XP_002059576.1	149	149	149	101	GAG	0.06706704199314117	1	moderate	moderate	0.022	False	user_msa
Drosophila_willistoni_Drosophila_willistoni__LOC6641346__XP_023031150.1	149	149	149	101	GAG	0.06706704199314117	1	moderate	moderate	0.022	False	user_msa
Drosophila_yakuba_Drosophila_yakuba__LOC6525488__XP_002101323.1	149	149	149	101	GAG	0.06706704199314117	1	moderate	moderate	0.022	False	user_msa
Drosophila_ananassae_Drosophila_ananassae__LOC6504746__XP_032309021.1	150	150	150	102	CAC	0.0731685534119606	1	moderate	moderate	0.022	False	user_msa
Drosophila_biarmipes_Drosophila_biarmipes__LOC108031387__XP_050746516.1	150	150	150	102	CAC	0.0731685534119606	1	moderate	moderate	0.022	False	user_msa
Drosophila_mauritiana_Drosophila_mauritiana__LOC117148789__XP_033172290.1	150	150	150	102	CAC	0.0731685534119606	1	moderate	moderate	0.022	False	user_msa
Drosophila_melanogaster_Drosophila_melanogaster__Act5C__NP_511052.1	150	150	150	102	CAC	0.0731685534119606	1	moderate	moderate	0.022	False	user_msa
Drosophila_pseudoobscura_Drosophila_pseudoobscura__Act5C__XP_001354857.1	150	150	150	102	CAC	0.0731685534119606	1	moderate	moderate	0.022	False	user_msa
Drosophila_sechellia_Drosophila_sechellia__Act5C__XP_002036849.1	150	150	150	102	CAC	0.0731685534119606	1	moderate	moderate	0.022	False	user_msa
Drosophila_simulans_Drosophila_simulans__LOC6725225__XP_016038239.1	150	150	150	102	CAC	0.0731685534119606	1	moderate	moderate	0.022	False	user_msa
Drosophila_subobscura_Drosophila_subobscura__LOC117903845__XP_034672195.1	150	150	150	102	CAC	0.0731685534119606	1	moderate	moderate	0.022	False	user_msa
Drosophila_suzukii_Drosophila_suzukii__Act5C__XP_065724039.1	150	150	150	102	CAC	0.0731685534119606	1	moderate	moderate	0.022	False	user_msa
Drosophila_virilis_Drosophila_virilis__Act5C__XP_002059576.1	150	150	150	102	CAT	0.0800570622086525	1	moderate	moderate	0.022	False	user_msa
Drosophila_willistoni_Drosophila_willistoni__LOC6641346__XP_023031150.1	150	150	150	102	CAC	0.0731685534119606	1	moderate	moderate	0.022	False	user_msa
Drosophila_yakuba_Drosophila_yakuba__LOC6525488__XP_002101323.1	150	150	150	102	CAC	0.0731685534119606	1	moderate	moderate	0.022	False	user_msa
Drosophila_ananassae_Drosophila_ananassae__LOC6504746__XP_032309021.1	151	151	151	103	CCC	0.07625377178192139	1	moderate	moderate	0.022	False	user_msa
Drosophila_biarmipes_Drosophila_biarmipes__LOC108031387__XP_050746516.1	151	151	151	103	CCC	0.07625377178192139	1	moderate	moderate	0.022	False	user_msa
Drosophila_mauritiana_Drosophila_mauritiana__LOC117148789__XP_033172290.1	151	151	151	103	CCC	0.07625377178192139	1	moderate	moderate	0.022	False	user_msa
Drosophila_melanogaster_Drosophila_melanogaster__Act5C__NP_511052.1	151	151	151	103	CCC	0.07625377178192139	1	moderate	moderate	0.022	False	user_msa
Drosophila_pseudoobscura_Drosophila_pseudoobscura__Act5C__XP_001354857.1	151	151	151	103	CCC	0.07625377178192139	1	moderate	moderate	0.022	False	user_msa
Drosophila_sechellia_Drosophila_sechellia__Act5C__XP_002036849.1	151	151	151	103	CCC	0.07625377178192139	1	moderate	moderate	0.022	False	user_msa
Drosophila_simulans_Drosophila_simulans__LOC6725225__XP_016038239.1	151	151	151	103	CCC	0.07625377178192139	1	moderate	moderate	0.022	False	user_msa
Drosophila_subobscura_Drosophila_subobscura__LOC117903845__XP_034672195.1	151	151	151	103	CCC	0.07625377178192139	1	moderate	moderate	0.022	False	user_msa
Drosophila_suzukii_Drosophila_suzukii__Act5C__XP_065724039.1	151	151	151	103	CCC	0.07625377178192139	1	moderate	moderate	0.022	False	user_msa
Drosophila_virilis_Drosophila_virilis__Act5C__XP_002059576.1	151	151	151	103	CCA	0.07289223372936249	1	moderate	moderate	0.022	False	user_msa
Drosophila_willistoni_Drosophila_willistoni__LOC6641346__XP_023031150.1	151	151	151	103	CCC	0.07625377178192139	1	moderate	moderate	0.022	False	user_msa
Drosophila_yakuba_Drosophila_yakuba__LOC6525488__XP_002101323.1	151	151	151	103	CCC	0.07625377178192139	1	moderate	moderate	0.022	False	user_msa
Drosophila_ananassae_Drosophila_ananassae__LOC6504746__XP_032309021.1	152	152	152	104	GTC	0.09512760490179062	1	moderate	moderate	0.022	False	user_msa
Drosophila_biarmipes_Drosophila_biarmipes__LOC108031387__XP_050746516.1	152	152	152	104	GTG	0.09940460324287415	1	moderate	moderate	0.022	False	user_msa
Drosophila_mauritiana_Drosophila_mauritiana__LOC117148789__XP_033172290.1	152	152	152	104	GTG	0.09940460324287415	1	moderate	moderate	0.022	False	user_msa
Drosophila_melanogaster_Drosophila_melanogaster__Act5C__NP_511052.1	152	152	152	104	GTG	0.09940460324287415	1	moderate	moderate	0.022	False	user_msa
Drosophila_pseudoobscura_Drosophila_pseudoobscura__Act5C__XP_001354857.1	152	152	152	104	GTT	0.10385192930698395	1	moderate	moderate	0.022	False	user_msa
Drosophila_sechellia_Drosophila_sechellia__Act5C__XP_002036849.1	152	152	152	104	GTG	0.09940460324287415	1	moderate	moderate	0.022	False	user_msa
Drosophila_simulans_Drosophila_simulans__LOC6725225__XP_016038239.1	152	152	152	104	GTG	0.09940460324287415	1	moderate	moderate	0.022	False	user_msa
Drosophila_subobscura_Drosophila_subobscura__LOC117903845__XP_034672195.1	152	152	152	104	GTT	0.10385192930698395	1	moderate	moderate	0.022	False	user_msa
Drosophila_suzukii_Drosophila_suzukii__Act5C__XP_065724039.1	152	152	152	104	GTG	0.09940460324287415	1	moderate	moderate	0.022	False	user_msa
Drosophila_virilis_Drosophila_virilis__Act5C__XP_002059576.1	152	152	152	104	GTT	0.10385192930698395	1	moderate	moderate	0.022	False	user_msa
Drosophila_willistoni_Drosophila_willistoni__LOC6641346__XP_023031150.1	152	152	152	104	GTT	0.10385192930698395	1	moderate	moderate	0.022	False	user_msa
Drosophila_yakuba_Drosophila_yakuba__LOC6525488__XP_002101323.1	152	152	152	104	GTG	0.09940460324287415	1	moderate	moderate	0.022	False	user_msa
Drosophila_ananassae_Drosophila_ananassae__LOC6504746__XP_032309021.1	153	153	153	105	CTC	0.09090783447027206	1	moderate	moderate	0.022	False	user_msa
Drosophila_biarmipes_Drosophila_biarmipes__LOC108031387__XP_050746516.1	153	153	153	105	CTG	0.09501498192548752	1	moderate	moderate	0.022	False	user_msa
Drosophila_mauritiana_Drosophila_mauritiana__LOC117148789__XP_033172290.1	153	153	153	105	CTG	0.09501498192548752	1	moderate	moderate	0.022	False	user_msa
Drosophila_melanogaster_Drosophila_melanogaster__Act5C__NP_511052.1	153	153	153	105	CTG	0.09501498192548752	1	moderate	moderate	0.022	False	user_msa
Drosophila_pseudoobscura_Drosophila_pseudoobscura__Act5C__XP_001354857.1	153	153	153	105	CTG	0.09501498192548752	1	moderate	moderate	0.022	False	user_msa
Drosophila_sechellia_Drosophila_sechellia__Act5C__XP_002036849.1	153	153	153	105	CTG	0.09501498192548752	1	moderate	moderate	0.022	False	user_msa
Drosophila_simulans_Drosophila_simulans__LOC6725225__XP_016038239.1	153	153	153	105	CTG	0.09501498192548752	1	moderate	moderate	0.022	False	user_msa
Drosophila_subobscura_Drosophila_subobscura__LOC117903845__XP_034672195.1	153	153	153	105	CTG	0.09501498192548752	1	moderate	moderate	0.022	False	user_msa
Drosophila_suzukii_Drosophila_suzukii__Act5C__XP_065724039.1	153	153	153	105	CTG	0.09501498192548752	1	moderate	moderate	0.022	False	user_msa
Drosophila_virilis_Drosophila_virilis__Act5C__XP_002059576.1	153	153	153	105	CTA	0.08696112781763077	1	moderate	moderate	0.022	False	user_msa
Drosophila_willistoni_Drosophila_willistoni__LOC6641346__XP_023031150.1	153	153	153	105	CTG	0.09501498192548752	1	moderate	moderate	0.022	False	user_msa
Drosophila_yakuba_Drosophila_yakuba__LOC6525488__XP_002101323.1	153	153	153	105	CTG	0.09501498192548752	1	moderate	moderate	0.022	False	user_msa
Drosophila_ananassae_Drosophila_ananassae__LOC6504746__XP_032309021.1	154	154	154	106	CTG	0.055277083069086075	1	moderate	moderate	0.022	False	user_msa
Drosophila_biarmipes_Drosophila_biarmipes__LOC108031387__XP_050746516.1	154	154	154	106	CTG	0.055277083069086075	1	moderate	moderate	0.022	False	user_msa
Drosophila_mauritiana_Drosophila_mauritiana__LOC117148789__XP_033172290.1	154	154	154	106	CTG	0.055277083069086075	1	moderate	moderate	0.022	False	user_msa
Drosophila_melanogaster_Drosophila_melanogaster__Act5C__NP_511052.1	154	154	154	106	CTG	0.055277083069086075	1	moderate	moderate	0.022	False	user_msa
Drosophila_pseudoobscura_Drosophila_pseudoobscura__Act5C__XP_001354857.1	154	154	154	106	CTG	0.055277083069086075	1	moderate	moderate	0.022	False	user_msa
Drosophila_sechellia_Drosophila_sechellia__Act5C__XP_002036849.1	154	154	154	106	CTG	0.055277083069086075	1	moderate	moderate	0.022	False	user_msa
Drosophila_simulans_Drosophila_simulans__LOC6725225__XP_016038239.1	154	154	154	106	CTG	0.055277083069086075	1	moderate	moderate	0.022	False	user_msa
Drosophila_subobscura_Drosophila_subobscura__LOC117903845__XP_034672195.1	154	154	154	106	CTG	0.055277083069086075	1	moderate	moderate	0.022	False	user_msa
Drosophila_suzukii_Drosophila_suzukii__Act5C__XP_065724039.1	154	154	154	106	CTG	0.055277083069086075	1	moderate	moderate	0.022	False	user_msa
Drosophila_virilis_Drosophila_virilis__Act5C__XP_002059576.1	154	154	154	106	TTG	0.15720507502555847	1	moderate	moderate	0.022	False	user_msa
Drosophila_willistoni_Drosophila_willistoni__LOC6641346__XP_023031150.1	154	154	154	106	TTG	0.15720507502555847	1	moderate	moderate	0.022	False	user_msa
Drosophila_yakuba_Drosophila_yakuba__LOC6525488__XP_002101323.1	154	154	154	106	CTG	0.055277083069086075	1	moderate	moderate	0.022	False	user_msa
Drosophila_ananassae_Drosophila_ananassae__LOC6504746__XP_032309021.1	155	155	155	107	ACT	0.07615796476602554	1	moderate	moderate	0.022	False	user_msa
Drosophila_biarmipes_Drosophila_biarmipes__LOC108031387__XP_050746516.1	155	155	155	107	ACC	0.07004357129335403	1	moderate	moderate	0.022	False	user_msa
Drosophila_mauritiana_Drosophila_mauritiana__LOC117148789__XP_033172290.1	155	155	155	107	ACC	0.07004357129335403	1	moderate	moderate	0.022	False	user_msa
Drosophila_melanogaster_Drosophila_melanogaster__Act5C__NP_511052.1	155	155	155	107	ACC	0.07004357129335403	1	moderate	moderate	0.022	False	user_msa
Drosophila_pseudoobscura_Drosophila_pseudoobscura__Act5C__XP_001354857.1	155	155	155	107	ACC	0.07004357129335403	1	moderate	moderate	0.022	False	user_msa
Drosophila_sechellia_Drosophila_sechellia__Act5C__XP_002036849.1	155	155	155	107	ACC	0.07004357129335403	1	moderate	moderate	0.022	False	user_msa
Drosophila_simulans_Drosophila_simulans__LOC6725225__XP_016038239.1	155	155	155	107	ACC	0.07004357129335403	1	moderate	moderate	0.022	False	user_msa
Drosophila_subobscura_Drosophila_subobscura__LOC117903845__XP_034672195.1	155	155	155	107	ACC	0.07004357129335403	1	moderate	moderate	0.022	False	user_msa
Drosophila_suzukii_Drosophila_suzukii__Act5C__XP_065724039.1	155	155	155	107	ACC	0.07004357129335403	1	moderate	moderate	0.022	False	user_msa
Drosophila_virilis_Drosophila_virilis__Act5C__XP_002059576.1	155	155	155	107	ACC	0.07004357129335403	1	moderate	moderate	0.022	False	user_msa
Drosophila_willistoni_Drosophila_willistoni__LOC6641346__XP_023031150.1	155	155	155	107	ACC	0.07004357129335403	1	moderate	moderate	0.022	False	user_msa
Drosophila_yakuba_Drosophila_yakuba__LOC6525488__XP_002101323.1	155	155	155	107	ACC	0.07004357129335403	1	moderate	moderate	0.022	False	user_msa
Drosophila_ananassae_Drosophila_ananassae__LOC6504746__XP_032309021.1	156	156	156	108	GAG	0.07982049137353897	1	moderate	moderate	0.022	False	user_msa
Drosophila_biarmipes_Drosophila_biarmipes__LOC108031387__XP_050746516.1	156	156	156	108	GAG	0.07982049137353897	1	moderate	moderate	0.022	False	user_msa
Drosophila_mauritiana_Drosophila_mauritiana__LOC117148789__XP_033172290.1	156	156	156	108	GAG	0.07982049137353897	1	moderate	moderate	0.022	False	user_msa
Drosophila_melanogaster_Drosophila_melanogaster__Act5C__NP_511052.1	156	156	156	108	GAG	0.07982049137353897	1	moderate	moderate	0.022	False	user_msa
Drosophila_pseudoobscura_Drosophila_pseudoobscura__Act5C__XP_001354857.1	156	156	156	108	GAG	0.07982049137353897	1	moderate	moderate	0.022	False	user_msa
Drosophila_sechellia_Drosophila_sechellia__Act5C__XP_002036849.1	156	156	156	108	GAG	0.07982049137353897	1	moderate	moderate	0.022	False	user_msa
Drosophila_simulans_Drosophila_simulans__LOC6725225__XP_016038239.1	156	156	156	108	GAG	0.07982049137353897	1	moderate	moderate	0.022	False	user_msa
Drosophila_subobscura_Drosophila_subobscura__LOC117903845__XP_034672195.1	156	156	156	108	GAG	0.07982049137353897	1	moderate	moderate	0.022	False	user_msa
Drosophila_suzukii_Drosophila_suzukii__Act5C__XP_065724039.1	156	156	156	108	GAG	0.07982049137353897	1	moderate	moderate	0.022	False	user_msa
Drosophila_virilis_Drosophila_virilis__Act5C__XP_002059576.1	156	156	156	108	GAA	0.07295072823762894	1	moderate	moderate	0.022	False	user_msa
Drosophila_willistoni_Drosophila_willistoni__LOC6641346__XP_023031150.1	156	156	156	108	GAG	0.07982049137353897	1	moderate	moderate	0.022	False	user_msa
Drosophila_yakuba_Drosophila_yakuba__LOC6525488__XP_002101323.1	156	156	156	108	GAG	0.07982049137353897	1	moderate	moderate	0.022	False	user_msa
Drosophila_ananassae_Drosophila_ananassae__LOC6504746__XP_032309021.1	157	157	157	109	GCT	0.1033894270658493	1	moderate	moderate	0.022	False	user_msa
Drosophila_biarmipes_Drosophila_biarmipes__LOC108031387__XP_050746516.1	157	157	157	109	GCC	0.09469995647668839	1	moderate	moderate	0.022	False	user_msa
Drosophila_mauritiana_Drosophila_mauritiana__LOC117148789__XP_033172290.1	157	157	157	109	GCC	0.09469995647668839	1	moderate	moderate	0.022	False	user_msa
Drosophila_melanogaster_Drosophila_melanogaster__Act5C__NP_511052.1	157	157	157	109	GCC	0.09469995647668839	1	moderate	moderate	0.022	False	user_msa
Drosophila_pseudoobscura_Drosophila_pseudoobscura__Act5C__XP_001354857.1	157	157	157	109	GCC	0.09469995647668839	1	moderate	moderate	0.022	False	user_msa
Drosophila_sechellia_Drosophila_sechellia__Act5C__XP_002036849.1	157	157	157	109	GCC	0.09469995647668839	1	moderate	moderate	0.022	False	user_msa
Drosophila_simulans_Drosophila_simulans__LOC6725225__XP_016038239.1	157	157	157	109	GCC	0.09469995647668839	1	moderate	moderate	0.022	False	user_msa
Drosophila_subobscura_Drosophila_subobscura__LOC117903845__XP_034672195.1	157	157	157	109	GCC	0.09469995647668839	1	moderate	moderate	0.022	False	user_msa
Drosophila_suzukii_Drosophila_suzukii__Act5C__XP_065724039.1	157	157	157	109	GCC	0.09469995647668839	1	moderate	moderate	0.022	False	user_msa
Drosophila_virilis_Drosophila_virilis__Act5C__XP_002059576.1	157	157	157	109	GCA	0.0906049981713295	1	moderate	moderate	0.022	False	user_msa
Drosophila_willistoni_Drosophila_willistoni__LOC6641346__XP_023031150.1	157	157	157	109	GCT	0.1033894270658493	1	moderate	moderate	0.022	False	user_msa
Drosophila_yakuba_Drosophila_yakuba__LOC6525488__XP_002101323.1	157	157	157	109	GCC	0.09469995647668839	1	moderate	moderate	0.022	False	user_msa
Drosophila_ananassae_Drosophila_ananassae__LOC6504746__XP_032309021.1	158	158	158	110	CCC	0.1048312783241272	1	moderate	moderate	0.022	False	user_msa
Drosophila_biarmipes_Drosophila_biarmipes__LOC108031387__XP_050746516.1	158	158	158	110	CCA	0.100346639752388	1	moderate	moderate	0.022	False	user_msa
Drosophila_mauritiana_Drosophila_mauritiana__LOC117148789__XP_033172290.1	158	158	158	110	CCG	0.10949164628982544	1	moderate	moderate	0.022	False	user_msa
Drosophila_melanogaster_Drosophila_melanogaster__Act5C__NP_511052.1	158	158	158	110	CCG	0.10949164628982544	1	moderate	moderate	0.022	False	user_msa
Drosophila_pseudoobscura_Drosophila_pseudoobscura__Act5C__XP_001354857.1	158	158	158	110	CCT	0.11433291435241699	1	moderate	moderate	0.022	False	user_msa
Drosophila_sechellia_Drosophila_sechellia__Act5C__XP_002036849.1	158	158	158	110	CCG	0.10949164628982544	1	moderate	moderate	0.022	False	user_msa
Drosophila_simulans_Drosophila_simulans__LOC6725225__XP_016038239.1	158	158	158	110	CCG	0.10949164628982544	1	moderate	moderate	0.022	False	user_msa
Drosophila_subobscura_Drosophila_subobscura__LOC117903845__XP_034672195.1	158	158	158	110	CCT	0.11433291435241699	1	moderate	moderate	0.022	False	user_msa
Drosophila_suzukii_Drosophila_suzukii__Act5C__XP_065724039.1	158	158	158	110	CCG	0.10949164628982544	1	moderate	moderate	0.022	False	user_msa
Drosophila_virilis_Drosophila_virilis__Act5C__XP_002059576.1	158	158	158	110	CCC	0.1048312783241272	1	moderate	moderate	0.022	False	user_msa
Drosophila_willistoni_Drosophila_willistoni__LOC6641346__XP_023031150.1	158	158	158	110	CCC	0.1048312783241272	1	moderate	moderate	0.022	False	user_msa
Drosophila_yakuba_Drosophila_yakuba__LOC6525488__XP_002101323.1	158	158	158	110	CCG	0.10949164628982544	1	moderate	moderate	0.022	False	user_msa
Drosophila_ananassae_Drosophila_ananassae__LOC6504746__XP_032309021.1	159	159	159	111	CTC	0.09053732454776764	1	moderate	moderate	0.022	False	user_msa
Drosophila_biarmipes_Drosophila_biarmipes__LOC108031387__XP_050746516.1	159	159	159	111	CTG	0.09462960809469223	1	moderate	moderate	0.022	False	user_msa
Drosophila_mauritiana_Drosophila_mauritiana__LOC117148789__XP_033172290.1	159	159	159	111	CTG	0.09462960809469223	1	moderate	moderate	0.022	False	user_msa
Drosophila_melanogaster_Drosophila_melanogaster__Act5C__NP_511052.1	159	159	159	111	CTG	0.09462960809469223	1	moderate	moderate	0.022	False	user_msa
Drosophila_pseudoobscura_Drosophila_pseudoobscura__Act5C__XP_001354857.1	159	159	159	111	CTG	0.09462960809469223	1	moderate	moderate	0.022	False	user_msa
Drosophila_sechellia_Drosophila_sechellia__Act5C__XP_002036849.1	159	159	159	111	CTG	0.09462960809469223	1	moderate	moderate	0.022	False	user_msa
Drosophila_simulans_Drosophila_simulans__LOC6725225__XP_016038239.1	159	159	159	111	CTG	0.09462960809469223	1	moderate	moderate	0.022	False	user_msa
Drosophila_subobscura_Drosophila_subobscura__LOC117903845__XP_034672195.1	159	159	159	111	CTT	0.09888667613267899	1	moderate	moderate	0.022	False	user_msa
Drosophila_suzukii_Drosophila_suzukii__Act5C__XP_065724039.1	159	159	159	111	CTG	0.09462960809469223	1	moderate	moderate	0.022	False	user_msa
Drosophila_virilis_Drosophila_virilis__Act5C__XP_002059576.1	159	159	159	111	CTC	0.09053732454776764	1	moderate	moderate	0.022	False	user_msa
Drosophila_willistoni_Drosophila_willistoni__LOC6641346__XP_023031150.1	159	159	159	111	CTG	0.09462960809469223	1	moderate	moderate	0.022	False	user_msa
Drosophila_yakuba_Drosophila_yakuba__LOC6525488__XP_002101323.1	159	159	159	111	CTG	0.09462960809469223	1	moderate	moderate	0.022	False	user_msa
Drosophila_ananassae_Drosophila_ananassae__LOC6504746__XP_032309021.1	160	160	160	112	AAC	0.06917266547679901	1	moderate	moderate	0.022	False	user_msa
Drosophila_biarmipes_Drosophila_biarmipes__LOC108031387__XP_050746516.1	160	160	160	112	AAC	0.06917266547679901	1	moderate	moderate	0.022	False	user_msa
Drosophila_mauritiana_Drosophila_mauritiana__LOC117148789__XP_033172290.1	160	160	160	112	AAC	0.06917266547679901	1	moderate	moderate	0.022	False	user_msa
Drosophila_melanogaster_Drosophila_melanogaster__Act5C__NP_511052.1	160	160	160	112	AAC	0.06917266547679901	1	moderate	moderate	0.022	False	user_msa
Drosophila_pseudoobscura_Drosophila_pseudoobscura__Act5C__XP_001354857.1	160	160	160	112	AAC	0.06917266547679901	1	moderate	moderate	0.022	False	user_msa
Drosophila_sechellia_Drosophila_sechellia__Act5C__XP_002036849.1	160	160	160	112	AAC	0.06917266547679901	1	moderate	moderate	0.022	False	user_msa
Drosophila_simulans_Drosophila_simulans__LOC6725225__XP_016038239.1	160	160	160	112	AAC	0.06917266547679901	1	moderate	moderate	0.022	False	user_msa
Drosophila_subobscura_Drosophila_subobscura__LOC117903845__XP_034672195.1	160	160	160	112	AAC	0.06917266547679901	1	moderate	moderate	0.022	False	user_msa
Drosophila_suzukii_Drosophila_suzukii__Act5C__XP_065724039.1	160	160	160	112	AAC	0.06917266547679901	1	moderate	moderate	0.022	False	user_msa
Drosophila_virilis_Drosophila_virilis__Act5C__XP_002059576.1	160	160	160	112	AAT	0.07491513341665268	1	moderate	moderate	0.022	False	user_msa
Drosophila_willistoni_Drosophila_willistoni__LOC6641346__XP_023031150.1	160	160	160	112	AAC	0.06917266547679901	1	moderate	moderate	0.022	False	user_msa
Drosophila_yakuba_Drosophila_yakuba__LOC6525488__XP_002101323.1	160	160	160	112	AAC	0.06917266547679901	1	moderate	moderate	0.022	False	user_msa
Drosophila_ananassae_Drosophila_ananassae__LOC6504746__XP_032309021.1	161	161	161	113	CCC	0.06394703686237335	1	moderate	moderate	0.022	False	user_msa
Drosophila_biarmipes_Drosophila_biarmipes__LOC108031387__XP_050746516.1	161	161	161	113	CCC	0.06394703686237335	1	moderate	moderate	0.022	False	user_msa
Drosophila_mauritiana_Drosophila_mauritiana__LOC117148789__XP_033172290.1	161	161	161	113	CCC	0.06394703686237335	1	moderate	moderate	0.022	False	user_msa
Drosophila_melanogaster_Drosophila_melanogaster__Act5C__NP_511052.1	161	161	161	113	CCC	0.06394703686237335	1	moderate	moderate	0.022	False	user_msa
Drosophila_pseudoobscura_Drosophila_pseudoobscura__Act5C__XP_001354857.1	161	161	161	113	CCC	0.06394703686237335	1	moderate	moderate	0.022	False	user_msa
Drosophila_sechellia_Drosophila_sechellia__Act5C__XP_002036849.1	161	161	161	113	CCC	0.06394703686237335	1	moderate	moderate	0.022	False	user_msa
Drosophila_simulans_Drosophila_simulans__LOC6725225__XP_016038239.1	161	161	161	113	CCC	0.06394703686237335	1	moderate	moderate	0.022	False	user_msa
Drosophila_subobscura_Drosophila_subobscura__LOC117903845__XP_034672195.1	161	161	161	113	CCC	0.06394703686237335	1	moderate	moderate	0.022	False	user_msa
Drosophila_suzukii_Drosophila_suzukii__Act5C__XP_065724039.1	161	161	161	113	CCC	0.06394703686237335	1	moderate	moderate	0.022	False	user_msa
Drosophila_virilis_Drosophila_virilis__Act5C__XP_002059576.1	161	161	161	113	CCC	0.06394703686237335	1	moderate	moderate	0.022	False	user_msa
Drosophila_willistoni_Drosophila_willistoni__LOC6641346__XP_023031150.1	161	161	161	113	CCC	0.06394703686237335	1	moderate	moderate	0.022	False	user_msa
Drosophila_yakuba_Drosophila_yakuba__LOC6525488__XP_002101323.1	161	161	161	113	CCC	0.06394703686237335	1	moderate	moderate	0.022	False	user_msa
Drosophila_ananassae_Drosophila_ananassae__LOC6504746__XP_032309021.1	162	162	162	114	AAG	0.06004761904478073	1	moderate	moderate	0.022	False	user_msa
Drosophila_biarmipes_Drosophila_biarmipes__LOC108031387__XP_050746516.1	162	162	162	114	AAG	0.06004761904478073	1	moderate	moderate	0.022	False	user_msa
Drosophila_mauritiana_Drosophila_mauritiana__LOC117148789__XP_033172290.1	162	162	162	114	AAG	0.06004761904478073	1	moderate	moderate	0.022	False	user_msa
Drosophila_melanogaster_Drosophila_melanogaster__Act5C__NP_511052.1	162	162	162	114	AAG	0.06004761904478073	1	moderate	moderate	0.022	False	user_msa
Drosophila_pseudoobscura_Drosophila_pseudoobscura__Act5C__XP_001354857.1	162	162	162	114	AAG	0.06004761904478073	1	moderate	moderate	0.022	False	user_msa
Drosophila_sechellia_Drosophila_sechellia__Act5C__XP_002036849.1	162	162	162	114	AAG	0.06004761904478073	1	moderate	moderate	0.022	False	user_msa
Drosophila_simulans_Drosophila_simulans__LOC6725225__XP_016038239.1	162	162	162	114	AAG	0.06004761904478073	1	moderate	moderate	0.022	False	user_msa
Drosophila_subobscura_Drosophila_subobscura__LOC117903845__XP_034672195.1	162	162	162	114	AAG	0.06004761904478073	1	moderate	moderate	0.022	False	user_msa
Drosophila_suzukii_Drosophila_suzukii__Act5C__XP_065724039.1	162	162	162	114	AAG	0.06004761904478073	1	moderate	moderate	0.022	False	user_msa
Drosophila_virilis_Drosophila_virilis__Act5C__XP_002059576.1	162	162	162	114	AAG	0.06004761904478073	1	moderate	moderate	0.022	False	user_msa
Drosophila_willistoni_Drosophila_willistoni__LOC6641346__XP_023031150.1	162	162	162	114	AAG	0.06004761904478073	1	moderate	moderate	0.022	False	user_msa
Drosophila_yakuba_Drosophila_yakuba__LOC6525488__XP_002101323.1	162	162	162	114	AAG	0.06004761904478073	1	moderate	moderate	0.022	False	user_msa
Drosophila_ananassae_Drosophila_ananassae__LOC6504746__XP_032309021.1	163	163	163	115	GCT	0.08441278338432312	1	moderate	moderate	0.022	False	user_msa
Drosophila_biarmipes_Drosophila_biarmipes__LOC108031387__XP_050746516.1	163	163	163	115	GCC	0.07718094438314438	1	moderate	moderate	0.022	False	user_msa
Drosophila_mauritiana_Drosophila_mauritiana__LOC117148789__XP_033172290.1	163	163	163	115	GCC	0.07718094438314438	1	moderate	moderate	0.022	False	user_msa
Drosophila_melanogaster_Drosophila_melanogaster__Act5C__NP_511052.1	163	163	163	115	GCC	0.07718094438314438	1	moderate	moderate	0.022	False	user_msa
Drosophila_pseudoobscura_Drosophila_pseudoobscura__Act5C__XP_001354857.1	163	163	163	115	GCT	0.08441278338432312	1	moderate	moderate	0.022	False	user_msa
Drosophila_sechellia_Drosophila_sechellia__Act5C__XP_002036849.1	163	163	163	115	GCC	0.07718094438314438	1	moderate	moderate	0.022	False	user_msa
Drosophila_simulans_Drosophila_simulans__LOC6725225__XP_016038239.1	163	163	163	115	GCC	0.07718094438314438	1	moderate	moderate	0.022	False	user_msa
Drosophila_subobscura_Drosophila_subobscura__LOC117903845__XP_034672195.1	163	163	163	115	GCT	0.08441278338432312	1	moderate	moderate	0.022	False	user_msa
Drosophila_suzukii_Drosophila_suzukii__Act5C__XP_065724039.1	163	163	163	115	GCT	0.08441278338432312	1	moderate	moderate	0.022	False	user_msa
Drosophila_virilis_Drosophila_virilis__Act5C__XP_002059576.1	163	163	163	115	GCC	0.07718094438314438	1	moderate	moderate	0.022	False	user_msa
Drosophila_willistoni_Drosophila_willistoni__LOC6641346__XP_023031150.1	163	163	163	115	GCC	0.07718094438314438	1	moderate	moderate	0.022	False	user_msa
Drosophila_yakuba_Drosophila_yakuba__LOC6525488__XP_002101323.1	163	163	163	115	GCC	0.07718094438314438	1	moderate	moderate	0.022	False	user_msa
Drosophila_ananassae_Drosophila_ananassae__LOC6504746__XP_032309021.1	164	164	164	116	AAC	0.06863131374120712	1	moderate	moderate	0.022	False	user_msa
Drosophila_biarmipes_Drosophila_biarmipes__LOC108031387__XP_050746516.1	164	164	164	116	AAC	0.06863131374120712	1	moderate	moderate	0.022	False	user_msa
Drosophila_mauritiana_Drosophila_mauritiana__LOC117148789__XP_033172290.1	164	164	164	116	AAC	0.06863131374120712	1	moderate	moderate	0.022	False	user_msa
Drosophila_melanogaster_Drosophila_melanogaster__Act5C__NP_511052.1	164	164	164	116	AAC	0.06863131374120712	1	moderate	moderate	0.022	False	user_msa
Drosophila_pseudoobscura_Drosophila_pseudoobscura__Act5C__XP_001354857.1	164	164	164	116	AAC	0.06863131374120712	1	moderate	moderate	0.022	False	user_msa
Drosophila_sechellia_Drosophila_sechellia__Act5C__XP_002036849.1	164	164	164	116	AAC	0.06863131374120712	1	moderate	moderate	0.022	False	user_msa
Drosophila_simulans_Drosophila_simulans__LOC6725225__XP_016038239.1	164	164	164	116	AAC	0.06863131374120712	1	moderate	moderate	0.022	False	user_msa
Drosophila_subobscura_Drosophila_subobscura__LOC117903845__XP_034672195.1	164	164	164	116	AAC	0.06863131374120712	1	moderate	moderate	0.022	False	user_msa
Drosophila_suzukii_Drosophila_suzukii__Act5C__XP_065724039.1	164	164	164	116	AAC	0.06863131374120712	1	moderate	moderate	0.022	False	user_msa
Drosophila_virilis_Drosophila_virilis__Act5C__XP_002059576.1	164	164	164	116	AAT	0.07401183247566223	1	moderate	moderate	0.022	False	user_msa
Drosophila_willistoni_Drosophila_willistoni__LOC6641346__XP_023031150.1	164	164	164	116	AAT	0.07401183247566223	1	moderate	moderate	0.022	False	user_msa
Drosophila_yakuba_Drosophila_yakuba__LOC6525488__XP_002101323.1	164	164	164	116	AAC	0.06863131374120712	1	moderate	moderate	0.022	False	user_msa
Drosophila_ananassae_Drosophila_ananassae__LOC6504746__XP_032309021.1	165	165	165	117	CGT	0.07786779850721359	1	moderate	moderate	0.022	False	user_msa
Drosophila_biarmipes_Drosophila_biarmipes__LOC108031387__XP_050746516.1	165	165	165	117	CGC	0.07157440483570099	1	moderate	moderate	0.022	False	user_msa
Drosophila_mauritiana_Drosophila_mauritiana__LOC117148789__XP_033172290.1	165	165	165	117	CGT	0.07786779850721359	1	moderate	moderate	0.022	False	user_msa
Drosophila_melanogaster_Drosophila_melanogaster__Act5C__NP_511052.1	165	165	165	117	CGT	0.07786779850721359	1	moderate	moderate	0.022	False	user_msa
Drosophila_pseudoobscura_Drosophila_pseudoobscura__Act5C__XP_001354857.1	165	165	165	117	CGT	0.07786779850721359	1	moderate	moderate	0.022	False	user_msa
Drosophila_sechellia_Drosophila_sechellia__Act5C__XP_002036849.1	165	165	165	117	CGT	0.07786779850721359	1	moderate	moderate	0.022	False	user_msa
Drosophila_simulans_Drosophila_simulans__LOC6725225__XP_016038239.1	165	165	165	117	CGT	0.07786779850721359	1	moderate	moderate	0.022	False	user_msa
Drosophila_subobscura_Drosophila_subobscura__LOC117903845__XP_034672195.1	165	165	165	117	CGT	0.07786779850721359	1	moderate	moderate	0.022	False	user_msa
Drosophila_suzukii_Drosophila_suzukii__Act5C__XP_065724039.1	165	165	165	117	CGC	0.07157440483570099	1	moderate	moderate	0.022	False	user_msa
Drosophila_virilis_Drosophila_virilis__Act5C__XP_002059576.1	165	165	165	117	CGC	0.07157440483570099	1	moderate	moderate	0.022	False	user_msa
Drosophila_willistoni_Drosophila_willistoni__LOC6641346__XP_023031150.1	165	165	165	117	CGT	0.07786779850721359	1	moderate	moderate	0.022	False	user_msa
Drosophila_yakuba_Drosophila_yakuba__LOC6525488__XP_002101323.1	165	165	165	117	CGT	0.07786779850721359	1	moderate	moderate	0.022	False	user_msa
Drosophila_ananassae_Drosophila_ananassae__LOC6504746__XP_032309021.1	166	166	166	118	GAG	0.06714791059494019	1	moderate	moderate	0.022	False	user_msa
Drosophila_biarmipes_Drosophila_biarmipes__LOC108031387__XP_050746516.1	166	166	166	118	GAG	0.06714791059494019	1	moderate	moderate	0.022	False	user_msa
Drosophila_mauritiana_Drosophila_mauritiana__LOC117148789__XP_033172290.1	166	166	166	118	GAG	0.06714791059494019	1	moderate	moderate	0.022	False	user_msa
Drosophila_melanogaster_Drosophila_melanogaster__Act5C__NP_511052.1	166	166	166	118	GAG	0.06714791059494019	1	moderate	moderate	0.022	False	user_msa
Drosophila_pseudoobscura_Drosophila_pseudoobscura__Act5C__XP_001354857.1	166	166	166	118	GAG	0.06714791059494019	1	moderate	moderate	0.022	False	user_msa
Drosophila_sechellia_Drosophila_sechellia__Act5C__XP_002036849.1	166	166	166	118	GAG	0.06714791059494019	1	moderate	moderate	0.022	False	user_msa
Drosophila_simulans_Drosophila_simulans__LOC6725225__XP_016038239.1	166	166	166	118	GAG	0.06714791059494019	1	moderate	moderate	0.022	False	user_msa
Drosophila_subobscura_Drosophila_subobscura__LOC117903845__XP_034672195.1	166	166	166	118	GAG	0.06714791059494019	1	moderate	moderate	0.022	False	user_msa
Drosophila_suzukii_Drosophila_suzukii__Act5C__XP_065724039.1	166	166	166	118	GAG	0.06714791059494019	1	moderate	moderate	0.022	False	user_msa
Drosophila_virilis_Drosophila_virilis__Act5C__XP_002059576.1	166	166	166	118	GAG	0.06714791059494019	1	moderate	moderate	0.022	False	user_msa
Drosophila_willistoni_Drosophila_willistoni__LOC6641346__XP_023031150.1	166	166	166	118	GAG	0.06714791059494019	1	moderate	moderate	0.022	False	user_msa
Drosophila_yakuba_Drosophila_yakuba__LOC6525488__XP_002101323.1	166	166	166	118	GAG	0.06714791059494019	1	moderate	moderate	0.022	False	user_msa
Drosophila_ananassae_Drosophila_ananassae__LOC6504746__XP_032309021.1	167	167	167	119	AAG	0.06008727103471756	1	moderate	moderate	0.022	False	user_msa
Drosophila_biarmipes_Drosophila_biarmipes__LOC108031387__XP_050746516.1	167	167	167	119	AAG	0.06008727103471756	1	moderate	moderate	0.022	False	user_msa
Drosophila_mauritiana_Drosophila_mauritiana__LOC117148789__XP_033172290.1	167	167	167	119	AAG	0.06008727103471756	1	moderate	moderate	0.022	False	user_msa
Drosophila_melanogaster_Drosophila_melanogaster__Act5C__NP_511052.1	167	167	167	119	AAG	0.06008727103471756	1	moderate	moderate	0.022	False	user_msa
Drosophila_pseudoobscura_Drosophila_pseudoobscura__Act5C__XP_001354857.1	167	167	167	119	AAG	0.06008727103471756	1	moderate	moderate	0.022	False	user_msa
Drosophila_sechellia_Drosophila_sechellia__Act5C__XP_002036849.1	167	167	167	119	AAG	0.06008727103471756	1	moderate	moderate	0.022	False	user_msa
Drosophila_simulans_Drosophila_simulans__LOC6725225__XP_016038239.1	167	167	167	119	AAG	0.06008727103471756	1	moderate	moderate	0.022	False	user_msa
Drosophila_subobscura_Drosophila_subobscura__LOC117903845__XP_034672195.1	167	167	167	119	AAG	0.06008727103471756	1	moderate	moderate	0.022	False	user_msa
Drosophila_suzukii_Drosophila_suzukii__Act5C__XP_065724039.1	167	167	167	119	AAG	0.06008727103471756	1	moderate	moderate	0.022	False	user_msa
Drosophila_virilis_Drosophila_virilis__Act5C__XP_002059576.1	167	167	167	119	AAG	0.06008727103471756	1	moderate	moderate	0.022	False	user_msa
Drosophila_willistoni_Drosophila_willistoni__LOC6641346__XP_023031150.1	167	167	167	119	AAG	0.06008727103471756	1	moderate	moderate	0.022	False	user_msa
Drosophila_yakuba_Drosophila_yakuba__LOC6525488__XP_002101323.1	167	167	167	119	AAG	0.06008727103471756	1	moderate	moderate	0.022	False	user_msa
Drosophila_ananassae_Drosophila_ananassae__LOC6504746__XP_032309021.1	168	168	168	120	ATG	0.06253830343484879	1	moderate	moderate	0.022	False	user_msa
Drosophila_biarmipes_Drosophila_biarmipes__LOC108031387__XP_050746516.1	168	168	168	120	ATG	0.06253830343484879	1	moderate	moderate	0.022	False	user_msa
Drosophila_mauritiana_Drosophila_mauritiana__LOC117148789__XP_033172290.1	168	168	168	120	ATG	0.06253830343484879	1	moderate	moderate	0.022	False	user_msa
Drosophila_melanogaster_Drosophila_melanogaster__Act5C__NP_511052.1	168	168	168	120	ATG	0.06253830343484879	1	moderate	moderate	0.022	False	user_msa
Drosophila_pseudoobscura_Drosophila_pseudoobscura__Act5C__XP_001354857.1	168	168	168	120	ATG	0.06253830343484879	1	moderate	moderate	0.022	False	user_msa
Drosophila_sechellia_Drosophila_sechellia__Act5C__XP_002036849.1	168	168	168	120	ATG	0.06253830343484879	1	moderate	moderate	0.022	False	user_msa
Drosophila_simulans_Drosophila_simulans__LOC6725225__XP_016038239.1	168	168	168	120	ATG	0.06253830343484879	1	moderate	moderate	0.022	False	user_msa
Drosophila_subobscura_Drosophila_subobscura__LOC117903845__XP_034672195.1	168	168	168	120	ATG	0.06253830343484879	1	moderate	moderate	0.022	False	user_msa
Drosophila_suzukii_Drosophila_suzukii__Act5C__XP_065724039.1	168	168	168	120	ATG	0.06253830343484879	1	moderate	moderate	0.022	False	user_msa
Drosophila_virilis_Drosophila_virilis__Act5C__XP_002059576.1	168	168	168	120	ATG	0.06253830343484879	1	moderate	moderate	0.022	False	user_msa
Drosophila_willistoni_Drosophila_willistoni__LOC6641346__XP_023031150.1	168	168	168	120	ATG	0.06253830343484879	1	moderate	moderate	0.022	False	user_msa
Drosophila_yakuba_Drosophila_yakuba__LOC6525488__XP_002101323.1	168	168	168	120	ATG	0.06253830343484879	1	moderate	moderate	0.022	False	user_msa
Drosophila_ananassae_Drosophila_ananassae__LOC6504746__XP_032309021.1	169	169	169	121	ACA	0.08013388514518738	1	moderate	moderate	0.022	False	user_msa
Drosophila_biarmipes_Drosophila_biarmipes__LOC108031387__XP_050746516.1	169	169	169	121	ACA	0.08013388514518738	1	moderate	moderate	0.022	False	user_msa
Drosophila_mauritiana_Drosophila_mauritiana__LOC117148789__XP_033172290.1	169	169	169	121	ACC	0.08379919826984406	1	moderate	moderate	0.022	False	user_msa
Drosophila_melanogaster_Drosophila_melanogaster__Act5C__NP_511052.1	169	169	169	121	ACC	0.08379919826984406	1	moderate	moderate	0.022	False	user_msa
Drosophila_pseudoobscura_Drosophila_pseudoobscura__Act5C__XP_001354857.1	169	169	169	121	ACT	0.09158955514431	1	moderate	moderate	0.022	False	user_msa
Drosophila_sechellia_Drosophila_sechellia__Act5C__XP_002036849.1	169	169	169	121	ACC	0.08379919826984406	1	moderate	moderate	0.022	False	user_msa
Drosophila_simulans_Drosophila_simulans__LOC6725225__XP_016038239.1	169	169	169	121	ACC	0.08379919826984406	1	moderate	moderate	0.022	False	user_msa
Drosophila_subobscura_Drosophila_subobscura__LOC117903845__XP_034672195.1	169	169	169	121	ACT	0.09158955514431	1	moderate	moderate	0.022	False	user_msa
Drosophila_suzukii_Drosophila_suzukii__Act5C__XP_065724039.1	169	169	169	121	ACA	0.08013388514518738	1	moderate	moderate	0.022	False	user_msa
Drosophila_virilis_Drosophila_virilis__Act5C__XP_002059576.1	169	169	169	121	ACA	0.08013388514518738	1	moderate	moderate	0.022	False	user_msa
Drosophila_willistoni_Drosophila_willistoni__LOC6641346__XP_023031150.1	169	169	169	121	ACA	0.08013388514518738	1	moderate	moderate	0.022	False	user_msa
Drosophila_yakuba_Drosophila_yakuba__LOC6525488__XP_002101323.1	169	169	169	121	ACA	0.08013388514518738	1	moderate	moderate	0.022	False	user_msa
Drosophila_ananassae_Drosophila_ananassae__LOC6504746__XP_032309021.1	170	170	170	122	CAG	0.07471328973770142	1	moderate	moderate	0.022	False	user_msa
Drosophila_biarmipes_Drosophila_biarmipes__LOC108031387__XP_050746516.1	170	170	170	122	CAG	0.07471328973770142	1	moderate	moderate	0.022	False	user_msa
Drosophila_mauritiana_Drosophila_mauritiana__LOC117148789__XP_033172290.1	170	170	170	122	CAG	0.07471328973770142	1	moderate	moderate	0.022	False	user_msa
Drosophila_melanogaster_Drosophila_melanogaster__Act5C__NP_511052.1	170	170	170	122	CAG	0.07471328973770142	1	moderate	moderate	0.022	False	user_msa
Drosophila_pseudoobscura_Drosophila_pseudoobscura__Act5C__XP_001354857.1	170	170	170	122	CAG	0.07471328973770142	1	moderate	moderate	0.022	False	user_msa
Drosophila_sechellia_Drosophila_sechellia__Act5C__XP_002036849.1	170	170	170	122	CAG	0.07471328973770142	1	moderate	moderate	0.022	False	user_msa
Drosophila_simulans_Drosophila_simulans__LOC6725225__XP_016038239.1	170	170	170	122	CAG	0.07471328973770142	1	moderate	moderate	0.022	False	user_msa
Drosophila_subobscura_Drosophila_subobscura__LOC117903845__XP_034672195.1	170	170	170	122	CAG	0.07471328973770142	1	moderate	moderate	0.022	False	user_msa
Drosophila_suzukii_Drosophila_suzukii__Act5C__XP_065724039.1	170	170	170	122	CAG	0.07471328973770142	1	moderate	moderate	0.022	False	user_msa
Drosophila_virilis_Drosophila_virilis__Act5C__XP_002059576.1	170	170	170	122	CAG	0.07471328973770142	1	moderate	moderate	0.022	False	user_msa
Drosophila_willistoni_Drosophila_willistoni__LOC6641346__XP_023031150.1	170	170	170	122	CAA	0.0692196637392044	1	moderate	moderate	0.022	False	user_msa
Drosophila_yakuba_Drosophila_yakuba__LOC6525488__XP_002101323.1	170	170	170	122	CAG	0.07471328973770142	1	moderate	moderate	0.022	False	user_msa
Drosophila_ananassae_Drosophila_ananassae__LOC6504746__XP_032309021.1	171	171	171	123	ATC	0.06235586479306221	1	moderate	moderate	0.022	False	user_msa
Drosophila_biarmipes_Drosophila_biarmipes__LOC108031387__XP_050746516.1	171	171	171	123	ATC	0.06235586479306221	1	moderate	moderate	0.022	False	user_msa
Drosophila_mauritiana_Drosophila_mauritiana__LOC117148789__XP_033172290.1	171	171	171	123	ATC	0.06235586479306221	1	moderate	moderate	0.022	False	user_msa
Drosophila_melanogaster_Drosophila_melanogaster__Act5C__NP_511052.1	171	171	171	123	ATC	0.06235586479306221	1	moderate	moderate	0.022	False	user_msa
Drosophila_pseudoobscura_Drosophila_pseudoobscura__Act5C__XP_001354857.1	171	171	171	123	ATC	0.06235586479306221	1	moderate	moderate	0.022	False	user_msa
Drosophila_sechellia_Drosophila_sechellia__Act5C__XP_002036849.1	171	171	171	123	ATC	0.06235586479306221	1	moderate	moderate	0.022	False	user_msa
Drosophila_simulans_Drosophila_simulans__LOC6725225__XP_016038239.1	171	171	171	123	ATC	0.06235586479306221	1	moderate	moderate	0.022	False	user_msa
Drosophila_subobscura_Drosophila_subobscura__LOC117903845__XP_034672195.1	171	171	171	123	ATC	0.06235586479306221	1	moderate	moderate	0.022	False	user_msa
Drosophila_suzukii_Drosophila_suzukii__Act5C__XP_065724039.1	171	171	171	123	ATC	0.06235586479306221	1	moderate	moderate	0.022	False	user_msa
Drosophila_virilis_Drosophila_virilis__Act5C__XP_002059576.1	171	171	171	123	ATC	0.06235586479306221	1	moderate	moderate	0.022	False	user_msa
Drosophila_willistoni_Drosophila_willistoni__LOC6641346__XP_023031150.1	171	171	171	123	ATC	0.06235586479306221	1	moderate	moderate	0.022	False	user_msa
Drosophila_yakuba_Drosophila_yakuba__LOC6525488__XP_002101323.1	171	171	171	123	ATC	0.06235586479306221	1	moderate	moderate	0.022	False	user_msa
Drosophila_ananassae_Drosophila_ananassae__LOC6504746__XP_032309021.1	172	172	172	124	ATG	0.06257126480340958	1	moderate	moderate	0.022	False	user_msa
Drosophila_biarmipes_Drosophila_biarmipes__LOC108031387__XP_050746516.1	172	172	172	124	ATG	0.06257126480340958	1	moderate	moderate	0.022	False	user_msa
Drosophila_mauritiana_Drosophila_mauritiana__LOC117148789__XP_033172290.1	172	172	172	124	ATG	0.06257126480340958	1	moderate	moderate	0.022	False	user_msa
Drosophila_melanogaster_Drosophila_melanogaster__Act5C__NP_511052.1	172	172	172	124	ATG	0.06257126480340958	1	moderate	moderate	0.022	False	user_msa
Drosophila_pseudoobscura_Drosophila_pseudoobscura__Act5C__XP_001354857.1	172	172	172	124	ATG	0.06257126480340958	1	moderate	moderate	0.022	False	user_msa
Drosophila_sechellia_Drosophila_sechellia__Act5C__XP_002036849.1	172	172	172	124	ATG	0.06257126480340958	1	moderate	moderate	0.022	False	user_msa
Drosophila_simulans_Drosophila_simulans__LOC6725225__XP_016038239.1	172	172	172	124	ATG	0.06257126480340958	1	moderate	moderate	0.022	False	user_msa
Drosophila_subobscura_Drosophila_subobscura__LOC117903845__XP_034672195.1	172	172	172	124	ATG	0.06257126480340958	1	moderate	moderate	0.022	False	user_msa
Drosophila_suzukii_Drosophila_suzukii__Act5C__XP_065724039.1	172	172	172	124	ATG	0.06257126480340958	1	moderate	moderate	0.022	False	user_msa
Drosophila_virilis_Drosophila_virilis__Act5C__XP_002059576.1	172	172	172	124	ATG	0.06257126480340958	1	moderate	moderate	0.022	False	user_msa
Drosophila_willistoni_Drosophila_willistoni__LOC6641346__XP_023031150.1	172	172	172	124	ATG	0.06257126480340958	1	moderate	moderate	0.022	False	user_msa
Drosophila_yakuba_Drosophila_yakuba__LOC6525488__XP_002101323.1	172	172	172	124	ATG	0.06257126480340958	1	moderate	moderate	0.022	False	user_msa
Drosophila_ananassae_Drosophila_ananassae__LOC6504746__XP_032309021.1	173	173	173	125	TTC	0.08808231353759766	1	moderate	moderate	0.022	False	user_msa
Drosophila_biarmipes_Drosophila_biarmipes__LOC108031387__XP_050746516.1	173	173	173	125	TTC	0.08808231353759766	1	moderate	moderate	0.022	False	user_msa
Drosophila_mauritiana_Drosophila_mauritiana__LOC117148789__XP_033172290.1	173	173	173	125	TTC	0.08808231353759766	1	moderate	moderate	0.022	False	user_msa
Drosophila_melanogaster_Drosophila_melanogaster__Act5C__NP_511052.1	173	173	173	125	TTC	0.08808231353759766	1	moderate	moderate	0.022	False	user_msa
Drosophila_pseudoobscura_Drosophila_pseudoobscura__Act5C__XP_001354857.1	173	173	173	125	TTC	0.08808231353759766	1	moderate	moderate	0.022	False	user_msa
Drosophila_sechellia_Drosophila_sechellia__Act5C__XP_002036849.1	173	173	173	125	TTC	0.08808231353759766	1	moderate	moderate	0.022	False	user_msa
Drosophila_simulans_Drosophila_simulans__LOC6725225__XP_016038239.1	173	173	173	125	TTC	0.08808231353759766	1	moderate	moderate	0.022	False	user_msa
Drosophila_subobscura_Drosophila_subobscura__LOC117903845__XP_034672195.1	173	173	173	125	TTC	0.08808231353759766	1	moderate	moderate	0.022	False	user_msa
Drosophila_suzukii_Drosophila_suzukii__Act5C__XP_065724039.1	173	173	173	125	TTC	0.08808231353759766	1	moderate	moderate	0.022	False	user_msa
Drosophila_virilis_Drosophila_virilis__Act5C__XP_002059576.1	173	173	173	125	TTT	0.09622907638549805	1	moderate	moderate	0.022	False	user_msa
Drosophila_willistoni_Drosophila_willistoni__LOC6641346__XP_023031150.1	173	173	173	125	TTC	0.08808231353759766	1	moderate	moderate	0.022	False	user_msa
Drosophila_yakuba_Drosophila_yakuba__LOC6525488__XP_002101323.1	173	173	173	125	TTC	0.08808231353759766	1	moderate	moderate	0.022	False	user_msa
Drosophila_ananassae_Drosophila_ananassae__LOC6504746__XP_032309021.1	174	174	174	126	GAG	0.06718599796295166	1	moderate	moderate	0.022	False	user_msa
Drosophila_biarmipes_Drosophila_biarmipes__LOC108031387__XP_050746516.1	174	174	174	126	GAG	0.06718599796295166	1	moderate	moderate	0.022	False	user_msa
Drosophila_mauritiana_Drosophila_mauritiana__LOC117148789__XP_033172290.1	174	174	174	126	GAG	0.06718599796295166	1	moderate	moderate	0.022	False	user_msa
Drosophila_melanogaster_Drosophila_melanogaster__Act5C__NP_511052.1	174	174	174	126	GAG	0.06718599796295166	1	moderate	moderate	0.022	False	user_msa
Drosophila_pseudoobscura_Drosophila_pseudoobscura__Act5C__XP_001354857.1	174	174	174	126	GAG	0.06718599796295166	1	moderate	moderate	0.022	False	user_msa
Drosophila_sechellia_Drosophila_sechellia__Act5C__XP_002036849.1	174	174	174	126	GAG	0.06718599796295166	1	moderate	moderate	0.022	False	user_msa
Drosophila_simulans_Drosophila_simulans__LOC6725225__XP_016038239.1	174	174	174	126	GAG	0.06718599796295166	1	moderate	moderate	0.022	False	user_msa
Drosophila_subobscura_Drosophila_subobscura__LOC117903845__XP_034672195.1	174	174	174	126	GAG	0.06718599796295166	1	moderate	moderate	0.022	False	user_msa
Drosophila_suzukii_Drosophila_suzukii__Act5C__XP_065724039.1	174	174	174	126	GAG	0.06718599796295166	1	moderate	moderate	0.022	False	user_msa
Drosophila_virilis_Drosophila_virilis__Act5C__XP_002059576.1	174	174	174	126	GAG	0.06718599796295166	1	moderate	moderate	0.022	False	user_msa
Drosophila_willistoni_Drosophila_willistoni__LOC6641346__XP_023031150.1	174	174	174	126	GAG	0.06718599796295166	1	moderate	moderate	0.022	False	user_msa
Drosophila_yakuba_Drosophila_yakuba__LOC6525488__XP_002101323.1	174	174	174	126	GAG	0.06718599796295166	1	moderate	moderate	0.022	False	user_msa
Drosophila_ananassae_Drosophila_ananassae__LOC6504746__XP_032309021.1	175	175	175	127	ACC	0.07146482914686203	1	moderate	moderate	0.022	False	user_msa
Drosophila_biarmipes_Drosophila_biarmipes__LOC108031387__XP_050746516.1	175	175	175	127	ACC	0.07146482914686203	1	moderate	moderate	0.022	False	user_msa
Drosophila_mauritiana_Drosophila_mauritiana__LOC117148789__XP_033172290.1	175	175	175	127	ACC	0.07146482914686203	1	moderate	moderate	0.022	False	user_msa
Drosophila_melanogaster_Drosophila_melanogaster__Act5C__NP_511052.1	175	175	175	127	ACC	0.07146482914686203	1	moderate	moderate	0.022	False	user_msa
Drosophila_pseudoobscura_Drosophila_pseudoobscura__Act5C__XP_001354857.1	175	175	175	127	ACC	0.07146482914686203	1	moderate	moderate	0.022	False	user_msa
Drosophila_sechellia_Drosophila_sechellia__Act5C__XP_002036849.1	175	175	175	127	ACC	0.07146482914686203	1	moderate	moderate	0.022	False	user_msa
Drosophila_simulans_Drosophila_simulans__LOC6725225__XP_016038239.1	175	175	175	127	ACC	0.07146482914686203	1	moderate	moderate	0.022	False	user_msa
Drosophila_subobscura_Drosophila_subobscura__LOC117903845__XP_034672195.1	175	175	175	127	ACA	0.06909937411546707	1	moderate	moderate	0.022	False	user_msa
Drosophila_suzukii_Drosophila_suzukii__Act5C__XP_065724039.1	175	175	175	127	ACC	0.07146482914686203	1	moderate	moderate	0.022	False	user_msa
Drosophila_virilis_Drosophila_virilis__Act5C__XP_002059576.1	175	175	175	127	ACC	0.07146482914686203	1	moderate	moderate	0.022	False	user_msa
Drosophila_willistoni_Drosophila_willistoni__LOC6641346__XP_023031150.1	175	175	175	127	ACC	0.07146482914686203	1	moderate	moderate	0.022	False	user_msa
Drosophila_yakuba_Drosophila_yakuba__LOC6525488__XP_002101323.1	175	175	175	127	ACC	0.07146482914686203	1	moderate	moderate	0.022	False	user_msa
Drosophila_ananassae_Drosophila_ananassae__LOC6504746__XP_032309021.1	176	176	176	128	TTC	0.07530797272920609	1	moderate	moderate	0.022	False	user_msa
Drosophila_biarmipes_Drosophila_biarmipes__LOC108031387__XP_050746516.1	176	176	176	128	TTC	0.07530797272920609	1	moderate	moderate	0.022	False	user_msa
Drosophila_mauritiana_Drosophila_mauritiana__LOC117148789__XP_033172290.1	176	176	176	128	TTC	0.07530797272920609	1	moderate	moderate	0.022	False	user_msa
Drosophila_melanogaster_Drosophila_melanogaster__Act5C__NP_511052.1	176	176	176	128	TTC	0.07530797272920609	1	moderate	moderate	0.022	False	user_msa
Drosophila_pseudoobscura_Drosophila_pseudoobscura__Act5C__XP_001354857.1	176	176	176	128	TTC	0.07530797272920609	1	moderate	moderate	0.022	False	user_msa
Drosophila_sechellia_Drosophila_sechellia__Act5C__XP_002036849.1	176	176	176	128	TTC	0.07530797272920609	1	moderate	moderate	0.022	False	user_msa
Drosophila_simulans_Drosophila_simulans__LOC6725225__XP_016038239.1	176	176	176	128	TTC	0.07530797272920609	1	moderate	moderate	0.022	False	user_msa
Drosophila_subobscura_Drosophila_subobscura__LOC117903845__XP_034672195.1	176	176	176	128	TTC	0.07530797272920609	1	moderate	moderate	0.022	False	user_msa
Drosophila_suzukii_Drosophila_suzukii__Act5C__XP_065724039.1	176	176	176	128	TTC	0.07530797272920609	1	moderate	moderate	0.022	False	user_msa
Drosophila_virilis_Drosophila_virilis__Act5C__XP_002059576.1	176	176	176	128	TTC	0.07530797272920609	1	moderate	moderate	0.022	False	user_msa
Drosophila_willistoni_Drosophila_willistoni__LOC6641346__XP_023031150.1	176	176	176	128	TTC	0.07530797272920609	1	moderate	moderate	0.022	False	user_msa
Drosophila_yakuba_Drosophila_yakuba__LOC6525488__XP_002101323.1	176	176	176	128	TTC	0.07530797272920609	1	moderate	moderate	0.022	False	user_msa
Drosophila_ananassae_Drosophila_ananassae__LOC6504746__XP_032309021.1	177	177	177	129	AAC	0.05996694415807724	1	moderate	moderate	0.022	False	user_msa
Drosophila_biarmipes_Drosophila_biarmipes__LOC108031387__XP_050746516.1	177	177	177	129	AAC	0.05996694415807724	1	moderate	moderate	0.022	False	user_msa
Drosophila_mauritiana_Drosophila_mauritiana__LOC117148789__XP_033172290.1	177	177	177	129	AAC	0.05996694415807724	1	moderate	moderate	0.022	False	user_msa
Drosophila_melanogaster_Drosophila_melanogaster__Act5C__NP_511052.1	177	177	177	129	AAC	0.05996694415807724	1	moderate	moderate	0.022	False	user_msa
Drosophila_pseudoobscura_Drosophila_pseudoobscura__Act5C__XP_001354857.1	177	177	177	129	AAC	0.05996694415807724	1	moderate	moderate	0.022	False	user_msa
Drosophila_sechellia_Drosophila_sechellia__Act5C__XP_002036849.1	177	177	177	129	AAC	0.05996694415807724	1	moderate	moderate	0.022	False	user_msa
Drosophila_simulans_Drosophila_simulans__LOC6725225__XP_016038239.1	177	177	177	129	AAC	0.05996694415807724	1	moderate	moderate	0.022	False	user_msa
Drosophila_subobscura_Drosophila_subobscura__LOC117903845__XP_034672195.1	177	177	177	129	AAC	0.05996694415807724	1	moderate	moderate	0.022	False	user_msa
Drosophila_suzukii_Drosophila_suzukii__Act5C__XP_065724039.1	177	177	177	129	AAC	0.05996694415807724	1	moderate	moderate	0.022	False	user_msa
Drosophila_virilis_Drosophila_virilis__Act5C__XP_002059576.1	177	177	177	129	AAC	0.05996694415807724	1	moderate	moderate	0.022	False	user_msa
Drosophila_willistoni_Drosophila_willistoni__LOC6641346__XP_023031150.1	177	177	177	129	AAC	0.05996694415807724	1	moderate	moderate	0.022	False	user_msa
Drosophila_yakuba_Drosophila_yakuba__LOC6525488__XP_002101323.1	177	177	177	129	AAC	0.05996694415807724	1	moderate	moderate	0.022	False	user_msa
Drosophila_ananassae_Drosophila_ananassae__LOC6504746__XP_032309021.1	178	178	178	130	ACA	0.07087554037570953	1	moderate	moderate	0.022	False	user_msa
Drosophila_biarmipes_Drosophila_biarmipes__LOC108031387__XP_050746516.1	178	178	178	130	ACA	0.07087554037570953	1	moderate	moderate	0.022	False	user_msa
Drosophila_mauritiana_Drosophila_mauritiana__LOC117148789__XP_033172290.1	178	178	178	130	ACA	0.07087554037570953	1	moderate	moderate	0.022	False	user_msa
Drosophila_melanogaster_Drosophila_melanogaster__Act5C__NP_511052.1	178	178	178	130	ACA	0.07087554037570953	1	moderate	moderate	0.022	False	user_msa
Drosophila_pseudoobscura_Drosophila_pseudoobscura__Act5C__XP_001354857.1	178	178	178	130	ACA	0.07087554037570953	1	moderate	moderate	0.022	False	user_msa
Drosophila_sechellia_Drosophila_sechellia__Act5C__XP_002036849.1	178	178	178	130	ACA	0.07087554037570953	1	moderate	moderate	0.022	False	user_msa
Drosophila_simulans_Drosophila_simulans__LOC6725225__XP_016038239.1	178	178	178	130	ACA	0.07087554037570953	1	moderate	moderate	0.022	False	user_msa
Drosophila_subobscura_Drosophila_subobscura__LOC117903845__XP_034672195.1	178	178	178	130	ACA	0.07087554037570953	1	moderate	moderate	0.022	False	user_msa
Drosophila_suzukii_Drosophila_suzukii__Act5C__XP_065724039.1	178	178	178	130	ACA	0.07087554037570953	1	moderate	moderate	0.022	False	user_msa
Drosophila_virilis_Drosophila_virilis__Act5C__XP_002059576.1	178	178	178	130	ACA	0.07087554037570953	1	moderate	moderate	0.022	False	user_msa
Drosophila_willistoni_Drosophila_willistoni__LOC6641346__XP_023031150.1	178	178	178	130	ACC	0.07384219765663147	1	moderate	moderate	0.022	False	user_msa
Drosophila_yakuba_Drosophila_yakuba__LOC6525488__XP_002101323.1	178	178	178	130	ACA	0.07087554037570953	1	moderate	moderate	0.022	False	user_msa
Drosophila_ananassae_Drosophila_ananassae__LOC6504746__XP_032309021.1	179	179	179	131	CCC	0.07640381157398224	1	moderate	moderate	0.022	False	user_msa
Drosophila_biarmipes_Drosophila_biarmipes__LOC108031387__XP_050746516.1	179	179	179	131	CCC	0.07640381157398224	1	moderate	moderate	0.022	False	user_msa
Drosophila_mauritiana_Drosophila_mauritiana__LOC117148789__XP_033172290.1	179	179	179	131	CCC	0.07640381157398224	1	moderate	moderate	0.022	False	user_msa
Drosophila_melanogaster_Drosophila_melanogaster__Act5C__NP_511052.1	179	179	179	131	CCC	0.07640381157398224	1	moderate	moderate	0.022	False	user_msa
Drosophila_pseudoobscura_Drosophila_pseudoobscura__Act5C__XP_001354857.1	179	179	179	131	CCC	0.07640381157398224	1	moderate	moderate	0.022	False	user_msa
Drosophila_sechellia_Drosophila_sechellia__Act5C__XP_002036849.1	179	179	179	131	CCC	0.07640381157398224	1	moderate	moderate	0.022	False	user_msa
Drosophila_simulans_Drosophila_simulans__LOC6725225__XP_016038239.1	179	179	179	131	CCC	0.07640381157398224	1	moderate	moderate	0.022	False	user_msa
Drosophila_subobscura_Drosophila_subobscura__LOC117903845__XP_034672195.1	179	179	179	131	CCC	0.07640381157398224	1	moderate	moderate	0.022	False	user_msa
Drosophila_suzukii_Drosophila_suzukii__Act5C__XP_065724039.1	179	179	179	131	CCC	0.07640381157398224	1	moderate	moderate	0.022	False	user_msa
Drosophila_virilis_Drosophila_virilis__Act5C__XP_002059576.1	179	179	179	131	CCC	0.07640381157398224	1	moderate	moderate	0.022	False	user_msa
Drosophila_willistoni_Drosophila_willistoni__LOC6641346__XP_023031150.1	179	179	179	131	CCA	0.07303619384765625	1	moderate	moderate	0.022	False	user_msa
Drosophila_yakuba_Drosophila_yakuba__LOC6525488__XP_002101323.1	179	179	179	131	CCC	0.07640381157398224	1	moderate	moderate	0.022	False	user_msa
Drosophila_ananassae_Drosophila_ananassae__LOC6504746__XP_032309021.1	180	180	180	132	GCC	0.06807433813810349	1	moderate	moderate	0.022	False	user_msa
Drosophila_biarmipes_Drosophila_biarmipes__LOC108031387__XP_050746516.1	180	180	180	132	GCC	0.06807433813810349	1	moderate	moderate	0.022	False	user_msa
Drosophila_mauritiana_Drosophila_mauritiana__LOC117148789__XP_033172290.1	180	180	180	132	GCC	0.06807433813810349	1	moderate	moderate	0.022	False	user_msa
Drosophila_melanogaster_Drosophila_melanogaster__Act5C__NP_511052.1	180	180	180	132	GCC	0.06807433813810349	1	moderate	moderate	0.022	False	user_msa
Drosophila_pseudoobscura_Drosophila_pseudoobscura__Act5C__XP_001354857.1	180	180	180	132	GCC	0.06807433813810349	1	moderate	moderate	0.022	False	user_msa
Drosophila_sechellia_Drosophila_sechellia__Act5C__XP_002036849.1	180	180	180	132	GCC	0.06807433813810349	1	moderate	moderate	0.022	False	user_msa
Drosophila_simulans_Drosophila_simulans__LOC6725225__XP_016038239.1	180	180	180	132	GCC	0.06807433813810349	1	moderate	moderate	0.022	False	user_msa
Drosophila_subobscura_Drosophila_subobscura__LOC117903845__XP_034672195.1	180	180	180	132	GCC	0.06807433813810349	1	moderate	moderate	0.022	False	user_msa
Drosophila_suzukii_Drosophila_suzukii__Act5C__XP_065724039.1	180	180	180	132	GCC	0.06807433813810349	1	moderate	moderate	0.022	False	user_msa
Drosophila_virilis_Drosophila_virilis__Act5C__XP_002059576.1	180	180	180	132	GCC	0.06807433813810349	1	moderate	moderate	0.022	False	user_msa
Drosophila_willistoni_Drosophila_willistoni__LOC6641346__XP_023031150.1	180	180	180	132	GCC	0.06807433813810349	1	moderate	moderate	0.022	False	user_msa
Drosophila_yakuba_Drosophila_yakuba__LOC6525488__XP_002101323.1	180	180	180	132	GCC	0.06807433813810349	1	moderate	moderate	0.022	False	user_msa
Drosophila_ananassae_Drosophila_ananassae__LOC6504746__XP_032309021.1	181	181	181	133	ATG	0.06264542788267136	1	moderate	moderate	0.022	False	user_msa
Drosophila_biarmipes_Drosophila_biarmipes__LOC108031387__XP_050746516.1	181	181	181	133	ATG	0.06264542788267136	1	moderate	moderate	0.022	False	user_msa
Drosophila_mauritiana_Drosophila_mauritiana__LOC117148789__XP_033172290.1	181	181	181	133	ATG	0.06264542788267136	1	moderate	moderate	0.022	False	user_msa
Drosophila_melanogaster_Drosophila_melanogaster__Act5C__NP_511052.1	181	181	181	133	ATG	0.06264542788267136	1	moderate	moderate	0.022	False	user_msa
Drosophila_pseudoobscura_Drosophila_pseudoobscura__Act5C__XP_001354857.1	181	181	181	133	ATG	0.06264542788267136	1	moderate	moderate	0.022	False	user_msa
Drosophila_sechellia_Drosophila_sechellia__Act5C__XP_002036849.1	181	181	181	133	ATG	0.06264542788267136	1	moderate	moderate	0.022	False	user_msa
Drosophila_simulans_Drosophila_simulans__LOC6725225__XP_016038239.1	181	181	181	133	ATG	0.06264542788267136	1	moderate	moderate	0.022	False	user_msa
Drosophila_subobscura_Drosophila_subobscura__LOC117903845__XP_034672195.1	181	181	181	133	ATG	0.06264542788267136	1	moderate	moderate	0.022	False	user_msa
Drosophila_suzukii_Drosophila_suzukii__Act5C__XP_065724039.1	181	181	181	133	ATG	0.06264542788267136	1	moderate	moderate	0.022	False	user_msa
Drosophila_virilis_Drosophila_virilis__Act5C__XP_002059576.1	181	181	181	133	ATG	0.06264542788267136	1	moderate	moderate	0.022	False	user_msa
Drosophila_willistoni_Drosophila_willistoni__LOC6641346__XP_023031150.1	181	181	181	133	ATG	0.06264542788267136	1	moderate	moderate	0.022	False	user_msa
Drosophila_yakuba_Drosophila_yakuba__LOC6525488__XP_002101323.1	181	181	181	133	ATG	0.06264542788267136	1	moderate	moderate	0.022	False	user_msa
Drosophila_ananassae_Drosophila_ananassae__LOC6504746__XP_032309021.1	182	182	182	134	TAC	0.0784943550825119	1	moderate	moderate	0.022	False	user_msa
Drosophila_biarmipes_Drosophila_biarmipes__LOC108031387__XP_050746516.1	182	182	182	134	TAT	0.08583787083625793	1	moderate	moderate	0.022	False	user_msa
Drosophila_mauritiana_Drosophila_mauritiana__LOC117148789__XP_033172290.1	182	182	182	134	TAT	0.08583787083625793	1	moderate	moderate	0.022	False	user_msa
Drosophila_melanogaster_Drosophila_melanogaster__Act5C__NP_511052.1	182	182	182	134	TAT	0.08583787083625793	1	moderate	moderate	0.022	False	user_msa
Drosophila_pseudoobscura_Drosophila_pseudoobscura__Act5C__XP_001354857.1	182	182	182	134	TAT	0.08583787083625793	1	moderate	moderate	0.022	False	user_msa
Drosophila_sechellia_Drosophila_sechellia__Act5C__XP_002036849.1	182	182	182	134	TAT	0.08583787083625793	1	moderate	moderate	0.022	False	user_msa
Drosophila_simulans_Drosophila_simulans__LOC6725225__XP_016038239.1	182	182	182	134	TAT	0.08583787083625793	1	moderate	moderate	0.022	False	user_msa
Drosophila_subobscura_Drosophila_subobscura__LOC117903845__XP_034672195.1	182	182	182	134	TAT	0.08583787083625793	1	moderate	moderate	0.022	False	user_msa
Drosophila_suzukii_Drosophila_suzukii__Act5C__XP_065724039.1	182	182	182	134	TAT	0.08583787083625793	1	moderate	moderate	0.022	False	user_msa
Drosophila_virilis_Drosophila_virilis__Act5C__XP_002059576.1	182	182	182	134	TAT	0.08583787083625793	1	moderate	moderate	0.022	False	user_msa
Drosophila_willistoni_Drosophila_willistoni__LOC6641346__XP_023031150.1	182	182	182	134	TAT	0.08583787083625793	1	moderate	moderate	0.022	False	user_msa
Drosophila_yakuba_Drosophila_yakuba__LOC6525488__XP_002101323.1	182	182	182	134	TAT	0.08583787083625793	1	moderate	moderate	0.022	False	user_msa
Drosophila_ananassae_Drosophila_ananassae__LOC6504746__XP_032309021.1	183	183	183	135	GTG	0.07073073089122772	1	moderate	moderate	0.022	False	user_msa
Drosophila_biarmipes_Drosophila_biarmipes__LOC108031387__XP_050746516.1	183	183	183	135	GTG	0.07073073089122772	1	moderate	moderate	0.022	False	user_msa
Drosophila_mauritiana_Drosophila_mauritiana__LOC117148789__XP_033172290.1	183	183	183	135	GTG	0.07073073089122772	1	moderate	moderate	0.022	False	user_msa
Drosophila_melanogaster_Drosophila_melanogaster__Act5C__NP_511052.1	183	183	183	135	GTG	0.07073073089122772	1	moderate	moderate	0.022	False	user_msa
Drosophila_pseudoobscura_Drosophila_pseudoobscura__Act5C__XP_001354857.1	183	183	183	135	GTG	0.07073073089122772	1	moderate	moderate	0.022	False	user_msa
Drosophila_sechellia_Drosophila_sechellia__Act5C__XP_002036849.1	183	183	183	135	GTG	0.07073073089122772	1	moderate	moderate	0.022	False	user_msa
Drosophila_simulans_Drosophila_simulans__LOC6725225__XP_016038239.1	183	183	183	135	GTG	0.07073073089122772	1	moderate	moderate	0.022	False	user_msa
Drosophila_subobscura_Drosophila_subobscura__LOC117903845__XP_034672195.1	183	183	183	135	GTG	0.07073073089122772	1	moderate	moderate	0.022	False	user_msa
Drosophila_suzukii_Drosophila_suzukii__Act5C__XP_065724039.1	183	183	183	135	GTG	0.07073073089122772	1	moderate	moderate	0.022	False	user_msa
Drosophila_virilis_Drosophila_virilis__Act5C__XP_002059576.1	183	183	183	135	GTG	0.07073073089122772	1	moderate	moderate	0.022	False	user_msa
Drosophila_willistoni_Drosophila_willistoni__LOC6641346__XP_023031150.1	183	183	183	135	GTG	0.07073073089122772	1	moderate	moderate	0.022	False	user_msa
Drosophila_yakuba_Drosophila_yakuba__LOC6525488__XP_002101323.1	183	183	183	135	GTG	0.07073073089122772	1	moderate	moderate	0.022	False	user_msa
Drosophila_ananassae_Drosophila_ananassae__LOC6504746__XP_032309021.1	184	184	184	136	GCC	0.06809365749359131	1	moderate	moderate	0.022	False	user_msa
Drosophila_biarmipes_Drosophila_biarmipes__LOC108031387__XP_050746516.1	184	184	184	136	GCC	0.06809365749359131	1	moderate	moderate	0.022	False	user_msa
Drosophila_mauritiana_Drosophila_mauritiana__LOC117148789__XP_033172290.1	184	184	184	136	GCC	0.06809365749359131	1	moderate	moderate	0.022	False	user_msa
Drosophila_melanogaster_Drosophila_melanogaster__Act5C__NP_511052.1	184	184	184	136	GCC	0.06809365749359131	1	moderate	moderate	0.022	False	user_msa
Drosophila_pseudoobscura_Drosophila_pseudoobscura__Act5C__XP_001354857.1	184	184	184	136	GCC	0.06809365749359131	1	moderate	moderate	0.022	False	user_msa
Drosophila_sechellia_Drosophila_sechellia__Act5C__XP_002036849.1	184	184	184	136	GCC	0.06809365749359131	1	moderate	moderate	0.022	False	user_msa
Drosophila_simulans_Drosophila_simulans__LOC6725225__XP_016038239.1	184	184	184	136	GCC	0.06809365749359131	1	moderate	moderate	0.022	False	user_msa
Drosophila_subobscura_Drosophila_subobscura__LOC117903845__XP_034672195.1	184	184	184	136	GCC	0.06809365749359131	1	moderate	moderate	0.022	False	user_msa
Drosophila_suzukii_Drosophila_suzukii__Act5C__XP_065724039.1	184	184	184	136	GCC	0.06809365749359131	1	moderate	moderate	0.022	False	user_msa
Drosophila_virilis_Drosophila_virilis__Act5C__XP_002059576.1	184	184	184	136	GCC	0.06809365749359131	1	moderate	moderate	0.022	False	user_msa
Drosophila_willistoni_Drosophila_willistoni__LOC6641346__XP_023031150.1	184	184	184	136	GCC	0.06809365749359131	1	moderate	moderate	0.022	False	user_msa
Drosophila_yakuba_Drosophila_yakuba__LOC6525488__XP_002101323.1	184	184	184	136	GCC	0.06809365749359131	1	moderate	moderate	0.022	False	user_msa
Drosophila_ananassae_Drosophila_ananassae__LOC6504746__XP_032309021.1	185	185	185	137	ATT	0.07795216888189316	1	moderate	moderate	0.022	False	user_msa
Drosophila_biarmipes_Drosophila_biarmipes__LOC108031387__XP_050746516.1	185	185	185	137	ATC	0.07159074395895004	1	moderate	moderate	0.022	False	user_msa
Drosophila_mauritiana_Drosophila_mauritiana__LOC117148789__XP_033172290.1	185	185	185	137	ATC	0.07159074395895004	1	moderate	moderate	0.022	False	user_msa
Drosophila_melanogaster_Drosophila_melanogaster__Act5C__NP_511052.1	185	185	185	137	ATC	0.07159074395895004	1	moderate	moderate	0.022	False	user_msa
Drosophila_pseudoobscura_Drosophila_pseudoobscura__Act5C__XP_001354857.1	185	185	185	137	ATC	0.07159074395895004	1	moderate	moderate	0.022	False	user_msa
Drosophila_sechellia_Drosophila_sechellia__Act5C__XP_002036849.1	185	185	185	137	ATC	0.07159074395895004	1	moderate	moderate	0.022	False	user_msa
Drosophila_simulans_Drosophila_simulans__LOC6725225__XP_016038239.1	185	185	185	137	ATC	0.07159074395895004	1	moderate	moderate	0.022	False	user_msa
Drosophila_subobscura_Drosophila_subobscura__LOC117903845__XP_034672195.1	185	185	185	137	ATC	0.07159074395895004	1	moderate	moderate	0.022	False	user_msa
Drosophila_suzukii_Drosophila_suzukii__Act5C__XP_065724039.1	185	185	185	137	ATC	0.07159074395895004	1	moderate	moderate	0.022	False	user_msa
Drosophila_virilis_Drosophila_virilis__Act5C__XP_002059576.1	185	185	185	137	ATC	0.07159074395895004	1	moderate	moderate	0.022	False	user_msa
Drosophila_willistoni_Drosophila_willistoni__LOC6641346__XP_023031150.1	185	185	185	137	ATT	0.07795216888189316	1	moderate	moderate	0.022	False	user_msa
Drosophila_yakuba_Drosophila_yakuba__LOC6525488__XP_002101323.1	185	185	185	137	ATC	0.07159074395895004	1	moderate	moderate	0.022	False	user_msa
Drosophila_ananassae_Drosophila_ananassae__LOC6504746__XP_032309021.1	186	186	186	138	CAG	0.06352322548627853	1	moderate	moderate	0.022	False	user_msa
Drosophila_biarmipes_Drosophila_biarmipes__LOC108031387__XP_050746516.1	186	186	186	138	CAG	0.06352322548627853	1	moderate	moderate	0.022	False	user_msa
Drosophila_mauritiana_Drosophila_mauritiana__LOC117148789__XP_033172290.1	186	186	186	138	CAG	0.06352322548627853	1	moderate	moderate	0.022	False	user_msa
Drosophila_melanogaster_Drosophila_melanogaster__Act5C__NP_511052.1	186	186	186	138	CAG	0.06352322548627853	1	moderate	moderate	0.022	False	user_msa
Drosophila_pseudoobscura_Drosophila_pseudoobscura__Act5C__XP_001354857.1	186	186	186	138	CAG	0.06352322548627853	1	moderate	moderate	0.022	False	user_msa
Drosophila_sechellia_Drosophila_sechellia__Act5C__XP_002036849.1	186	186	186	138	CAG	0.06352322548627853	1	moderate	moderate	0.022	False	user_msa
Drosophila_simulans_Drosophila_simulans__LOC6725225__XP_016038239.1	186	186	186	138	CAG	0.06352322548627853	1	moderate	moderate	0.022	False	user_msa
Drosophila_subobscura_Drosophila_subobscura__LOC117903845__XP_034672195.1	186	186	186	138	CAG	0.06352322548627853	1	moderate	moderate	0.022	False	user_msa
Drosophila_suzukii_Drosophila_suzukii__Act5C__XP_065724039.1	186	186	186	138	CAG	0.06352322548627853	1	moderate	moderate	0.022	False	user_msa
Drosophila_virilis_Drosophila_virilis__Act5C__XP_002059576.1	186	186	186	138	CAG	0.06352322548627853	1	moderate	moderate	0.022	False	user_msa
Drosophila_willistoni_Drosophila_willistoni__LOC6641346__XP_023031150.1	186	186	186	138	CAG	0.06352322548627853	1	moderate	moderate	0.022	False	user_msa
Drosophila_yakuba_Drosophila_yakuba__LOC6525488__XP_002101323.1	186	186	186	138	CAG	0.06352322548627853	1	moderate	moderate	0.022	False	user_msa
Drosophila_ananassae_Drosophila_ananassae__LOC6504746__XP_032309021.1	187	187	187	139	GCC	0.07528549432754517	1	moderate	moderate	0.022	False	user_msa
Drosophila_biarmipes_Drosophila_biarmipes__LOC108031387__XP_050746516.1	187	187	187	139	GCC	0.07528549432754517	1	moderate	moderate	0.022	False	user_msa
Drosophila_mauritiana_Drosophila_mauritiana__LOC117148789__XP_033172290.1	187	187	187	139	GCT	0.08235573768615723	1	moderate	moderate	0.022	False	user_msa
Drosophila_melanogaster_Drosophila_melanogaster__Act5C__NP_511052.1	187	187	187	139	GCT	0.08235573768615723	1	moderate	moderate	0.022	False	user_msa
Drosophila_pseudoobscura_Drosophila_pseudoobscura__Act5C__XP_001354857.1	187	187	187	139	GCT	0.08235573768615723	1	moderate	moderate	0.022	False	user_msa
Drosophila_sechellia_Drosophila_sechellia__Act5C__XP_002036849.1	187	187	187	139	GCT	0.08235573768615723	1	moderate	moderate	0.022	False	user_msa
Drosophila_simulans_Drosophila_simulans__LOC6725225__XP_016038239.1	187	187	187	139	GCT	0.08235573768615723	1	moderate	moderate	0.022	False	user_msa
Drosophila_subobscura_Drosophila_subobscura__LOC117903845__XP_034672195.1	187	187	187	139	GCT	0.08235573768615723	1	moderate	moderate	0.022	False	user_msa
Drosophila_suzukii_Drosophila_suzukii__Act5C__XP_065724039.1	187	187	187	139	GCC	0.07528549432754517	1	moderate	moderate	0.022	False	user_msa
Drosophila_virilis_Drosophila_virilis__Act5C__XP_002059576.1	187	187	187	139	GCT	0.08235573768615723	1	moderate	moderate	0.022	False	user_msa
Drosophila_willistoni_Drosophila_willistoni__LOC6641346__XP_023031150.1	187	187	187	139	GCT	0.08235573768615723	1	moderate	moderate	0.022	False	user_msa
Drosophila_yakuba_Drosophila_yakuba__LOC6525488__XP_002101323.1	187	187	187	139	GCC	0.07528549432754517	1	moderate	moderate	0.022	False	user_msa
Drosophila_ananassae_Drosophila_ananassae__LOC6504746__XP_032309021.1	188	188	188	140	GTA	0.11095505952835083	1	moderate	moderate	0.022	False	user_msa
Drosophila_biarmipes_Drosophila_biarmipes__LOC108031387__XP_050746516.1	188	188	188	140	GTG	0.12093688547611237	1	moderate	moderate	0.022	False	user_msa
Drosophila_mauritiana_Drosophila_mauritiana__LOC117148789__XP_033172290.1	188	188	188	140	GTG	0.12093688547611237	1	moderate	moderate	0.022	False	user_msa
Drosophila_melanogaster_Drosophila_melanogaster__Act5C__NP_511052.1	188	188	188	140	GTG	0.12093688547611237	1	moderate	moderate	0.022	False	user_msa
Drosophila_pseudoobscura_Drosophila_pseudoobscura__Act5C__XP_001354857.1	188	188	188	140	GTC	0.11585251241922379	1	moderate	moderate	0.022	False	user_msa
Drosophila_sechellia_Drosophila_sechellia__Act5C__XP_002036849.1	188	188	188	140	GTG	0.12093688547611237	1	moderate	moderate	0.022	False	user_msa
Drosophila_simulans_Drosophila_simulans__LOC6725225__XP_016038239.1	188	188	188	140	GTG	0.12093688547611237	1	moderate	moderate	0.022	False	user_msa
Drosophila_subobscura_Drosophila_subobscura__LOC117903845__XP_034672195.1	188	188	188	140	GTT	0.1262124478816986	1	moderate	moderate	0.022	False	user_msa
Drosophila_suzukii_Drosophila_suzukii__Act5C__XP_065724039.1	188	188	188	140	GTG	0.12093688547611237	1	moderate	moderate	0.022	False	user_msa
Drosophila_virilis_Drosophila_virilis__Act5C__XP_002059576.1	188	188	188	140	GTG	0.12093688547611237	1	moderate	moderate	0.022	False	user_msa
Drosophila_willistoni_Drosophila_willistoni__LOC6641346__XP_023031150.1	188	188	188	140	GTG	0.12093688547611237	1	moderate	moderate	0.022	False	user_msa
Drosophila_yakuba_Drosophila_yakuba__LOC6525488__XP_002101323.1	188	188	188	140	GTG	0.12093688547611237	1	moderate	moderate	0.022	False	user_msa
Drosophila_ananassae_Drosophila_ananassae__LOC6504746__XP_032309021.1	189	189	189	141	CTC	0.07798290252685547	1	moderate	moderate	0.022	False	user_msa
Drosophila_biarmipes_Drosophila_biarmipes__LOC108031387__XP_050746516.1	189	189	189	141	CTC	0.07798290252685547	1	moderate	moderate	0.022	False	user_msa
Drosophila_mauritiana_Drosophila_mauritiana__LOC117148789__XP_033172290.1	189	189	189	141	CTC	0.07798290252685547	1	moderate	moderate	0.022	False	user_msa
Drosophila_melanogaster_Drosophila_melanogaster__Act5C__NP_511052.1	189	189	189	141	CTC	0.07798290252685547	1	moderate	moderate	0.022	False	user_msa
Drosophila_pseudoobscura_Drosophila_pseudoobscura__Act5C__XP_001354857.1	189	189	189	141	CTG	0.08155858516693115	1	moderate	moderate	0.022	False	user_msa
Drosophila_sechellia_Drosophila_sechellia__Act5C__XP_002036849.1	189	189	189	141	CTC	0.07798290252685547	1	moderate	moderate	0.022	False	user_msa
Drosophila_simulans_Drosophila_simulans__LOC6725225__XP_016038239.1	189	189	189	141	CTC	0.07798290252685547	1	moderate	moderate	0.022	False	user_msa
Drosophila_subobscura_Drosophila_subobscura__LOC117903845__XP_034672195.1	189	189	189	141	CTG	0.08155858516693115	1	moderate	moderate	0.022	False	user_msa
Drosophila_suzukii_Drosophila_suzukii__Act5C__XP_065724039.1	189	189	189	141	CTC	0.07798290252685547	1	moderate	moderate	0.022	False	user_msa
Drosophila_virilis_Drosophila_virilis__Act5C__XP_002059576.1	189	189	189	141	CTC	0.07798290252685547	1	moderate	moderate	0.022	False	user_msa
Drosophila_willistoni_Drosophila_willistoni__LOC6641346__XP_023031150.1	189	189	189	141	CTC	0.07798290252685547	1	moderate	moderate	0.022	False	user_msa
Drosophila_yakuba_Drosophila_yakuba__LOC6525488__XP_002101323.1	189	189	189	141	CTC	0.07798290252685547	1	moderate	moderate	0.022	False	user_msa
Drosophila_ananassae_Drosophila_ananassae__LOC6504746__XP_032309021.1	190	190	190	142	TCA	0.09741169214248657	1	moderate	moderate	0.022	False	user_msa
Drosophila_biarmipes_Drosophila_biarmipes__LOC108031387__XP_050746516.1	190	190	190	142	TCG	0.10632086545228958	1	moderate	moderate	0.022	False	user_msa
Drosophila_mauritiana_Drosophila_mauritiana__LOC117148789__XP_033172290.1	190	190	190	142	TCG	0.10632086545228958	1	moderate	moderate	0.022	False	user_msa
Drosophila_melanogaster_Drosophila_melanogaster__Act5C__NP_511052.1	190	190	190	142	TCG	0.10632086545228958	1	moderate	moderate	0.022	False	user_msa
Drosophila_pseudoobscura_Drosophila_pseudoobscura__Act5C__XP_001354857.1	190	190	190	142	TCC	0.10177993774414062	1	moderate	moderate	0.022	False	user_msa
Drosophila_sechellia_Drosophila_sechellia__Act5C__XP_002036849.1	190	190	190	142	TCG	0.10632086545228958	1	moderate	moderate	0.022	False	user_msa
Drosophila_simulans_Drosophila_simulans__LOC6725225__XP_016038239.1	190	190	190	142	TCG	0.10632086545228958	1	moderate	moderate	0.022	False	user_msa
Drosophila_subobscura_Drosophila_subobscura__LOC117903845__XP_034672195.1	190	190	190	142	TCC	0.10177993774414062	1	moderate	moderate	0.022	False	user_msa
Drosophila_suzukii_Drosophila_suzukii__Act5C__XP_065724039.1	190	190	190	142	TCG	0.10632086545228958	1	moderate	moderate	0.022	False	user_msa
Drosophila_virilis_Drosophila_virilis__Act5C__XP_002059576.1	190	190	190	142	TCA	0.09741169214248657	1	moderate	moderate	0.022	False	user_msa
Drosophila_willistoni_Drosophila_willistoni__LOC6641346__XP_023031150.1	190	190	190	142	TCC	0.10177993774414062	1	moderate	moderate	0.022	False	user_msa
Drosophila_yakuba_Drosophila_yakuba__LOC6525488__XP_002101323.1	190	190	190	142	TCC	0.10177993774414062	1	moderate	moderate	0.022	False	user_msa
Drosophila_ananassae_Drosophila_ananassae__LOC6504746__XP_032309021.1	191	191	191	143	CTG	0.0661393254995346	1	moderate	moderate	0.022	False	user_msa
Drosophila_biarmipes_Drosophila_biarmipes__LOC108031387__XP_050746516.1	191	191	191	143	CTG	0.0661393254995346	1	moderate	moderate	0.022	False	user_msa
Drosophila_mauritiana_Drosophila_mauritiana__LOC117148789__XP_033172290.1	191	191	191	143	CTG	0.0661393254995346	1	moderate	moderate	0.022	False	user_msa
Drosophila_melanogaster_Drosophila_melanogaster__Act5C__NP_511052.1	191	191	191	143	CTG	0.0661393254995346	1	moderate	moderate	0.022	False	user_msa
Drosophila_pseudoobscura_Drosophila_pseudoobscura__Act5C__XP_001354857.1	191	191	191	143	CTG	0.0661393254995346	1	moderate	moderate	0.022	False	user_msa
Drosophila_sechellia_Drosophila_sechellia__Act5C__XP_002036849.1	191	191	191	143	CTG	0.0661393254995346	1	moderate	moderate	0.022	False	user_msa
Drosophila_simulans_Drosophila_simulans__LOC6725225__XP_016038239.1	191	191	191	143	CTG	0.0661393254995346	1	moderate	moderate	0.022	False	user_msa
Drosophila_subobscura_Drosophila_subobscura__LOC117903845__XP_034672195.1	191	191	191	143	CTG	0.0661393254995346	1	moderate	moderate	0.022	False	user_msa
Drosophila_suzukii_Drosophila_suzukii__Act5C__XP_065724039.1	191	191	191	143	CTG	0.0661393254995346	1	moderate	moderate	0.022	False	user_msa
Drosophila_virilis_Drosophila_virilis__Act5C__XP_002059576.1	191	191	191	143	CTG	0.0661393254995346	1	moderate	moderate	0.022	False	user_msa
Drosophila_willistoni_Drosophila_willistoni__LOC6641346__XP_023031150.1	191	191	191	143	CTG	0.0661393254995346	1	moderate	moderate	0.022	False	user_msa
Drosophila_yakuba_Drosophila_yakuba__LOC6525488__XP_002101323.1	191	191	191	143	CTG	0.0661393254995346	1	moderate	moderate	0.022	False	user_msa
Drosophila_ananassae_Drosophila_ananassae__LOC6504746__XP_032309021.1	192	192	192	144	TAC	0.08390971273183823	1	moderate	moderate	0.022	False	user_msa
Drosophila_biarmipes_Drosophila_biarmipes__LOC108031387__XP_050746516.1	192	192	192	144	TAC	0.08390971273183823	1	moderate	moderate	0.022	False	user_msa
Drosophila_mauritiana_Drosophila_mauritiana__LOC117148789__XP_033172290.1	192	192	192	144	TAC	0.08390971273183823	1	moderate	moderate	0.022	False	user_msa
Drosophila_melanogaster_Drosophila_melanogaster__Act5C__NP_511052.1	192	192	192	144	TAC	0.08390971273183823	1	moderate	moderate	0.022	False	user_msa
Drosophila_pseudoobscura_Drosophila_pseudoobscura__Act5C__XP_001354857.1	192	192	192	144	TAC	0.08390971273183823	1	moderate	moderate	0.022	False	user_msa
Drosophila_sechellia_Drosophila_sechellia__Act5C__XP_002036849.1	192	192	192	144	TAC	0.08390971273183823	1	moderate	moderate	0.022	False	user_msa
Drosophila_simulans_Drosophila_simulans__LOC6725225__XP_016038239.1	192	192	192	144	TAC	0.08390971273183823	1	moderate	moderate	0.022	False	user_msa
Drosophila_subobscura_Drosophila_subobscura__LOC117903845__XP_034672195.1	192	192	192	144	TAC	0.08390971273183823	1	moderate	moderate	0.022	False	user_msa
Drosophila_suzukii_Drosophila_suzukii__Act5C__XP_065724039.1	192	192	192	144	TAC	0.08390971273183823	1	moderate	moderate	0.022	False	user_msa
Drosophila_virilis_Drosophila_virilis__Act5C__XP_002059576.1	192	192	192	144	TAT	0.09170939773321152	1	moderate	moderate	0.022	False	user_msa
Drosophila_willistoni_Drosophila_willistoni__LOC6641346__XP_023031150.1	192	192	192	144	TAC	0.08390971273183823	1	moderate	moderate	0.022	False	user_msa
Drosophila_yakuba_Drosophila_yakuba__LOC6525488__XP_002101323.1	192	192	192	144	TAC	0.08390971273183823	1	moderate	moderate	0.022	False	user_msa
Drosophila_ananassae_Drosophila_ananassae__LOC6504746__XP_032309021.1	193	193	193	145	GCT	0.08534076064825058	1	moderate	moderate	0.022	False	user_msa
Drosophila_biarmipes_Drosophila_biarmipes__LOC108031387__XP_050746516.1	193	193	193	145	GCC	0.07803614437580109	1	moderate	moderate	0.022	False	user_msa
Drosophila_mauritiana_Drosophila_mauritiana__LOC117148789__XP_033172290.1	193	193	193	145	GCC	0.07803614437580109	1	moderate	moderate	0.022	False	user_msa
Drosophila_melanogaster_Drosophila_melanogaster__Act5C__NP_511052.1	193	193	193	145	GCC	0.07803614437580109	1	moderate	moderate	0.022	False	user_msa
Drosophila_pseudoobscura_Drosophila_pseudoobscura__Act5C__XP_001354857.1	193	193	193	145	GCC	0.07803614437580109	1	moderate	moderate	0.022	False	user_msa
Drosophila_sechellia_Drosophila_sechellia__Act5C__XP_002036849.1	193	193	193	145	GCC	0.07803614437580109	1	moderate	moderate	0.022	False	user_msa
Drosophila_simulans_Drosophila_simulans__LOC6725225__XP_016038239.1	193	193	193	145	GCC	0.07803614437580109	1	moderate	moderate	0.022	False	user_msa
Drosophila_subobscura_Drosophila_subobscura__LOC117903845__XP_034672195.1	193	193	193	145	GCC	0.07803614437580109	1	moderate	moderate	0.022	False	user_msa
Drosophila_suzukii_Drosophila_suzukii__Act5C__XP_065724039.1	193	193	193	145	GCC	0.07803614437580109	1	moderate	moderate	0.022	False	user_msa
Drosophila_virilis_Drosophila_virilis__Act5C__XP_002059576.1	193	193	193	145	GCC	0.07803614437580109	1	moderate	moderate	0.022	False	user_msa
Drosophila_willistoni_Drosophila_willistoni__LOC6641346__XP_023031150.1	193	193	193	145	GCT	0.08534076064825058	1	moderate	moderate	0.022	False	user_msa
Drosophila_yakuba_Drosophila_yakuba__LOC6525488__XP_002101323.1	193	193	193	145	GCT	0.08534076064825058	1	moderate	moderate	0.022	False	user_msa
Drosophila_ananassae_Drosophila_ananassae__LOC6504746__XP_032309021.1	194	194	194	146	TCC	0.08343717455863953	1	moderate	moderate	0.022	False	user_msa
Drosophila_biarmipes_Drosophila_biarmipes__LOC108031387__XP_050746516.1	194	194	194	146	TCC	0.08343717455863953	1	moderate	moderate	0.022	False	user_msa
Drosophila_mauritiana_Drosophila_mauritiana__LOC117148789__XP_033172290.1	194	194	194	146	TCC	0.08343717455863953	1	moderate	moderate	0.022	False	user_msa
Drosophila_melanogaster_Drosophila_melanogaster__Act5C__NP_511052.1	194	194	194	146	TCC	0.08343717455863953	1	moderate	moderate	0.022	False	user_msa
Drosophila_pseudoobscura_Drosophila_pseudoobscura__Act5C__XP_001354857.1	194	194	194	146	TCT	0.09119735658168793	1	moderate	moderate	0.022	False	user_msa
Drosophila_sechellia_Drosophila_sechellia__Act5C__XP_002036849.1	194	194	194	146	TCC	0.08343717455863953	1	moderate	moderate	0.022	False	user_msa
Drosophila_simulans_Drosophila_simulans__LOC6725225__XP_016038239.1	194	194	194	146	TCC	0.08343717455863953	1	moderate	moderate	0.022	False	user_msa
Drosophila_subobscura_Drosophila_subobscura__LOC117903845__XP_034672195.1	194	194	194	146	TCC	0.08343717455863953	1	moderate	moderate	0.022	False	user_msa
Drosophila_suzukii_Drosophila_suzukii__Act5C__XP_065724039.1	194	194	194	146	TCC	0.08343717455863953	1	moderate	moderate	0.022	False	user_msa
Drosophila_virilis_Drosophila_virilis__Act5C__XP_002059576.1	194	194	194	146	TCT	0.09119735658168793	1	moderate	moderate	0.022	False	user_msa
Drosophila_willistoni_Drosophila_willistoni__LOC6641346__XP_023031150.1	194	194	194	146	TCT	0.09119735658168793	1	moderate	moderate	0.022	False	user_msa
Drosophila_yakuba_Drosophila_yakuba__LOC6525488__XP_002101323.1	194	194	194	146	TCC	0.08343717455863953	1	moderate	moderate	0.022	False	user_msa
Drosophila_ananassae_Drosophila_ananassae__LOC6504746__XP_032309021.1	195	195	195	147	GGT	0.08310255408287048	1	moderate	moderate	0.022	False	user_msa
Drosophila_biarmipes_Drosophila_biarmipes__LOC108031387__XP_050746516.1	195	195	195	147	GGT	0.08310255408287048	1	moderate	moderate	0.022	False	user_msa
Drosophila_mauritiana_Drosophila_mauritiana__LOC117148789__XP_033172290.1	195	195	195	147	GGT	0.08310255408287048	1	moderate	moderate	0.022	False	user_msa
Drosophila_melanogaster_Drosophila_melanogaster__Act5C__NP_511052.1	195	195	195	147	GGT	0.08310255408287048	1	moderate	moderate	0.022	False	user_msa
Drosophila_pseudoobscura_Drosophila_pseudoobscura__Act5C__XP_001354857.1	195	195	195	147	GGT	0.08310255408287048	1	moderate	moderate	0.022	False	user_msa
Drosophila_sechellia_Drosophila_sechellia__Act5C__XP_002036849.1	195	195	195	147	GGT	0.08310255408287048	1	moderate	moderate	0.022	False	user_msa
Drosophila_simulans_Drosophila_simulans__LOC6725225__XP_016038239.1	195	195	195	147	GGT	0.08310255408287048	1	moderate	moderate	0.022	False	user_msa
Drosophila_subobscura_Drosophila_subobscura__LOC117903845__XP_034672195.1	195	195	195	147	GGC	0.07597358524799347	1	moderate	moderate	0.022	False	user_msa
Drosophila_suzukii_Drosophila_suzukii__Act5C__XP_065724039.1	195	195	195	147	GGT	0.08310255408287048	1	moderate	moderate	0.022	False	user_msa
Drosophila_virilis_Drosophila_virilis__Act5C__XP_002059576.1	195	195	195	147	GGT	0.08310255408287048	1	moderate	moderate	0.022	False	user_msa
Drosophila_willistoni_Drosophila_willistoni__LOC6641346__XP_023031150.1	195	195	195	147	GGT	0.08310255408287048	1	moderate	moderate	0.022	False	user_msa
Drosophila_yakuba_Drosophila_yakuba__LOC6525488__XP_002101323.1	195	195	195	147	GGT	0.08310255408287048	1	moderate	moderate	0.022	False	user_msa
Drosophila_ananassae_Drosophila_ananassae__LOC6504746__XP_032309021.1	196	196	196	148	CGT	0.06552975624799728	1	moderate	moderate	0.022	False	user_msa
Drosophila_biarmipes_Drosophila_biarmipes__LOC108031387__XP_050746516.1	196	196	196	148	CGT	0.06552975624799728	1	moderate	moderate	0.022	False	user_msa
Drosophila_mauritiana_Drosophila_mauritiana__LOC117148789__XP_033172290.1	196	196	196	148	CGT	0.06552975624799728	1	moderate	moderate	0.022	False	user_msa
Drosophila_melanogaster_Drosophila_melanogaster__Act5C__NP_511052.1	196	196	196	148	CGT	0.06552975624799728	1	moderate	moderate	0.022	False	user_msa
Drosophila_pseudoobscura_Drosophila_pseudoobscura__Act5C__XP_001354857.1	196	196	196	148	CGT	0.06552975624799728	1	moderate	moderate	0.022	False	user_msa
Drosophila_sechellia_Drosophila_sechellia__Act5C__XP_002036849.1	196	196	196	148	CGT	0.06552975624799728	1	moderate	moderate	0.022	False	user_msa
Drosophila_simulans_Drosophila_simulans__LOC6725225__XP_016038239.1	196	196	196	148	CGT	0.06552975624799728	1	moderate	moderate	0.022	False	user_msa
Drosophila_subobscura_Drosophila_subobscura__LOC117903845__XP_034672195.1	196	196	196	148	CGT	0.06552975624799728	1	moderate	moderate	0.022	False	user_msa
Drosophila_suzukii_Drosophila_suzukii__Act5C__XP_065724039.1	196	196	196	148	CGT	0.06552975624799728	1	moderate	moderate	0.022	False	user_msa
Drosophila_virilis_Drosophila_virilis__Act5C__XP_002059576.1	196	196	196	148	CGT	0.06552975624799728	1	moderate	moderate	0.022	False	user_msa
Drosophila_willistoni_Drosophila_willistoni__LOC6641346__XP_023031150.1	196	196	196	148	CGT	0.06552975624799728	1	moderate	moderate	0.022	False	user_msa
Drosophila_yakuba_Drosophila_yakuba__LOC6525488__XP_002101323.1	196	196	196	148	CGT	0.06552975624799728	1	moderate	moderate	0.022	False	user_msa
Drosophila_ananassae_Drosophila_ananassae__LOC6504746__XP_032309021.1	197	197	197	149	ACC	0.060930151492357254	1	moderate	moderate	0.022	False	user_msa
Drosophila_biarmipes_Drosophila_biarmipes__LOC108031387__XP_050746516.1	197	197	197	149	ACC	0.060930151492357254	1	moderate	moderate	0.022	False	user_msa
Drosophila_mauritiana_Drosophila_mauritiana__LOC117148789__XP_033172290.1	197	197	197	149	ACC	0.060930151492357254	1	moderate	moderate	0.022	False	user_msa
Drosophila_melanogaster_Drosophila_melanogaster__Act5C__NP_511052.1	197	197	197	149	ACC	0.060930151492357254	1	moderate	moderate	0.022	False	user_msa
Drosophila_pseudoobscura_Drosophila_pseudoobscura__Act5C__XP_001354857.1	197	197	197	149	ACC	0.060930151492357254	1	moderate	moderate	0.022	False	user_msa
Drosophila_sechellia_Drosophila_sechellia__Act5C__XP_002036849.1	197	197	197	149	ACC	0.060930151492357254	1	moderate	moderate	0.022	False	user_msa
Drosophila_simulans_Drosophila_simulans__LOC6725225__XP_016038239.1	197	197	197	149	ACC	0.060930151492357254	1	moderate	moderate	0.022	False	user_msa
Drosophila_subobscura_Drosophila_subobscura__LOC117903845__XP_034672195.1	197	197	197	149	ACC	0.060930151492357254	1	moderate	moderate	0.022	False	user_msa
Drosophila_suzukii_Drosophila_suzukii__Act5C__XP_065724039.1	197	197	197	149	ACC	0.060930151492357254	1	moderate	moderate	0.022	False	user_msa
Drosophila_virilis_Drosophila_virilis__Act5C__XP_002059576.1	197	197	197	149	ACC	0.060930151492357254	1	moderate	moderate	0.022	False	user_msa
Drosophila_willistoni_Drosophila_willistoni__LOC6641346__XP_023031150.1	197	197	197	149	ACC	0.060930151492357254	1	moderate	moderate	0.022	False	user_msa
Drosophila_yakuba_Drosophila_yakuba__LOC6525488__XP_002101323.1	197	197	197	149	ACC	0.060930151492357254	1	moderate	moderate	0.022	False	user_msa
Drosophila_ananassae_Drosophila_ananassae__LOC6504746__XP_032309021.1	198	198	198	150	ACC	0.06985089927911758	1	moderate	moderate	0.022	False	user_msa
Drosophila_biarmipes_Drosophila_biarmipes__LOC108031387__XP_050746516.1	198	198	198	150	ACC	0.06985089927911758	1	moderate	moderate	0.022	False	user_msa
Drosophila_mauritiana_Drosophila_mauritiana__LOC117148789__XP_033172290.1	198	198	198	150	ACC	0.06985089927911758	1	moderate	moderate	0.022	False	user_msa
Drosophila_melanogaster_Drosophila_melanogaster__Act5C__NP_511052.1	198	198	198	150	ACC	0.06985089927911758	1	moderate	moderate	0.022	False	user_msa
Drosophila_pseudoobscura_Drosophila_pseudoobscura__Act5C__XP_001354857.1	198	198	198	150	ACT	0.07544748485088348	1	moderate	moderate	0.022	False	user_msa
Drosophila_sechellia_Drosophila_sechellia__Act5C__XP_002036849.1	198	198	198	150	ACC	0.06985089927911758	1	moderate	moderate	0.022	False	user_msa
Drosophila_simulans_Drosophila_simulans__LOC6725225__XP_016038239.1	198	198	198	150	ACC	0.06985089927911758	1	moderate	moderate	0.022	False	user_msa
Drosophila_subobscura_Drosophila_subobscura__LOC117903845__XP_034672195.1	198	198	198	150	ACC	0.06985089927911758	1	moderate	moderate	0.022	False	user_msa
Drosophila_suzukii_Drosophila_suzukii__Act5C__XP_065724039.1	198	198	198	150	ACC	0.06985089927911758	1	moderate	moderate	0.022	False	user_msa
Drosophila_virilis_Drosophila_virilis__Act5C__XP_002059576.1	198	198	198	150	ACT	0.07544748485088348	1	moderate	moderate	0.022	False	user_msa
Drosophila_willistoni_Drosophila_willistoni__LOC6641346__XP_023031150.1	198	198	198	150	ACC	0.06985089927911758	1	moderate	moderate	0.022	False	user_msa
Drosophila_yakuba_Drosophila_yakuba__LOC6525488__XP_002101323.1	198	198	198	150	ACC	0.06985089927911758	1	moderate	moderate	0.022	False	user_msa
Drosophila_ananassae_Drosophila_ananassae__LOC6504746__XP_032309021.1	199	199	199	151	GGT	0.0831257551908493	1	moderate	moderate	0.022	False	user_msa
Drosophila_biarmipes_Drosophila_biarmipes__LOC108031387__XP_050746516.1	199	199	199	151	GGT	0.0831257551908493	1	moderate	moderate	0.022	False	user_msa
Drosophila_mauritiana_Drosophila_mauritiana__LOC117148789__XP_033172290.1	199	199	199	151	GGT	0.0831257551908493	1	moderate	moderate	0.022	False	user_msa
Drosophila_melanogaster_Drosophila_melanogaster__Act5C__NP_511052.1	199	199	199	151	GGT	0.0831257551908493	1	moderate	moderate	0.022	False	user_msa
Drosophila_pseudoobscura_Drosophila_pseudoobscura__Act5C__XP_001354857.1	199	199	199	151	GGT	0.0831257551908493	1	moderate	moderate	0.022	False	user_msa
Drosophila_sechellia_Drosophila_sechellia__Act5C__XP_002036849.1	199	199	199	151	GGT	0.0831257551908493	1	moderate	moderate	0.022	False	user_msa
Drosophila_simulans_Drosophila_simulans__LOC6725225__XP_016038239.1	199	199	199	151	GGT	0.0831257551908493	1	moderate	moderate	0.022	False	user_msa
Drosophila_subobscura_Drosophila_subobscura__LOC117903845__XP_034672195.1	199	199	199	151	GGT	0.0831257551908493	1	moderate	moderate	0.022	False	user_msa
Drosophila_suzukii_Drosophila_suzukii__Act5C__XP_065724039.1	199	199	199	151	GGT	0.0831257551908493	1	moderate	moderate	0.022	False	user_msa
Drosophila_virilis_Drosophila_virilis__Act5C__XP_002059576.1	199	199	199	151	GGC	0.07599490880966187	1	moderate	moderate	0.022	False	user_msa
Drosophila_willistoni_Drosophila_willistoni__LOC6641346__XP_023031150.1	199	199	199	151	GGT	0.0831257551908493	1	moderate	moderate	0.022	False	user_msa
Drosophila_yakuba_Drosophila_yakuba__LOC6525488__XP_002101323.1	199	199	199	151	GGT	0.0831257551908493	1	moderate	moderate	0.022	False	user_msa
Drosophila_ananassae_Drosophila_ananassae__LOC6504746__XP_032309021.1	200	200	200	152	ATT	0.07655414193868637	1	moderate	moderate	0.022	False	user_msa
Drosophila_biarmipes_Drosophila_biarmipes__LOC108031387__XP_050746516.1	200	200	200	152	ATT	0.07655414193868637	1	moderate	moderate	0.022	False	user_msa
Drosophila_mauritiana_Drosophila_mauritiana__LOC117148789__XP_033172290.1	200	200	200	152	ATC	0.07077357172966003	1	moderate	moderate	0.022	False	user_msa
Drosophila_melanogaster_Drosophila_melanogaster__Act5C__NP_511052.1	200	200	200	152	ATC	0.07077357172966003	1	moderate	moderate	0.022	False	user_msa
Drosophila_pseudoobscura_Drosophila_pseudoobscura__Act5C__XP_001354857.1	200	200	200	152	ATC	0.07077357172966003	1	moderate	moderate	0.022	False	user_msa
Drosophila_sechellia_Drosophila_sechellia__Act5C__XP_002036849.1	200	200	200	152	ATC	0.07077357172966003	1	moderate	moderate	0.022	False	user_msa
Drosophila_simulans_Drosophila_simulans__LOC6725225__XP_016038239.1	200	200	200	152	ATC	0.07077357172966003	1	moderate	moderate	0.022	False	user_msa
Drosophila_subobscura_Drosophila_subobscura__LOC117903845__XP_034672195.1	200	200	200	152	ATC	0.07077357172966003	1	moderate	moderate	0.022	False	user_msa
Drosophila_suzukii_Drosophila_suzukii__Act5C__XP_065724039.1	200	200	200	152	ATC	0.07077357172966003	1	moderate	moderate	0.022	False	user_msa
Drosophila_virilis_Drosophila_virilis__Act5C__XP_002059576.1	200	200	200	152	ATT	0.07655414193868637	1	moderate	moderate	0.022	False	user_msa
Drosophila_willistoni_Drosophila_willistoni__LOC6641346__XP_023031150.1	200	200	200	152	ATT	0.07655414193868637	1	moderate	moderate	0.022	False	user_msa
Drosophila_yakuba_Drosophila_yakuba__LOC6525488__XP_002101323.1	200	200	200	152	ATC	0.07077357172966003	1	moderate	moderate	0.022	False	user_msa
Drosophila_ananassae_Drosophila_ananassae__LOC6504746__XP_032309021.1	201	201	201	153	GTG	0.10006410628557205	1	moderate	moderate	0.022	False	user_msa
Drosophila_biarmipes_Drosophila_biarmipes__LOC108031387__XP_050746516.1	201	201	201	153	GTC	0.09576177597045898	1	moderate	moderate	0.022	False	user_msa
Drosophila_mauritiana_Drosophila_mauritiana__LOC117148789__XP_033172290.1	201	201	201	153	GTT	0.10453738272190094	1	moderate	moderate	0.022	False	user_msa
Drosophila_melanogaster_Drosophila_melanogaster__Act5C__NP_511052.1	201	201	201	153	GTT	0.10453738272190094	1	moderate	moderate	0.022	False	user_msa
Drosophila_pseudoobscura_Drosophila_pseudoobscura__Act5C__XP_001354857.1	201	201	201	153	GTC	0.09576177597045898	1	moderate	moderate	0.022	False	user_msa
Drosophila_sechellia_Drosophila_sechellia__Act5C__XP_002036849.1	201	201	201	153	GTT	0.10453738272190094	1	moderate	moderate	0.022	False	user_msa
Drosophila_simulans_Drosophila_simulans__LOC6725225__XP_016038239.1	201	201	201	153	GTT	0.10453738272190094	1	moderate	moderate	0.022	False	user_msa
Drosophila_subobscura_Drosophila_subobscura__LOC117903845__XP_034672195.1	201	201	201	153	GTC	0.09576177597045898	1	moderate	moderate	0.022	False	user_msa
Drosophila_suzukii_Drosophila_suzukii__Act5C__XP_065724039.1	201	201	201	153	GTG	0.10006410628557205	1	moderate	moderate	0.022	False	user_msa
Drosophila_virilis_Drosophila_virilis__Act5C__XP_002059576.1	201	201	201	153	GTG	0.10006410628557205	1	moderate	moderate	0.022	False	user_msa
Drosophila_willistoni_Drosophila_willistoni__LOC6641346__XP_023031150.1	201	201	201	153	GTC	0.09576177597045898	1	moderate	moderate	0.022	False	user_msa
Drosophila_yakuba_Drosophila_yakuba__LOC6525488__XP_002101323.1	201	201	201	153	GTG	0.10006410628557205	1	moderate	moderate	0.022	False	user_msa
Drosophila_ananassae_Drosophila_ananassae__LOC6504746__XP_032309021.1	202	202	202	154	CTG	0.050456028431653976	1	moderate	moderate	0.022	False	user_msa
Drosophila_biarmipes_Drosophila_biarmipes__LOC108031387__XP_050746516.1	202	202	202	154	CTG	0.050456028431653976	1	moderate	moderate	0.022	False	user_msa
Drosophila_mauritiana_Drosophila_mauritiana__LOC117148789__XP_033172290.1	202	202	202	154	CTG	0.050456028431653976	1	moderate	moderate	0.022	False	user_msa
Drosophila_melanogaster_Drosophila_melanogaster__Act5C__NP_511052.1	202	202	202	154	CTG	0.050456028431653976	1	moderate	moderate	0.022	False	user_msa
Drosophila_pseudoobscura_Drosophila_pseudoobscura__Act5C__XP_001354857.1	202	202	202	154	TTG	0.13553385436534882	1	moderate	moderate	0.022	False	user_msa
Drosophila_sechellia_Drosophila_sechellia__Act5C__XP_002036849.1	202	202	202	154	CTG	0.050456028431653976	1	moderate	moderate	0.022	False	user_msa
Drosophila_simulans_Drosophila_simulans__LOC6725225__XP_016038239.1	202	202	202	154	CTG	0.050456028431653976	1	moderate	moderate	0.022	False	user_msa
Drosophila_subobscura_Drosophila_subobscura__LOC117903845__XP_034672195.1	202	202	202	154	TTG	0.13553385436534882	1	moderate	moderate	0.022	False	user_msa
Drosophila_suzukii_Drosophila_suzukii__Act5C__XP_065724039.1	202	202	202	154	CTG	0.050456028431653976	1	moderate	moderate	0.022	False	user_msa
Drosophila_virilis_Drosophila_virilis__Act5C__XP_002059576.1	202	202	202	154	TTG	0.13553385436534882	1	moderate	moderate	0.022	False	user_msa
Drosophila_willistoni_Drosophila_willistoni__LOC6641346__XP_023031150.1	202	202	202	154	CTG	0.050456028431653976	1	moderate	moderate	0.022	False	user_msa
Drosophila_yakuba_Drosophila_yakuba__LOC6525488__XP_002101323.1	202	202	202	154	CTG	0.050456028431653976	1	moderate	moderate	0.022	False	user_msa
Drosophila_ananassae_Drosophila_ananassae__LOC6504746__XP_032309021.1	203	203	203	155	GAT	0.0832500234246254	1	moderate	moderate	0.022	False	user_msa
Drosophila_biarmipes_Drosophila_biarmipes__LOC108031387__XP_050746516.1	203	203	203	155	GAC	0.07610950618982315	1	moderate	moderate	0.022	False	user_msa
Drosophila_mauritiana_Drosophila_mauritiana__LOC117148789__XP_033172290.1	203	203	203	155	GAC	0.07610950618982315	1	moderate	moderate	0.022	False	user_msa
Drosophila_melanogaster_Drosophila_melanogaster__Act5C__NP_511052.1	203	203	203	155	GAC	0.07610950618982315	1	moderate	moderate	0.022	False	user_msa
Drosophila_pseudoobscura_Drosophila_pseudoobscura__Act5C__XP_001354857.1	203	203	203	155	GAT	0.0832500234246254	1	moderate	moderate	0.022	False	user_msa
Drosophila_sechellia_Drosophila_sechellia__Act5C__XP_002036849.1	203	203	203	155	GAC	0.07610950618982315	1	moderate	moderate	0.022	False	user_msa
Drosophila_simulans_Drosophila_simulans__LOC6725225__XP_016038239.1	203	203	203	155	GAC	0.07610950618982315	1	moderate	moderate	0.022	False	user_msa
Drosophila_subobscura_Drosophila_subobscura__LOC117903845__XP_034672195.1	203	203	203	155	GAT	0.0832500234246254	1	moderate	moderate	0.022	False	user_msa
Drosophila_suzukii_Drosophila_suzukii__Act5C__XP_065724039.1	203	203	203	155	GAC	0.07610950618982315	1	moderate	moderate	0.022	False	user_msa
Drosophila_virilis_Drosophila_virilis__Act5C__XP_002059576.1	203	203	203	155	GAC	0.07610950618982315	1	moderate	moderate	0.022	False	user_msa
Drosophila_willistoni_Drosophila_willistoni__LOC6641346__XP_023031150.1	203	203	203	155	GAT	0.0832500234246254	1	moderate	moderate	0.022	False	user_msa
Drosophila_yakuba_Drosophila_yakuba__LOC6525488__XP_002101323.1	203	203	203	155	GAC	0.07610950618982315	1	moderate	moderate	0.022	False	user_msa
Drosophila_ananassae_Drosophila_ananassae__LOC6504746__XP_032309021.1	204	204	204	156	TCC	0.08153577148914337	1	moderate	moderate	0.022	False	user_msa
Drosophila_biarmipes_Drosophila_biarmipes__LOC108031387__XP_050746516.1	204	204	204	156	TCT	0.08913620561361313	1	moderate	moderate	0.022	False	user_msa
Drosophila_mauritiana_Drosophila_mauritiana__LOC117148789__XP_033172290.1	204	204	204	156	TCC	0.08153577148914337	1	moderate	moderate	0.022	False	user_msa
Drosophila_melanogaster_Drosophila_melanogaster__Act5C__NP_511052.1	204	204	204	156	TCC	0.08153577148914337	1	moderate	moderate	0.022	False	user_msa
Drosophila_pseudoobscura_Drosophila_pseudoobscura__Act5C__XP_001354857.1	204	204	204	156	TCT	0.08913620561361313	1	moderate	moderate	0.022	False	user_msa
Drosophila_sechellia_Drosophila_sechellia__Act5C__XP_002036849.1	204	204	204	156	TCC	0.08153577148914337	1	moderate	moderate	0.022	False	user_msa
Drosophila_simulans_Drosophila_simulans__LOC6725225__XP_016038239.1	204	204	204	156	TCC	0.08153577148914337	1	moderate	moderate	0.022	False	user_msa
Drosophila_subobscura_Drosophila_subobscura__LOC117903845__XP_034672195.1	204	204	204	156	TCT	0.08913620561361313	1	moderate	moderate	0.022	False	user_msa
Drosophila_suzukii_Drosophila_suzukii__Act5C__XP_065724039.1	204	204	204	156	TCC	0.08153577148914337	1	moderate	moderate	0.022	False	user_msa
Drosophila_virilis_Drosophila_virilis__Act5C__XP_002059576.1	204	204	204	156	TCT	0.08913620561361313	1	moderate	moderate	0.022	False	user_msa
Drosophila_willistoni_Drosophila_willistoni__LOC6641346__XP_023031150.1	204	204	204	156	TCT	0.08913620561361313	1	moderate	moderate	0.022	False	user_msa
Drosophila_yakuba_Drosophila_yakuba__LOC6525488__XP_002101323.1	204	204	204	156	TCT	0.08913620561361313	1	moderate	moderate	0.022	False	user_msa
Drosophila_ananassae_Drosophila_ananassae__LOC6504746__XP_032309021.1	205	205	205	157	GGT	0.08481201529502869	1	moderate	moderate	0.022	False	user_msa
Drosophila_biarmipes_Drosophila_biarmipes__LOC108031387__XP_050746516.1	205	205	205	157	GGT	0.08481201529502869	1	moderate	moderate	0.022	False	user_msa
Drosophila_mauritiana_Drosophila_mauritiana__LOC117148789__XP_033172290.1	205	205	205	157	GGT	0.08481201529502869	1	moderate	moderate	0.022	False	user_msa
Drosophila_melanogaster_Drosophila_melanogaster__Act5C__NP_511052.1	205	205	205	157	GGC	0.07754889875650406	1	moderate	moderate	0.022	False	user_msa
Drosophila_pseudoobscura_Drosophila_pseudoobscura__Act5C__XP_001354857.1	205	205	205	157	GGT	0.08481201529502869	1	moderate	moderate	0.022	False	user_msa
Drosophila_sechellia_Drosophila_sechellia__Act5C__XP_002036849.1	205	205	205	157	GGC	0.07754889875650406	1	moderate	moderate	0.022	False	user_msa
Drosophila_simulans_Drosophila_simulans__LOC6725225__XP_016038239.1	205	205	205	157	GGC	0.07754889875650406	1	moderate	moderate	0.022	False	user_msa
Drosophila_subobscura_Drosophila_subobscura__LOC117903845__XP_034672195.1	205	205	205	157	GGT	0.08481201529502869	1	moderate	moderate	0.022	False	user_msa
Drosophila_suzukii_Drosophila_suzukii__Act5C__XP_065724039.1	205	205	205	157	GGC	0.07754889875650406	1	moderate	moderate	0.022	False	user_msa
Drosophila_virilis_Drosophila_virilis__Act5C__XP_002059576.1	205	205	205	157	GGC	0.07754889875650406	1	moderate	moderate	0.022	False	user_msa
Drosophila_willistoni_Drosophila_willistoni__LOC6641346__XP_023031150.1	205	205	205	157	GGT	0.08481201529502869	1	moderate	moderate	0.022	False	user_msa
Drosophila_yakuba_Drosophila_yakuba__LOC6525488__XP_002101323.1	205	205	205	157	GGC	0.07754889875650406	1	moderate	moderate	0.022	False	user_msa
Drosophila_ananassae_Drosophila_ananassae__LOC6504746__XP_032309021.1	206	206	206	158	GAT	0.06762445718050003	1	moderate	moderate	0.022	False	user_msa
Drosophila_biarmipes_Drosophila_biarmipes__LOC108031387__XP_050746516.1	206	206	206	158	GAT	0.06762445718050003	1	moderate	moderate	0.022	False	user_msa
Drosophila_mauritiana_Drosophila_mauritiana__LOC117148789__XP_033172290.1	206	206	206	158	GAT	0.06762445718050003	1	moderate	moderate	0.022	False	user_msa
Drosophila_melanogaster_Drosophila_melanogaster__Act5C__NP_511052.1	206	206	206	158	GAT	0.06762445718050003	1	moderate	moderate	0.022	False	user_msa
Drosophila_pseudoobscura_Drosophila_pseudoobscura__Act5C__XP_001354857.1	206	206	206	158	GAT	0.06762445718050003	1	moderate	moderate	0.022	False	user_msa
Drosophila_sechellia_Drosophila_sechellia__Act5C__XP_002036849.1	206	206	206	158	GAT	0.06762445718050003	1	moderate	moderate	0.022	False	user_msa
Drosophila_simulans_Drosophila_simulans__LOC6725225__XP_016038239.1	206	206	206	158	GAT	0.06762445718050003	1	moderate	moderate	0.022	False	user_msa
Drosophila_subobscura_Drosophila_subobscura__LOC117903845__XP_034672195.1	206	206	206	158	GAT	0.06762445718050003	1	moderate	moderate	0.022	False	user_msa
Drosophila_suzukii_Drosophila_suzukii__Act5C__XP_065724039.1	206	206	206	158	GAT	0.06762445718050003	1	moderate	moderate	0.022	False	user_msa
Drosophila_virilis_Drosophila_virilis__Act5C__XP_002059576.1	206	206	206	158	GAT	0.06762445718050003	1	moderate	moderate	0.022	False	user_msa
Drosophila_willistoni_Drosophila_willistoni__LOC6641346__XP_023031150.1	206	206	206	158	GAT	0.06762445718050003	1	moderate	moderate	0.022	False	user_msa
Drosophila_yakuba_Drosophila_yakuba__LOC6525488__XP_002101323.1	206	206	206	158	GAT	0.06762445718050003	1	moderate	moderate	0.022	False	user_msa
Drosophila_ananassae_Drosophila_ananassae__LOC6504746__XP_032309021.1	207	207	207	159	GGT	0.06995837390422821	1	moderate	moderate	0.022	False	user_msa
Drosophila_biarmipes_Drosophila_biarmipes__LOC108031387__XP_050746516.1	207	207	207	159	GGT	0.06995837390422821	1	moderate	moderate	0.022	False	user_msa
Drosophila_mauritiana_Drosophila_mauritiana__LOC117148789__XP_033172290.1	207	207	207	159	GGT	0.06995837390422821	1	moderate	moderate	0.022	False	user_msa
Drosophila_melanogaster_Drosophila_melanogaster__Act5C__NP_511052.1	207	207	207	159	GGT	0.06995837390422821	1	moderate	moderate	0.022	False	user_msa
Drosophila_pseudoobscura_Drosophila_pseudoobscura__Act5C__XP_001354857.1	207	207	207	159	GGT	0.06995837390422821	1	moderate	moderate	0.022	False	user_msa
Drosophila_sechellia_Drosophila_sechellia__Act5C__XP_002036849.1	207	207	207	159	GGT	0.06995837390422821	1	moderate	moderate	0.022	False	user_msa
Drosophila_simulans_Drosophila_simulans__LOC6725225__XP_016038239.1	207	207	207	159	GGT	0.06995837390422821	1	moderate	moderate	0.022	False	user_msa
Drosophila_subobscura_Drosophila_subobscura__LOC117903845__XP_034672195.1	207	207	207	159	GGT	0.06995837390422821	1	moderate	moderate	0.022	False	user_msa
Drosophila_suzukii_Drosophila_suzukii__Act5C__XP_065724039.1	207	207	207	159	GGT	0.06995837390422821	1	moderate	moderate	0.022	False	user_msa
Drosophila_virilis_Drosophila_virilis__Act5C__XP_002059576.1	207	207	207	159	GGT	0.06995837390422821	1	moderate	moderate	0.022	False	user_msa
Drosophila_willistoni_Drosophila_willistoni__LOC6641346__XP_023031150.1	207	207	207	159	GGT	0.06995837390422821	1	moderate	moderate	0.022	False	user_msa
Drosophila_yakuba_Drosophila_yakuba__LOC6525488__XP_002101323.1	207	207	207	159	GGT	0.06995837390422821	1	moderate	moderate	0.022	False	user_msa
Drosophila_ananassae_Drosophila_ananassae__LOC6504746__XP_032309021.1	208	208	208	160	GTC	0.07055705785751343	1	moderate	moderate	0.022	False	user_msa
Drosophila_biarmipes_Drosophila_biarmipes__LOC108031387__XP_050746516.1	208	208	208	160	GTC	0.07055705785751343	1	moderate	moderate	0.022	False	user_msa
Drosophila_mauritiana_Drosophila_mauritiana__LOC117148789__XP_033172290.1	208	208	208	160	GTC	0.07055705785751343	1	moderate	moderate	0.022	False	user_msa
Drosophila_melanogaster_Drosophila_melanogaster__Act5C__NP_511052.1	208	208	208	160	GTC	0.07055705785751343	1	moderate	moderate	0.022	False	user_msa
Drosophila_pseudoobscura_Drosophila_pseudoobscura__Act5C__XP_001354857.1	208	208	208	160	GTC	0.07055705785751343	1	moderate	moderate	0.022	False	user_msa
Drosophila_sechellia_Drosophila_sechellia__Act5C__XP_002036849.1	208	208	208	160	GTC	0.07055705785751343	1	moderate	moderate	0.022	False	user_msa
Drosophila_simulans_Drosophila_simulans__LOC6725225__XP_016038239.1	208	208	208	160	GTC	0.07055705785751343	1	moderate	moderate	0.022	False	user_msa
Drosophila_subobscura_Drosophila_subobscura__LOC117903845__XP_034672195.1	208	208	208	160	GTC	0.07055705785751343	1	moderate	moderate	0.022	False	user_msa
Drosophila_suzukii_Drosophila_suzukii__Act5C__XP_065724039.1	208	208	208	160	GTC	0.07055705785751343	1	moderate	moderate	0.022	False	user_msa
Drosophila_virilis_Drosophila_virilis__Act5C__XP_002059576.1	208	208	208	160	GTC	0.07055705785751343	1	moderate	moderate	0.022	False	user_msa
Drosophila_willistoni_Drosophila_willistoni__LOC6641346__XP_023031150.1	208	208	208	160	GTC	0.07055705785751343	1	moderate	moderate	0.022	False	user_msa
Drosophila_yakuba_Drosophila_yakuba__LOC6525488__XP_002101323.1	208	208	208	160	GTC	0.07055705785751343	1	moderate	moderate	0.022	False	user_msa
Drosophila_ananassae_Drosophila_ananassae__LOC6504746__XP_032309021.1	209	209	209	161	TCC	0.0854186937212944	1	moderate	moderate	0.022	False	user_msa
Drosophila_biarmipes_Drosophila_biarmipes__LOC108031387__XP_050746516.1	209	209	209	161	TCC	0.0854186937212944	1	moderate	moderate	0.022	False	user_msa
Drosophila_mauritiana_Drosophila_mauritiana__LOC117148789__XP_033172290.1	209	209	209	161	TCC	0.0854186937212944	1	moderate	moderate	0.022	False	user_msa
Drosophila_melanogaster_Drosophila_melanogaster__Act5C__NP_511052.1	209	209	209	161	TCC	0.0854186937212944	1	moderate	moderate	0.022	False	user_msa
Drosophila_pseudoobscura_Drosophila_pseudoobscura__Act5C__XP_001354857.1	209	209	209	161	TCC	0.0854186937212944	1	moderate	moderate	0.022	False	user_msa
Drosophila_sechellia_Drosophila_sechellia__Act5C__XP_002036849.1	209	209	209	161	TCC	0.0854186937212944	1	moderate	moderate	0.022	False	user_msa
Drosophila_simulans_Drosophila_simulans__LOC6725225__XP_016038239.1	209	209	209	161	TCC	0.0854186937212944	1	moderate	moderate	0.022	False	user_msa
Drosophila_subobscura_Drosophila_subobscura__LOC117903845__XP_034672195.1	209	209	209	161	TCT	0.09334436058998108	1	moderate	moderate	0.022	False	user_msa
Drosophila_suzukii_Drosophila_suzukii__Act5C__XP_065724039.1	209	209	209	161	TCC	0.0854186937212944	1	moderate	moderate	0.022	False	user_msa
Drosophila_virilis_Drosophila_virilis__Act5C__XP_002059576.1	209	209	209	161	TCC	0.0854186937212944	1	moderate	moderate	0.022	False	user_msa
Drosophila_willistoni_Drosophila_willistoni__LOC6641346__XP_023031150.1	209	209	209	161	TCC	0.0854186937212944	1	moderate	moderate	0.022	False	user_msa
Drosophila_yakuba_Drosophila_yakuba__LOC6525488__XP_002101323.1	209	209	209	161	TCC	0.0854186937212944	1	moderate	moderate	0.022	False	user_msa
Drosophila_ananassae_Drosophila_ananassae__LOC6504746__XP_032309021.1	210	210	210	162	CAC	0.06351335346698761	1	moderate	moderate	0.022	False	user_msa
Drosophila_biarmipes_Drosophila_biarmipes__LOC108031387__XP_050746516.1	210	210	210	162	CAC	0.06351335346698761	1	moderate	moderate	0.022	False	user_msa
Drosophila_mauritiana_Drosophila_mauritiana__LOC117148789__XP_033172290.1	210	210	210	162	CAC	0.06351335346698761	1	moderate	moderate	0.022	False	user_msa
Drosophila_melanogaster_Drosophila_melanogaster__Act5C__NP_511052.1	210	210	210	162	CAC	0.06351335346698761	1	moderate	moderate	0.022	False	user_msa
Drosophila_pseudoobscura_Drosophila_pseudoobscura__Act5C__XP_001354857.1	210	210	210	162	CAC	0.06351335346698761	1	moderate	moderate	0.022	False	user_msa
Drosophila_sechellia_Drosophila_sechellia__Act5C__XP_002036849.1	210	210	210	162	CAC	0.06351335346698761	1	moderate	moderate	0.022	False	user_msa
Drosophila_simulans_Drosophila_simulans__LOC6725225__XP_016038239.1	210	210	210	162	CAC	0.06351335346698761	1	moderate	moderate	0.022	False	user_msa
Drosophila_subobscura_Drosophila_subobscura__LOC117903845__XP_034672195.1	210	210	210	162	CAC	0.06351335346698761	1	moderate	moderate	0.022	False	user_msa
Drosophila_suzukii_Drosophila_suzukii__Act5C__XP_065724039.1	210	210	210	162	CAC	0.06351335346698761	1	moderate	moderate	0.022	False	user_msa
Drosophila_virilis_Drosophila_virilis__Act5C__XP_002059576.1	210	210	210	162	CAC	0.06351335346698761	1	moderate	moderate	0.022	False	user_msa
Drosophila_willistoni_Drosophila_willistoni__LOC6641346__XP_023031150.1	210	210	210	162	CAC	0.06351335346698761	1	moderate	moderate	0.022	False	user_msa
Drosophila_yakuba_Drosophila_yakuba__LOC6525488__XP_002101323.1	210	210	210	162	CAC	0.06351335346698761	1	moderate	moderate	0.022	False	user_msa
Drosophila_ananassae_Drosophila_ananassae__LOC6504746__XP_032309021.1	211	211	211	163	ACC	0.06947372108697891	1	moderate	moderate	0.022	False	user_msa
Drosophila_biarmipes_Drosophila_biarmipes__LOC108031387__XP_050746516.1	211	211	211	163	ACC	0.06947372108697891	1	moderate	moderate	0.022	False	user_msa
Drosophila_mauritiana_Drosophila_mauritiana__LOC117148789__XP_033172290.1	211	211	211	163	ACC	0.06947372108697891	1	moderate	moderate	0.022	False	user_msa
Drosophila_melanogaster_Drosophila_melanogaster__Act5C__NP_511052.1	211	211	211	163	ACC	0.06947372108697891	1	moderate	moderate	0.022	False	user_msa
Drosophila_pseudoobscura_Drosophila_pseudoobscura__Act5C__XP_001354857.1	211	211	211	163	ACT	0.07474607974290848	1	moderate	moderate	0.022	False	user_msa
Drosophila_sechellia_Drosophila_sechellia__Act5C__XP_002036849.1	211	211	211	163	ACC	0.06947372108697891	1	moderate	moderate	0.022	False	user_msa
Drosophila_simulans_Drosophila_simulans__LOC6725225__XP_016038239.1	211	211	211	163	ACC	0.06947372108697891	1	moderate	moderate	0.022	False	user_msa
Drosophila_subobscura_Drosophila_subobscura__LOC117903845__XP_034672195.1	211	211	211	163	ACC	0.06947372108697891	1	moderate	moderate	0.022	False	user_msa
Drosophila_suzukii_Drosophila_suzukii__Act5C__XP_065724039.1	211	211	211	163	ACC	0.06947372108697891	1	moderate	moderate	0.022	False	user_msa
Drosophila_virilis_Drosophila_virilis__Act5C__XP_002059576.1	211	211	211	163	ACT	0.07474607974290848	1	moderate	moderate	0.022	False	user_msa
Drosophila_willistoni_Drosophila_willistoni__LOC6641346__XP_023031150.1	211	211	211	163	ACT	0.07474607974290848	1	moderate	moderate	0.022	False	user_msa
Drosophila_yakuba_Drosophila_yakuba__LOC6525488__XP_002101323.1	211	211	211	163	ACC	0.06947372108697891	1	moderate	moderate	0.022	False	user_msa
Drosophila_ananassae_Drosophila_ananassae__LOC6504746__XP_032309021.1	212	212	212	164	GTC	0.08163376897573471	1	moderate	moderate	0.022	False	user_msa
Drosophila_biarmipes_Drosophila_biarmipes__LOC108031387__XP_050746516.1	212	212	212	164	GTG	0.08536127209663391	1	moderate	moderate	0.022	False	user_msa
Drosophila_mauritiana_Drosophila_mauritiana__LOC117148789__XP_033172290.1	212	212	212	164	GTG	0.08536127209663391	1	moderate	moderate	0.022	False	user_msa
Drosophila_melanogaster_Drosophila_melanogaster__Act5C__NP_511052.1	212	212	212	164	GTG	0.08536127209663391	1	moderate	moderate	0.022	False	user_msa
Drosophila_pseudoobscura_Drosophila_pseudoobscura__Act5C__XP_001354857.1	212	212	212	164	GTC	0.08163376897573471	1	moderate	moderate	0.022	False	user_msa
Drosophila_sechellia_Drosophila_sechellia__Act5C__XP_002036849.1	212	212	212	164	GTG	0.08536127209663391	1	moderate	moderate	0.022	False	user_msa
Drosophila_simulans_Drosophila_simulans__LOC6725225__XP_016038239.1	212	212	212	164	GTG	0.08536127209663391	1	moderate	moderate	0.022	False	user_msa
Drosophila_subobscura_Drosophila_subobscura__LOC117903845__XP_034672195.1	212	212	212	164	GTC	0.08163376897573471	1	moderate	moderate	0.022	False	user_msa
Drosophila_suzukii_Drosophila_suzukii__Act5C__XP_065724039.1	212	212	212	164	GTC	0.08163376897573471	1	moderate	moderate	0.022	False	user_msa
Drosophila_virilis_Drosophila_virilis__Act5C__XP_002059576.1	212	212	212	164	GTG	0.08536127209663391	1	moderate	moderate	0.022	False	user_msa
Drosophila_willistoni_Drosophila_willistoni__LOC6641346__XP_023031150.1	212	212	212	164	GTG	0.08536127209663391	1	moderate	moderate	0.022	False	user_msa
Drosophila_yakuba_Drosophila_yakuba__LOC6525488__XP_002101323.1	212	212	212	164	GTG	0.08536127209663391	1	moderate	moderate	0.022	False	user_msa
Drosophila_ananassae_Drosophila_ananassae__LOC6504746__XP_032309021.1	213	213	213	165	CCC	0.06438560783863068	1	moderate	moderate	0.022	False	user_msa
Drosophila_biarmipes_Drosophila_biarmipes__LOC108031387__XP_050746516.1	213	213	213	165	CCC	0.06438560783863068	1	moderate	moderate	0.022	False	user_msa
Drosophila_mauritiana_Drosophila_mauritiana__LOC117148789__XP_033172290.1	213	213	213	165	CCC	0.06438560783863068	1	moderate	moderate	0.022	False	user_msa
Drosophila_melanogaster_Drosophila_melanogaster__Act5C__NP_511052.1	213	213	213	165	CCC	0.06438560783863068	1	moderate	moderate	0.022	False	user_msa
Drosophila_pseudoobscura_Drosophila_pseudoobscura__Act5C__XP_001354857.1	213	213	213	165	CCC	0.06438560783863068	1	moderate	moderate	0.022	False	user_msa
Drosophila_sechellia_Drosophila_sechellia__Act5C__XP_002036849.1	213	213	213	165	CCC	0.06438560783863068	1	moderate	moderate	0.022	False	user_msa
Drosophila_simulans_Drosophila_simulans__LOC6725225__XP_016038239.1	213	213	213	165	CCC	0.06438560783863068	1	moderate	moderate	0.022	False	user_msa
Drosophila_subobscura_Drosophila_subobscura__LOC117903845__XP_034672195.1	213	213	213	165	CCC	0.06438560783863068	1	moderate	moderate	0.022	False	user_msa
Drosophila_suzukii_Drosophila_suzukii__Act5C__XP_065724039.1	213	213	213	165	CCC	0.06438560783863068	1	moderate	moderate	0.022	False	user_msa
Drosophila_virilis_Drosophila_virilis__Act5C__XP_002059576.1	213	213	213	165	CCC	0.06438560783863068	1	moderate	moderate	0.022	False	user_msa
Drosophila_willistoni_Drosophila_willistoni__LOC6641346__XP_023031150.1	213	213	213	165	CCC	0.06438560783863068	1	moderate	moderate	0.022	False	user_msa
Drosophila_yakuba_Drosophila_yakuba__LOC6525488__XP_002101323.1	213	213	213	165	CCC	0.06438560783863068	1	moderate	moderate	0.022	False	user_msa
Drosophila_ananassae_Drosophila_ananassae__LOC6504746__XP_032309021.1	214	214	214	166	ATC	0.06270991265773773	1	moderate	moderate	0.022	False	user_msa
Drosophila_biarmipes_Drosophila_biarmipes__LOC108031387__XP_050746516.1	214	214	214	166	ATC	0.06270991265773773	1	moderate	moderate	0.022	False	user_msa
Drosophila_mauritiana_Drosophila_mauritiana__LOC117148789__XP_033172290.1	214	214	214	166	ATC	0.06270991265773773	1	moderate	moderate	0.022	False	user_msa
Drosophila_melanogaster_Drosophila_melanogaster__Act5C__NP_511052.1	214	214	214	166	ATC	0.06270991265773773	1	moderate	moderate	0.022	False	user_msa
Drosophila_pseudoobscura_Drosophila_pseudoobscura__Act5C__XP_001354857.1	214	214	214	166	ATC	0.06270991265773773	1	moderate	moderate	0.022	False	user_msa
Drosophila_sechellia_Drosophila_sechellia__Act5C__XP_002036849.1	214	214	214	166	ATC	0.06270991265773773	1	moderate	moderate	0.022	False	user_msa
Drosophila_simulans_Drosophila_simulans__LOC6725225__XP_016038239.1	214	214	214	166	ATC	0.06270991265773773	1	moderate	moderate	0.022	False	user_msa
Drosophila_subobscura_Drosophila_subobscura__LOC117903845__XP_034672195.1	214	214	214	166	ATC	0.06270991265773773	1	moderate	moderate	0.022	False	user_msa
Drosophila_suzukii_Drosophila_suzukii__Act5C__XP_065724039.1	214	214	214	166	ATC	0.06270991265773773	1	moderate	moderate	0.022	False	user_msa
Drosophila_virilis_Drosophila_virilis__Act5C__XP_002059576.1	214	214	214	166	ATC	0.06270991265773773	1	moderate	moderate	0.022	False	user_msa
Drosophila_willistoni_Drosophila_willistoni__LOC6641346__XP_023031150.1	214	214	214	166	ATC	0.06270991265773773	1	moderate	moderate	0.022	False	user_msa
Drosophila_yakuba_Drosophila_yakuba__LOC6525488__XP_002101323.1	214	214	214	166	ATC	0.06270991265773773	1	moderate	moderate	0.022	False	user_msa
Drosophila_ananassae_Drosophila_ananassae__LOC6504746__XP_032309021.1	215	215	215	167	TAT	0.08835120499134064	1	moderate	moderate	0.022	False	user_msa
Drosophila_biarmipes_Drosophila_biarmipes__LOC108031387__XP_050746516.1	215	215	215	167	TAC	0.08081165701150894	1	moderate	moderate	0.022	False	user_msa
Drosophila_mauritiana_Drosophila_mauritiana__LOC117148789__XP_033172290.1	215	215	215	167	TAC	0.08081165701150894	1	moderate	moderate	0.022	False	user_msa
Drosophila_melanogaster_Drosophila_melanogaster__Act5C__NP_511052.1	215	215	215	167	TAC	0.08081165701150894	1	moderate	moderate	0.022	False	user_msa
Drosophila_pseudoobscura_Drosophila_pseudoobscura__Act5C__XP_001354857.1	215	215	215	167	TAT	0.08835120499134064	1	moderate	moderate	0.022	False	user_msa
Drosophila_sechellia_Drosophila_sechellia__Act5C__XP_002036849.1	215	215	215	167	TAC	0.08081165701150894	1	moderate	moderate	0.022	False	user_msa
Drosophila_simulans_Drosophila_simulans__LOC6725225__XP_016038239.1	215	215	215	167	TAC	0.08081165701150894	1	moderate	moderate	0.022	False	user_msa
Drosophila_subobscura_Drosophila_subobscura__LOC117903845__XP_034672195.1	215	215	215	167	TAT	0.08835120499134064	1	moderate	moderate	0.022	False	user_msa
Drosophila_suzukii_Drosophila_suzukii__Act5C__XP_065724039.1	215	215	215	167	TAC	0.08081165701150894	1	moderate	moderate	0.022	False	user_msa
Drosophila_virilis_Drosophila_virilis__Act5C__XP_002059576.1	215	215	215	167	TAT	0.08835120499134064	1	moderate	moderate	0.022	False	user_msa
Drosophila_willistoni_Drosophila_willistoni__LOC6641346__XP_023031150.1	215	215	215	167	TAT	0.08835120499134064	1	moderate	moderate	0.022	False	user_msa
Drosophila_yakuba_Drosophila_yakuba__LOC6525488__XP_002101323.1	215	215	215	167	TAC	0.08081165701150894	1	moderate	moderate	0.022	False	user_msa
Drosophila_ananassae_Drosophila_ananassae__LOC6504746__XP_032309021.1	216	216	216	168	GAG	0.06738629192113876	1	moderate	moderate	0.022	False	user_msa
Drosophila_biarmipes_Drosophila_biarmipes__LOC108031387__XP_050746516.1	216	216	216	168	GAG	0.06738629192113876	1	moderate	moderate	0.022	False	user_msa
Drosophila_mauritiana_Drosophila_mauritiana__LOC117148789__XP_033172290.1	216	216	216	168	GAG	0.06738629192113876	1	moderate	moderate	0.022	False	user_msa
Drosophila_melanogaster_Drosophila_melanogaster__Act5C__NP_511052.1	216	216	216	168	GAG	0.06738629192113876	1	moderate	moderate	0.022	False	user_msa
Drosophila_pseudoobscura_Drosophila_pseudoobscura__Act5C__XP_001354857.1	216	216	216	168	GAG	0.06738629192113876	1	moderate	moderate	0.022	False	user_msa
Drosophila_sechellia_Drosophila_sechellia__Act5C__XP_002036849.1	216	216	216	168	GAG	0.06738629192113876	1	moderate	moderate	0.022	False	user_msa
Drosophila_simulans_Drosophila_simulans__LOC6725225__XP_016038239.1	216	216	216	168	GAG	0.06738629192113876	1	moderate	moderate	0.022	False	user_msa
Drosophila_subobscura_Drosophila_subobscura__LOC117903845__XP_034672195.1	216	216	216	168	GAG	0.06738629192113876	1	moderate	moderate	0.022	False	user_msa
Drosophila_suzukii_Drosophila_suzukii__Act5C__XP_065724039.1	216	216	216	168	GAG	0.06738629192113876	1	moderate	moderate	0.022	False	user_msa
Drosophila_virilis_Drosophila_virilis__Act5C__XP_002059576.1	216	216	216	168	GAG	0.06738629192113876	1	moderate	moderate	0.022	False	user_msa
Drosophila_willistoni_Drosophila_willistoni__LOC6641346__XP_023031150.1	216	216	216	168	GAG	0.06738629192113876	1	moderate	moderate	0.022	False	user_msa
Drosophila_yakuba_Drosophila_yakuba__LOC6525488__XP_002101323.1	216	216	216	168	GAG	0.06738629192113876	1	moderate	moderate	0.022	False	user_msa
Drosophila_ananassae_Drosophila_ananassae__LOC6504746__XP_032309021.1	217	217	217	169	GGT	0.08323008567094803	1	moderate	moderate	0.022	False	user_msa
Drosophila_biarmipes_Drosophila_biarmipes__LOC108031387__XP_050746516.1	217	217	217	169	GGT	0.08323008567094803	1	moderate	moderate	0.022	False	user_msa
Drosophila_mauritiana_Drosophila_mauritiana__LOC117148789__XP_033172290.1	217	217	217	169	GGT	0.08323008567094803	1	moderate	moderate	0.022	False	user_msa
Drosophila_melanogaster_Drosophila_melanogaster__Act5C__NP_511052.1	217	217	217	169	GGT	0.08323008567094803	1	moderate	moderate	0.022	False	user_msa
Drosophila_pseudoobscura_Drosophila_pseudoobscura__Act5C__XP_001354857.1	217	217	217	169	GGT	0.08323008567094803	1	moderate	moderate	0.022	False	user_msa
Drosophila_sechellia_Drosophila_sechellia__Act5C__XP_002036849.1	217	217	217	169	GGT	0.08323008567094803	1	moderate	moderate	0.022	False	user_msa
Drosophila_simulans_Drosophila_simulans__LOC6725225__XP_016038239.1	217	217	217	169	GGT	0.08323008567094803	1	moderate	moderate	0.022	False	user_msa
Drosophila_subobscura_Drosophila_subobscura__LOC117903845__XP_034672195.1	217	217	217	169	GGC	0.07609105855226517	1	moderate	moderate	0.022	False	user_msa
Drosophila_suzukii_Drosophila_suzukii__Act5C__XP_065724039.1	217	217	217	169	GGT	0.08323008567094803	1	moderate	moderate	0.022	False	user_msa
Drosophila_virilis_Drosophila_virilis__Act5C__XP_002059576.1	217	217	217	169	GGT	0.08323008567094803	1	moderate	moderate	0.022	False	user_msa
Drosophila_willistoni_Drosophila_willistoni__LOC6641346__XP_023031150.1	217	217	217	169	GGT	0.08323008567094803	1	moderate	moderate	0.022	False	user_msa
Drosophila_yakuba_Drosophila_yakuba__LOC6525488__XP_002101323.1	217	217	217	169	GGT	0.08323008567094803	1	moderate	moderate	0.022	False	user_msa
Drosophila_ananassae_Drosophila_ananassae__LOC6504746__XP_032309021.1	218	218	218	170	TAT	0.07241753488779068	1	moderate	moderate	0.022	False	user_msa
Drosophila_biarmipes_Drosophila_biarmipes__LOC108031387__XP_050746516.1	218	218	218	170	TAT	0.07241753488779068	1	moderate	moderate	0.022	False	user_msa
Drosophila_mauritiana_Drosophila_mauritiana__LOC117148789__XP_033172290.1	218	218	218	170	TAT	0.07241753488779068	1	moderate	moderate	0.022	False	user_msa
Drosophila_melanogaster_Drosophila_melanogaster__Act5C__NP_511052.1	218	218	218	170	TAT	0.07241753488779068	1	moderate	moderate	0.022	False	user_msa
Drosophila_pseudoobscura_Drosophila_pseudoobscura__Act5C__XP_001354857.1	218	218	218	170	TAT	0.07241753488779068	1	moderate	moderate	0.022	False	user_msa
Drosophila_sechellia_Drosophila_sechellia__Act5C__XP_002036849.1	218	218	218	170	TAT	0.07241753488779068	1	moderate	moderate	0.022	False	user_msa
Drosophila_simulans_Drosophila_simulans__LOC6725225__XP_016038239.1	218	218	218	170	TAT	0.07241753488779068	1	moderate	moderate	0.022	False	user_msa
Drosophila_subobscura_Drosophila_subobscura__LOC117903845__XP_034672195.1	218	218	218	170	TAT	0.07241753488779068	1	moderate	moderate	0.022	False	user_msa
Drosophila_suzukii_Drosophila_suzukii__Act5C__XP_065724039.1	218	218	218	170	TAT	0.07241753488779068	1	moderate	moderate	0.022	False	user_msa
Drosophila_virilis_Drosophila_virilis__Act5C__XP_002059576.1	218	218	218	170	TAT	0.07241753488779068	1	moderate	moderate	0.022	False	user_msa
Drosophila_willistoni_Drosophila_willistoni__LOC6641346__XP_023031150.1	218	218	218	170	TAT	0.07241753488779068	1	moderate	moderate	0.022	False	user_msa
Drosophila_yakuba_Drosophila_yakuba__LOC6525488__XP_002101323.1	218	218	218	170	TAT	0.07241753488779068	1	moderate	moderate	0.022	False	user_msa
Drosophila_ananassae_Drosophila_ananassae__LOC6504746__XP_032309021.1	219	219	219	171	GCT	0.10382706671953201	1	moderate	moderate	0.022	False	user_msa
Drosophila_biarmipes_Drosophila_biarmipes__LOC108031387__XP_050746516.1	219	219	219	171	GCC	0.09510466456413269	1	moderate	moderate	0.022	False	user_msa
Drosophila_mauritiana_Drosophila_mauritiana__LOC117148789__XP_033172290.1	219	219	219	171	GCC	0.09510466456413269	1	moderate	moderate	0.022	False	user_msa
Drosophila_melanogaster_Drosophila_melanogaster__Act5C__NP_511052.1	219	219	219	171	GCC	0.09510466456413269	1	moderate	moderate	0.022	False	user_msa
Drosophila_pseudoobscura_Drosophila_pseudoobscura__Act5C__XP_001354857.1	219	219	219	171	GCC	0.09510466456413269	1	moderate	moderate	0.022	False	user_msa
Drosophila_sechellia_Drosophila_sechellia__Act5C__XP_002036849.1	219	219	219	171	GCC	0.09510466456413269	1	moderate	moderate	0.022	False	user_msa
Drosophila_simulans_Drosophila_simulans__LOC6725225__XP_016038239.1	219	219	219	171	GCC	0.09510466456413269	1	moderate	moderate	0.022	False	user_msa
Drosophila_subobscura_Drosophila_subobscura__LOC117903845__XP_034672195.1	219	219	219	171	GCT	0.10382706671953201	1	moderate	moderate	0.022	False	user_msa
Drosophila_suzukii_Drosophila_suzukii__Act5C__XP_065724039.1	219	219	219	171	GCC	0.09510466456413269	1	moderate	moderate	0.022	False	user_msa
Drosophila_virilis_Drosophila_virilis__Act5C__XP_002059576.1	219	219	219	171	GCA	0.0909939855337143	1	moderate	moderate	0.022	False	user_msa
Drosophila_willistoni_Drosophila_willistoni__LOC6641346__XP_023031150.1	219	219	219	171	GCC	0.09510466456413269	1	moderate	moderate	0.022	False	user_msa
Drosophila_yakuba_Drosophila_yakuba__LOC6525488__XP_002101323.1	219	219	219	171	GCC	0.09510466456413269	1	moderate	moderate	0.022	False	user_msa
Drosophila_ananassae_Drosophila_ananassae__LOC6504746__XP_032309021.1	220	220	220	172	CTG	0.07260587811470032	1	moderate	moderate	0.022	False	user_msa
Drosophila_biarmipes_Drosophila_biarmipes__LOC108031387__XP_050746516.1	220	220	220	172	CTG	0.07260587811470032	1	moderate	moderate	0.022	False	user_msa
Drosophila_mauritiana_Drosophila_mauritiana__LOC117148789__XP_033172290.1	220	220	220	172	CTT	0.07439485192298889	1	moderate	moderate	0.022	False	user_msa
Drosophila_melanogaster_Drosophila_melanogaster__Act5C__NP_511052.1	220	220	220	172	CTT	0.07439485192298889	1	moderate	moderate	0.022	False	user_msa
Drosophila_pseudoobscura_Drosophila_pseudoobscura__Act5C__XP_001354857.1	220	220	220	172	CTG	0.07260587811470032	1	moderate	moderate	0.022	False	user_msa
Drosophila_sechellia_Drosophila_sechellia__Act5C__XP_002036849.1	220	220	220	172	CTT	0.07439485192298889	1	moderate	moderate	0.022	False	user_msa
Drosophila_simulans_Drosophila_simulans__LOC6725225__XP_016038239.1	220	220	220	172	CTT	0.07439485192298889	1	moderate	moderate	0.022	False	user_msa
Drosophila_subobscura_Drosophila_subobscura__LOC117903845__XP_034672195.1	220	220	220	172	CTG	0.07260587811470032	1	moderate	moderate	0.022	False	user_msa
Drosophila_suzukii_Drosophila_suzukii__Act5C__XP_065724039.1	220	220	220	172	CTG	0.07260587811470032	1	moderate	moderate	0.022	False	user_msa
Drosophila_virilis_Drosophila_virilis__Act5C__XP_002059576.1	220	220	220	172	TTG	0.39798271656036377	1	moderate	moderate	0.022	False	user_msa
Drosophila_willistoni_Drosophila_willistoni__LOC6641346__XP_023031150.1	220	220	220	172	CTG	0.07260587811470032	1	moderate	moderate	0.022	False	user_msa
Drosophila_yakuba_Drosophila_yakuba__LOC6525488__XP_002101323.1	220	220	220	172	CTG	0.07260587811470032	1	moderate	moderate	0.022	False	user_msa
Drosophila_ananassae_Drosophila_ananassae__LOC6504746__XP_032309021.1	221	221	221	173	CCC	0.09012467414140701	1	moderate	moderate	0.022	False	user_msa
Drosophila_biarmipes_Drosophila_biarmipes__LOC108031387__XP_050746516.1	221	221	221	173	CCC	0.09012467414140701	1	moderate	moderate	0.022	False	user_msa
Drosophila_mauritiana_Drosophila_mauritiana__LOC117148789__XP_033172290.1	221	221	221	173	CCC	0.09012467414140701	1	moderate	moderate	0.022	False	user_msa
Drosophila_melanogaster_Drosophila_melanogaster__Act5C__NP_511052.1	221	221	221	173	CCC	0.09012467414140701	1	moderate	moderate	0.022	False	user_msa
Drosophila_pseudoobscura_Drosophila_pseudoobscura__Act5C__XP_001354857.1	221	221	221	173	CCC	0.09012467414140701	1	moderate	moderate	0.022	False	user_msa
Drosophila_sechellia_Drosophila_sechellia__Act5C__XP_002036849.1	221	221	221	173	CCC	0.09012467414140701	1	moderate	moderate	0.022	False	user_msa
Drosophila_simulans_Drosophila_simulans__LOC6725225__XP_016038239.1	221	221	221	173	CCC	0.09012467414140701	1	moderate	moderate	0.022	False	user_msa
Drosophila_subobscura_Drosophila_subobscura__LOC117903845__XP_034672195.1	221	221	221	173	CCT	0.09843994677066803	1	moderate	moderate	0.022	False	user_msa
Drosophila_suzukii_Drosophila_suzukii__Act5C__XP_065724039.1	221	221	221	173	CCC	0.09012467414140701	1	moderate	moderate	0.022	False	user_msa
Drosophila_virilis_Drosophila_virilis__Act5C__XP_002059576.1	221	221	221	173	CCC	0.09012467414140701	1	moderate	moderate	0.022	False	user_msa
Drosophila_willistoni_Drosophila_willistoni__LOC6641346__XP_023031150.1	221	221	221	173	CCA	0.08620874583721161	1	moderate	moderate	0.022	False	user_msa
Drosophila_yakuba_Drosophila_yakuba__LOC6525488__XP_002101323.1	221	221	221	173	CCC	0.09012467414140701	1	moderate	moderate	0.022	False	user_msa
Drosophila_ananassae_Drosophila_ananassae__LOC6504746__XP_032309021.1	222	222	222	174	CAT	0.07536975294351578	1	moderate	moderate	0.022	False	user_msa
Drosophila_biarmipes_Drosophila_biarmipes__LOC108031387__XP_050746516.1	222	222	222	174	CAT	0.07536975294351578	1	moderate	moderate	0.022	False	user_msa
Drosophila_mauritiana_Drosophila_mauritiana__LOC117148789__XP_033172290.1	222	222	222	174	CAT	0.07536975294351578	1	moderate	moderate	0.022	False	user_msa
Drosophila_melanogaster_Drosophila_melanogaster__Act5C__NP_511052.1	222	222	222	174	CAT	0.07536975294351578	1	moderate	moderate	0.022	False	user_msa
Drosophila_pseudoobscura_Drosophila_pseudoobscura__Act5C__XP_001354857.1	222	222	222	174	CAC	0.0700351670384407	1	moderate	moderate	0.022	False	user_msa
Drosophila_sechellia_Drosophila_sechellia__Act5C__XP_002036849.1	222	222	222	174	CAT	0.07536975294351578	1	moderate	moderate	0.022	False	user_msa
Drosophila_simulans_Drosophila_simulans__LOC6725225__XP_016038239.1	222	222	222	174	CAT	0.07536975294351578	1	moderate	moderate	0.022	False	user_msa
Drosophila_subobscura_Drosophila_subobscura__LOC117903845__XP_034672195.1	222	222	222	174	CAC	0.0700351670384407	1	moderate	moderate	0.022	False	user_msa
Drosophila_suzukii_Drosophila_suzukii__Act5C__XP_065724039.1	222	222	222	174	CAT	0.07536975294351578	1	moderate	moderate	0.022	False	user_msa
Drosophila_virilis_Drosophila_virilis__Act5C__XP_002059576.1	222	222	222	174	CAT	0.07536975294351578	1	moderate	moderate	0.022	False	user_msa
Drosophila_willistoni_Drosophila_willistoni__LOC6641346__XP_023031150.1	222	222	222	174	CAT	0.07536975294351578	1	moderate	moderate	0.022	False	user_msa
Drosophila_yakuba_Drosophila_yakuba__LOC6525488__XP_002101323.1	222	222	222	174	CAT	0.07536975294351578	1	moderate	moderate	0.022	False	user_msa
Drosophila_ananassae_Drosophila_ananassae__LOC6504746__XP_032309021.1	223	223	223	175	GCC	0.06828197091817856	1	moderate	moderate	0.022	False	user_msa
Drosophila_biarmipes_Drosophila_biarmipes__LOC108031387__XP_050746516.1	223	223	223	175	GCC	0.06828197091817856	1	moderate	moderate	0.022	False	user_msa
Drosophila_mauritiana_Drosophila_mauritiana__LOC117148789__XP_033172290.1	223	223	223	175	GCC	0.06828197091817856	1	moderate	moderate	0.022	False	user_msa
Drosophila_melanogaster_Drosophila_melanogaster__Act5C__NP_511052.1	223	223	223	175	GCC	0.06828197091817856	1	moderate	moderate	0.022	False	user_msa
Drosophila_pseudoobscura_Drosophila_pseudoobscura__Act5C__XP_001354857.1	223	223	223	175	GCC	0.06828197091817856	1	moderate	moderate	0.022	False	user_msa
Drosophila_sechellia_Drosophila_sechellia__Act5C__XP_002036849.1	223	223	223	175	GCC	0.06828197091817856	1	moderate	moderate	0.022	False	user_msa
Drosophila_simulans_Drosophila_simulans__LOC6725225__XP_016038239.1	223	223	223	175	GCC	0.06828197091817856	1	moderate	moderate	0.022	False	user_msa
Drosophila_subobscura_Drosophila_subobscura__LOC117903845__XP_034672195.1	223	223	223	175	GCC	0.06828197091817856	1	moderate	moderate	0.022	False	user_msa
Drosophila_suzukii_Drosophila_suzukii__Act5C__XP_065724039.1	223	223	223	175	GCC	0.06828197091817856	1	moderate	moderate	0.022	False	user_msa
Drosophila_virilis_Drosophila_virilis__Act5C__XP_002059576.1	223	223	223	175	GCC	0.06828197091817856	1	moderate	moderate	0.022	False	user_msa
Drosophila_willistoni_Drosophila_willistoni__LOC6641346__XP_023031150.1	223	223	223	175	GCC	0.06828197091817856	1	moderate	moderate	0.022	False	user_msa
Drosophila_yakuba_Drosophila_yakuba__LOC6525488__XP_002101323.1	223	223	223	175	GCC	0.06828197091817856	1	moderate	moderate	0.022	False	user_msa
Drosophila_ananassae_Drosophila_ananassae__LOC6504746__XP_032309021.1	224	224	224	176	ATC	0.07255911082029343	1	moderate	moderate	0.022	False	user_msa
Drosophila_biarmipes_Drosophila_biarmipes__LOC108031387__XP_050746516.1	224	224	224	176	ATC	0.07255911082029343	1	moderate	moderate	0.022	False	user_msa
Drosophila_mauritiana_Drosophila_mauritiana__LOC117148789__XP_033172290.1	224	224	224	176	ATC	0.07255911082029343	1	moderate	moderate	0.022	False	user_msa
Drosophila_melanogaster_Drosophila_melanogaster__Act5C__NP_511052.1	224	224	224	176	ATC	0.07255911082029343	1	moderate	moderate	0.022	False	user_msa
Drosophila_pseudoobscura_Drosophila_pseudoobscura__Act5C__XP_001354857.1	224	224	224	176	ATC	0.07255911082029343	1	moderate	moderate	0.022	False	user_msa
Drosophila_sechellia_Drosophila_sechellia__Act5C__XP_002036849.1	224	224	224	176	ATC	0.07255911082029343	1	moderate	moderate	0.022	False	user_msa
Drosophila_simulans_Drosophila_simulans__LOC6725225__XP_016038239.1	224	224	224	176	ATC	0.07255911082029343	1	moderate	moderate	0.022	False	user_msa
Drosophila_subobscura_Drosophila_subobscura__LOC117903845__XP_034672195.1	224	224	224	176	ATC	0.07255911082029343	1	moderate	moderate	0.022	False	user_msa
Drosophila_suzukii_Drosophila_suzukii__Act5C__XP_065724039.1	224	224	224	176	ATC	0.07255911082029343	1	moderate	moderate	0.022	False	user_msa
Drosophila_virilis_Drosophila_virilis__Act5C__XP_002059576.1	224	224	224	176	ATT	0.07913719862699509	1	moderate	moderate	0.022	False	user_msa
Drosophila_willistoni_Drosophila_willistoni__LOC6641346__XP_023031150.1	224	224	224	176	ATC	0.07255911082029343	1	moderate	moderate	0.022	False	user_msa
Drosophila_yakuba_Drosophila_yakuba__LOC6525488__XP_002101323.1	224	224	224	176	ATC	0.07255911082029343	1	moderate	moderate	0.022	False	user_msa
Drosophila_ananassae_Drosophila_ananassae__LOC6504746__XP_032309021.1	225	225	225	177	CTC	0.07613351196050644	1	moderate	moderate	0.022	False	user_msa
Drosophila_biarmipes_Drosophila_biarmipes__LOC108031387__XP_050746516.1	225	225	225	177	CTG	0.0796317458152771	1	moderate	moderate	0.022	False	user_msa
Drosophila_mauritiana_Drosophila_mauritiana__LOC117148789__XP_033172290.1	225	225	225	177	CTG	0.0796317458152771	1	moderate	moderate	0.022	False	user_msa
Drosophila_melanogaster_Drosophila_melanogaster__Act5C__NP_511052.1	225	225	225	177	CTG	0.0796317458152771	1	moderate	moderate	0.022	False	user_msa
Drosophila_pseudoobscura_Drosophila_pseudoobscura__Act5C__XP_001354857.1	225	225	225	177	CTG	0.0796317458152771	1	moderate	moderate	0.022	False	user_msa
Drosophila_sechellia_Drosophila_sechellia__Act5C__XP_002036849.1	225	225	225	177	CTG	0.0796317458152771	1	moderate	moderate	0.022	False	user_msa
Drosophila_simulans_Drosophila_simulans__LOC6725225__XP_016038239.1	225	225	225	177	CTG	0.0796317458152771	1	moderate	moderate	0.022	False	user_msa
Drosophila_subobscura_Drosophila_subobscura__LOC117903845__XP_034672195.1	225	225	225	177	CTG	0.0796317458152771	1	moderate	moderate	0.022	False	user_msa
Drosophila_suzukii_Drosophila_suzukii__Act5C__XP_065724039.1	225	225	225	177	CTG	0.0796317458152771	1	moderate	moderate	0.022	False	user_msa
Drosophila_virilis_Drosophila_virilis__Act5C__XP_002059576.1	225	225	225	177	CTG	0.0796317458152771	1	moderate	moderate	0.022	False	user_msa
Drosophila_willistoni_Drosophila_willistoni__LOC6641346__XP_023031150.1	225	225	225	177	CTC	0.07613351196050644	1	moderate	moderate	0.022	False	user_msa
Drosophila_yakuba_Drosophila_yakuba__LOC6525488__XP_002101323.1	225	225	225	177	CTG	0.0796317458152771	1	moderate	moderate	0.022	False	user_msa
Drosophila_ananassae_Drosophila_ananassae__LOC6504746__XP_032309021.1	226	226	226	178	CGT	0.06578829139471054	1	moderate	moderate	0.022	False	user_msa
Drosophila_biarmipes_Drosophila_biarmipes__LOC108031387__XP_050746516.1	226	226	226	178	CGT	0.06578829139471054	1	moderate	moderate	0.022	False	user_msa
Drosophila_mauritiana_Drosophila_mauritiana__LOC117148789__XP_033172290.1	226	226	226	178	CGT	0.06578829139471054	1	moderate	moderate	0.022	False	user_msa
Drosophila_melanogaster_Drosophila_melanogaster__Act5C__NP_511052.1	226	226	226	178	CGT	0.06578829139471054	1	moderate	moderate	0.022	False	user_msa
Drosophila_pseudoobscura_Drosophila_pseudoobscura__Act5C__XP_001354857.1	226	226	226	178	CGT	0.06578829139471054	1	moderate	moderate	0.022	False	user_msa
Drosophila_sechellia_Drosophila_sechellia__Act5C__XP_002036849.1	226	226	226	178	CGT	0.06578829139471054	1	moderate	moderate	0.022	False	user_msa
Drosophila_simulans_Drosophila_simulans__LOC6725225__XP_016038239.1	226	226	226	178	CGT	0.06578829139471054	1	moderate	moderate	0.022	False	user_msa
Drosophila_subobscura_Drosophila_subobscura__LOC117903845__XP_034672195.1	226	226	226	178	CGT	0.06578829139471054	1	moderate	moderate	0.022	False	user_msa
Drosophila_suzukii_Drosophila_suzukii__Act5C__XP_065724039.1	226	226	226	178	CGT	0.06578829139471054	1	moderate	moderate	0.022	False	user_msa
Drosophila_virilis_Drosophila_virilis__Act5C__XP_002059576.1	226	226	226	178	CGT	0.06578829139471054	1	moderate	moderate	0.022	False	user_msa
Drosophila_willistoni_Drosophila_willistoni__LOC6641346__XP_023031150.1	226	226	226	178	CGT	0.06578829139471054	1	moderate	moderate	0.022	False	user_msa
Drosophila_yakuba_Drosophila_yakuba__LOC6525488__XP_002101323.1	226	226	226	178	CGT	0.06578829139471054	1	moderate	moderate	0.022	False	user_msa
Drosophila_ananassae_Drosophila_ananassae__LOC6504746__XP_032309021.1	227	227	227	179	TTG	0.2595057487487793	1	moderate	moderate	0.022	False	user_msa
Drosophila_biarmipes_Drosophila_biarmipes__LOC108031387__XP_050746516.1	227	227	227	179	CTG	0.061737965792417526	1	moderate	moderate	0.022	False	user_msa
Drosophila_mauritiana_Drosophila_mauritiana__LOC117148789__XP_033172290.1	227	227	227	179	CTG	0.061737965792417526	1	moderate	moderate	0.022	False	user_msa
Drosophila_melanogaster_Drosophila_melanogaster__Act5C__NP_511052.1	227	227	227	179	CTG	0.061737965792417526	1	moderate	moderate	0.022	False	user_msa
Drosophila_pseudoobscura_Drosophila_pseudoobscura__Act5C__XP_001354857.1	227	227	227	179	CTG	0.061737965792417526	1	moderate	moderate	0.022	False	user_msa
Drosophila_sechellia_Drosophila_sechellia__Act5C__XP_002036849.1	227	227	227	179	CTG	0.061737965792417526	1	moderate	moderate	0.022	False	user_msa
Drosophila_simulans_Drosophila_simulans__LOC6725225__XP_016038239.1	227	227	227	179	CTG	0.061737965792417526	1	moderate	moderate	0.022	False	user_msa
Drosophila_subobscura_Drosophila_subobscura__LOC117903845__XP_034672195.1	227	227	227	179	CTG	0.061737965792417526	1	moderate	moderate	0.022	False	user_msa
Drosophila_suzukii_Drosophila_suzukii__Act5C__XP_065724039.1	227	227	227	179	CTG	0.061737965792417526	1	moderate	moderate	0.022	False	user_msa
Drosophila_virilis_Drosophila_virilis__Act5C__XP_002059576.1	227	227	227	179	CTG	0.061737965792417526	1	moderate	moderate	0.022	False	user_msa
Drosophila_willistoni_Drosophila_willistoni__LOC6641346__XP_023031150.1	227	227	227	179	CTG	0.061737965792417526	1	moderate	moderate	0.022	False	user_msa
Drosophila_yakuba_Drosophila_yakuba__LOC6525488__XP_002101323.1	227	227	227	179	CTG	0.061737965792417526	1	moderate	moderate	0.022	False	user_msa
Drosophila_ananassae_Drosophila_ananassae__LOC6504746__XP_032309021.1	228	228	228	180	GAT	0.06772995740175247	1	moderate	moderate	0.022	False	user_msa
Drosophila_biarmipes_Drosophila_biarmipes__LOC108031387__XP_050746516.1	228	228	228	180	GAT	0.06772995740175247	1	moderate	moderate	0.022	False	user_msa
Drosophila_mauritiana_Drosophila_mauritiana__LOC117148789__XP_033172290.1	228	228	228	180	GAT	0.06772995740175247	1	moderate	moderate	0.022	False	user_msa
Drosophila_melanogaster_Drosophila_melanogaster__Act5C__NP_511052.1	228	228	228	180	GAT	0.06772995740175247	1	moderate	moderate	0.022	False	user_msa
Drosophila_pseudoobscura_Drosophila_pseudoobscura__Act5C__XP_001354857.1	228	228	228	180	GAT	0.06772995740175247	1	moderate	moderate	0.022	False	user_msa
Drosophila_sechellia_Drosophila_sechellia__Act5C__XP_002036849.1	228	228	228	180	GAT	0.06772995740175247	1	moderate	moderate	0.022	False	user_msa
Drosophila_simulans_Drosophila_simulans__LOC6725225__XP_016038239.1	228	228	228	180	GAT	0.06772995740175247	1	moderate	moderate	0.022	False	user_msa
Drosophila_subobscura_Drosophila_subobscura__LOC117903845__XP_034672195.1	228	228	228	180	GAT	0.06772995740175247	1	moderate	moderate	0.022	False	user_msa
Drosophila_suzukii_Drosophila_suzukii__Act5C__XP_065724039.1	228	228	228	180	GAT	0.06772995740175247	1	moderate	moderate	0.022	False	user_msa
Drosophila_virilis_Drosophila_virilis__Act5C__XP_002059576.1	228	228	228	180	GAT	0.06772995740175247	1	moderate	moderate	0.022	False	user_msa
Drosophila_willistoni_Drosophila_willistoni__LOC6641346__XP_023031150.1	228	228	228	180	GAT	0.06772995740175247	1	moderate	moderate	0.022	False	user_msa
Drosophila_yakuba_Drosophila_yakuba__LOC6525488__XP_002101323.1	228	228	228	180	GAT	0.06772995740175247	1	moderate	moderate	0.022	False	user_msa
Drosophila_ananassae_Drosophila_ananassae__LOC6504746__XP_032309021.1	229	229	229	181	CTG	0.03965799883008003	1	moderate	moderate	0.022	False	user_msa
Drosophila_biarmipes_Drosophila_biarmipes__LOC108031387__XP_050746516.1	229	229	229	181	CTG	0.03965799883008003	1	moderate	moderate	0.022	False	user_msa
Drosophila_mauritiana_Drosophila_mauritiana__LOC117148789__XP_033172290.1	229	229	229	181	CTG	0.03965799883008003	1	moderate	moderate	0.022	False	user_msa
Drosophila_melanogaster_Drosophila_melanogaster__Act5C__NP_511052.1	229	229	229	181	CTG	0.03965799883008003	1	moderate	moderate	0.022	False	user_msa
Drosophila_pseudoobscura_Drosophila_pseudoobscura__Act5C__XP_001354857.1	229	229	229	181	TTG	0.11229859292507172	1	moderate	moderate	0.022	False	user_msa
Drosophila_sechellia_Drosophila_sechellia__Act5C__XP_002036849.1	229	229	229	181	CTG	0.03965799883008003	1	moderate	moderate	0.022	False	user_msa
Drosophila_simulans_Drosophila_simulans__LOC6725225__XP_016038239.1	229	229	229	181	CTG	0.03965799883008003	1	moderate	moderate	0.022	False	user_msa
Drosophila_subobscura_Drosophila_subobscura__LOC117903845__XP_034672195.1	229	229	229	181	TTG	0.11229859292507172	1	moderate	moderate	0.022	False	user_msa
Drosophila_suzukii_Drosophila_suzukii__Act5C__XP_065724039.1	229	229	229	181	TTG	0.11229859292507172	1	moderate	moderate	0.022	False	user_msa
Drosophila_virilis_Drosophila_virilis__Act5C__XP_002059576.1	229	229	229	181	TTG	0.11229859292507172	1	moderate	moderate	0.022	False	user_msa
Drosophila_willistoni_Drosophila_willistoni__LOC6641346__XP_023031150.1	229	229	229	181	TTG	0.11229859292507172	1	moderate	moderate	0.022	False	user_msa
Drosophila_yakuba_Drosophila_yakuba__LOC6525488__XP_002101323.1	229	229	229	181	CTG	0.03965799883008003	1	moderate	moderate	0.022	False	user_msa
Drosophila_ananassae_Drosophila_ananassae__LOC6504746__XP_032309021.1	230	230	230	182	GCT	0.0835568755865097	1	moderate	moderate	0.022	False	user_msa
Drosophila_biarmipes_Drosophila_biarmipes__LOC108031387__XP_050746516.1	230	230	230	182	GCC	0.0763922855257988	1	moderate	moderate	0.022	False	user_msa
Drosophila_mauritiana_Drosophila_mauritiana__LOC117148789__XP_033172290.1	230	230	230	182	GCT	0.0835568755865097	1	moderate	moderate	0.022	False	user_msa
Drosophila_melanogaster_Drosophila_melanogaster__Act5C__NP_511052.1	230	230	230	182	GCT	0.0835568755865097	1	moderate	moderate	0.022	False	user_msa
Drosophila_pseudoobscura_Drosophila_pseudoobscura__Act5C__XP_001354857.1	230	230	230	182	GCC	0.0763922855257988	1	moderate	moderate	0.022	False	user_msa
Drosophila_sechellia_Drosophila_sechellia__Act5C__XP_002036849.1	230	230	230	182	GCT	0.0835568755865097	1	moderate	moderate	0.022	False	user_msa
Drosophila_simulans_Drosophila_simulans__LOC6725225__XP_016038239.1	230	230	230	182	GCT	0.0835568755865097	1	moderate	moderate	0.022	False	user_msa
Drosophila_subobscura_Drosophila_subobscura__LOC117903845__XP_034672195.1	230	230	230	182	GCC	0.0763922855257988	1	moderate	moderate	0.022	False	user_msa
Drosophila_suzukii_Drosophila_suzukii__Act5C__XP_065724039.1	230	230	230	182	GCC	0.0763922855257988	1	moderate	moderate	0.022	False	user_msa
Drosophila_virilis_Drosophila_virilis__Act5C__XP_002059576.1	230	230	230	182	GCC	0.0763922855257988	1	moderate	moderate	0.022	False	user_msa
Drosophila_willistoni_Drosophila_willistoni__LOC6641346__XP_023031150.1	230	230	230	182	GCC	0.0763922855257988	1	moderate	moderate	0.022	False	user_msa
Drosophila_yakuba_Drosophila_yakuba__LOC6525488__XP_002101323.1	230	230	230	182	GCT	0.0835568755865097	1	moderate	moderate	0.022	False	user_msa
Drosophila_ananassae_Drosophila_ananassae__LOC6504746__XP_032309021.1	231	231	231	183	GGT	0.07007713615894318	1	moderate	moderate	0.022	False	user_msa
Drosophila_biarmipes_Drosophila_biarmipes__LOC108031387__XP_050746516.1	231	231	231	183	GGT	0.07007713615894318	1	moderate	moderate	0.022	False	user_msa
Drosophila_mauritiana_Drosophila_mauritiana__LOC117148789__XP_033172290.1	231	231	231	183	GGT	0.07007713615894318	1	moderate	moderate	0.022	False	user_msa
Drosophila_melanogaster_Drosophila_melanogaster__Act5C__NP_511052.1	231	231	231	183	GGT	0.07007713615894318	1	moderate	moderate	0.022	False	user_msa
Drosophila_pseudoobscura_Drosophila_pseudoobscura__Act5C__XP_001354857.1	231	231	231	183	GGT	0.07007713615894318	1	moderate	moderate	0.022	False	user_msa
Drosophila_sechellia_Drosophila_sechellia__Act5C__XP_002036849.1	231	231	231	183	GGT	0.07007713615894318	1	moderate	moderate	0.022	False	user_msa
Drosophila_simulans_Drosophila_simulans__LOC6725225__XP_016038239.1	231	231	231	183	GGT	0.07007713615894318	1	moderate	moderate	0.022	False	user_msa
Drosophila_subobscura_Drosophila_subobscura__LOC117903845__XP_034672195.1	231	231	231	183	GGT	0.07007713615894318	1	moderate	moderate	0.022	False	user_msa
Drosophila_suzukii_Drosophila_suzukii__Act5C__XP_065724039.1	231	231	231	183	GGT	0.07007713615894318	1	moderate	moderate	0.022	False	user_msa
Drosophila_virilis_Drosophila_virilis__Act5C__XP_002059576.1	231	231	231	183	GGT	0.07007713615894318	1	moderate	moderate	0.022	False	user_msa
Drosophila_willistoni_Drosophila_willistoni__LOC6641346__XP_023031150.1	231	231	231	183	GGT	0.07007713615894318	1	moderate	moderate	0.022	False	user_msa
Drosophila_yakuba_Drosophila_yakuba__LOC6525488__XP_002101323.1	231	231	231	183	GGT	0.07007713615894318	1	moderate	moderate	0.022	False	user_msa
Drosophila_ananassae_Drosophila_ananassae__LOC6504746__XP_032309021.1	232	232	232	184	CGC	0.06540627777576447	1	moderate	moderate	0.022	False	user_msa
Drosophila_biarmipes_Drosophila_biarmipes__LOC108031387__XP_050746516.1	232	232	232	184	CGC	0.06540627777576447	1	moderate	moderate	0.022	False	user_msa
Drosophila_mauritiana_Drosophila_mauritiana__LOC117148789__XP_033172290.1	232	232	232	184	CGC	0.06540627777576447	1	moderate	moderate	0.022	False	user_msa
Drosophila_melanogaster_Drosophila_melanogaster__Act5C__NP_511052.1	232	232	232	184	CGC	0.06540627777576447	1	moderate	moderate	0.022	False	user_msa
Drosophila_pseudoobscura_Drosophila_pseudoobscura__Act5C__XP_001354857.1	232	232	232	184	CGC	0.06540627777576447	1	moderate	moderate	0.022	False	user_msa
Drosophila_sechellia_Drosophila_sechellia__Act5C__XP_002036849.1	232	232	232	184	CGC	0.06540627777576447	1	moderate	moderate	0.022	False	user_msa
Drosophila_simulans_Drosophila_simulans__LOC6725225__XP_016038239.1	232	232	232	184	CGC	0.06540627777576447	1	moderate	moderate	0.022	False	user_msa
Drosophila_subobscura_Drosophila_subobscura__LOC117903845__XP_034672195.1	232	232	232	184	CGC	0.06540627777576447	1	moderate	moderate	0.022	False	user_msa
Drosophila_suzukii_Drosophila_suzukii__Act5C__XP_065724039.1	232	232	232	184	CGC	0.06540627777576447	1	moderate	moderate	0.022	False	user_msa
Drosophila_virilis_Drosophila_virilis__Act5C__XP_002059576.1	232	232	232	184	CGC	0.06540627777576447	1	moderate	moderate	0.022	False	user_msa
Drosophila_willistoni_Drosophila_willistoni__LOC6641346__XP_023031150.1	232	232	232	184	CGC	0.06540627777576447	1	moderate	moderate	0.022	False	user_msa
Drosophila_yakuba_Drosophila_yakuba__LOC6525488__XP_002101323.1	232	232	232	184	CGC	0.06540627777576447	1	moderate	moderate	0.022	False	user_msa
Drosophila_ananassae_Drosophila_ananassae__LOC6504746__XP_032309021.1	233	233	233	185	GAT	0.06775392591953278	1	moderate	moderate	0.022	False	user_msa
Drosophila_biarmipes_Drosophila_biarmipes__LOC108031387__XP_050746516.1	233	233	233	185	GAT	0.06775392591953278	1	moderate	moderate	0.022	False	user_msa
Drosophila_mauritiana_Drosophila_mauritiana__LOC117148789__XP_033172290.1	233	233	233	185	GAT	0.06775392591953278	1	moderate	moderate	0.022	False	user_msa
Drosophila_melanogaster_Drosophila_melanogaster__Act5C__NP_511052.1	233	233	233	185	GAT	0.06775392591953278	1	moderate	moderate	0.022	False	user_msa
Drosophila_pseudoobscura_Drosophila_pseudoobscura__Act5C__XP_001354857.1	233	233	233	185	GAT	0.06775392591953278	1	moderate	moderate	0.022	False	user_msa
Drosophila_sechellia_Drosophila_sechellia__Act5C__XP_002036849.1	233	233	233	185	GAT	0.06775392591953278	1	moderate	moderate	0.022	False	user_msa
Drosophila_simulans_Drosophila_simulans__LOC6725225__XP_016038239.1	233	233	233	185	GAT	0.06775392591953278	1	moderate	moderate	0.022	False	user_msa
Drosophila_subobscura_Drosophila_subobscura__LOC117903845__XP_034672195.1	233	233	233	185	GAT	0.06775392591953278	1	moderate	moderate	0.022	False	user_msa
Drosophila_suzukii_Drosophila_suzukii__Act5C__XP_065724039.1	233	233	233	185	GAT	0.06775392591953278	1	moderate	moderate	0.022	False	user_msa
Drosophila_virilis_Drosophila_virilis__Act5C__XP_002059576.1	233	233	233	185	GAT	0.06775392591953278	1	moderate	moderate	0.022	False	user_msa
Drosophila_willistoni_Drosophila_willistoni__LOC6641346__XP_023031150.1	233	233	233	185	GAT	0.06775392591953278	1	moderate	moderate	0.022	False	user_msa
Drosophila_yakuba_Drosophila_yakuba__LOC6525488__XP_002101323.1	233	233	233	185	GAT	0.06775392591953278	1	moderate	moderate	0.022	False	user_msa
Drosophila_ananassae_Drosophila_ananassae__LOC6504746__XP_032309021.1	234	234	234	186	CTG	0.0329035259783268	1	moderate	moderate	0.022	False	user_msa
Drosophila_biarmipes_Drosophila_biarmipes__LOC108031387__XP_050746516.1	234	234	234	186	CTG	0.0329035259783268	1	moderate	moderate	0.022	False	user_msa
Drosophila_mauritiana_Drosophila_mauritiana__LOC117148789__XP_033172290.1	234	234	234	186	TTG	0.10415229201316833	1	moderate	moderate	0.022	False	user_msa
Drosophila_melanogaster_Drosophila_melanogaster__Act5C__NP_511052.1	234	234	234	186	TTG	0.10415229201316833	1	moderate	moderate	0.022	False	user_msa
Drosophila_pseudoobscura_Drosophila_pseudoobscura__Act5C__XP_001354857.1	234	234	234	186	CTG	0.0329035259783268	1	moderate	moderate	0.022	False	user_msa
Drosophila_sechellia_Drosophila_sechellia__Act5C__XP_002036849.1	234	234	234	186	TTG	0.10415229201316833	1	moderate	moderate	0.022	False	user_msa
Drosophila_simulans_Drosophila_simulans__LOC6725225__XP_016038239.1	234	234	234	186	TTG	0.10415229201316833	1	moderate	moderate	0.022	False	user_msa
Drosophila_subobscura_Drosophila_subobscura__LOC117903845__XP_034672195.1	234	234	234	186	CTG	0.0329035259783268	1	moderate	moderate	0.022	False	user_msa
Drosophila_suzukii_Drosophila_suzukii__Act5C__XP_065724039.1	234	234	234	186	CTG	0.0329035259783268	1	moderate	moderate	0.022	False	user_msa
Drosophila_virilis_Drosophila_virilis__Act5C__XP_002059576.1	234	234	234	186	CTG	0.0329035259783268	1	moderate	moderate	0.022	False	user_msa
Drosophila_willistoni_Drosophila_willistoni__LOC6641346__XP_023031150.1	234	234	234	186	TTG	0.10415229201316833	1	moderate	moderate	0.022	False	user_msa
Drosophila_yakuba_Drosophila_yakuba__LOC6525488__XP_002101323.1	234	234	234	186	TTG	0.10415229201316833	1	moderate	moderate	0.022	False	user_msa
Drosophila_ananassae_Drosophila_ananassae__LOC6504746__XP_032309021.1	235	235	235	187	ACC	0.0696919858455658	1	moderate	moderate	0.022	False	user_msa
Drosophila_biarmipes_Drosophila_biarmipes__LOC108031387__XP_050746516.1	235	235	235	187	ACC	0.0696919858455658	1	moderate	moderate	0.022	False	user_msa
Drosophila_mauritiana_Drosophila_mauritiana__LOC117148789__XP_033172290.1	235	235	235	187	ACC	0.0696919858455658	1	moderate	moderate	0.022	False	user_msa
Drosophila_melanogaster_Drosophila_melanogaster__Act5C__NP_511052.1	235	235	235	187	ACC	0.0696919858455658	1	moderate	moderate	0.022	False	user_msa
Drosophila_pseudoobscura_Drosophila_pseudoobscura__Act5C__XP_001354857.1	235	235	235	187	ACT	0.07487235218286514	1	moderate	moderate	0.022	False	user_msa
Drosophila_sechellia_Drosophila_sechellia__Act5C__XP_002036849.1	235	235	235	187	ACC	0.0696919858455658	1	moderate	moderate	0.022	False	user_msa
Drosophila_simulans_Drosophila_simulans__LOC6725225__XP_016038239.1	235	235	235	187	ACT	0.07487235218286514	1	moderate	moderate	0.022	False	user_msa
Drosophila_subobscura_Drosophila_subobscura__LOC117903845__XP_034672195.1	235	235	235	187	ACT	0.07487235218286514	1	moderate	moderate	0.022	False	user_msa
Drosophila_suzukii_Drosophila_suzukii__Act5C__XP_065724039.1	235	235	235	187	ACC	0.0696919858455658	1	moderate	moderate	0.022	False	user_msa
Drosophila_virilis_Drosophila_virilis__Act5C__XP_002059576.1	235	235	235	187	ACC	0.0696919858455658	1	moderate	moderate	0.022	False	user_msa
Drosophila_willistoni_Drosophila_willistoni__LOC6641346__XP_023031150.1	235	235	235	187	ACC	0.0696919858455658	1	moderate	moderate	0.022	False	user_msa
Drosophila_yakuba_Drosophila_yakuba__LOC6525488__XP_002101323.1	235	235	235	187	ACC	0.0696919858455658	1	moderate	moderate	0.022	False	user_msa
Drosophila_ananassae_Drosophila_ananassae__LOC6504746__XP_032309021.1	236	236	236	188	GAC	0.07872843742370605	1	moderate	moderate	0.022	False	user_msa
Drosophila_biarmipes_Drosophila_biarmipes__LOC108031387__XP_050746516.1	236	236	236	188	GAC	0.07872843742370605	1	moderate	moderate	0.022	False	user_msa
Drosophila_mauritiana_Drosophila_mauritiana__LOC117148789__XP_033172290.1	236	236	236	188	GAC	0.07872843742370605	1	moderate	moderate	0.022	False	user_msa
Drosophila_melanogaster_Drosophila_melanogaster__Act5C__NP_511052.1	236	236	236	188	GAC	0.07872843742370605	1	moderate	moderate	0.022	False	user_msa
Drosophila_pseudoobscura_Drosophila_pseudoobscura__Act5C__XP_001354857.1	236	236	236	188	GAC	0.07872843742370605	1	moderate	moderate	0.022	False	user_msa
Drosophila_sechellia_Drosophila_sechellia__Act5C__XP_002036849.1	236	236	236	188	GAC	0.07872843742370605	1	moderate	moderate	0.022	False	user_msa
Drosophila_simulans_Drosophila_simulans__LOC6725225__XP_016038239.1	236	236	236	188	GAC	0.07872843742370605	1	moderate	moderate	0.022	False	user_msa
Drosophila_subobscura_Drosophila_subobscura__LOC117903845__XP_034672195.1	236	236	236	188	GAC	0.07872843742370605	1	moderate	moderate	0.022	False	user_msa
Drosophila_suzukii_Drosophila_suzukii__Act5C__XP_065724039.1	236	236	236	188	GAC	0.07872843742370605	1	moderate	moderate	0.022	False	user_msa
Drosophila_virilis_Drosophila_virilis__Act5C__XP_002059576.1	236	236	236	188	GAT	0.0860917866230011	1	moderate	moderate	0.022	False	user_msa
Drosophila_willistoni_Drosophila_willistoni__LOC6641346__XP_023031150.1	236	236	236	188	GAC	0.07872843742370605	1	moderate	moderate	0.022	False	user_msa
Drosophila_yakuba_Drosophila_yakuba__LOC6525488__XP_002101323.1	236	236	236	188	GAC	0.07872843742370605	1	moderate	moderate	0.022	False	user_msa
Drosophila_ananassae_Drosophila_ananassae__LOC6504746__XP_032309021.1	237	237	237	189	TAC	0.08417293429374695	1	moderate	moderate	0.022	False	user_msa
Drosophila_biarmipes_Drosophila_biarmipes__LOC108031387__XP_050746516.1	237	237	237	189	TAC	0.08417293429374695	1	moderate	moderate	0.022	False	user_msa
Drosophila_mauritiana_Drosophila_mauritiana__LOC117148789__XP_033172290.1	237	237	237	189	TAC	0.08417293429374695	1	moderate	moderate	0.022	False	user_msa
Drosophila_melanogaster_Drosophila_melanogaster__Act5C__NP_511052.1	237	237	237	189	TAC	0.08417293429374695	1	moderate	moderate	0.022	False	user_msa
Drosophila_pseudoobscura_Drosophila_pseudoobscura__Act5C__XP_001354857.1	237	237	237	189	TAC	0.08417293429374695	1	moderate	moderate	0.022	False	user_msa
Drosophila_sechellia_Drosophila_sechellia__Act5C__XP_002036849.1	237	237	237	189	TAC	0.08417293429374695	1	moderate	moderate	0.022	False	user_msa
Drosophila_simulans_Drosophila_simulans__LOC6725225__XP_016038239.1	237	237	237	189	TAC	0.08417293429374695	1	moderate	moderate	0.022	False	user_msa
Drosophila_subobscura_Drosophila_subobscura__LOC117903845__XP_034672195.1	237	237	237	189	TAC	0.08417293429374695	1	moderate	moderate	0.022	False	user_msa
Drosophila_suzukii_Drosophila_suzukii__Act5C__XP_065724039.1	237	237	237	189	TAC	0.08417293429374695	1	moderate	moderate	0.022	False	user_msa
Drosophila_virilis_Drosophila_virilis__Act5C__XP_002059576.1	237	237	237	189	TAC	0.08417293429374695	1	moderate	moderate	0.022	False	user_msa
Drosophila_willistoni_Drosophila_willistoni__LOC6641346__XP_023031150.1	237	237	237	189	TAT	0.09199463576078415	1	moderate	moderate	0.022	False	user_msa
Drosophila_yakuba_Drosophila_yakuba__LOC6525488__XP_002101323.1	237	237	237	189	TAC	0.08417293429374695	1	moderate	moderate	0.022	False	user_msa
Drosophila_ananassae_Drosophila_ananassae__LOC6504746__XP_032309021.1	238	238	238	190	CTG	0.06654824316501617	1	moderate	moderate	0.022	False	user_msa
Drosophila_biarmipes_Drosophila_biarmipes__LOC108031387__XP_050746516.1	238	238	238	190	CTG	0.06654824316501617	1	moderate	moderate	0.022	False	user_msa
Drosophila_mauritiana_Drosophila_mauritiana__LOC117148789__XP_033172290.1	238	238	238	190	CTG	0.06654824316501617	1	moderate	moderate	0.022	False	user_msa
Drosophila_melanogaster_Drosophila_melanogaster__Act5C__NP_511052.1	238	238	238	190	CTG	0.06654824316501617	1	moderate	moderate	0.022	False	user_msa
Drosophila_pseudoobscura_Drosophila_pseudoobscura__Act5C__XP_001354857.1	238	238	238	190	CTG	0.06654824316501617	1	moderate	moderate	0.022	False	user_msa
Drosophila_sechellia_Drosophila_sechellia__Act5C__XP_002036849.1	238	238	238	190	CTG	0.06654824316501617	1	moderate	moderate	0.022	False	user_msa
Drosophila_simulans_Drosophila_simulans__LOC6725225__XP_016038239.1	238	238	238	190	CTG	0.06654824316501617	1	moderate	moderate	0.022	False	user_msa
Drosophila_subobscura_Drosophila_subobscura__LOC117903845__XP_034672195.1	238	238	238	190	CTG	0.06654824316501617	1	moderate	moderate	0.022	False	user_msa
Drosophila_suzukii_Drosophila_suzukii__Act5C__XP_065724039.1	238	238	238	190	CTG	0.06654824316501617	1	moderate	moderate	0.022	False	user_msa
Drosophila_virilis_Drosophila_virilis__Act5C__XP_002059576.1	238	238	238	190	CTG	0.06654824316501617	1	moderate	moderate	0.022	False	user_msa
Drosophila_willistoni_Drosophila_willistoni__LOC6641346__XP_023031150.1	238	238	238	190	CTG	0.06654824316501617	1	moderate	moderate	0.022	False	user_msa
Drosophila_yakuba_Drosophila_yakuba__LOC6525488__XP_002101323.1	238	238	238	190	CTG	0.06654824316501617	1	moderate	moderate	0.022	False	user_msa
Drosophila_ananassae_Drosophila_ananassae__LOC6504746__XP_032309021.1	239	239	239	191	ATG	0.06312552094459534	1	moderate	moderate	0.022	False	user_msa
Drosophila_biarmipes_Drosophila_biarmipes__LOC108031387__XP_050746516.1	239	239	239	191	ATG	0.06312552094459534	1	moderate	moderate	0.022	False	user_msa
Drosophila_mauritiana_Drosophila_mauritiana__LOC117148789__XP_033172290.1	239	239	239	191	ATG	0.06312552094459534	1	moderate	moderate	0.022	False	user_msa
Drosophila_melanogaster_Drosophila_melanogaster__Act5C__NP_511052.1	239	239	239	191	ATG	0.06312552094459534	1	moderate	moderate	0.022	False	user_msa
Drosophila_pseudoobscura_Drosophila_pseudoobscura__Act5C__XP_001354857.1	239	239	239	191	ATG	0.06312552094459534	1	moderate	moderate	0.022	False	user_msa
Drosophila_sechellia_Drosophila_sechellia__Act5C__XP_002036849.1	239	239	239	191	ATG	0.06312552094459534	1	moderate	moderate	0.022	False	user_msa
Drosophila_simulans_Drosophila_simulans__LOC6725225__XP_016038239.1	239	239	239	191	ATG	0.06312552094459534	1	moderate	moderate	0.022	False	user_msa
Drosophila_subobscura_Drosophila_subobscura__LOC117903845__XP_034672195.1	239	239	239	191	ATG	0.06312552094459534	1	moderate	moderate	0.022	False	user_msa
Drosophila_suzukii_Drosophila_suzukii__Act5C__XP_065724039.1	239	239	239	191	ATG	0.06312552094459534	1	moderate	moderate	0.022	False	user_msa
Drosophila_virilis_Drosophila_virilis__Act5C__XP_002059576.1	239	239	239	191	ATG	0.06312552094459534	1	moderate	moderate	0.022	False	user_msa
Drosophila_willistoni_Drosophila_willistoni__LOC6641346__XP_023031150.1	239	239	239	191	ATG	0.06312552094459534	1	moderate	moderate	0.022	False	user_msa
Drosophila_yakuba_Drosophila_yakuba__LOC6525488__XP_002101323.1	239	239	239	191	ATG	0.06312552094459534	1	moderate	moderate	0.022	False	user_msa
Drosophila_ananassae_Drosophila_ananassae__LOC6504746__XP_032309021.1	240	240	240	192	AAG	0.06066899746656418	1	moderate	moderate	0.022	False	user_msa
Drosophila_biarmipes_Drosophila_biarmipes__LOC108031387__XP_050746516.1	240	240	240	192	AAG	0.06066899746656418	1	moderate	moderate	0.022	False	user_msa
Drosophila_mauritiana_Drosophila_mauritiana__LOC117148789__XP_033172290.1	240	240	240	192	AAG	0.06066899746656418	1	moderate	moderate	0.022	False	user_msa
Drosophila_melanogaster_Drosophila_melanogaster__Act5C__NP_511052.1	240	240	240	192	AAG	0.06066899746656418	1	moderate	moderate	0.022	False	user_msa
Drosophila_pseudoobscura_Drosophila_pseudoobscura__Act5C__XP_001354857.1	240	240	240	192	AAG	0.06066899746656418	1	moderate	moderate	0.022	False	user_msa
Drosophila_sechellia_Drosophila_sechellia__Act5C__XP_002036849.1	240	240	240	192	AAG	0.06066899746656418	1	moderate	moderate	0.022	False	user_msa
Drosophila_simulans_Drosophila_simulans__LOC6725225__XP_016038239.1	240	240	240	192	AAG	0.06066899746656418	1	moderate	moderate	0.022	False	user_msa
Drosophila_subobscura_Drosophila_subobscura__LOC117903845__XP_034672195.1	240	240	240	192	AAG	0.06066899746656418	1	moderate	moderate	0.022	False	user_msa
Drosophila_suzukii_Drosophila_suzukii__Act5C__XP_065724039.1	240	240	240	192	AAG	0.06066899746656418	1	moderate	moderate	0.022	False	user_msa
Drosophila_virilis_Drosophila_virilis__Act5C__XP_002059576.1	240	240	240	192	AAG	0.06066899746656418	1	moderate	moderate	0.022	False	user_msa
Drosophila_willistoni_Drosophila_willistoni__LOC6641346__XP_023031150.1	240	240	240	192	AAG	0.06066899746656418	1	moderate	moderate	0.022	False	user_msa
Drosophila_yakuba_Drosophila_yakuba__LOC6525488__XP_002101323.1	240	240	240	192	AAG	0.06066899746656418	1	moderate	moderate	0.022	False	user_msa
Drosophila_ananassae_Drosophila_ananassae__LOC6504746__XP_032309021.1	241	241	241	193	ATC	0.06293316185474396	1	moderate	moderate	0.022	False	user_msa
Drosophila_biarmipes_Drosophila_biarmipes__LOC108031387__XP_050746516.1	241	241	241	193	ATC	0.06293316185474396	1	moderate	moderate	0.022	False	user_msa
Drosophila_mauritiana_Drosophila_mauritiana__LOC117148789__XP_033172290.1	241	241	241	193	ATC	0.06293316185474396	1	moderate	moderate	0.022	False	user_msa
Drosophila_melanogaster_Drosophila_melanogaster__Act5C__NP_511052.1	241	241	241	193	ATC	0.06293316185474396	1	moderate	moderate	0.022	False	user_msa
Drosophila_pseudoobscura_Drosophila_pseudoobscura__Act5C__XP_001354857.1	241	241	241	193	ATC	0.06293316185474396	1	moderate	moderate	0.022	False	user_msa
Drosophila_sechellia_Drosophila_sechellia__Act5C__XP_002036849.1	241	241	241	193	ATC	0.06293316185474396	1	moderate	moderate	0.022	False	user_msa
Drosophila_simulans_Drosophila_simulans__LOC6725225__XP_016038239.1	241	241	241	193	ATC	0.06293316185474396	1	moderate	moderate	0.022	False	user_msa
Drosophila_subobscura_Drosophila_subobscura__LOC117903845__XP_034672195.1	241	241	241	193	ATC	0.06293316185474396	1	moderate	moderate	0.022	False	user_msa
Drosophila_suzukii_Drosophila_suzukii__Act5C__XP_065724039.1	241	241	241	193	ATC	0.06293316185474396	1	moderate	moderate	0.022	False	user_msa
Drosophila_virilis_Drosophila_virilis__Act5C__XP_002059576.1	241	241	241	193	ATC	0.06293316185474396	1	moderate	moderate	0.022	False	user_msa
Drosophila_willistoni_Drosophila_willistoni__LOC6641346__XP_023031150.1	241	241	241	193	ATC	0.06293316185474396	1	moderate	moderate	0.022	False	user_msa
Drosophila_yakuba_Drosophila_yakuba__LOC6525488__XP_002101323.1	241	241	241	193	ATC	0.06293316185474396	1	moderate	moderate	0.022	False	user_msa
Drosophila_ananassae_Drosophila_ananassae__LOC6504746__XP_032309021.1	242	242	242	194	CTC	0.07671082764863968	1	moderate	moderate	0.022	False	user_msa
Drosophila_biarmipes_Drosophila_biarmipes__LOC108031387__XP_050746516.1	242	242	242	194	CTG	0.08023321628570557	1	moderate	moderate	0.022	False	user_msa
Drosophila_mauritiana_Drosophila_mauritiana__LOC117148789__XP_033172290.1	242	242	242	194	CTG	0.08023321628570557	1	moderate	moderate	0.022	False	user_msa
Drosophila_melanogaster_Drosophila_melanogaster__Act5C__NP_511052.1	242	242	242	194	CTG	0.08023321628570557	1	moderate	moderate	0.022	False	user_msa
Drosophila_pseudoobscura_Drosophila_pseudoobscura__Act5C__XP_001354857.1	242	242	242	194	CTC	0.07671082764863968	1	moderate	moderate	0.022	False	user_msa
Drosophila_sechellia_Drosophila_sechellia__Act5C__XP_002036849.1	242	242	242	194	CTG	0.08023321628570557	1	moderate	moderate	0.022	False	user_msa
Drosophila_simulans_Drosophila_simulans__LOC6725225__XP_016038239.1	242	242	242	194	CTG	0.08023321628570557	1	moderate	moderate	0.022	False	user_msa
Drosophila_subobscura_Drosophila_subobscura__LOC117903845__XP_034672195.1	242	242	242	194	CTC	0.07671082764863968	1	moderate	moderate	0.022	False	user_msa
Drosophila_suzukii_Drosophila_suzukii__Act5C__XP_065724039.1	242	242	242	194	CTG	0.08023321628570557	1	moderate	moderate	0.022	False	user_msa
Drosophila_virilis_Drosophila_virilis__Act5C__XP_002059576.1	242	242	242	194	CTC	0.07671082764863968	1	moderate	moderate	0.022	False	user_msa
Drosophila_willistoni_Drosophila_willistoni__LOC6641346__XP_023031150.1	242	242	242	194	CTC	0.07671082764863968	1	moderate	moderate	0.022	False	user_msa
Drosophila_yakuba_Drosophila_yakuba__LOC6525488__XP_002101323.1	242	242	242	194	CTG	0.08023321628570557	1	moderate	moderate	0.022	False	user_msa
Drosophila_ananassae_Drosophila_ananassae__LOC6504746__XP_032309021.1	243	243	243	195	ACC	0.08342044800519943	1	moderate	moderate	0.022	False	user_msa
Drosophila_biarmipes_Drosophila_biarmipes__LOC108031387__XP_050746516.1	243	243	243	195	ACG	0.08722177892923355	1	moderate	moderate	0.022	False	user_msa
Drosophila_mauritiana_Drosophila_mauritiana__LOC117148789__XP_033172290.1	243	243	243	195	ACC	0.08342044800519943	1	moderate	moderate	0.022	False	user_msa
Drosophila_melanogaster_Drosophila_melanogaster__Act5C__NP_511052.1	243	243	243	195	ACC	0.08342044800519943	1	moderate	moderate	0.022	False	user_msa
Drosophila_pseudoobscura_Drosophila_pseudoobscura__Act5C__XP_001354857.1	243	243	243	195	ACG	0.08722177892923355	1	moderate	moderate	0.022	False	user_msa
Drosophila_sechellia_Drosophila_sechellia__Act5C__XP_002036849.1	243	243	243	195	ACC	0.08342044800519943	1	moderate	moderate	0.022	False	user_msa
Drosophila_simulans_Drosophila_simulans__LOC6725225__XP_016038239.1	243	243	243	195	ACC	0.08342044800519943	1	moderate	moderate	0.022	False	user_msa
Drosophila_subobscura_Drosophila_subobscura__LOC117903845__XP_034672195.1	243	243	243	195	ACT	0.09117911010980606	1	moderate	moderate	0.022	False	user_msa
Drosophila_suzukii_Drosophila_suzukii__Act5C__XP_065724039.1	243	243	243	195	ACG	0.08722177892923355	1	moderate	moderate	0.022	False	user_msa
Drosophila_virilis_Drosophila_virilis__Act5C__XP_002059576.1	243	243	243	195	ACG	0.08722177892923355	1	moderate	moderate	0.022	False	user_msa
Drosophila_willistoni_Drosophila_willistoni__LOC6641346__XP_023031150.1	243	243	243	195	ACC	0.08342044800519943	1	moderate	moderate	0.022	False	user_msa
Drosophila_yakuba_Drosophila_yakuba__LOC6525488__XP_002101323.1	243	243	243	195	ACC	0.08342044800519943	1	moderate	moderate	0.022	False	user_msa
Drosophila_ananassae_Drosophila_ananassae__LOC6504746__XP_032309021.1	244	244	244	196	GAG	0.0675201341509819	1	moderate	moderate	0.022	False	user_msa
Drosophila_biarmipes_Drosophila_biarmipes__LOC108031387__XP_050746516.1	244	244	244	196	GAG	0.0675201341509819	1	moderate	moderate	0.022	False	user_msa
Drosophila_mauritiana_Drosophila_mauritiana__LOC117148789__XP_033172290.1	244	244	244	196	GAG	0.0675201341509819	1	moderate	moderate	0.022	False	user_msa
Drosophila_melanogaster_Drosophila_melanogaster__Act5C__NP_511052.1	244	244	244	196	GAG	0.0675201341509819	1	moderate	moderate	0.022	False	user_msa
Drosophila_pseudoobscura_Drosophila_pseudoobscura__Act5C__XP_001354857.1	244	244	244	196	GAG	0.0675201341509819	1	moderate	moderate	0.022	False	user_msa
Drosophila_sechellia_Drosophila_sechellia__Act5C__XP_002036849.1	244	244	244	196	GAG	0.0675201341509819	1	moderate	moderate	0.022	False	user_msa
Drosophila_simulans_Drosophila_simulans__LOC6725225__XP_016038239.1	244	244	244	196	GAG	0.0675201341509819	1	moderate	moderate	0.022	False	user_msa
Drosophila_subobscura_Drosophila_subobscura__LOC117903845__XP_034672195.1	244	244	244	196	GAG	0.0675201341509819	1	moderate	moderate	0.022	False	user_msa
Drosophila_suzukii_Drosophila_suzukii__Act5C__XP_065724039.1	244	244	244	196	GAG	0.0675201341509819	1	moderate	moderate	0.022	False	user_msa
Drosophila_virilis_Drosophila_virilis__Act5C__XP_002059576.1	244	244	244	196	GAG	0.0675201341509819	1	moderate	moderate	0.022	False	user_msa
Drosophila_willistoni_Drosophila_willistoni__LOC6641346__XP_023031150.1	244	244	244	196	GAG	0.0675201341509819	1	moderate	moderate	0.022	False	user_msa
Drosophila_yakuba_Drosophila_yakuba__LOC6525488__XP_002101323.1	244	244	244	196	GAG	0.0675201341509819	1	moderate	moderate	0.022	False	user_msa
Drosophila_ananassae_Drosophila_ananassae__LOC6504746__XP_032309021.1	245	245	245	197	CGT	0.07955770939588547	1	moderate	moderate	0.022	False	user_msa
Drosophila_biarmipes_Drosophila_biarmipes__LOC108031387__XP_050746516.1	245	245	245	197	CGC	0.0732424408197403	1	moderate	moderate	0.022	False	user_msa
Drosophila_mauritiana_Drosophila_mauritiana__LOC117148789__XP_033172290.1	245	245	245	197	CGC	0.0732424408197403	1	moderate	moderate	0.022	False	user_msa
Drosophila_melanogaster_Drosophila_melanogaster__Act5C__NP_511052.1	245	245	245	197	CGC	0.0732424408197403	1	moderate	moderate	0.022	False	user_msa
Drosophila_pseudoobscura_Drosophila_pseudoobscura__Act5C__XP_001354857.1	245	245	245	197	CGT	0.07955770939588547	1	moderate	moderate	0.022	False	user_msa
Drosophila_sechellia_Drosophila_sechellia__Act5C__XP_002036849.1	245	245	245	197	CGT	0.07955770939588547	1	moderate	moderate	0.022	False	user_msa
Drosophila_simulans_Drosophila_simulans__LOC6725225__XP_016038239.1	245	245	245	197	CGC	0.0732424408197403	1	moderate	moderate	0.022	False	user_msa
Drosophila_subobscura_Drosophila_subobscura__LOC117903845__XP_034672195.1	245	245	245	197	CGT	0.07955770939588547	1	moderate	moderate	0.022	False	user_msa
Drosophila_suzukii_Drosophila_suzukii__Act5C__XP_065724039.1	245	245	245	197	CGC	0.0732424408197403	1	moderate	moderate	0.022	False	user_msa
Drosophila_virilis_Drosophila_virilis__Act5C__XP_002059576.1	245	245	245	197	CGT	0.07955770939588547	1	moderate	moderate	0.022	False	user_msa
Drosophila_willistoni_Drosophila_willistoni__LOC6641346__XP_023031150.1	245	245	245	197	CGT	0.07955770939588547	1	moderate	moderate	0.022	False	user_msa
Drosophila_yakuba_Drosophila_yakuba__LOC6525488__XP_002101323.1	245	245	245	197	CGC	0.0732424408197403	1	moderate	moderate	0.022	False	user_msa
Drosophila_ananassae_Drosophila_ananassae__LOC6504746__XP_032309021.1	246	246	246	198	GGC	0.07729054242372513	1	moderate	moderate	0.022	False	user_msa
Drosophila_biarmipes_Drosophila_biarmipes__LOC108031387__XP_050746516.1	246	246	246	198	GGC	0.07729054242372513	1	moderate	moderate	0.022	False	user_msa
Drosophila_mauritiana_Drosophila_mauritiana__LOC117148789__XP_033172290.1	246	246	246	198	GGT	0.08453179895877838	1	moderate	moderate	0.022	False	user_msa
Drosophila_melanogaster_Drosophila_melanogaster__Act5C__NP_511052.1	246	246	246	198	GGT	0.08453179895877838	1	moderate	moderate	0.022	False	user_msa
Drosophila_pseudoobscura_Drosophila_pseudoobscura__Act5C__XP_001354857.1	246	246	246	198	GGC	0.07729054242372513	1	moderate	moderate	0.022	False	user_msa
Drosophila_sechellia_Drosophila_sechellia__Act5C__XP_002036849.1	246	246	246	198	GGT	0.08453179895877838	1	moderate	moderate	0.022	False	user_msa
Drosophila_simulans_Drosophila_simulans__LOC6725225__XP_016038239.1	246	246	246	198	GGT	0.08453179895877838	1	moderate	moderate	0.022	False	user_msa
Drosophila_subobscura_Drosophila_subobscura__LOC117903845__XP_034672195.1	246	246	246	198	GGC	0.07729054242372513	1	moderate	moderate	0.022	False	user_msa
Drosophila_suzukii_Drosophila_suzukii__Act5C__XP_065724039.1	246	246	246	198	GGT	0.08453179895877838	1	moderate	moderate	0.022	False	user_msa
Drosophila_virilis_Drosophila_virilis__Act5C__XP_002059576.1	246	246	246	198	GGC	0.07729054242372513	1	moderate	moderate	0.022	False	user_msa
Drosophila_willistoni_Drosophila_willistoni__LOC6641346__XP_023031150.1	246	246	246	198	GGT	0.08453179895877838	1	moderate	moderate	0.022	False	user_msa
Drosophila_yakuba_Drosophila_yakuba__LOC6525488__XP_002101323.1	246	246	246	198	GGT	0.08453179895877838	1	moderate	moderate	0.022	False	user_msa
Drosophila_ananassae_Drosophila_ananassae__LOC6504746__XP_032309021.1	247	247	247	199	TAC	0.07195625454187393	1	moderate	moderate	0.022	False	user_msa
Drosophila_biarmipes_Drosophila_biarmipes__LOC108031387__XP_050746516.1	247	247	247	199	TAC	0.07195625454187393	1	moderate	moderate	0.022	False	user_msa
Drosophila_mauritiana_Drosophila_mauritiana__LOC117148789__XP_033172290.1	247	247	247	199	TAC	0.07195625454187393	1	moderate	moderate	0.022	False	user_msa
Drosophila_melanogaster_Drosophila_melanogaster__Act5C__NP_511052.1	247	247	247	199	TAC	0.07195625454187393	1	moderate	moderate	0.022	False	user_msa
Drosophila_pseudoobscura_Drosophila_pseudoobscura__Act5C__XP_001354857.1	247	247	247	199	TAC	0.07195625454187393	1	moderate	moderate	0.022	False	user_msa
Drosophila_sechellia_Drosophila_sechellia__Act5C__XP_002036849.1	247	247	247	199	TAC	0.07195625454187393	1	moderate	moderate	0.022	False	user_msa
Drosophila_simulans_Drosophila_simulans__LOC6725225__XP_016038239.1	247	247	247	199	TAC	0.07195625454187393	1	moderate	moderate	0.022	False	user_msa
Drosophila_subobscura_Drosophila_subobscura__LOC117903845__XP_034672195.1	247	247	247	199	TAC	0.07195625454187393	1	moderate	moderate	0.022	False	user_msa
Drosophila_suzukii_Drosophila_suzukii__Act5C__XP_065724039.1	247	247	247	199	TAC	0.07195625454187393	1	moderate	moderate	0.022	False	user_msa
Drosophila_virilis_Drosophila_virilis__Act5C__XP_002059576.1	247	247	247	199	TAC	0.07195625454187393	1	moderate	moderate	0.022	False	user_msa
Drosophila_willistoni_Drosophila_willistoni__LOC6641346__XP_023031150.1	247	247	247	199	TAC	0.07195625454187393	1	moderate	moderate	0.022	False	user_msa
Drosophila_yakuba_Drosophila_yakuba__LOC6525488__XP_002101323.1	247	247	247	199	TAC	0.07195625454187393	1	moderate	moderate	0.022	False	user_msa
Drosophila_ananassae_Drosophila_ananassae__LOC6504746__XP_032309021.1	248	248	248	200	TCC	0.12005256861448288	1	moderate	moderate	0.022	False	user_msa
Drosophila_biarmipes_Drosophila_biarmipes__LOC108031387__XP_050746516.1	248	248	248	200	TCG	0.1252949833869934	1	moderate	moderate	0.022	False	user_msa
Drosophila_mauritiana_Drosophila_mauritiana__LOC117148789__XP_033172290.1	248	248	248	200	TCC	0.12005256861448288	1	moderate	moderate	0.022	False	user_msa
Drosophila_melanogaster_Drosophila_melanogaster__Act5C__NP_511052.1	248	248	248	200	TCT	0.13073241710662842	1	moderate	moderate	0.022	False	user_msa
Drosophila_pseudoobscura_Drosophila_pseudoobscura__Act5C__XP_001354857.1	248	248	248	200	TCA	0.1150006428360939	1	moderate	moderate	0.022	False	user_msa
Drosophila_sechellia_Drosophila_sechellia__Act5C__XP_002036849.1	248	248	248	200	TCC	0.12005256861448288	1	moderate	moderate	0.022	False	user_msa
Drosophila_simulans_Drosophila_simulans__LOC6725225__XP_016038239.1	248	248	248	200	TCC	0.12005256861448288	1	moderate	moderate	0.022	False	user_msa
Drosophila_subobscura_Drosophila_subobscura__LOC117903845__XP_034672195.1	248	248	248	200	TCA	0.1150006428360939	1	moderate	moderate	0.022	False	user_msa
Drosophila_suzukii_Drosophila_suzukii__Act5C__XP_065724039.1	248	248	248	200	TCG	0.1252949833869934	1	moderate	moderate	0.022	False	user_msa
Drosophila_virilis_Drosophila_virilis__Act5C__XP_002059576.1	248	248	248	200	TCT	0.13073241710662842	1	moderate	moderate	0.022	False	user_msa
Drosophila_willistoni_Drosophila_willistoni__LOC6641346__XP_023031150.1	248	248	248	200	TCG	0.1252949833869934	1	moderate	moderate	0.022	False	user_msa
Drosophila_yakuba_Drosophila_yakuba__LOC6525488__XP_002101323.1	248	248	248	200	TCT	0.13073241710662842	1	moderate	moderate	0.022	False	user_msa
Drosophila_ananassae_Drosophila_ananassae__LOC6504746__XP_032309021.1	249	249	249	201	TTC	0.07569516450166702	1	moderate	moderate	0.022	False	user_msa
Drosophila_biarmipes_Drosophila_biarmipes__LOC108031387__XP_050746516.1	249	249	249	201	TTC	0.07569516450166702	1	moderate	moderate	0.022	False	user_msa
Drosophila_mauritiana_Drosophila_mauritiana__LOC117148789__XP_033172290.1	249	249	249	201	TTC	0.07569516450166702	1	moderate	moderate	0.022	False	user_msa
Drosophila_melanogaster_Drosophila_melanogaster__Act5C__NP_511052.1	249	249	249	201	TTC	0.07569516450166702	1	moderate	moderate	0.022	False	user_msa
Drosophila_pseudoobscura_Drosophila_pseudoobscura__Act5C__XP_001354857.1	249	249	249	201	TTC	0.07569516450166702	1	moderate	moderate	0.022	False	user_msa
Drosophila_sechellia_Drosophila_sechellia__Act5C__XP_002036849.1	249	249	249	201	TTC	0.07569516450166702	1	moderate	moderate	0.022	False	user_msa
Drosophila_simulans_Drosophila_simulans__LOC6725225__XP_016038239.1	249	249	249	201	TTC	0.07569516450166702	1	moderate	moderate	0.022	False	user_msa
Drosophila_subobscura_Drosophila_subobscura__LOC117903845__XP_034672195.1	249	249	249	201	TTC	0.07569516450166702	1	moderate	moderate	0.022	False	user_msa
Drosophila_suzukii_Drosophila_suzukii__Act5C__XP_065724039.1	249	249	249	201	TTC	0.07569516450166702	1	moderate	moderate	0.022	False	user_msa
Drosophila_virilis_Drosophila_virilis__Act5C__XP_002059576.1	249	249	249	201	TTC	0.07569516450166702	1	moderate	moderate	0.022	False	user_msa
Drosophila_willistoni_Drosophila_willistoni__LOC6641346__XP_023031150.1	249	249	249	201	TTC	0.07569516450166702	1	moderate	moderate	0.022	False	user_msa
Drosophila_yakuba_Drosophila_yakuba__LOC6525488__XP_002101323.1	249	249	249	201	TTC	0.07569516450166702	1	moderate	moderate	0.022	False	user_msa
Drosophila_ananassae_Drosophila_ananassae__LOC6504746__XP_032309021.1	250	250	250	202	ACC	0.061357464641332626	1	moderate	moderate	0.022	False	user_msa
Drosophila_biarmipes_Drosophila_biarmipes__LOC108031387__XP_050746516.1	250	250	250	202	ACC	0.061357464641332626	1	moderate	moderate	0.022	False	user_msa
Drosophila_mauritiana_Drosophila_mauritiana__LOC117148789__XP_033172290.1	250	250	250	202	ACC	0.061357464641332626	1	moderate	moderate	0.022	False	user_msa
Drosophila_melanogaster_Drosophila_melanogaster__Act5C__NP_511052.1	250	250	250	202	ACC	0.061357464641332626	1	moderate	moderate	0.022	False	user_msa
Drosophila_pseudoobscura_Drosophila_pseudoobscura__Act5C__XP_001354857.1	250	250	250	202	ACC	0.061357464641332626	1	moderate	moderate	0.022	False	user_msa
Drosophila_sechellia_Drosophila_sechellia__Act5C__XP_002036849.1	250	250	250	202	ACC	0.061357464641332626	1	moderate	moderate	0.022	False	user_msa
Drosophila_simulans_Drosophila_simulans__LOC6725225__XP_016038239.1	250	250	250	202	ACC	0.061357464641332626	1	moderate	moderate	0.022	False	user_msa
Drosophila_subobscura_Drosophila_subobscura__LOC117903845__XP_034672195.1	250	250	250	202	ACC	0.061357464641332626	1	moderate	moderate	0.022	False	user_msa
Drosophila_suzukii_Drosophila_suzukii__Act5C__XP_065724039.1	250	250	250	202	ACC	0.061357464641332626	1	moderate	moderate	0.022	False	user_msa
Drosophila_virilis_Drosophila_virilis__Act5C__XP_002059576.1	250	250	250	202	ACC	0.061357464641332626	1	moderate	moderate	0.022	False	user_msa
Drosophila_willistoni_Drosophila_willistoni__LOC6641346__XP_023031150.1	250	250	250	202	ACC	0.061357464641332626	1	moderate	moderate	0.022	False	user_msa
Drosophila_yakuba_Drosophila_yakuba__LOC6525488__XP_002101323.1	250	250	250	202	ACC	0.061357464641332626	1	moderate	moderate	0.022	False	user_msa
Drosophila_ananassae_Drosophila_ananassae__LOC6504746__XP_032309021.1	251	251	251	203	ACC	0.06136555224657059	1	moderate	moderate	0.022	False	user_msa
Drosophila_biarmipes_Drosophila_biarmipes__LOC108031387__XP_050746516.1	251	251	251	203	ACC	0.06136555224657059	1	moderate	moderate	0.022	False	user_msa
Drosophila_mauritiana_Drosophila_mauritiana__LOC117148789__XP_033172290.1	251	251	251	203	ACC	0.06136555224657059	1	moderate	moderate	0.022	False	user_msa
Drosophila_melanogaster_Drosophila_melanogaster__Act5C__NP_511052.1	251	251	251	203	ACC	0.06136555224657059	1	moderate	moderate	0.022	False	user_msa
Drosophila_pseudoobscura_Drosophila_pseudoobscura__Act5C__XP_001354857.1	251	251	251	203	ACC	0.06136555224657059	1	moderate	moderate	0.022	False	user_msa
Drosophila_sechellia_Drosophila_sechellia__Act5C__XP_002036849.1	251	251	251	203	ACC	0.06136555224657059	1	moderate	moderate	0.022	False	user_msa
Drosophila_simulans_Drosophila_simulans__LOC6725225__XP_016038239.1	251	251	251	203	ACC	0.06136555224657059	1	moderate	moderate	0.022	False	user_msa
Drosophila_subobscura_Drosophila_subobscura__LOC117903845__XP_034672195.1	251	251	251	203	ACC	0.06136555224657059	1	moderate	moderate	0.022	False	user_msa
Drosophila_suzukii_Drosophila_suzukii__Act5C__XP_065724039.1	251	251	251	203	ACC	0.06136555224657059	1	moderate	moderate	0.022	False	user_msa
Drosophila_virilis_Drosophila_virilis__Act5C__XP_002059576.1	251	251	251	203	ACC	0.06136555224657059	1	moderate	moderate	0.022	False	user_msa
Drosophila_willistoni_Drosophila_willistoni__LOC6641346__XP_023031150.1	251	251	251	203	ACC	0.06136555224657059	1	moderate	moderate	0.022	False	user_msa
Drosophila_yakuba_Drosophila_yakuba__LOC6525488__XP_002101323.1	251	251	251	203	ACC	0.06136555224657059	1	moderate	moderate	0.022	False	user_msa
Drosophila_ananassae_Drosophila_ananassae__LOC6504746__XP_032309021.1	252	252	252	204	ACC	0.08477703481912613	1	moderate	moderate	0.022	False	user_msa
Drosophila_biarmipes_Drosophila_biarmipes__LOC108031387__XP_050746516.1	252	252	252	204	ACC	0.08477703481912613	1	moderate	moderate	0.022	False	user_msa
Drosophila_mauritiana_Drosophila_mauritiana__LOC117148789__XP_033172290.1	252	252	252	204	ACC	0.08477703481912613	1	moderate	moderate	0.022	False	user_msa
Drosophila_melanogaster_Drosophila_melanogaster__Act5C__NP_511052.1	252	252	252	204	ACC	0.08477703481912613	1	moderate	moderate	0.022	False	user_msa
Drosophila_pseudoobscura_Drosophila_pseudoobscura__Act5C__XP_001354857.1	252	252	252	204	ACA	0.08107282221317291	1	moderate	moderate	0.022	False	user_msa
Drosophila_sechellia_Drosophila_sechellia__Act5C__XP_002036849.1	252	252	252	204	ACC	0.08477703481912613	1	moderate	moderate	0.022	False	user_msa
Drosophila_simulans_Drosophila_simulans__LOC6725225__XP_016038239.1	252	252	252	204	ACC	0.08477703481912613	1	moderate	moderate	0.022	False	user_msa
Drosophila_subobscura_Drosophila_subobscura__LOC117903845__XP_034672195.1	252	252	252	204	ACA	0.08107282221317291	1	moderate	moderate	0.022	False	user_msa
Drosophila_suzukii_Drosophila_suzukii__Act5C__XP_065724039.1	252	252	252	204	ACC	0.08477703481912613	1	moderate	moderate	0.022	False	user_msa
Drosophila_virilis_Drosophila_virilis__Act5C__XP_002059576.1	252	252	252	204	ACT	0.09264920651912689	1	moderate	moderate	0.022	False	user_msa
Drosophila_willistoni_Drosophila_willistoni__LOC6641346__XP_023031150.1	252	252	252	204	ACA	0.08107282221317291	1	moderate	moderate	0.022	False	user_msa
Drosophila_yakuba_Drosophila_yakuba__LOC6525488__XP_002101323.1	252	252	252	204	ACC	0.08477703481912613	1	moderate	moderate	0.022	False	user_msa
Drosophila_ananassae_Drosophila_ananassae__LOC6504746__XP_032309021.1	253	253	253		---	0.03466101735830307	1	moderate	moderate	0.022	False	user_msa
Drosophila_biarmipes_Drosophila_biarmipes__LOC108031387__XP_050746516.1	253	253	253		---	0.03466101735830307	1	moderate	moderate	0.022	False	user_msa
Drosophila_mauritiana_Drosophila_mauritiana__LOC117148789__XP_033172290.1	253	253	253		---	0.03466101735830307	1	moderate	moderate	0.022	False	user_msa
Drosophila_melanogaster_Drosophila_melanogaster__Act5C__NP_511052.1	253	253	253		---	0.03466101735830307	1	moderate	moderate	0.022	False	user_msa
Drosophila_pseudoobscura_Drosophila_pseudoobscura__Act5C__XP_001354857.1	253	253	253		---	0.03466101735830307	1	moderate	moderate	0.022	False	user_msa
Drosophila_sechellia_Drosophila_sechellia__Act5C__XP_002036849.1	253	253	253		---	0.03466101735830307	1	moderate	moderate	0.022	False	user_msa
Drosophila_simulans_Drosophila_simulans__LOC6725225__XP_016038239.1	253	253	253		---	0.03466101735830307	1	moderate	moderate	0.022	False	user_msa
Drosophila_subobscura_Drosophila_subobscura__LOC117903845__XP_034672195.1	253	253	253		---	0.03466101735830307	1	moderate	moderate	0.022	False	user_msa
Drosophila_suzukii_Drosophila_suzukii__Act5C__XP_065724039.1	253	253	253		---	0.03466101735830307	1	moderate	moderate	0.022	False	user_msa
Drosophila_virilis_Drosophila_virilis__Act5C__XP_002059576.1	253	253	253		---	0.03466101735830307	1	moderate	moderate	0.022	False	user_msa
Drosophila_willistoni_Drosophila_willistoni__LOC6641346__XP_023031150.1	253	253	253		---	0.03466101735830307	1	moderate	moderate	0.022	False	user_msa
Drosophila_yakuba_Drosophila_yakuba__LOC6525488__XP_002101323.1	253	253	253		---	0.03466101735830307	1	moderate	moderate	0.022	False	user_msa
Drosophila_ananassae_Drosophila_ananassae__LOC6504746__XP_032309021.1	254	254	254		---	0.03466303274035454	1	moderate	moderate	0.022	False	user_msa
Drosophila_biarmipes_Drosophila_biarmipes__LOC108031387__XP_050746516.1	254	254	254		---	0.03466303274035454	1	moderate	moderate	0.022	False	user_msa
Drosophila_mauritiana_Drosophila_mauritiana__LOC117148789__XP_033172290.1	254	254	254		---	0.03466303274035454	1	moderate	moderate	0.022	False	user_msa
Drosophila_melanogaster_Drosophila_melanogaster__Act5C__NP_511052.1	254	254	254		---	0.03466303274035454	1	moderate	moderate	0.022	False	user_msa
Drosophila_pseudoobscura_Drosophila_pseudoobscura__Act5C__XP_001354857.1	254	254	254		---	0.03466303274035454	1	moderate	moderate	0.022	False	user_msa
Drosophila_sechellia_Drosophila_sechellia__Act5C__XP_002036849.1	254	254	254		---	0.03466303274035454	1	moderate	moderate	0.022	False	user_msa
Drosophila_simulans_Drosophila_simulans__LOC6725225__XP_016038239.1	254	254	254		---	0.03466303274035454	1	moderate	moderate	0.022	False	user_msa
Drosophila_subobscura_Drosophila_subobscura__LOC117903845__XP_034672195.1	254	254	254		---	0.03466303274035454	1	moderate	moderate	0.022	False	user_msa
Drosophila_suzukii_Drosophila_suzukii__Act5C__XP_065724039.1	254	254	254		---	0.03466303274035454	1	moderate	moderate	0.022	False	user_msa
Drosophila_virilis_Drosophila_virilis__Act5C__XP_002059576.1	254	254	254		---	0.03466303274035454	1	moderate	moderate	0.022	False	user_msa
Drosophila_willistoni_Drosophila_willistoni__LOC6641346__XP_023031150.1	254	254	254		---	0.03466303274035454	1	moderate	moderate	0.022	False	user_msa
Drosophila_yakuba_Drosophila_yakuba__LOC6525488__XP_002101323.1	254	254	254		---	0.03466303274035454	1	moderate	moderate	0.022	False	user_msa
Drosophila_ananassae_Drosophila_ananassae__LOC6504746__XP_032309021.1	255	255	255	205	GCT	0.08239088207483292	1	moderate	moderate	0.022	False	user_msa
Drosophila_biarmipes_Drosophila_biarmipes__LOC108031387__XP_050746516.1	255	255	255	205	GCT	0.08239088207483292	1	moderate	moderate	0.022	False	user_msa
Drosophila_mauritiana_Drosophila_mauritiana__LOC117148789__XP_033172290.1	255	255	255	205	GCT	0.08239088207483292	1	moderate	moderate	0.022	False	user_msa
Drosophila_melanogaster_Drosophila_melanogaster__Act5C__NP_511052.1	255	255	255	205	GCT	0.08239088207483292	1	moderate	moderate	0.022	False	user_msa
Drosophila_pseudoobscura_Drosophila_pseudoobscura__Act5C__XP_001354857.1	255	255	255	205	GCC	0.07532282918691635	1	moderate	moderate	0.022	False	user_msa
Drosophila_sechellia_Drosophila_sechellia__Act5C__XP_002036849.1	255	255	255	205	GCT	0.08239088207483292	1	moderate	moderate	0.022	False	user_msa
Drosophila_simulans_Drosophila_simulans__LOC6725225__XP_016038239.1	255	255	255	205	GCT	0.08239088207483292	1	moderate	moderate	0.022	False	user_msa
Drosophila_subobscura_Drosophila_subobscura__LOC117903845__XP_034672195.1	255	255	255	205	GCC	0.07532282918691635	1	moderate	moderate	0.022	False	user_msa
Drosophila_suzukii_Drosophila_suzukii__Act5C__XP_065724039.1	255	255	255	205	GCT	0.08239088207483292	1	moderate	moderate	0.022	False	user_msa
Drosophila_virilis_Drosophila_virilis__Act5C__XP_002059576.1	255	255	255	205	GCC	0.07532282918691635	1	moderate	moderate	0.022	False	user_msa
Drosophila_willistoni_Drosophila_willistoni__LOC6641346__XP_023031150.1	255	255	255	205	GCT	0.08239088207483292	1	moderate	moderate	0.022	False	user_msa
Drosophila_yakuba_Drosophila_yakuba__LOC6525488__XP_002101323.1	255	255	255	205	GCT	0.08239088207483292	1	moderate	moderate	0.022	False	user_msa
Drosophila_ananassae_Drosophila_ananassae__LOC6504746__XP_032309021.1	256	256	256	206	GAG	0.06759180873632431	1	moderate	moderate	0.022	False	user_msa
Drosophila_biarmipes_Drosophila_biarmipes__LOC108031387__XP_050746516.1	256	256	256	206	GAG	0.06759180873632431	1	moderate	moderate	0.022	False	user_msa
Drosophila_mauritiana_Drosophila_mauritiana__LOC117148789__XP_033172290.1	256	256	256	206	GAG	0.06759180873632431	1	moderate	moderate	0.022	False	user_msa
Drosophila_melanogaster_Drosophila_melanogaster__Act5C__NP_511052.1	256	256	256	206	GAG	0.06759180873632431	1	moderate	moderate	0.022	False	user_msa
Drosophila_pseudoobscura_Drosophila_pseudoobscura__Act5C__XP_001354857.1	256	256	256	206	GAG	0.06759180873632431	1	moderate	moderate	0.022	False	user_msa
Drosophila_sechellia_Drosophila_sechellia__Act5C__XP_002036849.1	256	256	256	206	GAG	0.06759180873632431	1	moderate	moderate	0.022	False	user_msa
Drosophila_simulans_Drosophila_simulans__LOC6725225__XP_016038239.1	256	256	256	206	GAG	0.06759180873632431	1	moderate	moderate	0.022	False	user_msa
Drosophila_subobscura_Drosophila_subobscura__LOC117903845__XP_034672195.1	256	256	256	206	GAG	0.06759180873632431	1	moderate	moderate	0.022	False	user_msa
Drosophila_suzukii_Drosophila_suzukii__Act5C__XP_065724039.1	256	256	256	206	GAG	0.06759180873632431	1	moderate	moderate	0.022	False	user_msa
Drosophila_virilis_Drosophila_virilis__Act5C__XP_002059576.1	256	256	256	206	GAG	0.06759180873632431	1	moderate	moderate	0.022	False	user_msa
Drosophila_willistoni_Drosophila_willistoni__LOC6641346__XP_023031150.1	256	256	256	206	GAG	0.06759180873632431	1	moderate	moderate	0.022	False	user_msa
Drosophila_yakuba_Drosophila_yakuba__LOC6525488__XP_002101323.1	256	256	256	206	GAG	0.06759180873632431	1	moderate	moderate	0.022	False	user_msa
Drosophila_ananassae_Drosophila_ananassae__LOC6504746__XP_032309021.1	257	257	257	207	CGT	0.06605642288923264	1	moderate	moderate	0.022	False	user_msa
Drosophila_biarmipes_Drosophila_biarmipes__LOC108031387__XP_050746516.1	257	257	257	207	CGT	0.06605642288923264	1	moderate	moderate	0.022	False	user_msa
Drosophila_mauritiana_Drosophila_mauritiana__LOC117148789__XP_033172290.1	257	257	257	207	CGT	0.06605642288923264	1	moderate	moderate	0.022	False	user_msa
Drosophila_melanogaster_Drosophila_melanogaster__Act5C__NP_511052.1	257	257	257	207	CGT	0.06605642288923264	1	moderate	moderate	0.022	False	user_msa
Drosophila_pseudoobscura_Drosophila_pseudoobscura__Act5C__XP_001354857.1	257	257	257	207	CGT	0.06605642288923264	1	moderate	moderate	0.022	False	user_msa
Drosophila_sechellia_Drosophila_sechellia__Act5C__XP_002036849.1	257	257	257	207	CGT	0.06605642288923264	1	moderate	moderate	0.022	False	user_msa
Drosophila_simulans_Drosophila_simulans__LOC6725225__XP_016038239.1	257	257	257	207	CGT	0.06605642288923264	1	moderate	moderate	0.022	False	user_msa
Drosophila_subobscura_Drosophila_subobscura__LOC117903845__XP_034672195.1	257	257	257	207	CGT	0.06605642288923264	1	moderate	moderate	0.022	False	user_msa
Drosophila_suzukii_Drosophila_suzukii__Act5C__XP_065724039.1	257	257	257	207	CGT	0.06605642288923264	1	moderate	moderate	0.022	False	user_msa
Drosophila_virilis_Drosophila_virilis__Act5C__XP_002059576.1	257	257	257	207	CGT	0.06605642288923264	1	moderate	moderate	0.022	False	user_msa
Drosophila_willistoni_Drosophila_willistoni__LOC6641346__XP_023031150.1	257	257	257	207	CGT	0.06605642288923264	1	moderate	moderate	0.022	False	user_msa
Drosophila_yakuba_Drosophila_yakuba__LOC6525488__XP_002101323.1	257	257	257	207	CGT	0.06605642288923264	1	moderate	moderate	0.022	False	user_msa
Drosophila_ananassae_Drosophila_ananassae__LOC6504746__XP_032309021.1	258	258	258	208	GAA	0.07676631957292557	1	moderate	moderate	0.022	False	user_msa
Drosophila_biarmipes_Drosophila_biarmipes__LOC108031387__XP_050746516.1	258	258	258	208	GAG	0.0839628055691719	1	moderate	moderate	0.022	False	user_msa
Drosophila_mauritiana_Drosophila_mauritiana__LOC117148789__XP_033172290.1	258	258	258	208	GAA	0.07676631957292557	1	moderate	moderate	0.022	False	user_msa
Drosophila_melanogaster_Drosophila_melanogaster__Act5C__NP_511052.1	258	258	258	208	GAA	0.07676631957292557	1	moderate	moderate	0.022	False	user_msa
Drosophila_pseudoobscura_Drosophila_pseudoobscura__Act5C__XP_001354857.1	258	258	258	208	GAG	0.0839628055691719	1	moderate	moderate	0.022	False	user_msa
Drosophila_sechellia_Drosophila_sechellia__Act5C__XP_002036849.1	258	258	258	208	GAA	0.07676631957292557	1	moderate	moderate	0.022	False	user_msa
Drosophila_simulans_Drosophila_simulans__LOC6725225__XP_016038239.1	258	258	258	208	GAA	0.07676631957292557	1	moderate	moderate	0.022	False	user_msa
Drosophila_subobscura_Drosophila_subobscura__LOC117903845__XP_034672195.1	258	258	258	208	GAG	0.0839628055691719	1	moderate	moderate	0.022	False	user_msa
Drosophila_suzukii_Drosophila_suzukii__Act5C__XP_065724039.1	258	258	258	208	GAA	0.07676631957292557	1	moderate	moderate	0.022	False	user_msa
Drosophila_virilis_Drosophila_virilis__Act5C__XP_002059576.1	258	258	258	208	GAA	0.07676631957292557	1	moderate	moderate	0.022	False	user_msa
Drosophila_willistoni_Drosophila_willistoni__LOC6641346__XP_023031150.1	258	258	258	208	GAA	0.07676631957292557	1	moderate	moderate	0.022	False	user_msa
Drosophila_yakuba_Drosophila_yakuba__LOC6525488__XP_002101323.1	258	258	258	208	GAA	0.07676631957292557	1	moderate	moderate	0.022	False	user_msa
Drosophila_ananassae_Drosophila_ananassae__LOC6504746__XP_032309021.1	259	259	259	209	ATC	0.07177364826202393	1	moderate	moderate	0.022	False	user_msa
Drosophila_biarmipes_Drosophila_biarmipes__LOC108031387__XP_050746516.1	259	259	259	209	ATT	0.07756052166223526	1	moderate	moderate	0.022	False	user_msa
Drosophila_mauritiana_Drosophila_mauritiana__LOC117148789__XP_033172290.1	259	259	259	209	ATC	0.07177364826202393	1	moderate	moderate	0.022	False	user_msa
Drosophila_melanogaster_Drosophila_melanogaster__Act5C__NP_511052.1	259	259	259	209	ATC	0.07177364826202393	1	moderate	moderate	0.022	False	user_msa
Drosophila_pseudoobscura_Drosophila_pseudoobscura__Act5C__XP_001354857.1	259	259	259	209	ATC	0.07177364826202393	1	moderate	moderate	0.022	False	user_msa
Drosophila_sechellia_Drosophila_sechellia__Act5C__XP_002036849.1	259	259	259	209	ATC	0.07177364826202393	1	moderate	moderate	0.022	False	user_msa
Drosophila_simulans_Drosophila_simulans__LOC6725225__XP_016038239.1	259	259	259	209	ATC	0.07177364826202393	1	moderate	moderate	0.022	False	user_msa
Drosophila_subobscura_Drosophila_subobscura__LOC117903845__XP_034672195.1	259	259	259	209	ATC	0.07177364826202393	1	moderate	moderate	0.022	False	user_msa
Drosophila_suzukii_Drosophila_suzukii__Act5C__XP_065724039.1	259	259	259	209	ATT	0.07756052166223526	1	moderate	moderate	0.022	False	user_msa
Drosophila_virilis_Drosophila_virilis__Act5C__XP_002059576.1	259	259	259	209	ATT	0.07756052166223526	1	moderate	moderate	0.022	False	user_msa
Drosophila_willistoni_Drosophila_willistoni__LOC6641346__XP_023031150.1	259	259	259	209	ATC	0.07177364826202393	1	moderate	moderate	0.022	False	user_msa
Drosophila_yakuba_Drosophila_yakuba__LOC6525488__XP_002101323.1	259	259	259	209	ATC	0.07177364826202393	1	moderate	moderate	0.022	False	user_msa
Drosophila_ananassae_Drosophila_ananassae__LOC6504746__XP_032309021.1	260	260	260	210	GTC	0.09819117188453674	1	moderate	moderate	0.022	False	user_msa
Drosophila_biarmipes_Drosophila_biarmipes__LOC108031387__XP_050746516.1	260	260	260	210	GTC	0.09819117188453674	1	moderate	moderate	0.022	False	user_msa
Drosophila_mauritiana_Drosophila_mauritiana__LOC117148789__XP_033172290.1	260	260	260	210	GTC	0.09819117188453674	1	moderate	moderate	0.022	False	user_msa
Drosophila_melanogaster_Drosophila_melanogaster__Act5C__NP_511052.1	260	260	260	210	GTC	0.09819117188453674	1	moderate	moderate	0.022	False	user_msa
Drosophila_pseudoobscura_Drosophila_pseudoobscura__Act5C__XP_001354857.1	260	260	260	210	GTG	0.10259030014276505	1	moderate	moderate	0.022	False	user_msa
Drosophila_sechellia_Drosophila_sechellia__Act5C__XP_002036849.1	260	260	260	210	GTC	0.09819117188453674	1	moderate	moderate	0.022	False	user_msa
Drosophila_simulans_Drosophila_simulans__LOC6725225__XP_016038239.1	260	260	260	210	GTC	0.09819117188453674	1	moderate	moderate	0.022	False	user_msa
Drosophila_subobscura_Drosophila_subobscura__LOC117903845__XP_034672195.1	260	260	260	210	GTT	0.10716315358877182	1	moderate	moderate	0.022	False	user_msa
Drosophila_suzukii_Drosophila_suzukii__Act5C__XP_065724039.1	260	260	260	210	GTC	0.09819117188453674	1	moderate	moderate	0.022	False	user_msa
Drosophila_virilis_Drosophila_virilis__Act5C__XP_002059576.1	260	260	260	210	GTG	0.10259030014276505	1	moderate	moderate	0.022	False	user_msa
Drosophila_willistoni_Drosophila_willistoni__LOC6641346__XP_023031150.1	260	260	260	210	GTT	0.10716315358877182	1	moderate	moderate	0.022	False	user_msa
Drosophila_yakuba_Drosophila_yakuba__LOC6525488__XP_002101323.1	260	260	260	210	GTC	0.09819117188453674	1	moderate	moderate	0.022	False	user_msa
Drosophila_ananassae_Drosophila_ananassae__LOC6504746__XP_032309021.1	261	261	261	211	CGT	0.07815637439489365	1	moderate	moderate	0.022	False	user_msa
Drosophila_biarmipes_Drosophila_biarmipes__LOC108031387__XP_050746516.1	261	261	261	211	CGT	0.07815637439489365	1	moderate	moderate	0.022	False	user_msa
Drosophila_mauritiana_Drosophila_mauritiana__LOC117148789__XP_033172290.1	261	261	261	211	CGT	0.07815637439489365	1	moderate	moderate	0.022	False	user_msa
Drosophila_melanogaster_Drosophila_melanogaster__Act5C__NP_511052.1	261	261	261	211	CGT	0.07815637439489365	1	moderate	moderate	0.022	False	user_msa
Drosophila_pseudoobscura_Drosophila_pseudoobscura__Act5C__XP_001354857.1	261	261	261	211	CGC	0.07226744294166565	1	moderate	moderate	0.022	False	user_msa
Drosophila_sechellia_Drosophila_sechellia__Act5C__XP_002036849.1	261	261	261	211	CGT	0.07815637439489365	1	moderate	moderate	0.022	False	user_msa
Drosophila_simulans_Drosophila_simulans__LOC6725225__XP_016038239.1	261	261	261	211	CGT	0.07815637439489365	1	moderate	moderate	0.022	False	user_msa
Drosophila_subobscura_Drosophila_subobscura__LOC117903845__XP_034672195.1	261	261	261	211	CGC	0.07226744294166565	1	moderate	moderate	0.022	False	user_msa
Drosophila_suzukii_Drosophila_suzukii__Act5C__XP_065724039.1	261	261	261	211	CGT	0.07815637439489365	1	moderate	moderate	0.022	False	user_msa
Drosophila_virilis_Drosophila_virilis__Act5C__XP_002059576.1	261	261	261	211	CGT	0.07815637439489365	1	moderate	moderate	0.022	False	user_msa
Drosophila_willistoni_Drosophila_willistoni__LOC6641346__XP_023031150.1	261	261	261	211	CGT	0.07815637439489365	1	moderate	moderate	0.022	False	user_msa
Drosophila_yakuba_Drosophila_yakuba__LOC6525488__XP_002101323.1	261	261	261	211	CGT	0.07815637439489365	1	moderate	moderate	0.022	False	user_msa
Drosophila_ananassae_Drosophila_ananassae__LOC6504746__XP_032309021.1	262	262	262	212	GAC	0.067422054708004	1	moderate	moderate	0.022	False	user_msa
Drosophila_biarmipes_Drosophila_biarmipes__LOC108031387__XP_050746516.1	262	262	262	212	GAC	0.067422054708004	1	moderate	moderate	0.022	False	user_msa
Drosophila_mauritiana_Drosophila_mauritiana__LOC117148789__XP_033172290.1	262	262	262	212	GAC	0.067422054708004	1	moderate	moderate	0.022	False	user_msa
Drosophila_melanogaster_Drosophila_melanogaster__Act5C__NP_511052.1	262	262	262	212	GAC	0.067422054708004	1	moderate	moderate	0.022	False	user_msa
Drosophila_pseudoobscura_Drosophila_pseudoobscura__Act5C__XP_001354857.1	262	262	262	212	GAC	0.067422054708004	1	moderate	moderate	0.022	False	user_msa
Drosophila_sechellia_Drosophila_sechellia__Act5C__XP_002036849.1	262	262	262	212	GAC	0.067422054708004	1	moderate	moderate	0.022	False	user_msa
Drosophila_simulans_Drosophila_simulans__LOC6725225__XP_016038239.1	262	262	262	212	GAC	0.067422054708004	1	moderate	moderate	0.022	False	user_msa
Drosophila_subobscura_Drosophila_subobscura__LOC117903845__XP_034672195.1	262	262	262	212	GAC	0.067422054708004	1	moderate	moderate	0.022	False	user_msa
Drosophila_suzukii_Drosophila_suzukii__Act5C__XP_065724039.1	262	262	262	212	GAC	0.067422054708004	1	moderate	moderate	0.022	False	user_msa
Drosophila_virilis_Drosophila_virilis__Act5C__XP_002059576.1	262	262	262	212	GAC	0.067422054708004	1	moderate	moderate	0.022	False	user_msa
Drosophila_willistoni_Drosophila_willistoni__LOC6641346__XP_023031150.1	262	262	262	212	GAC	0.067422054708004	1	moderate	moderate	0.022	False	user_msa
Drosophila_yakuba_Drosophila_yakuba__LOC6525488__XP_002101323.1	262	262	262	212	GAC	0.067422054708004	1	moderate	moderate	0.022	False	user_msa
Drosophila_ananassae_Drosophila_ananassae__LOC6504746__XP_032309021.1	263	263	263	213	ATC	0.06311560422182083	1	moderate	moderate	0.022	False	user_msa
Drosophila_biarmipes_Drosophila_biarmipes__LOC108031387__XP_050746516.1	263	263	263	213	ATC	0.06311560422182083	1	moderate	moderate	0.022	False	user_msa
Drosophila_mauritiana_Drosophila_mauritiana__LOC117148789__XP_033172290.1	263	263	263	213	ATC	0.06311560422182083	1	moderate	moderate	0.022	False	user_msa
Drosophila_melanogaster_Drosophila_melanogaster__Act5C__NP_511052.1	263	263	263	213	ATC	0.06311560422182083	1	moderate	moderate	0.022	False	user_msa
Drosophila_pseudoobscura_Drosophila_pseudoobscura__Act5C__XP_001354857.1	263	263	263	213	ATC	0.06311560422182083	1	moderate	moderate	0.022	False	user_msa
Drosophila_sechellia_Drosophila_sechellia__Act5C__XP_002036849.1	263	263	263	213	ATC	0.06311560422182083	1	moderate	moderate	0.022	False	user_msa
Drosophila_simulans_Drosophila_simulans__LOC6725225__XP_016038239.1	263	263	263	213	ATC	0.06311560422182083	1	moderate	moderate	0.022	False	user_msa
Drosophila_subobscura_Drosophila_subobscura__LOC117903845__XP_034672195.1	263	263	263	213	ATC	0.06311560422182083	1	moderate	moderate	0.022	False	user_msa
Drosophila_suzukii_Drosophila_suzukii__Act5C__XP_065724039.1	263	263	263	213	ATC	0.06311560422182083	1	moderate	moderate	0.022	False	user_msa
Drosophila_virilis_Drosophila_virilis__Act5C__XP_002059576.1	263	263	263	213	ATC	0.06311560422182083	1	moderate	moderate	0.022	False	user_msa
Drosophila_willistoni_Drosophila_willistoni__LOC6641346__XP_023031150.1	263	263	263	213	ATC	0.06311560422182083	1	moderate	moderate	0.022	False	user_msa
Drosophila_yakuba_Drosophila_yakuba__LOC6525488__XP_002101323.1	263	263	263	213	ATC	0.06311560422182083	1	moderate	moderate	0.022	False	user_msa
Drosophila_ananassae_Drosophila_ananassae__LOC6504746__XP_032309021.1	264	264	264	214	AAG	0.060861360281705856	1	moderate	moderate	0.022	False	user_msa
Drosophila_biarmipes_Drosophila_biarmipes__LOC108031387__XP_050746516.1	264	264	264	214	AAG	0.060861360281705856	1	moderate	moderate	0.022	False	user_msa
Drosophila_mauritiana_Drosophila_mauritiana__LOC117148789__XP_033172290.1	264	264	264	214	AAG	0.060861360281705856	1	moderate	moderate	0.022	False	user_msa
Drosophila_melanogaster_Drosophila_melanogaster__Act5C__NP_511052.1	264	264	264	214	AAG	0.060861360281705856	1	moderate	moderate	0.022	False	user_msa
Drosophila_pseudoobscura_Drosophila_pseudoobscura__Act5C__XP_001354857.1	264	264	264	214	AAG	0.060861360281705856	1	moderate	moderate	0.022	False	user_msa
Drosophila_sechellia_Drosophila_sechellia__Act5C__XP_002036849.1	264	264	264	214	AAG	0.060861360281705856	1	moderate	moderate	0.022	False	user_msa
Drosophila_simulans_Drosophila_simulans__LOC6725225__XP_016038239.1	264	264	264	214	AAG	0.060861360281705856	1	moderate	moderate	0.022	False	user_msa
Drosophila_subobscura_Drosophila_subobscura__LOC117903845__XP_034672195.1	264	264	264	214	AAG	0.060861360281705856	1	moderate	moderate	0.022	False	user_msa
Drosophila_suzukii_Drosophila_suzukii__Act5C__XP_065724039.1	264	264	264	214	AAG	0.060861360281705856	1	moderate	moderate	0.022	False	user_msa
Drosophila_virilis_Drosophila_virilis__Act5C__XP_002059576.1	264	264	264	214	AAG	0.060861360281705856	1	moderate	moderate	0.022	False	user_msa
Drosophila_willistoni_Drosophila_willistoni__LOC6641346__XP_023031150.1	264	264	264	214	AAG	0.060861360281705856	1	moderate	moderate	0.022	False	user_msa
Drosophila_yakuba_Drosophila_yakuba__LOC6525488__XP_002101323.1	264	264	264	214	AAG	0.060861360281705856	1	moderate	moderate	0.022	False	user_msa
Drosophila_ananassae_Drosophila_ananassae__LOC6504746__XP_032309021.1	265	265	265	215	GAG	0.0676715075969696	1	moderate	moderate	0.022	False	user_msa
Drosophila_biarmipes_Drosophila_biarmipes__LOC108031387__XP_050746516.1	265	265	265	215	GAG	0.0676715075969696	1	moderate	moderate	0.022	False	user_msa
Drosophila_mauritiana_Drosophila_mauritiana__LOC117148789__XP_033172290.1	265	265	265	215	GAG	0.0676715075969696	1	moderate	moderate	0.022	False	user_msa
Drosophila_melanogaster_Drosophila_melanogaster__Act5C__NP_511052.1	265	265	265	215	GAG	0.0676715075969696	1	moderate	moderate	0.022	False	user_msa
Drosophila_pseudoobscura_Drosophila_pseudoobscura__Act5C__XP_001354857.1	265	265	265	215	GAG	0.0676715075969696	1	moderate	moderate	0.022	False	user_msa
Drosophila_sechellia_Drosophila_sechellia__Act5C__XP_002036849.1	265	265	265	215	GAG	0.0676715075969696	1	moderate	moderate	0.022	False	user_msa
Drosophila_simulans_Drosophila_simulans__LOC6725225__XP_016038239.1	265	265	265	215	GAG	0.0676715075969696	1	moderate	moderate	0.022	False	user_msa
Drosophila_subobscura_Drosophila_subobscura__LOC117903845__XP_034672195.1	265	265	265	215	GAG	0.0676715075969696	1	moderate	moderate	0.022	False	user_msa
Drosophila_suzukii_Drosophila_suzukii__Act5C__XP_065724039.1	265	265	265	215	GAG	0.0676715075969696	1	moderate	moderate	0.022	False	user_msa
Drosophila_virilis_Drosophila_virilis__Act5C__XP_002059576.1	265	265	265	215	GAG	0.0676715075969696	1	moderate	moderate	0.022	False	user_msa
Drosophila_willistoni_Drosophila_willistoni__LOC6641346__XP_023031150.1	265	265	265	215	GAG	0.0676715075969696	1	moderate	moderate	0.022	False	user_msa
Drosophila_yakuba_Drosophila_yakuba__LOC6525488__XP_002101323.1	265	265	265	215	GAG	0.0676715075969696	1	moderate	moderate	0.022	False	user_msa
Drosophila_ananassae_Drosophila_ananassae__LOC6504746__XP_032309021.1	266	266	266	216	AAG	0.07113096863031387	1	moderate	moderate	0.022	False	user_msa
Drosophila_biarmipes_Drosophila_biarmipes__LOC108031387__XP_050746516.1	266	266	266	216	AAG	0.07113096863031387	1	moderate	moderate	0.022	False	user_msa
Drosophila_mauritiana_Drosophila_mauritiana__LOC117148789__XP_033172290.1	266	266	266	216	AAG	0.07113096863031387	1	moderate	moderate	0.022	False	user_msa
Drosophila_melanogaster_Drosophila_melanogaster__Act5C__NP_511052.1	266	266	266	216	AAG	0.07113096863031387	1	moderate	moderate	0.022	False	user_msa
Drosophila_pseudoobscura_Drosophila_pseudoobscura__Act5C__XP_001354857.1	266	266	266	216	AAG	0.07113096863031387	1	moderate	moderate	0.022	False	user_msa
Drosophila_sechellia_Drosophila_sechellia__Act5C__XP_002036849.1	266	266	266	216	AAG	0.07113096863031387	1	moderate	moderate	0.022	False	user_msa
Drosophila_simulans_Drosophila_simulans__LOC6725225__XP_016038239.1	266	266	266	216	AAG	0.07113096863031387	1	moderate	moderate	0.022	False	user_msa
Drosophila_subobscura_Drosophila_subobscura__LOC117903845__XP_034672195.1	266	266	266	216	AAG	0.07113096863031387	1	moderate	moderate	0.022	False	user_msa
Drosophila_suzukii_Drosophila_suzukii__Act5C__XP_065724039.1	266	266	266	216	AAG	0.07113096863031387	1	moderate	moderate	0.022	False	user_msa
Drosophila_virilis_Drosophila_virilis__Act5C__XP_002059576.1	266	266	266	216	AAG	0.07113096863031387	1	moderate	moderate	0.022	False	user_msa
Drosophila_willistoni_Drosophila_willistoni__LOC6641346__XP_023031150.1	266	266	266	216	AAA	0.06649276614189148	1	moderate	moderate	0.022	False	user_msa
Drosophila_yakuba_Drosophila_yakuba__LOC6525488__XP_002101323.1	266	266	266	216	AAG	0.07113096863031387	1	moderate	moderate	0.022	False	user_msa
Drosophila_ananassae_Drosophila_ananassae__LOC6504746__XP_032309021.1	267	267	267	217	CTG	0.07983070611953735	1	moderate	moderate	0.022	False	user_msa
Drosophila_biarmipes_Drosophila_biarmipes__LOC108031387__XP_050746516.1	267	267	267	217	CTG	0.07983070611953735	1	moderate	moderate	0.022	False	user_msa
Drosophila_mauritiana_Drosophila_mauritiana__LOC117148789__XP_033172290.1	267	267	267	217	CTG	0.07983070611953735	1	moderate	moderate	0.022	False	user_msa
Drosophila_melanogaster_Drosophila_melanogaster__Act5C__NP_511052.1	267	267	267	217	CTG	0.07983070611953735	1	moderate	moderate	0.022	False	user_msa
Drosophila_pseudoobscura_Drosophila_pseudoobscura__Act5C__XP_001354857.1	267	267	267	217	CTG	0.07983070611953735	1	moderate	moderate	0.022	False	user_msa
Drosophila_sechellia_Drosophila_sechellia__Act5C__XP_002036849.1	267	267	267	217	CTG	0.07983070611953735	1	moderate	moderate	0.022	False	user_msa
Drosophila_simulans_Drosophila_simulans__LOC6725225__XP_016038239.1	267	267	267	217	CTG	0.07983070611953735	1	moderate	moderate	0.022	False	user_msa
Drosophila_subobscura_Drosophila_subobscura__LOC117903845__XP_034672195.1	267	267	267	217	CTG	0.07983070611953735	1	moderate	moderate	0.022	False	user_msa
Drosophila_suzukii_Drosophila_suzukii__Act5C__XP_065724039.1	267	267	267	217	CTG	0.07983070611953735	1	moderate	moderate	0.022	False	user_msa
Drosophila_virilis_Drosophila_virilis__Act5C__XP_002059576.1	267	267	267	217	CTC	0.07632451504468918	1	moderate	moderate	0.022	False	user_msa
Drosophila_willistoni_Drosophila_willistoni__LOC6641346__XP_023031150.1	267	267	267	217	CTG	0.07983070611953735	1	moderate	moderate	0.022	False	user_msa
Drosophila_yakuba_Drosophila_yakuba__LOC6525488__XP_002101323.1	267	267	267	217	CTG	0.07983070611953735	1	moderate	moderate	0.022	False	user_msa
Drosophila_ananassae_Drosophila_ananassae__LOC6504746__XP_032309021.1	268	268	268	218	TGC	0.07453243434429169	1	moderate	moderate	0.022	False	user_msa
Drosophila_biarmipes_Drosophila_biarmipes__LOC108031387__XP_050746516.1	268	268	268	218	TGC	0.07453243434429169	1	moderate	moderate	0.022	False	user_msa
Drosophila_mauritiana_Drosophila_mauritiana__LOC117148789__XP_033172290.1	268	268	268	218	TGC	0.07453243434429169	1	moderate	moderate	0.022	False	user_msa
Drosophila_melanogaster_Drosophila_melanogaster__Act5C__NP_511052.1	268	268	268	218	TGC	0.07453243434429169	1	moderate	moderate	0.022	False	user_msa
Drosophila_pseudoobscura_Drosophila_pseudoobscura__Act5C__XP_001354857.1	268	268	268	218	TGC	0.07453243434429169	1	moderate	moderate	0.022	False	user_msa
Drosophila_sechellia_Drosophila_sechellia__Act5C__XP_002036849.1	268	268	268	218	TGC	0.07453243434429169	1	moderate	moderate	0.022	False	user_msa
Drosophila_simulans_Drosophila_simulans__LOC6725225__XP_016038239.1	268	268	268	218	TGC	0.07453243434429169	1	moderate	moderate	0.022	False	user_msa
Drosophila_subobscura_Drosophila_subobscura__LOC117903845__XP_034672195.1	268	268	268	218	TGC	0.07453243434429169	1	moderate	moderate	0.022	False	user_msa
Drosophila_suzukii_Drosophila_suzukii__Act5C__XP_065724039.1	268	268	268	218	TGC	0.07453243434429169	1	moderate	moderate	0.022	False	user_msa
Drosophila_virilis_Drosophila_virilis__Act5C__XP_002059576.1	268	268	268	218	TGC	0.07453243434429169	1	moderate	moderate	0.022	False	user_msa
Drosophila_willistoni_Drosophila_willistoni__LOC6641346__XP_023031150.1	268	268	268	218	TGC	0.07453243434429169	1	moderate	moderate	0.022	False	user_msa
Drosophila_yakuba_Drosophila_yakuba__LOC6525488__XP_002101323.1	268	268	268	218	TGC	0.07453243434429169	1	moderate	moderate	0.022	False	user_msa
Drosophila_ananassae_Drosophila_ananassae__LOC6504746__XP_032309021.1	269	269	269	219	TAT	0.08706653863191605	1	moderate	moderate	0.022	False	user_msa
Drosophila_biarmipes_Drosophila_biarmipes__LOC108031387__XP_050746516.1	269	269	269	219	TAT	0.08706653863191605	1	moderate	moderate	0.022	False	user_msa
Drosophila_mauritiana_Drosophila_mauritiana__LOC117148789__XP_033172290.1	269	269	269	219	TAT	0.08706653863191605	1	moderate	moderate	0.022	False	user_msa
Drosophila_melanogaster_Drosophila_melanogaster__Act5C__NP_511052.1	269	269	269	219	TAT	0.08706653863191605	1	moderate	moderate	0.022	False	user_msa
Drosophila_pseudoobscura_Drosophila_pseudoobscura__Act5C__XP_001354857.1	269	269	269	219	TAC	0.07962711155414581	1	moderate	moderate	0.022	False	user_msa
Drosophila_sechellia_Drosophila_sechellia__Act5C__XP_002036849.1	269	269	269	219	TAT	0.08706653863191605	1	moderate	moderate	0.022	False	user_msa
Drosophila_simulans_Drosophila_simulans__LOC6725225__XP_016038239.1	269	269	269	219	TAT	0.08706653863191605	1	moderate	moderate	0.022	False	user_msa
Drosophila_subobscura_Drosophila_subobscura__LOC117903845__XP_034672195.1	269	269	269	219	TAC	0.07962711155414581	1	moderate	moderate	0.022	False	user_msa
Drosophila_suzukii_Drosophila_suzukii__Act5C__XP_065724039.1	269	269	269	219	TAC	0.07962711155414581	1	moderate	moderate	0.022	False	user_msa
Drosophila_virilis_Drosophila_virilis__Act5C__XP_002059576.1	269	269	269	219	TAT	0.08706653863191605	1	moderate	moderate	0.022	False	user_msa
Drosophila_willistoni_Drosophila_willistoni__LOC6641346__XP_023031150.1	269	269	269	219	TAT	0.08706653863191605	1	moderate	moderate	0.022	False	user_msa
Drosophila_yakuba_Drosophila_yakuba__LOC6525488__XP_002101323.1	269	269	269	219	TAC	0.07962711155414581	1	moderate	moderate	0.022	False	user_msa
Drosophila_ananassae_Drosophila_ananassae__LOC6504746__XP_032309021.1	270	270	270	220	GTG	0.09945113956928253	1	moderate	moderate	0.022	False	user_msa
Drosophila_biarmipes_Drosophila_biarmipes__LOC108031387__XP_050746516.1	270	270	270	220	GTG	0.09945113956928253	1	moderate	moderate	0.022	False	user_msa
Drosophila_mauritiana_Drosophila_mauritiana__LOC117148789__XP_033172290.1	270	270	270	220	GTT	0.10390019416809082	1	moderate	moderate	0.022	False	user_msa
Drosophila_melanogaster_Drosophila_melanogaster__Act5C__NP_511052.1	270	270	270	220	GTT	0.10390019416809082	1	moderate	moderate	0.022	False	user_msa
Drosophila_pseudoobscura_Drosophila_pseudoobscura__Act5C__XP_001354857.1	270	270	270	220	GTC	0.0951722264289856	1	moderate	moderate	0.022	False	user_msa
Drosophila_sechellia_Drosophila_sechellia__Act5C__XP_002036849.1	270	270	270	220	GTT	0.10390019416809082	1	moderate	moderate	0.022	False	user_msa
Drosophila_simulans_Drosophila_simulans__LOC6725225__XP_016038239.1	270	270	270	220	GTT	0.10390019416809082	1	moderate	moderate	0.022	False	user_msa
Drosophila_subobscura_Drosophila_subobscura__LOC117903845__XP_034672195.1	270	270	270	220	GTC	0.0951722264289856	1	moderate	moderate	0.022	False	user_msa
Drosophila_suzukii_Drosophila_suzukii__Act5C__XP_065724039.1	270	270	270	220	GTG	0.09945113956928253	1	moderate	moderate	0.022	False	user_msa
Drosophila_virilis_Drosophila_virilis__Act5C__XP_002059576.1	270	270	270	220	GTG	0.09945113956928253	1	moderate	moderate	0.022	False	user_msa
Drosophila_willistoni_Drosophila_willistoni__LOC6641346__XP_023031150.1	270	270	270	220	GTT	0.10390019416809082	1	moderate	moderate	0.022	False	user_msa
Drosophila_yakuba_Drosophila_yakuba__LOC6525488__XP_002101323.1	270	270	270	220	GTT	0.10390019416809082	1	moderate	moderate	0.022	False	user_msa
Drosophila_ananassae_Drosophila_ananassae__LOC6504746__XP_032309021.1	271	271	271	221	GCT	0.08328037708997726	1	moderate	moderate	0.022	False	user_msa
Drosophila_biarmipes_Drosophila_biarmipes__LOC108031387__XP_050746516.1	271	271	271	221	GCT	0.08328037708997726	1	moderate	moderate	0.022	False	user_msa
Drosophila_mauritiana_Drosophila_mauritiana__LOC117148789__XP_033172290.1	271	271	271	221	GCC	0.07613741606473923	1	moderate	moderate	0.022	False	user_msa
Drosophila_melanogaster_Drosophila_melanogaster__Act5C__NP_511052.1	271	271	271	221	GCC	0.07613741606473923	1	moderate	moderate	0.022	False	user_msa
Drosophila_pseudoobscura_Drosophila_pseudoobscura__Act5C__XP_001354857.1	271	271	271	221	GCT	0.08328037708997726	1	moderate	moderate	0.022	False	user_msa
Drosophila_sechellia_Drosophila_sechellia__Act5C__XP_002036849.1	271	271	271	221	GCC	0.07613741606473923	1	moderate	moderate	0.022	False	user_msa
Drosophila_simulans_Drosophila_simulans__LOC6725225__XP_016038239.1	271	271	271	221	GCC	0.07613741606473923	1	moderate	moderate	0.022	False	user_msa
Drosophila_subobscura_Drosophila_subobscura__LOC117903845__XP_034672195.1	271	271	271	221	GCT	0.08328037708997726	1	moderate	moderate	0.022	False	user_msa
Drosophila_suzukii_Drosophila_suzukii__Act5C__XP_065724039.1	271	271	271	221	GCT	0.08328037708997726	1	moderate	moderate	0.022	False	user_msa
Drosophila_virilis_Drosophila_virilis__Act5C__XP_002059576.1	271	271	271	221	GCT	0.08328037708997726	1	moderate	moderate	0.022	False	user_msa
Drosophila_willistoni_Drosophila_willistoni__LOC6641346__XP_023031150.1	271	271	271	221	GCT	0.08328037708997726	1	moderate	moderate	0.022	False	user_msa
Drosophila_yakuba_Drosophila_yakuba__LOC6525488__XP_002101323.1	271	271	271	221	GCC	0.07613741606473923	1	moderate	moderate	0.022	False	user_msa
Drosophila_ananassae_Drosophila_ananassae__LOC6504746__XP_032309021.1	272	272	272	222	CTG	0.07178155332803726	1	moderate	moderate	0.022	False	user_msa
Drosophila_biarmipes_Drosophila_biarmipes__LOC108031387__XP_050746516.1	272	272	272	222	TTG	0.17459766566753387	1	moderate	moderate	0.022	False	user_msa
Drosophila_mauritiana_Drosophila_mauritiana__LOC117148789__XP_033172290.1	272	272	272	222	CTC	0.06826410442590714	1	moderate	moderate	0.022	False	user_msa
Drosophila_melanogaster_Drosophila_melanogaster__Act5C__NP_511052.1	272	272	272	222	CTC	0.06826410442590714	1	moderate	moderate	0.022	False	user_msa
Drosophila_pseudoobscura_Drosophila_pseudoobscura__Act5C__XP_001354857.1	272	272	272	222	TTG	0.17459766566753387	1	moderate	moderate	0.022	False	user_msa
Drosophila_sechellia_Drosophila_sechellia__Act5C__XP_002036849.1	272	272	272	222	CTC	0.06826410442590714	1	moderate	moderate	0.022	False	user_msa
Drosophila_simulans_Drosophila_simulans__LOC6725225__XP_016038239.1	272	272	272	222	CTC	0.06826410442590714	1	moderate	moderate	0.022	False	user_msa
Drosophila_subobscura_Drosophila_subobscura__LOC117903845__XP_034672195.1	272	272	272	222	TTG	0.17459766566753387	1	moderate	moderate	0.022	False	user_msa
Drosophila_suzukii_Drosophila_suzukii__Act5C__XP_065724039.1	272	272	272	222	TTG	0.17459766566753387	1	moderate	moderate	0.022	False	user_msa
Drosophila_virilis_Drosophila_virilis__Act5C__XP_002059576.1	272	272	272	222	CTT	0.07451459765434265	1	moderate	moderate	0.022	False	user_msa
Drosophila_willistoni_Drosophila_willistoni__LOC6641346__XP_023031150.1	272	272	272	222	CTT	0.07451459765434265	1	moderate	moderate	0.022	False	user_msa
Drosophila_yakuba_Drosophila_yakuba__LOC6525488__XP_002101323.1	272	272	272	222	CTG	0.07178155332803726	1	moderate	moderate	0.022	False	user_msa
Drosophila_ananassae_Drosophila_ananassae__LOC6504746__XP_032309021.1	273	273	273	223	GAC	0.07893270254135132	1	moderate	moderate	0.022	False	user_msa
Drosophila_biarmipes_Drosophila_biarmipes__LOC108031387__XP_050746516.1	273	273	273	223	GAC	0.07893270254135132	1	moderate	moderate	0.022	False	user_msa
Drosophila_mauritiana_Drosophila_mauritiana__LOC117148789__XP_033172290.1	273	273	273	223	GAC	0.07893270254135132	1	moderate	moderate	0.022	False	user_msa
Drosophila_melanogaster_Drosophila_melanogaster__Act5C__NP_511052.1	273	273	273	223	GAC	0.07893270254135132	1	moderate	moderate	0.022	False	user_msa
Drosophila_pseudoobscura_Drosophila_pseudoobscura__Act5C__XP_001354857.1	273	273	273	223	GAC	0.07893270254135132	1	moderate	moderate	0.022	False	user_msa
Drosophila_sechellia_Drosophila_sechellia__Act5C__XP_002036849.1	273	273	273	223	GAC	0.07893270254135132	1	moderate	moderate	0.022	False	user_msa
Drosophila_simulans_Drosophila_simulans__LOC6725225__XP_016038239.1	273	273	273	223	GAC	0.07893270254135132	1	moderate	moderate	0.022	False	user_msa
Drosophila_subobscura_Drosophila_subobscura__LOC117903845__XP_034672195.1	273	273	273	223	GAC	0.07893270254135132	1	moderate	moderate	0.022	False	user_msa
Drosophila_suzukii_Drosophila_suzukii__Act5C__XP_065724039.1	273	273	273	223	GAC	0.07893270254135132	1	moderate	moderate	0.022	False	user_msa
Drosophila_virilis_Drosophila_virilis__Act5C__XP_002059576.1	273	273	273	223	GAT	0.08631324023008347	1	moderate	moderate	0.022	False	user_msa
Drosophila_willistoni_Drosophila_willistoni__LOC6641346__XP_023031150.1	273	273	273	223	GAC	0.07893270254135132	1	moderate	moderate	0.022	False	user_msa
Drosophila_yakuba_Drosophila_yakuba__LOC6525488__XP_002101323.1	273	273	273	223	GAC	0.07893270254135132	1	moderate	moderate	0.022	False	user_msa
Drosophila_ananassae_Drosophila_ananassae__LOC6504746__XP_032309021.1	274	274	274	224	TTT	0.09395007789134979	1	moderate	moderate	0.022	False	user_msa
Drosophila_biarmipes_Drosophila_biarmipes__LOC108031387__XP_050746516.1	274	274	274	224	TTT	0.09395007789134979	1	moderate	moderate	0.022	False	user_msa
Drosophila_mauritiana_Drosophila_mauritiana__LOC117148789__XP_033172290.1	274	274	274	224	TTC	0.08597792685031891	1	moderate	moderate	0.022	False	user_msa
Drosophila_melanogaster_Drosophila_melanogaster__Act5C__NP_511052.1	274	274	274	224	TTT	0.09395007789134979	1	moderate	moderate	0.022	False	user_msa
Drosophila_pseudoobscura_Drosophila_pseudoobscura__Act5C__XP_001354857.1	274	274	274	224	TTC	0.08597792685031891	1	moderate	moderate	0.022	False	user_msa
Drosophila_sechellia_Drosophila_sechellia__Act5C__XP_002036849.1	274	274	274	224	TTC	0.08597792685031891	1	moderate	moderate	0.022	False	user_msa
Drosophila_simulans_Drosophila_simulans__LOC6725225__XP_016038239.1	274	274	274	224	TTC	0.08597792685031891	1	moderate	moderate	0.022	False	user_msa
Drosophila_subobscura_Drosophila_subobscura__LOC117903845__XP_034672195.1	274	274	274	224	TTC	0.08597792685031891	1	moderate	moderate	0.022	False	user_msa
Drosophila_suzukii_Drosophila_suzukii__Act5C__XP_065724039.1	274	274	274	224	TTT	0.09395007789134979	1	moderate	moderate	0.022	False	user_msa
Drosophila_virilis_Drosophila_virilis__Act5C__XP_002059576.1	274	274	274	224	TTC	0.08597792685031891	1	moderate	moderate	0.022	False	user_msa
Drosophila_willistoni_Drosophila_willistoni__LOC6641346__XP_023031150.1	274	274	274	224	TTC	0.08597792685031891	1	moderate	moderate	0.022	False	user_msa
Drosophila_yakuba_Drosophila_yakuba__LOC6525488__XP_002101323.1	274	274	274	224	TTC	0.08597792685031891	1	moderate	moderate	0.022	False	user_msa
Drosophila_ananassae_Drosophila_ananassae__LOC6504746__XP_032309021.1	275	275	275	225	GAG	0.0677601769566536	1	moderate	moderate	0.022	False	user_msa
Drosophila_biarmipes_Drosophila_biarmipes__LOC108031387__XP_050746516.1	275	275	275	225	GAG	0.0677601769566536	1	moderate	moderate	0.022	False	user_msa
Drosophila_mauritiana_Drosophila_mauritiana__LOC117148789__XP_033172290.1	275	275	275	225	GAG	0.0677601769566536	1	moderate	moderate	0.022	False	user_msa
Drosophila_melanogaster_Drosophila_melanogaster__Act5C__NP_511052.1	275	275	275	225	GAG	0.0677601769566536	1	moderate	moderate	0.022	False	user_msa
Drosophila_pseudoobscura_Drosophila_pseudoobscura__Act5C__XP_001354857.1	275	275	275	225	GAG	0.0677601769566536	1	moderate	moderate	0.022	False	user_msa
Drosophila_sechellia_Drosophila_sechellia__Act5C__XP_002036849.1	275	275	275	225	GAG	0.0677601769566536	1	moderate	moderate	0.022	False	user_msa
Drosophila_simulans_Drosophila_simulans__LOC6725225__XP_016038239.1	275	275	275	225	GAG	0.0677601769566536	1	moderate	moderate	0.022	False	user_msa
Drosophila_subobscura_Drosophila_subobscura__LOC117903845__XP_034672195.1	275	275	275	225	GAG	0.0677601769566536	1	moderate	moderate	0.022	False	user_msa
Drosophila_suzukii_Drosophila_suzukii__Act5C__XP_065724039.1	275	275	275	225	GAG	0.0677601769566536	1	moderate	moderate	0.022	False	user_msa
Drosophila_virilis_Drosophila_virilis__Act5C__XP_002059576.1	275	275	275	225	GAG	0.0677601769566536	1	moderate	moderate	0.022	False	user_msa
Drosophila_willistoni_Drosophila_willistoni__LOC6641346__XP_023031150.1	275	275	275	225	GAG	0.0677601769566536	1	moderate	moderate	0.022	False	user_msa
Drosophila_yakuba_Drosophila_yakuba__LOC6525488__XP_002101323.1	275	275	275	225	GAG	0.0677601769566536	1	moderate	moderate	0.022	False	user_msa
Drosophila_ananassae_Drosophila_ananassae__LOC6504746__XP_032309021.1	276	276	276	226	CAG	0.06427937000989914	1	moderate	moderate	0.022	False	user_msa
Drosophila_biarmipes_Drosophila_biarmipes__LOC108031387__XP_050746516.1	276	276	276	226	CAG	0.06427937000989914	1	moderate	moderate	0.022	False	user_msa
Drosophila_mauritiana_Drosophila_mauritiana__LOC117148789__XP_033172290.1	276	276	276	226	CAG	0.06427937000989914	1	moderate	moderate	0.022	False	user_msa
Drosophila_melanogaster_Drosophila_melanogaster__Act5C__NP_511052.1	276	276	276	226	CAG	0.06427937000989914	1	moderate	moderate	0.022	False	user_msa
Drosophila_pseudoobscura_Drosophila_pseudoobscura__Act5C__XP_001354857.1	276	276	276	226	CAG	0.06427937000989914	1	moderate	moderate	0.022	False	user_msa
Drosophila_sechellia_Drosophila_sechellia__Act5C__XP_002036849.1	276	276	276	226	CAG	0.06427937000989914	1	moderate	moderate	0.022	False	user_msa
Drosophila_simulans_Drosophila_simulans__LOC6725225__XP_016038239.1	276	276	276	226	CAG	0.06427937000989914	1	moderate	moderate	0.022	False	user_msa
Drosophila_subobscura_Drosophila_subobscura__LOC117903845__XP_034672195.1	276	276	276	226	CAG	0.06427937000989914	1	moderate	moderate	0.022	False	user_msa
Drosophila_suzukii_Drosophila_suzukii__Act5C__XP_065724039.1	276	276	276	226	CAG	0.06427937000989914	1	moderate	moderate	0.022	False	user_msa
Drosophila_virilis_Drosophila_virilis__Act5C__XP_002059576.1	276	276	276	226	CAG	0.06427937000989914	1	moderate	moderate	0.022	False	user_msa
Drosophila_willistoni_Drosophila_willistoni__LOC6641346__XP_023031150.1	276	276	276	226	CAG	0.06427937000989914	1	moderate	moderate	0.022	False	user_msa
Drosophila_yakuba_Drosophila_yakuba__LOC6525488__XP_002101323.1	276	276	276	226	CAG	0.06427937000989914	1	moderate	moderate	0.022	False	user_msa
Drosophila_ananassae_Drosophila_ananassae__LOC6504746__XP_032309021.1	277	277	277	227	GAG	0.06777795404195786	1	moderate	moderate	0.022	False	user_msa
Drosophila_biarmipes_Drosophila_biarmipes__LOC108031387__XP_050746516.1	277	277	277	227	GAG	0.06777795404195786	1	moderate	moderate	0.022	False	user_msa
Drosophila_mauritiana_Drosophila_mauritiana__LOC117148789__XP_033172290.1	277	277	277	227	GAG	0.06777795404195786	1	moderate	moderate	0.022	False	user_msa
Drosophila_melanogaster_Drosophila_melanogaster__Act5C__NP_511052.1	277	277	277	227	GAG	0.06777795404195786	1	moderate	moderate	0.022	False	user_msa
Drosophila_pseudoobscura_Drosophila_pseudoobscura__Act5C__XP_001354857.1	277	277	277	227	GAG	0.06777795404195786	1	moderate	moderate	0.022	False	user_msa
Drosophila_sechellia_Drosophila_sechellia__Act5C__XP_002036849.1	277	277	277	227	GAG	0.06777795404195786	1	moderate	moderate	0.022	False	user_msa
Drosophila_simulans_Drosophila_simulans__LOC6725225__XP_016038239.1	277	277	277	227	GAG	0.06777795404195786	1	moderate	moderate	0.022	False	user_msa
Drosophila_subobscura_Drosophila_subobscura__LOC117903845__XP_034672195.1	277	277	277	227	GAG	0.06777795404195786	1	moderate	moderate	0.022	False	user_msa
Drosophila_suzukii_Drosophila_suzukii__Act5C__XP_065724039.1	277	277	277	227	GAG	0.06777795404195786	1	moderate	moderate	0.022	False	user_msa
Drosophila_virilis_Drosophila_virilis__Act5C__XP_002059576.1	277	277	277	227	GAG	0.06777795404195786	1	moderate	moderate	0.022	False	user_msa
Drosophila_willistoni_Drosophila_willistoni__LOC6641346__XP_023031150.1	277	277	277	227	GAG	0.06777795404195786	1	moderate	moderate	0.022	False	user_msa
Drosophila_yakuba_Drosophila_yakuba__LOC6525488__XP_002101323.1	277	277	277	227	GAG	0.06777795404195786	1	moderate	moderate	0.022	False	user_msa
Drosophila_ananassae_Drosophila_ananassae__LOC6504746__XP_032309021.1	278	278	278	228	ATG	0.06345025449991226	1	moderate	moderate	0.022	False	user_msa
Drosophila_biarmipes_Drosophila_biarmipes__LOC108031387__XP_050746516.1	278	278	278	228	ATG	0.06345025449991226	1	moderate	moderate	0.022	False	user_msa
Drosophila_mauritiana_Drosophila_mauritiana__LOC117148789__XP_033172290.1	278	278	278	228	ATG	0.06345025449991226	1	moderate	moderate	0.022	False	user_msa
Drosophila_melanogaster_Drosophila_melanogaster__Act5C__NP_511052.1	278	278	278	228	ATG	0.06345025449991226	1	moderate	moderate	0.022	False	user_msa
Drosophila_pseudoobscura_Drosophila_pseudoobscura__Act5C__XP_001354857.1	278	278	278	228	ATG	0.06345025449991226	1	moderate	moderate	0.022	False	user_msa
Drosophila_sechellia_Drosophila_sechellia__Act5C__XP_002036849.1	278	278	278	228	ATG	0.06345025449991226	1	moderate	moderate	0.022	False	user_msa
Drosophila_simulans_Drosophila_simulans__LOC6725225__XP_016038239.1	278	278	278	228	ATG	0.06345025449991226	1	moderate	moderate	0.022	False	user_msa
Drosophila_subobscura_Drosophila_subobscura__LOC117903845__XP_034672195.1	278	278	278	228	ATG	0.06345025449991226	1	moderate	moderate	0.022	False	user_msa
Drosophila_suzukii_Drosophila_suzukii__Act5C__XP_065724039.1	278	278	278	228	ATG	0.06345025449991226	1	moderate	moderate	0.022	False	user_msa
Drosophila_virilis_Drosophila_virilis__Act5C__XP_002059576.1	278	278	278	228	ATG	0.06345025449991226	1	moderate	moderate	0.022	False	user_msa
Drosophila_willistoni_Drosophila_willistoni__LOC6641346__XP_023031150.1	278	278	278	228	ATG	0.06345025449991226	1	moderate	moderate	0.022	False	user_msa
Drosophila_yakuba_Drosophila_yakuba__LOC6525488__XP_002101323.1	278	278	278	228	ATG	0.06345025449991226	1	moderate	moderate	0.022	False	user_msa
Drosophila_ananassae_Drosophila_ananassae__LOC6504746__XP_032309021.1	279	279	279	229	GCC	0.08226783573627472	1	moderate	moderate	0.022	False	user_msa
Drosophila_biarmipes_Drosophila_biarmipes__LOC108031387__XP_050746516.1	279	279	279	229	GCC	0.08226783573627472	1	moderate	moderate	0.022	False	user_msa
Drosophila_mauritiana_Drosophila_mauritiana__LOC117148789__XP_033172290.1	279	279	279	229	GCC	0.08226783573627472	1	moderate	moderate	0.022	False	user_msa
Drosophila_melanogaster_Drosophila_melanogaster__Act5C__NP_511052.1	279	279	279	229	GCC	0.08226783573627472	1	moderate	moderate	0.022	False	user_msa
Drosophila_pseudoobscura_Drosophila_pseudoobscura__Act5C__XP_001354857.1	279	279	279	229	GCC	0.08226783573627472	1	moderate	moderate	0.022	False	user_msa
Drosophila_sechellia_Drosophila_sechellia__Act5C__XP_002036849.1	279	279	279	229	GCC	0.08226783573627472	1	moderate	moderate	0.022	False	user_msa
Drosophila_simulans_Drosophila_simulans__LOC6725225__XP_016038239.1	279	279	279	229	GCC	0.08226783573627472	1	moderate	moderate	0.022	False	user_msa
Drosophila_subobscura_Drosophila_subobscura__LOC117903845__XP_034672195.1	279	279	279	229	GCC	0.08226783573627472	1	moderate	moderate	0.022	False	user_msa
Drosophila_suzukii_Drosophila_suzukii__Act5C__XP_065724039.1	279	279	279	229	GCC	0.08226783573627472	1	moderate	moderate	0.022	False	user_msa
Drosophila_virilis_Drosophila_virilis__Act5C__XP_002059576.1	279	279	279	229	GCA	0.07866385579109192	1	moderate	moderate	0.022	False	user_msa
Drosophila_willistoni_Drosophila_willistoni__LOC6641346__XP_023031150.1	279	279	279	229	GCC	0.08226783573627472	1	moderate	moderate	0.022	False	user_msa
Drosophila_yakuba_Drosophila_yakuba__LOC6525488__XP_002101323.1	279	279	279	229	GCC	0.08226783573627472	1	moderate	moderate	0.022	False	user_msa
Drosophila_ananassae_Drosophila_ananassae__LOC6504746__XP_032309021.1	280	280	280	230	ACC	0.07119583338499069	1	moderate	moderate	0.022	False	user_msa
Drosophila_biarmipes_Drosophila_biarmipes__LOC108031387__XP_050746516.1	280	280	280	230	ACC	0.07119583338499069	1	moderate	moderate	0.022	False	user_msa
Drosophila_mauritiana_Drosophila_mauritiana__LOC117148789__XP_033172290.1	280	280	280	230	ACC	0.07119583338499069	1	moderate	moderate	0.022	False	user_msa
Drosophila_melanogaster_Drosophila_melanogaster__Act5C__NP_511052.1	280	280	280	230	ACC	0.07119583338499069	1	moderate	moderate	0.022	False	user_msa
Drosophila_pseudoobscura_Drosophila_pseudoobscura__Act5C__XP_001354857.1	280	280	280	230	ACC	0.07119583338499069	1	moderate	moderate	0.022	False	user_msa
Drosophila_sechellia_Drosophila_sechellia__Act5C__XP_002036849.1	280	280	280	230	ACC	0.07119583338499069	1	moderate	moderate	0.022	False	user_msa
Drosophila_simulans_Drosophila_simulans__LOC6725225__XP_016038239.1	280	280	280	230	ACC	0.07119583338499069	1	moderate	moderate	0.022	False	user_msa
Drosophila_subobscura_Drosophila_subobscura__LOC117903845__XP_034672195.1	280	280	280	230	ACC	0.07119583338499069	1	moderate	moderate	0.022	False	user_msa
Drosophila_suzukii_Drosophila_suzukii__Act5C__XP_065724039.1	280	280	280	230	ACC	0.07119583338499069	1	moderate	moderate	0.022	False	user_msa
Drosophila_virilis_Drosophila_virilis__Act5C__XP_002059576.1	280	280	280	230	ACT	0.07682900130748749	1	moderate	moderate	0.022	False	user_msa
Drosophila_willistoni_Drosophila_willistoni__LOC6641346__XP_023031150.1	280	280	280	230	ACC	0.07119583338499069	1	moderate	moderate	0.022	False	user_msa
Drosophila_yakuba_Drosophila_yakuba__LOC6525488__XP_002101323.1	280	280	280	230	ACC	0.07119583338499069	1	moderate	moderate	0.022	False	user_msa
Drosophila_ananassae_Drosophila_ananassae__LOC6504746__XP_032309021.1	281	281	281	231	GCT	0.06914579123258591	1	moderate	moderate	0.022	False	user_msa
Drosophila_biarmipes_Drosophila_biarmipes__LOC108031387__XP_050746516.1	281	281	281	231	GCT	0.06914579123258591	1	moderate	moderate	0.022	False	user_msa
Drosophila_mauritiana_Drosophila_mauritiana__LOC117148789__XP_033172290.1	281	281	281	231	GCT	0.06914579123258591	1	moderate	moderate	0.022	False	user_msa
Drosophila_melanogaster_Drosophila_melanogaster__Act5C__NP_511052.1	281	281	281	231	GCT	0.06914579123258591	1	moderate	moderate	0.022	False	user_msa
Drosophila_pseudoobscura_Drosophila_pseudoobscura__Act5C__XP_001354857.1	281	281	281	231	GCT	0.06914579123258591	1	moderate	moderate	0.022	False	user_msa
Drosophila_sechellia_Drosophila_sechellia__Act5C__XP_002036849.1	281	281	281	231	GCT	0.06914579123258591	1	moderate	moderate	0.022	False	user_msa
Drosophila_simulans_Drosophila_simulans__LOC6725225__XP_016038239.1	281	281	281	231	GCT	0.06914579123258591	1	moderate	moderate	0.022	False	user_msa
Drosophila_subobscura_Drosophila_subobscura__LOC117903845__XP_034672195.1	281	281	281	231	GCT	0.06914579123258591	1	moderate	moderate	0.022	False	user_msa
Drosophila_suzukii_Drosophila_suzukii__Act5C__XP_065724039.1	281	281	281	231	GCT	0.06914579123258591	1	moderate	moderate	0.022	False	user_msa
Drosophila_virilis_Drosophila_virilis__Act5C__XP_002059576.1	281	281	281	231	GCT	0.06914579123258591	1	moderate	moderate	0.022	False	user_msa
Drosophila_willistoni_Drosophila_willistoni__LOC6641346__XP_023031150.1	281	281	281	231	GCT	0.06914579123258591	1	moderate	moderate	0.022	False	user_msa
Drosophila_yakuba_Drosophila_yakuba__LOC6525488__XP_002101323.1	281	281	281	231	GCT	0.06914579123258591	1	moderate	moderate	0.022	False	user_msa
Drosophila_ananassae_Drosophila_ananassae__LOC6504746__XP_032309021.1	282	282	282		---	0.0347212515771389	1	moderate	moderate	0.022	False	user_msa
Drosophila_biarmipes_Drosophila_biarmipes__LOC108031387__XP_050746516.1	282	282	282		---	0.0347212515771389	1	moderate	moderate	0.022	False	user_msa
Drosophila_mauritiana_Drosophila_mauritiana__LOC117148789__XP_033172290.1	282	282	282		---	0.0347212515771389	1	moderate	moderate	0.022	False	user_msa
Drosophila_melanogaster_Drosophila_melanogaster__Act5C__NP_511052.1	282	282	282		---	0.0347212515771389	1	moderate	moderate	0.022	False	user_msa
Drosophila_pseudoobscura_Drosophila_pseudoobscura__Act5C__XP_001354857.1	282	282	282		---	0.0347212515771389	1	moderate	moderate	0.022	False	user_msa
Drosophila_sechellia_Drosophila_sechellia__Act5C__XP_002036849.1	282	282	282		---	0.0347212515771389	1	moderate	moderate	0.022	False	user_msa
Drosophila_simulans_Drosophila_simulans__LOC6725225__XP_016038239.1	282	282	282		---	0.0347212515771389	1	moderate	moderate	0.022	False	user_msa
Drosophila_subobscura_Drosophila_subobscura__LOC117903845__XP_034672195.1	282	282	282		---	0.0347212515771389	1	moderate	moderate	0.022	False	user_msa
Drosophila_suzukii_Drosophila_suzukii__Act5C__XP_065724039.1	282	282	282		---	0.0347212515771389	1	moderate	moderate	0.022	False	user_msa
Drosophila_virilis_Drosophila_virilis__Act5C__XP_002059576.1	282	282	282		---	0.0347212515771389	1	moderate	moderate	0.022	False	user_msa
Drosophila_willistoni_Drosophila_willistoni__LOC6641346__XP_023031150.1	282	282	282		---	0.0347212515771389	1	moderate	moderate	0.022	False	user_msa
Drosophila_yakuba_Drosophila_yakuba__LOC6525488__XP_002101323.1	282	282	282		---	0.0347212515771389	1	moderate	moderate	0.022	False	user_msa
Drosophila_ananassae_Drosophila_ananassae__LOC6504746__XP_032309021.1	283	283	283		---	0.03472333028912544	1	moderate	moderate	0.022	False	user_msa
Drosophila_biarmipes_Drosophila_biarmipes__LOC108031387__XP_050746516.1	283	283	283		---	0.03472333028912544	1	moderate	moderate	0.022	False	user_msa
Drosophila_mauritiana_Drosophila_mauritiana__LOC117148789__XP_033172290.1	283	283	283		---	0.03472333028912544	1	moderate	moderate	0.022	False	user_msa
Drosophila_melanogaster_Drosophila_melanogaster__Act5C__NP_511052.1	283	283	283		---	0.03472333028912544	1	moderate	moderate	0.022	False	user_msa
Drosophila_pseudoobscura_Drosophila_pseudoobscura__Act5C__XP_001354857.1	283	283	283		---	0.03472333028912544	1	moderate	moderate	0.022	False	user_msa
Drosophila_sechellia_Drosophila_sechellia__Act5C__XP_002036849.1	283	283	283		---	0.03472333028912544	1	moderate	moderate	0.022	False	user_msa
Drosophila_simulans_Drosophila_simulans__LOC6725225__XP_016038239.1	283	283	283		---	0.03472333028912544	1	moderate	moderate	0.022	False	user_msa
Drosophila_subobscura_Drosophila_subobscura__LOC117903845__XP_034672195.1	283	283	283		---	0.03472333028912544	1	moderate	moderate	0.022	False	user_msa
Drosophila_suzukii_Drosophila_suzukii__Act5C__XP_065724039.1	283	283	283		---	0.03472333028912544	1	moderate	moderate	0.022	False	user_msa
Drosophila_virilis_Drosophila_virilis__Act5C__XP_002059576.1	283	283	283		---	0.03472333028912544	1	moderate	moderate	0.022	False	user_msa
Drosophila_willistoni_Drosophila_willistoni__LOC6641346__XP_023031150.1	283	283	283		---	0.03472333028912544	1	moderate	moderate	0.022	False	user_msa
Drosophila_yakuba_Drosophila_yakuba__LOC6525488__XP_002101323.1	283	283	283		---	0.03472333028912544	1	moderate	moderate	0.022	False	user_msa
Drosophila_ananassae_Drosophila_ananassae__LOC6504746__XP_032309021.1	284	284	284		---	0.03472542390227318	1	moderate	moderate	0.022	False	user_msa
Drosophila_biarmipes_Drosophila_biarmipes__LOC108031387__XP_050746516.1	284	284	284		---	0.03472542390227318	1	moderate	moderate	0.022	False	user_msa
Drosophila_mauritiana_Drosophila_mauritiana__LOC117148789__XP_033172290.1	284	284	284		---	0.03472542390227318	1	moderate	moderate	0.022	False	user_msa
Drosophila_melanogaster_Drosophila_melanogaster__Act5C__NP_511052.1	284	284	284		---	0.03472542390227318	1	moderate	moderate	0.022	False	user_msa
Drosophila_pseudoobscura_Drosophila_pseudoobscura__Act5C__XP_001354857.1	284	284	284		---	0.03472542390227318	1	moderate	moderate	0.022	False	user_msa
Drosophila_sechellia_Drosophila_sechellia__Act5C__XP_002036849.1	284	284	284		---	0.03472542390227318	1	moderate	moderate	0.022	False	user_msa
Drosophila_simulans_Drosophila_simulans__LOC6725225__XP_016038239.1	284	284	284		---	0.03472542390227318	1	moderate	moderate	0.022	False	user_msa
Drosophila_subobscura_Drosophila_subobscura__LOC117903845__XP_034672195.1	284	284	284		---	0.03472542390227318	1	moderate	moderate	0.022	False	user_msa
Drosophila_suzukii_Drosophila_suzukii__Act5C__XP_065724039.1	284	284	284		---	0.03472542390227318	1	moderate	moderate	0.022	False	user_msa
Drosophila_virilis_Drosophila_virilis__Act5C__XP_002059576.1	284	284	284		---	0.03472542390227318	1	moderate	moderate	0.022	False	user_msa
Drosophila_willistoni_Drosophila_willistoni__LOC6641346__XP_023031150.1	284	284	284		---	0.03472542390227318	1	moderate	moderate	0.022	False	user_msa
Drosophila_yakuba_Drosophila_yakuba__LOC6525488__XP_002101323.1	284	284	284		---	0.03472542390227318	1	moderate	moderate	0.022	False	user_msa
Drosophila_ananassae_Drosophila_ananassae__LOC6504746__XP_032309021.1	285	285	285		---	0.03472752496600151	1	moderate	moderate	0.022	False	user_msa
Drosophila_biarmipes_Drosophila_biarmipes__LOC108031387__XP_050746516.1	285	285	285		---	0.03472752496600151	1	moderate	moderate	0.022	False	user_msa
Drosophila_mauritiana_Drosophila_mauritiana__LOC117148789__XP_033172290.1	285	285	285		---	0.03472752496600151	1	moderate	moderate	0.022	False	user_msa
Drosophila_melanogaster_Drosophila_melanogaster__Act5C__NP_511052.1	285	285	285		---	0.03472752496600151	1	moderate	moderate	0.022	False	user_msa
Drosophila_pseudoobscura_Drosophila_pseudoobscura__Act5C__XP_001354857.1	285	285	285		---	0.03472752496600151	1	moderate	moderate	0.022	False	user_msa
Drosophila_sechellia_Drosophila_sechellia__Act5C__XP_002036849.1	285	285	285		---	0.03472752496600151	1	moderate	moderate	0.022	False	user_msa
Drosophila_simulans_Drosophila_simulans__LOC6725225__XP_016038239.1	285	285	285		---	0.03472752496600151	1	moderate	moderate	0.022	False	user_msa
Drosophila_subobscura_Drosophila_subobscura__LOC117903845__XP_034672195.1	285	285	285		---	0.03472752496600151	1	moderate	moderate	0.022	False	user_msa
Drosophila_suzukii_Drosophila_suzukii__Act5C__XP_065724039.1	285	285	285		---	0.03472752496600151	1	moderate	moderate	0.022	False	user_msa
Drosophila_virilis_Drosophila_virilis__Act5C__XP_002059576.1	285	285	285		---	0.03472752496600151	1	moderate	moderate	0.022	False	user_msa
Drosophila_willistoni_Drosophila_willistoni__LOC6641346__XP_023031150.1	285	285	285		---	0.03472752496600151	1	moderate	moderate	0.022	False	user_msa
Drosophila_yakuba_Drosophila_yakuba__LOC6525488__XP_002101323.1	285	285	285		---	0.03472752496600151	1	moderate	moderate	0.022	False	user_msa
Drosophila_ananassae_Drosophila_ananassae__LOC6504746__XP_032309021.1	286	286	286		---	0.03472961485385895	1	moderate	moderate	0.022	False	user_msa
Drosophila_biarmipes_Drosophila_biarmipes__LOC108031387__XP_050746516.1	286	286	286		---	0.03472961485385895	1	moderate	moderate	0.022	False	user_msa
Drosophila_mauritiana_Drosophila_mauritiana__LOC117148789__XP_033172290.1	286	286	286		---	0.03472961485385895	1	moderate	moderate	0.022	False	user_msa
Drosophila_melanogaster_Drosophila_melanogaster__Act5C__NP_511052.1	286	286	286		---	0.03472961485385895	1	moderate	moderate	0.022	False	user_msa
Drosophila_pseudoobscura_Drosophila_pseudoobscura__Act5C__XP_001354857.1	286	286	286		---	0.03472961485385895	1	moderate	moderate	0.022	False	user_msa
Drosophila_sechellia_Drosophila_sechellia__Act5C__XP_002036849.1	286	286	286		---	0.03472961485385895	1	moderate	moderate	0.022	False	user_msa
Drosophila_simulans_Drosophila_simulans__LOC6725225__XP_016038239.1	286	286	286		---	0.03472961485385895	1	moderate	moderate	0.022	False	user_msa
Drosophila_subobscura_Drosophila_subobscura__LOC117903845__XP_034672195.1	286	286	286		---	0.03472961485385895	1	moderate	moderate	0.022	False	user_msa
Drosophila_suzukii_Drosophila_suzukii__Act5C__XP_065724039.1	286	286	286		---	0.03472961485385895	1	moderate	moderate	0.022	False	user_msa
Drosophila_virilis_Drosophila_virilis__Act5C__XP_002059576.1	286	286	286		---	0.03472961485385895	1	moderate	moderate	0.022	False	user_msa
Drosophila_willistoni_Drosophila_willistoni__LOC6641346__XP_023031150.1	286	286	286		---	0.03472961485385895	1	moderate	moderate	0.022	False	user_msa
Drosophila_yakuba_Drosophila_yakuba__LOC6525488__XP_002101323.1	286	286	286		---	0.03472961485385895	1	moderate	moderate	0.022	False	user_msa
Drosophila_ananassae_Drosophila_ananassae__LOC6504746__XP_032309021.1	287	287	287		---	0.034731682389974594	1	moderate	moderate	0.022	False	user_msa
Drosophila_biarmipes_Drosophila_biarmipes__LOC108031387__XP_050746516.1	287	287	287		---	0.034731682389974594	1	moderate	moderate	0.022	False	user_msa
Drosophila_mauritiana_Drosophila_mauritiana__LOC117148789__XP_033172290.1	287	287	287		---	0.034731682389974594	1	moderate	moderate	0.022	False	user_msa
Drosophila_melanogaster_Drosophila_melanogaster__Act5C__NP_511052.1	287	287	287		---	0.034731682389974594	1	moderate	moderate	0.022	False	user_msa
Drosophila_pseudoobscura_Drosophila_pseudoobscura__Act5C__XP_001354857.1	287	287	287		---	0.034731682389974594	1	moderate	moderate	0.022	False	user_msa
Drosophila_sechellia_Drosophila_sechellia__Act5C__XP_002036849.1	287	287	287		---	0.034731682389974594	1	moderate	moderate	0.022	False	user_msa
Drosophila_simulans_Drosophila_simulans__LOC6725225__XP_016038239.1	287	287	287		---	0.034731682389974594	1	moderate	moderate	0.022	False	user_msa
Drosophila_subobscura_Drosophila_subobscura__LOC117903845__XP_034672195.1	287	287	287		---	0.034731682389974594	1	moderate	moderate	0.022	False	user_msa
Drosophila_suzukii_Drosophila_suzukii__Act5C__XP_065724039.1	287	287	287		---	0.034731682389974594	1	moderate	moderate	0.022	False	user_msa
Drosophila_virilis_Drosophila_virilis__Act5C__XP_002059576.1	287	287	287		---	0.034731682389974594	1	moderate	moderate	0.022	False	user_msa
Drosophila_willistoni_Drosophila_willistoni__LOC6641346__XP_023031150.1	287	287	287		---	0.034731682389974594	1	moderate	moderate	0.022	False	user_msa
Drosophila_yakuba_Drosophila_yakuba__LOC6525488__XP_002101323.1	287	287	287		---	0.034731682389974594	1	moderate	moderate	0.022	False	user_msa
Drosophila_ananassae_Drosophila_ananassae__LOC6504746__XP_032309021.1	288	288	288		---	0.03473377227783203	1	moderate	moderate	0.022	False	user_msa
Drosophila_biarmipes_Drosophila_biarmipes__LOC108031387__XP_050746516.1	288	288	288		---	0.03473377227783203	1	moderate	moderate	0.022	False	user_msa
Drosophila_mauritiana_Drosophila_mauritiana__LOC117148789__XP_033172290.1	288	288	288		---	0.03473377227783203	1	moderate	moderate	0.022	False	user_msa
Drosophila_melanogaster_Drosophila_melanogaster__Act5C__NP_511052.1	288	288	288		---	0.03473377227783203	1	moderate	moderate	0.022	False	user_msa
Drosophila_pseudoobscura_Drosophila_pseudoobscura__Act5C__XP_001354857.1	288	288	288		---	0.03473377227783203	1	moderate	moderate	0.022	False	user_msa
Drosophila_sechellia_Drosophila_sechellia__Act5C__XP_002036849.1	288	288	288		---	0.03473377227783203	1	moderate	moderate	0.022	False	user_msa
Drosophila_simulans_Drosophila_simulans__LOC6725225__XP_016038239.1	288	288	288		---	0.03473377227783203	1	moderate	moderate	0.022	False	user_msa
Drosophila_subobscura_Drosophila_subobscura__LOC117903845__XP_034672195.1	288	288	288		---	0.03473377227783203	1	moderate	moderate	0.022	False	user_msa
Drosophila_suzukii_Drosophila_suzukii__Act5C__XP_065724039.1	288	288	288		---	0.03473377227783203	1	moderate	moderate	0.022	False	user_msa
Drosophila_virilis_Drosophila_virilis__Act5C__XP_002059576.1	288	288	288		---	0.03473377227783203	1	moderate	moderate	0.022	False	user_msa
Drosophila_willistoni_Drosophila_willistoni__LOC6641346__XP_023031150.1	288	288	288		---	0.03473377227783203	1	moderate	moderate	0.022	False	user_msa
Drosophila_yakuba_Drosophila_yakuba__LOC6525488__XP_002101323.1	288	288	288		---	0.03473377227783203	1	moderate	moderate	0.022	False	user_msa
Drosophila_ananassae_Drosophila_ananassae__LOC6504746__XP_032309021.1	289	289	289		---	0.034735847264528275	1	moderate	moderate	0.022	False	user_msa
Drosophila_biarmipes_Drosophila_biarmipes__LOC108031387__XP_050746516.1	289	289	289		---	0.034735847264528275	1	moderate	moderate	0.022	False	user_msa
Drosophila_mauritiana_Drosophila_mauritiana__LOC117148789__XP_033172290.1	289	289	289		---	0.034735847264528275	1	moderate	moderate	0.022	False	user_msa
Drosophila_melanogaster_Drosophila_melanogaster__Act5C__NP_511052.1	289	289	289		---	0.034735847264528275	1	moderate	moderate	0.022	False	user_msa
Drosophila_pseudoobscura_Drosophila_pseudoobscura__Act5C__XP_001354857.1	289	289	289		---	0.034735847264528275	1	moderate	moderate	0.022	False	user_msa
Drosophila_sechellia_Drosophila_sechellia__Act5C__XP_002036849.1	289	289	289		---	0.034735847264528275	1	moderate	moderate	0.022	False	user_msa
Drosophila_simulans_Drosophila_simulans__LOC6725225__XP_016038239.1	289	289	289		---	0.034735847264528275	1	moderate	moderate	0.022	False	user_msa
Drosophila_subobscura_Drosophila_subobscura__LOC117903845__XP_034672195.1	289	289	289		---	0.034735847264528275	1	moderate	moderate	0.022	False	user_msa
Drosophila_suzukii_Drosophila_suzukii__Act5C__XP_065724039.1	289	289	289		---	0.034735847264528275	1	moderate	moderate	0.022	False	user_msa
Drosophila_virilis_Drosophila_virilis__Act5C__XP_002059576.1	289	289	289		---	0.034735847264528275	1	moderate	moderate	0.022	False	user_msa
Drosophila_willistoni_Drosophila_willistoni__LOC6641346__XP_023031150.1	289	289	289		---	0.034735847264528275	1	moderate	moderate	0.022	False	user_msa
Drosophila_yakuba_Drosophila_yakuba__LOC6525488__XP_002101323.1	289	289	289		---	0.034735847264528275	1	moderate	moderate	0.022	False	user_msa
Drosophila_ananassae_Drosophila_ananassae__LOC6504746__XP_032309021.1	290	290	290		---	0.03473791852593422	1	moderate	moderate	0.022	False	user_msa
Drosophila_biarmipes_Drosophila_biarmipes__LOC108031387__XP_050746516.1	290	290	290		---	0.03473791852593422	1	moderate	moderate	0.022	False	user_msa
Drosophila_mauritiana_Drosophila_mauritiana__LOC117148789__XP_033172290.1	290	290	290		---	0.03473791852593422	1	moderate	moderate	0.022	False	user_msa
Drosophila_melanogaster_Drosophila_melanogaster__Act5C__NP_511052.1	290	290	290		---	0.03473791852593422	1	moderate	moderate	0.022	False	user_msa
Drosophila_pseudoobscura_Drosophila_pseudoobscura__Act5C__XP_001354857.1	290	290	290		---	0.03473791852593422	1	moderate	moderate	0.022	False	user_msa
Drosophila_sechellia_Drosophila_sechellia__Act5C__XP_002036849.1	290	290	290		---	0.03473791852593422	1	moderate	moderate	0.022	False	user_msa
Drosophila_simulans_Drosophila_simulans__LOC6725225__XP_016038239.1	290	290	290		---	0.03473791852593422	1	moderate	moderate	0.022	False	user_msa
Drosophila_subobscura_Drosophila_subobscura__LOC117903845__XP_034672195.1	290	290	290		---	0.03473791852593422	1	moderate	moderate	0.022	False	user_msa
Drosophila_suzukii_Drosophila_suzukii__Act5C__XP_065724039.1	290	290	290		---	0.03473791852593422	1	moderate	moderate	0.022	False	user_msa
Drosophila_virilis_Drosophila_virilis__Act5C__XP_002059576.1	290	290	290		---	0.03473791852593422	1	moderate	moderate	0.022	False	user_msa
Drosophila_willistoni_Drosophila_willistoni__LOC6641346__XP_023031150.1	290	290	290		---	0.03473791852593422	1	moderate	moderate	0.022	False	user_msa
Drosophila_yakuba_Drosophila_yakuba__LOC6525488__XP_002101323.1	290	290	290		---	0.03473791852593422	1	moderate	moderate	0.022	False	user_msa
Drosophila_ananassae_Drosophila_ananassae__LOC6504746__XP_032309021.1	291	291	291		---	0.034740012139081955	1	moderate	moderate	0.022	False	user_msa
Drosophila_biarmipes_Drosophila_biarmipes__LOC108031387__XP_050746516.1	291	291	291		---	0.034740012139081955	1	moderate	moderate	0.022	False	user_msa
Drosophila_mauritiana_Drosophila_mauritiana__LOC117148789__XP_033172290.1	291	291	291		---	0.034740012139081955	1	moderate	moderate	0.022	False	user_msa
Drosophila_melanogaster_Drosophila_melanogaster__Act5C__NP_511052.1	291	291	291		---	0.034740012139081955	1	moderate	moderate	0.022	False	user_msa
Drosophila_pseudoobscura_Drosophila_pseudoobscura__Act5C__XP_001354857.1	291	291	291		---	0.034740012139081955	1	moderate	moderate	0.022	False	user_msa
Drosophila_sechellia_Drosophila_sechellia__Act5C__XP_002036849.1	291	291	291		---	0.034740012139081955	1	moderate	moderate	0.022	False	user_msa
Drosophila_simulans_Drosophila_simulans__LOC6725225__XP_016038239.1	291	291	291		---	0.034740012139081955	1	moderate	moderate	0.022	False	user_msa
Drosophila_subobscura_Drosophila_subobscura__LOC117903845__XP_034672195.1	291	291	291		---	0.034740012139081955	1	moderate	moderate	0.022	False	user_msa
Drosophila_suzukii_Drosophila_suzukii__Act5C__XP_065724039.1	291	291	291		---	0.034740012139081955	1	moderate	moderate	0.022	False	user_msa
Drosophila_virilis_Drosophila_virilis__Act5C__XP_002059576.1	291	291	291		---	0.034740012139081955	1	moderate	moderate	0.022	False	user_msa
Drosophila_willistoni_Drosophila_willistoni__LOC6641346__XP_023031150.1	291	291	291		---	0.034740012139081955	1	moderate	moderate	0.022	False	user_msa
Drosophila_yakuba_Drosophila_yakuba__LOC6525488__XP_002101323.1	291	291	291		---	0.034740012139081955	1	moderate	moderate	0.022	False	user_msa
Drosophila_ananassae_Drosophila_ananassae__LOC6504746__XP_032309021.1	292	292	292		---	0.03474202752113342	1	moderate	moderate	0.022	False	user_msa
Drosophila_biarmipes_Drosophila_biarmipes__LOC108031387__XP_050746516.1	292	292	292		---	0.03474202752113342	1	moderate	moderate	0.022	False	user_msa
Drosophila_mauritiana_Drosophila_mauritiana__LOC117148789__XP_033172290.1	292	292	292		---	0.03474202752113342	1	moderate	moderate	0.022	False	user_msa
Drosophila_melanogaster_Drosophila_melanogaster__Act5C__NP_511052.1	292	292	292		---	0.03474202752113342	1	moderate	moderate	0.022	False	user_msa
Drosophila_pseudoobscura_Drosophila_pseudoobscura__Act5C__XP_001354857.1	292	292	292		---	0.03474202752113342	1	moderate	moderate	0.022	False	user_msa
Drosophila_sechellia_Drosophila_sechellia__Act5C__XP_002036849.1	292	292	292		---	0.03474202752113342	1	moderate	moderate	0.022	False	user_msa
Drosophila_simulans_Drosophila_simulans__LOC6725225__XP_016038239.1	292	292	292		---	0.03474202752113342	1	moderate	moderate	0.022	False	user_msa
Drosophila_subobscura_Drosophila_subobscura__LOC117903845__XP_034672195.1	292	292	292		---	0.03474202752113342	1	moderate	moderate	0.022	False	user_msa
Drosophila_suzukii_Drosophila_suzukii__Act5C__XP_065724039.1	292	292	292		---	0.03474202752113342	1	moderate	moderate	0.022	False	user_msa
Drosophila_virilis_Drosophila_virilis__Act5C__XP_002059576.1	292	292	292		---	0.03474202752113342	1	moderate	moderate	0.022	False	user_msa
Drosophila_willistoni_Drosophila_willistoni__LOC6641346__XP_023031150.1	292	292	292		---	0.03474202752113342	1	moderate	moderate	0.022	False	user_msa
Drosophila_yakuba_Drosophila_yakuba__LOC6525488__XP_002101323.1	292	292	292		---	0.03474202752113342	1	moderate	moderate	0.022	False	user_msa
Drosophila_ananassae_Drosophila_ananassae__LOC6504746__XP_032309021.1	293	293	293	232	GCC	0.06862121820449829	1	moderate	moderate	0.022	False	user_msa
Drosophila_biarmipes_Drosophila_biarmipes__LOC108031387__XP_050746516.1	293	293	293	232	GCC	0.06862121820449829	1	moderate	moderate	0.022	False	user_msa
Drosophila_mauritiana_Drosophila_mauritiana__LOC117148789__XP_033172290.1	293	293	293	232	GCC	0.06862121820449829	1	moderate	moderate	0.022	False	user_msa
Drosophila_melanogaster_Drosophila_melanogaster__Act5C__NP_511052.1	293	293	293	232	GCC	0.06862121820449829	1	moderate	moderate	0.022	False	user_msa
Drosophila_pseudoobscura_Drosophila_pseudoobscura__Act5C__XP_001354857.1	293	293	293	232	GCC	0.06862121820449829	1	moderate	moderate	0.022	False	user_msa
Drosophila_sechellia_Drosophila_sechellia__Act5C__XP_002036849.1	293	293	293	232	GCC	0.06862121820449829	1	moderate	moderate	0.022	False	user_msa
Drosophila_simulans_Drosophila_simulans__LOC6725225__XP_016038239.1	293	293	293	232	GCC	0.06862121820449829	1	moderate	moderate	0.022	False	user_msa
Drosophila_subobscura_Drosophila_subobscura__LOC117903845__XP_034672195.1	293	293	293	232	GCC	0.06862121820449829	1	moderate	moderate	0.022	False	user_msa
Drosophila_suzukii_Drosophila_suzukii__Act5C__XP_065724039.1	293	293	293	232	GCC	0.06862121820449829	1	moderate	moderate	0.022	False	user_msa
Drosophila_virilis_Drosophila_virilis__Act5C__XP_002059576.1	293	293	293	232	GCC	0.06862121820449829	1	moderate	moderate	0.022	False	user_msa
Drosophila_willistoni_Drosophila_willistoni__LOC6641346__XP_023031150.1	293	293	293	232	GCC	0.06862121820449829	1	moderate	moderate	0.022	False	user_msa
Drosophila_yakuba_Drosophila_yakuba__LOC6525488__XP_002101323.1	293	293	293	232	GCC	0.06862121820449829	1	moderate	moderate	0.022	False	user_msa
Drosophila_ananassae_Drosophila_ananassae__LOC6504746__XP_032309021.1	294	294	294	233	TCT	0.1884748935699463	1	moderate	moderate	0.022	False	user_msa
Drosophila_biarmipes_Drosophila_biarmipes__LOC108031387__XP_050746516.1	294	294	294	233	AGC	0.032133739441633224	1	moderate	moderate	0.022	False	user_msa
Drosophila_mauritiana_Drosophila_mauritiana__LOC117148789__XP_033172290.1	294	294	294	233	AGC	0.032133739441633224	1	moderate	moderate	0.022	False	user_msa
Drosophila_melanogaster_Drosophila_melanogaster__Act5C__NP_511052.1	294	294	294	233	AGC	0.032133739441633224	1	moderate	moderate	0.022	False	user_msa
Drosophila_pseudoobscura_Drosophila_pseudoobscura__Act5C__XP_001354857.1	294	294	294	233	TCC	0.17768985033035278	1	moderate	moderate	0.022	False	user_msa
Drosophila_sechellia_Drosophila_sechellia__Act5C__XP_002036849.1	294	294	294	233	AGC	0.032133739441633224	1	moderate	moderate	0.022	False	user_msa
Drosophila_simulans_Drosophila_simulans__LOC6725225__XP_016038239.1	294	294	294	233	AGC	0.032133739441633224	1	moderate	moderate	0.022	False	user_msa
Drosophila_subobscura_Drosophila_subobscura__LOC117903845__XP_034672195.1	294	294	294	233	TCC	0.17768985033035278	1	moderate	moderate	0.022	False	user_msa
Drosophila_suzukii_Drosophila_suzukii__Act5C__XP_065724039.1	294	294	294	233	AGC	0.032133739441633224	1	moderate	moderate	0.022	False	user_msa
Drosophila_virilis_Drosophila_virilis__Act5C__XP_002059576.1	294	294	294	233	TCC	0.17768985033035278	1	moderate	moderate	0.022	False	user_msa
Drosophila_willistoni_Drosophila_willistoni__LOC6641346__XP_023031150.1	294	294	294	233	TCA	0.1724814474582672	1	moderate	moderate	0.022	False	user_msa
Drosophila_yakuba_Drosophila_yakuba__LOC6525488__XP_002101323.1	294	294	294	233	AGC	0.032133739441633224	1	moderate	moderate	0.022	False	user_msa
Drosophila_ananassae_Drosophila_ananassae__LOC6504746__XP_032309021.1	295	295	295	234	AGC	0.06254713237285614	1	moderate	moderate	0.022	False	user_msa
Drosophila_biarmipes_Drosophila_biarmipes__LOC108031387__XP_050746516.1	295	295	295	234	AGC	0.06254713237285614	1	moderate	moderate	0.022	False	user_msa
Drosophila_mauritiana_Drosophila_mauritiana__LOC117148789__XP_033172290.1	295	295	295	234	AGC	0.06254713237285614	1	moderate	moderate	0.022	False	user_msa
Drosophila_melanogaster_Drosophila_melanogaster__Act5C__NP_511052.1	295	295	295	234	AGC	0.06254713237285614	1	moderate	moderate	0.022	False	user_msa
Drosophila_pseudoobscura_Drosophila_pseudoobscura__Act5C__XP_001354857.1	295	295	295	234	AGC	0.06254713237285614	1	moderate	moderate	0.022	False	user_msa
Drosophila_sechellia_Drosophila_sechellia__Act5C__XP_002036849.1	295	295	295	234	AGC	0.06254713237285614	1	moderate	moderate	0.022	False	user_msa
Drosophila_simulans_Drosophila_simulans__LOC6725225__XP_016038239.1	295	295	295	234	AGC	0.06254713237285614	1	moderate	moderate	0.022	False	user_msa
Drosophila_subobscura_Drosophila_subobscura__LOC117903845__XP_034672195.1	295	295	295	234	AGC	0.06254713237285614	1	moderate	moderate	0.022	False	user_msa
Drosophila_suzukii_Drosophila_suzukii__Act5C__XP_065724039.1	295	295	295	234	AGC	0.06254713237285614	1	moderate	moderate	0.022	False	user_msa
Drosophila_virilis_Drosophila_virilis__Act5C__XP_002059576.1	295	295	295	234	AGC	0.06254713237285614	1	moderate	moderate	0.022	False	user_msa
Drosophila_willistoni_Drosophila_willistoni__LOC6641346__XP_023031150.1	295	295	295	234	AGC	0.06254713237285614	1	moderate	moderate	0.022	False	user_msa
Drosophila_yakuba_Drosophila_yakuba__LOC6525488__XP_002101323.1	295	295	295	234	AGC	0.06254713237285614	1	moderate	moderate	0.022	False	user_msa
Drosophila_ananassae_Drosophila_ananassae__LOC6504746__XP_032309021.1	296	296	296	235	TCC	0.10208505392074585	1	moderate	moderate	0.022	False	user_msa
Drosophila_biarmipes_Drosophila_biarmipes__LOC108031387__XP_050746516.1	296	296	296	235	TCC	0.10208505392074585	1	moderate	moderate	0.022	False	user_msa
Drosophila_mauritiana_Drosophila_mauritiana__LOC117148789__XP_033172290.1	296	296	296	235	TCC	0.10208505392074585	1	moderate	moderate	0.022	False	user_msa
Drosophila_melanogaster_Drosophila_melanogaster__Act5C__NP_511052.1	296	296	296	235	TCC	0.10208505392074585	1	moderate	moderate	0.022	False	user_msa
Drosophila_pseudoobscura_Drosophila_pseudoobscura__Act5C__XP_001354857.1	296	296	296	235	TCT	0.11136883497238159	1	moderate	moderate	0.022	False	user_msa
Drosophila_sechellia_Drosophila_sechellia__Act5C__XP_002036849.1	296	296	296	235	TCC	0.10208505392074585	1	moderate	moderate	0.022	False	user_msa
Drosophila_simulans_Drosophila_simulans__LOC6725225__XP_016038239.1	296	296	296	235	TCC	0.10208505392074585	1	moderate	moderate	0.022	False	user_msa
Drosophila_subobscura_Drosophila_subobscura__LOC117903845__XP_034672195.1	296	296	296	235	TCT	0.11136883497238159	1	moderate	moderate	0.022	False	user_msa
Drosophila_suzukii_Drosophila_suzukii__Act5C__XP_065724039.1	296	296	296	235	TCC	0.10208505392074585	1	moderate	moderate	0.022	False	user_msa
Drosophila_virilis_Drosophila_virilis__Act5C__XP_002059576.1	296	296	296	235	TCC	0.10208505392074585	1	moderate	moderate	0.022	False	user_msa
Drosophila_willistoni_Drosophila_willistoni__LOC6641346__XP_023031150.1	296	296	296	235	TCA	0.09770520031452179	1	moderate	moderate	0.022	False	user_msa
Drosophila_yakuba_Drosophila_yakuba__LOC6525488__XP_002101323.1	296	296	296	235	TCC	0.10208505392074585	1	moderate	moderate	0.022	False	user_msa
Drosophila_ananassae_Drosophila_ananassae__LOC6504746__XP_032309021.1	297	297	297	236	TCC	0.10181206464767456	1	moderate	moderate	0.022	False	user_msa
Drosophila_biarmipes_Drosophila_biarmipes__LOC108031387__XP_050746516.1	297	297	297	236	TCG	0.10635428130626678	1	moderate	moderate	0.022	False	user_msa
Drosophila_mauritiana_Drosophila_mauritiana__LOC117148789__XP_033172290.1	297	297	297	236	TCG	0.10635428130626678	1	moderate	moderate	0.022	False	user_msa
Drosophila_melanogaster_Drosophila_melanogaster__Act5C__NP_511052.1	297	297	297	236	TCG	0.10635428130626678	1	moderate	moderate	0.022	False	user_msa
Drosophila_pseudoobscura_Drosophila_pseudoobscura__Act5C__XP_001354857.1	297	297	297	236	TCC	0.10181206464767456	1	moderate	moderate	0.022	False	user_msa
Drosophila_sechellia_Drosophila_sechellia__Act5C__XP_002036849.1	297	297	297	236	TCG	0.10635428130626678	1	moderate	moderate	0.022	False	user_msa
Drosophila_simulans_Drosophila_simulans__LOC6725225__XP_016038239.1	297	297	297	236	TCG	0.10635428130626678	1	moderate	moderate	0.022	False	user_msa
Drosophila_subobscura_Drosophila_subobscura__LOC117903845__XP_034672195.1	297	297	297	236	TCA	0.09744266420602798	1	moderate	moderate	0.022	False	user_msa
Drosophila_suzukii_Drosophila_suzukii__Act5C__XP_065724039.1	297	297	297	236	TCG	0.10635428130626678	1	moderate	moderate	0.022	False	user_msa
Drosophila_virilis_Drosophila_virilis__Act5C__XP_002059576.1	297	297	297	236	TCA	0.09744266420602798	1	moderate	moderate	0.022	False	user_msa
Drosophila_willistoni_Drosophila_willistoni__LOC6641346__XP_023031150.1	297	297	297	236	TCG	0.10635428130626678	1	moderate	moderate	0.022	False	user_msa
Drosophila_yakuba_Drosophila_yakuba__LOC6525488__XP_002101323.1	297	297	297	236	TCG	0.10635428130626678	1	moderate	moderate	0.022	False	user_msa
Drosophila_ananassae_Drosophila_ananassae__LOC6504746__XP_032309021.1	298	298	298		---	0.034754566848278046	1	moderate	moderate	0.022	False	user_msa
Drosophila_biarmipes_Drosophila_biarmipes__LOC108031387__XP_050746516.1	298	298	298		---	0.034754566848278046	1	moderate	moderate	0.022	False	user_msa
Drosophila_mauritiana_Drosophila_mauritiana__LOC117148789__XP_033172290.1	298	298	298		---	0.034754566848278046	1	moderate	moderate	0.022	False	user_msa
Drosophila_melanogaster_Drosophila_melanogaster__Act5C__NP_511052.1	298	298	298		---	0.034754566848278046	1	moderate	moderate	0.022	False	user_msa
Drosophila_pseudoobscura_Drosophila_pseudoobscura__Act5C__XP_001354857.1	298	298	298		---	0.034754566848278046	1	moderate	moderate	0.022	False	user_msa
Drosophila_sechellia_Drosophila_sechellia__Act5C__XP_002036849.1	298	298	298		---	0.034754566848278046	1	moderate	moderate	0.022	False	user_msa
Drosophila_simulans_Drosophila_simulans__LOC6725225__XP_016038239.1	298	298	298		---	0.034754566848278046	1	moderate	moderate	0.022	False	user_msa
Drosophila_subobscura_Drosophila_subobscura__LOC117903845__XP_034672195.1	298	298	298		---	0.034754566848278046	1	moderate	moderate	0.022	False	user_msa
Drosophila_suzukii_Drosophila_suzukii__Act5C__XP_065724039.1	298	298	298		---	0.034754566848278046	1	moderate	moderate	0.022	False	user_msa
Drosophila_virilis_Drosophila_virilis__Act5C__XP_002059576.1	298	298	298		---	0.034754566848278046	1	moderate	moderate	0.022	False	user_msa
Drosophila_willistoni_Drosophila_willistoni__LOC6641346__XP_023031150.1	298	298	298		---	0.034754566848278046	1	moderate	moderate	0.022	False	user_msa
Drosophila_yakuba_Drosophila_yakuba__LOC6525488__XP_002101323.1	298	298	298		---	0.034754566848278046	1	moderate	moderate	0.022	False	user_msa
Drosophila_ananassae_Drosophila_ananassae__LOC6504746__XP_032309021.1	299	299	299		---	0.034756626933813095	1	moderate	moderate	0.022	False	user_msa
Drosophila_biarmipes_Drosophila_biarmipes__LOC108031387__XP_050746516.1	299	299	299		---	0.034756626933813095	1	moderate	moderate	0.022	False	user_msa
Drosophila_mauritiana_Drosophila_mauritiana__LOC117148789__XP_033172290.1	299	299	299		---	0.034756626933813095	1	moderate	moderate	0.022	False	user_msa
Drosophila_melanogaster_Drosophila_melanogaster__Act5C__NP_511052.1	299	299	299		---	0.034756626933813095	1	moderate	moderate	0.022	False	user_msa
Drosophila_pseudoobscura_Drosophila_pseudoobscura__Act5C__XP_001354857.1	299	299	299		---	0.034756626933813095	1	moderate	moderate	0.022	False	user_msa
Drosophila_sechellia_Drosophila_sechellia__Act5C__XP_002036849.1	299	299	299		---	0.034756626933813095	1	moderate	moderate	0.022	False	user_msa
Drosophila_simulans_Drosophila_simulans__LOC6725225__XP_016038239.1	299	299	299		---	0.034756626933813095	1	moderate	moderate	0.022	False	user_msa
Drosophila_subobscura_Drosophila_subobscura__LOC117903845__XP_034672195.1	299	299	299		---	0.034756626933813095	1	moderate	moderate	0.022	False	user_msa
Drosophila_suzukii_Drosophila_suzukii__Act5C__XP_065724039.1	299	299	299		---	0.034756626933813095	1	moderate	moderate	0.022	False	user_msa
Drosophila_virilis_Drosophila_virilis__Act5C__XP_002059576.1	299	299	299		---	0.034756626933813095	1	moderate	moderate	0.022	False	user_msa
Drosophila_willistoni_Drosophila_willistoni__LOC6641346__XP_023031150.1	299	299	299		---	0.034756626933813095	1	moderate	moderate	0.022	False	user_msa
Drosophila_yakuba_Drosophila_yakuba__LOC6525488__XP_002101323.1	299	299	299		---	0.034756626933813095	1	moderate	moderate	0.022	False	user_msa
Drosophila_ananassae_Drosophila_ananassae__LOC6504746__XP_032309021.1	300	300	300		---	0.03475872054696083	1	moderate	moderate	0.022	False	user_msa
Drosophila_biarmipes_Drosophila_biarmipes__LOC108031387__XP_050746516.1	300	300	300		---	0.03475872054696083	1	moderate	moderate	0.022	False	user_msa
Drosophila_mauritiana_Drosophila_mauritiana__LOC117148789__XP_033172290.1	300	300	300		---	0.03475872054696083	1	moderate	moderate	0.022	False	user_msa
Drosophila_melanogaster_Drosophila_melanogaster__Act5C__NP_511052.1	300	300	300		---	0.03475872054696083	1	moderate	moderate	0.022	False	user_msa
Drosophila_pseudoobscura_Drosophila_pseudoobscura__Act5C__XP_001354857.1	300	300	300		---	0.03475872054696083	1	moderate	moderate	0.022	False	user_msa
Drosophila_sechellia_Drosophila_sechellia__Act5C__XP_002036849.1	300	300	300		---	0.03475872054696083	1	moderate	moderate	0.022	False	user_msa
Drosophila_simulans_Drosophila_simulans__LOC6725225__XP_016038239.1	300	300	300		---	0.03475872054696083	1	moderate	moderate	0.022	False	user_msa
Drosophila_subobscura_Drosophila_subobscura__LOC117903845__XP_034672195.1	300	300	300		---	0.03475872054696083	1	moderate	moderate	0.022	False	user_msa
Drosophila_suzukii_Drosophila_suzukii__Act5C__XP_065724039.1	300	300	300		---	0.03475872054696083	1	moderate	moderate	0.022	False	user_msa
Drosophila_virilis_Drosophila_virilis__Act5C__XP_002059576.1	300	300	300		---	0.03475872054696083	1	moderate	moderate	0.022	False	user_msa
Drosophila_willistoni_Drosophila_willistoni__LOC6641346__XP_023031150.1	300	300	300		---	0.03475872054696083	1	moderate	moderate	0.022	False	user_msa
Drosophila_yakuba_Drosophila_yakuba__LOC6525488__XP_002101323.1	300	300	300		---	0.03475872054696083	1	moderate	moderate	0.022	False	user_msa
Drosophila_ananassae_Drosophila_ananassae__LOC6504746__XP_032309021.1	301	301	301		---	0.034760814160108566	1	moderate	moderate	0.022	False	user_msa
Drosophila_biarmipes_Drosophila_biarmipes__LOC108031387__XP_050746516.1	301	301	301		---	0.034760814160108566	1	moderate	moderate	0.022	False	user_msa
Drosophila_mauritiana_Drosophila_mauritiana__LOC117148789__XP_033172290.1	301	301	301		---	0.034760814160108566	1	moderate	moderate	0.022	False	user_msa
Drosophila_melanogaster_Drosophila_melanogaster__Act5C__NP_511052.1	301	301	301		---	0.034760814160108566	1	moderate	moderate	0.022	False	user_msa
Drosophila_pseudoobscura_Drosophila_pseudoobscura__Act5C__XP_001354857.1	301	301	301		---	0.034760814160108566	1	moderate	moderate	0.022	False	user_msa
Drosophila_sechellia_Drosophila_sechellia__Act5C__XP_002036849.1	301	301	301		---	0.034760814160108566	1	moderate	moderate	0.022	False	user_msa
Drosophila_simulans_Drosophila_simulans__LOC6725225__XP_016038239.1	301	301	301		---	0.034760814160108566	1	moderate	moderate	0.022	False	user_msa
Drosophila_subobscura_Drosophila_subobscura__LOC117903845__XP_034672195.1	301	301	301		---	0.034760814160108566	1	moderate	moderate	0.022	False	user_msa
Drosophila_suzukii_Drosophila_suzukii__Act5C__XP_065724039.1	301	301	301		---	0.034760814160108566	1	moderate	moderate	0.022	False	user_msa
Drosophila_virilis_Drosophila_virilis__Act5C__XP_002059576.1	301	301	301		---	0.034760814160108566	1	moderate	moderate	0.022	False	user_msa
Drosophila_willistoni_Drosophila_willistoni__LOC6641346__XP_023031150.1	301	301	301		---	0.034760814160108566	1	moderate	moderate	0.022	False	user_msa
Drosophila_yakuba_Drosophila_yakuba__LOC6525488__XP_002101323.1	301	301	301		---	0.034760814160108566	1	moderate	moderate	0.022	False	user_msa
Drosophila_ananassae_Drosophila_ananassae__LOC6504746__XP_032309021.1	302	302	302	237	CTG	0.02022210694849491	0	below_threshold	moderate	0.022	False	user_msa
Drosophila_biarmipes_Drosophila_biarmipes__LOC108031387__XP_050746516.1	302	302	302	237	CTG	0.02022210694849491	0	below_threshold	moderate	0.022	False	user_msa
Drosophila_mauritiana_Drosophila_mauritiana__LOC117148789__XP_033172290.1	302	302	302	237	TTG	0.0863378643989563	1	moderate	moderate	0.022	False	user_msa
Drosophila_melanogaster_Drosophila_melanogaster__Act5C__NP_511052.1	302	302	302	237	TTG	0.0863378643989563	1	moderate	moderate	0.022	False	user_msa
Drosophila_pseudoobscura_Drosophila_pseudoobscura__Act5C__XP_001354857.1	302	302	302	237	CTG	0.02022210694849491	0	below_threshold	moderate	0.022	False	user_msa
Drosophila_sechellia_Drosophila_sechellia__Act5C__XP_002036849.1	302	302	302	237	TTG	0.0863378643989563	1	moderate	moderate	0.022	False	user_msa
Drosophila_simulans_Drosophila_simulans__LOC6725225__XP_016038239.1	302	302	302	237	TTG	0.0863378643989563	1	moderate	moderate	0.022	False	user_msa
Drosophila_subobscura_Drosophila_subobscura__LOC117903845__XP_034672195.1	302	302	302	237	TTG	0.0863378643989563	1	moderate	moderate	0.022	False	user_msa
Drosophila_suzukii_Drosophila_suzukii__Act5C__XP_065724039.1	302	302	302	237	TTG	0.0863378643989563	1	moderate	moderate	0.022	False	user_msa
Drosophila_virilis_Drosophila_virilis__Act5C__XP_002059576.1	302	302	302	237	TTG	0.0863378643989563	1	moderate	moderate	0.022	False	user_msa
Drosophila_willistoni_Drosophila_willistoni__LOC6641346__XP_023031150.1	302	302	302	237	TTG	0.0863378643989563	1	moderate	moderate	0.022	False	user_msa
Drosophila_yakuba_Drosophila_yakuba__LOC6525488__XP_002101323.1	302	302	302	237	TTG	0.0863378643989563	1	moderate	moderate	0.022	False	user_msa
Drosophila_ananassae_Drosophila_ananassae__LOC6504746__XP_032309021.1	303	303	303	238	GAG	0.06800900399684906	1	moderate	moderate	0.022	False	user_msa
Drosophila_biarmipes_Drosophila_biarmipes__LOC108031387__XP_050746516.1	303	303	303	238	GAG	0.06800900399684906	1	moderate	moderate	0.022	False	user_msa
Drosophila_mauritiana_Drosophila_mauritiana__LOC117148789__XP_033172290.1	303	303	303	238	GAG	0.06800900399684906	1	moderate	moderate	0.022	False	user_msa
Drosophila_melanogaster_Drosophila_melanogaster__Act5C__NP_511052.1	303	303	303	238	GAG	0.06800900399684906	1	moderate	moderate	0.022	False	user_msa
Drosophila_pseudoobscura_Drosophila_pseudoobscura__Act5C__XP_001354857.1	303	303	303	238	GAG	0.06800900399684906	1	moderate	moderate	0.022	False	user_msa
Drosophila_sechellia_Drosophila_sechellia__Act5C__XP_002036849.1	303	303	303	238	GAG	0.06800900399684906	1	moderate	moderate	0.022	False	user_msa
Drosophila_simulans_Drosophila_simulans__LOC6725225__XP_016038239.1	303	303	303	238	GAG	0.06800900399684906	1	moderate	moderate	0.022	False	user_msa
Drosophila_subobscura_Drosophila_subobscura__LOC117903845__XP_034672195.1	303	303	303	238	GAG	0.06800900399684906	1	moderate	moderate	0.022	False	user_msa
Drosophila_suzukii_Drosophila_suzukii__Act5C__XP_065724039.1	303	303	303	238	GAG	0.06800900399684906	1	moderate	moderate	0.022	False	user_msa
Drosophila_virilis_Drosophila_virilis__Act5C__XP_002059576.1	303	303	303	238	GAG	0.06800900399684906	1	moderate	moderate	0.022	False	user_msa
Drosophila_willistoni_Drosophila_willistoni__LOC6641346__XP_023031150.1	303	303	303	238	GAG	0.06800900399684906	1	moderate	moderate	0.022	False	user_msa
Drosophila_yakuba_Drosophila_yakuba__LOC6525488__XP_002101323.1	303	303	303	238	GAG	0.06800900399684906	1	moderate	moderate	0.022	False	user_msa
Drosophila_ananassae_Drosophila_ananassae__LOC6504746__XP_032309021.1	304	304	304	239	AAG	0.06118331104516983	1	moderate	moderate	0.022	False	user_msa
Drosophila_biarmipes_Drosophila_biarmipes__LOC108031387__XP_050746516.1	304	304	304	239	AAG	0.06118331104516983	1	moderate	moderate	0.022	False	user_msa
Drosophila_mauritiana_Drosophila_mauritiana__LOC117148789__XP_033172290.1	304	304	304	239	AAG	0.06118331104516983	1	moderate	moderate	0.022	False	user_msa
Drosophila_melanogaster_Drosophila_melanogaster__Act5C__NP_511052.1	304	304	304	239	AAG	0.06118331104516983	1	moderate	moderate	0.022	False	user_msa
Drosophila_pseudoobscura_Drosophila_pseudoobscura__Act5C__XP_001354857.1	304	304	304	239	AAG	0.06118331104516983	1	moderate	moderate	0.022	False	user_msa
Drosophila_sechellia_Drosophila_sechellia__Act5C__XP_002036849.1	304	304	304	239	AAG	0.06118331104516983	1	moderate	moderate	0.022	False	user_msa
Drosophila_simulans_Drosophila_simulans__LOC6725225__XP_016038239.1	304	304	304	239	AAG	0.06118331104516983	1	moderate	moderate	0.022	False	user_msa
Drosophila_subobscura_Drosophila_subobscura__LOC117903845__XP_034672195.1	304	304	304	239	AAG	0.06118331104516983	1	moderate	moderate	0.022	False	user_msa
Drosophila_suzukii_Drosophila_suzukii__Act5C__XP_065724039.1	304	304	304	239	AAG	0.06118331104516983	1	moderate	moderate	0.022	False	user_msa
Drosophila_virilis_Drosophila_virilis__Act5C__XP_002059576.1	304	304	304	239	AAG	0.06118331104516983	1	moderate	moderate	0.022	False	user_msa
Drosophila_willistoni_Drosophila_willistoni__LOC6641346__XP_023031150.1	304	304	304	239	AAG	0.06118331104516983	1	moderate	moderate	0.022	False	user_msa
Drosophila_yakuba_Drosophila_yakuba__LOC6525488__XP_002101323.1	304	304	304	239	AAG	0.06118331104516983	1	moderate	moderate	0.022	False	user_msa
Drosophila_ananassae_Drosophila_ananassae__LOC6504746__XP_032309021.1	305	305	305	240	TCT	0.11004924774169922	1	moderate	moderate	0.022	False	user_msa
Drosophila_biarmipes_Drosophila_biarmipes__LOC108031387__XP_050746516.1	305	305	305	240	TCC	0.10086296498775482	1	moderate	moderate	0.022	False	user_msa
Drosophila_mauritiana_Drosophila_mauritiana__LOC117148789__XP_033172290.1	305	305	305	240	TCC	0.10086296498775482	1	moderate	moderate	0.022	False	user_msa
Drosophila_melanogaster_Drosophila_melanogaster__Act5C__NP_511052.1	305	305	305	240	TCC	0.10086296498775482	1	moderate	moderate	0.022	False	user_msa
Drosophila_pseudoobscura_Drosophila_pseudoobscura__Act5C__XP_001354857.1	305	305	305	240	TCT	0.11004924774169922	1	moderate	moderate	0.022	False	user_msa
Drosophila_sechellia_Drosophila_sechellia__Act5C__XP_002036849.1	305	305	305	240	TCC	0.10086296498775482	1	moderate	moderate	0.022	False	user_msa
Drosophila_simulans_Drosophila_simulans__LOC6725225__XP_016038239.1	305	305	305	240	TCC	0.10086296498775482	1	moderate	moderate	0.022	False	user_msa
Drosophila_subobscura_Drosophila_subobscura__LOC117903845__XP_034672195.1	305	305	305	240	TCT	0.11004924774169922	1	moderate	moderate	0.022	False	user_msa
Drosophila_suzukii_Drosophila_suzukii__Act5C__XP_065724039.1	305	305	305	240	TCG	0.10536783188581467	1	moderate	moderate	0.022	False	user_msa
Drosophila_virilis_Drosophila_virilis__Act5C__XP_002059576.1	305	305	305	240	TCG	0.10536783188581467	1	moderate	moderate	0.022	False	user_msa
Drosophila_willistoni_Drosophila_willistoni__LOC6641346__XP_023031150.1	305	305	305	240	TCC	0.10086296498775482	1	moderate	moderate	0.022	False	user_msa
Drosophila_yakuba_Drosophila_yakuba__LOC6525488__XP_002101323.1	305	305	305	240	TCC	0.10086296498775482	1	moderate	moderate	0.022	False	user_msa
Drosophila_ananassae_Drosophila_ananassae__LOC6504746__XP_032309021.1	306	306	306	241	TAT	0.08960741013288498	1	moderate	moderate	0.022	False	user_msa
Drosophila_biarmipes_Drosophila_biarmipes__LOC108031387__XP_050746516.1	306	306	306	241	TAC	0.08197034895420074	1	moderate	moderate	0.022	False	user_msa
Drosophila_mauritiana_Drosophila_mauritiana__LOC117148789__XP_033172290.1	306	306	306	241	TAC	0.08197034895420074	1	moderate	moderate	0.022	False	user_msa
Drosophila_melanogaster_Drosophila_melanogaster__Act5C__NP_511052.1	306	306	306	241	TAC	0.08197034895420074	1	moderate	moderate	0.022	False	user_msa
Drosophila_pseudoobscura_Drosophila_pseudoobscura__Act5C__XP_001354857.1	306	306	306	241	TAT	0.08960741013288498	1	moderate	moderate	0.022	False	user_msa
Drosophila_sechellia_Drosophila_sechellia__Act5C__XP_002036849.1	306	306	306	241	TAC	0.08197034895420074	1	moderate	moderate	0.022	False	user_msa
Drosophila_simulans_Drosophila_simulans__LOC6725225__XP_016038239.1	306	306	306	241	TAC	0.08197034895420074	1	moderate	moderate	0.022	False	user_msa
Drosophila_subobscura_Drosophila_subobscura__LOC117903845__XP_034672195.1	306	306	306	241	TAC	0.08197034895420074	1	moderate	moderate	0.022	False	user_msa
Drosophila_suzukii_Drosophila_suzukii__Act5C__XP_065724039.1	306	306	306	241	TAC	0.08197034895420074	1	moderate	moderate	0.022	False	user_msa
Drosophila_virilis_Drosophila_virilis__Act5C__XP_002059576.1	306	306	306	241	TAT	0.08960741013288498	1	moderate	moderate	0.022	False	user_msa
Drosophila_willistoni_Drosophila_willistoni__LOC6641346__XP_023031150.1	306	306	306	241	TAT	0.08960741013288498	1	moderate	moderate	0.022	False	user_msa
Drosophila_yakuba_Drosophila_yakuba__LOC6525488__XP_002101323.1	306	306	306	241	TAC	0.08197034895420074	1	moderate	moderate	0.022	False	user_msa
Drosophila_ananassae_Drosophila_ananassae__LOC6504746__XP_032309021.1	307	307	307	242	GAG	0.0806673988699913	1	moderate	moderate	0.022	False	user_msa
Drosophila_biarmipes_Drosophila_biarmipes__LOC108031387__XP_050746516.1	307	307	307	242	GAG	0.0806673988699913	1	moderate	moderate	0.022	False	user_msa
Drosophila_mauritiana_Drosophila_mauritiana__LOC117148789__XP_033172290.1	307	307	307	242	GAG	0.0806673988699913	1	moderate	moderate	0.022	False	user_msa
Drosophila_melanogaster_Drosophila_melanogaster__Act5C__NP_511052.1	307	307	307	242	GAG	0.0806673988699913	1	moderate	moderate	0.022	False	user_msa
Drosophila_pseudoobscura_Drosophila_pseudoobscura__Act5C__XP_001354857.1	307	307	307	242	GAG	0.0806673988699913	1	moderate	moderate	0.022	False	user_msa
Drosophila_sechellia_Drosophila_sechellia__Act5C__XP_002036849.1	307	307	307	242	GAG	0.0806673988699913	1	moderate	moderate	0.022	False	user_msa
Drosophila_simulans_Drosophila_simulans__LOC6725225__XP_016038239.1	307	307	307	242	GAG	0.0806673988699913	1	moderate	moderate	0.022	False	user_msa
Drosophila_subobscura_Drosophila_subobscura__LOC117903845__XP_034672195.1	307	307	307	242	GAG	0.0806673988699913	1	moderate	moderate	0.022	False	user_msa
Drosophila_suzukii_Drosophila_suzukii__Act5C__XP_065724039.1	307	307	307	242	GAG	0.0806673988699913	1	moderate	moderate	0.022	False	user_msa
Drosophila_virilis_Drosophila_virilis__Act5C__XP_002059576.1	307	307	307	242	GAG	0.0806673988699913	1	moderate	moderate	0.022	False	user_msa
Drosophila_willistoni_Drosophila_willistoni__LOC6641346__XP_023031150.1	307	307	307	242	GAA	0.07426883280277252	1	moderate	moderate	0.022	False	user_msa
Drosophila_yakuba_Drosophila_yakuba__LOC6525488__XP_002101323.1	307	307	307	242	GAG	0.0806673988699913	1	moderate	moderate	0.022	False	user_msa
Drosophila_ananassae_Drosophila_ananassae__LOC6504746__XP_032309021.1	308	308	308	243	CTT	0.08119235932826996	1	moderate	moderate	0.022	False	user_msa
Drosophila_biarmipes_Drosophila_biarmipes__LOC108031387__XP_050746516.1	308	308	308	243	CTG	0.07763134688138962	1	moderate	moderate	0.022	False	user_msa
Drosophila_mauritiana_Drosophila_mauritiana__LOC117148789__XP_033172290.1	308	308	308	243	CTG	0.07763134688138962	1	moderate	moderate	0.022	False	user_msa
Drosophila_melanogaster_Drosophila_melanogaster__Act5C__NP_511052.1	308	308	308	243	CTG	0.07763134688138962	1	moderate	moderate	0.022	False	user_msa
Drosophila_pseudoobscura_Drosophila_pseudoobscura__Act5C__XP_001354857.1	308	308	308	243	CTT	0.08119235932826996	1	moderate	moderate	0.022	False	user_msa
Drosophila_sechellia_Drosophila_sechellia__Act5C__XP_002036849.1	308	308	308	243	CTG	0.07763134688138962	1	moderate	moderate	0.022	False	user_msa
Drosophila_simulans_Drosophila_simulans__LOC6725225__XP_016038239.1	308	308	308	243	CTG	0.07763134688138962	1	moderate	moderate	0.022	False	user_msa
Drosophila_subobscura_Drosophila_subobscura__LOC117903845__XP_034672195.1	308	308	308	243	CTT	0.08119235932826996	1	moderate	moderate	0.022	False	user_msa
Drosophila_suzukii_Drosophila_suzukii__Act5C__XP_065724039.1	308	308	308	243	CTT	0.08119235932826996	1	moderate	moderate	0.022	False	user_msa
Drosophila_virilis_Drosophila_virilis__Act5C__XP_002059576.1	308	308	308	243	CTG	0.07763134688138962	1	moderate	moderate	0.022	False	user_msa
Drosophila_willistoni_Drosophila_willistoni__LOC6641346__XP_023031150.1	308	308	308	243	CTT	0.08119235932826996	1	moderate	moderate	0.022	False	user_msa
Drosophila_yakuba_Drosophila_yakuba__LOC6525488__XP_002101323.1	308	308	308	243	CTT	0.08119235932826996	1	moderate	moderate	0.022	False	user_msa
Drosophila_ananassae_Drosophila_ananassae__LOC6504746__XP_032309021.1	309	309	309	244	CCC	0.06520266830921173	1	moderate	moderate	0.022	False	user_msa
Drosophila_biarmipes_Drosophila_biarmipes__LOC108031387__XP_050746516.1	309	309	309	244	CCC	0.06520266830921173	1	moderate	moderate	0.022	False	user_msa
Drosophila_mauritiana_Drosophila_mauritiana__LOC117148789__XP_033172290.1	309	309	309	244	CCC	0.06520266830921173	1	moderate	moderate	0.022	False	user_msa
Drosophila_melanogaster_Drosophila_melanogaster__Act5C__NP_511052.1	309	309	309	244	CCC	0.06520266830921173	1	moderate	moderate	0.022	False	user_msa
Drosophila_pseudoobscura_Drosophila_pseudoobscura__Act5C__XP_001354857.1	309	309	309	244	CCC	0.06520266830921173	1	moderate	moderate	0.022	False	user_msa
Drosophila_sechellia_Drosophila_sechellia__Act5C__XP_002036849.1	309	309	309	244	CCC	0.06520266830921173	1	moderate	moderate	0.022	False	user_msa
Drosophila_simulans_Drosophila_simulans__LOC6725225__XP_016038239.1	309	309	309	244	CCC	0.06520266830921173	1	moderate	moderate	0.022	False	user_msa
Drosophila_subobscura_Drosophila_subobscura__LOC117903845__XP_034672195.1	309	309	309	244	CCC	0.06520266830921173	1	moderate	moderate	0.022	False	user_msa
Drosophila_suzukii_Drosophila_suzukii__Act5C__XP_065724039.1	309	309	309	244	CCC	0.06520266830921173	1	moderate	moderate	0.022	False	user_msa
Drosophila_virilis_Drosophila_virilis__Act5C__XP_002059576.1	309	309	309	244	CCC	0.06520266830921173	1	moderate	moderate	0.022	False	user_msa
Drosophila_willistoni_Drosophila_willistoni__LOC6641346__XP_023031150.1	309	309	309	244	CCC	0.06520266830921173	1	moderate	moderate	0.022	False	user_msa
Drosophila_yakuba_Drosophila_yakuba__LOC6525488__XP_002101323.1	309	309	309	244	CCC	0.06520266830921173	1	moderate	moderate	0.022	False	user_msa
Drosophila_ananassae_Drosophila_ananassae__LOC6504746__XP_032309021.1	310	310	310	245	GAC	0.06784722208976746	1	moderate	moderate	0.022	False	user_msa
Drosophila_biarmipes_Drosophila_biarmipes__LOC108031387__XP_050746516.1	310	310	310	245	GAC	0.06784722208976746	1	moderate	moderate	0.022	False	user_msa
Drosophila_mauritiana_Drosophila_mauritiana__LOC117148789__XP_033172290.1	310	310	310	245	GAC	0.06784722208976746	1	moderate	moderate	0.022	False	user_msa
Drosophila_melanogaster_Drosophila_melanogaster__Act5C__NP_511052.1	310	310	310	245	GAC	0.06784722208976746	1	moderate	moderate	0.022	False	user_msa
Drosophila_pseudoobscura_Drosophila_pseudoobscura__Act5C__XP_001354857.1	310	310	310	245	GAC	0.06784722208976746	1	moderate	moderate	0.022	False	user_msa
Drosophila_sechellia_Drosophila_sechellia__Act5C__XP_002036849.1	310	310	310	245	GAC	0.06784722208976746	1	moderate	moderate	0.022	False	user_msa
Drosophila_simulans_Drosophila_simulans__LOC6725225__XP_016038239.1	310	310	310	245	GAC	0.06784722208976746	1	moderate	moderate	0.022	False	user_msa
Drosophila_subobscura_Drosophila_subobscura__LOC117903845__XP_034672195.1	310	310	310	245	GAC	0.06784722208976746	1	moderate	moderate	0.022	False	user_msa
Drosophila_suzukii_Drosophila_suzukii__Act5C__XP_065724039.1	310	310	310	245	GAC	0.06784722208976746	1	moderate	moderate	0.022	False	user_msa
Drosophila_virilis_Drosophila_virilis__Act5C__XP_002059576.1	310	310	310	245	GAC	0.06784722208976746	1	moderate	moderate	0.022	False	user_msa
Drosophila_willistoni_Drosophila_willistoni__LOC6641346__XP_023031150.1	310	310	310	245	GAC	0.06784722208976746	1	moderate	moderate	0.022	False	user_msa
Drosophila_yakuba_Drosophila_yakuba__LOC6525488__XP_002101323.1	310	310	310	245	GAC	0.06784722208976746	1	moderate	moderate	0.022	False	user_msa
Drosophila_ananassae_Drosophila_ananassae__LOC6504746__XP_032309021.1	311	311	311	246	GGT	0.08994310349225998	1	moderate	moderate	0.022	False	user_msa
Drosophila_biarmipes_Drosophila_biarmipes__LOC108031387__XP_050746516.1	311	311	311	246	GGA	0.07867539674043655	1	moderate	moderate	0.022	False	user_msa
Drosophila_mauritiana_Drosophila_mauritiana__LOC117148789__XP_033172290.1	311	311	311	246	GGA	0.07867539674043655	1	moderate	moderate	0.022	False	user_msa
Drosophila_melanogaster_Drosophila_melanogaster__Act5C__NP_511052.1	311	311	311	246	GGA	0.07867539674043655	1	moderate	moderate	0.022	False	user_msa
Drosophila_pseudoobscura_Drosophila_pseudoobscura__Act5C__XP_001354857.1	311	311	311	246	GGA	0.07867539674043655	1	moderate	moderate	0.022	False	user_msa
Drosophila_sechellia_Drosophila_sechellia__Act5C__XP_002036849.1	311	311	311	246	GGA	0.07867539674043655	1	moderate	moderate	0.022	False	user_msa
Drosophila_simulans_Drosophila_simulans__LOC6725225__XP_016038239.1	311	311	311	246	GGA	0.07867539674043655	1	moderate	moderate	0.022	False	user_msa
Drosophila_subobscura_Drosophila_subobscura__LOC117903845__XP_034672195.1	311	311	311	246	GGA	0.07867539674043655	1	moderate	moderate	0.022	False	user_msa
Drosophila_suzukii_Drosophila_suzukii__Act5C__XP_065724039.1	311	311	311	246	GGA	0.07867539674043655	1	moderate	moderate	0.022	False	user_msa
Drosophila_virilis_Drosophila_virilis__Act5C__XP_002059576.1	311	311	311	246	GGA	0.07867539674043655	1	moderate	moderate	0.022	False	user_msa
Drosophila_willistoni_Drosophila_willistoni__LOC6641346__XP_023031150.1	311	311	311	246	GGT	0.08994310349225998	1	moderate	moderate	0.022	False	user_msa
Drosophila_yakuba_Drosophila_yakuba__LOC6525488__XP_002101323.1	311	311	311	246	GGA	0.07867539674043655	1	moderate	moderate	0.022	False	user_msa
Drosophila_ananassae_Drosophila_ananassae__LOC6504746__XP_032309021.1	312	312	312	247	CAG	0.0645841732621193	1	moderate	moderate	0.022	False	user_msa
Drosophila_biarmipes_Drosophila_biarmipes__LOC108031387__XP_050746516.1	312	312	312	247	CAG	0.0645841732621193	1	moderate	moderate	0.022	False	user_msa
Drosophila_mauritiana_Drosophila_mauritiana__LOC117148789__XP_033172290.1	312	312	312	247	CAG	0.0645841732621193	1	moderate	moderate	0.022	False	user_msa
Drosophila_melanogaster_Drosophila_melanogaster__Act5C__NP_511052.1	312	312	312	247	CAG	0.0645841732621193	1	moderate	moderate	0.022	False	user_msa
Drosophila_pseudoobscura_Drosophila_pseudoobscura__Act5C__XP_001354857.1	312	312	312	247	CAG	0.0645841732621193	1	moderate	moderate	0.022	False	user_msa
Drosophila_sechellia_Drosophila_sechellia__Act5C__XP_002036849.1	312	312	312	247	CAG	0.0645841732621193	1	moderate	moderate	0.022	False	user_msa
Drosophila_simulans_Drosophila_simulans__LOC6725225__XP_016038239.1	312	312	312	247	CAG	0.0645841732621193	1	moderate	moderate	0.022	False	user_msa
Drosophila_subobscura_Drosophila_subobscura__LOC117903845__XP_034672195.1	312	312	312	247	CAG	0.0645841732621193	1	moderate	moderate	0.022	False	user_msa
Drosophila_suzukii_Drosophila_suzukii__Act5C__XP_065724039.1	312	312	312	247	CAG	0.0645841732621193	1	moderate	moderate	0.022	False	user_msa
Drosophila_virilis_Drosophila_virilis__Act5C__XP_002059576.1	312	312	312	247	CAG	0.0645841732621193	1	moderate	moderate	0.022	False	user_msa
Drosophila_willistoni_Drosophila_willistoni__LOC6641346__XP_023031150.1	312	312	312	247	CAG	0.0645841732621193	1	moderate	moderate	0.022	False	user_msa
Drosophila_yakuba_Drosophila_yakuba__LOC6525488__XP_002101323.1	312	312	312	247	CAG	0.0645841732621193	1	moderate	moderate	0.022	False	user_msa
Drosophila_ananassae_Drosophila_ananassae__LOC6504746__XP_032309021.1	313	313	313	248	GTC	0.08330176770687103	1	moderate	moderate	0.022	False	user_msa
Drosophila_biarmipes_Drosophila_biarmipes__LOC108031387__XP_050746516.1	313	313	313	248	GTC	0.08330176770687103	1	moderate	moderate	0.022	False	user_msa
Drosophila_mauritiana_Drosophila_mauritiana__LOC117148789__XP_033172290.1	313	313	313	248	GTG	0.08709828555583954	1	moderate	moderate	0.022	False	user_msa
Drosophila_melanogaster_Drosophila_melanogaster__Act5C__NP_511052.1	313	313	313	248	GTG	0.08709828555583954	1	moderate	moderate	0.022	False	user_msa
Drosophila_pseudoobscura_Drosophila_pseudoobscura__Act5C__XP_001354857.1	313	313	313	248	GTC	0.08330176770687103	1	moderate	moderate	0.022	False	user_msa
Drosophila_sechellia_Drosophila_sechellia__Act5C__XP_002036849.1	313	313	313	248	GTG	0.08709828555583954	1	moderate	moderate	0.022	False	user_msa
Drosophila_simulans_Drosophila_simulans__LOC6725225__XP_016038239.1	313	313	313	248	GTG	0.08709828555583954	1	moderate	moderate	0.022	False	user_msa
Drosophila_subobscura_Drosophila_subobscura__LOC117903845__XP_034672195.1	313	313	313	248	GTC	0.08330176770687103	1	moderate	moderate	0.022	False	user_msa
Drosophila_suzukii_Drosophila_suzukii__Act5C__XP_065724039.1	313	313	313	248	GTC	0.08330176770687103	1	moderate	moderate	0.022	False	user_msa
Drosophila_virilis_Drosophila_virilis__Act5C__XP_002059576.1	313	313	313	248	GTC	0.08330176770687103	1	moderate	moderate	0.022	False	user_msa
Drosophila_willistoni_Drosophila_willistoni__LOC6641346__XP_023031150.1	313	313	313	248	GTC	0.08330176770687103	1	moderate	moderate	0.022	False	user_msa
Drosophila_yakuba_Drosophila_yakuba__LOC6525488__XP_002101323.1	313	313	313	248	GTC	0.08330176770687103	1	moderate	moderate	0.022	False	user_msa
Drosophila_ananassae_Drosophila_ananassae__LOC6504746__XP_032309021.1	314	314	314	249	ATC	0.07341436296701431	1	moderate	moderate	0.022	False	user_msa
Drosophila_biarmipes_Drosophila_biarmipes__LOC108031387__XP_050746516.1	314	314	314	249	ATC	0.07341436296701431	1	moderate	moderate	0.022	False	user_msa
Drosophila_mauritiana_Drosophila_mauritiana__LOC117148789__XP_033172290.1	314	314	314	249	ATC	0.07341436296701431	1	moderate	moderate	0.022	False	user_msa
Drosophila_melanogaster_Drosophila_melanogaster__Act5C__NP_511052.1	314	314	314	249	ATC	0.07341436296701431	1	moderate	moderate	0.022	False	user_msa
Drosophila_pseudoobscura_Drosophila_pseudoobscura__Act5C__XP_001354857.1	314	314	314	249	ATC	0.07341436296701431	1	moderate	moderate	0.022	False	user_msa
Drosophila_sechellia_Drosophila_sechellia__Act5C__XP_002036849.1	314	314	314	249	ATC	0.07341436296701431	1	moderate	moderate	0.022	False	user_msa
Drosophila_simulans_Drosophila_simulans__LOC6725225__XP_016038239.1	314	314	314	249	ATC	0.07341436296701431	1	moderate	moderate	0.022	False	user_msa
Drosophila_subobscura_Drosophila_subobscura__LOC117903845__XP_034672195.1	314	314	314	249	ATC	0.07341436296701431	1	moderate	moderate	0.022	False	user_msa
Drosophila_suzukii_Drosophila_suzukii__Act5C__XP_065724039.1	314	314	314	249	ATC	0.07341436296701431	1	moderate	moderate	0.022	False	user_msa
Drosophila_virilis_Drosophila_virilis__Act5C__XP_002059576.1	314	314	314	249	ATT	0.07963711768388748	1	moderate	moderate	0.022	False	user_msa
Drosophila_willistoni_Drosophila_willistoni__LOC6641346__XP_023031150.1	314	314	314	249	ATC	0.07341436296701431	1	moderate	moderate	0.022	False	user_msa
Drosophila_yakuba_Drosophila_yakuba__LOC6525488__XP_002101323.1	314	314	314	249	ATC	0.07341436296701431	1	moderate	moderate	0.022	False	user_msa
Drosophila_ananassae_Drosophila_ananassae__LOC6504746__XP_032309021.1	315	315	315	250	ACC	0.07092618942260742	1	moderate	moderate	0.022	False	user_msa
Drosophila_biarmipes_Drosophila_biarmipes__LOC108031387__XP_050746516.1	315	315	315	250	ACC	0.07092618942260742	1	moderate	moderate	0.022	False	user_msa
Drosophila_mauritiana_Drosophila_mauritiana__LOC117148789__XP_033172290.1	315	315	315	250	ACC	0.07092618942260742	1	moderate	moderate	0.022	False	user_msa
Drosophila_melanogaster_Drosophila_melanogaster__Act5C__NP_511052.1	315	315	315	250	ACC	0.07092618942260742	1	moderate	moderate	0.022	False	user_msa
Drosophila_pseudoobscura_Drosophila_pseudoobscura__Act5C__XP_001354857.1	315	315	315	250	ACT	0.07607003301382065	1	moderate	moderate	0.022	False	user_msa
Drosophila_sechellia_Drosophila_sechellia__Act5C__XP_002036849.1	315	315	315	250	ACC	0.07092618942260742	1	moderate	moderate	0.022	False	user_msa
Drosophila_simulans_Drosophila_simulans__LOC6725225__XP_016038239.1	315	315	315	250	ACC	0.07092618942260742	1	moderate	moderate	0.022	False	user_msa
Drosophila_subobscura_Drosophila_subobscura__LOC117903845__XP_034672195.1	315	315	315	250	ACT	0.07607003301382065	1	moderate	moderate	0.022	False	user_msa
Drosophila_suzukii_Drosophila_suzukii__Act5C__XP_065724039.1	315	315	315	250	ACC	0.07092618942260742	1	moderate	moderate	0.022	False	user_msa
Drosophila_virilis_Drosophila_virilis__Act5C__XP_002059576.1	315	315	315	250	ACC	0.07092618942260742	1	moderate	moderate	0.022	False	user_msa
Drosophila_willistoni_Drosophila_willistoni__LOC6641346__XP_023031150.1	315	315	315	250	ACC	0.07092618942260742	1	moderate	moderate	0.022	False	user_msa
Drosophila_yakuba_Drosophila_yakuba__LOC6525488__XP_002101323.1	315	315	315	250	ACC	0.07092618942260742	1	moderate	moderate	0.022	False	user_msa
Drosophila_ananassae_Drosophila_ananassae__LOC6504746__XP_032309021.1	316	316	316	251	ATC	0.07230884581804276	1	moderate	moderate	0.022	False	user_msa
Drosophila_biarmipes_Drosophila_biarmipes__LOC108031387__XP_050746516.1	316	316	316	251	ATC	0.07230884581804276	1	moderate	moderate	0.022	False	user_msa
Drosophila_mauritiana_Drosophila_mauritiana__LOC117148789__XP_033172290.1	316	316	316	251	ATC	0.07230884581804276	1	moderate	moderate	0.022	False	user_msa
Drosophila_melanogaster_Drosophila_melanogaster__Act5C__NP_511052.1	316	316	316	251	ATC	0.07230884581804276	1	moderate	moderate	0.022	False	user_msa
Drosophila_pseudoobscura_Drosophila_pseudoobscura__Act5C__XP_001354857.1	316	316	316	251	ATT	0.07787103205919266	1	moderate	moderate	0.022	False	user_msa
Drosophila_sechellia_Drosophila_sechellia__Act5C__XP_002036849.1	316	316	316	251	ATC	0.07230884581804276	1	moderate	moderate	0.022	False	user_msa
Drosophila_simulans_Drosophila_simulans__LOC6725225__XP_016038239.1	316	316	316	251	ATC	0.07230884581804276	1	moderate	moderate	0.022	False	user_msa
Drosophila_subobscura_Drosophila_subobscura__LOC117903845__XP_034672195.1	316	316	316	251	ATT	0.07787103205919266	1	moderate	moderate	0.022	False	user_msa
Drosophila_suzukii_Drosophila_suzukii__Act5C__XP_065724039.1	316	316	316	251	ATC	0.07230884581804276	1	moderate	moderate	0.022	False	user_msa
Drosophila_virilis_Drosophila_virilis__Act5C__XP_002059576.1	316	316	316	251	ATT	0.07787103205919266	1	moderate	moderate	0.022	False	user_msa
Drosophila_willistoni_Drosophila_willistoni__LOC6641346__XP_023031150.1	316	316	316	251	ATC	0.07230884581804276	1	moderate	moderate	0.022	False	user_msa
Drosophila_yakuba_Drosophila_yakuba__LOC6525488__XP_002101323.1	316	316	316	251	ATC	0.07230884581804276	1	moderate	moderate	0.022	False	user_msa
Drosophila_ananassae_Drosophila_ananassae__LOC6504746__XP_032309021.1	317	317	317	252	GGC	0.08186785131692886	1	moderate	moderate	0.022	False	user_msa
Drosophila_biarmipes_Drosophila_biarmipes__LOC108031387__XP_050746516.1	317	317	317	252	GGC	0.08186785131692886	1	moderate	moderate	0.022	False	user_msa
Drosophila_mauritiana_Drosophila_mauritiana__LOC117148789__XP_033172290.1	317	317	317	252	GGC	0.08186785131692886	1	moderate	moderate	0.022	False	user_msa
Drosophila_melanogaster_Drosophila_melanogaster__Act5C__NP_511052.1	317	317	317	252	GGC	0.08186785131692886	1	moderate	moderate	0.022	False	user_msa
Drosophila_pseudoobscura_Drosophila_pseudoobscura__Act5C__XP_001354857.1	317	317	317	252	GGC	0.08186785131692886	1	moderate	moderate	0.022	False	user_msa
Drosophila_sechellia_Drosophila_sechellia__Act5C__XP_002036849.1	317	317	317	252	GGC	0.08186785131692886	1	moderate	moderate	0.022	False	user_msa
Drosophila_simulans_Drosophila_simulans__LOC6725225__XP_016038239.1	317	317	317	252	GGC	0.08186785131692886	1	moderate	moderate	0.022	False	user_msa
Drosophila_subobscura_Drosophila_subobscura__LOC117903845__XP_034672195.1	317	317	317	252	GGC	0.08186785131692886	1	moderate	moderate	0.022	False	user_msa
Drosophila_suzukii_Drosophila_suzukii__Act5C__XP_065724039.1	317	317	317	252	GGT	0.08949631452560425	1	moderate	moderate	0.022	False	user_msa
Drosophila_virilis_Drosophila_virilis__Act5C__XP_002059576.1	317	317	317	252	GGC	0.08186785131692886	1	moderate	moderate	0.022	False	user_msa
Drosophila_willistoni_Drosophila_willistoni__LOC6641346__XP_023031150.1	317	317	317	252	GGC	0.08186785131692886	1	moderate	moderate	0.022	False	user_msa
Drosophila_yakuba_Drosophila_yakuba__LOC6525488__XP_002101323.1	317	317	317	252	GGC	0.08186785131692886	1	moderate	moderate	0.022	False	user_msa
Drosophila_ananassae_Drosophila_ananassae__LOC6504746__XP_032309021.1	318	318	318	253	AAT	0.07347331196069717	1	moderate	moderate	0.022	False	user_msa
Drosophila_biarmipes_Drosophila_biarmipes__LOC108031387__XP_050746516.1	318	318	318	253	AAC	0.06869366765022278	1	moderate	moderate	0.022	False	user_msa
Drosophila_mauritiana_Drosophila_mauritiana__LOC117148789__XP_033172290.1	318	318	318	253	AAC	0.06869366765022278	1	moderate	moderate	0.022	False	user_msa
Drosophila_melanogaster_Drosophila_melanogaster__Act5C__NP_511052.1	318	318	318	253	AAC	0.06869366765022278	1	moderate	moderate	0.022	False	user_msa
Drosophila_pseudoobscura_Drosophila_pseudoobscura__Act5C__XP_001354857.1	318	318	318	253	AAT	0.07347331196069717	1	moderate	moderate	0.022	False	user_msa
Drosophila_sechellia_Drosophila_sechellia__Act5C__XP_002036849.1	318	318	318	253	AAC	0.06869366765022278	1	moderate	moderate	0.022	False	user_msa
Drosophila_simulans_Drosophila_simulans__LOC6725225__XP_016038239.1	318	318	318	253	AAC	0.06869366765022278	1	moderate	moderate	0.022	False	user_msa
Drosophila_subobscura_Drosophila_subobscura__LOC117903845__XP_034672195.1	318	318	318	253	AAT	0.07347331196069717	1	moderate	moderate	0.022	False	user_msa
Drosophila_suzukii_Drosophila_suzukii__Act5C__XP_065724039.1	318	318	318	253	AAC	0.06869366765022278	1	moderate	moderate	0.022	False	user_msa
Drosophila_virilis_Drosophila_virilis__Act5C__XP_002059576.1	318	318	318	253	AAT	0.07347331196069717	1	moderate	moderate	0.022	False	user_msa
Drosophila_willistoni_Drosophila_willistoni__LOC6641346__XP_023031150.1	318	318	318	253	AAT	0.07347331196069717	1	moderate	moderate	0.022	False	user_msa
Drosophila_yakuba_Drosophila_yakuba__LOC6525488__XP_002101323.1	318	318	318	253	AAC	0.06869366765022278	1	moderate	moderate	0.022	False	user_msa
Drosophila_ananassae_Drosophila_ananassae__LOC6504746__XP_032309021.1	319	319	319	254	GAG	0.06815163791179657	1	moderate	moderate	0.022	False	user_msa
Drosophila_biarmipes_Drosophila_biarmipes__LOC108031387__XP_050746516.1	319	319	319	254	GAG	0.06815163791179657	1	moderate	moderate	0.022	False	user_msa
Drosophila_mauritiana_Drosophila_mauritiana__LOC117148789__XP_033172290.1	319	319	319	254	GAG	0.06815163791179657	1	moderate	moderate	0.022	False	user_msa
Drosophila_melanogaster_Drosophila_melanogaster__Act5C__NP_511052.1	319	319	319	254	GAG	0.06815163791179657	1	moderate	moderate	0.022	False	user_msa
Drosophila_pseudoobscura_Drosophila_pseudoobscura__Act5C__XP_001354857.1	319	319	319	254	GAG	0.06815163791179657	1	moderate	moderate	0.022	False	user_msa
Drosophila_sechellia_Drosophila_sechellia__Act5C__XP_002036849.1	319	319	319	254	GAG	0.06815163791179657	1	moderate	moderate	0.022	False	user_msa
Drosophila_simulans_Drosophila_simulans__LOC6725225__XP_016038239.1	319	319	319	254	GAG	0.06815163791179657	1	moderate	moderate	0.022	False	user_msa
Drosophila_subobscura_Drosophila_subobscura__LOC117903845__XP_034672195.1	319	319	319	254	GAG	0.06815163791179657	1	moderate	moderate	0.022	False	user_msa
Drosophila_suzukii_Drosophila_suzukii__Act5C__XP_065724039.1	319	319	319	254	GAG	0.06815163791179657	1	moderate	moderate	0.022	False	user_msa
Drosophila_virilis_Drosophila_virilis__Act5C__XP_002059576.1	319	319	319	254	GAG	0.06815163791179657	1	moderate	moderate	0.022	False	user_msa
Drosophila_willistoni_Drosophila_willistoni__LOC6641346__XP_023031150.1	319	319	319	254	GAG	0.06815163791179657	1	moderate	moderate	0.022	False	user_msa
Drosophila_yakuba_Drosophila_yakuba__LOC6525488__XP_002101323.1	319	319	319	254	GAG	0.06815163791179657	1	moderate	moderate	0.022	False	user_msa
Drosophila_ananassae_Drosophila_ananassae__LOC6504746__XP_032309021.1	320	320	320	255	CGT	0.06660442799329758	1	moderate	moderate	0.022	False	user_msa
Drosophila_biarmipes_Drosophila_biarmipes__LOC108031387__XP_050746516.1	320	320	320	255	CGT	0.06660442799329758	1	moderate	moderate	0.022	False	user_msa
Drosophila_mauritiana_Drosophila_mauritiana__LOC117148789__XP_033172290.1	320	320	320	255	CGT	0.06660442799329758	1	moderate	moderate	0.022	False	user_msa
Drosophila_melanogaster_Drosophila_melanogaster__Act5C__NP_511052.1	320	320	320	255	CGT	0.06660442799329758	1	moderate	moderate	0.022	False	user_msa
Drosophila_pseudoobscura_Drosophila_pseudoobscura__Act5C__XP_001354857.1	320	320	320	255	CGT	0.06660442799329758	1	moderate	moderate	0.022	False	user_msa
Drosophila_sechellia_Drosophila_sechellia__Act5C__XP_002036849.1	320	320	320	255	CGT	0.06660442799329758	1	moderate	moderate	0.022	False	user_msa
Drosophila_simulans_Drosophila_simulans__LOC6725225__XP_016038239.1	320	320	320	255	CGT	0.06660442799329758	1	moderate	moderate	0.022	False	user_msa
Drosophila_subobscura_Drosophila_subobscura__LOC117903845__XP_034672195.1	320	320	320	255	CGT	0.06660442799329758	1	moderate	moderate	0.022	False	user_msa
Drosophila_suzukii_Drosophila_suzukii__Act5C__XP_065724039.1	320	320	320	255	CGT	0.06660442799329758	1	moderate	moderate	0.022	False	user_msa
Drosophila_virilis_Drosophila_virilis__Act5C__XP_002059576.1	320	320	320	255	CGT	0.06660442799329758	1	moderate	moderate	0.022	False	user_msa
Drosophila_willistoni_Drosophila_willistoni__LOC6641346__XP_023031150.1	320	320	320	255	CGT	0.06660442799329758	1	moderate	moderate	0.022	False	user_msa
Drosophila_yakuba_Drosophila_yakuba__LOC6525488__XP_002101323.1	320	320	320	255	CGT	0.06660442799329758	1	moderate	moderate	0.022	False	user_msa
Drosophila_ananassae_Drosophila_ananassae__LOC6504746__XP_032309021.1	321	321	321	256	TTC	0.07607891410589218	1	moderate	moderate	0.022	False	user_msa
Drosophila_biarmipes_Drosophila_biarmipes__LOC108031387__XP_050746516.1	321	321	321	256	TTC	0.07607891410589218	1	moderate	moderate	0.022	False	user_msa
Drosophila_mauritiana_Drosophila_mauritiana__LOC117148789__XP_033172290.1	321	321	321	256	TTC	0.07607891410589218	1	moderate	moderate	0.022	False	user_msa
Drosophila_melanogaster_Drosophila_melanogaster__Act5C__NP_511052.1	321	321	321	256	TTC	0.07607891410589218	1	moderate	moderate	0.022	False	user_msa
Drosophila_pseudoobscura_Drosophila_pseudoobscura__Act5C__XP_001354857.1	321	321	321	256	TTC	0.07607891410589218	1	moderate	moderate	0.022	False	user_msa
Drosophila_sechellia_Drosophila_sechellia__Act5C__XP_002036849.1	321	321	321	256	TTC	0.07607891410589218	1	moderate	moderate	0.022	False	user_msa
Drosophila_simulans_Drosophila_simulans__LOC6725225__XP_016038239.1	321	321	321	256	TTC	0.07607891410589218	1	moderate	moderate	0.022	False	user_msa
Drosophila_subobscura_Drosophila_subobscura__LOC117903845__XP_034672195.1	321	321	321	256	TTC	0.07607891410589218	1	moderate	moderate	0.022	False	user_msa
Drosophila_suzukii_Drosophila_suzukii__Act5C__XP_065724039.1	321	321	321	256	TTC	0.07607891410589218	1	moderate	moderate	0.022	False	user_msa
Drosophila_virilis_Drosophila_virilis__Act5C__XP_002059576.1	321	321	321	256	TTC	0.07607891410589218	1	moderate	moderate	0.022	False	user_msa
Drosophila_willistoni_Drosophila_willistoni__LOC6641346__XP_023031150.1	321	321	321	256	TTC	0.07607891410589218	1	moderate	moderate	0.022	False	user_msa
Drosophila_yakuba_Drosophila_yakuba__LOC6525488__XP_002101323.1	321	321	321	256	TTC	0.07607891410589218	1	moderate	moderate	0.022	False	user_msa
Drosophila_ananassae_Drosophila_ananassae__LOC6504746__XP_032309021.1	322	322	322	257	CGT	0.07907060533761978	1	moderate	moderate	0.022	False	user_msa
Drosophila_biarmipes_Drosophila_biarmipes__LOC108031387__XP_050746516.1	322	322	322	257	CGT	0.07907060533761978	1	moderate	moderate	0.022	False	user_msa
Drosophila_mauritiana_Drosophila_mauritiana__LOC117148789__XP_033172290.1	322	322	322	257	CGC	0.07332001626491547	1	moderate	moderate	0.022	False	user_msa
Drosophila_melanogaster_Drosophila_melanogaster__Act5C__NP_511052.1	322	322	322	257	CGC	0.07332001626491547	1	moderate	moderate	0.022	False	user_msa
Drosophila_pseudoobscura_Drosophila_pseudoobscura__Act5C__XP_001354857.1	322	322	322	257	CGT	0.07907060533761978	1	moderate	moderate	0.022	False	user_msa
Drosophila_sechellia_Drosophila_sechellia__Act5C__XP_002036849.1	322	322	322	257	CGC	0.07332001626491547	1	moderate	moderate	0.022	False	user_msa
Drosophila_simulans_Drosophila_simulans__LOC6725225__XP_016038239.1	322	322	322	257	CGC	0.07332001626491547	1	moderate	moderate	0.022	False	user_msa
Drosophila_subobscura_Drosophila_subobscura__LOC117903845__XP_034672195.1	322	322	322	257	CGT	0.07907060533761978	1	moderate	moderate	0.022	False	user_msa
Drosophila_suzukii_Drosophila_suzukii__Act5C__XP_065724039.1	322	322	322	257	CGT	0.07907060533761978	1	moderate	moderate	0.022	False	user_msa
Drosophila_virilis_Drosophila_virilis__Act5C__XP_002059576.1	322	322	322	257	CGT	0.07907060533761978	1	moderate	moderate	0.022	False	user_msa
Drosophila_willistoni_Drosophila_willistoni__LOC6641346__XP_023031150.1	322	322	322	257	CGT	0.07907060533761978	1	moderate	moderate	0.022	False	user_msa
Drosophila_yakuba_Drosophila_yakuba__LOC6525488__XP_002101323.1	322	322	322	257	CGT	0.07907060533761978	1	moderate	moderate	0.022	False	user_msa
Drosophila_ananassae_Drosophila_ananassae__LOC6504746__XP_032309021.1	323	323	323	258	TGC	0.07482130080461502	1	moderate	moderate	0.022	False	user_msa
Drosophila_biarmipes_Drosophila_biarmipes__LOC108031387__XP_050746516.1	323	323	323	258	TGC	0.07482130080461502	1	moderate	moderate	0.022	False	user_msa
Drosophila_mauritiana_Drosophila_mauritiana__LOC117148789__XP_033172290.1	323	323	323	258	TGC	0.07482130080461502	1	moderate	moderate	0.022	False	user_msa
Drosophila_melanogaster_Drosophila_melanogaster__Act5C__NP_511052.1	323	323	323	258	TGC	0.07482130080461502	1	moderate	moderate	0.022	False	user_msa
Drosophila_pseudoobscura_Drosophila_pseudoobscura__Act5C__XP_001354857.1	323	323	323	258	TGC	0.07482130080461502	1	moderate	moderate	0.022	False	user_msa
Drosophila_sechellia_Drosophila_sechellia__Act5C__XP_002036849.1	323	323	323	258	TGC	0.07482130080461502	1	moderate	moderate	0.022	False	user_msa
Drosophila_simulans_Drosophila_simulans__LOC6725225__XP_016038239.1	323	323	323	258	TGC	0.07482130080461502	1	moderate	moderate	0.022	False	user_msa
Drosophila_subobscura_Drosophila_subobscura__LOC117903845__XP_034672195.1	323	323	323	258	TGC	0.07482130080461502	1	moderate	moderate	0.022	False	user_msa
Drosophila_suzukii_Drosophila_suzukii__Act5C__XP_065724039.1	323	323	323	258	TGC	0.07482130080461502	1	moderate	moderate	0.022	False	user_msa
Drosophila_virilis_Drosophila_virilis__Act5C__XP_002059576.1	323	323	323	258	TGC	0.07482130080461502	1	moderate	moderate	0.022	False	user_msa
Drosophila_willistoni_Drosophila_willistoni__LOC6641346__XP_023031150.1	323	323	323	258	TGC	0.07482130080461502	1	moderate	moderate	0.022	False	user_msa
Drosophila_yakuba_Drosophila_yakuba__LOC6525488__XP_002101323.1	323	323	323	258	TGC	0.07482130080461502	1	moderate	moderate	0.022	False	user_msa
Drosophila_ananassae_Drosophila_ananassae__LOC6504746__XP_032309021.1	324	324	324	259	CCC	0.08726008236408234	1	moderate	moderate	0.022	False	user_msa
Drosophila_biarmipes_Drosophila_biarmipes__LOC108031387__XP_050746516.1	324	324	324	259	CCC	0.08726008236408234	1	moderate	moderate	0.022	False	user_msa
Drosophila_mauritiana_Drosophila_mauritiana__LOC117148789__XP_033172290.1	324	324	324	259	CCT	0.09533876925706863	1	moderate	moderate	0.022	False	user_msa
Drosophila_melanogaster_Drosophila_melanogaster__Act5C__NP_511052.1	324	324	324	259	CCC	0.08726008236408234	1	moderate	moderate	0.022	False	user_msa
Drosophila_pseudoobscura_Drosophila_pseudoobscura__Act5C__XP_001354857.1	324	324	324	259	CCC	0.08726008236408234	1	moderate	moderate	0.022	False	user_msa
Drosophila_sechellia_Drosophila_sechellia__Act5C__XP_002036849.1	324	324	324	259	CCT	0.09533876925706863	1	moderate	moderate	0.022	False	user_msa
Drosophila_simulans_Drosophila_simulans__LOC6725225__XP_016038239.1	324	324	324	259	CCT	0.09533876925706863	1	moderate	moderate	0.022	False	user_msa
Drosophila_subobscura_Drosophila_subobscura__LOC117903845__XP_034672195.1	324	324	324	259	CCC	0.08726008236408234	1	moderate	moderate	0.022	False	user_msa
Drosophila_suzukii_Drosophila_suzukii__Act5C__XP_065724039.1	324	324	324	259	CCT	0.09533876925706863	1	moderate	moderate	0.022	False	user_msa
Drosophila_virilis_Drosophila_virilis__Act5C__XP_002059576.1	324	324	324	259	CCA	0.08359773457050323	1	moderate	moderate	0.022	False	user_msa
Drosophila_willistoni_Drosophila_willistoni__LOC6641346__XP_023031150.1	324	324	324	259	CCC	0.08726008236408234	1	moderate	moderate	0.022	False	user_msa
Drosophila_yakuba_Drosophila_yakuba__LOC6525488__XP_002101323.1	324	324	324	259	CCT	0.09533876925706863	1	moderate	moderate	0.022	False	user_msa
Drosophila_ananassae_Drosophila_ananassae__LOC6504746__XP_032309021.1	325	325	325	260	GAG	0.06820513308048248	1	moderate	moderate	0.022	False	user_msa
Drosophila_biarmipes_Drosophila_biarmipes__LOC108031387__XP_050746516.1	325	325	325	260	GAG	0.06820513308048248	1	moderate	moderate	0.022	False	user_msa
Drosophila_mauritiana_Drosophila_mauritiana__LOC117148789__XP_033172290.1	325	325	325	260	GAG	0.06820513308048248	1	moderate	moderate	0.022	False	user_msa
Drosophila_melanogaster_Drosophila_melanogaster__Act5C__NP_511052.1	325	325	325	260	GAG	0.06820513308048248	1	moderate	moderate	0.022	False	user_msa
Drosophila_pseudoobscura_Drosophila_pseudoobscura__Act5C__XP_001354857.1	325	325	325	260	GAG	0.06820513308048248	1	moderate	moderate	0.022	False	user_msa
Drosophila_sechellia_Drosophila_sechellia__Act5C__XP_002036849.1	325	325	325	260	GAG	0.06820513308048248	1	moderate	moderate	0.022	False	user_msa
Drosophila_simulans_Drosophila_simulans__LOC6725225__XP_016038239.1	325	325	325	260	GAG	0.06820513308048248	1	moderate	moderate	0.022	False	user_msa
Drosophila_subobscura_Drosophila_subobscura__LOC117903845__XP_034672195.1	325	325	325	260	GAG	0.06820513308048248	1	moderate	moderate	0.022	False	user_msa
Drosophila_suzukii_Drosophila_suzukii__Act5C__XP_065724039.1	325	325	325	260	GAG	0.06820513308048248	1	moderate	moderate	0.022	False	user_msa
Drosophila_virilis_Drosophila_virilis__Act5C__XP_002059576.1	325	325	325	260	GAG	0.06820513308048248	1	moderate	moderate	0.022	False	user_msa
Drosophila_willistoni_Drosophila_willistoni__LOC6641346__XP_023031150.1	325	325	325	260	GAG	0.06820513308048248	1	moderate	moderate	0.022	False	user_msa
Drosophila_yakuba_Drosophila_yakuba__LOC6525488__XP_002101323.1	325	325	325	260	GAG	0.06820513308048248	1	moderate	moderate	0.022	False	user_msa
Drosophila_ananassae_Drosophila_ananassae__LOC6504746__XP_032309021.1	326	326	326	261	GCC	0.09696471691131592	1	moderate	moderate	0.022	False	user_msa
Drosophila_biarmipes_Drosophila_biarmipes__LOC108031387__XP_050746516.1	326	326	326	261	GCC	0.09696471691131592	1	moderate	moderate	0.022	False	user_msa
Drosophila_mauritiana_Drosophila_mauritiana__LOC117148789__XP_033172290.1	326	326	326	261	GCC	0.09696471691131592	1	moderate	moderate	0.022	False	user_msa
Drosophila_melanogaster_Drosophila_melanogaster__Act5C__NP_511052.1	326	326	326	261	GCC	0.09696471691131592	1	moderate	moderate	0.022	False	user_msa
Drosophila_pseudoobscura_Drosophila_pseudoobscura__Act5C__XP_001354857.1	326	326	326	261	GCC	0.09696471691131592	1	moderate	moderate	0.022	False	user_msa
Drosophila_sechellia_Drosophila_sechellia__Act5C__XP_002036849.1	326	326	326	261	GCC	0.09696471691131592	1	moderate	moderate	0.022	False	user_msa
Drosophila_simulans_Drosophila_simulans__LOC6725225__XP_016038239.1	326	326	326	261	GCC	0.09696471691131592	1	moderate	moderate	0.022	False	user_msa
Drosophila_subobscura_Drosophila_subobscura__LOC117903845__XP_034672195.1	326	326	326	261	GCC	0.09696471691131592	1	moderate	moderate	0.022	False	user_msa
Drosophila_suzukii_Drosophila_suzukii__Act5C__XP_065724039.1	326	326	326	261	GCC	0.09696471691131592	1	moderate	moderate	0.022	False	user_msa
Drosophila_virilis_Drosophila_virilis__Act5C__XP_002059576.1	326	326	326	261	GCA	0.09278185665607452	1	moderate	moderate	0.022	False	user_msa
Drosophila_willistoni_Drosophila_willistoni__LOC6641346__XP_023031150.1	326	326	326	261	GCT	0.10583771020174026	1	moderate	moderate	0.022	False	user_msa
Drosophila_yakuba_Drosophila_yakuba__LOC6525488__XP_002101323.1	326	326	326	261	GCC	0.09696471691131592	1	moderate	moderate	0.022	False	user_msa
Drosophila_ananassae_Drosophila_ananassae__LOC6504746__XP_032309021.1	327	327	327	262	CTG	0.07944053411483765	1	moderate	moderate	0.022	False	user_msa
Drosophila_biarmipes_Drosophila_biarmipes__LOC108031387__XP_050746516.1	327	327	327	262	CTG	0.07944053411483765	1	moderate	moderate	0.022	False	user_msa
Drosophila_mauritiana_Drosophila_mauritiana__LOC117148789__XP_033172290.1	327	327	327	262	CTG	0.07944053411483765	1	moderate	moderate	0.022	False	user_msa
Drosophila_melanogaster_Drosophila_melanogaster__Act5C__NP_511052.1	327	327	327	262	CTG	0.07944053411483765	1	moderate	moderate	0.022	False	user_msa
Drosophila_pseudoobscura_Drosophila_pseudoobscura__Act5C__XP_001354857.1	327	327	327	262	CTG	0.07944053411483765	1	moderate	moderate	0.022	False	user_msa
Drosophila_sechellia_Drosophila_sechellia__Act5C__XP_002036849.1	327	327	327	262	CTG	0.07944053411483765	1	moderate	moderate	0.022	False	user_msa
Drosophila_simulans_Drosophila_simulans__LOC6725225__XP_016038239.1	327	327	327	262	CTG	0.07944053411483765	1	moderate	moderate	0.022	False	user_msa
Drosophila_subobscura_Drosophila_subobscura__LOC117903845__XP_034672195.1	327	327	327	262	CTG	0.07944053411483765	1	moderate	moderate	0.022	False	user_msa
Drosophila_suzukii_Drosophila_suzukii__Act5C__XP_065724039.1	327	327	327	262	CTG	0.07944053411483765	1	moderate	moderate	0.022	False	user_msa
Drosophila_virilis_Drosophila_virilis__Act5C__XP_002059576.1	327	327	327	262	CTA	0.07349280267953873	1	moderate	moderate	0.022	False	user_msa
Drosophila_willistoni_Drosophila_willistoni__LOC6641346__XP_023031150.1	327	327	327	262	CTG	0.07944053411483765	1	moderate	moderate	0.022	False	user_msa
Drosophila_yakuba_Drosophila_yakuba__LOC6525488__XP_002101323.1	327	327	327	262	CTG	0.07944053411483765	1	moderate	moderate	0.022	False	user_msa
Drosophila_ananassae_Drosophila_ananassae__LOC6504746__XP_032309021.1	328	328	328	263	TTC	0.07611627876758575	1	moderate	moderate	0.022	False	user_msa
Drosophila_biarmipes_Drosophila_biarmipes__LOC108031387__XP_050746516.1	328	328	328	263	TTC	0.07611627876758575	1	moderate	moderate	0.022	False	user_msa
Drosophila_mauritiana_Drosophila_mauritiana__LOC117148789__XP_033172290.1	328	328	328	263	TTC	0.07611627876758575	1	moderate	moderate	0.022	False	user_msa
Drosophila_melanogaster_Drosophila_melanogaster__Act5C__NP_511052.1	328	328	328	263	TTC	0.07611627876758575	1	moderate	moderate	0.022	False	user_msa
Drosophila_pseudoobscura_Drosophila_pseudoobscura__Act5C__XP_001354857.1	328	328	328	263	TTC	0.07611627876758575	1	moderate	moderate	0.022	False	user_msa
Drosophila_sechellia_Drosophila_sechellia__Act5C__XP_002036849.1	328	328	328	263	TTC	0.07611627876758575	1	moderate	moderate	0.022	False	user_msa
Drosophila_simulans_Drosophila_simulans__LOC6725225__XP_016038239.1	328	328	328	263	TTC	0.07611627876758575	1	moderate	moderate	0.022	False	user_msa
Drosophila_subobscura_Drosophila_subobscura__LOC117903845__XP_034672195.1	328	328	328	263	TTC	0.07611627876758575	1	moderate	moderate	0.022	False	user_msa
Drosophila_suzukii_Drosophila_suzukii__Act5C__XP_065724039.1	328	328	328	263	TTC	0.07611627876758575	1	moderate	moderate	0.022	False	user_msa
Drosophila_virilis_Drosophila_virilis__Act5C__XP_002059576.1	328	328	328	263	TTC	0.07611627876758575	1	moderate	moderate	0.022	False	user_msa
Drosophila_willistoni_Drosophila_willistoni__LOC6641346__XP_023031150.1	328	328	328	263	TTC	0.07611627876758575	1	moderate	moderate	0.022	False	user_msa
Drosophila_yakuba_Drosophila_yakuba__LOC6525488__XP_002101323.1	328	328	328	263	TTC	0.07611627876758575	1	moderate	moderate	0.022	False	user_msa
Drosophila_ananassae_Drosophila_ananassae__LOC6504746__XP_032309021.1	329	329	329	264	CAG	0.06472857296466827	1	moderate	moderate	0.022	False	user_msa
Drosophila_biarmipes_Drosophila_biarmipes__LOC108031387__XP_050746516.1	329	329	329	264	CAG	0.06472857296466827	1	moderate	moderate	0.022	False	user_msa
Drosophila_mauritiana_Drosophila_mauritiana__LOC117148789__XP_033172290.1	329	329	329	264	CAG	0.06472857296466827	1	moderate	moderate	0.022	False	user_msa
Drosophila_melanogaster_Drosophila_melanogaster__Act5C__NP_511052.1	329	329	329	264	CAG	0.06472857296466827	1	moderate	moderate	0.022	False	user_msa
Drosophila_pseudoobscura_Drosophila_pseudoobscura__Act5C__XP_001354857.1	329	329	329	264	CAG	0.06472857296466827	1	moderate	moderate	0.022	False	user_msa
Drosophila_sechellia_Drosophila_sechellia__Act5C__XP_002036849.1	329	329	329	264	CAG	0.06472857296466827	1	moderate	moderate	0.022	False	user_msa
Drosophila_simulans_Drosophila_simulans__LOC6725225__XP_016038239.1	329	329	329	264	CAG	0.06472857296466827	1	moderate	moderate	0.022	False	user_msa
Drosophila_subobscura_Drosophila_subobscura__LOC117903845__XP_034672195.1	329	329	329	264	CAG	0.06472857296466827	1	moderate	moderate	0.022	False	user_msa
Drosophila_suzukii_Drosophila_suzukii__Act5C__XP_065724039.1	329	329	329	264	CAG	0.06472857296466827	1	moderate	moderate	0.022	False	user_msa
Drosophila_virilis_Drosophila_virilis__Act5C__XP_002059576.1	329	329	329	264	CAG	0.06472857296466827	1	moderate	moderate	0.022	False	user_msa
Drosophila_willistoni_Drosophila_willistoni__LOC6641346__XP_023031150.1	329	329	329	264	CAG	0.06472857296466827	1	moderate	moderate	0.022	False	user_msa
Drosophila_yakuba_Drosophila_yakuba__LOC6525488__XP_002101323.1	329	329	329	264	CAG	0.06472857296466827	1	moderate	moderate	0.022	False	user_msa
Drosophila_ananassae_Drosophila_ananassae__LOC6504746__XP_032309021.1	330	330	330	265	CCC	0.06538261473178864	1	moderate	moderate	0.022	False	user_msa
Drosophila_biarmipes_Drosophila_biarmipes__LOC108031387__XP_050746516.1	330	330	330	265	CCC	0.06538261473178864	1	moderate	moderate	0.022	False	user_msa
Drosophila_mauritiana_Drosophila_mauritiana__LOC117148789__XP_033172290.1	330	330	330	265	CCC	0.06538261473178864	1	moderate	moderate	0.022	False	user_msa
Drosophila_melanogaster_Drosophila_melanogaster__Act5C__NP_511052.1	330	330	330	265	CCC	0.06538261473178864	1	moderate	moderate	0.022	False	user_msa
Drosophila_pseudoobscura_Drosophila_pseudoobscura__Act5C__XP_001354857.1	330	330	330	265	CCC	0.06538261473178864	1	moderate	moderate	0.022	False	user_msa
Drosophila_sechellia_Drosophila_sechellia__Act5C__XP_002036849.1	330	330	330	265	CCC	0.06538261473178864	1	moderate	moderate	0.022	False	user_msa
Drosophila_simulans_Drosophila_simulans__LOC6725225__XP_016038239.1	330	330	330	265	CCC	0.06538261473178864	1	moderate	moderate	0.022	False	user_msa
Drosophila_subobscura_Drosophila_subobscura__LOC117903845__XP_034672195.1	330	330	330	265	CCC	0.06538261473178864	1	moderate	moderate	0.022	False	user_msa
Drosophila_suzukii_Drosophila_suzukii__Act5C__XP_065724039.1	330	330	330	265	CCC	0.06538261473178864	1	moderate	moderate	0.022	False	user_msa
Drosophila_virilis_Drosophila_virilis__Act5C__XP_002059576.1	330	330	330	265	CCC	0.06538261473178864	1	moderate	moderate	0.022	False	user_msa
Drosophila_willistoni_Drosophila_willistoni__LOC6641346__XP_023031150.1	330	330	330	265	CCC	0.06538261473178864	1	moderate	moderate	0.022	False	user_msa
Drosophila_yakuba_Drosophila_yakuba__LOC6525488__XP_002101323.1	330	330	330	265	CCC	0.06538261473178864	1	moderate	moderate	0.022	False	user_msa
Drosophila_ananassae_Drosophila_ananassae__LOC6504746__XP_032309021.1	331	331	331	266	TCG	0.08781665563583374	1	moderate	moderate	0.022	False	user_msa
Drosophila_biarmipes_Drosophila_biarmipes__LOC108031387__XP_050746516.1	331	331	331	266	TCG	0.08781665563583374	1	moderate	moderate	0.022	False	user_msa
Drosophila_mauritiana_Drosophila_mauritiana__LOC117148789__XP_033172290.1	331	331	331	266	TCG	0.08781665563583374	1	moderate	moderate	0.022	False	user_msa
Drosophila_melanogaster_Drosophila_melanogaster__Act5C__NP_511052.1	331	331	331	266	TCG	0.08781665563583374	1	moderate	moderate	0.022	False	user_msa
Drosophila_pseudoobscura_Drosophila_pseudoobscura__Act5C__XP_001354857.1	331	331	331	266	TCG	0.08781665563583374	1	moderate	moderate	0.022	False	user_msa
Drosophila_sechellia_Drosophila_sechellia__Act5C__XP_002036849.1	331	331	331	266	TCG	0.08781665563583374	1	moderate	moderate	0.022	False	user_msa
Drosophila_simulans_Drosophila_simulans__LOC6725225__XP_016038239.1	331	331	331	266	TCG	0.08781665563583374	1	moderate	moderate	0.022	False	user_msa
Drosophila_subobscura_Drosophila_subobscura__LOC117903845__XP_034672195.1	331	331	331	266	TCA	0.08031871169805527	1	moderate	moderate	0.022	False	user_msa
Drosophila_suzukii_Drosophila_suzukii__Act5C__XP_065724039.1	331	331	331	266	TCG	0.08781665563583374	1	moderate	moderate	0.022	False	user_msa
Drosophila_virilis_Drosophila_virilis__Act5C__XP_002059576.1	331	331	331	266	TCG	0.08781665563583374	1	moderate	moderate	0.022	False	user_msa
Drosophila_willistoni_Drosophila_willistoni__LOC6641346__XP_023031150.1	331	331	331	266	TCG	0.08781665563583374	1	moderate	moderate	0.022	False	user_msa
Drosophila_yakuba_Drosophila_yakuba__LOC6525488__XP_002101323.1	331	331	331	266	TCG	0.08781665563583374	1	moderate	moderate	0.022	False	user_msa
Drosophila_ananassae_Drosophila_ananassae__LOC6504746__XP_032309021.1	332	332	332	267	TTC	0.07613767683506012	1	moderate	moderate	0.022	False	user_msa
Drosophila_biarmipes_Drosophila_biarmipes__LOC108031387__XP_050746516.1	332	332	332	267	TTC	0.07613767683506012	1	moderate	moderate	0.022	False	user_msa
Drosophila_mauritiana_Drosophila_mauritiana__LOC117148789__XP_033172290.1	332	332	332	267	TTC	0.07613767683506012	1	moderate	moderate	0.022	False	user_msa
Drosophila_melanogaster_Drosophila_melanogaster__Act5C__NP_511052.1	332	332	332	267	TTC	0.07613767683506012	1	moderate	moderate	0.022	False	user_msa
Drosophila_pseudoobscura_Drosophila_pseudoobscura__Act5C__XP_001354857.1	332	332	332	267	TTC	0.07613767683506012	1	moderate	moderate	0.022	False	user_msa
Drosophila_sechellia_Drosophila_sechellia__Act5C__XP_002036849.1	332	332	332	267	TTC	0.07613767683506012	1	moderate	moderate	0.022	False	user_msa
Drosophila_simulans_Drosophila_simulans__LOC6725225__XP_016038239.1	332	332	332	267	TTC	0.07613767683506012	1	moderate	moderate	0.022	False	user_msa
Drosophila_subobscura_Drosophila_subobscura__LOC117903845__XP_034672195.1	332	332	332	267	TTC	0.07613767683506012	1	moderate	moderate	0.022	False	user_msa
Drosophila_suzukii_Drosophila_suzukii__Act5C__XP_065724039.1	332	332	332	267	TTC	0.07613767683506012	1	moderate	moderate	0.022	False	user_msa
Drosophila_virilis_Drosophila_virilis__Act5C__XP_002059576.1	332	332	332	267	TTC	0.07613767683506012	1	moderate	moderate	0.022	False	user_msa
Drosophila_willistoni_Drosophila_willistoni__LOC6641346__XP_023031150.1	332	332	332	267	TTC	0.07613767683506012	1	moderate	moderate	0.022	False	user_msa
Drosophila_yakuba_Drosophila_yakuba__LOC6525488__XP_002101323.1	332	332	332	267	TTC	0.07613767683506012	1	moderate	moderate	0.022	False	user_msa
Drosophila_ananassae_Drosophila_ananassae__LOC6504746__XP_032309021.1	333	333	333	268	CTG	0.016666367650032043	0	below_threshold	moderate	0.022	False	user_msa
Drosophila_biarmipes_Drosophila_biarmipes__LOC108031387__XP_050746516.1	333	333	333	268	TTG	0.08240067213773727	1	moderate	moderate	0.022	False	user_msa
Drosophila_mauritiana_Drosophila_mauritiana__LOC117148789__XP_033172290.1	333	333	333	268	TTG	0.08240067213773727	1	moderate	moderate	0.022	False	user_msa
Drosophila_melanogaster_Drosophila_melanogaster__Act5C__NP_511052.1	333	333	333	268	TTG	0.08240067213773727	1	moderate	moderate	0.022	False	user_msa
Drosophila_pseudoobscura_Drosophila_pseudoobscura__Act5C__XP_001354857.1	333	333	333	268	TTG	0.08240067213773727	1	moderate	moderate	0.022	False	user_msa
Drosophila_sechellia_Drosophila_sechellia__Act5C__XP_002036849.1	333	333	333	268	TTG	0.08240067213773727	1	moderate	moderate	0.022	False	user_msa
Drosophila_simulans_Drosophila_simulans__LOC6725225__XP_016038239.1	333	333	333	268	TTG	0.08240067213773727	1	moderate	moderate	0.022	False	user_msa
Drosophila_subobscura_Drosophila_subobscura__LOC117903845__XP_034672195.1	333	333	333	268	TTG	0.08240067213773727	1	moderate	moderate	0.022	False	user_msa
Drosophila_suzukii_Drosophila_suzukii__Act5C__XP_065724039.1	333	333	333	268	TTG	0.08240067213773727	1	moderate	moderate	0.022	False	user_msa
Drosophila_virilis_Drosophila_virilis__Act5C__XP_002059576.1	333	333	333	268	CTG	0.016666367650032043	0	below_threshold	moderate	0.022	False	user_msa
Drosophila_willistoni_Drosophila_willistoni__LOC6641346__XP_023031150.1	333	333	333	268	TTG	0.08240067213773727	1	moderate	moderate	0.022	False	user_msa
Drosophila_yakuba_Drosophila_yakuba__LOC6525488__XP_002101323.1	333	333	333	268	TTG	0.08240067213773727	1	moderate	moderate	0.022	False	user_msa
Drosophila_ananassae_Drosophila_ananassae__LOC6504746__XP_032309021.1	334	334	334	269	GGT	0.10822667181491852	1	moderate	moderate	0.022	False	user_msa
Drosophila_biarmipes_Drosophila_biarmipes__LOC108031387__XP_050746516.1	334	334	334	269	GGA	0.09490744024515152	1	moderate	moderate	0.022	False	user_msa
Drosophila_mauritiana_Drosophila_mauritiana__LOC117148789__XP_033172290.1	334	334	334	269	GGA	0.09490744024515152	1	moderate	moderate	0.022	False	user_msa
Drosophila_melanogaster_Drosophila_melanogaster__Act5C__NP_511052.1	334	334	334	269	GGA	0.09490744024515152	1	moderate	moderate	0.022	False	user_msa
Drosophila_pseudoobscura_Drosophila_pseudoobscura__Act5C__XP_001354857.1	334	334	334	269	GGA	0.09490744024515152	1	moderate	moderate	0.022	False	user_msa
Drosophila_sechellia_Drosophila_sechellia__Act5C__XP_002036849.1	334	334	334	269	GGA	0.09490744024515152	1	moderate	moderate	0.022	False	user_msa
Drosophila_simulans_Drosophila_simulans__LOC6725225__XP_016038239.1	334	334	334	269	GGA	0.09490744024515152	1	moderate	moderate	0.022	False	user_msa
Drosophila_subobscura_Drosophila_subobscura__LOC117903845__XP_034672195.1	334	334	334	269	GGA	0.09490744024515152	1	moderate	moderate	0.022	False	user_msa
Drosophila_suzukii_Drosophila_suzukii__Act5C__XP_065724039.1	334	334	334	269	GGA	0.09490744024515152	1	moderate	moderate	0.022	False	user_msa
Drosophila_virilis_Drosophila_virilis__Act5C__XP_002059576.1	334	334	334	269	GGC	0.09917546808719635	1	moderate	moderate	0.022	False	user_msa
Drosophila_willistoni_Drosophila_willistoni__LOC6641346__XP_023031150.1	334	334	334	269	GGT	0.10822667181491852	1	moderate	moderate	0.022	False	user_msa
Drosophila_yakuba_Drosophila_yakuba__LOC6525488__XP_002101323.1	334	334	334	269	GGA	0.09490744024515152	1	moderate	moderate	0.022	False	user_msa
Drosophila_ananassae_Drosophila_ananassae__LOC6504746__XP_032309021.1	335	335	335	270	ATG	0.06392765790224075	1	moderate	moderate	0.022	False	user_msa
Drosophila_biarmipes_Drosophila_biarmipes__LOC108031387__XP_050746516.1	335	335	335	270	ATG	0.06392765790224075	1	moderate	moderate	0.022	False	user_msa
Drosophila_mauritiana_Drosophila_mauritiana__LOC117148789__XP_033172290.1	335	335	335	270	ATG	0.06392765790224075	1	moderate	moderate	0.022	False	user_msa
Drosophila_melanogaster_Drosophila_melanogaster__Act5C__NP_511052.1	335	335	335	270	ATG	0.06392765790224075	1	moderate	moderate	0.022	False	user_msa
Drosophila_pseudoobscura_Drosophila_pseudoobscura__Act5C__XP_001354857.1	335	335	335	270	ATG	0.06392765790224075	1	moderate	moderate	0.022	False	user_msa
Drosophila_sechellia_Drosophila_sechellia__Act5C__XP_002036849.1	335	335	335	270	ATG	0.06392765790224075	1	moderate	moderate	0.022	False	user_msa
Drosophila_simulans_Drosophila_simulans__LOC6725225__XP_016038239.1	335	335	335	270	ATG	0.06392765790224075	1	moderate	moderate	0.022	False	user_msa
Drosophila_subobscura_Drosophila_subobscura__LOC117903845__XP_034672195.1	335	335	335	270	ATG	0.06392765790224075	1	moderate	moderate	0.022	False	user_msa
Drosophila_suzukii_Drosophila_suzukii__Act5C__XP_065724039.1	335	335	335	270	ATG	0.06392765790224075	1	moderate	moderate	0.022	False	user_msa
Drosophila_virilis_Drosophila_virilis__Act5C__XP_002059576.1	335	335	335	270	ATG	0.06392765790224075	1	moderate	moderate	0.022	False	user_msa
Drosophila_willistoni_Drosophila_willistoni__LOC6641346__XP_023031150.1	335	335	335	270	ATG	0.06392765790224075	1	moderate	moderate	0.022	False	user_msa
Drosophila_yakuba_Drosophila_yakuba__LOC6525488__XP_002101323.1	335	335	335	270	ATG	0.06392765790224075	1	moderate	moderate	0.022	False	user_msa
Drosophila_ananassae_Drosophila_ananassae__LOC6504746__XP_032309021.1	336	336	336	271	GAG	0.0811469554901123	1	moderate	moderate	0.022	False	user_msa
Drosophila_biarmipes_Drosophila_biarmipes__LOC108031387__XP_050746516.1	336	336	336	271	GAG	0.0811469554901123	1	moderate	moderate	0.022	False	user_msa
Drosophila_mauritiana_Drosophila_mauritiana__LOC117148789__XP_033172290.1	336	336	336	271	GAG	0.0811469554901123	1	moderate	moderate	0.022	False	user_msa
Drosophila_melanogaster_Drosophila_melanogaster__Act5C__NP_511052.1	336	336	336	271	GAG	0.0811469554901123	1	moderate	moderate	0.022	False	user_msa
Drosophila_pseudoobscura_Drosophila_pseudoobscura__Act5C__XP_001354857.1	336	336	336	271	GAG	0.0811469554901123	1	moderate	moderate	0.022	False	user_msa
Drosophila_sechellia_Drosophila_sechellia__Act5C__XP_002036849.1	336	336	336	271	GAG	0.0811469554901123	1	moderate	moderate	0.022	False	user_msa
Drosophila_simulans_Drosophila_simulans__LOC6725225__XP_016038239.1	336	336	336	271	GAA	0.07488450407981873	1	moderate	moderate	0.022	False	user_msa
Drosophila_subobscura_Drosophila_subobscura__LOC117903845__XP_034672195.1	336	336	336	271	GAG	0.0811469554901123	1	moderate	moderate	0.022	False	user_msa
Drosophila_suzukii_Drosophila_suzukii__Act5C__XP_065724039.1	336	336	336	271	GAA	0.07488450407981873	1	moderate	moderate	0.022	False	user_msa
Drosophila_virilis_Drosophila_virilis__Act5C__XP_002059576.1	336	336	336	271	GAG	0.0811469554901123	1	moderate	moderate	0.022	False	user_msa
Drosophila_willistoni_Drosophila_willistoni__LOC6641346__XP_023031150.1	336	336	336	271	GAA	0.07488450407981873	1	moderate	moderate	0.022	False	user_msa
Drosophila_yakuba_Drosophila_yakuba__LOC6525488__XP_002101323.1	336	336	336	271	GAG	0.0811469554901123	1	moderate	moderate	0.022	False	user_msa
Drosophila_ananassae_Drosophila_ananassae__LOC6504746__XP_032309021.1	337	337	337	272	GCG	0.11575812846422195	1	moderate	moderate	0.022	False	user_msa
Drosophila_biarmipes_Drosophila_biarmipes__LOC108031387__XP_050746516.1	337	337	337	272	GCG	0.11575812846422195	1	moderate	moderate	0.022	False	user_msa
Drosophila_mauritiana_Drosophila_mauritiana__LOC117148789__XP_033172290.1	337	337	337	272	GCT	0.1208387166261673	1	moderate	moderate	0.022	False	user_msa
Drosophila_melanogaster_Drosophila_melanogaster__Act5C__NP_511052.1	337	337	337	272	GCT	0.1208387166261673	1	moderate	moderate	0.022	False	user_msa
Drosophila_pseudoobscura_Drosophila_pseudoobscura__Act5C__XP_001354857.1	337	337	337	272	GCA	0.10615210235118866	1	moderate	moderate	0.022	False	user_msa
Drosophila_sechellia_Drosophila_sechellia__Act5C__XP_002036849.1	337	337	337	272	GCT	0.1208387166261673	1	moderate	moderate	0.022	False	user_msa
Drosophila_simulans_Drosophila_simulans__LOC6725225__XP_016038239.1	337	337	337	272	GCT	0.1208387166261673	1	moderate	moderate	0.022	False	user_msa
Drosophila_subobscura_Drosophila_subobscura__LOC117903845__XP_034672195.1	337	337	337	272	GCG	0.11575812846422195	1	moderate	moderate	0.022	False	user_msa
Drosophila_suzukii_Drosophila_suzukii__Act5C__XP_065724039.1	337	337	337	272	GCT	0.1208387166261673	1	moderate	moderate	0.022	False	user_msa
Drosophila_virilis_Drosophila_virilis__Act5C__XP_002059576.1	337	337	337	272	GCA	0.10615210235118866	1	moderate	moderate	0.022	False	user_msa
Drosophila_willistoni_Drosophila_willistoni__LOC6641346__XP_023031150.1	337	337	337	272	GCC	0.11086410284042358	1	moderate	moderate	0.022	False	user_msa
Drosophila_yakuba_Drosophila_yakuba__LOC6525488__XP_002101323.1	337	337	337	272	GCT	0.1208387166261673	1	moderate	moderate	0.022	False	user_msa
Drosophila_ananassae_Drosophila_ananassae__LOC6504746__XP_032309021.1	338	338	338	273	TGC	0.07490022480487823	1	moderate	moderate	0.022	False	user_msa
Drosophila_biarmipes_Drosophila_biarmipes__LOC108031387__XP_050746516.1	338	338	338	273	TGC	0.07490022480487823	1	moderate	moderate	0.022	False	user_msa
Drosophila_mauritiana_Drosophila_mauritiana__LOC117148789__XP_033172290.1	338	338	338	273	TGC	0.07490022480487823	1	moderate	moderate	0.022	False	user_msa
Drosophila_melanogaster_Drosophila_melanogaster__Act5C__NP_511052.1	338	338	338	273	TGC	0.07490022480487823	1	moderate	moderate	0.022	False	user_msa
Drosophila_pseudoobscura_Drosophila_pseudoobscura__Act5C__XP_001354857.1	338	338	338	273	TGC	0.07490022480487823	1	moderate	moderate	0.022	False	user_msa
Drosophila_sechellia_Drosophila_sechellia__Act5C__XP_002036849.1	338	338	338	273	TGC	0.07490022480487823	1	moderate	moderate	0.022	False	user_msa
Drosophila_simulans_Drosophila_simulans__LOC6725225__XP_016038239.1	338	338	338	273	TGC	0.07490022480487823	1	moderate	moderate	0.022	False	user_msa
Drosophila_subobscura_Drosophila_subobscura__LOC117903845__XP_034672195.1	338	338	338	273	TGC	0.07490022480487823	1	moderate	moderate	0.022	False	user_msa
Drosophila_suzukii_Drosophila_suzukii__Act5C__XP_065724039.1	338	338	338	273	TGC	0.07490022480487823	1	moderate	moderate	0.022	False	user_msa
Drosophila_virilis_Drosophila_virilis__Act5C__XP_002059576.1	338	338	338	273	TGC	0.07490022480487823	1	moderate	moderate	0.022	False	user_msa
Drosophila_willistoni_Drosophila_willistoni__LOC6641346__XP_023031150.1	338	338	338	273	TGC	0.07490022480487823	1	moderate	moderate	0.022	False	user_msa
Drosophila_yakuba_Drosophila_yakuba__LOC6525488__XP_002101323.1	338	338	338	273	TGC	0.07490022480487823	1	moderate	moderate	0.022	False	user_msa
Drosophila_ananassae_Drosophila_ananassae__LOC6504746__XP_032309021.1	339	339	339	274	GGC	0.07001959532499313	1	moderate	moderate	0.022	False	user_msa
Drosophila_biarmipes_Drosophila_biarmipes__LOC108031387__XP_050746516.1	339	339	339	274	GGC	0.07001959532499313	1	moderate	moderate	0.022	False	user_msa
Drosophila_mauritiana_Drosophila_mauritiana__LOC117148789__XP_033172290.1	339	339	339	274	GGC	0.07001959532499313	1	moderate	moderate	0.022	False	user_msa
Drosophila_melanogaster_Drosophila_melanogaster__Act5C__NP_511052.1	339	339	339	274	GGC	0.07001959532499313	1	moderate	moderate	0.022	False	user_msa
Drosophila_pseudoobscura_Drosophila_pseudoobscura__Act5C__XP_001354857.1	339	339	339	274	GGC	0.07001959532499313	1	moderate	moderate	0.022	False	user_msa
Drosophila_sechellia_Drosophila_sechellia__Act5C__XP_002036849.1	339	339	339	274	GGC	0.07001959532499313	1	moderate	moderate	0.022	False	user_msa
Drosophila_simulans_Drosophila_simulans__LOC6725225__XP_016038239.1	339	339	339	274	GGC	0.07001959532499313	1	moderate	moderate	0.022	False	user_msa
Drosophila_subobscura_Drosophila_subobscura__LOC117903845__XP_034672195.1	339	339	339	274	GGC	0.07001959532499313	1	moderate	moderate	0.022	False	user_msa
Drosophila_suzukii_Drosophila_suzukii__Act5C__XP_065724039.1	339	339	339	274	GGC	0.07001959532499313	1	moderate	moderate	0.022	False	user_msa
Drosophila_virilis_Drosophila_virilis__Act5C__XP_002059576.1	339	339	339	274	GGC	0.07001959532499313	1	moderate	moderate	0.022	False	user_msa
Drosophila_willistoni_Drosophila_willistoni__LOC6641346__XP_023031150.1	339	339	339	274	GGC	0.07001959532499313	1	moderate	moderate	0.022	False	user_msa
Drosophila_yakuba_Drosophila_yakuba__LOC6525488__XP_002101323.1	339	339	339	274	GGC	0.07001959532499313	1	moderate	moderate	0.022	False	user_msa
Drosophila_ananassae_Drosophila_ananassae__LOC6504746__XP_032309021.1	340	340	340	275	ATC	0.0730513334274292	1	moderate	moderate	0.022	False	user_msa
Drosophila_biarmipes_Drosophila_biarmipes__LOC108031387__XP_050746516.1	340	340	340	275	ATC	0.0730513334274292	1	moderate	moderate	0.022	False	user_msa
Drosophila_mauritiana_Drosophila_mauritiana__LOC117148789__XP_033172290.1	340	340	340	275	ATC	0.0730513334274292	1	moderate	moderate	0.022	False	user_msa
Drosophila_melanogaster_Drosophila_melanogaster__Act5C__NP_511052.1	340	340	340	275	ATC	0.0730513334274292	1	moderate	moderate	0.022	False	user_msa
Drosophila_pseudoobscura_Drosophila_pseudoobscura__Act5C__XP_001354857.1	340	340	340	275	ATC	0.0730513334274292	1	moderate	moderate	0.022	False	user_msa
Drosophila_sechellia_Drosophila_sechellia__Act5C__XP_002036849.1	340	340	340	275	ATC	0.0730513334274292	1	moderate	moderate	0.022	False	user_msa
Drosophila_simulans_Drosophila_simulans__LOC6725225__XP_016038239.1	340	340	340	275	ATC	0.0730513334274292	1	moderate	moderate	0.022	False	user_msa
Drosophila_subobscura_Drosophila_subobscura__LOC117903845__XP_034672195.1	340	340	340	275	ATT	0.07880304753780365	1	moderate	moderate	0.022	False	user_msa
Drosophila_suzukii_Drosophila_suzukii__Act5C__XP_065724039.1	340	340	340	275	ATC	0.0730513334274292	1	moderate	moderate	0.022	False	user_msa
Drosophila_virilis_Drosophila_virilis__Act5C__XP_002059576.1	340	340	340	275	ATT	0.07880304753780365	1	moderate	moderate	0.022	False	user_msa
Drosophila_willistoni_Drosophila_willistoni__LOC6641346__XP_023031150.1	340	340	340	275	ATC	0.0730513334274292	1	moderate	moderate	0.022	False	user_msa
Drosophila_yakuba_Drosophila_yakuba__LOC6525488__XP_002101323.1	340	340	340	275	ATC	0.0730513334274292	1	moderate	moderate	0.022	False	user_msa
Drosophila_ananassae_Drosophila_ananassae__LOC6504746__XP_032309021.1	341	341	341	276	CAC	0.0735025629401207	1	moderate	moderate	0.022	False	user_msa
Drosophila_biarmipes_Drosophila_biarmipes__LOC108031387__XP_050746516.1	341	341	341	276	CAC	0.0735025629401207	1	moderate	moderate	0.022	False	user_msa
Drosophila_mauritiana_Drosophila_mauritiana__LOC117148789__XP_033172290.1	341	341	341	276	CAC	0.0735025629401207	1	moderate	moderate	0.022	False	user_msa
Drosophila_melanogaster_Drosophila_melanogaster__Act5C__NP_511052.1	341	341	341	276	CAC	0.0735025629401207	1	moderate	moderate	0.022	False	user_msa
Drosophila_pseudoobscura_Drosophila_pseudoobscura__Act5C__XP_001354857.1	341	341	341	276	CAT	0.07932514697313309	1	moderate	moderate	0.022	False	user_msa
Drosophila_sechellia_Drosophila_sechellia__Act5C__XP_002036849.1	341	341	341	276	CAC	0.0735025629401207	1	moderate	moderate	0.022	False	user_msa
Drosophila_simulans_Drosophila_simulans__LOC6725225__XP_016038239.1	341	341	341	276	CAC	0.0735025629401207	1	moderate	moderate	0.022	False	user_msa
Drosophila_subobscura_Drosophila_subobscura__LOC117903845__XP_034672195.1	341	341	341	276	CAT	0.07932514697313309	1	moderate	moderate	0.022	False	user_msa
Drosophila_suzukii_Drosophila_suzukii__Act5C__XP_065724039.1	341	341	341	276	CAC	0.0735025629401207	1	moderate	moderate	0.022	False	user_msa
Drosophila_virilis_Drosophila_virilis__Act5C__XP_002059576.1	341	341	341	276	CAT	0.07932514697313309	1	moderate	moderate	0.022	False	user_msa
Drosophila_willistoni_Drosophila_willistoni__LOC6641346__XP_023031150.1	341	341	341	276	CAC	0.0735025629401207	1	moderate	moderate	0.022	False	user_msa
Drosophila_yakuba_Drosophila_yakuba__LOC6525488__XP_002101323.1	341	341	341	276	CAC	0.0735025629401207	1	moderate	moderate	0.022	False	user_msa
Drosophila_ananassae_Drosophila_ananassae__LOC6504746__XP_032309021.1	342	342	342	277	GAG	0.06835704296827316	1	moderate	moderate	0.022	False	user_msa
Drosophila_biarmipes_Drosophila_biarmipes__LOC108031387__XP_050746516.1	342	342	342	277	GAG	0.06835704296827316	1	moderate	moderate	0.022	False	user_msa
Drosophila_mauritiana_Drosophila_mauritiana__LOC117148789__XP_033172290.1	342	342	342	277	GAG	0.06835704296827316	1	moderate	moderate	0.022	False	user_msa
Drosophila_melanogaster_Drosophila_melanogaster__Act5C__NP_511052.1	342	342	342	277	GAG	0.06835704296827316	1	moderate	moderate	0.022	False	user_msa
Drosophila_pseudoobscura_Drosophila_pseudoobscura__Act5C__XP_001354857.1	342	342	342	277	GAG	0.06835704296827316	1	moderate	moderate	0.022	False	user_msa
Drosophila_sechellia_Drosophila_sechellia__Act5C__XP_002036849.1	342	342	342	277	GAG	0.06835704296827316	1	moderate	moderate	0.022	False	user_msa
Drosophila_simulans_Drosophila_simulans__LOC6725225__XP_016038239.1	342	342	342	277	GAG	0.06835704296827316	1	moderate	moderate	0.022	False	user_msa
Drosophila_subobscura_Drosophila_subobscura__LOC117903845__XP_034672195.1	342	342	342	277	GAG	0.06835704296827316	1	moderate	moderate	0.022	False	user_msa
Drosophila_suzukii_Drosophila_suzukii__Act5C__XP_065724039.1	342	342	342	277	GAG	0.06835704296827316	1	moderate	moderate	0.022	False	user_msa
Drosophila_virilis_Drosophila_virilis__Act5C__XP_002059576.1	342	342	342	277	GAG	0.06835704296827316	1	moderate	moderate	0.022	False	user_msa
Drosophila_willistoni_Drosophila_willistoni__LOC6641346__XP_023031150.1	342	342	342	277	GAG	0.06835704296827316	1	moderate	moderate	0.022	False	user_msa
Drosophila_yakuba_Drosophila_yakuba__LOC6525488__XP_002101323.1	342	342	342	277	GAG	0.06835704296827316	1	moderate	moderate	0.022	False	user_msa
Drosophila_ananassae_Drosophila_ananassae__LOC6504746__XP_032309021.1	343	343	343	278	ACC	0.06211406737565994	1	moderate	moderate	0.022	False	user_msa
Drosophila_biarmipes_Drosophila_biarmipes__LOC108031387__XP_050746516.1	343	343	343	278	ACC	0.06211406737565994	1	moderate	moderate	0.022	False	user_msa
Drosophila_mauritiana_Drosophila_mauritiana__LOC117148789__XP_033172290.1	343	343	343	278	ACC	0.06211406737565994	1	moderate	moderate	0.022	False	user_msa
Drosophila_melanogaster_Drosophila_melanogaster__Act5C__NP_511052.1	343	343	343	278	ACC	0.06211406737565994	1	moderate	moderate	0.022	False	user_msa
Drosophila_pseudoobscura_Drosophila_pseudoobscura__Act5C__XP_001354857.1	343	343	343	278	ACC	0.06211406737565994	1	moderate	moderate	0.022	False	user_msa
Drosophila_sechellia_Drosophila_sechellia__Act5C__XP_002036849.1	343	343	343	278	ACC	0.06211406737565994	1	moderate	moderate	0.022	False	user_msa
Drosophila_simulans_Drosophila_simulans__LOC6725225__XP_016038239.1	343	343	343	278	ACC	0.06211406737565994	1	moderate	moderate	0.022	False	user_msa
Drosophila_subobscura_Drosophila_subobscura__LOC117903845__XP_034672195.1	343	343	343	278	ACC	0.06211406737565994	1	moderate	moderate	0.022	False	user_msa
Drosophila_suzukii_Drosophila_suzukii__Act5C__XP_065724039.1	343	343	343	278	ACC	0.06211406737565994	1	moderate	moderate	0.022	False	user_msa
Drosophila_virilis_Drosophila_virilis__Act5C__XP_002059576.1	343	343	343	278	ACC	0.06211406737565994	1	moderate	moderate	0.022	False	user_msa
Drosophila_willistoni_Drosophila_willistoni__LOC6641346__XP_023031150.1	343	343	343	278	ACC	0.06211406737565994	1	moderate	moderate	0.022	False	user_msa
Drosophila_yakuba_Drosophila_yakuba__LOC6525488__XP_002101323.1	343	343	343	278	ACC	0.06211406737565994	1	moderate	moderate	0.022	False	user_msa
Drosophila_ananassae_Drosophila_ananassae__LOC6504746__XP_032309021.1	344	344	344	279	ACC	0.062122274190187454	1	moderate	moderate	0.022	False	user_msa
Drosophila_biarmipes_Drosophila_biarmipes__LOC108031387__XP_050746516.1	344	344	344	279	ACC	0.062122274190187454	1	moderate	moderate	0.022	False	user_msa
Drosophila_mauritiana_Drosophila_mauritiana__LOC117148789__XP_033172290.1	344	344	344	279	ACC	0.062122274190187454	1	moderate	moderate	0.022	False	user_msa
Drosophila_melanogaster_Drosophila_melanogaster__Act5C__NP_511052.1	344	344	344	279	ACC	0.062122274190187454	1	moderate	moderate	0.022	False	user_msa
Drosophila_pseudoobscura_Drosophila_pseudoobscura__Act5C__XP_001354857.1	344	344	344	279	ACC	0.062122274190187454	1	moderate	moderate	0.022	False	user_msa
Drosophila_sechellia_Drosophila_sechellia__Act5C__XP_002036849.1	344	344	344	279	ACC	0.062122274190187454	1	moderate	moderate	0.022	False	user_msa
Drosophila_simulans_Drosophila_simulans__LOC6725225__XP_016038239.1	344	344	344	279	ACC	0.062122274190187454	1	moderate	moderate	0.022	False	user_msa
Drosophila_subobscura_Drosophila_subobscura__LOC117903845__XP_034672195.1	344	344	344	279	ACC	0.062122274190187454	1	moderate	moderate	0.022	False	user_msa
Drosophila_suzukii_Drosophila_suzukii__Act5C__XP_065724039.1	344	344	344	279	ACC	0.062122274190187454	1	moderate	moderate	0.022	False	user_msa
Drosophila_virilis_Drosophila_virilis__Act5C__XP_002059576.1	344	344	344	279	ACC	0.062122274190187454	1	moderate	moderate	0.022	False	user_msa
Drosophila_willistoni_Drosophila_willistoni__LOC6641346__XP_023031150.1	344	344	344	279	ACC	0.062122274190187454	1	moderate	moderate	0.022	False	user_msa
Drosophila_yakuba_Drosophila_yakuba__LOC6525488__XP_002101323.1	344	344	344	279	ACC	0.062122274190187454	1	moderate	moderate	0.022	False	user_msa
Drosophila_ananassae_Drosophila_ananassae__LOC6504746__XP_032309021.1	345	345	345	280	TAC	0.07245519757270813	1	moderate	moderate	0.022	False	user_msa
Drosophila_biarmipes_Drosophila_biarmipes__LOC108031387__XP_050746516.1	345	345	345	280	TAC	0.07245519757270813	1	moderate	moderate	0.022	False	user_msa
Drosophila_mauritiana_Drosophila_mauritiana__LOC117148789__XP_033172290.1	345	345	345	280	TAC	0.07245519757270813	1	moderate	moderate	0.022	False	user_msa
Drosophila_melanogaster_Drosophila_melanogaster__Act5C__NP_511052.1	345	345	345	280	TAC	0.07245519757270813	1	moderate	moderate	0.022	False	user_msa
Drosophila_pseudoobscura_Drosophila_pseudoobscura__Act5C__XP_001354857.1	345	345	345	280	TAC	0.07245519757270813	1	moderate	moderate	0.022	False	user_msa
Drosophila_sechellia_Drosophila_sechellia__Act5C__XP_002036849.1	345	345	345	280	TAC	0.07245519757270813	1	moderate	moderate	0.022	False	user_msa
Drosophila_simulans_Drosophila_simulans__LOC6725225__XP_016038239.1	345	345	345	280	TAC	0.07245519757270813	1	moderate	moderate	0.022	False	user_msa
Drosophila_subobscura_Drosophila_subobscura__LOC117903845__XP_034672195.1	345	345	345	280	TAC	0.07245519757270813	1	moderate	moderate	0.022	False	user_msa
Drosophila_suzukii_Drosophila_suzukii__Act5C__XP_065724039.1	345	345	345	280	TAC	0.07245519757270813	1	moderate	moderate	0.022	False	user_msa
Drosophila_virilis_Drosophila_virilis__Act5C__XP_002059576.1	345	345	345	280	TAC	0.07245519757270813	1	moderate	moderate	0.022	False	user_msa
Drosophila_willistoni_Drosophila_willistoni__LOC6641346__XP_023031150.1	345	345	345	280	TAC	0.07245519757270813	1	moderate	moderate	0.022	False	user_msa
Drosophila_yakuba_Drosophila_yakuba__LOC6525488__XP_002101323.1	345	345	345	280	TAC	0.07245519757270813	1	moderate	moderate	0.022	False	user_msa
Drosophila_ananassae_Drosophila_ananassae__LOC6504746__XP_032309021.1	346	346	346	281	AAC	0.07087383419275284	1	moderate	moderate	0.022	False	user_msa
Drosophila_biarmipes_Drosophila_biarmipes__LOC108031387__XP_050746516.1	346	346	346	281	AAC	0.07087383419275284	1	moderate	moderate	0.022	False	user_msa
Drosophila_mauritiana_Drosophila_mauritiana__LOC117148789__XP_033172290.1	346	346	346	281	AAC	0.07087383419275284	1	moderate	moderate	0.022	False	user_msa
Drosophila_melanogaster_Drosophila_melanogaster__Act5C__NP_511052.1	346	346	346	281	AAC	0.07087383419275284	1	moderate	moderate	0.022	False	user_msa
Drosophila_pseudoobscura_Drosophila_pseudoobscura__Act5C__XP_001354857.1	346	346	346	281	AAC	0.07087383419275284	1	moderate	moderate	0.022	False	user_msa
Drosophila_sechellia_Drosophila_sechellia__Act5C__XP_002036849.1	346	346	346	281	AAC	0.07087383419275284	1	moderate	moderate	0.022	False	user_msa
Drosophila_simulans_Drosophila_simulans__LOC6725225__XP_016038239.1	346	346	346	281	AAC	0.07087383419275284	1	moderate	moderate	0.022	False	user_msa
Drosophila_subobscura_Drosophila_subobscura__LOC117903845__XP_034672195.1	346	346	346	281	AAC	0.07087383419275284	1	moderate	moderate	0.022	False	user_msa
Drosophila_suzukii_Drosophila_suzukii__Act5C__XP_065724039.1	346	346	346	281	AAC	0.07087383419275284	1	moderate	moderate	0.022	False	user_msa
Drosophila_virilis_Drosophila_virilis__Act5C__XP_002059576.1	346	346	346	281	AAT	0.0759005919098854	1	moderate	moderate	0.022	False	user_msa
Drosophila_willistoni_Drosophila_willistoni__LOC6641346__XP_023031150.1	346	346	346	281	AAC	0.07087383419275284	1	moderate	moderate	0.022	False	user_msa
Drosophila_yakuba_Drosophila_yakuba__LOC6525488__XP_002101323.1	346	346	346	281	AAC	0.07087383419275284	1	moderate	moderate	0.022	False	user_msa
Drosophila_ananassae_Drosophila_ananassae__LOC6504746__XP_032309021.1	347	347	347	282	TCG	0.08930718898773193	1	moderate	moderate	0.022	False	user_msa
Drosophila_biarmipes_Drosophila_biarmipes__LOC108031387__XP_050746516.1	347	347	347	282	TCG	0.08930718898773193	1	moderate	moderate	0.022	False	user_msa
Drosophila_mauritiana_Drosophila_mauritiana__LOC117148789__XP_033172290.1	347	347	347	282	TCC	0.0854235291481018	1	moderate	moderate	0.022	False	user_msa
Drosophila_melanogaster_Drosophila_melanogaster__Act5C__NP_511052.1	347	347	347	282	TCC	0.0854235291481018	1	moderate	moderate	0.022	False	user_msa
Drosophila_pseudoobscura_Drosophila_pseudoobscura__Act5C__XP_001354857.1	347	347	347	282	TCG	0.08930718898773193	1	moderate	moderate	0.022	False	user_msa
Drosophila_sechellia_Drosophila_sechellia__Act5C__XP_002036849.1	347	347	347	282	TCC	0.0854235291481018	1	moderate	moderate	0.022	False	user_msa
Drosophila_simulans_Drosophila_simulans__LOC6725225__XP_016038239.1	347	347	347	282	TCC	0.0854235291481018	1	moderate	moderate	0.022	False	user_msa
Drosophila_subobscura_Drosophila_subobscura__LOC117903845__XP_034672195.1	347	347	347	282	TCG	0.08930718898773193	1	moderate	moderate	0.022	False	user_msa
Drosophila_suzukii_Drosophila_suzukii__Act5C__XP_065724039.1	347	347	347	282	TCG	0.08930718898773193	1	moderate	moderate	0.022	False	user_msa
Drosophila_virilis_Drosophila_virilis__Act5C__XP_002059576.1	347	347	347	282	TCG	0.08930718898773193	1	moderate	moderate	0.022	False	user_msa
Drosophila_willistoni_Drosophila_willistoni__LOC6641346__XP_023031150.1	347	347	347	282	TCG	0.08930718898773193	1	moderate	moderate	0.022	False	user_msa
Drosophila_yakuba_Drosophila_yakuba__LOC6525488__XP_002101323.1	347	347	347	282	TCC	0.0854235291481018	1	moderate	moderate	0.022	False	user_msa
Drosophila_ananassae_Drosophila_ananassae__LOC6504746__XP_032309021.1	348	348	348	283	ATC	0.06382526457309723	1	moderate	moderate	0.022	False	user_msa
Drosophila_biarmipes_Drosophila_biarmipes__LOC108031387__XP_050746516.1	348	348	348	283	ATC	0.06382526457309723	1	moderate	moderate	0.022	False	user_msa
Drosophila_mauritiana_Drosophila_mauritiana__LOC117148789__XP_033172290.1	348	348	348	283	ATC	0.06382526457309723	1	moderate	moderate	0.022	False	user_msa
Drosophila_melanogaster_Drosophila_melanogaster__Act5C__NP_511052.1	348	348	348	283	ATC	0.06382526457309723	1	moderate	moderate	0.022	False	user_msa
Drosophila_pseudoobscura_Drosophila_pseudoobscura__Act5C__XP_001354857.1	348	348	348	283	ATC	0.06382526457309723	1	moderate	moderate	0.022	False	user_msa
Drosophila_sechellia_Drosophila_sechellia__Act5C__XP_002036849.1	348	348	348	283	ATC	0.06382526457309723	1	moderate	moderate	0.022	False	user_msa
Drosophila_simulans_Drosophila_simulans__LOC6725225__XP_016038239.1	348	348	348	283	ATC	0.06382526457309723	1	moderate	moderate	0.022	False	user_msa
Drosophila_subobscura_Drosophila_subobscura__LOC117903845__XP_034672195.1	348	348	348	283	ATC	0.06382526457309723	1	moderate	moderate	0.022	False	user_msa
Drosophila_suzukii_Drosophila_suzukii__Act5C__XP_065724039.1	348	348	348	283	ATC	0.06382526457309723	1	moderate	moderate	0.022	False	user_msa
Drosophila_virilis_Drosophila_virilis__Act5C__XP_002059576.1	348	348	348	283	ATC	0.06382526457309723	1	moderate	moderate	0.022	False	user_msa
Drosophila_willistoni_Drosophila_willistoni__LOC6641346__XP_023031150.1	348	348	348	283	ATC	0.06382526457309723	1	moderate	moderate	0.022	False	user_msa
Drosophila_yakuba_Drosophila_yakuba__LOC6525488__XP_002101323.1	348	348	348	283	ATC	0.06382526457309723	1	moderate	moderate	0.022	False	user_msa
Drosophila_ananassae_Drosophila_ananassae__LOC6504746__XP_032309021.1	349	349	349	284	ATG	0.06404543668031693	1	moderate	moderate	0.022	False	user_msa
Drosophila_biarmipes_Drosophila_biarmipes__LOC108031387__XP_050746516.1	349	349	349	284	ATG	0.06404543668031693	1	moderate	moderate	0.022	False	user_msa
Drosophila_mauritiana_Drosophila_mauritiana__LOC117148789__XP_033172290.1	349	349	349	284	ATG	0.06404543668031693	1	moderate	moderate	0.022	False	user_msa
Drosophila_melanogaster_Drosophila_melanogaster__Act5C__NP_511052.1	349	349	349	284	ATG	0.06404543668031693	1	moderate	moderate	0.022	False	user_msa
Drosophila_pseudoobscura_Drosophila_pseudoobscura__Act5C__XP_001354857.1	349	349	349	284	ATG	0.06404543668031693	1	moderate	moderate	0.022	False	user_msa
Drosophila_sechellia_Drosophila_sechellia__Act5C__XP_002036849.1	349	349	349	284	ATG	0.06404543668031693	1	moderate	moderate	0.022	False	user_msa
Drosophila_simulans_Drosophila_simulans__LOC6725225__XP_016038239.1	349	349	349	284	ATG	0.06404543668031693	1	moderate	moderate	0.022	False	user_msa
Drosophila_subobscura_Drosophila_subobscura__LOC117903845__XP_034672195.1	349	349	349	284	ATG	0.06404543668031693	1	moderate	moderate	0.022	False	user_msa
Drosophila_suzukii_Drosophila_suzukii__Act5C__XP_065724039.1	349	349	349	284	ATG	0.06404543668031693	1	moderate	moderate	0.022	False	user_msa
Drosophila_virilis_Drosophila_virilis__Act5C__XP_002059576.1	349	349	349	284	ATG	0.06404543668031693	1	moderate	moderate	0.022	False	user_msa
Drosophila_willistoni_Drosophila_willistoni__LOC6641346__XP_023031150.1	349	349	349	284	ATG	0.06404543668031693	1	moderate	moderate	0.022	False	user_msa
Drosophila_yakuba_Drosophila_yakuba__LOC6525488__XP_002101323.1	349	349	349	284	ATG	0.06404543668031693	1	moderate	moderate	0.022	False	user_msa
Drosophila_ananassae_Drosophila_ananassae__LOC6504746__XP_032309021.1	350	350	350	285	AAG	0.06155543401837349	1	moderate	moderate	0.022	False	user_msa
Drosophila_biarmipes_Drosophila_biarmipes__LOC108031387__XP_050746516.1	350	350	350	285	AAG	0.06155543401837349	1	moderate	moderate	0.022	False	user_msa
Drosophila_mauritiana_Drosophila_mauritiana__LOC117148789__XP_033172290.1	350	350	350	285	AAG	0.06155543401837349	1	moderate	moderate	0.022	False	user_msa
Drosophila_melanogaster_Drosophila_melanogaster__Act5C__NP_511052.1	350	350	350	285	AAG	0.06155543401837349	1	moderate	moderate	0.022	False	user_msa
Drosophila_pseudoobscura_Drosophila_pseudoobscura__Act5C__XP_001354857.1	350	350	350	285	AAG	0.06155543401837349	1	moderate	moderate	0.022	False	user_msa
Drosophila_sechellia_Drosophila_sechellia__Act5C__XP_002036849.1	350	350	350	285	AAG	0.06155543401837349	1	moderate	moderate	0.022	False	user_msa
Drosophila_simulans_Drosophila_simulans__LOC6725225__XP_016038239.1	350	350	350	285	AAG	0.06155543401837349	1	moderate	moderate	0.022	False	user_msa
Drosophila_subobscura_Drosophila_subobscura__LOC117903845__XP_034672195.1	350	350	350	285	AAG	0.06155543401837349	1	moderate	moderate	0.022	False	user_msa
Drosophila_suzukii_Drosophila_suzukii__Act5C__XP_065724039.1	350	350	350	285	AAG	0.06155543401837349	1	moderate	moderate	0.022	False	user_msa
Drosophila_virilis_Drosophila_virilis__Act5C__XP_002059576.1	350	350	350	285	AAG	0.06155543401837349	1	moderate	moderate	0.022	False	user_msa
Drosophila_willistoni_Drosophila_willistoni__LOC6641346__XP_023031150.1	350	350	350	285	AAG	0.06155543401837349	1	moderate	moderate	0.022	False	user_msa
Drosophila_yakuba_Drosophila_yakuba__LOC6525488__XP_002101323.1	350	350	350	285	AAG	0.06155543401837349	1	moderate	moderate	0.022	False	user_msa
Drosophila_ananassae_Drosophila_ananassae__LOC6504746__XP_032309021.1	351	351	351	286	TGC	0.08770930767059326	1	moderate	moderate	0.022	False	user_msa
Drosophila_biarmipes_Drosophila_biarmipes__LOC108031387__XP_050746516.1	351	351	351	286	TGC	0.08770930767059326	1	moderate	moderate	0.022	False	user_msa
Drosophila_mauritiana_Drosophila_mauritiana__LOC117148789__XP_033172290.1	351	351	351	286	TGC	0.08770930767059326	1	moderate	moderate	0.022	False	user_msa
Drosophila_melanogaster_Drosophila_melanogaster__Act5C__NP_511052.1	351	351	351	286	TGT	0.09582524746656418	1	moderate	moderate	0.022	False	user_msa
Drosophila_pseudoobscura_Drosophila_pseudoobscura__Act5C__XP_001354857.1	351	351	351	286	TGC	0.08770930767059326	1	moderate	moderate	0.022	False	user_msa
Drosophila_sechellia_Drosophila_sechellia__Act5C__XP_002036849.1	351	351	351	286	TGC	0.08770930767059326	1	moderate	moderate	0.022	False	user_msa
Drosophila_simulans_Drosophila_simulans__LOC6725225__XP_016038239.1	351	351	351	286	TGC	0.08770930767059326	1	moderate	moderate	0.022	False	user_msa
Drosophila_subobscura_Drosophila_subobscura__LOC117903845__XP_034672195.1	351	351	351	286	TGC	0.08770930767059326	1	moderate	moderate	0.022	False	user_msa
Drosophila_suzukii_Drosophila_suzukii__Act5C__XP_065724039.1	351	351	351	286	TGC	0.08770930767059326	1	moderate	moderate	0.022	False	user_msa
Drosophila_virilis_Drosophila_virilis__Act5C__XP_002059576.1	351	351	351	286	TGC	0.08770930767059326	1	moderate	moderate	0.022	False	user_msa
Drosophila_willistoni_Drosophila_willistoni__LOC6641346__XP_023031150.1	351	351	351	286	TGC	0.08770930767059326	1	moderate	moderate	0.022	False	user_msa
Drosophila_yakuba_Drosophila_yakuba__LOC6525488__XP_002101323.1	351	351	351	286	TGC	0.08770930767059326	1	moderate	moderate	0.022	False	user_msa
Drosophila_ananassae_Drosophila_ananassae__LOC6504746__XP_032309021.1	352	352	352	287	GAT	0.08126000314950943	1	moderate	moderate	0.022	False	user_msa
Drosophila_biarmipes_Drosophila_biarmipes__LOC108031387__XP_050746516.1	352	352	352	287	GAT	0.08126000314950943	1	moderate	moderate	0.022	False	user_msa
Drosophila_mauritiana_Drosophila_mauritiana__LOC117148789__XP_033172290.1	352	352	352	287	GAT	0.08126000314950943	1	moderate	moderate	0.022	False	user_msa
Drosophila_melanogaster_Drosophila_melanogaster__Act5C__NP_511052.1	352	352	352	287	GAT	0.08126000314950943	1	moderate	moderate	0.022	False	user_msa
Drosophila_pseudoobscura_Drosophila_pseudoobscura__Act5C__XP_001354857.1	352	352	352	287	GAT	0.08126000314950943	1	moderate	moderate	0.022	False	user_msa
Drosophila_sechellia_Drosophila_sechellia__Act5C__XP_002036849.1	352	352	352	287	GAT	0.08126000314950943	1	moderate	moderate	0.022	False	user_msa
Drosophila_simulans_Drosophila_simulans__LOC6725225__XP_016038239.1	352	352	352	287	GAT	0.08126000314950943	1	moderate	moderate	0.022	False	user_msa
Drosophila_subobscura_Drosophila_subobscura__LOC117903845__XP_034672195.1	352	352	352	287	GAC	0.07494940608739853	1	moderate	moderate	0.022	False	user_msa
Drosophila_suzukii_Drosophila_suzukii__Act5C__XP_065724039.1	352	352	352	287	GAT	0.08126000314950943	1	moderate	moderate	0.022	False	user_msa
Drosophila_virilis_Drosophila_virilis__Act5C__XP_002059576.1	352	352	352	287	GAT	0.08126000314950943	1	moderate	moderate	0.022	False	user_msa
Drosophila_willistoni_Drosophila_willistoni__LOC6641346__XP_023031150.1	352	352	352	287	GAT	0.08126000314950943	1	moderate	moderate	0.022	False	user_msa
Drosophila_yakuba_Drosophila_yakuba__LOC6525488__XP_002101323.1	352	352	352	287	GAT	0.08126000314950943	1	moderate	moderate	0.022	False	user_msa
Drosophila_ananassae_Drosophila_ananassae__LOC6504746__XP_032309021.1	353	353	353	288	GTG	0.1018138974905014	1	moderate	moderate	0.022	False	user_msa
Drosophila_biarmipes_Drosophila_biarmipes__LOC108031387__XP_050746516.1	353	353	353	288	GTT	0.1063561663031578	1	moderate	moderate	0.022	False	user_msa
Drosophila_mauritiana_Drosophila_mauritiana__LOC117148789__XP_033172290.1	353	353	353	288	GTG	0.1018138974905014	1	moderate	moderate	0.022	False	user_msa
Drosophila_melanogaster_Drosophila_melanogaster__Act5C__NP_511052.1	353	353	353	288	GTG	0.1018138974905014	1	moderate	moderate	0.022	False	user_msa
Drosophila_pseudoobscura_Drosophila_pseudoobscura__Act5C__XP_001354857.1	353	353	353	288	GTG	0.1018138974905014	1	moderate	moderate	0.022	False	user_msa
Drosophila_sechellia_Drosophila_sechellia__Act5C__XP_002036849.1	353	353	353	288	GTG	0.1018138974905014	1	moderate	moderate	0.022	False	user_msa
Drosophila_simulans_Drosophila_simulans__LOC6725225__XP_016038239.1	353	353	353	288	GTG	0.1018138974905014	1	moderate	moderate	0.022	False	user_msa
Drosophila_subobscura_Drosophila_subobscura__LOC117903845__XP_034672195.1	353	353	353	288	GTC	0.09744447469711304	1	moderate	moderate	0.022	False	user_msa
Drosophila_suzukii_Drosophila_suzukii__Act5C__XP_065724039.1	353	353	353	288	GTG	0.1018138974905014	1	moderate	moderate	0.022	False	user_msa
Drosophila_virilis_Drosophila_virilis__Act5C__XP_002059576.1	353	353	353	288	GTT	0.1063561663031578	1	moderate	moderate	0.022	False	user_msa
Drosophila_willistoni_Drosophila_willistoni__LOC6641346__XP_023031150.1	353	353	353	288	GTC	0.09744447469711304	1	moderate	moderate	0.022	False	user_msa
Drosophila_yakuba_Drosophila_yakuba__LOC6525488__XP_002101323.1	353	353	353	288	GTG	0.1018138974905014	1	moderate	moderate	0.022	False	user_msa
Drosophila_ananassae_Drosophila_ananassae__LOC6504746__XP_032309021.1	354	354	354	289	GAT	0.08127140998840332	1	moderate	moderate	0.022	False	user_msa
Drosophila_biarmipes_Drosophila_biarmipes__LOC108031387__XP_050746516.1	354	354	354	289	GAC	0.07496891915798187	1	moderate	moderate	0.022	False	user_msa
Drosophila_mauritiana_Drosophila_mauritiana__LOC117148789__XP_033172290.1	354	354	354	289	GAT	0.08127140998840332	1	moderate	moderate	0.022	False	user_msa
Drosophila_melanogaster_Drosophila_melanogaster__Act5C__NP_511052.1	354	354	354	289	GAT	0.08127140998840332	1	moderate	moderate	0.022	False	user_msa
Drosophila_pseudoobscura_Drosophila_pseudoobscura__Act5C__XP_001354857.1	354	354	354	289	GAT	0.08127140998840332	1	moderate	moderate	0.022	False	user_msa
Drosophila_sechellia_Drosophila_sechellia__Act5C__XP_002036849.1	354	354	354	289	GAT	0.08127140998840332	1	moderate	moderate	0.022	False	user_msa
Drosophila_simulans_Drosophila_simulans__LOC6725225__XP_016038239.1	354	354	354	289	GAT	0.08127140998840332	1	moderate	moderate	0.022	False	user_msa
Drosophila_subobscura_Drosophila_subobscura__LOC117903845__XP_034672195.1	354	354	354	289	GAT	0.08127140998840332	1	moderate	moderate	0.022	False	user_msa
Drosophila_suzukii_Drosophila_suzukii__Act5C__XP_065724039.1	354	354	354	289	GAT	0.08127140998840332	1	moderate	moderate	0.022	False	user_msa
Drosophila_virilis_Drosophila_virilis__Act5C__XP_002059576.1	354	354	354	289	GAT	0.08127140998840332	1	moderate	moderate	0.022	False	user_msa
Drosophila_willistoni_Drosophila_willistoni__LOC6641346__XP_023031150.1	354	354	354	289	GAT	0.08127140998840332	1	moderate	moderate	0.022	False	user_msa
Drosophila_yakuba_Drosophila_yakuba__LOC6525488__XP_002101323.1	354	354	354	289	GAT	0.08127140998840332	1	moderate	moderate	0.022	False	user_msa
Drosophila_ananassae_Drosophila_ananassae__LOC6504746__XP_032309021.1	355	355	355	290	ATC	0.06388407200574875	1	moderate	moderate	0.022	False	user_msa
Drosophila_biarmipes_Drosophila_biarmipes__LOC108031387__XP_050746516.1	355	355	355	290	ATC	0.06388407200574875	1	moderate	moderate	0.022	False	user_msa
Drosophila_mauritiana_Drosophila_mauritiana__LOC117148789__XP_033172290.1	355	355	355	290	ATC	0.06388407200574875	1	moderate	moderate	0.022	False	user_msa
Drosophila_melanogaster_Drosophila_melanogaster__Act5C__NP_511052.1	355	355	355	290	ATC	0.06388407200574875	1	moderate	moderate	0.022	False	user_msa
Drosophila_pseudoobscura_Drosophila_pseudoobscura__Act5C__XP_001354857.1	355	355	355	290	ATC	0.06388407200574875	1	moderate	moderate	0.022	False	user_msa
Drosophila_sechellia_Drosophila_sechellia__Act5C__XP_002036849.1	355	355	355	290	ATC	0.06388407200574875	1	moderate	moderate	0.022	False	user_msa
Drosophila_simulans_Drosophila_simulans__LOC6725225__XP_016038239.1	355	355	355	290	ATC	0.06388407200574875	1	moderate	moderate	0.022	False	user_msa
Drosophila_subobscura_Drosophila_subobscura__LOC117903845__XP_034672195.1	355	355	355	290	ATC	0.06388407200574875	1	moderate	moderate	0.022	False	user_msa
Drosophila_suzukii_Drosophila_suzukii__Act5C__XP_065724039.1	355	355	355	290	ATC	0.06388407200574875	1	moderate	moderate	0.022	False	user_msa
Drosophila_virilis_Drosophila_virilis__Act5C__XP_002059576.1	355	355	355	290	ATC	0.06388407200574875	1	moderate	moderate	0.022	False	user_msa
Drosophila_willistoni_Drosophila_willistoni__LOC6641346__XP_023031150.1	355	355	355	290	ATC	0.06388407200574875	1	moderate	moderate	0.022	False	user_msa
Drosophila_yakuba_Drosophila_yakuba__LOC6525488__XP_002101323.1	355	355	355	290	ATC	0.06388407200574875	1	moderate	moderate	0.022	False	user_msa
Drosophila_ananassae_Drosophila_ananassae__LOC6504746__XP_032309021.1	356	356	356	291	CGT	0.0669194757938385	1	moderate	moderate	0.022	False	user_msa
Drosophila_biarmipes_Drosophila_biarmipes__LOC108031387__XP_050746516.1	356	356	356	291	CGT	0.0669194757938385	1	moderate	moderate	0.022	False	user_msa
Drosophila_mauritiana_Drosophila_mauritiana__LOC117148789__XP_033172290.1	356	356	356	291	CGT	0.0669194757938385	1	moderate	moderate	0.022	False	user_msa
Drosophila_melanogaster_Drosophila_melanogaster__Act5C__NP_511052.1	356	356	356	291	CGT	0.0669194757938385	1	moderate	moderate	0.022	False	user_msa
Drosophila_pseudoobscura_Drosophila_pseudoobscura__Act5C__XP_001354857.1	356	356	356	291	CGT	0.0669194757938385	1	moderate	moderate	0.022	False	user_msa
Drosophila_sechellia_Drosophila_sechellia__Act5C__XP_002036849.1	356	356	356	291	CGT	0.0669194757938385	1	moderate	moderate	0.022	False	user_msa
Drosophila_simulans_Drosophila_simulans__LOC6725225__XP_016038239.1	356	356	356	291	CGT	0.0669194757938385	1	moderate	moderate	0.022	False	user_msa
Drosophila_subobscura_Drosophila_subobscura__LOC117903845__XP_034672195.1	356	356	356	291	CGT	0.0669194757938385	1	moderate	moderate	0.022	False	user_msa
Drosophila_suzukii_Drosophila_suzukii__Act5C__XP_065724039.1	356	356	356	291	CGT	0.0669194757938385	1	moderate	moderate	0.022	False	user_msa
Drosophila_virilis_Drosophila_virilis__Act5C__XP_002059576.1	356	356	356	291	CGT	0.0669194757938385	1	moderate	moderate	0.022	False	user_msa
Drosophila_willistoni_Drosophila_willistoni__LOC6641346__XP_023031150.1	356	356	356	291	CGT	0.0669194757938385	1	moderate	moderate	0.022	False	user_msa
Drosophila_yakuba_Drosophila_yakuba__LOC6525488__XP_002101323.1	356	356	356	291	CGT	0.0669194757938385	1	moderate	moderate	0.022	False	user_msa
Drosophila_ananassae_Drosophila_ananassae__LOC6504746__XP_032309021.1	357	357	357	292	AAG	0.06161225587129593	1	moderate	moderate	0.022	False	user_msa
Drosophila_biarmipes_Drosophila_biarmipes__LOC108031387__XP_050746516.1	357	357	357	292	AAG	0.06161225587129593	1	moderate	moderate	0.022	False	user_msa
Drosophila_mauritiana_Drosophila_mauritiana__LOC117148789__XP_033172290.1	357	357	357	292	AAG	0.06161225587129593	1	moderate	moderate	0.022	False	user_msa
Drosophila_melanogaster_Drosophila_melanogaster__Act5C__NP_511052.1	357	357	357	292	AAG	0.06161225587129593	1	moderate	moderate	0.022	False	user_msa
Drosophila_pseudoobscura_Drosophila_pseudoobscura__Act5C__XP_001354857.1	357	357	357	292	AAG	0.06161225587129593	1	moderate	moderate	0.022	False	user_msa
Drosophila_sechellia_Drosophila_sechellia__Act5C__XP_002036849.1	357	357	357	292	AAG	0.06161225587129593	1	moderate	moderate	0.022	False	user_msa
Drosophila_simulans_Drosophila_simulans__LOC6725225__XP_016038239.1	357	357	357	292	AAG	0.06161225587129593	1	moderate	moderate	0.022	False	user_msa
Drosophila_subobscura_Drosophila_subobscura__LOC117903845__XP_034672195.1	357	357	357	292	AAG	0.06161225587129593	1	moderate	moderate	0.022	False	user_msa
Drosophila_suzukii_Drosophila_suzukii__Act5C__XP_065724039.1	357	357	357	292	AAG	0.06161225587129593	1	moderate	moderate	0.022	False	user_msa
Drosophila_virilis_Drosophila_virilis__Act5C__XP_002059576.1	357	357	357	292	AAG	0.06161225587129593	1	moderate	moderate	0.022	False	user_msa
Drosophila_willistoni_Drosophila_willistoni__LOC6641346__XP_023031150.1	357	357	357	292	AAG	0.06161225587129593	1	moderate	moderate	0.022	False	user_msa
Drosophila_yakuba_Drosophila_yakuba__LOC6525488__XP_002101323.1	357	357	357	292	AAG	0.06161225587129593	1	moderate	moderate	0.022	False	user_msa
Drosophila_ananassae_Drosophila_ananassae__LOC6504746__XP_032309021.1	358	358	358	293	GAT	0.08136579394340515	1	moderate	moderate	0.022	False	user_msa
Drosophila_biarmipes_Drosophila_biarmipes__LOC108031387__XP_050746516.1	358	358	358	293	GAT	0.08136579394340515	1	moderate	moderate	0.022	False	user_msa
Drosophila_mauritiana_Drosophila_mauritiana__LOC117148789__XP_033172290.1	358	358	358	293	GAT	0.08136579394340515	1	moderate	moderate	0.022	False	user_msa
Drosophila_melanogaster_Drosophila_melanogaster__Act5C__NP_511052.1	358	358	358	293	GAT	0.08136579394340515	1	moderate	moderate	0.022	False	user_msa
Drosophila_pseudoobscura_Drosophila_pseudoobscura__Act5C__XP_001354857.1	358	358	358	293	GAC	0.0751291885972023	1	moderate	moderate	0.022	False	user_msa
Drosophila_sechellia_Drosophila_sechellia__Act5C__XP_002036849.1	358	358	358	293	GAT	0.08136579394340515	1	moderate	moderate	0.022	False	user_msa
Drosophila_simulans_Drosophila_simulans__LOC6725225__XP_016038239.1	358	358	358	293	GAT	0.08136579394340515	1	moderate	moderate	0.022	False	user_msa
Drosophila_subobscura_Drosophila_subobscura__LOC117903845__XP_034672195.1	358	358	358	293	GAC	0.0751291885972023	1	moderate	moderate	0.022	False	user_msa
Drosophila_suzukii_Drosophila_suzukii__Act5C__XP_065724039.1	358	358	358	293	GAT	0.08136579394340515	1	moderate	moderate	0.022	False	user_msa
Drosophila_virilis_Drosophila_virilis__Act5C__XP_002059576.1	358	358	358	293	GAT	0.08136579394340515	1	moderate	moderate	0.022	False	user_msa
Drosophila_willistoni_Drosophila_willistoni__LOC6641346__XP_023031150.1	358	358	358	293	GAT	0.08136579394340515	1	moderate	moderate	0.022	False	user_msa
Drosophila_yakuba_Drosophila_yakuba__LOC6525488__XP_002101323.1	358	358	358	293	GAT	0.08136579394340515	1	moderate	moderate	0.022	False	user_msa
Drosophila_ananassae_Drosophila_ananassae__LOC6504746__XP_032309021.1	359	359	359	294	CTG	0.0676117092370987	1	moderate	moderate	0.022	False	user_msa
Drosophila_biarmipes_Drosophila_biarmipes__LOC108031387__XP_050746516.1	359	359	359	294	CTG	0.0676117092370987	1	moderate	moderate	0.022	False	user_msa
Drosophila_mauritiana_Drosophila_mauritiana__LOC117148789__XP_033172290.1	359	359	359	294	CTG	0.0676117092370987	1	moderate	moderate	0.022	False	user_msa
Drosophila_melanogaster_Drosophila_melanogaster__Act5C__NP_511052.1	359	359	359	294	CTG	0.0676117092370987	1	moderate	moderate	0.022	False	user_msa
Drosophila_pseudoobscura_Drosophila_pseudoobscura__Act5C__XP_001354857.1	359	359	359	294	CTG	0.0676117092370987	1	moderate	moderate	0.022	False	user_msa
Drosophila_sechellia_Drosophila_sechellia__Act5C__XP_002036849.1	359	359	359	294	CTG	0.0676117092370987	1	moderate	moderate	0.022	False	user_msa
Drosophila_simulans_Drosophila_simulans__LOC6725225__XP_016038239.1	359	359	359	294	CTG	0.0676117092370987	1	moderate	moderate	0.022	False	user_msa
Drosophila_subobscura_Drosophila_subobscura__LOC117903845__XP_034672195.1	359	359	359	294	CTG	0.0676117092370987	1	moderate	moderate	0.022	False	user_msa
Drosophila_suzukii_Drosophila_suzukii__Act5C__XP_065724039.1	359	359	359	294	CTG	0.0676117092370987	1	moderate	moderate	0.022	False	user_msa
Drosophila_virilis_Drosophila_virilis__Act5C__XP_002059576.1	359	359	359	294	CTG	0.0676117092370987	1	moderate	moderate	0.022	False	user_msa
Drosophila_willistoni_Drosophila_willistoni__LOC6641346__XP_023031150.1	359	359	359	294	CTG	0.0676117092370987	1	moderate	moderate	0.022	False	user_msa
Drosophila_yakuba_Drosophila_yakuba__LOC6525488__XP_002101323.1	359	359	359	294	CTG	0.0676117092370987	1	moderate	moderate	0.022	False	user_msa
Drosophila_ananassae_Drosophila_ananassae__LOC6504746__XP_032309021.1	360	360	360	295	TAT	0.08698152005672455	1	moderate	moderate	0.022	False	user_msa
Drosophila_biarmipes_Drosophila_biarmipes__LOC108031387__XP_050746516.1	360	360	360	295	TAT	0.08698152005672455	1	moderate	moderate	0.022	False	user_msa
Drosophila_mauritiana_Drosophila_mauritiana__LOC117148789__XP_033172290.1	360	360	360	295	TAT	0.08698152005672455	1	moderate	moderate	0.022	False	user_msa
Drosophila_melanogaster_Drosophila_melanogaster__Act5C__NP_511052.1	360	360	360	295	TAT	0.08698152005672455	1	moderate	moderate	0.022	False	user_msa
Drosophila_pseudoobscura_Drosophila_pseudoobscura__Act5C__XP_001354857.1	360	360	360	295	TAC	0.079548679292202	1	moderate	moderate	0.022	False	user_msa
Drosophila_sechellia_Drosophila_sechellia__Act5C__XP_002036849.1	360	360	360	295	TAT	0.08698152005672455	1	moderate	moderate	0.022	False	user_msa
Drosophila_simulans_Drosophila_simulans__LOC6725225__XP_016038239.1	360	360	360	295	TAT	0.08698152005672455	1	moderate	moderate	0.022	False	user_msa
Drosophila_subobscura_Drosophila_subobscura__LOC117903845__XP_034672195.1	360	360	360	295	TAC	0.079548679292202	1	moderate	moderate	0.022	False	user_msa
Drosophila_suzukii_Drosophila_suzukii__Act5C__XP_065724039.1	360	360	360	295	TAT	0.08698152005672455	1	moderate	moderate	0.022	False	user_msa
Drosophila_virilis_Drosophila_virilis__Act5C__XP_002059576.1	360	360	360	295	TAT	0.08698152005672455	1	moderate	moderate	0.022	False	user_msa
Drosophila_willistoni_Drosophila_willistoni__LOC6641346__XP_023031150.1	360	360	360	295	TAT	0.08698152005672455	1	moderate	moderate	0.022	False	user_msa
Drosophila_yakuba_Drosophila_yakuba__LOC6525488__XP_002101323.1	360	360	360	295	TAT	0.08698152005672455	1	moderate	moderate	0.022	False	user_msa
Drosophila_ananassae_Drosophila_ananassae__LOC6504746__XP_032309021.1	361	361	361	296	GCC	0.06920766085386276	1	moderate	moderate	0.022	False	user_msa
Drosophila_biarmipes_Drosophila_biarmipes__LOC108031387__XP_050746516.1	361	361	361	296	GCC	0.06920766085386276	1	moderate	moderate	0.022	False	user_msa
Drosophila_mauritiana_Drosophila_mauritiana__LOC117148789__XP_033172290.1	361	361	361	296	GCC	0.06920766085386276	1	moderate	moderate	0.022	False	user_msa
Drosophila_melanogaster_Drosophila_melanogaster__Act5C__NP_511052.1	361	361	361	296	GCC	0.06920766085386276	1	moderate	moderate	0.022	False	user_msa
Drosophila_pseudoobscura_Drosophila_pseudoobscura__Act5C__XP_001354857.1	361	361	361	296	GCC	0.06920766085386276	1	moderate	moderate	0.022	False	user_msa
Drosophila_sechellia_Drosophila_sechellia__Act5C__XP_002036849.1	361	361	361	296	GCC	0.06920766085386276	1	moderate	moderate	0.022	False	user_msa
Drosophila_simulans_Drosophila_simulans__LOC6725225__XP_016038239.1	361	361	361	296	GCC	0.06920766085386276	1	moderate	moderate	0.022	False	user_msa
Drosophila_subobscura_Drosophila_subobscura__LOC117903845__XP_034672195.1	361	361	361	296	GCC	0.06920766085386276	1	moderate	moderate	0.022	False	user_msa
Drosophila_suzukii_Drosophila_suzukii__Act5C__XP_065724039.1	361	361	361	296	GCC	0.06920766085386276	1	moderate	moderate	0.022	False	user_msa
Drosophila_virilis_Drosophila_virilis__Act5C__XP_002059576.1	361	361	361	296	GCC	0.06920766085386276	1	moderate	moderate	0.022	False	user_msa
Drosophila_willistoni_Drosophila_willistoni__LOC6641346__XP_023031150.1	361	361	361	296	GCC	0.06920766085386276	1	moderate	moderate	0.022	False	user_msa
Drosophila_yakuba_Drosophila_yakuba__LOC6525488__XP_002101323.1	361	361	361	296	GCC	0.06920766085386276	1	moderate	moderate	0.022	False	user_msa
Drosophila_ananassae_Drosophila_ananassae__LOC6504746__XP_032309021.1	362	362	362	297	AAC	0.061448562890291214	1	moderate	moderate	0.022	False	user_msa
Drosophila_biarmipes_Drosophila_biarmipes__LOC108031387__XP_050746516.1	362	362	362	297	AAC	0.061448562890291214	1	moderate	moderate	0.022	False	user_msa
Drosophila_mauritiana_Drosophila_mauritiana__LOC117148789__XP_033172290.1	362	362	362	297	AAC	0.061448562890291214	1	moderate	moderate	0.022	False	user_msa
Drosophila_melanogaster_Drosophila_melanogaster__Act5C__NP_511052.1	362	362	362	297	AAC	0.061448562890291214	1	moderate	moderate	0.022	False	user_msa
Drosophila_pseudoobscura_Drosophila_pseudoobscura__Act5C__XP_001354857.1	362	362	362	297	AAC	0.061448562890291214	1	moderate	moderate	0.022	False	user_msa
Drosophila_sechellia_Drosophila_sechellia__Act5C__XP_002036849.1	362	362	362	297	AAC	0.061448562890291214	1	moderate	moderate	0.022	False	user_msa
Drosophila_simulans_Drosophila_simulans__LOC6725225__XP_016038239.1	362	362	362	297	AAC	0.061448562890291214	1	moderate	moderate	0.022	False	user_msa
Drosophila_subobscura_Drosophila_subobscura__LOC117903845__XP_034672195.1	362	362	362	297	AAC	0.061448562890291214	1	moderate	moderate	0.022	False	user_msa
Drosophila_suzukii_Drosophila_suzukii__Act5C__XP_065724039.1	362	362	362	297	AAC	0.061448562890291214	1	moderate	moderate	0.022	False	user_msa
Drosophila_virilis_Drosophila_virilis__Act5C__XP_002059576.1	362	362	362	297	AAC	0.061448562890291214	1	moderate	moderate	0.022	False	user_msa
Drosophila_willistoni_Drosophila_willistoni__LOC6641346__XP_023031150.1	362	362	362	297	AAC	0.061448562890291214	1	moderate	moderate	0.022	False	user_msa
Drosophila_yakuba_Drosophila_yakuba__LOC6525488__XP_002101323.1	362	362	362	297	AAC	0.061448562890291214	1	moderate	moderate	0.022	False	user_msa
Drosophila_ananassae_Drosophila_ananassae__LOC6504746__XP_032309021.1	363	363	363	298	ACT	0.09196265041828156	1	moderate	moderate	0.022	False	user_msa
Drosophila_biarmipes_Drosophila_biarmipes__LOC108031387__XP_050746516.1	363	363	363	298	ACC	0.08414342254400253	1	moderate	moderate	0.022	False	user_msa
Drosophila_mauritiana_Drosophila_mauritiana__LOC117148789__XP_033172290.1	363	363	363	298	ACC	0.08414342254400253	1	moderate	moderate	0.022	False	user_msa
Drosophila_melanogaster_Drosophila_melanogaster__Act5C__NP_511052.1	363	363	363	298	ACC	0.08414342254400253	1	moderate	moderate	0.022	False	user_msa
Drosophila_pseudoobscura_Drosophila_pseudoobscura__Act5C__XP_001354857.1	363	363	363	298	ACC	0.08414342254400253	1	moderate	moderate	0.022	False	user_msa
Drosophila_sechellia_Drosophila_sechellia__Act5C__XP_002036849.1	363	363	363	298	ACC	0.08414342254400253	1	moderate	moderate	0.022	False	user_msa
Drosophila_simulans_Drosophila_simulans__LOC6725225__XP_016038239.1	363	363	363	298	ACC	0.08414342254400253	1	moderate	moderate	0.022	False	user_msa
Drosophila_subobscura_Drosophila_subobscura__LOC117903845__XP_034672195.1	363	363	363	298	ACC	0.08414342254400253	1	moderate	moderate	0.022	False	user_msa
Drosophila_suzukii_Drosophila_suzukii__Act5C__XP_065724039.1	363	363	363	298	ACC	0.08414342254400253	1	moderate	moderate	0.022	False	user_msa
Drosophila_virilis_Drosophila_virilis__Act5C__XP_002059576.1	363	363	363	298	ACA	0.08132091164588928	1	moderate	moderate	0.022	False	user_msa
Drosophila_willistoni_Drosophila_willistoni__LOC6641346__XP_023031150.1	363	363	363	298	ACT	0.09196265041828156	1	moderate	moderate	0.022	False	user_msa
Drosophila_yakuba_Drosophila_yakuba__LOC6525488__XP_002101323.1	363	363	363	298	ACC	0.08414342254400253	1	moderate	moderate	0.022	False	user_msa
Drosophila_ananassae_Drosophila_ananassae__LOC6504746__XP_032309021.1	364	364	364	299	GTC	0.09822236746549606	1	moderate	moderate	0.022	False	user_msa
Drosophila_biarmipes_Drosophila_biarmipes__LOC108031387__XP_050746516.1	364	364	364	299	GTG	0.10262278467416763	1	moderate	moderate	0.022	False	user_msa
Drosophila_mauritiana_Drosophila_mauritiana__LOC117148789__XP_033172290.1	364	364	364	299	GTG	0.10262278467416763	1	moderate	moderate	0.022	False	user_msa
Drosophila_melanogaster_Drosophila_melanogaster__Act5C__NP_511052.1	364	364	364	299	GTG	0.10262278467416763	1	moderate	moderate	0.022	False	user_msa
Drosophila_pseudoobscura_Drosophila_pseudoobscura__Act5C__XP_001354857.1	364	364	364	299	GTC	0.09822236746549606	1	moderate	moderate	0.022	False	user_msa
Drosophila_sechellia_Drosophila_sechellia__Act5C__XP_002036849.1	364	364	364	299	GTG	0.10262278467416763	1	moderate	moderate	0.022	False	user_msa
Drosophila_simulans_Drosophila_simulans__LOC6725225__XP_016038239.1	364	364	364	299	GTG	0.10262278467416763	1	moderate	moderate	0.022	False	user_msa
Drosophila_subobscura_Drosophila_subobscura__LOC117903845__XP_034672195.1	364	364	364	299	GTC	0.09822236746549606	1	moderate	moderate	0.022	False	user_msa
Drosophila_suzukii_Drosophila_suzukii__Act5C__XP_065724039.1	364	364	364	299	GTG	0.10262278467416763	1	moderate	moderate	0.022	False	user_msa
Drosophila_virilis_Drosophila_virilis__Act5C__XP_002059576.1	364	364	364	299	GTG	0.10262278467416763	1	moderate	moderate	0.022	False	user_msa
Drosophila_willistoni_Drosophila_willistoni__LOC6641346__XP_023031150.1	364	364	364	299	GTT	0.10719691216945648	1	moderate	moderate	0.022	False	user_msa
Drosophila_yakuba_Drosophila_yakuba__LOC6525488__XP_002101323.1	364	364	364	299	GTG	0.10262278467416763	1	moderate	moderate	0.022	False	user_msa
Drosophila_ananassae_Drosophila_ananassae__LOC6504746__XP_032309021.1	365	365	365	300	CTG	0.08037952333688736	1	moderate	moderate	0.022	False	user_msa
Drosophila_biarmipes_Drosophila_biarmipes__LOC108031387__XP_050746516.1	365	365	365	300	CTG	0.08037952333688736	1	moderate	moderate	0.022	False	user_msa
Drosophila_mauritiana_Drosophila_mauritiana__LOC117148789__XP_033172290.1	365	365	365	300	CTG	0.08037952333688736	1	moderate	moderate	0.022	False	user_msa
Drosophila_melanogaster_Drosophila_melanogaster__Act5C__NP_511052.1	365	365	365	300	CTG	0.08037952333688736	1	moderate	moderate	0.022	False	user_msa
Drosophila_pseudoobscura_Drosophila_pseudoobscura__Act5C__XP_001354857.1	365	365	365	300	CTG	0.08037952333688736	1	moderate	moderate	0.022	False	user_msa
Drosophila_sechellia_Drosophila_sechellia__Act5C__XP_002036849.1	365	365	365	300	CTG	0.08037952333688736	1	moderate	moderate	0.022	False	user_msa
Drosophila_simulans_Drosophila_simulans__LOC6725225__XP_016038239.1	365	365	365	300	CTG	0.08037952333688736	1	moderate	moderate	0.022	False	user_msa
Drosophila_subobscura_Drosophila_subobscura__LOC117903845__XP_034672195.1	365	365	365	300	CTG	0.08037952333688736	1	moderate	moderate	0.022	False	user_msa
Drosophila_suzukii_Drosophila_suzukii__Act5C__XP_065724039.1	365	365	365	300	CTG	0.08037952333688736	1	moderate	moderate	0.022	False	user_msa
Drosophila_virilis_Drosophila_virilis__Act5C__XP_002059576.1	365	365	365	300	CTC	0.07688238471746445	1	moderate	moderate	0.022	False	user_msa
Drosophila_willistoni_Drosophila_willistoni__LOC6641346__XP_023031150.1	365	365	365	300	CTG	0.08037952333688736	1	moderate	moderate	0.022	False	user_msa
Drosophila_yakuba_Drosophila_yakuba__LOC6525488__XP_002101323.1	365	365	365	300	CTG	0.08037952333688736	1	moderate	moderate	0.022	False	user_msa
Drosophila_ananassae_Drosophila_ananassae__LOC6504746__XP_032309021.1	366	366	366	301	TCC	0.08530324697494507	1	moderate	moderate	0.022	False	user_msa
Drosophila_biarmipes_Drosophila_biarmipes__LOC108031387__XP_050746516.1	366	366	366	301	TCC	0.08530324697494507	1	moderate	moderate	0.022	False	user_msa
Drosophila_mauritiana_Drosophila_mauritiana__LOC117148789__XP_033172290.1	366	366	366	301	TCC	0.08530324697494507	1	moderate	moderate	0.022	False	user_msa
Drosophila_melanogaster_Drosophila_melanogaster__Act5C__NP_511052.1	366	366	366	301	TCC	0.08530324697494507	1	moderate	moderate	0.022	False	user_msa
Drosophila_pseudoobscura_Drosophila_pseudoobscura__Act5C__XP_001354857.1	366	366	366	301	TCC	0.08530324697494507	1	moderate	moderate	0.022	False	user_msa
Drosophila_sechellia_Drosophila_sechellia__Act5C__XP_002036849.1	366	366	366	301	TCC	0.08530324697494507	1	moderate	moderate	0.022	False	user_msa
Drosophila_simulans_Drosophila_simulans__LOC6725225__XP_016038239.1	366	366	366	301	TCC	0.08530324697494507	1	moderate	moderate	0.022	False	user_msa
Drosophila_subobscura_Drosophila_subobscura__LOC117903845__XP_034672195.1	366	366	366	301	TCC	0.08530324697494507	1	moderate	moderate	0.022	False	user_msa
Drosophila_suzukii_Drosophila_suzukii__Act5C__XP_065724039.1	366	366	366	301	TCT	0.09321930259466171	1	moderate	moderate	0.022	False	user_msa
Drosophila_virilis_Drosophila_virilis__Act5C__XP_002059576.1	366	366	366	301	TCC	0.08530324697494507	1	moderate	moderate	0.022	False	user_msa
Drosophila_willistoni_Drosophila_willistoni__LOC6641346__XP_023031150.1	366	366	366	301	TCC	0.08530324697494507	1	moderate	moderate	0.022	False	user_msa
Drosophila_yakuba_Drosophila_yakuba__LOC6525488__XP_002101323.1	366	366	366	301	TCT	0.09321930259466171	1	moderate	moderate	0.022	False	user_msa
Drosophila_ananassae_Drosophila_ananassae__LOC6504746__XP_032309021.1	367	367	367	302	GGT	0.07075367867946625	1	moderate	moderate	0.022	False	user_msa
Drosophila_biarmipes_Drosophila_biarmipes__LOC108031387__XP_050746516.1	367	367	367	302	GGT	0.07075367867946625	1	moderate	moderate	0.022	False	user_msa
Drosophila_mauritiana_Drosophila_mauritiana__LOC117148789__XP_033172290.1	367	367	367	302	GGT	0.07075367867946625	1	moderate	moderate	0.022	False	user_msa
Drosophila_melanogaster_Drosophila_melanogaster__Act5C__NP_511052.1	367	367	367	302	GGT	0.07075367867946625	1	moderate	moderate	0.022	False	user_msa
Drosophila_pseudoobscura_Drosophila_pseudoobscura__Act5C__XP_001354857.1	367	367	367	302	GGT	0.07075367867946625	1	moderate	moderate	0.022	False	user_msa
Drosophila_sechellia_Drosophila_sechellia__Act5C__XP_002036849.1	367	367	367	302	GGT	0.07075367867946625	1	moderate	moderate	0.022	False	user_msa
Drosophila_simulans_Drosophila_simulans__LOC6725225__XP_016038239.1	367	367	367	302	GGT	0.07075367867946625	1	moderate	moderate	0.022	False	user_msa
Drosophila_subobscura_Drosophila_subobscura__LOC117903845__XP_034672195.1	367	367	367	302	GGT	0.07075367867946625	1	moderate	moderate	0.022	False	user_msa
Drosophila_suzukii_Drosophila_suzukii__Act5C__XP_065724039.1	367	367	367	302	GGT	0.07075367867946625	1	moderate	moderate	0.022	False	user_msa
Drosophila_virilis_Drosophila_virilis__Act5C__XP_002059576.1	367	367	367	302	GGT	0.07075367867946625	1	moderate	moderate	0.022	False	user_msa
Drosophila_willistoni_Drosophila_willistoni__LOC6641346__XP_023031150.1	367	367	367	302	GGT	0.07075367867946625	1	moderate	moderate	0.022	False	user_msa
Drosophila_yakuba_Drosophila_yakuba__LOC6525488__XP_002101323.1	367	367	367	302	GGT	0.07075367867946625	1	moderate	moderate	0.022	False	user_msa
Drosophila_ananassae_Drosophila_ananassae__LOC6504746__XP_032309021.1	368	368	368	303	GGC	0.08215966075658798	1	moderate	moderate	0.022	False	user_msa
Drosophila_biarmipes_Drosophila_biarmipes__LOC108031387__XP_050746516.1	368	368	368	303	GGC	0.08215966075658798	1	moderate	moderate	0.022	False	user_msa
Drosophila_mauritiana_Drosophila_mauritiana__LOC117148789__XP_033172290.1	368	368	368	303	GGC	0.08215966075658798	1	moderate	moderate	0.022	False	user_msa
Drosophila_melanogaster_Drosophila_melanogaster__Act5C__NP_511052.1	368	368	368	303	GGC	0.08215966075658798	1	moderate	moderate	0.022	False	user_msa
Drosophila_pseudoobscura_Drosophila_pseudoobscura__Act5C__XP_001354857.1	368	368	368	303	GGC	0.08215966075658798	1	moderate	moderate	0.022	False	user_msa
Drosophila_sechellia_Drosophila_sechellia__Act5C__XP_002036849.1	368	368	368	303	GGC	0.08215966075658798	1	moderate	moderate	0.022	False	user_msa
Drosophila_simulans_Drosophila_simulans__LOC6725225__XP_016038239.1	368	368	368	303	GGC	0.08215966075658798	1	moderate	moderate	0.022	False	user_msa
Drosophila_subobscura_Drosophila_subobscura__LOC117903845__XP_034672195.1	368	368	368	303	GGC	0.08215966075658798	1	moderate	moderate	0.022	False	user_msa
Drosophila_suzukii_Drosophila_suzukii__Act5C__XP_065724039.1	368	368	368	303	GGC	0.08215966075658798	1	moderate	moderate	0.022	False	user_msa
Drosophila_virilis_Drosophila_virilis__Act5C__XP_002059576.1	368	368	368	303	GGC	0.08215966075658798	1	moderate	moderate	0.022	False	user_msa
Drosophila_willistoni_Drosophila_willistoni__LOC6641346__XP_023031150.1	368	368	368	303	GGT	0.08981262147426605	1	moderate	moderate	0.022	False	user_msa
Drosophila_yakuba_Drosophila_yakuba__LOC6525488__XP_002101323.1	368	368	368	303	GGC	0.08215966075658798	1	moderate	moderate	0.022	False	user_msa
Drosophila_ananassae_Drosophila_ananassae__LOC6504746__XP_032309021.1	369	369	369	304	ACC	0.062327172607183456	1	moderate	moderate	0.022	False	user_msa
Drosophila_biarmipes_Drosophila_biarmipes__LOC108031387__XP_050746516.1	369	369	369	304	ACC	0.062327172607183456	1	moderate	moderate	0.022	False	user_msa
Drosophila_mauritiana_Drosophila_mauritiana__LOC117148789__XP_033172290.1	369	369	369	304	ACC	0.062327172607183456	1	moderate	moderate	0.022	False	user_msa
Drosophila_melanogaster_Drosophila_melanogaster__Act5C__NP_511052.1	369	369	369	304	ACC	0.062327172607183456	1	moderate	moderate	0.022	False	user_msa
Drosophila_pseudoobscura_Drosophila_pseudoobscura__Act5C__XP_001354857.1	369	369	369	304	ACC	0.062327172607183456	1	moderate	moderate	0.022	False	user_msa
Drosophila_sechellia_Drosophila_sechellia__Act5C__XP_002036849.1	369	369	369	304	ACC	0.062327172607183456	1	moderate	moderate	0.022	False	user_msa
Drosophila_simulans_Drosophila_simulans__LOC6725225__XP_016038239.1	369	369	369	304	ACC	0.062327172607183456	1	moderate	moderate	0.022	False	user_msa
Drosophila_subobscura_Drosophila_subobscura__LOC117903845__XP_034672195.1	369	369	369	304	ACC	0.062327172607183456	1	moderate	moderate	0.022	False	user_msa
Drosophila_suzukii_Drosophila_suzukii__Act5C__XP_065724039.1	369	369	369	304	ACC	0.062327172607183456	1	moderate	moderate	0.022	False	user_msa
Drosophila_virilis_Drosophila_virilis__Act5C__XP_002059576.1	369	369	369	304	ACC	0.062327172607183456	1	moderate	moderate	0.022	False	user_msa
Drosophila_willistoni_Drosophila_willistoni__LOC6641346__XP_023031150.1	369	369	369	304	ACC	0.062327172607183456	1	moderate	moderate	0.022	False	user_msa
Drosophila_yakuba_Drosophila_yakuba__LOC6525488__XP_002101323.1	369	369	369	304	ACC	0.062327172607183456	1	moderate	moderate	0.022	False	user_msa
Drosophila_ananassae_Drosophila_ananassae__LOC6504746__XP_032309021.1	370	370	370	305	ACC	0.06233539059758186	1	moderate	moderate	0.022	False	user_msa
Drosophila_biarmipes_Drosophila_biarmipes__LOC108031387__XP_050746516.1	370	370	370	305	ACC	0.06233539059758186	1	moderate	moderate	0.022	False	user_msa
Drosophila_mauritiana_Drosophila_mauritiana__LOC117148789__XP_033172290.1	370	370	370	305	ACC	0.06233539059758186	1	moderate	moderate	0.022	False	user_msa
Drosophila_melanogaster_Drosophila_melanogaster__Act5C__NP_511052.1	370	370	370	305	ACC	0.06233539059758186	1	moderate	moderate	0.022	False	user_msa
Drosophila_pseudoobscura_Drosophila_pseudoobscura__Act5C__XP_001354857.1	370	370	370	305	ACC	0.06233539059758186	1	moderate	moderate	0.022	False	user_msa
Drosophila_sechellia_Drosophila_sechellia__Act5C__XP_002036849.1	370	370	370	305	ACC	0.06233539059758186	1	moderate	moderate	0.022	False	user_msa
Drosophila_simulans_Drosophila_simulans__LOC6725225__XP_016038239.1	370	370	370	305	ACC	0.06233539059758186	1	moderate	moderate	0.022	False	user_msa
Drosophila_subobscura_Drosophila_subobscura__LOC117903845__XP_034672195.1	370	370	370	305	ACC	0.06233539059758186	1	moderate	moderate	0.022	False	user_msa
Drosophila_suzukii_Drosophila_suzukii__Act5C__XP_065724039.1	370	370	370	305	ACC	0.06233539059758186	1	moderate	moderate	0.022	False	user_msa
Drosophila_virilis_Drosophila_virilis__Act5C__XP_002059576.1	370	370	370	305	ACC	0.06233539059758186	1	moderate	moderate	0.022	False	user_msa
Drosophila_willistoni_Drosophila_willistoni__LOC6641346__XP_023031150.1	370	370	370	305	ACC	0.06233539059758186	1	moderate	moderate	0.022	False	user_msa
Drosophila_yakuba_Drosophila_yakuba__LOC6525488__XP_002101323.1	370	370	370	305	ACC	0.06233539059758186	1	moderate	moderate	0.022	False	user_msa
Drosophila_ananassae_Drosophila_ananassae__LOC6504746__XP_032309021.1	371	371	371	306	ATG	0.06423087418079376	1	moderate	moderate	0.022	False	user_msa
Drosophila_biarmipes_Drosophila_biarmipes__LOC108031387__XP_050746516.1	371	371	371	306	ATG	0.06423087418079376	1	moderate	moderate	0.022	False	user_msa
Drosophila_mauritiana_Drosophila_mauritiana__LOC117148789__XP_033172290.1	371	371	371	306	ATG	0.06423087418079376	1	moderate	moderate	0.022	False	user_msa
Drosophila_melanogaster_Drosophila_melanogaster__Act5C__NP_511052.1	371	371	371	306	ATG	0.06423087418079376	1	moderate	moderate	0.022	False	user_msa
Drosophila_pseudoobscura_Drosophila_pseudoobscura__Act5C__XP_001354857.1	371	371	371	306	ATG	0.06423087418079376	1	moderate	moderate	0.022	False	user_msa
Drosophila_sechellia_Drosophila_sechellia__Act5C__XP_002036849.1	371	371	371	306	ATG	0.06423087418079376	1	moderate	moderate	0.022	False	user_msa
Drosophila_simulans_Drosophila_simulans__LOC6725225__XP_016038239.1	371	371	371	306	ATG	0.06423087418079376	1	moderate	moderate	0.022	False	user_msa
Drosophila_subobscura_Drosophila_subobscura__LOC117903845__XP_034672195.1	371	371	371	306	ATG	0.06423087418079376	1	moderate	moderate	0.022	False	user_msa
Drosophila_suzukii_Drosophila_suzukii__Act5C__XP_065724039.1	371	371	371	306	ATG	0.06423087418079376	1	moderate	moderate	0.022	False	user_msa
Drosophila_virilis_Drosophila_virilis__Act5C__XP_002059576.1	371	371	371	306	ATG	0.06423087418079376	1	moderate	moderate	0.022	False	user_msa
Drosophila_willistoni_Drosophila_willistoni__LOC6641346__XP_023031150.1	371	371	371	306	ATG	0.06423087418079376	1	moderate	moderate	0.022	False	user_msa
Drosophila_yakuba_Drosophila_yakuba__LOC6525488__XP_002101323.1	371	371	371	306	ATG	0.06423087418079376	1	moderate	moderate	0.022	False	user_msa
Drosophila_ananassae_Drosophila_ananassae__LOC6504746__XP_032309021.1	372	372	372	307	TAT	0.09285524487495422	1	moderate	moderate	0.022	False	user_msa
Drosophila_biarmipes_Drosophila_biarmipes__LOC108031387__XP_050746516.1	372	372	372	307	TAC	0.0849672332406044	1	moderate	moderate	0.022	False	user_msa
Drosophila_mauritiana_Drosophila_mauritiana__LOC117148789__XP_033172290.1	372	372	372	307	TAC	0.0849672332406044	1	moderate	moderate	0.022	False	user_msa
Drosophila_melanogaster_Drosophila_melanogaster__Act5C__NP_511052.1	372	372	372	307	TAC	0.0849672332406044	1	moderate	moderate	0.022	False	user_msa
Drosophila_pseudoobscura_Drosophila_pseudoobscura__Act5C__XP_001354857.1	372	372	372	307	TAC	0.0849672332406044	1	moderate	moderate	0.022	False	user_msa
Drosophila_sechellia_Drosophila_sechellia__Act5C__XP_002036849.1	372	372	372	307	TAC	0.0849672332406044	1	moderate	moderate	0.022	False	user_msa
Drosophila_simulans_Drosophila_simulans__LOC6725225__XP_016038239.1	372	372	372	307	TAC	0.0849672332406044	1	moderate	moderate	0.022	False	user_msa
Drosophila_subobscura_Drosophila_subobscura__LOC117903845__XP_034672195.1	372	372	372	307	TAC	0.0849672332406044	1	moderate	moderate	0.022	False	user_msa
Drosophila_suzukii_Drosophila_suzukii__Act5C__XP_065724039.1	372	372	372	307	TAC	0.0849672332406044	1	moderate	moderate	0.022	False	user_msa
Drosophila_virilis_Drosophila_virilis__Act5C__XP_002059576.1	372	372	372	307	TAC	0.0849672332406044	1	moderate	moderate	0.022	False	user_msa
Drosophila_willistoni_Drosophila_willistoni__LOC6641346__XP_023031150.1	372	372	372	307	TAC	0.0849672332406044	1	moderate	moderate	0.022	False	user_msa
Drosophila_yakuba_Drosophila_yakuba__LOC6525488__XP_002101323.1	372	372	372	307	TAC	0.0849672332406044	1	moderate	moderate	0.022	False	user_msa
Drosophila_ananassae_Drosophila_ananassae__LOC6504746__XP_032309021.1	373	373	373	308	CCT	0.09296717494726181	1	moderate	moderate	0.022	False	user_msa
Drosophila_biarmipes_Drosophila_biarmipes__LOC108031387__XP_050746516.1	373	373	373	308	CCT	0.09296717494726181	1	moderate	moderate	0.022	False	user_msa
Drosophila_mauritiana_Drosophila_mauritiana__LOC117148789__XP_033172290.1	373	373	373	308	CCT	0.09296717494726181	1	moderate	moderate	0.022	False	user_msa
Drosophila_melanogaster_Drosophila_melanogaster__Act5C__NP_511052.1	373	373	373	308	CCT	0.09296717494726181	1	moderate	moderate	0.022	False	user_msa
Drosophila_pseudoobscura_Drosophila_pseudoobscura__Act5C__XP_001354857.1	373	373	373	308	CCT	0.09296717494726181	1	moderate	moderate	0.022	False	user_msa
Drosophila_sechellia_Drosophila_sechellia__Act5C__XP_002036849.1	373	373	373	308	CCT	0.09296717494726181	1	moderate	moderate	0.022	False	user_msa
Drosophila_simulans_Drosophila_simulans__LOC6725225__XP_016038239.1	373	373	373	308	CCT	0.09296717494726181	1	moderate	moderate	0.022	False	user_msa
Drosophila_subobscura_Drosophila_subobscura__LOC117903845__XP_034672195.1	373	373	373	308	CCT	0.09296717494726181	1	moderate	moderate	0.022	False	user_msa
Drosophila_suzukii_Drosophila_suzukii__Act5C__XP_065724039.1	373	373	373	308	CCC	0.08507063239812851	1	moderate	moderate	0.022	False	user_msa
Drosophila_virilis_Drosophila_virilis__Act5C__XP_002059576.1	373	373	373	308	CCT	0.09296717494726181	1	moderate	moderate	0.022	False	user_msa
Drosophila_willistoni_Drosophila_willistoni__LOC6641346__XP_023031150.1	373	373	373	308	CCA	0.08227241039276123	1	moderate	moderate	0.022	False	user_msa
Drosophila_yakuba_Drosophila_yakuba__LOC6525488__XP_002101323.1	373	373	373	308	CCT	0.09296717494726181	1	moderate	moderate	0.022	False	user_msa
Drosophila_ananassae_Drosophila_ananassae__LOC6504746__XP_032309021.1	374	374	374	309	GGT	0.1079213097691536	1	moderate	moderate	0.022	False	user_msa
Drosophila_biarmipes_Drosophila_biarmipes__LOC108031387__XP_050746516.1	374	374	374	309	GGC	0.09889295697212219	1	moderate	moderate	0.022	False	user_msa
Drosophila_mauritiana_Drosophila_mauritiana__LOC117148789__XP_033172290.1	374	374	374	309	GGC	0.09889295697212219	1	moderate	moderate	0.022	False	user_msa
Drosophila_melanogaster_Drosophila_melanogaster__Act5C__NP_511052.1	374	374	374	309	GGC	0.09889295697212219	1	moderate	moderate	0.022	False	user_msa
Drosophila_pseudoobscura_Drosophila_pseudoobscura__Act5C__XP_001354857.1	374	374	374	309	GGC	0.09889295697212219	1	moderate	moderate	0.022	False	user_msa
Drosophila_sechellia_Drosophila_sechellia__Act5C__XP_002036849.1	374	374	374	309	GGC	0.09889295697212219	1	moderate	moderate	0.022	False	user_msa
Drosophila_simulans_Drosophila_simulans__LOC6725225__XP_016038239.1	374	374	374	309	GGC	0.09889295697212219	1	moderate	moderate	0.022	False	user_msa
Drosophila_subobscura_Drosophila_subobscura__LOC117903845__XP_034672195.1	374	374	374	309	GGC	0.09889295697212219	1	moderate	moderate	0.022	False	user_msa
Drosophila_suzukii_Drosophila_suzukii__Act5C__XP_065724039.1	374	374	374	309	GGA	0.09463568776845932	1	moderate	moderate	0.022	False	user_msa
Drosophila_virilis_Drosophila_virilis__Act5C__XP_002059576.1	374	374	374	309	GGC	0.09889295697212219	1	moderate	moderate	0.022	False	user_msa
Drosophila_willistoni_Drosophila_willistoni__LOC6641346__XP_023031150.1	374	374	374	309	GGC	0.09889295697212219	1	moderate	moderate	0.022	False	user_msa
Drosophila_yakuba_Drosophila_yakuba__LOC6525488__XP_002101323.1	374	374	374	309	GGC	0.09889295697212219	1	moderate	moderate	0.022	False	user_msa
Drosophila_ananassae_Drosophila_ananassae__LOC6504746__XP_032309021.1	375	375	375	310	ATT	0.0781935527920723	1	moderate	moderate	0.022	False	user_msa
Drosophila_biarmipes_Drosophila_biarmipes__LOC108031387__XP_050746516.1	375	375	375	310	ATC	0.07286666333675385	1	moderate	moderate	0.022	False	user_msa
Drosophila_mauritiana_Drosophila_mauritiana__LOC117148789__XP_033172290.1	375	375	375	310	ATC	0.07286666333675385	1	moderate	moderate	0.022	False	user_msa
Drosophila_melanogaster_Drosophila_melanogaster__Act5C__NP_511052.1	375	375	375	310	ATC	0.07286666333675385	1	moderate	moderate	0.022	False	user_msa
Drosophila_pseudoobscura_Drosophila_pseudoobscura__Act5C__XP_001354857.1	375	375	375	310	ATC	0.07286666333675385	1	moderate	moderate	0.022	False	user_msa
Drosophila_sechellia_Drosophila_sechellia__Act5C__XP_002036849.1	375	375	375	310	ATC	0.07286666333675385	1	moderate	moderate	0.022	False	user_msa
Drosophila_simulans_Drosophila_simulans__LOC6725225__XP_016038239.1	375	375	375	310	ATC	0.07286666333675385	1	moderate	moderate	0.022	False	user_msa
Drosophila_subobscura_Drosophila_subobscura__LOC117903845__XP_034672195.1	375	375	375	310	ATC	0.07286666333675385	1	moderate	moderate	0.022	False	user_msa
Drosophila_suzukii_Drosophila_suzukii__Act5C__XP_065724039.1	375	375	375	310	ATC	0.07286666333675385	1	moderate	moderate	0.022	False	user_msa
Drosophila_virilis_Drosophila_virilis__Act5C__XP_002059576.1	375	375	375	310	ATT	0.0781935527920723	1	moderate	moderate	0.022	False	user_msa
Drosophila_willistoni_Drosophila_willistoni__LOC6641346__XP_023031150.1	375	375	375	310	ATT	0.0781935527920723	1	moderate	moderate	0.022	False	user_msa
Drosophila_yakuba_Drosophila_yakuba__LOC6525488__XP_002101323.1	375	375	375	310	ATC	0.07286666333675385	1	moderate	moderate	0.022	False	user_msa
Drosophila_ananassae_Drosophila_ananassae__LOC6504746__XP_032309021.1	376	376	376	311	GCC	0.07985338568687439	1	moderate	moderate	0.022	False	user_msa
Drosophila_biarmipes_Drosophila_biarmipes__LOC108031387__XP_050746516.1	376	376	376	311	GCC	0.07985338568687439	1	moderate	moderate	0.022	False	user_msa
Drosophila_mauritiana_Drosophila_mauritiana__LOC117148789__XP_033172290.1	376	376	376	311	GCC	0.07985338568687439	1	moderate	moderate	0.022	False	user_msa
Drosophila_melanogaster_Drosophila_melanogaster__Act5C__NP_511052.1	376	376	376	311	GCC	0.07985338568687439	1	moderate	moderate	0.022	False	user_msa
Drosophila_pseudoobscura_Drosophila_pseudoobscura__Act5C__XP_001354857.1	376	376	376	311	GCC	0.07985338568687439	1	moderate	moderate	0.022	False	user_msa
Drosophila_sechellia_Drosophila_sechellia__Act5C__XP_002036849.1	376	376	376	311	GCC	0.07985338568687439	1	moderate	moderate	0.022	False	user_msa
Drosophila_simulans_Drosophila_simulans__LOC6725225__XP_016038239.1	376	376	376	311	GCC	0.07985338568687439	1	moderate	moderate	0.022	False	user_msa
Drosophila_subobscura_Drosophila_subobscura__LOC117903845__XP_034672195.1	376	376	376	311	GCC	0.07985338568687439	1	moderate	moderate	0.022	False	user_msa
Drosophila_suzukii_Drosophila_suzukii__Act5C__XP_065724039.1	376	376	376	311	GCC	0.07985338568687439	1	moderate	moderate	0.022	False	user_msa
Drosophila_virilis_Drosophila_virilis__Act5C__XP_002059576.1	376	376	376	311	GCT	0.0873119905591011	1	moderate	moderate	0.022	False	user_msa
Drosophila_willistoni_Drosophila_willistoni__LOC6641346__XP_023031150.1	376	376	376	311	GCT	0.0873119905591011	1	moderate	moderate	0.022	False	user_msa
Drosophila_yakuba_Drosophila_yakuba__LOC6525488__XP_002101323.1	376	376	376	311	GCC	0.07985338568687439	1	moderate	moderate	0.022	False	user_msa
Drosophila_ananassae_Drosophila_ananassae__LOC6504746__XP_032309021.1	377	377	377	312	GAT	0.08360496908426285	1	moderate	moderate	0.022	False	user_msa
Drosophila_biarmipes_Drosophila_biarmipes__LOC108031387__XP_050746516.1	377	377	377	312	GAT	0.08360496908426285	1	moderate	moderate	0.022	False	user_msa
Drosophila_mauritiana_Drosophila_mauritiana__LOC117148789__XP_033172290.1	377	377	377	312	GAC	0.07688508182764053	1	moderate	moderate	0.022	False	user_msa
Drosophila_melanogaster_Drosophila_melanogaster__Act5C__NP_511052.1	377	377	377	312	GAC	0.07688508182764053	1	moderate	moderate	0.022	False	user_msa
Drosophila_pseudoobscura_Drosophila_pseudoobscura__Act5C__XP_001354857.1	377	377	377	312	GAT	0.08360496908426285	1	moderate	moderate	0.022	False	user_msa
Drosophila_sechellia_Drosophila_sechellia__Act5C__XP_002036849.1	377	377	377	312	GAC	0.07688508182764053	1	moderate	moderate	0.022	False	user_msa
Drosophila_simulans_Drosophila_simulans__LOC6725225__XP_016038239.1	377	377	377	312	GAC	0.07688508182764053	1	moderate	moderate	0.022	False	user_msa
Drosophila_subobscura_Drosophila_subobscura__LOC117903845__XP_034672195.1	377	377	377	312	GAT	0.08360496908426285	1	moderate	moderate	0.022	False	user_msa
Drosophila_suzukii_Drosophila_suzukii__Act5C__XP_065724039.1	377	377	377	312	GAC	0.07688508182764053	1	moderate	moderate	0.022	False	user_msa
Drosophila_virilis_Drosophila_virilis__Act5C__XP_002059576.1	377	377	377	312	GAT	0.08360496908426285	1	moderate	moderate	0.022	False	user_msa
Drosophila_willistoni_Drosophila_willistoni__LOC6641346__XP_023031150.1	377	377	377	312	GAC	0.07688508182764053	1	moderate	moderate	0.022	False	user_msa
Drosophila_yakuba_Drosophila_yakuba__LOC6525488__XP_002101323.1	377	377	377	312	GAC	0.07688508182764053	1	moderate	moderate	0.022	False	user_msa
Drosophila_ananassae_Drosophila_ananassae__LOC6504746__XP_032309021.1	378	378	378	313	CGT	0.07903813570737839	1	moderate	moderate	0.022	False	user_msa
Drosophila_biarmipes_Drosophila_biarmipes__LOC108031387__XP_050746516.1	378	378	378	313	CGT	0.07903813570737839	1	moderate	moderate	0.022	False	user_msa
Drosophila_mauritiana_Drosophila_mauritiana__LOC117148789__XP_033172290.1	378	378	378	313	CGT	0.07903813570737839	1	moderate	moderate	0.022	False	user_msa
Drosophila_melanogaster_Drosophila_melanogaster__Act5C__NP_511052.1	378	378	378	313	CGT	0.07903813570737839	1	moderate	moderate	0.022	False	user_msa
Drosophila_pseudoobscura_Drosophila_pseudoobscura__Act5C__XP_001354857.1	378	378	378	313	CGC	0.07358811050653458	1	moderate	moderate	0.022	False	user_msa
Drosophila_sechellia_Drosophila_sechellia__Act5C__XP_002036849.1	378	378	378	313	CGT	0.07903813570737839	1	moderate	moderate	0.022	False	user_msa
Drosophila_simulans_Drosophila_simulans__LOC6725225__XP_016038239.1	378	378	378	313	CGT	0.07903813570737839	1	moderate	moderate	0.022	False	user_msa
Drosophila_subobscura_Drosophila_subobscura__LOC117903845__XP_034672195.1	378	378	378	313	CGC	0.07358811050653458	1	moderate	moderate	0.022	False	user_msa
Drosophila_suzukii_Drosophila_suzukii__Act5C__XP_065724039.1	378	378	378	313	CGT	0.07903813570737839	1	moderate	moderate	0.022	False	user_msa
Drosophila_virilis_Drosophila_virilis__Act5C__XP_002059576.1	378	378	378	313	CGC	0.07358811050653458	1	moderate	moderate	0.022	False	user_msa
Drosophila_willistoni_Drosophila_willistoni__LOC6641346__XP_023031150.1	378	378	378	313	CGT	0.07903813570737839	1	moderate	moderate	0.022	False	user_msa
Drosophila_yakuba_Drosophila_yakuba__LOC6525488__XP_002101323.1	378	378	378	313	CGT	0.07903813570737839	1	moderate	moderate	0.022	False	user_msa
Drosophila_ananassae_Drosophila_ananassae__LOC6504746__XP_032309021.1	379	379	379	314	ATG	0.06429844349622726	1	moderate	moderate	0.022	False	user_msa
Drosophila_biarmipes_Drosophila_biarmipes__LOC108031387__XP_050746516.1	379	379	379	314	ATG	0.06429844349622726	1	moderate	moderate	0.022	False	user_msa
Drosophila_mauritiana_Drosophila_mauritiana__LOC117148789__XP_033172290.1	379	379	379	314	ATG	0.06429844349622726	1	moderate	moderate	0.022	False	user_msa
Drosophila_melanogaster_Drosophila_melanogaster__Act5C__NP_511052.1	379	379	379	314	ATG	0.06429844349622726	1	moderate	moderate	0.022	False	user_msa
Drosophila_pseudoobscura_Drosophila_pseudoobscura__Act5C__XP_001354857.1	379	379	379	314	ATG	0.06429844349622726	1	moderate	moderate	0.022	False	user_msa
Drosophila_sechellia_Drosophila_sechellia__Act5C__XP_002036849.1	379	379	379	314	ATG	0.06429844349622726	1	moderate	moderate	0.022	False	user_msa
Drosophila_simulans_Drosophila_simulans__LOC6725225__XP_016038239.1	379	379	379	314	ATG	0.06429844349622726	1	moderate	moderate	0.022	False	user_msa
Drosophila_subobscura_Drosophila_subobscura__LOC117903845__XP_034672195.1	379	379	379	314	ATG	0.06429844349622726	1	moderate	moderate	0.022	False	user_msa
Drosophila_suzukii_Drosophila_suzukii__Act5C__XP_065724039.1	379	379	379	314	ATG	0.06429844349622726	1	moderate	moderate	0.022	False	user_msa
Drosophila_virilis_Drosophila_virilis__Act5C__XP_002059576.1	379	379	379	314	ATG	0.06429844349622726	1	moderate	moderate	0.022	False	user_msa
Drosophila_willistoni_Drosophila_willistoni__LOC6641346__XP_023031150.1	379	379	379	314	ATG	0.06429844349622726	1	moderate	moderate	0.022	False	user_msa
Drosophila_yakuba_Drosophila_yakuba__LOC6525488__XP_002101323.1	379	379	379	314	ATG	0.06429844349622726	1	moderate	moderate	0.022	False	user_msa
Drosophila_ananassae_Drosophila_ananassae__LOC6504746__XP_032309021.1	380	380	380	315	CAG	0.06516361236572266	1	moderate	moderate	0.022	False	user_msa
Drosophila_biarmipes_Drosophila_biarmipes__LOC108031387__XP_050746516.1	380	380	380	315	CAG	0.06516361236572266	1	moderate	moderate	0.022	False	user_msa
Drosophila_mauritiana_Drosophila_mauritiana__LOC117148789__XP_033172290.1	380	380	380	315	CAG	0.06516361236572266	1	moderate	moderate	0.022	False	user_msa
Drosophila_melanogaster_Drosophila_melanogaster__Act5C__NP_511052.1	380	380	380	315	CAG	0.06516361236572266	1	moderate	moderate	0.022	False	user_msa
Drosophila_pseudoobscura_Drosophila_pseudoobscura__Act5C__XP_001354857.1	380	380	380	315	CAG	0.06516361236572266	1	moderate	moderate	0.022	False	user_msa
Drosophila_sechellia_Drosophila_sechellia__Act5C__XP_002036849.1	380	380	380	315	CAG	0.06516361236572266	1	moderate	moderate	0.022	False	user_msa
Drosophila_simulans_Drosophila_simulans__LOC6725225__XP_016038239.1	380	380	380	315	CAG	0.06516361236572266	1	moderate	moderate	0.022	False	user_msa
Drosophila_subobscura_Drosophila_subobscura__LOC117903845__XP_034672195.1	380	380	380	315	CAG	0.06516361236572266	1	moderate	moderate	0.022	False	user_msa
Drosophila_suzukii_Drosophila_suzukii__Act5C__XP_065724039.1	380	380	380	315	CAG	0.06516361236572266	1	moderate	moderate	0.022	False	user_msa
Drosophila_virilis_Drosophila_virilis__Act5C__XP_002059576.1	380	380	380	315	CAG	0.06516361236572266	1	moderate	moderate	0.022	False	user_msa
Drosophila_willistoni_Drosophila_willistoni__LOC6641346__XP_023031150.1	380	380	380	315	CAG	0.06516361236572266	1	moderate	moderate	0.022	False	user_msa
Drosophila_yakuba_Drosophila_yakuba__LOC6525488__XP_002101323.1	380	380	380	315	CAG	0.06516361236572266	1	moderate	moderate	0.022	False	user_msa
Drosophila_ananassae_Drosophila_ananassae__LOC6504746__XP_032309021.1	381	381	381	316	AAG	0.06180744245648384	1	moderate	moderate	0.022	False	user_msa
Drosophila_biarmipes_Drosophila_biarmipes__LOC108031387__XP_050746516.1	381	381	381	316	AAG	0.06180744245648384	1	moderate	moderate	0.022	False	user_msa
Drosophila_mauritiana_Drosophila_mauritiana__LOC117148789__XP_033172290.1	381	381	381	316	AAG	0.06180744245648384	1	moderate	moderate	0.022	False	user_msa
Drosophila_melanogaster_Drosophila_melanogaster__Act5C__NP_511052.1	381	381	381	316	AAG	0.06180744245648384	1	moderate	moderate	0.022	False	user_msa
Drosophila_pseudoobscura_Drosophila_pseudoobscura__Act5C__XP_001354857.1	381	381	381	316	AAG	0.06180744245648384	1	moderate	moderate	0.022	False	user_msa
Drosophila_sechellia_Drosophila_sechellia__Act5C__XP_002036849.1	381	381	381	316	AAG	0.06180744245648384	1	moderate	moderate	0.022	False	user_msa
Drosophila_simulans_Drosophila_simulans__LOC6725225__XP_016038239.1	381	381	381	316	AAG	0.06180744245648384	1	moderate	moderate	0.022	False	user_msa
Drosophila_subobscura_Drosophila_subobscura__LOC117903845__XP_034672195.1	381	381	381	316	AAG	0.06180744245648384	1	moderate	moderate	0.022	False	user_msa
Drosophila_suzukii_Drosophila_suzukii__Act5C__XP_065724039.1	381	381	381	316	AAG	0.06180744245648384	1	moderate	moderate	0.022	False	user_msa
Drosophila_virilis_Drosophila_virilis__Act5C__XP_002059576.1	381	381	381	316	AAG	0.06180744245648384	1	moderate	moderate	0.022	False	user_msa
Drosophila_willistoni_Drosophila_willistoni__LOC6641346__XP_023031150.1	381	381	381	316	AAG	0.06180744245648384	1	moderate	moderate	0.022	False	user_msa
Drosophila_yakuba_Drosophila_yakuba__LOC6525488__XP_002101323.1	381	381	381	316	AAG	0.06180744245648384	1	moderate	moderate	0.022	False	user_msa
Drosophila_ananassae_Drosophila_ananassae__LOC6504746__XP_032309021.1	382	382	382	317	GAG	0.08109113574028015	1	moderate	moderate	0.022	False	user_msa
Drosophila_biarmipes_Drosophila_biarmipes__LOC108031387__XP_050746516.1	382	382	382	317	GAG	0.08109113574028015	1	moderate	moderate	0.022	False	user_msa
Drosophila_mauritiana_Drosophila_mauritiana__LOC117148789__XP_033172290.1	382	382	382	317	GAG	0.08109113574028015	1	moderate	moderate	0.022	False	user_msa
Drosophila_melanogaster_Drosophila_melanogaster__Act5C__NP_511052.1	382	382	382	317	GAG	0.08109113574028015	1	moderate	moderate	0.022	False	user_msa
Drosophila_pseudoobscura_Drosophila_pseudoobscura__Act5C__XP_001354857.1	382	382	382	317	GAG	0.08109113574028015	1	moderate	moderate	0.022	False	user_msa
Drosophila_sechellia_Drosophila_sechellia__Act5C__XP_002036849.1	382	382	382	317	GAG	0.08109113574028015	1	moderate	moderate	0.022	False	user_msa
Drosophila_simulans_Drosophila_simulans__LOC6725225__XP_016038239.1	382	382	382	317	GAG	0.08109113574028015	1	moderate	moderate	0.022	False	user_msa
Drosophila_subobscura_Drosophila_subobscura__LOC117903845__XP_034672195.1	382	382	382	317	GAG	0.08109113574028015	1	moderate	moderate	0.022	False	user_msa
Drosophila_suzukii_Drosophila_suzukii__Act5C__XP_065724039.1	382	382	382	317	GAG	0.08109113574028015	1	moderate	moderate	0.022	False	user_msa
Drosophila_virilis_Drosophila_virilis__Act5C__XP_002059576.1	382	382	382	317	GAG	0.08109113574028015	1	moderate	moderate	0.022	False	user_msa
Drosophila_willistoni_Drosophila_willistoni__LOC6641346__XP_023031150.1	382	382	382	317	GAA	0.07499630004167557	1	moderate	moderate	0.022	False	user_msa
Drosophila_yakuba_Drosophila_yakuba__LOC6525488__XP_002101323.1	382	382	382	317	GAG	0.08109113574028015	1	moderate	moderate	0.022	False	user_msa
Drosophila_ananassae_Drosophila_ananassae__LOC6504746__XP_032309021.1	383	383	383	318	ATC	0.06411968916654587	1	moderate	moderate	0.022	False	user_msa
Drosophila_biarmipes_Drosophila_biarmipes__LOC108031387__XP_050746516.1	383	383	383	318	ATC	0.06411968916654587	1	moderate	moderate	0.022	False	user_msa
Drosophila_mauritiana_Drosophila_mauritiana__LOC117148789__XP_033172290.1	383	383	383	318	ATC	0.06411968916654587	1	moderate	moderate	0.022	False	user_msa
Drosophila_melanogaster_Drosophila_melanogaster__Act5C__NP_511052.1	383	383	383	318	ATC	0.06411968916654587	1	moderate	moderate	0.022	False	user_msa
Drosophila_pseudoobscura_Drosophila_pseudoobscura__Act5C__XP_001354857.1	383	383	383	318	ATC	0.06411968916654587	1	moderate	moderate	0.022	False	user_msa
Drosophila_sechellia_Drosophila_sechellia__Act5C__XP_002036849.1	383	383	383	318	ATC	0.06411968916654587	1	moderate	moderate	0.022	False	user_msa
Drosophila_simulans_Drosophila_simulans__LOC6725225__XP_016038239.1	383	383	383	318	ATC	0.06411968916654587	1	moderate	moderate	0.022	False	user_msa
Drosophila_subobscura_Drosophila_subobscura__LOC117903845__XP_034672195.1	383	383	383	318	ATC	0.06411968916654587	1	moderate	moderate	0.022	False	user_msa
Drosophila_suzukii_Drosophila_suzukii__Act5C__XP_065724039.1	383	383	383	318	ATC	0.06411968916654587	1	moderate	moderate	0.022	False	user_msa
Drosophila_virilis_Drosophila_virilis__Act5C__XP_002059576.1	383	383	383	318	ATC	0.06411968916654587	1	moderate	moderate	0.022	False	user_msa
Drosophila_willistoni_Drosophila_willistoni__LOC6641346__XP_023031150.1	383	383	383	318	ATC	0.06411968916654587	1	moderate	moderate	0.022	False	user_msa
Drosophila_yakuba_Drosophila_yakuba__LOC6525488__XP_002101323.1	383	383	383	318	ATC	0.06411968916654587	1	moderate	moderate	0.022	False	user_msa
Drosophila_ananassae_Drosophila_ananassae__LOC6504746__XP_032309021.1	384	384	384	319	ACC	0.07216788828372955	1	moderate	moderate	0.022	False	user_msa
Drosophila_biarmipes_Drosophila_biarmipes__LOC108031387__XP_050746516.1	384	384	384	319	ACC	0.07216788828372955	1	moderate	moderate	0.022	False	user_msa
Drosophila_mauritiana_Drosophila_mauritiana__LOC117148789__XP_033172290.1	384	384	384	319	ACC	0.07216788828372955	1	moderate	moderate	0.022	False	user_msa
Drosophila_melanogaster_Drosophila_melanogaster__Act5C__NP_511052.1	384	384	384	319	ACC	0.07216788828372955	1	moderate	moderate	0.022	False	user_msa
Drosophila_pseudoobscura_Drosophila_pseudoobscura__Act5C__XP_001354857.1	384	384	384	319	ACC	0.07216788828372955	1	moderate	moderate	0.022	False	user_msa
Drosophila_sechellia_Drosophila_sechellia__Act5C__XP_002036849.1	384	384	384	319	ACC	0.07216788828372955	1	moderate	moderate	0.022	False	user_msa
Drosophila_simulans_Drosophila_simulans__LOC6725225__XP_016038239.1	384	384	384	319	ACC	0.07216788828372955	1	moderate	moderate	0.022	False	user_msa
Drosophila_subobscura_Drosophila_subobscura__LOC117903845__XP_034672195.1	384	384	384	319	ACC	0.07216788828372955	1	moderate	moderate	0.022	False	user_msa
Drosophila_suzukii_Drosophila_suzukii__Act5C__XP_065724039.1	384	384	384	319	ACC	0.07216788828372955	1	moderate	moderate	0.022	False	user_msa
Drosophila_virilis_Drosophila_virilis__Act5C__XP_002059576.1	384	384	384	319	ACC	0.07216788828372955	1	moderate	moderate	0.022	False	user_msa
Drosophila_willistoni_Drosophila_willistoni__LOC6641346__XP_023031150.1	384	384	384	319	ACT	0.07739148288965225	1	moderate	moderate	0.022	False	user_msa
Drosophila_yakuba_Drosophila_yakuba__LOC6525488__XP_002101323.1	384	384	384	319	ACC	0.07216788828372955	1	moderate	moderate	0.022	False	user_msa
Drosophila_ananassae_Drosophila_ananassae__LOC6504746__XP_032309021.1	385	385	385	320	GCC	0.0808950886130333	1	moderate	moderate	0.022	False	user_msa
Drosophila_biarmipes_Drosophila_biarmipes__LOC108031387__XP_050746516.1	385	385	385	320	GCC	0.0808950886130333	1	moderate	moderate	0.022	False	user_msa
Drosophila_mauritiana_Drosophila_mauritiana__LOC117148789__XP_033172290.1	385	385	385	320	GCC	0.0808950886130333	1	moderate	moderate	0.022	False	user_msa
Drosophila_melanogaster_Drosophila_melanogaster__Act5C__NP_511052.1	385	385	385	320	GCC	0.0808950886130333	1	moderate	moderate	0.022	False	user_msa
Drosophila_pseudoobscura_Drosophila_pseudoobscura__Act5C__XP_001354857.1	385	385	385	320	GCC	0.0808950886130333	1	moderate	moderate	0.022	False	user_msa
Drosophila_sechellia_Drosophila_sechellia__Act5C__XP_002036849.1	385	385	385	320	GCC	0.0808950886130333	1	moderate	moderate	0.022	False	user_msa
Drosophila_simulans_Drosophila_simulans__LOC6725225__XP_016038239.1	385	385	385	320	GCC	0.0808950886130333	1	moderate	moderate	0.022	False	user_msa
Drosophila_subobscura_Drosophila_subobscura__LOC117903845__XP_034672195.1	385	385	385	320	GCC	0.0808950886130333	1	moderate	moderate	0.022	False	user_msa
Drosophila_suzukii_Drosophila_suzukii__Act5C__XP_065724039.1	385	385	385	320	GCC	0.0808950886130333	1	moderate	moderate	0.022	False	user_msa
Drosophila_virilis_Drosophila_virilis__Act5C__XP_002059576.1	385	385	385	320	GCC	0.0808950886130333	1	moderate	moderate	0.022	False	user_msa
Drosophila_willistoni_Drosophila_willistoni__LOC6641346__XP_023031150.1	385	385	385	320	GCT	0.08844161778688431	1	moderate	moderate	0.022	False	user_msa
Drosophila_yakuba_Drosophila_yakuba__LOC6525488__XP_002101323.1	385	385	385	320	GCC	0.0808950886130333	1	moderate	moderate	0.022	False	user_msa
Drosophila_ananassae_Drosophila_ananassae__LOC6504746__XP_032309021.1	386	386	386	321	CTG	0.05744852498173714	1	moderate	moderate	0.022	False	user_msa
Drosophila_biarmipes_Drosophila_biarmipes__LOC108031387__XP_050746516.1	386	386	386	321	CTG	0.05744852498173714	1	moderate	moderate	0.022	False	user_msa
Drosophila_mauritiana_Drosophila_mauritiana__LOC117148789__XP_033172290.1	386	386	386	321	CTG	0.05744852498173714	1	moderate	moderate	0.022	False	user_msa
Drosophila_melanogaster_Drosophila_melanogaster__Act5C__NP_511052.1	386	386	386	321	CTG	0.05744852498173714	1	moderate	moderate	0.022	False	user_msa
Drosophila_pseudoobscura_Drosophila_pseudoobscura__Act5C__XP_001354857.1	386	386	386	321	CTG	0.05744852498173714	1	moderate	moderate	0.022	False	user_msa
Drosophila_sechellia_Drosophila_sechellia__Act5C__XP_002036849.1	386	386	386	321	CTG	0.05744852498173714	1	moderate	moderate	0.022	False	user_msa
Drosophila_simulans_Drosophila_simulans__LOC6725225__XP_016038239.1	386	386	386	321	CTG	0.05744852498173714	1	moderate	moderate	0.022	False	user_msa
Drosophila_subobscura_Drosophila_subobscura__LOC117903845__XP_034672195.1	386	386	386	321	CTG	0.05744852498173714	1	moderate	moderate	0.022	False	user_msa
Drosophila_suzukii_Drosophila_suzukii__Act5C__XP_065724039.1	386	386	386	321	CTG	0.05744852498173714	1	moderate	moderate	0.022	False	user_msa
Drosophila_virilis_Drosophila_virilis__Act5C__XP_002059576.1	386	386	386	321	TTG	0.15955515205860138	1	moderate	moderate	0.022	False	user_msa
Drosophila_willistoni_Drosophila_willistoni__LOC6641346__XP_023031150.1	386	386	386	321	CTG	0.05744852498173714	1	moderate	moderate	0.022	False	user_msa
Drosophila_yakuba_Drosophila_yakuba__LOC6525488__XP_002101323.1	386	386	386	321	TTG	0.15955515205860138	1	moderate	moderate	0.022	False	user_msa
Drosophila_ananassae_Drosophila_ananassae__LOC6504746__XP_032309021.1	387	387	387	322	GCC	0.08288972824811935	1	moderate	moderate	0.022	False	user_msa
Drosophila_biarmipes_Drosophila_biarmipes__LOC108031387__XP_050746516.1	387	387	387	322	GCC	0.08288972824811935	1	moderate	moderate	0.022	False	user_msa
Drosophila_mauritiana_Drosophila_mauritiana__LOC117148789__XP_033172290.1	387	387	387	322	GCC	0.08288972824811935	1	moderate	moderate	0.022	False	user_msa
Drosophila_melanogaster_Drosophila_melanogaster__Act5C__NP_511052.1	387	387	387	322	GCA	0.07926078140735626	1	moderate	moderate	0.022	False	user_msa
Drosophila_pseudoobscura_Drosophila_pseudoobscura__Act5C__XP_001354857.1	387	387	387	322	GCC	0.08288972824811935	1	moderate	moderate	0.022	False	user_msa
Drosophila_sechellia_Drosophila_sechellia__Act5C__XP_002036849.1	387	387	387	322	GCC	0.08288972824811935	1	moderate	moderate	0.022	False	user_msa
Drosophila_simulans_Drosophila_simulans__LOC6725225__XP_016038239.1	387	387	387	322	GCC	0.08288972824811935	1	moderate	moderate	0.022	False	user_msa
Drosophila_subobscura_Drosophila_subobscura__LOC117903845__XP_034672195.1	387	387	387	322	GCC	0.08288972824811935	1	moderate	moderate	0.022	False	user_msa
Drosophila_suzukii_Drosophila_suzukii__Act5C__XP_065724039.1	387	387	387	322	GCC	0.08288972824811935	1	moderate	moderate	0.022	False	user_msa
Drosophila_virilis_Drosophila_virilis__Act5C__XP_002059576.1	387	387	387	322	GCC	0.08288972824811935	1	moderate	moderate	0.022	False	user_msa
Drosophila_willistoni_Drosophila_willistoni__LOC6641346__XP_023031150.1	387	387	387	322	GCC	0.08288972824811935	1	moderate	moderate	0.022	False	user_msa
Drosophila_yakuba_Drosophila_yakuba__LOC6525488__XP_002101323.1	387	387	387	322	GCC	0.08288972824811935	1	moderate	moderate	0.022	False	user_msa
Drosophila_ananassae_Drosophila_ananassae__LOC6504746__XP_032309021.1	388	388	388	323	CCG	0.09436487406492233	1	moderate	moderate	0.022	False	user_msa
Drosophila_biarmipes_Drosophila_biarmipes__LOC108031387__XP_050746516.1	388	388	388	323	CCG	0.09436487406492233	1	moderate	moderate	0.022	False	user_msa
Drosophila_mauritiana_Drosophila_mauritiana__LOC117148789__XP_033172290.1	388	388	388	323	CCG	0.09436487406492233	1	moderate	moderate	0.022	False	user_msa
Drosophila_melanogaster_Drosophila_melanogaster__Act5C__NP_511052.1	388	388	388	323	CCG	0.09436487406492233	1	moderate	moderate	0.022	False	user_msa
Drosophila_pseudoobscura_Drosophila_pseudoobscura__Act5C__XP_001354857.1	388	388	388	323	CCA	0.08636077493429184	1	moderate	moderate	0.022	False	user_msa
Drosophila_sechellia_Drosophila_sechellia__Act5C__XP_002036849.1	388	388	388	323	CCG	0.09436487406492233	1	moderate	moderate	0.022	False	user_msa
Drosophila_simulans_Drosophila_simulans__LOC6725225__XP_016038239.1	388	388	388	323	CCG	0.09436487406492233	1	moderate	moderate	0.022	False	user_msa
Drosophila_subobscura_Drosophila_subobscura__LOC117903845__XP_034672195.1	388	388	388	323	CCA	0.08636077493429184	1	moderate	moderate	0.022	False	user_msa
Drosophila_suzukii_Drosophila_suzukii__Act5C__XP_065724039.1	388	388	388	323	CCA	0.08636077493429184	1	moderate	moderate	0.022	False	user_msa
Drosophila_virilis_Drosophila_virilis__Act5C__XP_002059576.1	388	388	388	323	CCA	0.08636077493429184	1	moderate	moderate	0.022	False	user_msa
Drosophila_willistoni_Drosophila_willistoni__LOC6641346__XP_023031150.1	388	388	388	323	CCC	0.09028302878141403	1	moderate	moderate	0.022	False	user_msa
Drosophila_yakuba_Drosophila_yakuba__LOC6525488__XP_002101323.1	388	388	388	323	CCG	0.09436487406492233	1	moderate	moderate	0.022	False	user_msa
Drosophila_ananassae_Drosophila_ananassae__LOC6504746__XP_032309021.1	389	389	389	324	TCC	0.10795821249485016	1	moderate	moderate	0.022	False	user_msa
Drosophila_biarmipes_Drosophila_biarmipes__LOC108031387__XP_050746516.1	389	389	389	324	TCG	0.11148061603307724	1	moderate	moderate	0.022	False	user_msa
Drosophila_mauritiana_Drosophila_mauritiana__LOC117148789__XP_033172290.1	389	389	389	324	TCG	0.11148061603307724	1	moderate	moderate	0.022	False	user_msa
Drosophila_melanogaster_Drosophila_melanogaster__Act5C__NP_511052.1	389	389	389	324	TCG	0.11148061603307724	1	moderate	moderate	0.022	False	user_msa
Drosophila_pseudoobscura_Drosophila_pseudoobscura__Act5C__XP_001354857.1	389	389	389	324	TCA	0.1045338585972786	1	moderate	moderate	0.022	False	user_msa
Drosophila_sechellia_Drosophila_sechellia__Act5C__XP_002036849.1	389	389	389	324	TCG	0.11148061603307724	1	moderate	moderate	0.022	False	user_msa
Drosophila_simulans_Drosophila_simulans__LOC6725225__XP_016038239.1	389	389	389	324	TCG	0.11148061603307724	1	moderate	moderate	0.022	False	user_msa
Drosophila_subobscura_Drosophila_subobscura__LOC117903845__XP_034672195.1	389	389	389	324	TCC	0.10795821249485016	1	moderate	moderate	0.022	False	user_msa
Drosophila_suzukii_Drosophila_suzukii__Act5C__XP_065724039.1	389	389	389	324	TCG	0.11148061603307724	1	moderate	moderate	0.022	False	user_msa
Drosophila_virilis_Drosophila_virilis__Act5C__XP_002059576.1	389	389	389	324	TCC	0.10795821249485016	1	moderate	moderate	0.022	False	user_msa
Drosophila_willistoni_Drosophila_willistoni__LOC6641346__XP_023031150.1	389	389	389	324	AGC	0.002121605910360813	0	below_threshold	moderate	0.022	False	user_msa
Drosophila_yakuba_Drosophila_yakuba__LOC6525488__XP_002101323.1	389	389	389	324	TCG	0.11148061603307724	1	moderate	moderate	0.022	False	user_msa
Drosophila_ananassae_Drosophila_ananassae__LOC6504746__XP_032309021.1	390	390	390	325	ACC	0.062499746680259705	1	moderate	moderate	0.022	False	user_msa
Drosophila_biarmipes_Drosophila_biarmipes__LOC108031387__XP_050746516.1	390	390	390	325	ACC	0.062499746680259705	1	moderate	moderate	0.022	False	user_msa
Drosophila_mauritiana_Drosophila_mauritiana__LOC117148789__XP_033172290.1	390	390	390	325	ACC	0.062499746680259705	1	moderate	moderate	0.022	False	user_msa
Drosophila_melanogaster_Drosophila_melanogaster__Act5C__NP_511052.1	390	390	390	325	ACC	0.062499746680259705	1	moderate	moderate	0.022	False	user_msa
Drosophila_pseudoobscura_Drosophila_pseudoobscura__Act5C__XP_001354857.1	390	390	390	325	ACC	0.062499746680259705	1	moderate	moderate	0.022	False	user_msa
Drosophila_sechellia_Drosophila_sechellia__Act5C__XP_002036849.1	390	390	390	325	ACC	0.062499746680259705	1	moderate	moderate	0.022	False	user_msa
Drosophila_simulans_Drosophila_simulans__LOC6725225__XP_016038239.1	390	390	390	325	ACC	0.062499746680259705	1	moderate	moderate	0.022	False	user_msa
Drosophila_subobscura_Drosophila_subobscura__LOC117903845__XP_034672195.1	390	390	390	325	ACC	0.062499746680259705	1	moderate	moderate	0.022	False	user_msa
Drosophila_suzukii_Drosophila_suzukii__Act5C__XP_065724039.1	390	390	390	325	ACC	0.062499746680259705	1	moderate	moderate	0.022	False	user_msa
Drosophila_virilis_Drosophila_virilis__Act5C__XP_002059576.1	390	390	390	325	ACC	0.062499746680259705	1	moderate	moderate	0.022	False	user_msa
Drosophila_willistoni_Drosophila_willistoni__LOC6641346__XP_023031150.1	390	390	390	325	ACC	0.062499746680259705	1	moderate	moderate	0.022	False	user_msa
Drosophila_yakuba_Drosophila_yakuba__LOC6525488__XP_002101323.1	390	390	390	325	ACC	0.062499746680259705	1	moderate	moderate	0.022	False	user_msa
Drosophila_ananassae_Drosophila_ananassae__LOC6504746__XP_032309021.1	391	391	391	326	ATG	0.06439995020627975	1	moderate	moderate	0.022	False	user_msa
Drosophila_biarmipes_Drosophila_biarmipes__LOC108031387__XP_050746516.1	391	391	391	326	ATG	0.06439995020627975	1	moderate	moderate	0.022	False	user_msa
Drosophila_mauritiana_Drosophila_mauritiana__LOC117148789__XP_033172290.1	391	391	391	326	ATG	0.06439995020627975	1	moderate	moderate	0.022	False	user_msa
Drosophila_melanogaster_Drosophila_melanogaster__Act5C__NP_511052.1	391	391	391	326	ATG	0.06439995020627975	1	moderate	moderate	0.022	False	user_msa
Drosophila_pseudoobscura_Drosophila_pseudoobscura__Act5C__XP_001354857.1	391	391	391	326	ATG	0.06439995020627975	1	moderate	moderate	0.022	False	user_msa
Drosophila_sechellia_Drosophila_sechellia__Act5C__XP_002036849.1	391	391	391	326	ATG	0.06439995020627975	1	moderate	moderate	0.022	False	user_msa
Drosophila_simulans_Drosophila_simulans__LOC6725225__XP_016038239.1	391	391	391	326	ATG	0.06439995020627975	1	moderate	moderate	0.022	False	user_msa
Drosophila_subobscura_Drosophila_subobscura__LOC117903845__XP_034672195.1	391	391	391	326	ATG	0.06439995020627975	1	moderate	moderate	0.022	False	user_msa
Drosophila_suzukii_Drosophila_suzukii__Act5C__XP_065724039.1	391	391	391	326	ATG	0.06439995020627975	1	moderate	moderate	0.022	False	user_msa
Drosophila_virilis_Drosophila_virilis__Act5C__XP_002059576.1	391	391	391	326	ATG	0.06439995020627975	1	moderate	moderate	0.022	False	user_msa
Drosophila_willistoni_Drosophila_willistoni__LOC6641346__XP_023031150.1	391	391	391	326	ATG	0.06439995020627975	1	moderate	moderate	0.022	False	user_msa
Drosophila_yakuba_Drosophila_yakuba__LOC6525488__XP_002101323.1	391	391	391	326	ATG	0.06439995020627975	1	moderate	moderate	0.022	False	user_msa
Drosophila_ananassae_Drosophila_ananassae__LOC6504746__XP_032309021.1	392	392	392	327	AAG	0.061897099018096924	1	moderate	moderate	0.022	False	user_msa
Drosophila_biarmipes_Drosophila_biarmipes__LOC108031387__XP_050746516.1	392	392	392	327	AAG	0.061897099018096924	1	moderate	moderate	0.022	False	user_msa
Drosophila_mauritiana_Drosophila_mauritiana__LOC117148789__XP_033172290.1	392	392	392	327	AAG	0.061897099018096924	1	moderate	moderate	0.022	False	user_msa
Drosophila_melanogaster_Drosophila_melanogaster__Act5C__NP_511052.1	392	392	392	327	AAG	0.061897099018096924	1	moderate	moderate	0.022	False	user_msa
Drosophila_pseudoobscura_Drosophila_pseudoobscura__Act5C__XP_001354857.1	392	392	392	327	AAG	0.061897099018096924	1	moderate	moderate	0.022	False	user_msa
Drosophila_sechellia_Drosophila_sechellia__Act5C__XP_002036849.1	392	392	392	327	AAG	0.061897099018096924	1	moderate	moderate	0.022	False	user_msa
Drosophila_simulans_Drosophila_simulans__LOC6725225__XP_016038239.1	392	392	392	327	AAG	0.061897099018096924	1	moderate	moderate	0.022	False	user_msa
Drosophila_subobscura_Drosophila_subobscura__LOC117903845__XP_034672195.1	392	392	392	327	AAG	0.061897099018096924	1	moderate	moderate	0.022	False	user_msa
Drosophila_suzukii_Drosophila_suzukii__Act5C__XP_065724039.1	392	392	392	327	AAG	0.061897099018096924	1	moderate	moderate	0.022	False	user_msa
Drosophila_virilis_Drosophila_virilis__Act5C__XP_002059576.1	392	392	392	327	AAG	0.061897099018096924	1	moderate	moderate	0.022	False	user_msa
Drosophila_willistoni_Drosophila_willistoni__LOC6641346__XP_023031150.1	392	392	392	327	AAG	0.061897099018096924	1	moderate	moderate	0.022	False	user_msa
Drosophila_yakuba_Drosophila_yakuba__LOC6525488__XP_002101323.1	392	392	392	327	AAG	0.061897099018096924	1	moderate	moderate	0.022	False	user_msa
Drosophila_ananassae_Drosophila_ananassae__LOC6504746__XP_032309021.1	393	393	393	328	ATC	0.06420397758483887	1	moderate	moderate	0.022	False	user_msa
Drosophila_biarmipes_Drosophila_biarmipes__LOC108031387__XP_050746516.1	393	393	393	328	ATC	0.06420397758483887	1	moderate	moderate	0.022	False	user_msa
Drosophila_mauritiana_Drosophila_mauritiana__LOC117148789__XP_033172290.1	393	393	393	328	ATC	0.06420397758483887	1	moderate	moderate	0.022	False	user_msa
Drosophila_melanogaster_Drosophila_melanogaster__Act5C__NP_511052.1	393	393	393	328	ATC	0.06420397758483887	1	moderate	moderate	0.022	False	user_msa
Drosophila_pseudoobscura_Drosophila_pseudoobscura__Act5C__XP_001354857.1	393	393	393	328	ATC	0.06420397758483887	1	moderate	moderate	0.022	False	user_msa
Drosophila_sechellia_Drosophila_sechellia__Act5C__XP_002036849.1	393	393	393	328	ATC	0.06420397758483887	1	moderate	moderate	0.022	False	user_msa
Drosophila_simulans_Drosophila_simulans__LOC6725225__XP_016038239.1	393	393	393	328	ATC	0.06420397758483887	1	moderate	moderate	0.022	False	user_msa
Drosophila_subobscura_Drosophila_subobscura__LOC117903845__XP_034672195.1	393	393	393	328	ATC	0.06420397758483887	1	moderate	moderate	0.022	False	user_msa
Drosophila_suzukii_Drosophila_suzukii__Act5C__XP_065724039.1	393	393	393	328	ATC	0.06420397758483887	1	moderate	moderate	0.022	False	user_msa
Drosophila_virilis_Drosophila_virilis__Act5C__XP_002059576.1	393	393	393	328	ATC	0.06420397758483887	1	moderate	moderate	0.022	False	user_msa
Drosophila_willistoni_Drosophila_willistoni__LOC6641346__XP_023031150.1	393	393	393	328	ATC	0.06420397758483887	1	moderate	moderate	0.022	False	user_msa
Drosophila_yakuba_Drosophila_yakuba__LOC6525488__XP_002101323.1	393	393	393	328	ATC	0.06420397758483887	1	moderate	moderate	0.022	False	user_msa
Drosophila_ananassae_Drosophila_ananassae__LOC6504746__XP_032309021.1	394	394	394	329	AAG	0.06191340088844299	1	moderate	moderate	0.022	False	user_msa
Drosophila_biarmipes_Drosophila_biarmipes__LOC108031387__XP_050746516.1	394	394	394	329	AAG	0.06191340088844299	1	moderate	moderate	0.022	False	user_msa
Drosophila_mauritiana_Drosophila_mauritiana__LOC117148789__XP_033172290.1	394	394	394	329	AAG	0.06191340088844299	1	moderate	moderate	0.022	False	user_msa
Drosophila_melanogaster_Drosophila_melanogaster__Act5C__NP_511052.1	394	394	394	329	AAG	0.06191340088844299	1	moderate	moderate	0.022	False	user_msa
Drosophila_pseudoobscura_Drosophila_pseudoobscura__Act5C__XP_001354857.1	394	394	394	329	AAG	0.06191340088844299	1	moderate	moderate	0.022	False	user_msa
Drosophila_sechellia_Drosophila_sechellia__Act5C__XP_002036849.1	394	394	394	329	AAG	0.06191340088844299	1	moderate	moderate	0.022	False	user_msa
Drosophila_simulans_Drosophila_simulans__LOC6725225__XP_016038239.1	394	394	394	329	AAG	0.06191340088844299	1	moderate	moderate	0.022	False	user_msa
Drosophila_subobscura_Drosophila_subobscura__LOC117903845__XP_034672195.1	394	394	394	329	AAG	0.06191340088844299	1	moderate	moderate	0.022	False	user_msa
Drosophila_suzukii_Drosophila_suzukii__Act5C__XP_065724039.1	394	394	394	329	AAG	0.06191340088844299	1	moderate	moderate	0.022	False	user_msa
Drosophila_virilis_Drosophila_virilis__Act5C__XP_002059576.1	394	394	394	329	AAG	0.06191340088844299	1	moderate	moderate	0.022	False	user_msa
Drosophila_willistoni_Drosophila_willistoni__LOC6641346__XP_023031150.1	394	394	394	329	AAG	0.06191340088844299	1	moderate	moderate	0.022	False	user_msa
Drosophila_yakuba_Drosophila_yakuba__LOC6525488__XP_002101323.1	394	394	394	329	AAG	0.06191340088844299	1	moderate	moderate	0.022	False	user_msa
Drosophila_ananassae_Drosophila_ananassae__LOC6504746__XP_032309021.1	395	395	395	330	ATC	0.06422088295221329	1	moderate	moderate	0.022	False	user_msa
Drosophila_biarmipes_Drosophila_biarmipes__LOC108031387__XP_050746516.1	395	395	395	330	ATC	0.06422088295221329	1	moderate	moderate	0.022	False	user_msa
Drosophila_mauritiana_Drosophila_mauritiana__LOC117148789__XP_033172290.1	395	395	395	330	ATC	0.06422088295221329	1	moderate	moderate	0.022	False	user_msa
Drosophila_melanogaster_Drosophila_melanogaster__Act5C__NP_511052.1	395	395	395	330	ATC	0.06422088295221329	1	moderate	moderate	0.022	False	user_msa
Drosophila_pseudoobscura_Drosophila_pseudoobscura__Act5C__XP_001354857.1	395	395	395	330	ATC	0.06422088295221329	1	moderate	moderate	0.022	False	user_msa
Drosophila_sechellia_Drosophila_sechellia__Act5C__XP_002036849.1	395	395	395	330	ATC	0.06422088295221329	1	moderate	moderate	0.022	False	user_msa
Drosophila_simulans_Drosophila_simulans__LOC6725225__XP_016038239.1	395	395	395	330	ATC	0.06422088295221329	1	moderate	moderate	0.022	False	user_msa
Drosophila_subobscura_Drosophila_subobscura__LOC117903845__XP_034672195.1	395	395	395	330	ATC	0.06422088295221329	1	moderate	moderate	0.022	False	user_msa
Drosophila_suzukii_Drosophila_suzukii__Act5C__XP_065724039.1	395	395	395	330	ATC	0.06422088295221329	1	moderate	moderate	0.022	False	user_msa
Drosophila_virilis_Drosophila_virilis__Act5C__XP_002059576.1	395	395	395	330	ATC	0.06422088295221329	1	moderate	moderate	0.022	False	user_msa
Drosophila_willistoni_Drosophila_willistoni__LOC6641346__XP_023031150.1	395	395	395	330	ATC	0.06422088295221329	1	moderate	moderate	0.022	False	user_msa
Drosophila_yakuba_Drosophila_yakuba__LOC6525488__XP_002101323.1	395	395	395	330	ATC	0.06422088295221329	1	moderate	moderate	0.022	False	user_msa
Drosophila_ananassae_Drosophila_ananassae__LOC6504746__XP_032309021.1	396	396	396	331	ATT	0.06465587764978409	1	moderate	moderate	0.022	False	user_msa
Drosophila_biarmipes_Drosophila_biarmipes__LOC108031387__XP_050746516.1	396	396	396	331	ATT	0.06465587764978409	1	moderate	moderate	0.022	False	user_msa
Drosophila_mauritiana_Drosophila_mauritiana__LOC117148789__XP_033172290.1	396	396	396	331	ATT	0.06465587764978409	1	moderate	moderate	0.022	False	user_msa
Drosophila_melanogaster_Drosophila_melanogaster__Act5C__NP_511052.1	396	396	396	331	ATT	0.06465587764978409	1	moderate	moderate	0.022	False	user_msa
Drosophila_pseudoobscura_Drosophila_pseudoobscura__Act5C__XP_001354857.1	396	396	396	331	ATT	0.06465587764978409	1	moderate	moderate	0.022	False	user_msa
Drosophila_sechellia_Drosophila_sechellia__Act5C__XP_002036849.1	396	396	396	331	ATT	0.06465587764978409	1	moderate	moderate	0.022	False	user_msa
Drosophila_simulans_Drosophila_simulans__LOC6725225__XP_016038239.1	396	396	396	331	ATT	0.06465587764978409	1	moderate	moderate	0.022	False	user_msa
Drosophila_subobscura_Drosophila_subobscura__LOC117903845__XP_034672195.1	396	396	396	331	ATT	0.06465587764978409	1	moderate	moderate	0.022	False	user_msa
Drosophila_suzukii_Drosophila_suzukii__Act5C__XP_065724039.1	396	396	396	331	ATT	0.06465587764978409	1	moderate	moderate	0.022	False	user_msa
Drosophila_virilis_Drosophila_virilis__Act5C__XP_002059576.1	396	396	396	331	ATT	0.06465587764978409	1	moderate	moderate	0.022	False	user_msa
Drosophila_willistoni_Drosophila_willistoni__LOC6641346__XP_023031150.1	396	396	396	331	ATT	0.06465587764978409	1	moderate	moderate	0.022	False	user_msa
Drosophila_yakuba_Drosophila_yakuba__LOC6525488__XP_002101323.1	396	396	396	331	ATT	0.06465587764978409	1	moderate	moderate	0.022	False	user_msa
Drosophila_ananassae_Drosophila_ananassae__LOC6504746__XP_032309021.1	397	397	397	332	GCT	0.10312411189079285	1	moderate	moderate	0.022	False	user_msa
Drosophila_biarmipes_Drosophila_biarmipes__LOC108031387__XP_050746516.1	397	397	397	332	GCC	0.0944545716047287	1	moderate	moderate	0.022	False	user_msa
Drosophila_mauritiana_Drosophila_mauritiana__LOC117148789__XP_033172290.1	397	397	397	332	GCC	0.0944545716047287	1	moderate	moderate	0.022	False	user_msa
Drosophila_melanogaster_Drosophila_melanogaster__Act5C__NP_511052.1	397	397	397	332	GCC	0.0944545716047287	1	moderate	moderate	0.022	False	user_msa
Drosophila_pseudoobscura_Drosophila_pseudoobscura__Act5C__XP_001354857.1	397	397	397	332	GCT	0.10312411189079285	1	moderate	moderate	0.022	False	user_msa
Drosophila_sechellia_Drosophila_sechellia__Act5C__XP_002036849.1	397	397	397	332	GCC	0.0944545716047287	1	moderate	moderate	0.022	False	user_msa
Drosophila_simulans_Drosophila_simulans__LOC6725225__XP_016038239.1	397	397	397	332	GCC	0.0944545716047287	1	moderate	moderate	0.022	False	user_msa
Drosophila_subobscura_Drosophila_subobscura__LOC117903845__XP_034672195.1	397	397	397	332	GCT	0.10312411189079285	1	moderate	moderate	0.022	False	user_msa
Drosophila_suzukii_Drosophila_suzukii__Act5C__XP_065724039.1	397	397	397	332	GCC	0.0944545716047287	1	moderate	moderate	0.022	False	user_msa
Drosophila_virilis_Drosophila_virilis__Act5C__XP_002059576.1	397	397	397	332	GCA	0.09036918729543686	1	moderate	moderate	0.022	False	user_msa
Drosophila_willistoni_Drosophila_willistoni__LOC6641346__XP_023031150.1	397	397	397	332	GCT	0.10312411189079285	1	moderate	moderate	0.022	False	user_msa
Drosophila_yakuba_Drosophila_yakuba__LOC6525488__XP_002101323.1	397	397	397	332	GCC	0.0944545716047287	1	moderate	moderate	0.022	False	user_msa
Drosophila_ananassae_Drosophila_ananassae__LOC6504746__XP_032309021.1	398	398	398	333	CCG	0.09605193138122559	1	moderate	moderate	0.022	False	user_msa
Drosophila_biarmipes_Drosophila_biarmipes__LOC108031387__XP_050746516.1	398	398	398	333	CCG	0.09605193138122559	1	moderate	moderate	0.022	False	user_msa
Drosophila_mauritiana_Drosophila_mauritiana__LOC117148789__XP_033172290.1	398	398	398	333	CCA	0.08791867643594742	1	moderate	moderate	0.022	False	user_msa
Drosophila_melanogaster_Drosophila_melanogaster__Act5C__NP_511052.1	398	398	398	333	CCG	0.09605193138122559	1	moderate	moderate	0.022	False	user_msa
Drosophila_pseudoobscura_Drosophila_pseudoobscura__Act5C__XP_001354857.1	398	398	398	333	CCC	0.09190458059310913	1	moderate	moderate	0.022	False	user_msa
Drosophila_sechellia_Drosophila_sechellia__Act5C__XP_002036849.1	398	398	398	333	CCA	0.08791867643594742	1	moderate	moderate	0.022	False	user_msa
Drosophila_simulans_Drosophila_simulans__LOC6725225__XP_016038239.1	398	398	398	333	CCA	0.08791867643594742	1	moderate	moderate	0.022	False	user_msa
Drosophila_subobscura_Drosophila_subobscura__LOC117903845__XP_034672195.1	398	398	398	333	CCC	0.09190458059310913	1	moderate	moderate	0.022	False	user_msa
Drosophila_suzukii_Drosophila_suzukii__Act5C__XP_065724039.1	398	398	398	333	CCG	0.09605193138122559	1	moderate	moderate	0.022	False	user_msa
Drosophila_virilis_Drosophila_virilis__Act5C__XP_002059576.1	398	398	398	333	CCA	0.08791867643594742	1	moderate	moderate	0.022	False	user_msa
Drosophila_willistoni_Drosophila_willistoni__LOC6641346__XP_023031150.1	398	398	398	333	CCA	0.08791867643594742	1	moderate	moderate	0.022	False	user_msa
Drosophila_yakuba_Drosophila_yakuba__LOC6525488__XP_002101323.1	398	398	398	333	CCA	0.08791867643594742	1	moderate	moderate	0.022	False	user_msa
Drosophila_ananassae_Drosophila_ananassae__LOC6504746__XP_032309021.1	399	399	399	334	CCA	0.06575974076986313	1	moderate	moderate	0.022	False	user_msa
Drosophila_biarmipes_Drosophila_biarmipes__LOC108031387__XP_050746516.1	399	399	399	334	CCA	0.06575974076986313	1	moderate	moderate	0.022	False	user_msa
Drosophila_mauritiana_Drosophila_mauritiana__LOC117148789__XP_033172290.1	399	399	399	334	CCA	0.06575974076986313	1	moderate	moderate	0.022	False	user_msa
Drosophila_melanogaster_Drosophila_melanogaster__Act5C__NP_511052.1	399	399	399	334	CCA	0.06575974076986313	1	moderate	moderate	0.022	False	user_msa
Drosophila_pseudoobscura_Drosophila_pseudoobscura__Act5C__XP_001354857.1	399	399	399	334	CCA	0.06575974076986313	1	moderate	moderate	0.022	False	user_msa
Drosophila_sechellia_Drosophila_sechellia__Act5C__XP_002036849.1	399	399	399	334	CCA	0.06575974076986313	1	moderate	moderate	0.022	False	user_msa
Drosophila_simulans_Drosophila_simulans__LOC6725225__XP_016038239.1	399	399	399	334	CCA	0.06575974076986313	1	moderate	moderate	0.022	False	user_msa
Drosophila_subobscura_Drosophila_subobscura__LOC117903845__XP_034672195.1	399	399	399	334	CCA	0.06575974076986313	1	moderate	moderate	0.022	False	user_msa
Drosophila_suzukii_Drosophila_suzukii__Act5C__XP_065724039.1	399	399	399	334	CCA	0.06575974076986313	1	moderate	moderate	0.022	False	user_msa
Drosophila_virilis_Drosophila_virilis__Act5C__XP_002059576.1	399	399	399	334	CCA	0.06575974076986313	1	moderate	moderate	0.022	False	user_msa
Drosophila_willistoni_Drosophila_willistoni__LOC6641346__XP_023031150.1	399	399	399	334	CCA	0.06575974076986313	1	moderate	moderate	0.022	False	user_msa
Drosophila_yakuba_Drosophila_yakuba__LOC6525488__XP_002101323.1	399	399	399	334	CCA	0.06575974076986313	1	moderate	moderate	0.022	False	user_msa
Drosophila_ananassae_Drosophila_ananassae__LOC6504746__XP_032309021.1	400	400	400	335	GAG	0.06887772679328918	1	moderate	moderate	0.022	False	user_msa
Drosophila_biarmipes_Drosophila_biarmipes__LOC108031387__XP_050746516.1	400	400	400	335	GAG	0.06887772679328918	1	moderate	moderate	0.022	False	user_msa
Drosophila_mauritiana_Drosophila_mauritiana__LOC117148789__XP_033172290.1	400	400	400	335	GAG	0.06887772679328918	1	moderate	moderate	0.022	False	user_msa
Drosophila_melanogaster_Drosophila_melanogaster__Act5C__NP_511052.1	400	400	400	335	GAG	0.06887772679328918	1	moderate	moderate	0.022	False	user_msa
Drosophila_pseudoobscura_Drosophila_pseudoobscura__Act5C__XP_001354857.1	400	400	400	335	GAG	0.06887772679328918	1	moderate	moderate	0.022	False	user_msa
Drosophila_sechellia_Drosophila_sechellia__Act5C__XP_002036849.1	400	400	400	335	GAG	0.06887772679328918	1	moderate	moderate	0.022	False	user_msa
Drosophila_simulans_Drosophila_simulans__LOC6725225__XP_016038239.1	400	400	400	335	GAG	0.06887772679328918	1	moderate	moderate	0.022	False	user_msa
Drosophila_subobscura_Drosophila_subobscura__LOC117903845__XP_034672195.1	400	400	400	335	GAG	0.06887772679328918	1	moderate	moderate	0.022	False	user_msa
Drosophila_suzukii_Drosophila_suzukii__Act5C__XP_065724039.1	400	400	400	335	GAG	0.06887772679328918	1	moderate	moderate	0.022	False	user_msa
Drosophila_virilis_Drosophila_virilis__Act5C__XP_002059576.1	400	400	400	335	GAG	0.06887772679328918	1	moderate	moderate	0.022	False	user_msa
Drosophila_willistoni_Drosophila_willistoni__LOC6641346__XP_023031150.1	400	400	400	335	GAG	0.06887772679328918	1	moderate	moderate	0.022	False	user_msa
Drosophila_yakuba_Drosophila_yakuba__LOC6525488__XP_002101323.1	400	400	400	335	GAG	0.06887772679328918	1	moderate	moderate	0.022	False	user_msa
Drosophila_ananassae_Drosophila_ananassae__LOC6504746__XP_032309021.1	401	401	401	336	CGC	0.07722119987010956	1	moderate	moderate	0.022	False	user_msa
Drosophila_biarmipes_Drosophila_biarmipes__LOC108031387__XP_050746516.1	401	401	401	336	CGC	0.07722119987010956	1	moderate	moderate	0.022	False	user_msa
Drosophila_mauritiana_Drosophila_mauritiana__LOC117148789__XP_033172290.1	401	401	401	336	CGC	0.07722119987010956	1	moderate	moderate	0.022	False	user_msa
Drosophila_melanogaster_Drosophila_melanogaster__Act5C__NP_511052.1	401	401	401	336	CGC	0.07722119987010956	1	moderate	moderate	0.022	False	user_msa
Drosophila_pseudoobscura_Drosophila_pseudoobscura__Act5C__XP_001354857.1	401	401	401	336	CGC	0.07722119987010956	1	moderate	moderate	0.022	False	user_msa
Drosophila_sechellia_Drosophila_sechellia__Act5C__XP_002036849.1	401	401	401	336	CGC	0.07722119987010956	1	moderate	moderate	0.022	False	user_msa
Drosophila_simulans_Drosophila_simulans__LOC6725225__XP_016038239.1	401	401	401	336	CGC	0.07722119987010956	1	moderate	moderate	0.022	False	user_msa
Drosophila_subobscura_Drosophila_subobscura__LOC117903845__XP_034672195.1	401	401	401	336	CGC	0.07722119987010956	1	moderate	moderate	0.022	False	user_msa
Drosophila_suzukii_Drosophila_suzukii__Act5C__XP_065724039.1	401	401	401	336	CGC	0.07722119987010956	1	moderate	moderate	0.022	False	user_msa
Drosophila_virilis_Drosophila_virilis__Act5C__XP_002059576.1	401	401	401	336	CGC	0.07722119987010956	1	moderate	moderate	0.022	False	user_msa
Drosophila_willistoni_Drosophila_willistoni__LOC6641346__XP_023031150.1	401	401	401	336	CGT	0.08423604816198349	1	moderate	moderate	0.022	False	user_msa
Drosophila_yakuba_Drosophila_yakuba__LOC6525488__XP_002101323.1	401	401	401	336	CGC	0.07722119987010956	1	moderate	moderate	0.022	False	user_msa
Drosophila_ananassae_Drosophila_ananassae__LOC6504746__XP_032309021.1	402	402	402	337	AAG	0.07252083718776703	1	moderate	moderate	0.022	False	user_msa
Drosophila_biarmipes_Drosophila_biarmipes__LOC108031387__XP_050746516.1	402	402	402	337	AAG	0.07252083718776703	1	moderate	moderate	0.022	False	user_msa
Drosophila_mauritiana_Drosophila_mauritiana__LOC117148789__XP_033172290.1	402	402	402	337	AAG	0.07252083718776703	1	moderate	moderate	0.022	False	user_msa
Drosophila_melanogaster_Drosophila_melanogaster__Act5C__NP_511052.1	402	402	402	337	AAG	0.07252083718776703	1	moderate	moderate	0.022	False	user_msa
Drosophila_pseudoobscura_Drosophila_pseudoobscura__Act5C__XP_001354857.1	402	402	402	337	AAG	0.07252083718776703	1	moderate	moderate	0.022	False	user_msa
Drosophila_sechellia_Drosophila_sechellia__Act5C__XP_002036849.1	402	402	402	337	AAG	0.07252083718776703	1	moderate	moderate	0.022	False	user_msa
Drosophila_simulans_Drosophila_simulans__LOC6725225__XP_016038239.1	402	402	402	337	AAG	0.07252083718776703	1	moderate	moderate	0.022	False	user_msa
Drosophila_subobscura_Drosophila_subobscura__LOC117903845__XP_034672195.1	402	402	402	337	AAG	0.07252083718776703	1	moderate	moderate	0.022	False	user_msa
Drosophila_suzukii_Drosophila_suzukii__Act5C__XP_065724039.1	402	402	402	337	AAG	0.07252083718776703	1	moderate	moderate	0.022	False	user_msa
Drosophila_virilis_Drosophila_virilis__Act5C__XP_002059576.1	402	402	402	337	AAA	0.06779870390892029	1	moderate	moderate	0.022	False	user_msa
Drosophila_willistoni_Drosophila_willistoni__LOC6641346__XP_023031150.1	402	402	402	337	AAA	0.06779870390892029	1	moderate	moderate	0.022	False	user_msa
Drosophila_yakuba_Drosophila_yakuba__LOC6525488__XP_002101323.1	402	402	402	337	AAG	0.07252083718776703	1	moderate	moderate	0.022	False	user_msa
Drosophila_ananassae_Drosophila_ananassae__LOC6504746__XP_032309021.1	403	403	403	338	TAC	0.07275199145078659	1	moderate	moderate	0.022	False	user_msa
Drosophila_biarmipes_Drosophila_biarmipes__LOC108031387__XP_050746516.1	403	403	403	338	TAC	0.07275199145078659	1	moderate	moderate	0.022	False	user_msa
Drosophila_mauritiana_Drosophila_mauritiana__LOC117148789__XP_033172290.1	403	403	403	338	TAC	0.07275199145078659	1	moderate	moderate	0.022	False	user_msa
Drosophila_melanogaster_Drosophila_melanogaster__Act5C__NP_511052.1	403	403	403	338	TAC	0.07275199145078659	1	moderate	moderate	0.022	False	user_msa
Drosophila_pseudoobscura_Drosophila_pseudoobscura__Act5C__XP_001354857.1	403	403	403	338	TAC	0.07275199145078659	1	moderate	moderate	0.022	False	user_msa
Drosophila_sechellia_Drosophila_sechellia__Act5C__XP_002036849.1	403	403	403	338	TAC	0.07275199145078659	1	moderate	moderate	0.022	False	user_msa
Drosophila_simulans_Drosophila_simulans__LOC6725225__XP_016038239.1	403	403	403	338	TAC	0.07275199145078659	1	moderate	moderate	0.022	False	user_msa
Drosophila_subobscura_Drosophila_subobscura__LOC117903845__XP_034672195.1	403	403	403	338	TAC	0.07275199145078659	1	moderate	moderate	0.022	False	user_msa
Drosophila_suzukii_Drosophila_suzukii__Act5C__XP_065724039.1	403	403	403	338	TAC	0.07275199145078659	1	moderate	moderate	0.022	False	user_msa
Drosophila_virilis_Drosophila_virilis__Act5C__XP_002059576.1	403	403	403	338	TAC	0.07275199145078659	1	moderate	moderate	0.022	False	user_msa
Drosophila_willistoni_Drosophila_willistoni__LOC6641346__XP_023031150.1	403	403	403	338	TAC	0.07275199145078659	1	moderate	moderate	0.022	False	user_msa
Drosophila_yakuba_Drosophila_yakuba__LOC6525488__XP_002101323.1	403	403	403	338	TAC	0.07275199145078659	1	moderate	moderate	0.022	False	user_msa
Drosophila_ananassae_Drosophila_ananassae__LOC6504746__XP_032309021.1	404	404	404	339	TCT	0.08897195011377335	1	moderate	moderate	0.022	False	user_msa
Drosophila_biarmipes_Drosophila_biarmipes__LOC108031387__XP_050746516.1	404	404	404	339	TCT	0.08897195011377335	1	moderate	moderate	0.022	False	user_msa
Drosophila_mauritiana_Drosophila_mauritiana__LOC117148789__XP_033172290.1	404	404	404	339	TCT	0.08897195011377335	1	moderate	moderate	0.022	False	user_msa
Drosophila_melanogaster_Drosophila_melanogaster__Act5C__NP_511052.1	404	404	404	339	TCT	0.08897195011377335	1	moderate	moderate	0.022	False	user_msa
Drosophila_pseudoobscura_Drosophila_pseudoobscura__Act5C__XP_001354857.1	404	404	404	339	TCC	0.08138420432806015	1	moderate	moderate	0.022	False	user_msa
Drosophila_sechellia_Drosophila_sechellia__Act5C__XP_002036849.1	404	404	404	339	TCT	0.08897195011377335	1	moderate	moderate	0.022	False	user_msa
Drosophila_simulans_Drosophila_simulans__LOC6725225__XP_016038239.1	404	404	404	339	TCT	0.08897195011377335	1	moderate	moderate	0.022	False	user_msa
Drosophila_subobscura_Drosophila_subobscura__LOC117903845__XP_034672195.1	404	404	404	339	TCC	0.08138420432806015	1	moderate	moderate	0.022	False	user_msa
Drosophila_suzukii_Drosophila_suzukii__Act5C__XP_065724039.1	404	404	404	339	TCT	0.08897195011377335	1	moderate	moderate	0.022	False	user_msa
Drosophila_virilis_Drosophila_virilis__Act5C__XP_002059576.1	404	404	404	339	TCT	0.08897195011377335	1	moderate	moderate	0.022	False	user_msa
Drosophila_willistoni_Drosophila_willistoni__LOC6641346__XP_023031150.1	404	404	404	339	TCC	0.08138420432806015	1	moderate	moderate	0.022	False	user_msa
Drosophila_yakuba_Drosophila_yakuba__LOC6525488__XP_002101323.1	404	404	404	339	TCT	0.08897195011377335	1	moderate	moderate	0.022	False	user_msa
Drosophila_ananassae_Drosophila_ananassae__LOC6504746__XP_032309021.1	405	405	405	340	GTA	0.08221828937530518	1	moderate	moderate	0.022	False	user_msa
Drosophila_biarmipes_Drosophila_biarmipes__LOC108031387__XP_050746516.1	405	405	405	340	GTC	0.08596993237733841	1	moderate	moderate	0.022	False	user_msa
Drosophila_mauritiana_Drosophila_mauritiana__LOC117148789__XP_033172290.1	405	405	405	340	GTC	0.08596993237733841	1	moderate	moderate	0.022	False	user_msa
Drosophila_melanogaster_Drosophila_melanogaster__Act5C__NP_511052.1	405	405	405	340	GTC	0.08596993237733841	1	moderate	moderate	0.022	False	user_msa
Drosophila_pseudoobscura_Drosophila_pseudoobscura__Act5C__XP_001354857.1	405	405	405	340	GTC	0.08596993237733841	1	moderate	moderate	0.022	False	user_msa
Drosophila_sechellia_Drosophila_sechellia__Act5C__XP_002036849.1	405	405	405	340	GTC	0.08596993237733841	1	moderate	moderate	0.022	False	user_msa
Drosophila_simulans_Drosophila_simulans__LOC6725225__XP_016038239.1	405	405	405	340	GTC	0.08596993237733841	1	moderate	moderate	0.022	False	user_msa
Drosophila_subobscura_Drosophila_subobscura__LOC117903845__XP_034672195.1	405	405	405	340	GTC	0.08596993237733841	1	moderate	moderate	0.022	False	user_msa
Drosophila_suzukii_Drosophila_suzukii__Act5C__XP_065724039.1	405	405	405	340	GTC	0.08596993237733841	1	moderate	moderate	0.022	False	user_msa
Drosophila_virilis_Drosophila_virilis__Act5C__XP_002059576.1	405	405	405	340	GTA	0.08221828937530518	1	moderate	moderate	0.022	False	user_msa
Drosophila_willistoni_Drosophila_willistoni__LOC6641346__XP_023031150.1	405	405	405	340	GTA	0.08221828937530518	1	moderate	moderate	0.022	False	user_msa
Drosophila_yakuba_Drosophila_yakuba__LOC6525488__XP_002101323.1	405	405	405	340	GTC	0.08596993237733841	1	moderate	moderate	0.022	False	user_msa
Drosophila_ananassae_Drosophila_ananassae__LOC6504746__XP_032309021.1	406	406	406	341	TGG	0.07557599246501923	1	moderate	moderate	0.022	False	user_msa
Drosophila_biarmipes_Drosophila_biarmipes__LOC108031387__XP_050746516.1	406	406	406	341	TGG	0.07557599246501923	1	moderate	moderate	0.022	False	user_msa
Drosophila_mauritiana_Drosophila_mauritiana__LOC117148789__XP_033172290.1	406	406	406	341	TGG	0.07557599246501923	1	moderate	moderate	0.022	False	user_msa
Drosophila_melanogaster_Drosophila_melanogaster__Act5C__NP_511052.1	406	406	406	341	TGG	0.07557599246501923	1	moderate	moderate	0.022	False	user_msa
Drosophila_pseudoobscura_Drosophila_pseudoobscura__Act5C__XP_001354857.1	406	406	406	341	TGG	0.07557599246501923	1	moderate	moderate	0.022	False	user_msa
Drosophila_sechellia_Drosophila_sechellia__Act5C__XP_002036849.1	406	406	406	341	TGG	0.07557599246501923	1	moderate	moderate	0.022	False	user_msa
Drosophila_simulans_Drosophila_simulans__LOC6725225__XP_016038239.1	406	406	406	341	TGG	0.07557599246501923	1	moderate	moderate	0.022	False	user_msa
Drosophila_subobscura_Drosophila_subobscura__LOC117903845__XP_034672195.1	406	406	406	341	TGG	0.07557599246501923	1	moderate	moderate	0.022	False	user_msa
Drosophila_suzukii_Drosophila_suzukii__Act5C__XP_065724039.1	406	406	406	341	TGG	0.07557599246501923	1	moderate	moderate	0.022	False	user_msa
Drosophila_virilis_Drosophila_virilis__Act5C__XP_002059576.1	406	406	406	341	TGG	0.07557599246501923	1	moderate	moderate	0.022	False	user_msa
Drosophila_willistoni_Drosophila_willistoni__LOC6641346__XP_023031150.1	406	406	406	341	TGG	0.07557599246501923	1	moderate	moderate	0.022	False	user_msa
Drosophila_yakuba_Drosophila_yakuba__LOC6525488__XP_002101323.1	406	406	406	341	TGG	0.07557599246501923	1	moderate	moderate	0.022	False	user_msa
Drosophila_ananassae_Drosophila_ananassae__LOC6504746__XP_032309021.1	407	407	407	342	ATC	0.06432223320007324	1	moderate	moderate	0.022	False	user_msa
Drosophila_biarmipes_Drosophila_biarmipes__LOC108031387__XP_050746516.1	407	407	407	342	ATC	0.06432223320007324	1	moderate	moderate	0.022	False	user_msa
Drosophila_mauritiana_Drosophila_mauritiana__LOC117148789__XP_033172290.1	407	407	407	342	ATC	0.06432223320007324	1	moderate	moderate	0.022	False	user_msa
Drosophila_melanogaster_Drosophila_melanogaster__Act5C__NP_511052.1	407	407	407	342	ATC	0.06432223320007324	1	moderate	moderate	0.022	False	user_msa
Drosophila_pseudoobscura_Drosophila_pseudoobscura__Act5C__XP_001354857.1	407	407	407	342	ATC	0.06432223320007324	1	moderate	moderate	0.022	False	user_msa
Drosophila_sechellia_Drosophila_sechellia__Act5C__XP_002036849.1	407	407	407	342	ATC	0.06432223320007324	1	moderate	moderate	0.022	False	user_msa
Drosophila_simulans_Drosophila_simulans__LOC6725225__XP_016038239.1	407	407	407	342	ATC	0.06432223320007324	1	moderate	moderate	0.022	False	user_msa
Drosophila_subobscura_Drosophila_subobscura__LOC117903845__XP_034672195.1	407	407	407	342	ATC	0.06432223320007324	1	moderate	moderate	0.022	False	user_msa
Drosophila_suzukii_Drosophila_suzukii__Act5C__XP_065724039.1	407	407	407	342	ATC	0.06432223320007324	1	moderate	moderate	0.022	False	user_msa
Drosophila_virilis_Drosophila_virilis__Act5C__XP_002059576.1	407	407	407	342	ATC	0.06432223320007324	1	moderate	moderate	0.022	False	user_msa
Drosophila_willistoni_Drosophila_willistoni__LOC6641346__XP_023031150.1	407	407	407	342	ATC	0.06432223320007324	1	moderate	moderate	0.022	False	user_msa
Drosophila_yakuba_Drosophila_yakuba__LOC6525488__XP_002101323.1	407	407	407	342	ATC	0.06432223320007324	1	moderate	moderate	0.022	False	user_msa
Drosophila_ananassae_Drosophila_ananassae__LOC6504746__XP_032309021.1	408	408	408	343	GGT	0.07102195173501968	1	moderate	moderate	0.022	False	user_msa
Drosophila_biarmipes_Drosophila_biarmipes__LOC108031387__XP_050746516.1	408	408	408	343	GGT	0.07102195173501968	1	moderate	moderate	0.022	False	user_msa
Drosophila_mauritiana_Drosophila_mauritiana__LOC117148789__XP_033172290.1	408	408	408	343	GGT	0.07102195173501968	1	moderate	moderate	0.022	False	user_msa
Drosophila_melanogaster_Drosophila_melanogaster__Act5C__NP_511052.1	408	408	408	343	GGT	0.07102195173501968	1	moderate	moderate	0.022	False	user_msa
Drosophila_pseudoobscura_Drosophila_pseudoobscura__Act5C__XP_001354857.1	408	408	408	343	GGT	0.07102195173501968	1	moderate	moderate	0.022	False	user_msa
Drosophila_sechellia_Drosophila_sechellia__Act5C__XP_002036849.1	408	408	408	343	GGT	0.07102195173501968	1	moderate	moderate	0.022	False	user_msa
Drosophila_simulans_Drosophila_simulans__LOC6725225__XP_016038239.1	408	408	408	343	GGT	0.07102195173501968	1	moderate	moderate	0.022	False	user_msa
Drosophila_subobscura_Drosophila_subobscura__LOC117903845__XP_034672195.1	408	408	408	343	GGT	0.07102195173501968	1	moderate	moderate	0.022	False	user_msa
Drosophila_suzukii_Drosophila_suzukii__Act5C__XP_065724039.1	408	408	408	343	GGT	0.07102195173501968	1	moderate	moderate	0.022	False	user_msa
Drosophila_virilis_Drosophila_virilis__Act5C__XP_002059576.1	408	408	408	343	GGT	0.07102195173501968	1	moderate	moderate	0.022	False	user_msa
Drosophila_willistoni_Drosophila_willistoni__LOC6641346__XP_023031150.1	408	408	408	343	GGT	0.07102195173501968	1	moderate	moderate	0.022	False	user_msa
Drosophila_yakuba_Drosophila_yakuba__LOC6525488__XP_002101323.1	408	408	408	343	GGT	0.07102195173501968	1	moderate	moderate	0.022	False	user_msa
Drosophila_ananassae_Drosophila_ananassae__LOC6504746__XP_032309021.1	409	409	409	344	GGC	0.08138668537139893	1	moderate	moderate	0.022	False	user_msa
Drosophila_biarmipes_Drosophila_biarmipes__LOC108031387__XP_050746516.1	409	409	409	344	GGC	0.08138668537139893	1	moderate	moderate	0.022	False	user_msa
Drosophila_mauritiana_Drosophila_mauritiana__LOC117148789__XP_033172290.1	409	409	409	344	GGC	0.08138668537139893	1	moderate	moderate	0.022	False	user_msa
Drosophila_melanogaster_Drosophila_melanogaster__Act5C__NP_511052.1	409	409	409	344	GGC	0.08138668537139893	1	moderate	moderate	0.022	False	user_msa
Drosophila_pseudoobscura_Drosophila_pseudoobscura__Act5C__XP_001354857.1	409	409	409	344	GGC	0.08138668537139893	1	moderate	moderate	0.022	False	user_msa
Drosophila_sechellia_Drosophila_sechellia__Act5C__XP_002036849.1	409	409	409	344	GGC	0.08138668537139893	1	moderate	moderate	0.022	False	user_msa
Drosophila_simulans_Drosophila_simulans__LOC6725225__XP_016038239.1	409	409	409	344	GGT	0.0889747366309166	1	moderate	moderate	0.022	False	user_msa
Drosophila_subobscura_Drosophila_subobscura__LOC117903845__XP_034672195.1	409	409	409	344	GGC	0.08138668537139893	1	moderate	moderate	0.022	False	user_msa
Drosophila_suzukii_Drosophila_suzukii__Act5C__XP_065724039.1	409	409	409	344	GGC	0.08138668537139893	1	moderate	moderate	0.022	False	user_msa
Drosophila_virilis_Drosophila_virilis__Act5C__XP_002059576.1	409	409	409	344	GGC	0.08138668537139893	1	moderate	moderate	0.022	False	user_msa
Drosophila_willistoni_Drosophila_willistoni__LOC6641346__XP_023031150.1	409	409	409	344	GGT	0.0889747366309166	1	moderate	moderate	0.022	False	user_msa
Drosophila_yakuba_Drosophila_yakuba__LOC6525488__XP_002101323.1	409	409	409	344	GGC	0.08138668537139893	1	moderate	moderate	0.022	False	user_msa
Drosophila_ananassae_Drosophila_ananassae__LOC6504746__XP_032309021.1	410	410	410	345	TCC	0.08661961555480957	1	moderate	moderate	0.022	False	user_msa
Drosophila_biarmipes_Drosophila_biarmipes__LOC108031387__XP_050746516.1	410	410	410	345	TCC	0.08661961555480957	1	moderate	moderate	0.022	False	user_msa
Drosophila_mauritiana_Drosophila_mauritiana__LOC117148789__XP_033172290.1	410	410	410	345	TCT	0.09464510530233383	1	moderate	moderate	0.022	False	user_msa
Drosophila_melanogaster_Drosophila_melanogaster__Act5C__NP_511052.1	410	410	410	345	TCC	0.08661961555480957	1	moderate	moderate	0.022	False	user_msa
Drosophila_pseudoobscura_Drosophila_pseudoobscura__Act5C__XP_001354857.1	410	410	410	345	TCC	0.08661961555480957	1	moderate	moderate	0.022	False	user_msa
Drosophila_sechellia_Drosophila_sechellia__Act5C__XP_002036849.1	410	410	410	345	TCC	0.08661961555480957	1	moderate	moderate	0.022	False	user_msa
Drosophila_simulans_Drosophila_simulans__LOC6725225__XP_016038239.1	410	410	410	345	TCC	0.08661961555480957	1	moderate	moderate	0.022	False	user_msa
Drosophila_subobscura_Drosophila_subobscura__LOC117903845__XP_034672195.1	410	410	410	345	TCC	0.08661961555480957	1	moderate	moderate	0.022	False	user_msa
Drosophila_suzukii_Drosophila_suzukii__Act5C__XP_065724039.1	410	410	410	345	TCC	0.08661961555480957	1	moderate	moderate	0.022	False	user_msa
Drosophila_virilis_Drosophila_virilis__Act5C__XP_002059576.1	410	410	410	345	TCC	0.08661961555480957	1	moderate	moderate	0.022	False	user_msa
Drosophila_willistoni_Drosophila_willistoni__LOC6641346__XP_023031150.1	410	410	410	345	TCC	0.08661961555480957	1	moderate	moderate	0.022	False	user_msa
Drosophila_yakuba_Drosophila_yakuba__LOC6525488__XP_002101323.1	410	410	410	345	TCC	0.08661961555480957	1	moderate	moderate	0.022	False	user_msa
Drosophila_ananassae_Drosophila_ananassae__LOC6504746__XP_032309021.1	411	411	411	346	ATT	0.07734286040067673	1	moderate	moderate	0.022	False	user_msa
Drosophila_biarmipes_Drosophila_biarmipes__LOC108031387__XP_050746516.1	411	411	411	346	ATT	0.07734286040067673	1	moderate	moderate	0.022	False	user_msa
Drosophila_mauritiana_Drosophila_mauritiana__LOC117148789__XP_033172290.1	411	411	411	346	ATC	0.0723312571644783	1	moderate	moderate	0.022	False	user_msa
Drosophila_melanogaster_Drosophila_melanogaster__Act5C__NP_511052.1	411	411	411	346	ATC	0.0723312571644783	1	moderate	moderate	0.022	False	user_msa
Drosophila_pseudoobscura_Drosophila_pseudoobscura__Act5C__XP_001354857.1	411	411	411	346	ATT	0.07734286040067673	1	moderate	moderate	0.022	False	user_msa
Drosophila_sechellia_Drosophila_sechellia__Act5C__XP_002036849.1	411	411	411	346	ATC	0.0723312571644783	1	moderate	moderate	0.022	False	user_msa
Drosophila_simulans_Drosophila_simulans__LOC6725225__XP_016038239.1	411	411	411	346	ATC	0.0723312571644783	1	moderate	moderate	0.022	False	user_msa
Drosophila_subobscura_Drosophila_subobscura__LOC117903845__XP_034672195.1	411	411	411	346	ATT	0.07734286040067673	1	moderate	moderate	0.022	False	user_msa
Drosophila_suzukii_Drosophila_suzukii__Act5C__XP_065724039.1	411	411	411	346	ATC	0.0723312571644783	1	moderate	moderate	0.022	False	user_msa
Drosophila_virilis_Drosophila_virilis__Act5C__XP_002059576.1	411	411	411	346	ATT	0.07734286040067673	1	moderate	moderate	0.022	False	user_msa
Drosophila_willistoni_Drosophila_willistoni__LOC6641346__XP_023031150.1	411	411	411	346	ATC	0.0723312571644783	1	moderate	moderate	0.022	False	user_msa
Drosophila_yakuba_Drosophila_yakuba__LOC6525488__XP_002101323.1	411	411	411	346	ATC	0.0723312571644783	1	moderate	moderate	0.022	False	user_msa
Drosophila_ananassae_Drosophila_ananassae__LOC6504746__XP_032309021.1	412	412	412	347	CTG	0.05769684538245201	1	moderate	moderate	0.022	False	user_msa
Drosophila_biarmipes_Drosophila_biarmipes__LOC108031387__XP_050746516.1	412	412	412	347	CTG	0.05769684538245201	1	moderate	moderate	0.022	False	user_msa
Drosophila_mauritiana_Drosophila_mauritiana__LOC117148789__XP_033172290.1	412	412	412	347	CTG	0.05769684538245201	1	moderate	moderate	0.022	False	user_msa
Drosophila_melanogaster_Drosophila_melanogaster__Act5C__NP_511052.1	412	412	412	347	CTG	0.05769684538245201	1	moderate	moderate	0.022	False	user_msa
Drosophila_pseudoobscura_Drosophila_pseudoobscura__Act5C__XP_001354857.1	412	412	412	347	CTG	0.05769684538245201	1	moderate	moderate	0.022	False	user_msa
Drosophila_sechellia_Drosophila_sechellia__Act5C__XP_002036849.1	412	412	412	347	CTG	0.05769684538245201	1	moderate	moderate	0.022	False	user_msa
Drosophila_simulans_Drosophila_simulans__LOC6725225__XP_016038239.1	412	412	412	347	CTG	0.05769684538245201	1	moderate	moderate	0.022	False	user_msa
Drosophila_subobscura_Drosophila_subobscura__LOC117903845__XP_034672195.1	412	412	412	347	CTG	0.05769684538245201	1	moderate	moderate	0.022	False	user_msa
Drosophila_suzukii_Drosophila_suzukii__Act5C__XP_065724039.1	412	412	412	347	CTG	0.05769684538245201	1	moderate	moderate	0.022	False	user_msa
Drosophila_virilis_Drosophila_virilis__Act5C__XP_002059576.1	412	412	412	347	TTG	0.1598203331232071	1	moderate	moderate	0.022	False	user_msa
Drosophila_willistoni_Drosophila_willistoni__LOC6641346__XP_023031150.1	412	412	412	347	TTG	0.1598203331232071	1	moderate	moderate	0.022	False	user_msa
Drosophila_yakuba_Drosophila_yakuba__LOC6525488__XP_002101323.1	412	412	412	347	CTG	0.05769684538245201	1	moderate	moderate	0.022	False	user_msa
Drosophila_ananassae_Drosophila_ananassae__LOC6504746__XP_032309021.1	413	413	413	348	GCA	0.08912371844053268	1	moderate	moderate	0.022	False	user_msa
Drosophila_biarmipes_Drosophila_biarmipes__LOC108031387__XP_050746516.1	413	413	413	348	GCC	0.09315862506628036	1	moderate	moderate	0.022	False	user_msa
Drosophila_mauritiana_Drosophila_mauritiana__LOC117148789__XP_033172290.1	413	413	413	348	GCT	0.10172262042760849	1	moderate	moderate	0.022	False	user_msa
Drosophila_melanogaster_Drosophila_melanogaster__Act5C__NP_511052.1	413	413	413	348	GCT	0.10172262042760849	1	moderate	moderate	0.022	False	user_msa
Drosophila_pseudoobscura_Drosophila_pseudoobscura__Act5C__XP_001354857.1	413	413	413	348	GCC	0.09315862506628036	1	moderate	moderate	0.022	False	user_msa
Drosophila_sechellia_Drosophila_sechellia__Act5C__XP_002036849.1	413	413	413	348	GCT	0.10172262042760849	1	moderate	moderate	0.022	False	user_msa
Drosophila_simulans_Drosophila_simulans__LOC6725225__XP_016038239.1	413	413	413	348	GCT	0.10172262042760849	1	moderate	moderate	0.022	False	user_msa
Drosophila_subobscura_Drosophila_subobscura__LOC117903845__XP_034672195.1	413	413	413	348	GCC	0.09315862506628036	1	moderate	moderate	0.022	False	user_msa
Drosophila_suzukii_Drosophila_suzukii__Act5C__XP_065724039.1	413	413	413	348	GCC	0.09315862506628036	1	moderate	moderate	0.022	False	user_msa
Drosophila_virilis_Drosophila_virilis__Act5C__XP_002059576.1	413	413	413	348	GCA	0.08912371844053268	1	moderate	moderate	0.022	False	user_msa
Drosophila_willistoni_Drosophila_willistoni__LOC6641346__XP_023031150.1	413	413	413	348	GCT	0.10172262042760849	1	moderate	moderate	0.022	False	user_msa
Drosophila_yakuba_Drosophila_yakuba__LOC6525488__XP_002101323.1	413	413	413	348	GCT	0.10172262042760849	1	moderate	moderate	0.022	False	user_msa
Drosophila_ananassae_Drosophila_ananassae__LOC6504746__XP_032309021.1	414	414	414	349	TCG	0.08912232518196106	1	moderate	moderate	0.022	False	user_msa
Drosophila_biarmipes_Drosophila_biarmipes__LOC108031387__XP_050746516.1	414	414	414	349	TCG	0.08912232518196106	1	moderate	moderate	0.022	False	user_msa
Drosophila_mauritiana_Drosophila_mauritiana__LOC117148789__XP_033172290.1	414	414	414	349	TCG	0.08912232518196106	1	moderate	moderate	0.022	False	user_msa
Drosophila_melanogaster_Drosophila_melanogaster__Act5C__NP_511052.1	414	414	414	349	TCG	0.08912232518196106	1	moderate	moderate	0.022	False	user_msa
Drosophila_pseudoobscura_Drosophila_pseudoobscura__Act5C__XP_001354857.1	414	414	414	349	TCG	0.08912232518196106	1	moderate	moderate	0.022	False	user_msa
Drosophila_sechellia_Drosophila_sechellia__Act5C__XP_002036849.1	414	414	414	349	TCG	0.08912232518196106	1	moderate	moderate	0.022	False	user_msa
Drosophila_simulans_Drosophila_simulans__LOC6725225__XP_016038239.1	414	414	414	349	TCG	0.08912232518196106	1	moderate	moderate	0.022	False	user_msa
Drosophila_subobscura_Drosophila_subobscura__LOC117903845__XP_034672195.1	414	414	414	349	TCG	0.08912232518196106	1	moderate	moderate	0.022	False	user_msa
Drosophila_suzukii_Drosophila_suzukii__Act5C__XP_065724039.1	414	414	414	349	TCG	0.08912232518196106	1	moderate	moderate	0.022	False	user_msa
Drosophila_virilis_Drosophila_virilis__Act5C__XP_002059576.1	414	414	414	349	TCG	0.08912232518196106	1	moderate	moderate	0.022	False	user_msa
Drosophila_willistoni_Drosophila_willistoni__LOC6641346__XP_023031150.1	414	414	414	349	TCC	0.08524588495492935	1	moderate	moderate	0.022	False	user_msa
Drosophila_yakuba_Drosophila_yakuba__LOC6525488__XP_002101323.1	414	414	414	349	TCG	0.08912232518196106	1	moderate	moderate	0.022	False	user_msa
Drosophila_ananassae_Drosophila_ananassae__LOC6504746__XP_032309021.1	415	415	415	350	TTG	0.4014289975166321	1	moderate	moderate	0.022	False	user_msa
Drosophila_biarmipes_Drosophila_biarmipes__LOC108031387__XP_050746516.1	415	415	415	350	CTG	0.07580140233039856	1	moderate	moderate	0.022	False	user_msa
Drosophila_mauritiana_Drosophila_mauritiana__LOC117148789__XP_033172290.1	415	415	415	350	CTG	0.07580140233039856	1	moderate	moderate	0.022	False	user_msa
Drosophila_melanogaster_Drosophila_melanogaster__Act5C__NP_511052.1	415	415	415	350	CTG	0.07580140233039856	1	moderate	moderate	0.022	False	user_msa
Drosophila_pseudoobscura_Drosophila_pseudoobscura__Act5C__XP_001354857.1	415	415	415	350	CTG	0.07580140233039856	1	moderate	moderate	0.022	False	user_msa
Drosophila_sechellia_Drosophila_sechellia__Act5C__XP_002036849.1	415	415	415	350	CTG	0.07580140233039856	1	moderate	moderate	0.022	False	user_msa
Drosophila_simulans_Drosophila_simulans__LOC6725225__XP_016038239.1	415	415	415	350	CTG	0.07580140233039856	1	moderate	moderate	0.022	False	user_msa
Drosophila_subobscura_Drosophila_subobscura__LOC117903845__XP_034672195.1	415	415	415	350	CTG	0.07580140233039856	1	moderate	moderate	0.022	False	user_msa
Drosophila_suzukii_Drosophila_suzukii__Act5C__XP_065724039.1	415	415	415	350	CTG	0.07580140233039856	1	moderate	moderate	0.022	False	user_msa
Drosophila_virilis_Drosophila_virilis__Act5C__XP_002059576.1	415	415	415	350	CTC	0.07398125529289246	1	moderate	moderate	0.022	False	user_msa
Drosophila_willistoni_Drosophila_willistoni__LOC6641346__XP_023031150.1	415	415	415	350	CTG	0.07580140233039856	1	moderate	moderate	0.022	False	user_msa
Drosophila_yakuba_Drosophila_yakuba__LOC6525488__XP_002101323.1	415	415	415	350	CTG	0.07580140233039856	1	moderate	moderate	0.022	False	user_msa
Drosophila_ananassae_Drosophila_ananassae__LOC6504746__XP_032309021.1	416	416	416	351	TCC	0.10289653390645981	1	moderate	moderate	0.022	False	user_msa
Drosophila_biarmipes_Drosophila_biarmipes__LOC108031387__XP_050746516.1	416	416	416	351	TCG	0.10748132318258286	1	moderate	moderate	0.022	False	user_msa
Drosophila_mauritiana_Drosophila_mauritiana__LOC117148789__XP_033172290.1	416	416	416	351	TCC	0.10289653390645981	1	moderate	moderate	0.022	False	user_msa
Drosophila_melanogaster_Drosophila_melanogaster__Act5C__NP_511052.1	416	416	416	351	TCC	0.10289653390645981	1	moderate	moderate	0.022	False	user_msa
Drosophila_pseudoobscura_Drosophila_pseudoobscura__Act5C__XP_001354857.1	416	416	416	351	TCG	0.10748132318258286	1	moderate	moderate	0.022	False	user_msa
Drosophila_sechellia_Drosophila_sechellia__Act5C__XP_002036849.1	416	416	416	351	TCC	0.10289653390645981	1	moderate	moderate	0.022	False	user_msa
Drosophila_simulans_Drosophila_simulans__LOC6725225__XP_016038239.1	416	416	416	351	TCC	0.10289653390645981	1	moderate	moderate	0.022	False	user_msa
Drosophila_subobscura_Drosophila_subobscura__LOC117903845__XP_034672195.1	416	416	416	351	TCG	0.10748132318258286	1	moderate	moderate	0.022	False	user_msa
Drosophila_suzukii_Drosophila_suzukii__Act5C__XP_065724039.1	416	416	416	351	TCG	0.10748132318258286	1	moderate	moderate	0.022	False	user_msa
Drosophila_virilis_Drosophila_virilis__Act5C__XP_002059576.1	416	416	416	351	TCC	0.10289653390645981	1	moderate	moderate	0.022	False	user_msa
Drosophila_willistoni_Drosophila_willistoni__LOC6641346__XP_023031150.1	416	416	416	351	TCT	0.11224491149187088	1	moderate	moderate	0.022	False	user_msa
Drosophila_yakuba_Drosophila_yakuba__LOC6525488__XP_002101323.1	416	416	416	351	TCC	0.10289653390645981	1	moderate	moderate	0.022	False	user_msa
Drosophila_ananassae_Drosophila_ananassae__LOC6504746__XP_032309021.1	417	417	417	352	ACC	0.06272231787443161	1	moderate	moderate	0.022	False	user_msa
Drosophila_biarmipes_Drosophila_biarmipes__LOC108031387__XP_050746516.1	417	417	417	352	ACC	0.06272231787443161	1	moderate	moderate	0.022	False	user_msa
Drosophila_mauritiana_Drosophila_mauritiana__LOC117148789__XP_033172290.1	417	417	417	352	ACC	0.06272231787443161	1	moderate	moderate	0.022	False	user_msa
Drosophila_melanogaster_Drosophila_melanogaster__Act5C__NP_511052.1	417	417	417	352	ACC	0.06272231787443161	1	moderate	moderate	0.022	False	user_msa
Drosophila_pseudoobscura_Drosophila_pseudoobscura__Act5C__XP_001354857.1	417	417	417	352	ACC	0.06272231787443161	1	moderate	moderate	0.022	False	user_msa
Drosophila_sechellia_Drosophila_sechellia__Act5C__XP_002036849.1	417	417	417	352	ACC	0.06272231787443161	1	moderate	moderate	0.022	False	user_msa
Drosophila_simulans_Drosophila_simulans__LOC6725225__XP_016038239.1	417	417	417	352	ACC	0.06272231787443161	1	moderate	moderate	0.022	False	user_msa
Drosophila_subobscura_Drosophila_subobscura__LOC117903845__XP_034672195.1	417	417	417	352	ACC	0.06272231787443161	1	moderate	moderate	0.022	False	user_msa
Drosophila_suzukii_Drosophila_suzukii__Act5C__XP_065724039.1	417	417	417	352	ACC	0.06272231787443161	1	moderate	moderate	0.022	False	user_msa
Drosophila_virilis_Drosophila_virilis__Act5C__XP_002059576.1	417	417	417	352	ACC	0.06272231787443161	1	moderate	moderate	0.022	False	user_msa
Drosophila_willistoni_Drosophila_willistoni__LOC6641346__XP_023031150.1	417	417	417	352	ACC	0.06272231787443161	1	moderate	moderate	0.022	False	user_msa
Drosophila_yakuba_Drosophila_yakuba__LOC6525488__XP_002101323.1	417	417	417	352	ACC	0.06272231787443161	1	moderate	moderate	0.022	False	user_msa
Drosophila_ananassae_Drosophila_ananassae__LOC6504746__XP_032309021.1	418	418	418	353	TTC	0.07659865915775299	1	moderate	moderate	0.022	False	user_msa
Drosophila_biarmipes_Drosophila_biarmipes__LOC108031387__XP_050746516.1	418	418	418	353	TTC	0.07659865915775299	1	moderate	moderate	0.022	False	user_msa
Drosophila_mauritiana_Drosophila_mauritiana__LOC117148789__XP_033172290.1	418	418	418	353	TTC	0.07659865915775299	1	moderate	moderate	0.022	False	user_msa
Drosophila_melanogaster_Drosophila_melanogaster__Act5C__NP_511052.1	418	418	418	353	TTC	0.07659865915775299	1	moderate	moderate	0.022	False	user_msa
Drosophila_pseudoobscura_Drosophila_pseudoobscura__Act5C__XP_001354857.1	418	418	418	353	TTC	0.07659865915775299	1	moderate	moderate	0.022	False	user_msa
Drosophila_sechellia_Drosophila_sechellia__Act5C__XP_002036849.1	418	418	418	353	TTC	0.07659865915775299	1	moderate	moderate	0.022	False	user_msa
Drosophila_simulans_Drosophila_simulans__LOC6725225__XP_016038239.1	418	418	418	353	TTC	0.07659865915775299	1	moderate	moderate	0.022	False	user_msa
Drosophila_subobscura_Drosophila_subobscura__LOC117903845__XP_034672195.1	418	418	418	353	TTC	0.07659865915775299	1	moderate	moderate	0.022	False	user_msa
Drosophila_suzukii_Drosophila_suzukii__Act5C__XP_065724039.1	418	418	418	353	TTC	0.07659865915775299	1	moderate	moderate	0.022	False	user_msa
Drosophila_virilis_Drosophila_virilis__Act5C__XP_002059576.1	418	418	418	353	TTC	0.07659865915775299	1	moderate	moderate	0.022	False	user_msa
Drosophila_willistoni_Drosophila_willistoni__LOC6641346__XP_023031150.1	418	418	418	353	TTC	0.07659865915775299	1	moderate	moderate	0.022	False	user_msa
Drosophila_yakuba_Drosophila_yakuba__LOC6525488__XP_002101323.1	418	418	418	353	TTC	0.07659865915775299	1	moderate	moderate	0.022	False	user_msa
Drosophila_ananassae_Drosophila_ananassae__LOC6504746__XP_032309021.1	419	419	419	354	CAG	0.07646647095680237	1	moderate	moderate	0.022	False	user_msa
Drosophila_biarmipes_Drosophila_biarmipes__LOC108031387__XP_050746516.1	419	419	419	354	CAG	0.07646647095680237	1	moderate	moderate	0.022	False	user_msa
Drosophila_mauritiana_Drosophila_mauritiana__LOC117148789__XP_033172290.1	419	419	419	354	CAG	0.07646647095680237	1	moderate	moderate	0.022	False	user_msa
Drosophila_melanogaster_Drosophila_melanogaster__Act5C__NP_511052.1	419	419	419	354	CAG	0.07646647095680237	1	moderate	moderate	0.022	False	user_msa
Drosophila_pseudoobscura_Drosophila_pseudoobscura__Act5C__XP_001354857.1	419	419	419	354	CAG	0.07646647095680237	1	moderate	moderate	0.022	False	user_msa
Drosophila_sechellia_Drosophila_sechellia__Act5C__XP_002036849.1	419	419	419	354	CAA	0.07150722295045853	1	moderate	moderate	0.022	False	user_msa
Drosophila_simulans_Drosophila_simulans__LOC6725225__XP_016038239.1	419	419	419	354	CAG	0.07646647095680237	1	moderate	moderate	0.022	False	user_msa
Drosophila_subobscura_Drosophila_subobscura__LOC117903845__XP_034672195.1	419	419	419	354	CAG	0.07646647095680237	1	moderate	moderate	0.022	False	user_msa
Drosophila_suzukii_Drosophila_suzukii__Act5C__XP_065724039.1	419	419	419	354	CAG	0.07646647095680237	1	moderate	moderate	0.022	False	user_msa
Drosophila_virilis_Drosophila_virilis__Act5C__XP_002059576.1	419	419	419	354	CAG	0.07646647095680237	1	moderate	moderate	0.022	False	user_msa
Drosophila_willistoni_Drosophila_willistoni__LOC6641346__XP_023031150.1	419	419	419	354	CAG	0.07646647095680237	1	moderate	moderate	0.022	False	user_msa
Drosophila_yakuba_Drosophila_yakuba__LOC6525488__XP_002101323.1	419	419	419	354	CAG	0.07646647095680237	1	moderate	moderate	0.022	False	user_msa
Drosophila_ananassae_Drosophila_ananassae__LOC6504746__XP_032309021.1	420	420	420	355	CAG	0.06550667434930801	1	moderate	moderate	0.022	False	user_msa
Drosophila_biarmipes_Drosophila_biarmipes__LOC108031387__XP_050746516.1	420	420	420	355	CAG	0.06550667434930801	1	moderate	moderate	0.022	False	user_msa
Drosophila_mauritiana_Drosophila_mauritiana__LOC117148789__XP_033172290.1	420	420	420	355	CAG	0.06550667434930801	1	moderate	moderate	0.022	False	user_msa
Drosophila_melanogaster_Drosophila_melanogaster__Act5C__NP_511052.1	420	420	420	355	CAG	0.06550667434930801	1	moderate	moderate	0.022	False	user_msa
Drosophila_pseudoobscura_Drosophila_pseudoobscura__Act5C__XP_001354857.1	420	420	420	355	CAG	0.06550667434930801	1	moderate	moderate	0.022	False	user_msa
Drosophila_sechellia_Drosophila_sechellia__Act5C__XP_002036849.1	420	420	420	355	CAG	0.06550667434930801	1	moderate	moderate	0.022	False	user_msa
Drosophila_simulans_Drosophila_simulans__LOC6725225__XP_016038239.1	420	420	420	355	CAG	0.06550667434930801	1	moderate	moderate	0.022	False	user_msa
Drosophila_subobscura_Drosophila_subobscura__LOC117903845__XP_034672195.1	420	420	420	355	CAG	0.06550667434930801	1	moderate	moderate	0.022	False	user_msa
Drosophila_suzukii_Drosophila_suzukii__Act5C__XP_065724039.1	420	420	420	355	CAG	0.06550667434930801	1	moderate	moderate	0.022	False	user_msa
Drosophila_virilis_Drosophila_virilis__Act5C__XP_002059576.1	420	420	420	355	CAG	0.06550667434930801	1	moderate	moderate	0.022	False	user_msa
Drosophila_willistoni_Drosophila_willistoni__LOC6641346__XP_023031150.1	420	420	420	355	CAG	0.06550667434930801	1	moderate	moderate	0.022	False	user_msa
Drosophila_yakuba_Drosophila_yakuba__LOC6525488__XP_002101323.1	420	420	420	355	CAG	0.06550667434930801	1	moderate	moderate	0.022	False	user_msa
Drosophila_ananassae_Drosophila_ananassae__LOC6504746__XP_032309021.1	421	421	421	356	ATG	0.06465430557727814	1	moderate	moderate	0.022	False	user_msa
Drosophila_biarmipes_Drosophila_biarmipes__LOC108031387__XP_050746516.1	421	421	421	356	ATG	0.06465430557727814	1	moderate	moderate	0.022	False	user_msa
Drosophila_mauritiana_Drosophila_mauritiana__LOC117148789__XP_033172290.1	421	421	421	356	ATG	0.06465430557727814	1	moderate	moderate	0.022	False	user_msa
Drosophila_melanogaster_Drosophila_melanogaster__Act5C__NP_511052.1	421	421	421	356	ATG	0.06465430557727814	1	moderate	moderate	0.022	False	user_msa
Drosophila_pseudoobscura_Drosophila_pseudoobscura__Act5C__XP_001354857.1	421	421	421	356	ATG	0.06465430557727814	1	moderate	moderate	0.022	False	user_msa
Drosophila_sechellia_Drosophila_sechellia__Act5C__XP_002036849.1	421	421	421	356	ATG	0.06465430557727814	1	moderate	moderate	0.022	False	user_msa
Drosophila_simulans_Drosophila_simulans__LOC6725225__XP_016038239.1	421	421	421	356	ATG	0.06465430557727814	1	moderate	moderate	0.022	False	user_msa
Drosophila_subobscura_Drosophila_subobscura__LOC117903845__XP_034672195.1	421	421	421	356	ATG	0.06465430557727814	1	moderate	moderate	0.022	False	user_msa
Drosophila_suzukii_Drosophila_suzukii__Act5C__XP_065724039.1	421	421	421	356	ATG	0.06465430557727814	1	moderate	moderate	0.022	False	user_msa
Drosophila_virilis_Drosophila_virilis__Act5C__XP_002059576.1	421	421	421	356	ATG	0.06465430557727814	1	moderate	moderate	0.022	False	user_msa
Drosophila_willistoni_Drosophila_willistoni__LOC6641346__XP_023031150.1	421	421	421	356	ATG	0.06465430557727814	1	moderate	moderate	0.022	False	user_msa
Drosophila_yakuba_Drosophila_yakuba__LOC6525488__XP_002101323.1	421	421	421	356	ATG	0.06465430557727814	1	moderate	moderate	0.022	False	user_msa
Drosophila_ananassae_Drosophila_ananassae__LOC6504746__XP_032309021.1	422	422	422	357	TGG	0.07566096633672714	1	moderate	moderate	0.022	False	user_msa
Drosophila_biarmipes_Drosophila_biarmipes__LOC108031387__XP_050746516.1	422	422	422	357	TGG	0.07566096633672714	1	moderate	moderate	0.022	False	user_msa
Drosophila_mauritiana_Drosophila_mauritiana__LOC117148789__XP_033172290.1	422	422	422	357	TGG	0.07566096633672714	1	moderate	moderate	0.022	False	user_msa
Drosophila_melanogaster_Drosophila_melanogaster__Act5C__NP_511052.1	422	422	422	357	TGG	0.07566096633672714	1	moderate	moderate	0.022	False	user_msa
Drosophila_pseudoobscura_Drosophila_pseudoobscura__Act5C__XP_001354857.1	422	422	422	357	TGG	0.07566096633672714	1	moderate	moderate	0.022	False	user_msa
Drosophila_sechellia_Drosophila_sechellia__Act5C__XP_002036849.1	422	422	422	357	TGG	0.07566096633672714	1	moderate	moderate	0.022	False	user_msa
Drosophila_simulans_Drosophila_simulans__LOC6725225__XP_016038239.1	422	422	422	357	TGG	0.07566096633672714	1	moderate	moderate	0.022	False	user_msa
Drosophila_subobscura_Drosophila_subobscura__LOC117903845__XP_034672195.1	422	422	422	357	TGG	0.07566096633672714	1	moderate	moderate	0.022	False	user_msa
Drosophila_suzukii_Drosophila_suzukii__Act5C__XP_065724039.1	422	422	422	357	TGG	0.07566096633672714	1	moderate	moderate	0.022	False	user_msa
Drosophila_virilis_Drosophila_virilis__Act5C__XP_002059576.1	422	422	422	357	TGG	0.07566096633672714	1	moderate	moderate	0.022	False	user_msa
Drosophila_willistoni_Drosophila_willistoni__LOC6641346__XP_023031150.1	422	422	422	357	TGG	0.07566096633672714	1	moderate	moderate	0.022	False	user_msa
Drosophila_yakuba_Drosophila_yakuba__LOC6525488__XP_002101323.1	422	422	422	357	TGG	0.07566096633672714	1	moderate	moderate	0.022	False	user_msa
Drosophila_ananassae_Drosophila_ananassae__LOC6504746__XP_032309021.1	423	423	423	358	ATC	0.06445766985416412	1	moderate	moderate	0.022	False	user_msa
Drosophila_biarmipes_Drosophila_biarmipes__LOC108031387__XP_050746516.1	423	423	423	358	ATC	0.06445766985416412	1	moderate	moderate	0.022	False	user_msa
Drosophila_mauritiana_Drosophila_mauritiana__LOC117148789__XP_033172290.1	423	423	423	358	ATC	0.06445766985416412	1	moderate	moderate	0.022	False	user_msa
Drosophila_melanogaster_Drosophila_melanogaster__Act5C__NP_511052.1	423	423	423	358	ATC	0.06445766985416412	1	moderate	moderate	0.022	False	user_msa
Drosophila_pseudoobscura_Drosophila_pseudoobscura__Act5C__XP_001354857.1	423	423	423	358	ATC	0.06445766985416412	1	moderate	moderate	0.022	False	user_msa
Drosophila_sechellia_Drosophila_sechellia__Act5C__XP_002036849.1	423	423	423	358	ATC	0.06445766985416412	1	moderate	moderate	0.022	False	user_msa
Drosophila_simulans_Drosophila_simulans__LOC6725225__XP_016038239.1	423	423	423	358	ATC	0.06445766985416412	1	moderate	moderate	0.022	False	user_msa
Drosophila_subobscura_Drosophila_subobscura__LOC117903845__XP_034672195.1	423	423	423	358	ATC	0.06445766985416412	1	moderate	moderate	0.022	False	user_msa
Drosophila_suzukii_Drosophila_suzukii__Act5C__XP_065724039.1	423	423	423	358	ATC	0.06445766985416412	1	moderate	moderate	0.022	False	user_msa
Drosophila_virilis_Drosophila_virilis__Act5C__XP_002059576.1	423	423	423	358	ATC	0.06445766985416412	1	moderate	moderate	0.022	False	user_msa
Drosophila_willistoni_Drosophila_willistoni__LOC6641346__XP_023031150.1	423	423	423	358	ATC	0.06445766985416412	1	moderate	moderate	0.022	False	user_msa
Drosophila_yakuba_Drosophila_yakuba__LOC6525488__XP_002101323.1	423	423	423	358	ATC	0.06445766985416412	1	moderate	moderate	0.022	False	user_msa
Drosophila_ananassae_Drosophila_ananassae__LOC6504746__XP_032309021.1	424	424	424	359	TCC	0.0740974172949791	1	moderate	moderate	0.022	False	user_msa
Drosophila_biarmipes_Drosophila_biarmipes__LOC108031387__XP_050746516.1	424	424	424	359	TCC	0.0740974172949791	1	moderate	moderate	0.022	False	user_msa
Drosophila_mauritiana_Drosophila_mauritiana__LOC117148789__XP_033172290.1	424	424	424	359	TCC	0.0740974172949791	1	moderate	moderate	0.022	False	user_msa
Drosophila_melanogaster_Drosophila_melanogaster__Act5C__NP_511052.1	424	424	424	359	TCC	0.0740974172949791	1	moderate	moderate	0.022	False	user_msa
Drosophila_pseudoobscura_Drosophila_pseudoobscura__Act5C__XP_001354857.1	424	424	424	359	TCC	0.0740974172949791	1	moderate	moderate	0.022	False	user_msa
Drosophila_sechellia_Drosophila_sechellia__Act5C__XP_002036849.1	424	424	424	359	TCC	0.0740974172949791	1	moderate	moderate	0.022	False	user_msa
Drosophila_simulans_Drosophila_simulans__LOC6725225__XP_016038239.1	424	424	424	359	TCC	0.0740974172949791	1	moderate	moderate	0.022	False	user_msa
Drosophila_subobscura_Drosophila_subobscura__LOC117903845__XP_034672195.1	424	424	424	359	TCC	0.0740974172949791	1	moderate	moderate	0.022	False	user_msa
Drosophila_suzukii_Drosophila_suzukii__Act5C__XP_065724039.1	424	424	424	359	TCC	0.0740974172949791	1	moderate	moderate	0.022	False	user_msa
Drosophila_virilis_Drosophila_virilis__Act5C__XP_002059576.1	424	424	424	359	TCC	0.0740974172949791	1	moderate	moderate	0.022	False	user_msa
Drosophila_willistoni_Drosophila_willistoni__LOC6641346__XP_023031150.1	424	424	424	359	TCC	0.0740974172949791	1	moderate	moderate	0.022	False	user_msa
Drosophila_yakuba_Drosophila_yakuba__LOC6525488__XP_002101323.1	424	424	424	359	TCC	0.0740974172949791	1	moderate	moderate	0.022	False	user_msa
Drosophila_ananassae_Drosophila_ananassae__LOC6504746__XP_032309021.1	425	425	425	360	AAG	0.062166791409254074	1	moderate	moderate	0.022	False	user_msa
Drosophila_biarmipes_Drosophila_biarmipes__LOC108031387__XP_050746516.1	425	425	425	360	AAG	0.062166791409254074	1	moderate	moderate	0.022	False	user_msa
Drosophila_mauritiana_Drosophila_mauritiana__LOC117148789__XP_033172290.1	425	425	425	360	AAG	0.062166791409254074	1	moderate	moderate	0.022	False	user_msa
Drosophila_melanogaster_Drosophila_melanogaster__Act5C__NP_511052.1	425	425	425	360	AAG	0.062166791409254074	1	moderate	moderate	0.022	False	user_msa
Drosophila_pseudoobscura_Drosophila_pseudoobscura__Act5C__XP_001354857.1	425	425	425	360	AAG	0.062166791409254074	1	moderate	moderate	0.022	False	user_msa
Drosophila_sechellia_Drosophila_sechellia__Act5C__XP_002036849.1	425	425	425	360	AAG	0.062166791409254074	1	moderate	moderate	0.022	False	user_msa
Drosophila_simulans_Drosophila_simulans__LOC6725225__XP_016038239.1	425	425	425	360	AAG	0.062166791409254074	1	moderate	moderate	0.022	False	user_msa
Drosophila_subobscura_Drosophila_subobscura__LOC117903845__XP_034672195.1	425	425	425	360	AAG	0.062166791409254074	1	moderate	moderate	0.022	False	user_msa
Drosophila_suzukii_Drosophila_suzukii__Act5C__XP_065724039.1	425	425	425	360	AAG	0.062166791409254074	1	moderate	moderate	0.022	False	user_msa
Drosophila_virilis_Drosophila_virilis__Act5C__XP_002059576.1	425	425	425	360	AAG	0.062166791409254074	1	moderate	moderate	0.022	False	user_msa
Drosophila_willistoni_Drosophila_willistoni__LOC6641346__XP_023031150.1	425	425	425	360	AAG	0.062166791409254074	1	moderate	moderate	0.022	False	user_msa
Drosophila_yakuba_Drosophila_yakuba__LOC6525488__XP_002101323.1	425	425	425	360	AAG	0.062166791409254074	1	moderate	moderate	0.022	False	user_msa
Drosophila_ananassae_Drosophila_ananassae__LOC6504746__XP_032309021.1	426	426	426	361	CAG	0.0655582994222641	1	moderate	moderate	0.022	False	user_msa
Drosophila_biarmipes_Drosophila_biarmipes__LOC108031387__XP_050746516.1	426	426	426	361	CAG	0.0655582994222641	1	moderate	moderate	0.022	False	user_msa
Drosophila_mauritiana_Drosophila_mauritiana__LOC117148789__XP_033172290.1	426	426	426	361	CAG	0.0655582994222641	1	moderate	moderate	0.022	False	user_msa
Drosophila_melanogaster_Drosophila_melanogaster__Act5C__NP_511052.1	426	426	426	361	CAG	0.0655582994222641	1	moderate	moderate	0.022	False	user_msa
Drosophila_pseudoobscura_Drosophila_pseudoobscura__Act5C__XP_001354857.1	426	426	426	361	CAG	0.0655582994222641	1	moderate	moderate	0.022	False	user_msa
Drosophila_sechellia_Drosophila_sechellia__Act5C__XP_002036849.1	426	426	426	361	CAG	0.0655582994222641	1	moderate	moderate	0.022	False	user_msa
Drosophila_simulans_Drosophila_simulans__LOC6725225__XP_016038239.1	426	426	426	361	CAG	0.0655582994222641	1	moderate	moderate	0.022	False	user_msa
Drosophila_subobscura_Drosophila_subobscura__LOC117903845__XP_034672195.1	426	426	426	361	CAG	0.0655582994222641	1	moderate	moderate	0.022	False	user_msa
Drosophila_suzukii_Drosophila_suzukii__Act5C__XP_065724039.1	426	426	426	361	CAG	0.0655582994222641	1	moderate	moderate	0.022	False	user_msa
Drosophila_virilis_Drosophila_virilis__Act5C__XP_002059576.1	426	426	426	361	CAG	0.0655582994222641	1	moderate	moderate	0.022	False	user_msa
Drosophila_willistoni_Drosophila_willistoni__LOC6641346__XP_023031150.1	426	426	426	361	CAG	0.0655582994222641	1	moderate	moderate	0.022	False	user_msa
Drosophila_yakuba_Drosophila_yakuba__LOC6525488__XP_002101323.1	426	426	426	361	CAG	0.0655582994222641	1	moderate	moderate	0.022	False	user_msa
Drosophila_ananassae_Drosophila_ananassae__LOC6504746__XP_032309021.1	427	427	427	362	GAG	0.08166409283876419	1	moderate	moderate	0.022	False	user_msa
Drosophila_biarmipes_Drosophila_biarmipes__LOC108031387__XP_050746516.1	427	427	427	362	GAG	0.08166409283876419	1	moderate	moderate	0.022	False	user_msa
Drosophila_mauritiana_Drosophila_mauritiana__LOC117148789__XP_033172290.1	427	427	427	362	GAG	0.08166409283876419	1	moderate	moderate	0.022	False	user_msa
Drosophila_melanogaster_Drosophila_melanogaster__Act5C__NP_511052.1	427	427	427	362	GAG	0.08166409283876419	1	moderate	moderate	0.022	False	user_msa
Drosophila_pseudoobscura_Drosophila_pseudoobscura__Act5C__XP_001354857.1	427	427	427	362	GAG	0.08166409283876419	1	moderate	moderate	0.022	False	user_msa
Drosophila_sechellia_Drosophila_sechellia__Act5C__XP_002036849.1	427	427	427	362	GAA	0.07577479630708694	1	moderate	moderate	0.022	False	user_msa
Drosophila_simulans_Drosophila_simulans__LOC6725225__XP_016038239.1	427	427	427	362	GAG	0.08166409283876419	1	moderate	moderate	0.022	False	user_msa
Drosophila_subobscura_Drosophila_subobscura__LOC117903845__XP_034672195.1	427	427	427	362	GAG	0.08166409283876419	1	moderate	moderate	0.022	False	user_msa
Drosophila_suzukii_Drosophila_suzukii__Act5C__XP_065724039.1	427	427	427	362	GAG	0.08166409283876419	1	moderate	moderate	0.022	False	user_msa
Drosophila_virilis_Drosophila_virilis__Act5C__XP_002059576.1	427	427	427	362	GAA	0.07577479630708694	1	moderate	moderate	0.022	False	user_msa
Drosophila_willistoni_Drosophila_willistoni__LOC6641346__XP_023031150.1	427	427	427	362	GAA	0.07577479630708694	1	moderate	moderate	0.022	False	user_msa
Drosophila_yakuba_Drosophila_yakuba__LOC6525488__XP_002101323.1	427	427	427	362	GAG	0.08166409283876419	1	moderate	moderate	0.022	False	user_msa
Drosophila_ananassae_Drosophila_ananassae__LOC6504746__XP_032309021.1	428	428	428	363	TAC	0.07288020849227905	1	moderate	moderate	0.022	False	user_msa
Drosophila_biarmipes_Drosophila_biarmipes__LOC108031387__XP_050746516.1	428	428	428	363	TAC	0.07288020849227905	1	moderate	moderate	0.022	False	user_msa
Drosophila_mauritiana_Drosophila_mauritiana__LOC117148789__XP_033172290.1	428	428	428	363	TAC	0.07288020849227905	1	moderate	moderate	0.022	False	user_msa
Drosophila_melanogaster_Drosophila_melanogaster__Act5C__NP_511052.1	428	428	428	363	TAC	0.07288020849227905	1	moderate	moderate	0.022	False	user_msa
Drosophila_pseudoobscura_Drosophila_pseudoobscura__Act5C__XP_001354857.1	428	428	428	363	TAC	0.07288020849227905	1	moderate	moderate	0.022	False	user_msa
Drosophila_sechellia_Drosophila_sechellia__Act5C__XP_002036849.1	428	428	428	363	TAC	0.07288020849227905	1	moderate	moderate	0.022	False	user_msa
Drosophila_simulans_Drosophila_simulans__LOC6725225__XP_016038239.1	428	428	428	363	TAC	0.07288020849227905	1	moderate	moderate	0.022	False	user_msa
Drosophila_subobscura_Drosophila_subobscura__LOC117903845__XP_034672195.1	428	428	428	363	TAC	0.07288020849227905	1	moderate	moderate	0.022	False	user_msa
Drosophila_suzukii_Drosophila_suzukii__Act5C__XP_065724039.1	428	428	428	363	TAC	0.07288020849227905	1	moderate	moderate	0.022	False	user_msa
Drosophila_virilis_Drosophila_virilis__Act5C__XP_002059576.1	428	428	428	363	TAC	0.07288020849227905	1	moderate	moderate	0.022	False	user_msa
Drosophila_willistoni_Drosophila_willistoni__LOC6641346__XP_023031150.1	428	428	428	363	TAC	0.07288020849227905	1	moderate	moderate	0.022	False	user_msa
Drosophila_yakuba_Drosophila_yakuba__LOC6525488__XP_002101323.1	428	428	428	363	TAC	0.07288020849227905	1	moderate	moderate	0.022	False	user_msa
Drosophila_ananassae_Drosophila_ananassae__LOC6504746__XP_032309021.1	429	429	429	364	GAT	0.08532163500785828	1	moderate	moderate	0.022	False	user_msa
Drosophila_biarmipes_Drosophila_biarmipes__LOC108031387__XP_050746516.1	429	429	429	364	GAC	0.07833914458751678	1	moderate	moderate	0.022	False	user_msa
Drosophila_mauritiana_Drosophila_mauritiana__LOC117148789__XP_033172290.1	429	429	429	364	GAC	0.07833914458751678	1	moderate	moderate	0.022	False	user_msa
Drosophila_melanogaster_Drosophila_melanogaster__Act5C__NP_511052.1	429	429	429	364	GAC	0.07833914458751678	1	moderate	moderate	0.022	False	user_msa
Drosophila_pseudoobscura_Drosophila_pseudoobscura__Act5C__XP_001354857.1	429	429	429	364	GAC	0.07833914458751678	1	moderate	moderate	0.022	False	user_msa
Drosophila_sechellia_Drosophila_sechellia__Act5C__XP_002036849.1	429	429	429	364	GAC	0.07833914458751678	1	moderate	moderate	0.022	False	user_msa
Drosophila_simulans_Drosophila_simulans__LOC6725225__XP_016038239.1	429	429	429	364	GAC	0.07833914458751678	1	moderate	moderate	0.022	False	user_msa
Drosophila_subobscura_Drosophila_subobscura__LOC117903845__XP_034672195.1	429	429	429	364	GAC	0.07833914458751678	1	moderate	moderate	0.022	False	user_msa
Drosophila_suzukii_Drosophila_suzukii__Act5C__XP_065724039.1	429	429	429	364	GAC	0.07833914458751678	1	moderate	moderate	0.022	False	user_msa
Drosophila_virilis_Drosophila_virilis__Act5C__XP_002059576.1	429	429	429	364	GAT	0.08532163500785828	1	moderate	moderate	0.022	False	user_msa
Drosophila_willistoni_Drosophila_willistoni__LOC6641346__XP_023031150.1	429	429	429	364	GAT	0.08532163500785828	1	moderate	moderate	0.022	False	user_msa
Drosophila_yakuba_Drosophila_yakuba__LOC6525488__XP_002101323.1	429	429	429	364	GAC	0.07833914458751678	1	moderate	moderate	0.022	False	user_msa
Drosophila_ananassae_Drosophila_ananassae__LOC6504746__XP_032309021.1	430	430	430	365	GAG	0.06914840638637543	1	moderate	moderate	0.022	False	user_msa
Drosophila_biarmipes_Drosophila_biarmipes__LOC108031387__XP_050746516.1	430	430	430	365	GAG	0.06914840638637543	1	moderate	moderate	0.022	False	user_msa
Drosophila_mauritiana_Drosophila_mauritiana__LOC117148789__XP_033172290.1	430	430	430	365	GAG	0.06914840638637543	1	moderate	moderate	0.022	False	user_msa
Drosophila_melanogaster_Drosophila_melanogaster__Act5C__NP_511052.1	430	430	430	365	GAG	0.06914840638637543	1	moderate	moderate	0.022	False	user_msa
Drosophila_pseudoobscura_Drosophila_pseudoobscura__Act5C__XP_001354857.1	430	430	430	365	GAG	0.06914840638637543	1	moderate	moderate	0.022	False	user_msa
Drosophila_sechellia_Drosophila_sechellia__Act5C__XP_002036849.1	430	430	430	365	GAG	0.06914840638637543	1	moderate	moderate	0.022	False	user_msa
Drosophila_simulans_Drosophila_simulans__LOC6725225__XP_016038239.1	430	430	430	365	GAG	0.06914840638637543	1	moderate	moderate	0.022	False	user_msa
Drosophila_subobscura_Drosophila_subobscura__LOC117903845__XP_034672195.1	430	430	430	365	GAG	0.06914840638637543	1	moderate	moderate	0.022	False	user_msa
Drosophila_suzukii_Drosophila_suzukii__Act5C__XP_065724039.1	430	430	430	365	GAG	0.06914840638637543	1	moderate	moderate	0.022	False	user_msa
Drosophila_virilis_Drosophila_virilis__Act5C__XP_002059576.1	430	430	430	365	GAG	0.06914840638637543	1	moderate	moderate	0.022	False	user_msa
Drosophila_willistoni_Drosophila_willistoni__LOC6641346__XP_023031150.1	430	430	430	365	GAG	0.06914840638637543	1	moderate	moderate	0.022	False	user_msa
Drosophila_yakuba_Drosophila_yakuba__LOC6525488__XP_002101323.1	430	430	430	365	GAG	0.06914840638637543	1	moderate	moderate	0.022	False	user_msa
Drosophila_ananassae_Drosophila_ananassae__LOC6504746__XP_032309021.1	431	431	431	366	TCT	0.09117764979600906	1	moderate	moderate	0.022	False	user_msa
Drosophila_biarmipes_Drosophila_biarmipes__LOC108031387__XP_050746516.1	431	431	431	366	TCT	0.09117764979600906	1	moderate	moderate	0.022	False	user_msa
Drosophila_mauritiana_Drosophila_mauritiana__LOC117148789__XP_033172290.1	431	431	431	366	TCC	0.08341898769140244	1	moderate	moderate	0.022	False	user_msa
Drosophila_melanogaster_Drosophila_melanogaster__Act5C__NP_511052.1	431	431	431	366	TCC	0.08341898769140244	1	moderate	moderate	0.022	False	user_msa
Drosophila_pseudoobscura_Drosophila_pseudoobscura__Act5C__XP_001354857.1	431	431	431	366	TCC	0.08341898769140244	1	moderate	moderate	0.022	False	user_msa
Drosophila_sechellia_Drosophila_sechellia__Act5C__XP_002036849.1	431	431	431	366	TCC	0.08341898769140244	1	moderate	moderate	0.022	False	user_msa
Drosophila_simulans_Drosophila_simulans__LOC6725225__XP_016038239.1	431	431	431	366	TCC	0.08341898769140244	1	moderate	moderate	0.022	False	user_msa
Drosophila_subobscura_Drosophila_subobscura__LOC117903845__XP_034672195.1	431	431	431	366	TCC	0.08341898769140244	1	moderate	moderate	0.022	False	user_msa
Drosophila_suzukii_Drosophila_suzukii__Act5C__XP_065724039.1	431	431	431	366	TCT	0.09117764979600906	1	moderate	moderate	0.022	False	user_msa
Drosophila_virilis_Drosophila_virilis__Act5C__XP_002059576.1	431	431	431	366	TCT	0.09117764979600906	1	moderate	moderate	0.022	False	user_msa
Drosophila_willistoni_Drosophila_willistoni__LOC6641346__XP_023031150.1	431	431	431	366	TCT	0.09117764979600906	1	moderate	moderate	0.022	False	user_msa
Drosophila_yakuba_Drosophila_yakuba__LOC6525488__XP_002101323.1	431	431	431	366	TCC	0.08341898769140244	1	moderate	moderate	0.022	False	user_msa
Drosophila_ananassae_Drosophila_ananassae__LOC6504746__XP_032309021.1	432	432	432	367	GGC	0.07077788561582565	1	moderate	moderate	0.022	False	user_msa
Drosophila_biarmipes_Drosophila_biarmipes__LOC108031387__XP_050746516.1	432	432	432	367	GGC	0.07077788561582565	1	moderate	moderate	0.022	False	user_msa
Drosophila_mauritiana_Drosophila_mauritiana__LOC117148789__XP_033172290.1	432	432	432	367	GGC	0.07077788561582565	1	moderate	moderate	0.022	False	user_msa
Drosophila_melanogaster_Drosophila_melanogaster__Act5C__NP_511052.1	432	432	432	367	GGC	0.07077788561582565	1	moderate	moderate	0.022	False	user_msa
Drosophila_pseudoobscura_Drosophila_pseudoobscura__Act5C__XP_001354857.1	432	432	432	367	GGC	0.07077788561582565	1	moderate	moderate	0.022	False	user_msa
Drosophila_sechellia_Drosophila_sechellia__Act5C__XP_002036849.1	432	432	432	367	GGC	0.07077788561582565	1	moderate	moderate	0.022	False	user_msa
Drosophila_simulans_Drosophila_simulans__LOC6725225__XP_016038239.1	432	432	432	367	GGC	0.07077788561582565	1	moderate	moderate	0.022	False	user_msa
Drosophila_subobscura_Drosophila_subobscura__LOC117903845__XP_034672195.1	432	432	432	367	GGC	0.07077788561582565	1	moderate	moderate	0.022	False	user_msa
Drosophila_suzukii_Drosophila_suzukii__Act5C__XP_065724039.1	432	432	432	367	GGC	0.07077788561582565	1	moderate	moderate	0.022	False	user_msa
Drosophila_virilis_Drosophila_virilis__Act5C__XP_002059576.1	432	432	432	367	GGC	0.07077788561582565	1	moderate	moderate	0.022	False	user_msa
Drosophila_willistoni_Drosophila_willistoni__LOC6641346__XP_023031150.1	432	432	432	367	GGC	0.07077788561582565	1	moderate	moderate	0.022	False	user_msa
Drosophila_yakuba_Drosophila_yakuba__LOC6525488__XP_002101323.1	432	432	432	367	GGC	0.07077788561582565	1	moderate	moderate	0.022	False	user_msa
Drosophila_ananassae_Drosophila_ananassae__LOC6504746__XP_032309021.1	433	433	433	368	CCA	0.07615828514099121	1	moderate	moderate	0.022	False	user_msa
Drosophila_biarmipes_Drosophila_biarmipes__LOC108031387__XP_050746516.1	433	433	433	368	CCA	0.07615828514099121	1	moderate	moderate	0.022	False	user_msa
Drosophila_mauritiana_Drosophila_mauritiana__LOC117148789__XP_033172290.1	433	433	433	368	CCC	0.07882736623287201	1	moderate	moderate	0.022	False	user_msa
Drosophila_melanogaster_Drosophila_melanogaster__Act5C__NP_511052.1	433	433	433	368	CCC	0.07882736623287201	1	moderate	moderate	0.022	False	user_msa
Drosophila_pseudoobscura_Drosophila_pseudoobscura__Act5C__XP_001354857.1	433	433	433	368	CCA	0.07615828514099121	1	moderate	moderate	0.022	False	user_msa
Drosophila_sechellia_Drosophila_sechellia__Act5C__XP_002036849.1	433	433	433	368	CCC	0.07882736623287201	1	moderate	moderate	0.022	False	user_msa
Drosophila_simulans_Drosophila_simulans__LOC6725225__XP_016038239.1	433	433	433	368	CCC	0.07882736623287201	1	moderate	moderate	0.022	False	user_msa
Drosophila_subobscura_Drosophila_subobscura__LOC117903845__XP_034672195.1	433	433	433	368	CCA	0.07615828514099121	1	moderate	moderate	0.022	False	user_msa
Drosophila_suzukii_Drosophila_suzukii__Act5C__XP_065724039.1	433	433	433	368	CCA	0.07615828514099121	1	moderate	moderate	0.022	False	user_msa
Drosophila_virilis_Drosophila_virilis__Act5C__XP_002059576.1	433	433	433	368	CCA	0.07615828514099121	1	moderate	moderate	0.022	False	user_msa
Drosophila_willistoni_Drosophila_willistoni__LOC6641346__XP_023031150.1	433	433	433	368	CCA	0.07615828514099121	1	moderate	moderate	0.022	False	user_msa
Drosophila_yakuba_Drosophila_yakuba__LOC6525488__XP_002101323.1	433	433	433	368	CCC	0.07882736623287201	1	moderate	moderate	0.022	False	user_msa
Drosophila_ananassae_Drosophila_ananassae__LOC6504746__XP_032309021.1	434	434	434	369	TCC	0.07414961606264114	1	moderate	moderate	0.022	False	user_msa
Drosophila_biarmipes_Drosophila_biarmipes__LOC108031387__XP_050746516.1	434	434	434	369	TCC	0.07414961606264114	1	moderate	moderate	0.022	False	user_msa
Drosophila_mauritiana_Drosophila_mauritiana__LOC117148789__XP_033172290.1	434	434	434	369	TCC	0.07414961606264114	1	moderate	moderate	0.022	False	user_msa
Drosophila_melanogaster_Drosophila_melanogaster__Act5C__NP_511052.1	434	434	434	369	TCC	0.07414961606264114	1	moderate	moderate	0.022	False	user_msa
Drosophila_pseudoobscura_Drosophila_pseudoobscura__Act5C__XP_001354857.1	434	434	434	369	TCC	0.07414961606264114	1	moderate	moderate	0.022	False	user_msa
Drosophila_sechellia_Drosophila_sechellia__Act5C__XP_002036849.1	434	434	434	369	TCC	0.07414961606264114	1	moderate	moderate	0.022	False	user_msa
Drosophila_simulans_Drosophila_simulans__LOC6725225__XP_016038239.1	434	434	434	369	TCC	0.07414961606264114	1	moderate	moderate	0.022	False	user_msa
Drosophila_subobscura_Drosophila_subobscura__LOC117903845__XP_034672195.1	434	434	434	369	TCC	0.07414961606264114	1	moderate	moderate	0.022	False	user_msa
Drosophila_suzukii_Drosophila_suzukii__Act5C__XP_065724039.1	434	434	434	369	TCC	0.07414961606264114	1	moderate	moderate	0.022	False	user_msa
Drosophila_virilis_Drosophila_virilis__Act5C__XP_002059576.1	434	434	434	369	TCC	0.07414961606264114	1	moderate	moderate	0.022	False	user_msa
Drosophila_willistoni_Drosophila_willistoni__LOC6641346__XP_023031150.1	434	434	434	369	TCC	0.07414961606264114	1	moderate	moderate	0.022	False	user_msa
Drosophila_yakuba_Drosophila_yakuba__LOC6525488__XP_002101323.1	434	434	434	369	TCC	0.07414961606264114	1	moderate	moderate	0.022	False	user_msa
Drosophila_ananassae_Drosophila_ananassae__LOC6504746__XP_032309021.1	435	435	435	370	ATT	0.06498797982931137	1	moderate	moderate	0.022	False	user_msa
Drosophila_biarmipes_Drosophila_biarmipes__LOC108031387__XP_050746516.1	435	435	435	370	ATT	0.06498797982931137	1	moderate	moderate	0.022	False	user_msa
Drosophila_mauritiana_Drosophila_mauritiana__LOC117148789__XP_033172290.1	435	435	435	370	ATT	0.06498797982931137	1	moderate	moderate	0.022	False	user_msa
Drosophila_melanogaster_Drosophila_melanogaster__Act5C__NP_511052.1	435	435	435	370	ATT	0.06498797982931137	1	moderate	moderate	0.022	False	user_msa
Drosophila_pseudoobscura_Drosophila_pseudoobscura__Act5C__XP_001354857.1	435	435	435	370	ATT	0.06498797982931137	1	moderate	moderate	0.022	False	user_msa
Drosophila_sechellia_Drosophila_sechellia__Act5C__XP_002036849.1	435	435	435	370	ATT	0.06498797982931137	1	moderate	moderate	0.022	False	user_msa
Drosophila_simulans_Drosophila_simulans__LOC6725225__XP_016038239.1	435	435	435	370	ATT	0.06498797982931137	1	moderate	moderate	0.022	False	user_msa
Drosophila_subobscura_Drosophila_subobscura__LOC117903845__XP_034672195.1	435	435	435	370	ATT	0.06498797982931137	1	moderate	moderate	0.022	False	user_msa
Drosophila_suzukii_Drosophila_suzukii__Act5C__XP_065724039.1	435	435	435	370	ATT	0.06498797982931137	1	moderate	moderate	0.022	False	user_msa
Drosophila_virilis_Drosophila_virilis__Act5C__XP_002059576.1	435	435	435	370	ATT	0.06498797982931137	1	moderate	moderate	0.022	False	user_msa
Drosophila_willistoni_Drosophila_willistoni__LOC6641346__XP_023031150.1	435	435	435	370	ATT	0.06498797982931137	1	moderate	moderate	0.022	False	user_msa
Drosophila_yakuba_Drosophila_yakuba__LOC6525488__XP_002101323.1	435	435	435	370	ATT	0.06498797982931137	1	moderate	moderate	0.022	False	user_msa
Drosophila_ananassae_Drosophila_ananassae__LOC6504746__XP_032309021.1	436	436	436	371	GTC	0.08257951587438583	1	moderate	moderate	0.022	False	user_msa
Drosophila_biarmipes_Drosophila_biarmipes__LOC108031387__XP_050746516.1	436	436	436	371	GTG	0.08634621649980545	1	moderate	moderate	0.022	False	user_msa
Drosophila_mauritiana_Drosophila_mauritiana__LOC117148789__XP_033172290.1	436	436	436	371	GTG	0.08634621649980545	1	moderate	moderate	0.022	False	user_msa
Drosophila_melanogaster_Drosophila_melanogaster__Act5C__NP_511052.1	436	436	436	371	GTG	0.08634621649980545	1	moderate	moderate	0.022	False	user_msa
Drosophila_pseudoobscura_Drosophila_pseudoobscura__Act5C__XP_001354857.1	436	436	436	371	GTG	0.08634621649980545	1	moderate	moderate	0.022	False	user_msa
Drosophila_sechellia_Drosophila_sechellia__Act5C__XP_002036849.1	436	436	436	371	GTG	0.08634621649980545	1	moderate	moderate	0.022	False	user_msa
Drosophila_simulans_Drosophila_simulans__LOC6725225__XP_016038239.1	436	436	436	371	GTG	0.08634621649980545	1	moderate	moderate	0.022	False	user_msa
Drosophila_subobscura_Drosophila_subobscura__LOC117903845__XP_034672195.1	436	436	436	371	GTG	0.08634621649980545	1	moderate	moderate	0.022	False	user_msa
Drosophila_suzukii_Drosophila_suzukii__Act5C__XP_065724039.1	436	436	436	371	GTG	0.08634621649980545	1	moderate	moderate	0.022	False	user_msa
Drosophila_virilis_Drosophila_virilis__Act5C__XP_002059576.1	436	436	436	371	GTG	0.08634621649980545	1	moderate	moderate	0.022	False	user_msa
Drosophila_willistoni_Drosophila_willistoni__LOC6641346__XP_023031150.1	436	436	436	371	GTG	0.08634621649980545	1	moderate	moderate	0.022	False	user_msa
Drosophila_yakuba_Drosophila_yakuba__LOC6525488__XP_002101323.1	436	436	436	371	GTG	0.08634621649980545	1	moderate	moderate	0.022	False	user_msa
Drosophila_ananassae_Drosophila_ananassae__LOC6504746__XP_032309021.1	437	437	437	372	CAC	0.06543636322021484	1	moderate	moderate	0.022	False	user_msa
Drosophila_biarmipes_Drosophila_biarmipes__LOC108031387__XP_050746516.1	437	437	437	372	CAC	0.06543636322021484	1	moderate	moderate	0.022	False	user_msa
Drosophila_mauritiana_Drosophila_mauritiana__LOC117148789__XP_033172290.1	437	437	437	372	CAC	0.06543636322021484	1	moderate	moderate	0.022	False	user_msa
Drosophila_melanogaster_Drosophila_melanogaster__Act5C__NP_511052.1	437	437	437	372	CAC	0.06543636322021484	1	moderate	moderate	0.022	False	user_msa
Drosophila_pseudoobscura_Drosophila_pseudoobscura__Act5C__XP_001354857.1	437	437	437	372	CAC	0.06543636322021484	1	moderate	moderate	0.022	False	user_msa
Drosophila_sechellia_Drosophila_sechellia__Act5C__XP_002036849.1	437	437	437	372	CAC	0.06543636322021484	1	moderate	moderate	0.022	False	user_msa
Drosophila_simulans_Drosophila_simulans__LOC6725225__XP_016038239.1	437	437	437	372	CAC	0.06543636322021484	1	moderate	moderate	0.022	False	user_msa
Drosophila_subobscura_Drosophila_subobscura__LOC117903845__XP_034672195.1	437	437	437	372	CAC	0.06543636322021484	1	moderate	moderate	0.022	False	user_msa
Drosophila_suzukii_Drosophila_suzukii__Act5C__XP_065724039.1	437	437	437	372	CAC	0.06543636322021484	1	moderate	moderate	0.022	False	user_msa
Drosophila_virilis_Drosophila_virilis__Act5C__XP_002059576.1	437	437	437	372	CAC	0.06543636322021484	1	moderate	moderate	0.022	False	user_msa
Drosophila_willistoni_Drosophila_willistoni__LOC6641346__XP_023031150.1	437	437	437	372	CAC	0.06543636322021484	1	moderate	moderate	0.022	False	user_msa
Drosophila_yakuba_Drosophila_yakuba__LOC6525488__XP_002101323.1	437	437	437	372	CAC	0.06543636322021484	1	moderate	moderate	0.022	False	user_msa
Drosophila_ananassae_Drosophila_ananassae__LOC6504746__XP_032309021.1	438	438	438	373	CGC	0.06719733774662018	1	moderate	moderate	0.022	False	user_msa
Drosophila_biarmipes_Drosophila_biarmipes__LOC108031387__XP_050746516.1	438	438	438	373	CGC	0.06719733774662018	1	moderate	moderate	0.022	False	user_msa
Drosophila_mauritiana_Drosophila_mauritiana__LOC117148789__XP_033172290.1	438	438	438	373	CGC	0.06719733774662018	1	moderate	moderate	0.022	False	user_msa
Drosophila_melanogaster_Drosophila_melanogaster__Act5C__NP_511052.1	438	438	438	373	CGC	0.06719733774662018	1	moderate	moderate	0.022	False	user_msa
Drosophila_pseudoobscura_Drosophila_pseudoobscura__Act5C__XP_001354857.1	438	438	438	373	CGC	0.06719733774662018	1	moderate	moderate	0.022	False	user_msa
Drosophila_sechellia_Drosophila_sechellia__Act5C__XP_002036849.1	438	438	438	373	CGC	0.06719733774662018	1	moderate	moderate	0.022	False	user_msa
Drosophila_simulans_Drosophila_simulans__LOC6725225__XP_016038239.1	438	438	438	373	CGC	0.06719733774662018	1	moderate	moderate	0.022	False	user_msa
Drosophila_subobscura_Drosophila_subobscura__LOC117903845__XP_034672195.1	438	438	438	373	CGC	0.06719733774662018	1	moderate	moderate	0.022	False	user_msa
Drosophila_suzukii_Drosophila_suzukii__Act5C__XP_065724039.1	438	438	438	373	CGC	0.06719733774662018	1	moderate	moderate	0.022	False	user_msa
Drosophila_virilis_Drosophila_virilis__Act5C__XP_002059576.1	438	438	438	373	CGC	0.06719733774662018	1	moderate	moderate	0.022	False	user_msa
Drosophila_willistoni_Drosophila_willistoni__LOC6641346__XP_023031150.1	438	438	438	373	CGC	0.06719733774662018	1	moderate	moderate	0.022	False	user_msa
Drosophila_yakuba_Drosophila_yakuba__LOC6525488__XP_002101323.1	438	438	438	373	CGC	0.06719733774662018	1	moderate	moderate	0.022	False	user_msa
Drosophila_ananassae_Drosophila_ananassae__LOC6504746__XP_032309021.1	439	439	439	374	AAG	0.062281541526317596	1	moderate	moderate	0.022	False	user_msa
Drosophila_biarmipes_Drosophila_biarmipes__LOC108031387__XP_050746516.1	439	439	439	374	AAG	0.062281541526317596	1	moderate	moderate	0.022	False	user_msa
Drosophila_mauritiana_Drosophila_mauritiana__LOC117148789__XP_033172290.1	439	439	439	374	AAG	0.062281541526317596	1	moderate	moderate	0.022	False	user_msa
Drosophila_melanogaster_Drosophila_melanogaster__Act5C__NP_511052.1	439	439	439	374	AAG	0.062281541526317596	1	moderate	moderate	0.022	False	user_msa
Drosophila_pseudoobscura_Drosophila_pseudoobscura__Act5C__XP_001354857.1	439	439	439	374	AAG	0.062281541526317596	1	moderate	moderate	0.022	False	user_msa
Drosophila_sechellia_Drosophila_sechellia__Act5C__XP_002036849.1	439	439	439	374	AAG	0.062281541526317596	1	moderate	moderate	0.022	False	user_msa
Drosophila_simulans_Drosophila_simulans__LOC6725225__XP_016038239.1	439	439	439	374	AAG	0.062281541526317596	1	moderate	moderate	0.022	False	user_msa
Drosophila_subobscura_Drosophila_subobscura__LOC117903845__XP_034672195.1	439	439	439	374	AAG	0.062281541526317596	1	moderate	moderate	0.022	False	user_msa
Drosophila_suzukii_Drosophila_suzukii__Act5C__XP_065724039.1	439	439	439	374	AAG	0.062281541526317596	1	moderate	moderate	0.022	False	user_msa
Drosophila_virilis_Drosophila_virilis__Act5C__XP_002059576.1	439	439	439	374	AAG	0.062281541526317596	1	moderate	moderate	0.022	False	user_msa
Drosophila_willistoni_Drosophila_willistoni__LOC6641346__XP_023031150.1	439	439	439	374	AAG	0.062281541526317596	1	moderate	moderate	0.022	False	user_msa
Drosophila_yakuba_Drosophila_yakuba__LOC6525488__XP_002101323.1	439	439	439	374	AAG	0.062281541526317596	1	moderate	moderate	0.022	False	user_msa
Drosophila_ananassae_Drosophila_ananassae__LOC6504746__XP_032309021.1	440	440	440	375	TGC	0.07543910294771194	1	moderate	moderate	0.022	False	user_msa
Drosophila_biarmipes_Drosophila_biarmipes__LOC108031387__XP_050746516.1	440	440	440	375	TGC	0.07543910294771194	1	moderate	moderate	0.022	False	user_msa
Drosophila_mauritiana_Drosophila_mauritiana__LOC117148789__XP_033172290.1	440	440	440	375	TGC	0.07543910294771194	1	moderate	moderate	0.022	False	user_msa
Drosophila_melanogaster_Drosophila_melanogaster__Act5C__NP_511052.1	440	440	440	375	TGC	0.07543910294771194	1	moderate	moderate	0.022	False	user_msa
Drosophila_pseudoobscura_Drosophila_pseudoobscura__Act5C__XP_001354857.1	440	440	440	375	TGC	0.07543910294771194	1	moderate	moderate	0.022	False	user_msa
Drosophila_sechellia_Drosophila_sechellia__Act5C__XP_002036849.1	440	440	440	375	TGC	0.07543910294771194	1	moderate	moderate	0.022	False	user_msa
Drosophila_simulans_Drosophila_simulans__LOC6725225__XP_016038239.1	440	440	440	375	TGC	0.07543910294771194	1	moderate	moderate	0.022	False	user_msa
Drosophila_subobscura_Drosophila_subobscura__LOC117903845__XP_034672195.1	440	440	440	375	TGC	0.07543910294771194	1	moderate	moderate	0.022	False	user_msa
Drosophila_suzukii_Drosophila_suzukii__Act5C__XP_065724039.1	440	440	440	375	TGC	0.07543910294771194	1	moderate	moderate	0.022	False	user_msa
Drosophila_virilis_Drosophila_virilis__Act5C__XP_002059576.1	440	440	440	375	TGC	0.07543910294771194	1	moderate	moderate	0.022	False	user_msa
Drosophila_willistoni_Drosophila_willistoni__LOC6641346__XP_023031150.1	440	440	440	375	TGC	0.07543910294771194	1	moderate	moderate	0.022	False	user_msa
Drosophila_yakuba_Drosophila_yakuba__LOC6525488__XP_002101323.1	440	440	440	375	TGC	0.07543910294771194	1	moderate	moderate	0.022	False	user_msa
Drosophila_ananassae_Drosophila_ananassae__LOC6504746__XP_032309021.1	441	441	441	376	TTC	0.0767224133014679	1	moderate	moderate	0.022	False	user_msa
Drosophila_biarmipes_Drosophila_biarmipes__LOC108031387__XP_050746516.1	441	441	441	376	TTC	0.0767224133014679	1	moderate	moderate	0.022	False	user_msa
Drosophila_mauritiana_Drosophila_mauritiana__LOC117148789__XP_033172290.1	441	441	441	376	TTC	0.0767224133014679	1	moderate	moderate	0.022	False	user_msa
Drosophila_melanogaster_Drosophila_melanogaster__Act5C__NP_511052.1	441	441	441	376	TTC	0.0767224133014679	1	moderate	moderate	0.022	False	user_msa
Drosophila_pseudoobscura_Drosophila_pseudoobscura__Act5C__XP_001354857.1	441	441	441	376	TTC	0.0767224133014679	1	moderate	moderate	0.022	False	user_msa
Drosophila_sechellia_Drosophila_sechellia__Act5C__XP_002036849.1	441	441	441	376	TTC	0.0767224133014679	1	moderate	moderate	0.022	False	user_msa
Drosophila_simulans_Drosophila_simulans__LOC6725225__XP_016038239.1	441	441	441	376	TTC	0.0767224133014679	1	moderate	moderate	0.022	False	user_msa
Drosophila_subobscura_Drosophila_subobscura__LOC117903845__XP_034672195.1	441	441	441	376	TTC	0.0767224133014679	1	moderate	moderate	0.022	False	user_msa
Drosophila_suzukii_Drosophila_suzukii__Act5C__XP_065724039.1	441	441	441	376	TTC	0.0767224133014679	1	moderate	moderate	0.022	False	user_msa
Drosophila_virilis_Drosophila_virilis__Act5C__XP_002059576.1	441	441	441	376	TTC	0.0767224133014679	1	moderate	moderate	0.022	False	user_msa
Drosophila_willistoni_Drosophila_willistoni__LOC6641346__XP_023031150.1	441	441	441	376	TTC	0.0767224133014679	1	moderate	moderate	0.022	False	user_msa
Drosophila_yakuba_Drosophila_yakuba__LOC6525488__XP_002101323.1	441	441	441	376	TTC	0.0767224133014679	1	moderate	moderate	0.022	False	user_msa
