branch_id	codon_site	msa_codon_site	aligned_codon_site	branch_degapped_codon_site	branch_codon	prob_positive	called_positive	confidence	tier_model	calibrated_threshold	diagnostic_only	method
Drosophila_ananassae_Drosophila_ananassae__LOC6501076__XP_001954513.1	1	1	1		---	0.03414134681224823	1	moderate	moderate	0.022	False	user_msa
Drosophila_biarmipes_Drosophila_biarmipes__LOC108026160__XP_016952383.1	1	1	1		---	0.03414134681224823	1	moderate	moderate	0.022	False	user_msa
Drosophila_mauritiana_Drosophila_mauritiana__LOC117145868__XP_033167581.1	1	1	1		---	0.03414134681224823	1	moderate	moderate	0.022	False	user_msa
Drosophila_melanogaster_Drosophila_melanogaster__Act88F__NP_524367.1	1	1	1		---	0.03414134681224823	1	moderate	moderate	0.022	False	user_msa
Drosophila_pseudoobscura_Drosophila_pseudoobscura__Act88F__XP_002137155.1	1	1	1		---	0.03414134681224823	1	moderate	moderate	0.022	False	user_msa
Drosophila_sechellia_Drosophila_sechellia__Act88F__XP_002031056.2	1	1	1		---	0.03414134681224823	1	moderate	moderate	0.022	False	user_msa
Drosophila_simulans_Drosophila_simulans__LOC6727955__XP_016034553.1	1	1	1		---	0.03414134681224823	1	moderate	moderate	0.022	False	user_msa
Drosophila_subobscura_Drosophila_subobscura__LOC117898432__XP_034663715.1	1	1	1		---	0.03414134681224823	1	moderate	moderate	0.022	False	user_msa
Drosophila_suzukii_Drosophila_suzukii__Act88F__XP_016925443.1	1	1	1		---	0.03414134681224823	1	moderate	moderate	0.022	False	user_msa
Drosophila_virilis_Drosophila_virilis__Act88F__XP_002054294.1	1	1	1		---	0.03414134681224823	1	moderate	moderate	0.022	False	user_msa
Drosophila_willistoni_Drosophila_willistoni__LOC6646901__XP_002069647.1	1	1	1		---	0.03414134681224823	1	moderate	moderate	0.022	False	user_msa
Drosophila_yakuba_Drosophila_yakuba__LOC6537169__XP_002097730.1	1	1	1		---	0.03414134681224823	1	moderate	moderate	0.022	False	user_msa
Drosophila_ananassae_Drosophila_ananassae__LOC6501076__XP_001954513.1	2	2	2		---	0.03414338454604149	1	moderate	moderate	0.022	False	user_msa
Drosophila_biarmipes_Drosophila_biarmipes__LOC108026160__XP_016952383.1	2	2	2		---	0.03414338454604149	1	moderate	moderate	0.022	False	user_msa
Drosophila_mauritiana_Drosophila_mauritiana__LOC117145868__XP_033167581.1	2	2	2		---	0.03414338454604149	1	moderate	moderate	0.022	False	user_msa
Drosophila_melanogaster_Drosophila_melanogaster__Act88F__NP_524367.1	2	2	2		---	0.03414338454604149	1	moderate	moderate	0.022	False	user_msa
Drosophila_pseudoobscura_Drosophila_pseudoobscura__Act88F__XP_002137155.1	2	2	2		---	0.03414338454604149	1	moderate	moderate	0.022	False	user_msa
Drosophila_sechellia_Drosophila_sechellia__Act88F__XP_002031056.2	2	2	2		---	0.03414338454604149	1	moderate	moderate	0.022	False	user_msa
Drosophila_simulans_Drosophila_simulans__LOC6727955__XP_016034553.1	2	2	2		---	0.03414338454604149	1	moderate	moderate	0.022	False	user_msa
Drosophila_subobscura_Drosophila_subobscura__LOC117898432__XP_034663715.1	2	2	2		---	0.03414338454604149	1	moderate	moderate	0.022	False	user_msa
Drosophila_suzukii_Drosophila_suzukii__Act88F__XP_016925443.1	2	2	2		---	0.03414338454604149	1	moderate	moderate	0.022	False	user_msa
Drosophila_virilis_Drosophila_virilis__Act88F__XP_002054294.1	2	2	2		---	0.03414338454604149	1	moderate	moderate	0.022	False	user_msa
Drosophila_willistoni_Drosophila_willistoni__LOC6646901__XP_002069647.1	2	2	2		---	0.03414338454604149	1	moderate	moderate	0.022	False	user_msa
Drosophila_yakuba_Drosophila_yakuba__LOC6537169__XP_002097730.1	2	2	2		---	0.03414338454604149	1	moderate	moderate	0.022	False	user_msa
Drosophila_ananassae_Drosophila_ananassae__LOC6501076__XP_001954513.1	3	3	3		---	0.034145474433898926	1	moderate	moderate	0.022	False	user_msa
Drosophila_biarmipes_Drosophila_biarmipes__LOC108026160__XP_016952383.1	3	3	3		---	0.034145474433898926	1	moderate	moderate	0.022	False	user_msa
Drosophila_mauritiana_Drosophila_mauritiana__LOC117145868__XP_033167581.1	3	3	3		---	0.034145474433898926	1	moderate	moderate	0.022	False	user_msa
Drosophila_melanogaster_Drosophila_melanogaster__Act88F__NP_524367.1	3	3	3		---	0.034145474433898926	1	moderate	moderate	0.022	False	user_msa
Drosophila_pseudoobscura_Drosophila_pseudoobscura__Act88F__XP_002137155.1	3	3	3		---	0.034145474433898926	1	moderate	moderate	0.022	False	user_msa
Drosophila_sechellia_Drosophila_sechellia__Act88F__XP_002031056.2	3	3	3		---	0.034145474433898926	1	moderate	moderate	0.022	False	user_msa
Drosophila_simulans_Drosophila_simulans__LOC6727955__XP_016034553.1	3	3	3		---	0.034145474433898926	1	moderate	moderate	0.022	False	user_msa
Drosophila_subobscura_Drosophila_subobscura__LOC117898432__XP_034663715.1	3	3	3		---	0.034145474433898926	1	moderate	moderate	0.022	False	user_msa
Drosophila_suzukii_Drosophila_suzukii__Act88F__XP_016925443.1	3	3	3		---	0.034145474433898926	1	moderate	moderate	0.022	False	user_msa
Drosophila_virilis_Drosophila_virilis__Act88F__XP_002054294.1	3	3	3		---	0.034145474433898926	1	moderate	moderate	0.022	False	user_msa
Drosophila_willistoni_Drosophila_willistoni__LOC6646901__XP_002069647.1	3	3	3		---	0.034145474433898926	1	moderate	moderate	0.022	False	user_msa
Drosophila_yakuba_Drosophila_yakuba__LOC6537169__XP_002097730.1	3	3	3		---	0.034145474433898926	1	moderate	moderate	0.022	False	user_msa
Drosophila_ananassae_Drosophila_ananassae__LOC6501076__XP_001954513.1	4	4	4		---	0.0341474786400795	1	moderate	moderate	0.022	False	user_msa
Drosophila_biarmipes_Drosophila_biarmipes__LOC108026160__XP_016952383.1	4	4	4		---	0.0341474786400795	1	moderate	moderate	0.022	False	user_msa
Drosophila_mauritiana_Drosophila_mauritiana__LOC117145868__XP_033167581.1	4	4	4		---	0.0341474786400795	1	moderate	moderate	0.022	False	user_msa
Drosophila_melanogaster_Drosophila_melanogaster__Act88F__NP_524367.1	4	4	4		---	0.0341474786400795	1	moderate	moderate	0.022	False	user_msa
Drosophila_pseudoobscura_Drosophila_pseudoobscura__Act88F__XP_002137155.1	4	4	4		---	0.0341474786400795	1	moderate	moderate	0.022	False	user_msa
Drosophila_sechellia_Drosophila_sechellia__Act88F__XP_002031056.2	4	4	4		---	0.0341474786400795	1	moderate	moderate	0.022	False	user_msa
Drosophila_simulans_Drosophila_simulans__LOC6727955__XP_016034553.1	4	4	4		---	0.0341474786400795	1	moderate	moderate	0.022	False	user_msa
Drosophila_subobscura_Drosophila_subobscura__LOC117898432__XP_034663715.1	4	4	4		---	0.0341474786400795	1	moderate	moderate	0.022	False	user_msa
Drosophila_suzukii_Drosophila_suzukii__Act88F__XP_016925443.1	4	4	4		---	0.0341474786400795	1	moderate	moderate	0.022	False	user_msa
Drosophila_virilis_Drosophila_virilis__Act88F__XP_002054294.1	4	4	4		---	0.0341474786400795	1	moderate	moderate	0.022	False	user_msa
Drosophila_willistoni_Drosophila_willistoni__LOC6646901__XP_002069647.1	4	4	4		---	0.0341474786400795	1	moderate	moderate	0.022	False	user_msa
Drosophila_yakuba_Drosophila_yakuba__LOC6537169__XP_002097730.1	4	4	4		---	0.0341474786400795	1	moderate	moderate	0.022	False	user_msa
Drosophila_ananassae_Drosophila_ananassae__LOC6501076__XP_001954513.1	5	5	5		---	0.034149523824453354	1	moderate	moderate	0.022	False	user_msa
Drosophila_biarmipes_Drosophila_biarmipes__LOC108026160__XP_016952383.1	5	5	5		---	0.034149523824453354	1	moderate	moderate	0.022	False	user_msa
Drosophila_mauritiana_Drosophila_mauritiana__LOC117145868__XP_033167581.1	5	5	5		---	0.034149523824453354	1	moderate	moderate	0.022	False	user_msa
Drosophila_melanogaster_Drosophila_melanogaster__Act88F__NP_524367.1	5	5	5		---	0.034149523824453354	1	moderate	moderate	0.022	False	user_msa
Drosophila_pseudoobscura_Drosophila_pseudoobscura__Act88F__XP_002137155.1	5	5	5		---	0.034149523824453354	1	moderate	moderate	0.022	False	user_msa
Drosophila_sechellia_Drosophila_sechellia__Act88F__XP_002031056.2	5	5	5		---	0.034149523824453354	1	moderate	moderate	0.022	False	user_msa
Drosophila_simulans_Drosophila_simulans__LOC6727955__XP_016034553.1	5	5	5		---	0.034149523824453354	1	moderate	moderate	0.022	False	user_msa
Drosophila_subobscura_Drosophila_subobscura__LOC117898432__XP_034663715.1	5	5	5		---	0.034149523824453354	1	moderate	moderate	0.022	False	user_msa
Drosophila_suzukii_Drosophila_suzukii__Act88F__XP_016925443.1	5	5	5		---	0.034149523824453354	1	moderate	moderate	0.022	False	user_msa
Drosophila_virilis_Drosophila_virilis__Act88F__XP_002054294.1	5	5	5		---	0.034149523824453354	1	moderate	moderate	0.022	False	user_msa
Drosophila_willistoni_Drosophila_willistoni__LOC6646901__XP_002069647.1	5	5	5		---	0.034149523824453354	1	moderate	moderate	0.022	False	user_msa
Drosophila_yakuba_Drosophila_yakuba__LOC6537169__XP_002097730.1	5	5	5		---	0.034149523824453354	1	moderate	moderate	0.022	False	user_msa
Drosophila_ananassae_Drosophila_ananassae__LOC6501076__XP_001954513.1	6	6	6		---	0.034151606261730194	1	moderate	moderate	0.022	False	user_msa
Drosophila_biarmipes_Drosophila_biarmipes__LOC108026160__XP_016952383.1	6	6	6		---	0.034151606261730194	1	moderate	moderate	0.022	False	user_msa
Drosophila_mauritiana_Drosophila_mauritiana__LOC117145868__XP_033167581.1	6	6	6		---	0.034151606261730194	1	moderate	moderate	0.022	False	user_msa
Drosophila_melanogaster_Drosophila_melanogaster__Act88F__NP_524367.1	6	6	6		---	0.034151606261730194	1	moderate	moderate	0.022	False	user_msa
Drosophila_pseudoobscura_Drosophila_pseudoobscura__Act88F__XP_002137155.1	6	6	6		---	0.034151606261730194	1	moderate	moderate	0.022	False	user_msa
Drosophila_sechellia_Drosophila_sechellia__Act88F__XP_002031056.2	6	6	6		---	0.034151606261730194	1	moderate	moderate	0.022	False	user_msa
Drosophila_simulans_Drosophila_simulans__LOC6727955__XP_016034553.1	6	6	6		---	0.034151606261730194	1	moderate	moderate	0.022	False	user_msa
Drosophila_subobscura_Drosophila_subobscura__LOC117898432__XP_034663715.1	6	6	6		---	0.034151606261730194	1	moderate	moderate	0.022	False	user_msa
Drosophila_suzukii_Drosophila_suzukii__Act88F__XP_016925443.1	6	6	6		---	0.034151606261730194	1	moderate	moderate	0.022	False	user_msa
Drosophila_virilis_Drosophila_virilis__Act88F__XP_002054294.1	6	6	6		---	0.034151606261730194	1	moderate	moderate	0.022	False	user_msa
Drosophila_willistoni_Drosophila_willistoni__LOC6646901__XP_002069647.1	6	6	6		---	0.034151606261730194	1	moderate	moderate	0.022	False	user_msa
Drosophila_yakuba_Drosophila_yakuba__LOC6537169__XP_002097730.1	6	6	6		---	0.034151606261730194	1	moderate	moderate	0.022	False	user_msa
Drosophila_ananassae_Drosophila_ananassae__LOC6501076__XP_001954513.1	7	7	7		---	0.03415364399552345	1	moderate	moderate	0.022	False	user_msa
Drosophila_biarmipes_Drosophila_biarmipes__LOC108026160__XP_016952383.1	7	7	7		---	0.03415364399552345	1	moderate	moderate	0.022	False	user_msa
Drosophila_mauritiana_Drosophila_mauritiana__LOC117145868__XP_033167581.1	7	7	7		---	0.03415364399552345	1	moderate	moderate	0.022	False	user_msa
Drosophila_melanogaster_Drosophila_melanogaster__Act88F__NP_524367.1	7	7	7		---	0.03415364399552345	1	moderate	moderate	0.022	False	user_msa
Drosophila_pseudoobscura_Drosophila_pseudoobscura__Act88F__XP_002137155.1	7	7	7		---	0.03415364399552345	1	moderate	moderate	0.022	False	user_msa
Drosophila_sechellia_Drosophila_sechellia__Act88F__XP_002031056.2	7	7	7		---	0.03415364399552345	1	moderate	moderate	0.022	False	user_msa
Drosophila_simulans_Drosophila_simulans__LOC6727955__XP_016034553.1	7	7	7		---	0.03415364399552345	1	moderate	moderate	0.022	False	user_msa
Drosophila_subobscura_Drosophila_subobscura__LOC117898432__XP_034663715.1	7	7	7		---	0.03415364399552345	1	moderate	moderate	0.022	False	user_msa
Drosophila_suzukii_Drosophila_suzukii__Act88F__XP_016925443.1	7	7	7		---	0.03415364399552345	1	moderate	moderate	0.022	False	user_msa
Drosophila_virilis_Drosophila_virilis__Act88F__XP_002054294.1	7	7	7		---	0.03415364399552345	1	moderate	moderate	0.022	False	user_msa
Drosophila_willistoni_Drosophila_willistoni__LOC6646901__XP_002069647.1	7	7	7		---	0.03415364399552345	1	moderate	moderate	0.022	False	user_msa
Drosophila_yakuba_Drosophila_yakuba__LOC6537169__XP_002097730.1	7	7	7		---	0.03415364399552345	1	moderate	moderate	0.022	False	user_msa
Drosophila_ananassae_Drosophila_ananassae__LOC6501076__XP_001954513.1	8	8	8		---	0.03415572643280029	1	moderate	moderate	0.022	False	user_msa
Drosophila_biarmipes_Drosophila_biarmipes__LOC108026160__XP_016952383.1	8	8	8		---	0.03415572643280029	1	moderate	moderate	0.022	False	user_msa
Drosophila_mauritiana_Drosophila_mauritiana__LOC117145868__XP_033167581.1	8	8	8		---	0.03415572643280029	1	moderate	moderate	0.022	False	user_msa
Drosophila_melanogaster_Drosophila_melanogaster__Act88F__NP_524367.1	8	8	8		---	0.03415572643280029	1	moderate	moderate	0.022	False	user_msa
Drosophila_pseudoobscura_Drosophila_pseudoobscura__Act88F__XP_002137155.1	8	8	8		---	0.03415572643280029	1	moderate	moderate	0.022	False	user_msa
Drosophila_sechellia_Drosophila_sechellia__Act88F__XP_002031056.2	8	8	8		---	0.03415572643280029	1	moderate	moderate	0.022	False	user_msa
Drosophila_simulans_Drosophila_simulans__LOC6727955__XP_016034553.1	8	8	8		---	0.03415572643280029	1	moderate	moderate	0.022	False	user_msa
Drosophila_subobscura_Drosophila_subobscura__LOC117898432__XP_034663715.1	8	8	8		---	0.03415572643280029	1	moderate	moderate	0.022	False	user_msa
Drosophila_suzukii_Drosophila_suzukii__Act88F__XP_016925443.1	8	8	8		---	0.03415572643280029	1	moderate	moderate	0.022	False	user_msa
Drosophila_virilis_Drosophila_virilis__Act88F__XP_002054294.1	8	8	8		---	0.03415572643280029	1	moderate	moderate	0.022	False	user_msa
Drosophila_willistoni_Drosophila_willistoni__LOC6646901__XP_002069647.1	8	8	8		---	0.03415572643280029	1	moderate	moderate	0.022	False	user_msa
Drosophila_yakuba_Drosophila_yakuba__LOC6537169__XP_002097730.1	8	8	8		---	0.03415572643280029	1	moderate	moderate	0.022	False	user_msa
Drosophila_ananassae_Drosophila_ananassae__LOC6501076__XP_001954513.1	9	9	9		---	0.03415774926543236	1	moderate	moderate	0.022	False	user_msa
Drosophila_biarmipes_Drosophila_biarmipes__LOC108026160__XP_016952383.1	9	9	9		---	0.03415774926543236	1	moderate	moderate	0.022	False	user_msa
Drosophila_mauritiana_Drosophila_mauritiana__LOC117145868__XP_033167581.1	9	9	9		---	0.03415774926543236	1	moderate	moderate	0.022	False	user_msa
Drosophila_melanogaster_Drosophila_melanogaster__Act88F__NP_524367.1	9	9	9		---	0.03415774926543236	1	moderate	moderate	0.022	False	user_msa
Drosophila_pseudoobscura_Drosophila_pseudoobscura__Act88F__XP_002137155.1	9	9	9		---	0.03415774926543236	1	moderate	moderate	0.022	False	user_msa
Drosophila_sechellia_Drosophila_sechellia__Act88F__XP_002031056.2	9	9	9		---	0.03415774926543236	1	moderate	moderate	0.022	False	user_msa
Drosophila_simulans_Drosophila_simulans__LOC6727955__XP_016034553.1	9	9	9		---	0.03415774926543236	1	moderate	moderate	0.022	False	user_msa
Drosophila_subobscura_Drosophila_subobscura__LOC117898432__XP_034663715.1	9	9	9		---	0.03415774926543236	1	moderate	moderate	0.022	False	user_msa
Drosophila_suzukii_Drosophila_suzukii__Act88F__XP_016925443.1	9	9	9		---	0.03415774926543236	1	moderate	moderate	0.022	False	user_msa
Drosophila_virilis_Drosophila_virilis__Act88F__XP_002054294.1	9	9	9		---	0.03415774926543236	1	moderate	moderate	0.022	False	user_msa
Drosophila_willistoni_Drosophila_willistoni__LOC6646901__XP_002069647.1	9	9	9		---	0.03415774926543236	1	moderate	moderate	0.022	False	user_msa
Drosophila_yakuba_Drosophila_yakuba__LOC6537169__XP_002097730.1	9	9	9		---	0.03415774926543236	1	moderate	moderate	0.022	False	user_msa
Drosophila_ananassae_Drosophila_ananassae__LOC6501076__XP_001954513.1	10	10	10		---	0.03415980562567711	1	moderate	moderate	0.022	False	user_msa
Drosophila_biarmipes_Drosophila_biarmipes__LOC108026160__XP_016952383.1	10	10	10		---	0.03415980562567711	1	moderate	moderate	0.022	False	user_msa
Drosophila_mauritiana_Drosophila_mauritiana__LOC117145868__XP_033167581.1	10	10	10		---	0.03415980562567711	1	moderate	moderate	0.022	False	user_msa
Drosophila_melanogaster_Drosophila_melanogaster__Act88F__NP_524367.1	10	10	10		---	0.03415980562567711	1	moderate	moderate	0.022	False	user_msa
Drosophila_pseudoobscura_Drosophila_pseudoobscura__Act88F__XP_002137155.1	10	10	10		---	0.03415980562567711	1	moderate	moderate	0.022	False	user_msa
Drosophila_sechellia_Drosophila_sechellia__Act88F__XP_002031056.2	10	10	10		---	0.03415980562567711	1	moderate	moderate	0.022	False	user_msa
Drosophila_simulans_Drosophila_simulans__LOC6727955__XP_016034553.1	10	10	10		---	0.03415980562567711	1	moderate	moderate	0.022	False	user_msa
Drosophila_subobscura_Drosophila_subobscura__LOC117898432__XP_034663715.1	10	10	10		---	0.03415980562567711	1	moderate	moderate	0.022	False	user_msa
Drosophila_suzukii_Drosophila_suzukii__Act88F__XP_016925443.1	10	10	10		---	0.03415980562567711	1	moderate	moderate	0.022	False	user_msa
Drosophila_virilis_Drosophila_virilis__Act88F__XP_002054294.1	10	10	10		---	0.03415980562567711	1	moderate	moderate	0.022	False	user_msa
Drosophila_willistoni_Drosophila_willistoni__LOC6646901__XP_002069647.1	10	10	10		---	0.03415980562567711	1	moderate	moderate	0.022	False	user_msa
Drosophila_yakuba_Drosophila_yakuba__LOC6537169__XP_002097730.1	10	10	10		---	0.03415980562567711	1	moderate	moderate	0.022	False	user_msa
Drosophila_ananassae_Drosophila_ananassae__LOC6501076__XP_001954513.1	11	11	11		---	0.03416181728243828	1	moderate	moderate	0.022	False	user_msa
Drosophila_biarmipes_Drosophila_biarmipes__LOC108026160__XP_016952383.1	11	11	11		---	0.03416181728243828	1	moderate	moderate	0.022	False	user_msa
Drosophila_mauritiana_Drosophila_mauritiana__LOC117145868__XP_033167581.1	11	11	11		---	0.03416181728243828	1	moderate	moderate	0.022	False	user_msa
Drosophila_melanogaster_Drosophila_melanogaster__Act88F__NP_524367.1	11	11	11		---	0.03416181728243828	1	moderate	moderate	0.022	False	user_msa
Drosophila_pseudoobscura_Drosophila_pseudoobscura__Act88F__XP_002137155.1	11	11	11		---	0.03416181728243828	1	moderate	moderate	0.022	False	user_msa
Drosophila_sechellia_Drosophila_sechellia__Act88F__XP_002031056.2	11	11	11		---	0.03416181728243828	1	moderate	moderate	0.022	False	user_msa
Drosophila_simulans_Drosophila_simulans__LOC6727955__XP_016034553.1	11	11	11		---	0.03416181728243828	1	moderate	moderate	0.022	False	user_msa
Drosophila_subobscura_Drosophila_subobscura__LOC117898432__XP_034663715.1	11	11	11		---	0.03416181728243828	1	moderate	moderate	0.022	False	user_msa
Drosophila_suzukii_Drosophila_suzukii__Act88F__XP_016925443.1	11	11	11		---	0.03416181728243828	1	moderate	moderate	0.022	False	user_msa
Drosophila_virilis_Drosophila_virilis__Act88F__XP_002054294.1	11	11	11		---	0.03416181728243828	1	moderate	moderate	0.022	False	user_msa
Drosophila_willistoni_Drosophila_willistoni__LOC6646901__XP_002069647.1	11	11	11		---	0.03416181728243828	1	moderate	moderate	0.022	False	user_msa
Drosophila_yakuba_Drosophila_yakuba__LOC6537169__XP_002097730.1	11	11	11		---	0.03416181728243828	1	moderate	moderate	0.022	False	user_msa
Drosophila_ananassae_Drosophila_ananassae__LOC6501076__XP_001954513.1	12	12	12		---	0.03416388854384422	1	moderate	moderate	0.022	False	user_msa
Drosophila_biarmipes_Drosophila_biarmipes__LOC108026160__XP_016952383.1	12	12	12		---	0.03416388854384422	1	moderate	moderate	0.022	False	user_msa
Drosophila_mauritiana_Drosophila_mauritiana__LOC117145868__XP_033167581.1	12	12	12		---	0.03416388854384422	1	moderate	moderate	0.022	False	user_msa
Drosophila_melanogaster_Drosophila_melanogaster__Act88F__NP_524367.1	12	12	12		---	0.03416388854384422	1	moderate	moderate	0.022	False	user_msa
Drosophila_pseudoobscura_Drosophila_pseudoobscura__Act88F__XP_002137155.1	12	12	12		---	0.03416388854384422	1	moderate	moderate	0.022	False	user_msa
Drosophila_sechellia_Drosophila_sechellia__Act88F__XP_002031056.2	12	12	12		---	0.03416388854384422	1	moderate	moderate	0.022	False	user_msa
Drosophila_simulans_Drosophila_simulans__LOC6727955__XP_016034553.1	12	12	12		---	0.03416388854384422	1	moderate	moderate	0.022	False	user_msa
Drosophila_subobscura_Drosophila_subobscura__LOC117898432__XP_034663715.1	12	12	12		---	0.03416388854384422	1	moderate	moderate	0.022	False	user_msa
Drosophila_suzukii_Drosophila_suzukii__Act88F__XP_016925443.1	12	12	12		---	0.03416388854384422	1	moderate	moderate	0.022	False	user_msa
Drosophila_virilis_Drosophila_virilis__Act88F__XP_002054294.1	12	12	12		---	0.03416388854384422	1	moderate	moderate	0.022	False	user_msa
Drosophila_willistoni_Drosophila_willistoni__LOC6646901__XP_002069647.1	12	12	12		---	0.03416388854384422	1	moderate	moderate	0.022	False	user_msa
Drosophila_yakuba_Drosophila_yakuba__LOC6537169__XP_002097730.1	12	12	12		---	0.03416388854384422	1	moderate	moderate	0.022	False	user_msa
Drosophila_ananassae_Drosophila_ananassae__LOC6501076__XP_001954513.1	13	13	13		---	0.034165963530540466	1	moderate	moderate	0.022	False	user_msa
Drosophila_biarmipes_Drosophila_biarmipes__LOC108026160__XP_016952383.1	13	13	13		---	0.034165963530540466	1	moderate	moderate	0.022	False	user_msa
Drosophila_mauritiana_Drosophila_mauritiana__LOC117145868__XP_033167581.1	13	13	13		---	0.034165963530540466	1	moderate	moderate	0.022	False	user_msa
Drosophila_melanogaster_Drosophila_melanogaster__Act88F__NP_524367.1	13	13	13		---	0.034165963530540466	1	moderate	moderate	0.022	False	user_msa
Drosophila_pseudoobscura_Drosophila_pseudoobscura__Act88F__XP_002137155.1	13	13	13		---	0.034165963530540466	1	moderate	moderate	0.022	False	user_msa
Drosophila_sechellia_Drosophila_sechellia__Act88F__XP_002031056.2	13	13	13		---	0.034165963530540466	1	moderate	moderate	0.022	False	user_msa
Drosophila_simulans_Drosophila_simulans__LOC6727955__XP_016034553.1	13	13	13		---	0.034165963530540466	1	moderate	moderate	0.022	False	user_msa
Drosophila_subobscura_Drosophila_subobscura__LOC117898432__XP_034663715.1	13	13	13		---	0.034165963530540466	1	moderate	moderate	0.022	False	user_msa
Drosophila_suzukii_Drosophila_suzukii__Act88F__XP_016925443.1	13	13	13		---	0.034165963530540466	1	moderate	moderate	0.022	False	user_msa
Drosophila_virilis_Drosophila_virilis__Act88F__XP_002054294.1	13	13	13		---	0.034165963530540466	1	moderate	moderate	0.022	False	user_msa
Drosophila_willistoni_Drosophila_willistoni__LOC6646901__XP_002069647.1	13	13	13		---	0.034165963530540466	1	moderate	moderate	0.022	False	user_msa
Drosophila_yakuba_Drosophila_yakuba__LOC6537169__XP_002097730.1	13	13	13		---	0.034165963530540466	1	moderate	moderate	0.022	False	user_msa
Drosophila_ananassae_Drosophila_ananassae__LOC6501076__XP_001954513.1	14	14	14		---	0.034167952835559845	1	moderate	moderate	0.022	False	user_msa
Drosophila_biarmipes_Drosophila_biarmipes__LOC108026160__XP_016952383.1	14	14	14		---	0.034167952835559845	1	moderate	moderate	0.022	False	user_msa
Drosophila_mauritiana_Drosophila_mauritiana__LOC117145868__XP_033167581.1	14	14	14		---	0.034167952835559845	1	moderate	moderate	0.022	False	user_msa
Drosophila_melanogaster_Drosophila_melanogaster__Act88F__NP_524367.1	14	14	14		---	0.034167952835559845	1	moderate	moderate	0.022	False	user_msa
Drosophila_pseudoobscura_Drosophila_pseudoobscura__Act88F__XP_002137155.1	14	14	14		---	0.034167952835559845	1	moderate	moderate	0.022	False	user_msa
Drosophila_sechellia_Drosophila_sechellia__Act88F__XP_002031056.2	14	14	14		---	0.034167952835559845	1	moderate	moderate	0.022	False	user_msa
Drosophila_simulans_Drosophila_simulans__LOC6727955__XP_016034553.1	14	14	14		---	0.034167952835559845	1	moderate	moderate	0.022	False	user_msa
Drosophila_subobscura_Drosophila_subobscura__LOC117898432__XP_034663715.1	14	14	14		---	0.034167952835559845	1	moderate	moderate	0.022	False	user_msa
Drosophila_suzukii_Drosophila_suzukii__Act88F__XP_016925443.1	14	14	14		---	0.034167952835559845	1	moderate	moderate	0.022	False	user_msa
Drosophila_virilis_Drosophila_virilis__Act88F__XP_002054294.1	14	14	14		---	0.034167952835559845	1	moderate	moderate	0.022	False	user_msa
Drosophila_willistoni_Drosophila_willistoni__LOC6646901__XP_002069647.1	14	14	14		---	0.034167952835559845	1	moderate	moderate	0.022	False	user_msa
Drosophila_yakuba_Drosophila_yakuba__LOC6537169__XP_002097730.1	14	14	14		---	0.034167952835559845	1	moderate	moderate	0.022	False	user_msa
Drosophila_ananassae_Drosophila_ananassae__LOC6501076__XP_001954513.1	15	15	15		---	0.03417001664638519	1	moderate	moderate	0.022	False	user_msa
Drosophila_biarmipes_Drosophila_biarmipes__LOC108026160__XP_016952383.1	15	15	15		---	0.03417001664638519	1	moderate	moderate	0.022	False	user_msa
Drosophila_mauritiana_Drosophila_mauritiana__LOC117145868__XP_033167581.1	15	15	15		---	0.03417001664638519	1	moderate	moderate	0.022	False	user_msa
Drosophila_melanogaster_Drosophila_melanogaster__Act88F__NP_524367.1	15	15	15		---	0.03417001664638519	1	moderate	moderate	0.022	False	user_msa
Drosophila_pseudoobscura_Drosophila_pseudoobscura__Act88F__XP_002137155.1	15	15	15		---	0.03417001664638519	1	moderate	moderate	0.022	False	user_msa
Drosophila_sechellia_Drosophila_sechellia__Act88F__XP_002031056.2	15	15	15		---	0.03417001664638519	1	moderate	moderate	0.022	False	user_msa
Drosophila_simulans_Drosophila_simulans__LOC6727955__XP_016034553.1	15	15	15		---	0.03417001664638519	1	moderate	moderate	0.022	False	user_msa
Drosophila_subobscura_Drosophila_subobscura__LOC117898432__XP_034663715.1	15	15	15		---	0.03417001664638519	1	moderate	moderate	0.022	False	user_msa
Drosophila_suzukii_Drosophila_suzukii__Act88F__XP_016925443.1	15	15	15		---	0.03417001664638519	1	moderate	moderate	0.022	False	user_msa
Drosophila_virilis_Drosophila_virilis__Act88F__XP_002054294.1	15	15	15		---	0.03417001664638519	1	moderate	moderate	0.022	False	user_msa
Drosophila_willistoni_Drosophila_willistoni__LOC6646901__XP_002069647.1	15	15	15		---	0.03417001664638519	1	moderate	moderate	0.022	False	user_msa
Drosophila_yakuba_Drosophila_yakuba__LOC6537169__XP_002097730.1	15	15	15		---	0.03417001664638519	1	moderate	moderate	0.022	False	user_msa
Drosophila_ananassae_Drosophila_ananassae__LOC6501076__XP_001954513.1	16	16	16		---	0.034172046929597855	1	moderate	moderate	0.022	False	user_msa
Drosophila_biarmipes_Drosophila_biarmipes__LOC108026160__XP_016952383.1	16	16	16		---	0.034172046929597855	1	moderate	moderate	0.022	False	user_msa
Drosophila_mauritiana_Drosophila_mauritiana__LOC117145868__XP_033167581.1	16	16	16		---	0.034172046929597855	1	moderate	moderate	0.022	False	user_msa
Drosophila_melanogaster_Drosophila_melanogaster__Act88F__NP_524367.1	16	16	16		---	0.034172046929597855	1	moderate	moderate	0.022	False	user_msa
Drosophila_pseudoobscura_Drosophila_pseudoobscura__Act88F__XP_002137155.1	16	16	16		---	0.034172046929597855	1	moderate	moderate	0.022	False	user_msa
Drosophila_sechellia_Drosophila_sechellia__Act88F__XP_002031056.2	16	16	16		---	0.034172046929597855	1	moderate	moderate	0.022	False	user_msa
Drosophila_simulans_Drosophila_simulans__LOC6727955__XP_016034553.1	16	16	16		---	0.034172046929597855	1	moderate	moderate	0.022	False	user_msa
Drosophila_subobscura_Drosophila_subobscura__LOC117898432__XP_034663715.1	16	16	16		---	0.034172046929597855	1	moderate	moderate	0.022	False	user_msa
Drosophila_suzukii_Drosophila_suzukii__Act88F__XP_016925443.1	16	16	16		---	0.034172046929597855	1	moderate	moderate	0.022	False	user_msa
Drosophila_virilis_Drosophila_virilis__Act88F__XP_002054294.1	16	16	16		---	0.034172046929597855	1	moderate	moderate	0.022	False	user_msa
Drosophila_willistoni_Drosophila_willistoni__LOC6646901__XP_002069647.1	16	16	16		---	0.034172046929597855	1	moderate	moderate	0.022	False	user_msa
Drosophila_yakuba_Drosophila_yakuba__LOC6537169__XP_002097730.1	16	16	16		---	0.034172046929597855	1	moderate	moderate	0.022	False	user_msa
Drosophila_ananassae_Drosophila_ananassae__LOC6501076__XP_001954513.1	17	17	17		---	0.034174129366874695	1	moderate	moderate	0.022	False	user_msa
Drosophila_biarmipes_Drosophila_biarmipes__LOC108026160__XP_016952383.1	17	17	17		---	0.034174129366874695	1	moderate	moderate	0.022	False	user_msa
Drosophila_mauritiana_Drosophila_mauritiana__LOC117145868__XP_033167581.1	17	17	17		---	0.034174129366874695	1	moderate	moderate	0.022	False	user_msa
Drosophila_melanogaster_Drosophila_melanogaster__Act88F__NP_524367.1	17	17	17		---	0.034174129366874695	1	moderate	moderate	0.022	False	user_msa
Drosophila_pseudoobscura_Drosophila_pseudoobscura__Act88F__XP_002137155.1	17	17	17		---	0.034174129366874695	1	moderate	moderate	0.022	False	user_msa
Drosophila_sechellia_Drosophila_sechellia__Act88F__XP_002031056.2	17	17	17		---	0.034174129366874695	1	moderate	moderate	0.022	False	user_msa
Drosophila_simulans_Drosophila_simulans__LOC6727955__XP_016034553.1	17	17	17		---	0.034174129366874695	1	moderate	moderate	0.022	False	user_msa
Drosophila_subobscura_Drosophila_subobscura__LOC117898432__XP_034663715.1	17	17	17		---	0.034174129366874695	1	moderate	moderate	0.022	False	user_msa
Drosophila_suzukii_Drosophila_suzukii__Act88F__XP_016925443.1	17	17	17		---	0.034174129366874695	1	moderate	moderate	0.022	False	user_msa
Drosophila_virilis_Drosophila_virilis__Act88F__XP_002054294.1	17	17	17		---	0.034174129366874695	1	moderate	moderate	0.022	False	user_msa
Drosophila_willistoni_Drosophila_willistoni__LOC6646901__XP_002069647.1	17	17	17		---	0.034174129366874695	1	moderate	moderate	0.022	False	user_msa
Drosophila_yakuba_Drosophila_yakuba__LOC6537169__XP_002097730.1	17	17	17		---	0.034174129366874695	1	moderate	moderate	0.022	False	user_msa
Drosophila_ananassae_Drosophila_ananassae__LOC6501076__XP_001954513.1	18	18	18		---	0.03417612984776497	1	moderate	moderate	0.022	False	user_msa
Drosophila_biarmipes_Drosophila_biarmipes__LOC108026160__XP_016952383.1	18	18	18		---	0.03417612984776497	1	moderate	moderate	0.022	False	user_msa
Drosophila_mauritiana_Drosophila_mauritiana__LOC117145868__XP_033167581.1	18	18	18		---	0.03417612984776497	1	moderate	moderate	0.022	False	user_msa
Drosophila_melanogaster_Drosophila_melanogaster__Act88F__NP_524367.1	18	18	18		---	0.03417612984776497	1	moderate	moderate	0.022	False	user_msa
Drosophila_pseudoobscura_Drosophila_pseudoobscura__Act88F__XP_002137155.1	18	18	18		---	0.03417612984776497	1	moderate	moderate	0.022	False	user_msa
Drosophila_sechellia_Drosophila_sechellia__Act88F__XP_002031056.2	18	18	18		---	0.03417612984776497	1	moderate	moderate	0.022	False	user_msa
Drosophila_simulans_Drosophila_simulans__LOC6727955__XP_016034553.1	18	18	18		---	0.03417612984776497	1	moderate	moderate	0.022	False	user_msa
Drosophila_subobscura_Drosophila_subobscura__LOC117898432__XP_034663715.1	18	18	18		---	0.03417612984776497	1	moderate	moderate	0.022	False	user_msa
Drosophila_suzukii_Drosophila_suzukii__Act88F__XP_016925443.1	18	18	18		---	0.03417612984776497	1	moderate	moderate	0.022	False	user_msa
Drosophila_virilis_Drosophila_virilis__Act88F__XP_002054294.1	18	18	18		---	0.03417612984776497	1	moderate	moderate	0.022	False	user_msa
Drosophila_willistoni_Drosophila_willistoni__LOC6646901__XP_002069647.1	18	18	18		---	0.03417612984776497	1	moderate	moderate	0.022	False	user_msa
Drosophila_yakuba_Drosophila_yakuba__LOC6537169__XP_002097730.1	18	18	18		---	0.03417612984776497	1	moderate	moderate	0.022	False	user_msa
Drosophila_ananassae_Drosophila_ananassae__LOC6501076__XP_001954513.1	19	19	19		---	0.034178223460912704	1	moderate	moderate	0.022	False	user_msa
Drosophila_biarmipes_Drosophila_biarmipes__LOC108026160__XP_016952383.1	19	19	19		---	0.034178223460912704	1	moderate	moderate	0.022	False	user_msa
Drosophila_mauritiana_Drosophila_mauritiana__LOC117145868__XP_033167581.1	19	19	19		---	0.034178223460912704	1	moderate	moderate	0.022	False	user_msa
Drosophila_melanogaster_Drosophila_melanogaster__Act88F__NP_524367.1	19	19	19		---	0.034178223460912704	1	moderate	moderate	0.022	False	user_msa
Drosophila_pseudoobscura_Drosophila_pseudoobscura__Act88F__XP_002137155.1	19	19	19		---	0.034178223460912704	1	moderate	moderate	0.022	False	user_msa
Drosophila_sechellia_Drosophila_sechellia__Act88F__XP_002031056.2	19	19	19		---	0.034178223460912704	1	moderate	moderate	0.022	False	user_msa
Drosophila_simulans_Drosophila_simulans__LOC6727955__XP_016034553.1	19	19	19		---	0.034178223460912704	1	moderate	moderate	0.022	False	user_msa
Drosophila_subobscura_Drosophila_subobscura__LOC117898432__XP_034663715.1	19	19	19		---	0.034178223460912704	1	moderate	moderate	0.022	False	user_msa
Drosophila_suzukii_Drosophila_suzukii__Act88F__XP_016925443.1	19	19	19		---	0.034178223460912704	1	moderate	moderate	0.022	False	user_msa
Drosophila_virilis_Drosophila_virilis__Act88F__XP_002054294.1	19	19	19		---	0.034178223460912704	1	moderate	moderate	0.022	False	user_msa
Drosophila_willistoni_Drosophila_willistoni__LOC6646901__XP_002069647.1	19	19	19		---	0.034178223460912704	1	moderate	moderate	0.022	False	user_msa
Drosophila_yakuba_Drosophila_yakuba__LOC6537169__XP_002097730.1	19	19	19		---	0.034178223460912704	1	moderate	moderate	0.022	False	user_msa
Drosophila_ananassae_Drosophila_ananassae__LOC6501076__XP_001954513.1	20	20	20		---	0.03418023884296417	1	moderate	moderate	0.022	False	user_msa
Drosophila_biarmipes_Drosophila_biarmipes__LOC108026160__XP_016952383.1	20	20	20		---	0.03418023884296417	1	moderate	moderate	0.022	False	user_msa
Drosophila_mauritiana_Drosophila_mauritiana__LOC117145868__XP_033167581.1	20	20	20		---	0.03418023884296417	1	moderate	moderate	0.022	False	user_msa
Drosophila_melanogaster_Drosophila_melanogaster__Act88F__NP_524367.1	20	20	20		---	0.03418023884296417	1	moderate	moderate	0.022	False	user_msa
Drosophila_pseudoobscura_Drosophila_pseudoobscura__Act88F__XP_002137155.1	20	20	20		---	0.03418023884296417	1	moderate	moderate	0.022	False	user_msa
Drosophila_sechellia_Drosophila_sechellia__Act88F__XP_002031056.2	20	20	20		---	0.03418023884296417	1	moderate	moderate	0.022	False	user_msa
Drosophila_simulans_Drosophila_simulans__LOC6727955__XP_016034553.1	20	20	20		---	0.03418023884296417	1	moderate	moderate	0.022	False	user_msa
Drosophila_subobscura_Drosophila_subobscura__LOC117898432__XP_034663715.1	20	20	20		---	0.03418023884296417	1	moderate	moderate	0.022	False	user_msa
Drosophila_suzukii_Drosophila_suzukii__Act88F__XP_016925443.1	20	20	20		---	0.03418023884296417	1	moderate	moderate	0.022	False	user_msa
Drosophila_virilis_Drosophila_virilis__Act88F__XP_002054294.1	20	20	20		---	0.03418023884296417	1	moderate	moderate	0.022	False	user_msa
Drosophila_willistoni_Drosophila_willistoni__LOC6646901__XP_002069647.1	20	20	20		---	0.03418023884296417	1	moderate	moderate	0.022	False	user_msa
Drosophila_yakuba_Drosophila_yakuba__LOC6537169__XP_002097730.1	20	20	20		---	0.03418023884296417	1	moderate	moderate	0.022	False	user_msa
Drosophila_ananassae_Drosophila_ananassae__LOC6501076__XP_001954513.1	21	21	21		---	0.03418230637907982	1	moderate	moderate	0.022	False	user_msa
Drosophila_biarmipes_Drosophila_biarmipes__LOC108026160__XP_016952383.1	21	21	21		---	0.03418230637907982	1	moderate	moderate	0.022	False	user_msa
Drosophila_mauritiana_Drosophila_mauritiana__LOC117145868__XP_033167581.1	21	21	21		---	0.03418230637907982	1	moderate	moderate	0.022	False	user_msa
Drosophila_melanogaster_Drosophila_melanogaster__Act88F__NP_524367.1	21	21	21		---	0.03418230637907982	1	moderate	moderate	0.022	False	user_msa
Drosophila_pseudoobscura_Drosophila_pseudoobscura__Act88F__XP_002137155.1	21	21	21		---	0.03418230637907982	1	moderate	moderate	0.022	False	user_msa
Drosophila_sechellia_Drosophila_sechellia__Act88F__XP_002031056.2	21	21	21		---	0.03418230637907982	1	moderate	moderate	0.022	False	user_msa
Drosophila_simulans_Drosophila_simulans__LOC6727955__XP_016034553.1	21	21	21		---	0.03418230637907982	1	moderate	moderate	0.022	False	user_msa
Drosophila_subobscura_Drosophila_subobscura__LOC117898432__XP_034663715.1	21	21	21		---	0.03418230637907982	1	moderate	moderate	0.022	False	user_msa
Drosophila_suzukii_Drosophila_suzukii__Act88F__XP_016925443.1	21	21	21		---	0.03418230637907982	1	moderate	moderate	0.022	False	user_msa
Drosophila_virilis_Drosophila_virilis__Act88F__XP_002054294.1	21	21	21		---	0.03418230637907982	1	moderate	moderate	0.022	False	user_msa
Drosophila_willistoni_Drosophila_willistoni__LOC6646901__XP_002069647.1	21	21	21		---	0.03418230637907982	1	moderate	moderate	0.022	False	user_msa
Drosophila_yakuba_Drosophila_yakuba__LOC6537169__XP_002097730.1	21	21	21		---	0.03418230637907982	1	moderate	moderate	0.022	False	user_msa
Drosophila_ananassae_Drosophila_ananassae__LOC6501076__XP_001954513.1	22	22	22		---	0.03418438509106636	1	moderate	moderate	0.022	False	user_msa
Drosophila_biarmipes_Drosophila_biarmipes__LOC108026160__XP_016952383.1	22	22	22		---	0.03418438509106636	1	moderate	moderate	0.022	False	user_msa
Drosophila_mauritiana_Drosophila_mauritiana__LOC117145868__XP_033167581.1	22	22	22		---	0.03418438509106636	1	moderate	moderate	0.022	False	user_msa
Drosophila_melanogaster_Drosophila_melanogaster__Act88F__NP_524367.1	22	22	22		---	0.03418438509106636	1	moderate	moderate	0.022	False	user_msa
Drosophila_pseudoobscura_Drosophila_pseudoobscura__Act88F__XP_002137155.1	22	22	22		---	0.03418438509106636	1	moderate	moderate	0.022	False	user_msa
Drosophila_sechellia_Drosophila_sechellia__Act88F__XP_002031056.2	22	22	22		---	0.03418438509106636	1	moderate	moderate	0.022	False	user_msa
Drosophila_simulans_Drosophila_simulans__LOC6727955__XP_016034553.1	22	22	22		---	0.03418438509106636	1	moderate	moderate	0.022	False	user_msa
Drosophila_subobscura_Drosophila_subobscura__LOC117898432__XP_034663715.1	22	22	22		---	0.03418438509106636	1	moderate	moderate	0.022	False	user_msa
Drosophila_suzukii_Drosophila_suzukii__Act88F__XP_016925443.1	22	22	22		---	0.03418438509106636	1	moderate	moderate	0.022	False	user_msa
Drosophila_virilis_Drosophila_virilis__Act88F__XP_002054294.1	22	22	22		---	0.03418438509106636	1	moderate	moderate	0.022	False	user_msa
Drosophila_willistoni_Drosophila_willistoni__LOC6646901__XP_002069647.1	22	22	22		---	0.03418438509106636	1	moderate	moderate	0.022	False	user_msa
Drosophila_yakuba_Drosophila_yakuba__LOC6537169__XP_002097730.1	22	22	22		---	0.03418438509106636	1	moderate	moderate	0.022	False	user_msa
Drosophila_ananassae_Drosophila_ananassae__LOC6501076__XP_001954513.1	23	23	23		---	0.03418642282485962	1	moderate	moderate	0.022	False	user_msa
Drosophila_biarmipes_Drosophila_biarmipes__LOC108026160__XP_016952383.1	23	23	23		---	0.03418642282485962	1	moderate	moderate	0.022	False	user_msa
Drosophila_mauritiana_Drosophila_mauritiana__LOC117145868__XP_033167581.1	23	23	23		---	0.03418642282485962	1	moderate	moderate	0.022	False	user_msa
Drosophila_melanogaster_Drosophila_melanogaster__Act88F__NP_524367.1	23	23	23		---	0.03418642282485962	1	moderate	moderate	0.022	False	user_msa
Drosophila_pseudoobscura_Drosophila_pseudoobscura__Act88F__XP_002137155.1	23	23	23		---	0.03418642282485962	1	moderate	moderate	0.022	False	user_msa
Drosophila_sechellia_Drosophila_sechellia__Act88F__XP_002031056.2	23	23	23		---	0.03418642282485962	1	moderate	moderate	0.022	False	user_msa
Drosophila_simulans_Drosophila_simulans__LOC6727955__XP_016034553.1	23	23	23		---	0.03418642282485962	1	moderate	moderate	0.022	False	user_msa
Drosophila_subobscura_Drosophila_subobscura__LOC117898432__XP_034663715.1	23	23	23		---	0.03418642282485962	1	moderate	moderate	0.022	False	user_msa
Drosophila_suzukii_Drosophila_suzukii__Act88F__XP_016925443.1	23	23	23		---	0.03418642282485962	1	moderate	moderate	0.022	False	user_msa
Drosophila_virilis_Drosophila_virilis__Act88F__XP_002054294.1	23	23	23		---	0.03418642282485962	1	moderate	moderate	0.022	False	user_msa
Drosophila_willistoni_Drosophila_willistoni__LOC6646901__XP_002069647.1	23	23	23		---	0.03418642282485962	1	moderate	moderate	0.022	False	user_msa
Drosophila_yakuba_Drosophila_yakuba__LOC6537169__XP_002097730.1	23	23	23		---	0.03418642282485962	1	moderate	moderate	0.022	False	user_msa
Drosophila_ananassae_Drosophila_ananassae__LOC6501076__XP_001954513.1	24	24	24		---	0.03418852016329765	1	moderate	moderate	0.022	False	user_msa
Drosophila_biarmipes_Drosophila_biarmipes__LOC108026160__XP_016952383.1	24	24	24		---	0.03418852016329765	1	moderate	moderate	0.022	False	user_msa
Drosophila_mauritiana_Drosophila_mauritiana__LOC117145868__XP_033167581.1	24	24	24		---	0.03418852016329765	1	moderate	moderate	0.022	False	user_msa
Drosophila_melanogaster_Drosophila_melanogaster__Act88F__NP_524367.1	24	24	24		---	0.03418852016329765	1	moderate	moderate	0.022	False	user_msa
Drosophila_pseudoobscura_Drosophila_pseudoobscura__Act88F__XP_002137155.1	24	24	24		---	0.03418852016329765	1	moderate	moderate	0.022	False	user_msa
Drosophila_sechellia_Drosophila_sechellia__Act88F__XP_002031056.2	24	24	24		---	0.03418852016329765	1	moderate	moderate	0.022	False	user_msa
Drosophila_simulans_Drosophila_simulans__LOC6727955__XP_016034553.1	24	24	24		---	0.03418852016329765	1	moderate	moderate	0.022	False	user_msa
Drosophila_subobscura_Drosophila_subobscura__LOC117898432__XP_034663715.1	24	24	24		---	0.03418852016329765	1	moderate	moderate	0.022	False	user_msa
Drosophila_suzukii_Drosophila_suzukii__Act88F__XP_016925443.1	24	24	24		---	0.03418852016329765	1	moderate	moderate	0.022	False	user_msa
Drosophila_virilis_Drosophila_virilis__Act88F__XP_002054294.1	24	24	24		---	0.03418852016329765	1	moderate	moderate	0.022	False	user_msa
Drosophila_willistoni_Drosophila_willistoni__LOC6646901__XP_002069647.1	24	24	24		---	0.03418852016329765	1	moderate	moderate	0.022	False	user_msa
Drosophila_yakuba_Drosophila_yakuba__LOC6537169__XP_002097730.1	24	24	24		---	0.03418852016329765	1	moderate	moderate	0.022	False	user_msa
Drosophila_ananassae_Drosophila_ananassae__LOC6501076__XP_001954513.1	25	25	25		---	0.03419050946831703	1	moderate	moderate	0.022	False	user_msa
Drosophila_biarmipes_Drosophila_biarmipes__LOC108026160__XP_016952383.1	25	25	25		---	0.03419050946831703	1	moderate	moderate	0.022	False	user_msa
Drosophila_mauritiana_Drosophila_mauritiana__LOC117145868__XP_033167581.1	25	25	25		---	0.03419050946831703	1	moderate	moderate	0.022	False	user_msa
Drosophila_melanogaster_Drosophila_melanogaster__Act88F__NP_524367.1	25	25	25		---	0.03419050946831703	1	moderate	moderate	0.022	False	user_msa
Drosophila_pseudoobscura_Drosophila_pseudoobscura__Act88F__XP_002137155.1	25	25	25		---	0.03419050946831703	1	moderate	moderate	0.022	False	user_msa
Drosophila_sechellia_Drosophila_sechellia__Act88F__XP_002031056.2	25	25	25		---	0.03419050946831703	1	moderate	moderate	0.022	False	user_msa
Drosophila_simulans_Drosophila_simulans__LOC6727955__XP_016034553.1	25	25	25		---	0.03419050946831703	1	moderate	moderate	0.022	False	user_msa
Drosophila_subobscura_Drosophila_subobscura__LOC117898432__XP_034663715.1	25	25	25		---	0.03419050946831703	1	moderate	moderate	0.022	False	user_msa
Drosophila_suzukii_Drosophila_suzukii__Act88F__XP_016925443.1	25	25	25		---	0.03419050946831703	1	moderate	moderate	0.022	False	user_msa
Drosophila_virilis_Drosophila_virilis__Act88F__XP_002054294.1	25	25	25		---	0.03419050946831703	1	moderate	moderate	0.022	False	user_msa
Drosophila_willistoni_Drosophila_willistoni__LOC6646901__XP_002069647.1	25	25	25		---	0.03419050946831703	1	moderate	moderate	0.022	False	user_msa
Drosophila_yakuba_Drosophila_yakuba__LOC6537169__XP_002097730.1	25	25	25		---	0.03419050946831703	1	moderate	moderate	0.022	False	user_msa
Drosophila_ananassae_Drosophila_ananassae__LOC6501076__XP_001954513.1	26	26	26		---	0.03419256582856178	1	moderate	moderate	0.022	False	user_msa
Drosophila_biarmipes_Drosophila_biarmipes__LOC108026160__XP_016952383.1	26	26	26		---	0.03419256582856178	1	moderate	moderate	0.022	False	user_msa
Drosophila_mauritiana_Drosophila_mauritiana__LOC117145868__XP_033167581.1	26	26	26		---	0.03419256582856178	1	moderate	moderate	0.022	False	user_msa
Drosophila_melanogaster_Drosophila_melanogaster__Act88F__NP_524367.1	26	26	26		---	0.03419256582856178	1	moderate	moderate	0.022	False	user_msa
Drosophila_pseudoobscura_Drosophila_pseudoobscura__Act88F__XP_002137155.1	26	26	26		---	0.03419256582856178	1	moderate	moderate	0.022	False	user_msa
Drosophila_sechellia_Drosophila_sechellia__Act88F__XP_002031056.2	26	26	26		---	0.03419256582856178	1	moderate	moderate	0.022	False	user_msa
Drosophila_simulans_Drosophila_simulans__LOC6727955__XP_016034553.1	26	26	26		---	0.03419256582856178	1	moderate	moderate	0.022	False	user_msa
Drosophila_subobscura_Drosophila_subobscura__LOC117898432__XP_034663715.1	26	26	26		---	0.03419256582856178	1	moderate	moderate	0.022	False	user_msa
Drosophila_suzukii_Drosophila_suzukii__Act88F__XP_016925443.1	26	26	26		---	0.03419256582856178	1	moderate	moderate	0.022	False	user_msa
Drosophila_virilis_Drosophila_virilis__Act88F__XP_002054294.1	26	26	26		---	0.03419256582856178	1	moderate	moderate	0.022	False	user_msa
Drosophila_willistoni_Drosophila_willistoni__LOC6646901__XP_002069647.1	26	26	26		---	0.03419256582856178	1	moderate	moderate	0.022	False	user_msa
Drosophila_yakuba_Drosophila_yakuba__LOC6537169__XP_002097730.1	26	26	26		---	0.03419256582856178	1	moderate	moderate	0.022	False	user_msa
Drosophila_ananassae_Drosophila_ananassae__LOC6501076__XP_001954513.1	27	27	27		---	0.03419460356235504	1	moderate	moderate	0.022	False	user_msa
Drosophila_biarmipes_Drosophila_biarmipes__LOC108026160__XP_016952383.1	27	27	27		---	0.03419460356235504	1	moderate	moderate	0.022	False	user_msa
Drosophila_mauritiana_Drosophila_mauritiana__LOC117145868__XP_033167581.1	27	27	27		---	0.03419460356235504	1	moderate	moderate	0.022	False	user_msa
Drosophila_melanogaster_Drosophila_melanogaster__Act88F__NP_524367.1	27	27	27		---	0.03419460356235504	1	moderate	moderate	0.022	False	user_msa
Drosophila_pseudoobscura_Drosophila_pseudoobscura__Act88F__XP_002137155.1	27	27	27		---	0.03419460356235504	1	moderate	moderate	0.022	False	user_msa
Drosophila_sechellia_Drosophila_sechellia__Act88F__XP_002031056.2	27	27	27		---	0.03419460356235504	1	moderate	moderate	0.022	False	user_msa
Drosophila_simulans_Drosophila_simulans__LOC6727955__XP_016034553.1	27	27	27		---	0.03419460356235504	1	moderate	moderate	0.022	False	user_msa
Drosophila_subobscura_Drosophila_subobscura__LOC117898432__XP_034663715.1	27	27	27		---	0.03419460356235504	1	moderate	moderate	0.022	False	user_msa
Drosophila_suzukii_Drosophila_suzukii__Act88F__XP_016925443.1	27	27	27		---	0.03419460356235504	1	moderate	moderate	0.022	False	user_msa
Drosophila_virilis_Drosophila_virilis__Act88F__XP_002054294.1	27	27	27		---	0.03419460356235504	1	moderate	moderate	0.022	False	user_msa
Drosophila_willistoni_Drosophila_willistoni__LOC6646901__XP_002069647.1	27	27	27		---	0.03419460356235504	1	moderate	moderate	0.022	False	user_msa
Drosophila_yakuba_Drosophila_yakuba__LOC6537169__XP_002097730.1	27	27	27		---	0.03419460356235504	1	moderate	moderate	0.022	False	user_msa
Drosophila_ananassae_Drosophila_ananassae__LOC6501076__XP_001954513.1	28	28	28		---	0.034196674823760986	1	moderate	moderate	0.022	False	user_msa
Drosophila_biarmipes_Drosophila_biarmipes__LOC108026160__XP_016952383.1	28	28	28		---	0.034196674823760986	1	moderate	moderate	0.022	False	user_msa
Drosophila_mauritiana_Drosophila_mauritiana__LOC117145868__XP_033167581.1	28	28	28		---	0.034196674823760986	1	moderate	moderate	0.022	False	user_msa
Drosophila_melanogaster_Drosophila_melanogaster__Act88F__NP_524367.1	28	28	28		---	0.034196674823760986	1	moderate	moderate	0.022	False	user_msa
Drosophila_pseudoobscura_Drosophila_pseudoobscura__Act88F__XP_002137155.1	28	28	28		---	0.034196674823760986	1	moderate	moderate	0.022	False	user_msa
Drosophila_sechellia_Drosophila_sechellia__Act88F__XP_002031056.2	28	28	28		---	0.034196674823760986	1	moderate	moderate	0.022	False	user_msa
Drosophila_simulans_Drosophila_simulans__LOC6727955__XP_016034553.1	28	28	28		---	0.034196674823760986	1	moderate	moderate	0.022	False	user_msa
Drosophila_subobscura_Drosophila_subobscura__LOC117898432__XP_034663715.1	28	28	28		---	0.034196674823760986	1	moderate	moderate	0.022	False	user_msa
Drosophila_suzukii_Drosophila_suzukii__Act88F__XP_016925443.1	28	28	28		---	0.034196674823760986	1	moderate	moderate	0.022	False	user_msa
Drosophila_virilis_Drosophila_virilis__Act88F__XP_002054294.1	28	28	28		---	0.034196674823760986	1	moderate	moderate	0.022	False	user_msa
Drosophila_willistoni_Drosophila_willistoni__LOC6646901__XP_002069647.1	28	28	28		---	0.034196674823760986	1	moderate	moderate	0.022	False	user_msa
Drosophila_yakuba_Drosophila_yakuba__LOC6537169__XP_002097730.1	28	28	28		---	0.034196674823760986	1	moderate	moderate	0.022	False	user_msa
Drosophila_ananassae_Drosophila_ananassae__LOC6501076__XP_001954513.1	29	29	29		---	0.03419869765639305	1	moderate	moderate	0.022	False	user_msa
Drosophila_biarmipes_Drosophila_biarmipes__LOC108026160__XP_016952383.1	29	29	29		---	0.03419869765639305	1	moderate	moderate	0.022	False	user_msa
Drosophila_mauritiana_Drosophila_mauritiana__LOC117145868__XP_033167581.1	29	29	29		---	0.03419869765639305	1	moderate	moderate	0.022	False	user_msa
Drosophila_melanogaster_Drosophila_melanogaster__Act88F__NP_524367.1	29	29	29		---	0.03419869765639305	1	moderate	moderate	0.022	False	user_msa
Drosophila_pseudoobscura_Drosophila_pseudoobscura__Act88F__XP_002137155.1	29	29	29		---	0.03419869765639305	1	moderate	moderate	0.022	False	user_msa
Drosophila_sechellia_Drosophila_sechellia__Act88F__XP_002031056.2	29	29	29		---	0.03419869765639305	1	moderate	moderate	0.022	False	user_msa
Drosophila_simulans_Drosophila_simulans__LOC6727955__XP_016034553.1	29	29	29		---	0.03419869765639305	1	moderate	moderate	0.022	False	user_msa
Drosophila_subobscura_Drosophila_subobscura__LOC117898432__XP_034663715.1	29	29	29		---	0.03419869765639305	1	moderate	moderate	0.022	False	user_msa
Drosophila_suzukii_Drosophila_suzukii__Act88F__XP_016925443.1	29	29	29		---	0.03419869765639305	1	moderate	moderate	0.022	False	user_msa
Drosophila_virilis_Drosophila_virilis__Act88F__XP_002054294.1	29	29	29		---	0.03419869765639305	1	moderate	moderate	0.022	False	user_msa
Drosophila_willistoni_Drosophila_willistoni__LOC6646901__XP_002069647.1	29	29	29		---	0.03419869765639305	1	moderate	moderate	0.022	False	user_msa
Drosophila_yakuba_Drosophila_yakuba__LOC6537169__XP_002097730.1	29	29	29		---	0.03419869765639305	1	moderate	moderate	0.022	False	user_msa
Drosophila_ananassae_Drosophila_ananassae__LOC6501076__XP_001954513.1	30	30	30		---	0.034200724214315414	1	moderate	moderate	0.022	False	user_msa
Drosophila_biarmipes_Drosophila_biarmipes__LOC108026160__XP_016952383.1	30	30	30		---	0.034200724214315414	1	moderate	moderate	0.022	False	user_msa
Drosophila_mauritiana_Drosophila_mauritiana__LOC117145868__XP_033167581.1	30	30	30		---	0.034200724214315414	1	moderate	moderate	0.022	False	user_msa
Drosophila_melanogaster_Drosophila_melanogaster__Act88F__NP_524367.1	30	30	30		---	0.034200724214315414	1	moderate	moderate	0.022	False	user_msa
Drosophila_pseudoobscura_Drosophila_pseudoobscura__Act88F__XP_002137155.1	30	30	30		---	0.034200724214315414	1	moderate	moderate	0.022	False	user_msa
Drosophila_sechellia_Drosophila_sechellia__Act88F__XP_002031056.2	30	30	30		---	0.034200724214315414	1	moderate	moderate	0.022	False	user_msa
Drosophila_simulans_Drosophila_simulans__LOC6727955__XP_016034553.1	30	30	30		---	0.034200724214315414	1	moderate	moderate	0.022	False	user_msa
Drosophila_subobscura_Drosophila_subobscura__LOC117898432__XP_034663715.1	30	30	30		---	0.034200724214315414	1	moderate	moderate	0.022	False	user_msa
Drosophila_suzukii_Drosophila_suzukii__Act88F__XP_016925443.1	30	30	30		---	0.034200724214315414	1	moderate	moderate	0.022	False	user_msa
Drosophila_virilis_Drosophila_virilis__Act88F__XP_002054294.1	30	30	30		---	0.034200724214315414	1	moderate	moderate	0.022	False	user_msa
Drosophila_willistoni_Drosophila_willistoni__LOC6646901__XP_002069647.1	30	30	30		---	0.034200724214315414	1	moderate	moderate	0.022	False	user_msa
Drosophila_yakuba_Drosophila_yakuba__LOC6537169__XP_002097730.1	30	30	30		---	0.034200724214315414	1	moderate	moderate	0.022	False	user_msa
Drosophila_ananassae_Drosophila_ananassae__LOC6501076__XP_001954513.1	31	31	31		---	0.034202784299850464	1	moderate	moderate	0.022	False	user_msa
Drosophila_biarmipes_Drosophila_biarmipes__LOC108026160__XP_016952383.1	31	31	31		---	0.034202784299850464	1	moderate	moderate	0.022	False	user_msa
Drosophila_mauritiana_Drosophila_mauritiana__LOC117145868__XP_033167581.1	31	31	31		---	0.034202784299850464	1	moderate	moderate	0.022	False	user_msa
Drosophila_melanogaster_Drosophila_melanogaster__Act88F__NP_524367.1	31	31	31		---	0.034202784299850464	1	moderate	moderate	0.022	False	user_msa
Drosophila_pseudoobscura_Drosophila_pseudoobscura__Act88F__XP_002137155.1	31	31	31		---	0.034202784299850464	1	moderate	moderate	0.022	False	user_msa
Drosophila_sechellia_Drosophila_sechellia__Act88F__XP_002031056.2	31	31	31		---	0.034202784299850464	1	moderate	moderate	0.022	False	user_msa
Drosophila_simulans_Drosophila_simulans__LOC6727955__XP_016034553.1	31	31	31		---	0.034202784299850464	1	moderate	moderate	0.022	False	user_msa
Drosophila_subobscura_Drosophila_subobscura__LOC117898432__XP_034663715.1	31	31	31		---	0.034202784299850464	1	moderate	moderate	0.022	False	user_msa
Drosophila_suzukii_Drosophila_suzukii__Act88F__XP_016925443.1	31	31	31		---	0.034202784299850464	1	moderate	moderate	0.022	False	user_msa
Drosophila_virilis_Drosophila_virilis__Act88F__XP_002054294.1	31	31	31		---	0.034202784299850464	1	moderate	moderate	0.022	False	user_msa
Drosophila_willistoni_Drosophila_willistoni__LOC6646901__XP_002069647.1	31	31	31		---	0.034202784299850464	1	moderate	moderate	0.022	False	user_msa
Drosophila_yakuba_Drosophila_yakuba__LOC6537169__XP_002097730.1	31	31	31		---	0.034202784299850464	1	moderate	moderate	0.022	False	user_msa
Drosophila_ananassae_Drosophila_ananassae__LOC6501076__XP_001954513.1	32	32	32		---	0.03420483320951462	1	moderate	moderate	0.022	False	user_msa
Drosophila_biarmipes_Drosophila_biarmipes__LOC108026160__XP_016952383.1	32	32	32		---	0.03420483320951462	1	moderate	moderate	0.022	False	user_msa
Drosophila_mauritiana_Drosophila_mauritiana__LOC117145868__XP_033167581.1	32	32	32		---	0.03420483320951462	1	moderate	moderate	0.022	False	user_msa
Drosophila_melanogaster_Drosophila_melanogaster__Act88F__NP_524367.1	32	32	32		---	0.03420483320951462	1	moderate	moderate	0.022	False	user_msa
Drosophila_pseudoobscura_Drosophila_pseudoobscura__Act88F__XP_002137155.1	32	32	32		---	0.03420483320951462	1	moderate	moderate	0.022	False	user_msa
Drosophila_sechellia_Drosophila_sechellia__Act88F__XP_002031056.2	32	32	32		---	0.03420483320951462	1	moderate	moderate	0.022	False	user_msa
Drosophila_simulans_Drosophila_simulans__LOC6727955__XP_016034553.1	32	32	32		---	0.03420483320951462	1	moderate	moderate	0.022	False	user_msa
Drosophila_subobscura_Drosophila_subobscura__LOC117898432__XP_034663715.1	32	32	32		---	0.03420483320951462	1	moderate	moderate	0.022	False	user_msa
Drosophila_suzukii_Drosophila_suzukii__Act88F__XP_016925443.1	32	32	32		---	0.03420483320951462	1	moderate	moderate	0.022	False	user_msa
Drosophila_virilis_Drosophila_virilis__Act88F__XP_002054294.1	32	32	32		---	0.03420483320951462	1	moderate	moderate	0.022	False	user_msa
Drosophila_willistoni_Drosophila_willistoni__LOC6646901__XP_002069647.1	32	32	32		---	0.03420483320951462	1	moderate	moderate	0.022	False	user_msa
Drosophila_yakuba_Drosophila_yakuba__LOC6537169__XP_002097730.1	32	32	32		---	0.03420483320951462	1	moderate	moderate	0.022	False	user_msa
Drosophila_ananassae_Drosophila_ananassae__LOC6501076__XP_001954513.1	33	33	33		---	0.03420695289969444	1	moderate	moderate	0.022	False	user_msa
Drosophila_biarmipes_Drosophila_biarmipes__LOC108026160__XP_016952383.1	33	33	33		---	0.03420695289969444	1	moderate	moderate	0.022	False	user_msa
Drosophila_mauritiana_Drosophila_mauritiana__LOC117145868__XP_033167581.1	33	33	33		---	0.03420695289969444	1	moderate	moderate	0.022	False	user_msa
Drosophila_melanogaster_Drosophila_melanogaster__Act88F__NP_524367.1	33	33	33		---	0.03420695289969444	1	moderate	moderate	0.022	False	user_msa
Drosophila_pseudoobscura_Drosophila_pseudoobscura__Act88F__XP_002137155.1	33	33	33		---	0.03420695289969444	1	moderate	moderate	0.022	False	user_msa
Drosophila_sechellia_Drosophila_sechellia__Act88F__XP_002031056.2	33	33	33		---	0.03420695289969444	1	moderate	moderate	0.022	False	user_msa
Drosophila_simulans_Drosophila_simulans__LOC6727955__XP_016034553.1	33	33	33		---	0.03420695289969444	1	moderate	moderate	0.022	False	user_msa
Drosophila_subobscura_Drosophila_subobscura__LOC117898432__XP_034663715.1	33	33	33		---	0.03420695289969444	1	moderate	moderate	0.022	False	user_msa
Drosophila_suzukii_Drosophila_suzukii__Act88F__XP_016925443.1	33	33	33		---	0.03420695289969444	1	moderate	moderate	0.022	False	user_msa
Drosophila_virilis_Drosophila_virilis__Act88F__XP_002054294.1	33	33	33		---	0.03420695289969444	1	moderate	moderate	0.022	False	user_msa
Drosophila_willistoni_Drosophila_willistoni__LOC6646901__XP_002069647.1	33	33	33		---	0.03420695289969444	1	moderate	moderate	0.022	False	user_msa
Drosophila_yakuba_Drosophila_yakuba__LOC6537169__XP_002097730.1	33	33	33		---	0.03420695289969444	1	moderate	moderate	0.022	False	user_msa
Drosophila_ananassae_Drosophila_ananassae__LOC6501076__XP_001954513.1	34	34	34		---	0.034208979457616806	1	moderate	moderate	0.022	False	user_msa
Drosophila_biarmipes_Drosophila_biarmipes__LOC108026160__XP_016952383.1	34	34	34		---	0.034208979457616806	1	moderate	moderate	0.022	False	user_msa
Drosophila_mauritiana_Drosophila_mauritiana__LOC117145868__XP_033167581.1	34	34	34		---	0.034208979457616806	1	moderate	moderate	0.022	False	user_msa
Drosophila_melanogaster_Drosophila_melanogaster__Act88F__NP_524367.1	34	34	34		---	0.034208979457616806	1	moderate	moderate	0.022	False	user_msa
Drosophila_pseudoobscura_Drosophila_pseudoobscura__Act88F__XP_002137155.1	34	34	34		---	0.034208979457616806	1	moderate	moderate	0.022	False	user_msa
Drosophila_sechellia_Drosophila_sechellia__Act88F__XP_002031056.2	34	34	34		---	0.034208979457616806	1	moderate	moderate	0.022	False	user_msa
Drosophila_simulans_Drosophila_simulans__LOC6727955__XP_016034553.1	34	34	34		---	0.034208979457616806	1	moderate	moderate	0.022	False	user_msa
Drosophila_subobscura_Drosophila_subobscura__LOC117898432__XP_034663715.1	34	34	34		---	0.034208979457616806	1	moderate	moderate	0.022	False	user_msa
Drosophila_suzukii_Drosophila_suzukii__Act88F__XP_016925443.1	34	34	34		---	0.034208979457616806	1	moderate	moderate	0.022	False	user_msa
Drosophila_virilis_Drosophila_virilis__Act88F__XP_002054294.1	34	34	34		---	0.034208979457616806	1	moderate	moderate	0.022	False	user_msa
Drosophila_willistoni_Drosophila_willistoni__LOC6646901__XP_002069647.1	34	34	34		---	0.034208979457616806	1	moderate	moderate	0.022	False	user_msa
Drosophila_yakuba_Drosophila_yakuba__LOC6537169__XP_002097730.1	34	34	34		---	0.034208979457616806	1	moderate	moderate	0.022	False	user_msa
Drosophila_ananassae_Drosophila_ananassae__LOC6501076__XP_001954513.1	35	35	35		---	0.03421103209257126	1	moderate	moderate	0.022	False	user_msa
Drosophila_biarmipes_Drosophila_biarmipes__LOC108026160__XP_016952383.1	35	35	35		---	0.03421103209257126	1	moderate	moderate	0.022	False	user_msa
Drosophila_mauritiana_Drosophila_mauritiana__LOC117145868__XP_033167581.1	35	35	35		---	0.03421103209257126	1	moderate	moderate	0.022	False	user_msa
Drosophila_melanogaster_Drosophila_melanogaster__Act88F__NP_524367.1	35	35	35		---	0.03421103209257126	1	moderate	moderate	0.022	False	user_msa
Drosophila_pseudoobscura_Drosophila_pseudoobscura__Act88F__XP_002137155.1	35	35	35		---	0.03421103209257126	1	moderate	moderate	0.022	False	user_msa
Drosophila_sechellia_Drosophila_sechellia__Act88F__XP_002031056.2	35	35	35		---	0.03421103209257126	1	moderate	moderate	0.022	False	user_msa
Drosophila_simulans_Drosophila_simulans__LOC6727955__XP_016034553.1	35	35	35		---	0.03421103209257126	1	moderate	moderate	0.022	False	user_msa
Drosophila_subobscura_Drosophila_subobscura__LOC117898432__XP_034663715.1	35	35	35		---	0.03421103209257126	1	moderate	moderate	0.022	False	user_msa
Drosophila_suzukii_Drosophila_suzukii__Act88F__XP_016925443.1	35	35	35		---	0.03421103209257126	1	moderate	moderate	0.022	False	user_msa
Drosophila_virilis_Drosophila_virilis__Act88F__XP_002054294.1	35	35	35		---	0.03421103209257126	1	moderate	moderate	0.022	False	user_msa
Drosophila_willistoni_Drosophila_willistoni__LOC6646901__XP_002069647.1	35	35	35		---	0.03421103209257126	1	moderate	moderate	0.022	False	user_msa
Drosophila_yakuba_Drosophila_yakuba__LOC6537169__XP_002097730.1	35	35	35		---	0.03421103209257126	1	moderate	moderate	0.022	False	user_msa
Drosophila_ananassae_Drosophila_ananassae__LOC6501076__XP_001954513.1	36	36	36		---	0.03421305865049362	1	moderate	moderate	0.022	False	user_msa
Drosophila_biarmipes_Drosophila_biarmipes__LOC108026160__XP_016952383.1	36	36	36		---	0.03421305865049362	1	moderate	moderate	0.022	False	user_msa
Drosophila_mauritiana_Drosophila_mauritiana__LOC117145868__XP_033167581.1	36	36	36		---	0.03421305865049362	1	moderate	moderate	0.022	False	user_msa
Drosophila_melanogaster_Drosophila_melanogaster__Act88F__NP_524367.1	36	36	36		---	0.03421305865049362	1	moderate	moderate	0.022	False	user_msa
Drosophila_pseudoobscura_Drosophila_pseudoobscura__Act88F__XP_002137155.1	36	36	36		---	0.03421305865049362	1	moderate	moderate	0.022	False	user_msa
Drosophila_sechellia_Drosophila_sechellia__Act88F__XP_002031056.2	36	36	36		---	0.03421305865049362	1	moderate	moderate	0.022	False	user_msa
Drosophila_simulans_Drosophila_simulans__LOC6727955__XP_016034553.1	36	36	36		---	0.03421305865049362	1	moderate	moderate	0.022	False	user_msa
Drosophila_subobscura_Drosophila_subobscura__LOC117898432__XP_034663715.1	36	36	36		---	0.03421305865049362	1	moderate	moderate	0.022	False	user_msa
Drosophila_suzukii_Drosophila_suzukii__Act88F__XP_016925443.1	36	36	36		---	0.03421305865049362	1	moderate	moderate	0.022	False	user_msa
Drosophila_virilis_Drosophila_virilis__Act88F__XP_002054294.1	36	36	36		---	0.03421305865049362	1	moderate	moderate	0.022	False	user_msa
Drosophila_willistoni_Drosophila_willistoni__LOC6646901__XP_002069647.1	36	36	36		---	0.03421305865049362	1	moderate	moderate	0.022	False	user_msa
Drosophila_yakuba_Drosophila_yakuba__LOC6537169__XP_002097730.1	36	36	36		---	0.03421305865049362	1	moderate	moderate	0.022	False	user_msa
Drosophila_ananassae_Drosophila_ananassae__LOC6501076__XP_001954513.1	37	37	37		---	0.03421512246131897	1	moderate	moderate	0.022	False	user_msa
Drosophila_biarmipes_Drosophila_biarmipes__LOC108026160__XP_016952383.1	37	37	37		---	0.03421512246131897	1	moderate	moderate	0.022	False	user_msa
Drosophila_mauritiana_Drosophila_mauritiana__LOC117145868__XP_033167581.1	37	37	37		---	0.03421512246131897	1	moderate	moderate	0.022	False	user_msa
Drosophila_melanogaster_Drosophila_melanogaster__Act88F__NP_524367.1	37	37	37		---	0.03421512246131897	1	moderate	moderate	0.022	False	user_msa
Drosophila_pseudoobscura_Drosophila_pseudoobscura__Act88F__XP_002137155.1	37	37	37		---	0.03421512246131897	1	moderate	moderate	0.022	False	user_msa
Drosophila_sechellia_Drosophila_sechellia__Act88F__XP_002031056.2	37	37	37		---	0.03421512246131897	1	moderate	moderate	0.022	False	user_msa
Drosophila_simulans_Drosophila_simulans__LOC6727955__XP_016034553.1	37	37	37		---	0.03421512246131897	1	moderate	moderate	0.022	False	user_msa
Drosophila_subobscura_Drosophila_subobscura__LOC117898432__XP_034663715.1	37	37	37		---	0.03421512246131897	1	moderate	moderate	0.022	False	user_msa
Drosophila_suzukii_Drosophila_suzukii__Act88F__XP_016925443.1	37	37	37		---	0.03421512246131897	1	moderate	moderate	0.022	False	user_msa
Drosophila_virilis_Drosophila_virilis__Act88F__XP_002054294.1	37	37	37		---	0.03421512246131897	1	moderate	moderate	0.022	False	user_msa
Drosophila_willistoni_Drosophila_willistoni__LOC6646901__XP_002069647.1	37	37	37		---	0.03421512246131897	1	moderate	moderate	0.022	False	user_msa
Drosophila_yakuba_Drosophila_yakuba__LOC6537169__XP_002097730.1	37	37	37		---	0.03421512246131897	1	moderate	moderate	0.022	False	user_msa
Drosophila_ananassae_Drosophila_ananassae__LOC6501076__XP_001954513.1	38	38	38		---	0.03421717882156372	1	moderate	moderate	0.022	False	user_msa
Drosophila_biarmipes_Drosophila_biarmipes__LOC108026160__XP_016952383.1	38	38	38		---	0.03421717882156372	1	moderate	moderate	0.022	False	user_msa
Drosophila_mauritiana_Drosophila_mauritiana__LOC117145868__XP_033167581.1	38	38	38		---	0.03421717882156372	1	moderate	moderate	0.022	False	user_msa
Drosophila_melanogaster_Drosophila_melanogaster__Act88F__NP_524367.1	38	38	38		---	0.03421717882156372	1	moderate	moderate	0.022	False	user_msa
Drosophila_pseudoobscura_Drosophila_pseudoobscura__Act88F__XP_002137155.1	38	38	38		---	0.03421717882156372	1	moderate	moderate	0.022	False	user_msa
Drosophila_sechellia_Drosophila_sechellia__Act88F__XP_002031056.2	38	38	38		---	0.03421717882156372	1	moderate	moderate	0.022	False	user_msa
Drosophila_simulans_Drosophila_simulans__LOC6727955__XP_016034553.1	38	38	38		---	0.03421717882156372	1	moderate	moderate	0.022	False	user_msa
Drosophila_subobscura_Drosophila_subobscura__LOC117898432__XP_034663715.1	38	38	38		---	0.03421717882156372	1	moderate	moderate	0.022	False	user_msa
Drosophila_suzukii_Drosophila_suzukii__Act88F__XP_016925443.1	38	38	38		---	0.03421717882156372	1	moderate	moderate	0.022	False	user_msa
Drosophila_virilis_Drosophila_virilis__Act88F__XP_002054294.1	38	38	38		---	0.03421717882156372	1	moderate	moderate	0.022	False	user_msa
Drosophila_willistoni_Drosophila_willistoni__LOC6646901__XP_002069647.1	38	38	38		---	0.03421717882156372	1	moderate	moderate	0.022	False	user_msa
Drosophila_yakuba_Drosophila_yakuba__LOC6537169__XP_002097730.1	38	38	38		---	0.03421717882156372	1	moderate	moderate	0.022	False	user_msa
Drosophila_ananassae_Drosophila_ananassae__LOC6501076__XP_001954513.1	39	39	39		---	0.03421922028064728	1	moderate	moderate	0.022	False	user_msa
Drosophila_biarmipes_Drosophila_biarmipes__LOC108026160__XP_016952383.1	39	39	39		---	0.03421922028064728	1	moderate	moderate	0.022	False	user_msa
Drosophila_mauritiana_Drosophila_mauritiana__LOC117145868__XP_033167581.1	39	39	39		---	0.03421922028064728	1	moderate	moderate	0.022	False	user_msa
Drosophila_melanogaster_Drosophila_melanogaster__Act88F__NP_524367.1	39	39	39		---	0.03421922028064728	1	moderate	moderate	0.022	False	user_msa
Drosophila_pseudoobscura_Drosophila_pseudoobscura__Act88F__XP_002137155.1	39	39	39		---	0.03421922028064728	1	moderate	moderate	0.022	False	user_msa
Drosophila_sechellia_Drosophila_sechellia__Act88F__XP_002031056.2	39	39	39		---	0.03421922028064728	1	moderate	moderate	0.022	False	user_msa
Drosophila_simulans_Drosophila_simulans__LOC6727955__XP_016034553.1	39	39	39		---	0.03421922028064728	1	moderate	moderate	0.022	False	user_msa
Drosophila_subobscura_Drosophila_subobscura__LOC117898432__XP_034663715.1	39	39	39		---	0.03421922028064728	1	moderate	moderate	0.022	False	user_msa
Drosophila_suzukii_Drosophila_suzukii__Act88F__XP_016925443.1	39	39	39		---	0.03421922028064728	1	moderate	moderate	0.022	False	user_msa
Drosophila_virilis_Drosophila_virilis__Act88F__XP_002054294.1	39	39	39		---	0.03421922028064728	1	moderate	moderate	0.022	False	user_msa
Drosophila_willistoni_Drosophila_willistoni__LOC6646901__XP_002069647.1	39	39	39		---	0.03421922028064728	1	moderate	moderate	0.022	False	user_msa
Drosophila_yakuba_Drosophila_yakuba__LOC6537169__XP_002097730.1	39	39	39		---	0.03421922028064728	1	moderate	moderate	0.022	False	user_msa
Drosophila_ananassae_Drosophila_ananassae__LOC6501076__XP_001954513.1	40	40	40		---	0.03422124683856964	1	moderate	moderate	0.022	False	user_msa
Drosophila_biarmipes_Drosophila_biarmipes__LOC108026160__XP_016952383.1	40	40	40		---	0.03422124683856964	1	moderate	moderate	0.022	False	user_msa
Drosophila_mauritiana_Drosophila_mauritiana__LOC117145868__XP_033167581.1	40	40	40		---	0.03422124683856964	1	moderate	moderate	0.022	False	user_msa
Drosophila_melanogaster_Drosophila_melanogaster__Act88F__NP_524367.1	40	40	40		---	0.03422124683856964	1	moderate	moderate	0.022	False	user_msa
Drosophila_pseudoobscura_Drosophila_pseudoobscura__Act88F__XP_002137155.1	40	40	40		---	0.03422124683856964	1	moderate	moderate	0.022	False	user_msa
Drosophila_sechellia_Drosophila_sechellia__Act88F__XP_002031056.2	40	40	40		---	0.03422124683856964	1	moderate	moderate	0.022	False	user_msa
Drosophila_simulans_Drosophila_simulans__LOC6727955__XP_016034553.1	40	40	40		---	0.03422124683856964	1	moderate	moderate	0.022	False	user_msa
Drosophila_subobscura_Drosophila_subobscura__LOC117898432__XP_034663715.1	40	40	40		---	0.03422124683856964	1	moderate	moderate	0.022	False	user_msa
Drosophila_suzukii_Drosophila_suzukii__Act88F__XP_016925443.1	40	40	40		---	0.03422124683856964	1	moderate	moderate	0.022	False	user_msa
Drosophila_virilis_Drosophila_virilis__Act88F__XP_002054294.1	40	40	40		---	0.03422124683856964	1	moderate	moderate	0.022	False	user_msa
Drosophila_willistoni_Drosophila_willistoni__LOC6646901__XP_002069647.1	40	40	40		---	0.03422124683856964	1	moderate	moderate	0.022	False	user_msa
Drosophila_yakuba_Drosophila_yakuba__LOC6537169__XP_002097730.1	40	40	40		---	0.03422124683856964	1	moderate	moderate	0.022	False	user_msa
Drosophila_ananassae_Drosophila_ananassae__LOC6501076__XP_001954513.1	41	41	41	1	ATG	0.06150062754750252	1	moderate	moderate	0.022	False	user_msa
Drosophila_biarmipes_Drosophila_biarmipes__LOC108026160__XP_016952383.1	41	41	41	1	ATG	0.06150062754750252	1	moderate	moderate	0.022	False	user_msa
Drosophila_mauritiana_Drosophila_mauritiana__LOC117145868__XP_033167581.1	41	41	41	1	ATG	0.06150062754750252	1	moderate	moderate	0.022	False	user_msa
Drosophila_melanogaster_Drosophila_melanogaster__Act88F__NP_524367.1	41	41	41	1	ATG	0.06150062754750252	1	moderate	moderate	0.022	False	user_msa
Drosophila_pseudoobscura_Drosophila_pseudoobscura__Act88F__XP_002137155.1	41	41	41	1	ATG	0.06150062754750252	1	moderate	moderate	0.022	False	user_msa
Drosophila_sechellia_Drosophila_sechellia__Act88F__XP_002031056.2	41	41	41	1	ATG	0.06150062754750252	1	moderate	moderate	0.022	False	user_msa
Drosophila_simulans_Drosophila_simulans__LOC6727955__XP_016034553.1	41	41	41	1	ATG	0.06150062754750252	1	moderate	moderate	0.022	False	user_msa
Drosophila_subobscura_Drosophila_subobscura__LOC117898432__XP_034663715.1	41	41	41	1	ATG	0.06150062754750252	1	moderate	moderate	0.022	False	user_msa
Drosophila_suzukii_Drosophila_suzukii__Act88F__XP_016925443.1	41	41	41	1	ATG	0.06150062754750252	1	moderate	moderate	0.022	False	user_msa
Drosophila_virilis_Drosophila_virilis__Act88F__XP_002054294.1	41	41	41	1	ATG	0.06150062754750252	1	moderate	moderate	0.022	False	user_msa
Drosophila_willistoni_Drosophila_willistoni__LOC6646901__XP_002069647.1	41	41	41	1	ATG	0.06150062754750252	1	moderate	moderate	0.022	False	user_msa
Drosophila_yakuba_Drosophila_yakuba__LOC6537169__XP_002097730.1	41	41	41	1	ATG	0.06150062754750252	1	moderate	moderate	0.022	False	user_msa
Drosophila_ananassae_Drosophila_ananassae__LOC6501076__XP_001954513.1	42	42	42	2	TGT	0.07397677004337311	1	moderate	moderate	0.022	False	user_msa
Drosophila_biarmipes_Drosophila_biarmipes__LOC108026160__XP_016952383.1	42	42	42	2	TGT	0.07397677004337311	1	moderate	moderate	0.022	False	user_msa
Drosophila_mauritiana_Drosophila_mauritiana__LOC117145868__XP_033167581.1	42	42	42	2	TGT	0.07397677004337311	1	moderate	moderate	0.022	False	user_msa
Drosophila_melanogaster_Drosophila_melanogaster__Act88F__NP_524367.1	42	42	42	2	TGT	0.07397677004337311	1	moderate	moderate	0.022	False	user_msa
Drosophila_pseudoobscura_Drosophila_pseudoobscura__Act88F__XP_002137155.1	42	42	42	2	TGT	0.07397677004337311	1	moderate	moderate	0.022	False	user_msa
Drosophila_sechellia_Drosophila_sechellia__Act88F__XP_002031056.2	42	42	42	2	TGT	0.07397677004337311	1	moderate	moderate	0.022	False	user_msa
Drosophila_simulans_Drosophila_simulans__LOC6727955__XP_016034553.1	42	42	42	2	TGT	0.07397677004337311	1	moderate	moderate	0.022	False	user_msa
Drosophila_subobscura_Drosophila_subobscura__LOC117898432__XP_034663715.1	42	42	42	2	TGT	0.07397677004337311	1	moderate	moderate	0.022	False	user_msa
Drosophila_suzukii_Drosophila_suzukii__Act88F__XP_016925443.1	42	42	42	2	TGT	0.07397677004337311	1	moderate	moderate	0.022	False	user_msa
Drosophila_virilis_Drosophila_virilis__Act88F__XP_002054294.1	42	42	42	2	TGT	0.07397677004337311	1	moderate	moderate	0.022	False	user_msa
Drosophila_willistoni_Drosophila_willistoni__LOC6646901__XP_002069647.1	42	42	42	2	TGT	0.07397677004337311	1	moderate	moderate	0.022	False	user_msa
Drosophila_yakuba_Drosophila_yakuba__LOC6537169__XP_002097730.1	42	42	42	2	TGT	0.07397677004337311	1	moderate	moderate	0.022	False	user_msa
Drosophila_ananassae_Drosophila_ananassae__LOC6501076__XP_001954513.1	43	43	43	3	GAC	0.06628278642892838	1	moderate	moderate	0.022	False	user_msa
Drosophila_biarmipes_Drosophila_biarmipes__LOC108026160__XP_016952383.1	43	43	43	3	GAC	0.06628278642892838	1	moderate	moderate	0.022	False	user_msa
Drosophila_mauritiana_Drosophila_mauritiana__LOC117145868__XP_033167581.1	43	43	43	3	GAC	0.06628278642892838	1	moderate	moderate	0.022	False	user_msa
Drosophila_melanogaster_Drosophila_melanogaster__Act88F__NP_524367.1	43	43	43	3	GAC	0.06628278642892838	1	moderate	moderate	0.022	False	user_msa
Drosophila_pseudoobscura_Drosophila_pseudoobscura__Act88F__XP_002137155.1	43	43	43	3	GAC	0.06628278642892838	1	moderate	moderate	0.022	False	user_msa
Drosophila_sechellia_Drosophila_sechellia__Act88F__XP_002031056.2	43	43	43	3	GAC	0.06628278642892838	1	moderate	moderate	0.022	False	user_msa
Drosophila_simulans_Drosophila_simulans__LOC6727955__XP_016034553.1	43	43	43	3	GAC	0.06628278642892838	1	moderate	moderate	0.022	False	user_msa
Drosophila_subobscura_Drosophila_subobscura__LOC117898432__XP_034663715.1	43	43	43	3	GAC	0.06628278642892838	1	moderate	moderate	0.022	False	user_msa
Drosophila_suzukii_Drosophila_suzukii__Act88F__XP_016925443.1	43	43	43	3	GAC	0.06628278642892838	1	moderate	moderate	0.022	False	user_msa
Drosophila_virilis_Drosophila_virilis__Act88F__XP_002054294.1	43	43	43	3	GAC	0.06628278642892838	1	moderate	moderate	0.022	False	user_msa
Drosophila_willistoni_Drosophila_willistoni__LOC6646901__XP_002069647.1	43	43	43	3	GAC	0.06628278642892838	1	moderate	moderate	0.022	False	user_msa
Drosophila_yakuba_Drosophila_yakuba__LOC6537169__XP_002097730.1	43	43	43	3	GAC	0.06628278642892838	1	moderate	moderate	0.022	False	user_msa
Drosophila_ananassae_Drosophila_ananassae__LOC6501076__XP_001954513.1	44	44	44	4	GAT	0.0668523833155632	1	moderate	moderate	0.022	False	user_msa
Drosophila_biarmipes_Drosophila_biarmipes__LOC108026160__XP_016952383.1	44	44	44	4	GAT	0.0668523833155632	1	moderate	moderate	0.022	False	user_msa
Drosophila_mauritiana_Drosophila_mauritiana__LOC117145868__XP_033167581.1	44	44	44	4	GAT	0.0668523833155632	1	moderate	moderate	0.022	False	user_msa
Drosophila_melanogaster_Drosophila_melanogaster__Act88F__NP_524367.1	44	44	44	4	GAT	0.0668523833155632	1	moderate	moderate	0.022	False	user_msa
Drosophila_pseudoobscura_Drosophila_pseudoobscura__Act88F__XP_002137155.1	44	44	44	4	GAT	0.0668523833155632	1	moderate	moderate	0.022	False	user_msa
Drosophila_sechellia_Drosophila_sechellia__Act88F__XP_002031056.2	44	44	44	4	GAT	0.0668523833155632	1	moderate	moderate	0.022	False	user_msa
Drosophila_simulans_Drosophila_simulans__LOC6727955__XP_016034553.1	44	44	44	4	GAT	0.0668523833155632	1	moderate	moderate	0.022	False	user_msa
Drosophila_subobscura_Drosophila_subobscura__LOC117898432__XP_034663715.1	44	44	44	4	GAT	0.0668523833155632	1	moderate	moderate	0.022	False	user_msa
Drosophila_suzukii_Drosophila_suzukii__Act88F__XP_016925443.1	44	44	44	4	GAT	0.0668523833155632	1	moderate	moderate	0.022	False	user_msa
Drosophila_virilis_Drosophila_virilis__Act88F__XP_002054294.1	44	44	44	4	GAT	0.0668523833155632	1	moderate	moderate	0.022	False	user_msa
Drosophila_willistoni_Drosophila_willistoni__LOC6646901__XP_002069647.1	44	44	44	4	GAT	0.0668523833155632	1	moderate	moderate	0.022	False	user_msa
Drosophila_yakuba_Drosophila_yakuba__LOC6537169__XP_002097730.1	44	44	44	4	GAT	0.0668523833155632	1	moderate	moderate	0.022	False	user_msa
Drosophila_ananassae_Drosophila_ananassae__LOC6501076__XP_001954513.1	45	45	45	5	GAT	0.06685709953308105	1	moderate	moderate	0.022	False	user_msa
Drosophila_biarmipes_Drosophila_biarmipes__LOC108026160__XP_016952383.1	45	45	45	5	GAT	0.06685709953308105	1	moderate	moderate	0.022	False	user_msa
Drosophila_mauritiana_Drosophila_mauritiana__LOC117145868__XP_033167581.1	45	45	45	5	GAT	0.06685709953308105	1	moderate	moderate	0.022	False	user_msa
Drosophila_melanogaster_Drosophila_melanogaster__Act88F__NP_524367.1	45	45	45	5	GAT	0.06685709953308105	1	moderate	moderate	0.022	False	user_msa
Drosophila_pseudoobscura_Drosophila_pseudoobscura__Act88F__XP_002137155.1	45	45	45	5	GAT	0.06685709953308105	1	moderate	moderate	0.022	False	user_msa
Drosophila_sechellia_Drosophila_sechellia__Act88F__XP_002031056.2	45	45	45	5	GAT	0.06685709953308105	1	moderate	moderate	0.022	False	user_msa
Drosophila_simulans_Drosophila_simulans__LOC6727955__XP_016034553.1	45	45	45	5	GAT	0.06685709953308105	1	moderate	moderate	0.022	False	user_msa
Drosophila_subobscura_Drosophila_subobscura__LOC117898432__XP_034663715.1	45	45	45	5	GAT	0.06685709953308105	1	moderate	moderate	0.022	False	user_msa
Drosophila_suzukii_Drosophila_suzukii__Act88F__XP_016925443.1	45	45	45	5	GAT	0.06685709953308105	1	moderate	moderate	0.022	False	user_msa
Drosophila_virilis_Drosophila_virilis__Act88F__XP_002054294.1	45	45	45	5	GAT	0.06685709953308105	1	moderate	moderate	0.022	False	user_msa
Drosophila_willistoni_Drosophila_willistoni__LOC6646901__XP_002069647.1	45	45	45	5	GAT	0.06685709953308105	1	moderate	moderate	0.022	False	user_msa
Drosophila_yakuba_Drosophila_yakuba__LOC6537169__XP_002097730.1	45	45	45	5	GAT	0.06685709953308105	1	moderate	moderate	0.022	False	user_msa
Drosophila_ananassae_Drosophila_ananassae__LOC6501076__XP_001954513.1	46	46	46	6	GCG	0.06771759688854218	1	moderate	moderate	0.022	False	user_msa
Drosophila_biarmipes_Drosophila_biarmipes__LOC108026160__XP_016952383.1	46	46	46	6	GCG	0.06771759688854218	1	moderate	moderate	0.022	False	user_msa
Drosophila_mauritiana_Drosophila_mauritiana__LOC117145868__XP_033167581.1	46	46	46	6	GCG	0.06771759688854218	1	moderate	moderate	0.022	False	user_msa
Drosophila_melanogaster_Drosophila_melanogaster__Act88F__NP_524367.1	46	46	46	6	GCG	0.06771759688854218	1	moderate	moderate	0.022	False	user_msa
Drosophila_pseudoobscura_Drosophila_pseudoobscura__Act88F__XP_002137155.1	46	46	46	6	GCG	0.06771759688854218	1	moderate	moderate	0.022	False	user_msa
Drosophila_sechellia_Drosophila_sechellia__Act88F__XP_002031056.2	46	46	46	6	GCG	0.06771759688854218	1	moderate	moderate	0.022	False	user_msa
Drosophila_simulans_Drosophila_simulans__LOC6727955__XP_016034553.1	46	46	46	6	GCG	0.06771759688854218	1	moderate	moderate	0.022	False	user_msa
Drosophila_subobscura_Drosophila_subobscura__LOC117898432__XP_034663715.1	46	46	46	6	GCG	0.06771759688854218	1	moderate	moderate	0.022	False	user_msa
Drosophila_suzukii_Drosophila_suzukii__Act88F__XP_016925443.1	46	46	46	6	GCG	0.06771759688854218	1	moderate	moderate	0.022	False	user_msa
Drosophila_virilis_Drosophila_virilis__Act88F__XP_002054294.1	46	46	46	6	GCG	0.06771759688854218	1	moderate	moderate	0.022	False	user_msa
Drosophila_willistoni_Drosophila_willistoni__LOC6646901__XP_002069647.1	46	46	46	6	GCG	0.06771759688854218	1	moderate	moderate	0.022	False	user_msa
Drosophila_yakuba_Drosophila_yakuba__LOC6537169__XP_002097730.1	46	46	46	6	GCG	0.06771759688854218	1	moderate	moderate	0.022	False	user_msa
Drosophila_ananassae_Drosophila_ananassae__LOC6501076__XP_001954513.1	47	47	47	7	GGC	0.07518772035837173	1	moderate	moderate	0.022	False	user_msa
Drosophila_biarmipes_Drosophila_biarmipes__LOC108026160__XP_016952383.1	47	47	47	7	GGT	0.08224958926439285	1	moderate	moderate	0.022	False	user_msa
Drosophila_mauritiana_Drosophila_mauritiana__LOC117145868__XP_033167581.1	47	47	47	7	GGT	0.08224958926439285	1	moderate	moderate	0.022	False	user_msa
Drosophila_melanogaster_Drosophila_melanogaster__Act88F__NP_524367.1	47	47	47	7	GGT	0.08224958926439285	1	moderate	moderate	0.022	False	user_msa
Drosophila_pseudoobscura_Drosophila_pseudoobscura__Act88F__XP_002137155.1	47	47	47	7	GGT	0.08224958926439285	1	moderate	moderate	0.022	False	user_msa
Drosophila_sechellia_Drosophila_sechellia__Act88F__XP_002031056.2	47	47	47	7	GGT	0.08224958926439285	1	moderate	moderate	0.022	False	user_msa
Drosophila_simulans_Drosophila_simulans__LOC6727955__XP_016034553.1	47	47	47	7	GGT	0.08224958926439285	1	moderate	moderate	0.022	False	user_msa
Drosophila_subobscura_Drosophila_subobscura__LOC117898432__XP_034663715.1	47	47	47	7	GGT	0.08224958926439285	1	moderate	moderate	0.022	False	user_msa
Drosophila_suzukii_Drosophila_suzukii__Act88F__XP_016925443.1	47	47	47	7	GGT	0.08224958926439285	1	moderate	moderate	0.022	False	user_msa
Drosophila_virilis_Drosophila_virilis__Act88F__XP_002054294.1	47	47	47	7	GGT	0.08224958926439285	1	moderate	moderate	0.022	False	user_msa
Drosophila_willistoni_Drosophila_willistoni__LOC6646901__XP_002069647.1	47	47	47	7	GGT	0.08224958926439285	1	moderate	moderate	0.022	False	user_msa
Drosophila_yakuba_Drosophila_yakuba__LOC6537169__XP_002097730.1	47	47	47	7	GGT	0.08224958926439285	1	moderate	moderate	0.022	False	user_msa
Drosophila_ananassae_Drosophila_ananassae__LOC6501076__XP_001954513.1	48	48	48	8	GCA	0.06715546548366547	1	moderate	moderate	0.022	False	user_msa
Drosophila_biarmipes_Drosophila_biarmipes__LOC108026160__XP_016952383.1	48	48	48	8	GCA	0.06715546548366547	1	moderate	moderate	0.022	False	user_msa
Drosophila_mauritiana_Drosophila_mauritiana__LOC117145868__XP_033167581.1	48	48	48	8	GCA	0.06715546548366547	1	moderate	moderate	0.022	False	user_msa
Drosophila_melanogaster_Drosophila_melanogaster__Act88F__NP_524367.1	48	48	48	8	GCA	0.06715546548366547	1	moderate	moderate	0.022	False	user_msa
Drosophila_pseudoobscura_Drosophila_pseudoobscura__Act88F__XP_002137155.1	48	48	48	8	GCA	0.06715546548366547	1	moderate	moderate	0.022	False	user_msa
Drosophila_sechellia_Drosophila_sechellia__Act88F__XP_002031056.2	48	48	48	8	GCA	0.06715546548366547	1	moderate	moderate	0.022	False	user_msa
Drosophila_simulans_Drosophila_simulans__LOC6727955__XP_016034553.1	48	48	48	8	GCA	0.06715546548366547	1	moderate	moderate	0.022	False	user_msa
Drosophila_subobscura_Drosophila_subobscura__LOC117898432__XP_034663715.1	48	48	48	8	GCA	0.06715546548366547	1	moderate	moderate	0.022	False	user_msa
Drosophila_suzukii_Drosophila_suzukii__Act88F__XP_016925443.1	48	48	48	8	GCA	0.06715546548366547	1	moderate	moderate	0.022	False	user_msa
Drosophila_virilis_Drosophila_virilis__Act88F__XP_002054294.1	48	48	48	8	GCA	0.06715546548366547	1	moderate	moderate	0.022	False	user_msa
Drosophila_willistoni_Drosophila_willistoni__LOC6646901__XP_002069647.1	48	48	48	8	GCA	0.06715546548366547	1	moderate	moderate	0.022	False	user_msa
Drosophila_yakuba_Drosophila_yakuba__LOC6537169__XP_002097730.1	48	48	48	8	GCA	0.06715546548366547	1	moderate	moderate	0.022	False	user_msa
Drosophila_ananassae_Drosophila_ananassae__LOC6501076__XP_001954513.1	49	49	49	9	TTA	0.07432525604963303	1	moderate	moderate	0.022	False	user_msa
Drosophila_biarmipes_Drosophila_biarmipes__LOC108026160__XP_016952383.1	49	49	49	9	TTA	0.07432525604963303	1	moderate	moderate	0.022	False	user_msa
Drosophila_mauritiana_Drosophila_mauritiana__LOC117145868__XP_033167581.1	49	49	49	9	TTA	0.07432525604963303	1	moderate	moderate	0.022	False	user_msa
Drosophila_melanogaster_Drosophila_melanogaster__Act88F__NP_524367.1	49	49	49	9	TTA	0.07432525604963303	1	moderate	moderate	0.022	False	user_msa
Drosophila_pseudoobscura_Drosophila_pseudoobscura__Act88F__XP_002137155.1	49	49	49	9	TTA	0.07432525604963303	1	moderate	moderate	0.022	False	user_msa
Drosophila_sechellia_Drosophila_sechellia__Act88F__XP_002031056.2	49	49	49	9	TTA	0.07432525604963303	1	moderate	moderate	0.022	False	user_msa
Drosophila_simulans_Drosophila_simulans__LOC6727955__XP_016034553.1	49	49	49	9	TTA	0.07432525604963303	1	moderate	moderate	0.022	False	user_msa
Drosophila_subobscura_Drosophila_subobscura__LOC117898432__XP_034663715.1	49	49	49	9	TTA	0.07432525604963303	1	moderate	moderate	0.022	False	user_msa
Drosophila_suzukii_Drosophila_suzukii__Act88F__XP_016925443.1	49	49	49	9	TTA	0.07432525604963303	1	moderate	moderate	0.022	False	user_msa
Drosophila_virilis_Drosophila_virilis__Act88F__XP_002054294.1	49	49	49	9	TTA	0.07432525604963303	1	moderate	moderate	0.022	False	user_msa
Drosophila_willistoni_Drosophila_willistoni__LOC6646901__XP_002069647.1	49	49	49	9	TTA	0.07432525604963303	1	moderate	moderate	0.022	False	user_msa
Drosophila_yakuba_Drosophila_yakuba__LOC6537169__XP_002097730.1	49	49	49	9	TTA	0.07432525604963303	1	moderate	moderate	0.022	False	user_msa
Drosophila_ananassae_Drosophila_ananassae__LOC6501076__XP_001954513.1	50	50	50	10	GTT	0.0703660324215889	1	moderate	moderate	0.022	False	user_msa
Drosophila_biarmipes_Drosophila_biarmipes__LOC108026160__XP_016952383.1	50	50	50	10	GTT	0.0703660324215889	1	moderate	moderate	0.022	False	user_msa
Drosophila_mauritiana_Drosophila_mauritiana__LOC117145868__XP_033167581.1	50	50	50	10	GTT	0.0703660324215889	1	moderate	moderate	0.022	False	user_msa
Drosophila_melanogaster_Drosophila_melanogaster__Act88F__NP_524367.1	50	50	50	10	GTT	0.0703660324215889	1	moderate	moderate	0.022	False	user_msa
Drosophila_pseudoobscura_Drosophila_pseudoobscura__Act88F__XP_002137155.1	50	50	50	10	GTT	0.0703660324215889	1	moderate	moderate	0.022	False	user_msa
Drosophila_sechellia_Drosophila_sechellia__Act88F__XP_002031056.2	50	50	50	10	GTT	0.0703660324215889	1	moderate	moderate	0.022	False	user_msa
Drosophila_simulans_Drosophila_simulans__LOC6727955__XP_016034553.1	50	50	50	10	GTT	0.0703660324215889	1	moderate	moderate	0.022	False	user_msa
Drosophila_subobscura_Drosophila_subobscura__LOC117898432__XP_034663715.1	50	50	50	10	GTT	0.0703660324215889	1	moderate	moderate	0.022	False	user_msa
Drosophila_suzukii_Drosophila_suzukii__Act88F__XP_016925443.1	50	50	50	10	GTT	0.0703660324215889	1	moderate	moderate	0.022	False	user_msa
Drosophila_virilis_Drosophila_virilis__Act88F__XP_002054294.1	50	50	50	10	GTT	0.0703660324215889	1	moderate	moderate	0.022	False	user_msa
Drosophila_willistoni_Drosophila_willistoni__LOC6646901__XP_002069647.1	50	50	50	10	GTT	0.0703660324215889	1	moderate	moderate	0.022	False	user_msa
Drosophila_yakuba_Drosophila_yakuba__LOC6537169__XP_002097730.1	50	50	50	10	GTT	0.0703660324215889	1	moderate	moderate	0.022	False	user_msa
Drosophila_ananassae_Drosophila_ananassae__LOC6501076__XP_001954513.1	51	51	51	11	ATC	0.06137764826416969	1	moderate	moderate	0.022	False	user_msa
Drosophila_biarmipes_Drosophila_biarmipes__LOC108026160__XP_016952383.1	51	51	51	11	ATC	0.06137764826416969	1	moderate	moderate	0.022	False	user_msa
Drosophila_mauritiana_Drosophila_mauritiana__LOC117145868__XP_033167581.1	51	51	51	11	ATC	0.06137764826416969	1	moderate	moderate	0.022	False	user_msa
Drosophila_melanogaster_Drosophila_melanogaster__Act88F__NP_524367.1	51	51	51	11	ATC	0.06137764826416969	1	moderate	moderate	0.022	False	user_msa
Drosophila_pseudoobscura_Drosophila_pseudoobscura__Act88F__XP_002137155.1	51	51	51	11	ATC	0.06137764826416969	1	moderate	moderate	0.022	False	user_msa
Drosophila_sechellia_Drosophila_sechellia__Act88F__XP_002031056.2	51	51	51	11	ATC	0.06137764826416969	1	moderate	moderate	0.022	False	user_msa
Drosophila_simulans_Drosophila_simulans__LOC6727955__XP_016034553.1	51	51	51	11	ATC	0.06137764826416969	1	moderate	moderate	0.022	False	user_msa
Drosophila_subobscura_Drosophila_subobscura__LOC117898432__XP_034663715.1	51	51	51	11	ATC	0.06137764826416969	1	moderate	moderate	0.022	False	user_msa
Drosophila_suzukii_Drosophila_suzukii__Act88F__XP_016925443.1	51	51	51	11	ATC	0.06137764826416969	1	moderate	moderate	0.022	False	user_msa
Drosophila_virilis_Drosophila_virilis__Act88F__XP_002054294.1	51	51	51	11	ATC	0.06137764826416969	1	moderate	moderate	0.022	False	user_msa
Drosophila_willistoni_Drosophila_willistoni__LOC6646901__XP_002069647.1	51	51	51	11	ATC	0.06137764826416969	1	moderate	moderate	0.022	False	user_msa
Drosophila_yakuba_Drosophila_yakuba__LOC6537169__XP_002097730.1	51	51	51	11	ATC	0.06137764826416969	1	moderate	moderate	0.022	False	user_msa
Drosophila_ananassae_Drosophila_ananassae__LOC6501076__XP_001954513.1	52	52	52	12	GAC	0.06632516533136368	1	moderate	moderate	0.022	False	user_msa
Drosophila_biarmipes_Drosophila_biarmipes__LOC108026160__XP_016952383.1	52	52	52	12	GAC	0.06632516533136368	1	moderate	moderate	0.022	False	user_msa
Drosophila_mauritiana_Drosophila_mauritiana__LOC117145868__XP_033167581.1	52	52	52	12	GAC	0.06632516533136368	1	moderate	moderate	0.022	False	user_msa
Drosophila_melanogaster_Drosophila_melanogaster__Act88F__NP_524367.1	52	52	52	12	GAC	0.06632516533136368	1	moderate	moderate	0.022	False	user_msa
Drosophila_pseudoobscura_Drosophila_pseudoobscura__Act88F__XP_002137155.1	52	52	52	12	GAC	0.06632516533136368	1	moderate	moderate	0.022	False	user_msa
Drosophila_sechellia_Drosophila_sechellia__Act88F__XP_002031056.2	52	52	52	12	GAC	0.06632516533136368	1	moderate	moderate	0.022	False	user_msa
Drosophila_simulans_Drosophila_simulans__LOC6727955__XP_016034553.1	52	52	52	12	GAC	0.06632516533136368	1	moderate	moderate	0.022	False	user_msa
Drosophila_subobscura_Drosophila_subobscura__LOC117898432__XP_034663715.1	52	52	52	12	GAC	0.06632516533136368	1	moderate	moderate	0.022	False	user_msa
Drosophila_suzukii_Drosophila_suzukii__Act88F__XP_016925443.1	52	52	52	12	GAC	0.06632516533136368	1	moderate	moderate	0.022	False	user_msa
Drosophila_virilis_Drosophila_virilis__Act88F__XP_002054294.1	52	52	52	12	GAC	0.06632516533136368	1	moderate	moderate	0.022	False	user_msa
Drosophila_willistoni_Drosophila_willistoni__LOC6646901__XP_002069647.1	52	52	52	12	GAC	0.06632516533136368	1	moderate	moderate	0.022	False	user_msa
Drosophila_yakuba_Drosophila_yakuba__LOC6537169__XP_002097730.1	52	52	52	12	GAC	0.06632516533136368	1	moderate	moderate	0.022	False	user_msa
Drosophila_ananassae_Drosophila_ananassae__LOC6501076__XP_001954513.1	53	53	53	13	AAC	0.0589926652610302	1	moderate	moderate	0.022	False	user_msa
Drosophila_biarmipes_Drosophila_biarmipes__LOC108026160__XP_016952383.1	53	53	53	13	AAC	0.0589926652610302	1	moderate	moderate	0.022	False	user_msa
Drosophila_mauritiana_Drosophila_mauritiana__LOC117145868__XP_033167581.1	53	53	53	13	AAC	0.0589926652610302	1	moderate	moderate	0.022	False	user_msa
Drosophila_melanogaster_Drosophila_melanogaster__Act88F__NP_524367.1	53	53	53	13	AAC	0.0589926652610302	1	moderate	moderate	0.022	False	user_msa
Drosophila_pseudoobscura_Drosophila_pseudoobscura__Act88F__XP_002137155.1	53	53	53	13	AAC	0.0589926652610302	1	moderate	moderate	0.022	False	user_msa
Drosophila_sechellia_Drosophila_sechellia__Act88F__XP_002031056.2	53	53	53	13	AAC	0.0589926652610302	1	moderate	moderate	0.022	False	user_msa
Drosophila_simulans_Drosophila_simulans__LOC6727955__XP_016034553.1	53	53	53	13	AAC	0.0589926652610302	1	moderate	moderate	0.022	False	user_msa
Drosophila_subobscura_Drosophila_subobscura__LOC117898432__XP_034663715.1	53	53	53	13	AAC	0.0589926652610302	1	moderate	moderate	0.022	False	user_msa
Drosophila_suzukii_Drosophila_suzukii__Act88F__XP_016925443.1	53	53	53	13	AAC	0.0589926652610302	1	moderate	moderate	0.022	False	user_msa
Drosophila_virilis_Drosophila_virilis__Act88F__XP_002054294.1	53	53	53	13	AAC	0.0589926652610302	1	moderate	moderate	0.022	False	user_msa
Drosophila_willistoni_Drosophila_willistoni__LOC6646901__XP_002069647.1	53	53	53	13	AAC	0.0589926652610302	1	moderate	moderate	0.022	False	user_msa
Drosophila_yakuba_Drosophila_yakuba__LOC6537169__XP_002097730.1	53	53	53	13	AAC	0.0589926652610302	1	moderate	moderate	0.022	False	user_msa
Drosophila_ananassae_Drosophila_ananassae__LOC6501076__XP_001954513.1	54	54	54	14	GGA	0.07609400898218155	1	moderate	moderate	0.022	False	user_msa
Drosophila_biarmipes_Drosophila_biarmipes__LOC108026160__XP_016952383.1	54	54	54	14	GGA	0.07609400898218155	1	moderate	moderate	0.022	False	user_msa
Drosophila_mauritiana_Drosophila_mauritiana__LOC117145868__XP_033167581.1	54	54	54	14	GGA	0.07609400898218155	1	moderate	moderate	0.022	False	user_msa
Drosophila_melanogaster_Drosophila_melanogaster__Act88F__NP_524367.1	54	54	54	14	GGA	0.07609400898218155	1	moderate	moderate	0.022	False	user_msa
Drosophila_pseudoobscura_Drosophila_pseudoobscura__Act88F__XP_002137155.1	54	54	54	14	GGA	0.07609400898218155	1	moderate	moderate	0.022	False	user_msa
Drosophila_sechellia_Drosophila_sechellia__Act88F__XP_002031056.2	54	54	54	14	GGA	0.07609400898218155	1	moderate	moderate	0.022	False	user_msa
Drosophila_simulans_Drosophila_simulans__LOC6727955__XP_016034553.1	54	54	54	14	GGA	0.07609400898218155	1	moderate	moderate	0.022	False	user_msa
Drosophila_subobscura_Drosophila_subobscura__LOC117898432__XP_034663715.1	54	54	54	14	GGT	0.08702679723501205	1	moderate	moderate	0.022	False	user_msa
Drosophila_suzukii_Drosophila_suzukii__Act88F__XP_016925443.1	54	54	54	14	GGA	0.07609400898218155	1	moderate	moderate	0.022	False	user_msa
Drosophila_virilis_Drosophila_virilis__Act88F__XP_002054294.1	54	54	54	14	GGT	0.08702679723501205	1	moderate	moderate	0.022	False	user_msa
Drosophila_willistoni_Drosophila_willistoni__LOC6646901__XP_002069647.1	54	54	54	14	GGT	0.08702679723501205	1	moderate	moderate	0.022	False	user_msa
Drosophila_yakuba_Drosophila_yakuba__LOC6537169__XP_002097730.1	54	54	54	14	GGA	0.07609400898218155	1	moderate	moderate	0.022	False	user_msa
Drosophila_ananassae_Drosophila_ananassae__LOC6501076__XP_001954513.1	55	55	55	15	TCG	0.07250140607357025	1	moderate	moderate	0.022	False	user_msa
Drosophila_biarmipes_Drosophila_biarmipes__LOC108026160__XP_016952383.1	55	55	55	15	TCG	0.07250140607357025	1	moderate	moderate	0.022	False	user_msa
Drosophila_mauritiana_Drosophila_mauritiana__LOC117145868__XP_033167581.1	55	55	55	15	TCG	0.07250140607357025	1	moderate	moderate	0.022	False	user_msa
Drosophila_melanogaster_Drosophila_melanogaster__Act88F__NP_524367.1	55	55	55	15	TCG	0.07250140607357025	1	moderate	moderate	0.022	False	user_msa
Drosophila_pseudoobscura_Drosophila_pseudoobscura__Act88F__XP_002137155.1	55	55	55	15	TCG	0.07250140607357025	1	moderate	moderate	0.022	False	user_msa
Drosophila_sechellia_Drosophila_sechellia__Act88F__XP_002031056.2	55	55	55	15	TCG	0.07250140607357025	1	moderate	moderate	0.022	False	user_msa
Drosophila_simulans_Drosophila_simulans__LOC6727955__XP_016034553.1	55	55	55	15	TCG	0.07250140607357025	1	moderate	moderate	0.022	False	user_msa
Drosophila_subobscura_Drosophila_subobscura__LOC117898432__XP_034663715.1	55	55	55	15	TCG	0.07250140607357025	1	moderate	moderate	0.022	False	user_msa
Drosophila_suzukii_Drosophila_suzukii__Act88F__XP_016925443.1	55	55	55	15	TCG	0.07250140607357025	1	moderate	moderate	0.022	False	user_msa
Drosophila_virilis_Drosophila_virilis__Act88F__XP_002054294.1	55	55	55	15	TCG	0.07250140607357025	1	moderate	moderate	0.022	False	user_msa
Drosophila_willistoni_Drosophila_willistoni__LOC6646901__XP_002069647.1	55	55	55	15	TCG	0.07250140607357025	1	moderate	moderate	0.022	False	user_msa
Drosophila_yakuba_Drosophila_yakuba__LOC6537169__XP_002097730.1	55	55	55	15	TCG	0.07250140607357025	1	moderate	moderate	0.022	False	user_msa
Drosophila_ananassae_Drosophila_ananassae__LOC6501076__XP_001954513.1	56	56	56	16	GGC	0.06863199174404144	1	moderate	moderate	0.022	False	user_msa
Drosophila_biarmipes_Drosophila_biarmipes__LOC108026160__XP_016952383.1	56	56	56	16	GGC	0.06863199174404144	1	moderate	moderate	0.022	False	user_msa
Drosophila_mauritiana_Drosophila_mauritiana__LOC117145868__XP_033167581.1	56	56	56	16	GGC	0.06863199174404144	1	moderate	moderate	0.022	False	user_msa
Drosophila_melanogaster_Drosophila_melanogaster__Act88F__NP_524367.1	56	56	56	16	GGC	0.06863199174404144	1	moderate	moderate	0.022	False	user_msa
Drosophila_pseudoobscura_Drosophila_pseudoobscura__Act88F__XP_002137155.1	56	56	56	16	GGC	0.06863199174404144	1	moderate	moderate	0.022	False	user_msa
Drosophila_sechellia_Drosophila_sechellia__Act88F__XP_002031056.2	56	56	56	16	GGC	0.06863199174404144	1	moderate	moderate	0.022	False	user_msa
Drosophila_simulans_Drosophila_simulans__LOC6727955__XP_016034553.1	56	56	56	16	GGC	0.06863199174404144	1	moderate	moderate	0.022	False	user_msa
Drosophila_subobscura_Drosophila_subobscura__LOC117898432__XP_034663715.1	56	56	56	16	GGC	0.06863199174404144	1	moderate	moderate	0.022	False	user_msa
Drosophila_suzukii_Drosophila_suzukii__Act88F__XP_016925443.1	56	56	56	16	GGC	0.06863199174404144	1	moderate	moderate	0.022	False	user_msa
Drosophila_virilis_Drosophila_virilis__Act88F__XP_002054294.1	56	56	56	16	GGC	0.06863199174404144	1	moderate	moderate	0.022	False	user_msa
Drosophila_willistoni_Drosophila_willistoni__LOC6646901__XP_002069647.1	56	56	56	16	GGC	0.06863199174404144	1	moderate	moderate	0.022	False	user_msa
Drosophila_yakuba_Drosophila_yakuba__LOC6537169__XP_002097730.1	56	56	56	16	GGC	0.06863199174404144	1	moderate	moderate	0.022	False	user_msa
Drosophila_ananassae_Drosophila_ananassae__LOC6501076__XP_001954513.1	57	57	57	17	ATG	0.06163052096962929	1	moderate	moderate	0.022	False	user_msa
Drosophila_biarmipes_Drosophila_biarmipes__LOC108026160__XP_016952383.1	57	57	57	17	ATG	0.06163052096962929	1	moderate	moderate	0.022	False	user_msa
Drosophila_mauritiana_Drosophila_mauritiana__LOC117145868__XP_033167581.1	57	57	57	17	ATG	0.06163052096962929	1	moderate	moderate	0.022	False	user_msa
Drosophila_melanogaster_Drosophila_melanogaster__Act88F__NP_524367.1	57	57	57	17	ATG	0.06163052096962929	1	moderate	moderate	0.022	False	user_msa
Drosophila_pseudoobscura_Drosophila_pseudoobscura__Act88F__XP_002137155.1	57	57	57	17	ATG	0.06163052096962929	1	moderate	moderate	0.022	False	user_msa
Drosophila_sechellia_Drosophila_sechellia__Act88F__XP_002031056.2	57	57	57	17	ATG	0.06163052096962929	1	moderate	moderate	0.022	False	user_msa
Drosophila_simulans_Drosophila_simulans__LOC6727955__XP_016034553.1	57	57	57	17	ATG	0.06163052096962929	1	moderate	moderate	0.022	False	user_msa
Drosophila_subobscura_Drosophila_subobscura__LOC117898432__XP_034663715.1	57	57	57	17	ATG	0.06163052096962929	1	moderate	moderate	0.022	False	user_msa
Drosophila_suzukii_Drosophila_suzukii__Act88F__XP_016925443.1	57	57	57	17	ATG	0.06163052096962929	1	moderate	moderate	0.022	False	user_msa
Drosophila_virilis_Drosophila_virilis__Act88F__XP_002054294.1	57	57	57	17	ATG	0.06163052096962929	1	moderate	moderate	0.022	False	user_msa
Drosophila_willistoni_Drosophila_willistoni__LOC6646901__XP_002069647.1	57	57	57	17	ATG	0.06163052096962929	1	moderate	moderate	0.022	False	user_msa
Drosophila_yakuba_Drosophila_yakuba__LOC6537169__XP_002097730.1	57	57	57	17	ATG	0.06163052096962929	1	moderate	moderate	0.022	False	user_msa
Drosophila_ananassae_Drosophila_ananassae__LOC6501076__XP_001954513.1	58	58	58	18	TGC	0.07343905419111252	1	moderate	moderate	0.022	False	user_msa
Drosophila_biarmipes_Drosophila_biarmipes__LOC108026160__XP_016952383.1	58	58	58	18	TGC	0.07343905419111252	1	moderate	moderate	0.022	False	user_msa
Drosophila_mauritiana_Drosophila_mauritiana__LOC117145868__XP_033167581.1	58	58	58	18	TGC	0.07343905419111252	1	moderate	moderate	0.022	False	user_msa
Drosophila_melanogaster_Drosophila_melanogaster__Act88F__NP_524367.1	58	58	58	18	TGC	0.07343905419111252	1	moderate	moderate	0.022	False	user_msa
Drosophila_pseudoobscura_Drosophila_pseudoobscura__Act88F__XP_002137155.1	58	58	58	18	TGC	0.07343905419111252	1	moderate	moderate	0.022	False	user_msa
Drosophila_sechellia_Drosophila_sechellia__Act88F__XP_002031056.2	58	58	58	18	TGC	0.07343905419111252	1	moderate	moderate	0.022	False	user_msa
Drosophila_simulans_Drosophila_simulans__LOC6727955__XP_016034553.1	58	58	58	18	TGC	0.07343905419111252	1	moderate	moderate	0.022	False	user_msa
Drosophila_subobscura_Drosophila_subobscura__LOC117898432__XP_034663715.1	58	58	58	18	TGC	0.07343905419111252	1	moderate	moderate	0.022	False	user_msa
Drosophila_suzukii_Drosophila_suzukii__Act88F__XP_016925443.1	58	58	58	18	TGC	0.07343905419111252	1	moderate	moderate	0.022	False	user_msa
Drosophila_virilis_Drosophila_virilis__Act88F__XP_002054294.1	58	58	58	18	TGC	0.07343905419111252	1	moderate	moderate	0.022	False	user_msa
Drosophila_willistoni_Drosophila_willistoni__LOC6646901__XP_002069647.1	58	58	58	18	TGC	0.07343905419111252	1	moderate	moderate	0.022	False	user_msa
Drosophila_yakuba_Drosophila_yakuba__LOC6537169__XP_002097730.1	58	58	58	18	TGC	0.07343905419111252	1	moderate	moderate	0.022	False	user_msa
Drosophila_ananassae_Drosophila_ananassae__LOC6501076__XP_001954513.1	59	59	59	19	AAA	0.058843210339546204	1	moderate	moderate	0.022	False	user_msa
Drosophila_biarmipes_Drosophila_biarmipes__LOC108026160__XP_016952383.1	59	59	59	19	AAA	0.058843210339546204	1	moderate	moderate	0.022	False	user_msa
Drosophila_mauritiana_Drosophila_mauritiana__LOC117145868__XP_033167581.1	59	59	59	19	AAA	0.058843210339546204	1	moderate	moderate	0.022	False	user_msa
Drosophila_melanogaster_Drosophila_melanogaster__Act88F__NP_524367.1	59	59	59	19	AAA	0.058843210339546204	1	moderate	moderate	0.022	False	user_msa
Drosophila_pseudoobscura_Drosophila_pseudoobscura__Act88F__XP_002137155.1	59	59	59	19	AAA	0.058843210339546204	1	moderate	moderate	0.022	False	user_msa
Drosophila_sechellia_Drosophila_sechellia__Act88F__XP_002031056.2	59	59	59	19	AAA	0.058843210339546204	1	moderate	moderate	0.022	False	user_msa
Drosophila_simulans_Drosophila_simulans__LOC6727955__XP_016034553.1	59	59	59	19	AAA	0.058843210339546204	1	moderate	moderate	0.022	False	user_msa
Drosophila_subobscura_Drosophila_subobscura__LOC117898432__XP_034663715.1	59	59	59	19	AAA	0.058843210339546204	1	moderate	moderate	0.022	False	user_msa
Drosophila_suzukii_Drosophila_suzukii__Act88F__XP_016925443.1	59	59	59	19	AAA	0.058843210339546204	1	moderate	moderate	0.022	False	user_msa
Drosophila_virilis_Drosophila_virilis__Act88F__XP_002054294.1	59	59	59	19	AAA	0.058843210339546204	1	moderate	moderate	0.022	False	user_msa
Drosophila_willistoni_Drosophila_willistoni__LOC6646901__XP_002069647.1	59	59	59	19	AAA	0.058843210339546204	1	moderate	moderate	0.022	False	user_msa
Drosophila_yakuba_Drosophila_yakuba__LOC6537169__XP_002097730.1	59	59	59	19	AAA	0.058843210339546204	1	moderate	moderate	0.022	False	user_msa
Drosophila_ananassae_Drosophila_ananassae__LOC6501076__XP_001954513.1	60	60	60	20	GCC	0.06749812513589859	1	moderate	moderate	0.022	False	user_msa
Drosophila_biarmipes_Drosophila_biarmipes__LOC108026160__XP_016952383.1	60	60	60	20	GCC	0.06749812513589859	1	moderate	moderate	0.022	False	user_msa
Drosophila_mauritiana_Drosophila_mauritiana__LOC117145868__XP_033167581.1	60	60	60	20	GCC	0.06749812513589859	1	moderate	moderate	0.022	False	user_msa
Drosophila_melanogaster_Drosophila_melanogaster__Act88F__NP_524367.1	60	60	60	20	GCC	0.06749812513589859	1	moderate	moderate	0.022	False	user_msa
Drosophila_pseudoobscura_Drosophila_pseudoobscura__Act88F__XP_002137155.1	60	60	60	20	GCC	0.06749812513589859	1	moderate	moderate	0.022	False	user_msa
Drosophila_sechellia_Drosophila_sechellia__Act88F__XP_002031056.2	60	60	60	20	GCC	0.06749812513589859	1	moderate	moderate	0.022	False	user_msa
Drosophila_simulans_Drosophila_simulans__LOC6727955__XP_016034553.1	60	60	60	20	GCC	0.06749812513589859	1	moderate	moderate	0.022	False	user_msa
Drosophila_subobscura_Drosophila_subobscura__LOC117898432__XP_034663715.1	60	60	60	20	GCC	0.06749812513589859	1	moderate	moderate	0.022	False	user_msa
Drosophila_suzukii_Drosophila_suzukii__Act88F__XP_016925443.1	60	60	60	20	GCC	0.06749812513589859	1	moderate	moderate	0.022	False	user_msa
Drosophila_virilis_Drosophila_virilis__Act88F__XP_002054294.1	60	60	60	20	GCC	0.06749812513589859	1	moderate	moderate	0.022	False	user_msa
Drosophila_willistoni_Drosophila_willistoni__LOC6646901__XP_002069647.1	60	60	60	20	GCC	0.06749812513589859	1	moderate	moderate	0.022	False	user_msa
Drosophila_yakuba_Drosophila_yakuba__LOC6537169__XP_002097730.1	60	60	60	20	GCC	0.06749812513589859	1	moderate	moderate	0.022	False	user_msa
Drosophila_ananassae_Drosophila_ananassae__LOC6501076__XP_001954513.1	61	61	61	21	GGC	0.06865633279085159	1	moderate	moderate	0.022	False	user_msa
Drosophila_biarmipes_Drosophila_biarmipes__LOC108026160__XP_016952383.1	61	61	61	21	GGC	0.06865633279085159	1	moderate	moderate	0.022	False	user_msa
Drosophila_mauritiana_Drosophila_mauritiana__LOC117145868__XP_033167581.1	61	61	61	21	GGC	0.06865633279085159	1	moderate	moderate	0.022	False	user_msa
Drosophila_melanogaster_Drosophila_melanogaster__Act88F__NP_524367.1	61	61	61	21	GGC	0.06865633279085159	1	moderate	moderate	0.022	False	user_msa
Drosophila_pseudoobscura_Drosophila_pseudoobscura__Act88F__XP_002137155.1	61	61	61	21	GGC	0.06865633279085159	1	moderate	moderate	0.022	False	user_msa
Drosophila_sechellia_Drosophila_sechellia__Act88F__XP_002031056.2	61	61	61	21	GGC	0.06865633279085159	1	moderate	moderate	0.022	False	user_msa
Drosophila_simulans_Drosophila_simulans__LOC6727955__XP_016034553.1	61	61	61	21	GGC	0.06865633279085159	1	moderate	moderate	0.022	False	user_msa
Drosophila_subobscura_Drosophila_subobscura__LOC117898432__XP_034663715.1	61	61	61	21	GGC	0.06865633279085159	1	moderate	moderate	0.022	False	user_msa
Drosophila_suzukii_Drosophila_suzukii__Act88F__XP_016925443.1	61	61	61	21	GGC	0.06865633279085159	1	moderate	moderate	0.022	False	user_msa
Drosophila_virilis_Drosophila_virilis__Act88F__XP_002054294.1	61	61	61	21	GGC	0.06865633279085159	1	moderate	moderate	0.022	False	user_msa
Drosophila_willistoni_Drosophila_willistoni__LOC6646901__XP_002069647.1	61	61	61	21	GGC	0.06865633279085159	1	moderate	moderate	0.022	False	user_msa
Drosophila_yakuba_Drosophila_yakuba__LOC6537169__XP_002097730.1	61	61	61	21	GGC	0.06865633279085159	1	moderate	moderate	0.022	False	user_msa
Drosophila_ananassae_Drosophila_ananassae__LOC6501076__XP_001954513.1	62	62	62	22	TTC	0.08405712991952896	1	moderate	moderate	0.022	False	user_msa
Drosophila_biarmipes_Drosophila_biarmipes__LOC108026160__XP_016952383.1	62	62	62	22	TTT	0.09186910092830658	1	moderate	moderate	0.022	False	user_msa
Drosophila_mauritiana_Drosophila_mauritiana__LOC117145868__XP_033167581.1	62	62	62	22	TTC	0.08405712991952896	1	moderate	moderate	0.022	False	user_msa
Drosophila_melanogaster_Drosophila_melanogaster__Act88F__NP_524367.1	62	62	62	22	TTC	0.08405712991952896	1	moderate	moderate	0.022	False	user_msa
Drosophila_pseudoobscura_Drosophila_pseudoobscura__Act88F__XP_002137155.1	62	62	62	22	TTT	0.09186910092830658	1	moderate	moderate	0.022	False	user_msa
Drosophila_sechellia_Drosophila_sechellia__Act88F__XP_002031056.2	62	62	62	22	TTC	0.08405712991952896	1	moderate	moderate	0.022	False	user_msa
Drosophila_simulans_Drosophila_simulans__LOC6727955__XP_016034553.1	62	62	62	22	TTC	0.08405712991952896	1	moderate	moderate	0.022	False	user_msa
Drosophila_subobscura_Drosophila_subobscura__LOC117898432__XP_034663715.1	62	62	62	22	TTT	0.09186910092830658	1	moderate	moderate	0.022	False	user_msa
Drosophila_suzukii_Drosophila_suzukii__Act88F__XP_016925443.1	62	62	62	22	TTT	0.09186910092830658	1	moderate	moderate	0.022	False	user_msa
Drosophila_virilis_Drosophila_virilis__Act88F__XP_002054294.1	62	62	62	22	TTC	0.08405712991952896	1	moderate	moderate	0.022	False	user_msa
Drosophila_willistoni_Drosophila_willistoni__LOC6646901__XP_002069647.1	62	62	62	22	TTT	0.09186910092830658	1	moderate	moderate	0.022	False	user_msa
Drosophila_yakuba_Drosophila_yakuba__LOC6537169__XP_002097730.1	62	62	62	22	TTC	0.08405712991952896	1	moderate	moderate	0.022	False	user_msa
Drosophila_ananassae_Drosophila_ananassae__LOC6501076__XP_001954513.1	63	63	63	23	GCC	0.07603630423545837	1	moderate	moderate	0.022	False	user_msa
Drosophila_biarmipes_Drosophila_biarmipes__LOC108026160__XP_016952383.1	63	63	63	23	GCC	0.07603630423545837	1	moderate	moderate	0.022	False	user_msa
Drosophila_mauritiana_Drosophila_mauritiana__LOC117145868__XP_033167581.1	63	63	63	23	GCC	0.07603630423545837	1	moderate	moderate	0.022	False	user_msa
Drosophila_melanogaster_Drosophila_melanogaster__Act88F__NP_524367.1	63	63	63	23	GCC	0.07603630423545837	1	moderate	moderate	0.022	False	user_msa
Drosophila_pseudoobscura_Drosophila_pseudoobscura__Act88F__XP_002137155.1	63	63	63	23	GCT	0.08317059278488159	1	moderate	moderate	0.022	False	user_msa
Drosophila_sechellia_Drosophila_sechellia__Act88F__XP_002031056.2	63	63	63	23	GCC	0.07603630423545837	1	moderate	moderate	0.022	False	user_msa
Drosophila_simulans_Drosophila_simulans__LOC6727955__XP_016034553.1	63	63	63	23	GCC	0.07603630423545837	1	moderate	moderate	0.022	False	user_msa
Drosophila_subobscura_Drosophila_subobscura__LOC117898432__XP_034663715.1	63	63	63	23	GCT	0.08317059278488159	1	moderate	moderate	0.022	False	user_msa
Drosophila_suzukii_Drosophila_suzukii__Act88F__XP_016925443.1	63	63	63	23	GCT	0.08317059278488159	1	moderate	moderate	0.022	False	user_msa
Drosophila_virilis_Drosophila_virilis__Act88F__XP_002054294.1	63	63	63	23	GCT	0.08317059278488159	1	moderate	moderate	0.022	False	user_msa
Drosophila_willistoni_Drosophila_willistoni__LOC6646901__XP_002069647.1	63	63	63	23	GCT	0.08317059278488159	1	moderate	moderate	0.022	False	user_msa
Drosophila_yakuba_Drosophila_yakuba__LOC6537169__XP_002097730.1	63	63	63	23	GCC	0.07603630423545837	1	moderate	moderate	0.022	False	user_msa
Drosophila_ananassae_Drosophila_ananassae__LOC6501076__XP_001954513.1	64	64	64	24	GGT	0.06925460696220398	1	moderate	moderate	0.022	False	user_msa
Drosophila_biarmipes_Drosophila_biarmipes__LOC108026160__XP_016952383.1	64	64	64	24	GGT	0.06925460696220398	1	moderate	moderate	0.022	False	user_msa
Drosophila_mauritiana_Drosophila_mauritiana__LOC117145868__XP_033167581.1	64	64	64	24	GGT	0.06925460696220398	1	moderate	moderate	0.022	False	user_msa
Drosophila_melanogaster_Drosophila_melanogaster__Act88F__NP_524367.1	64	64	64	24	GGT	0.06925460696220398	1	moderate	moderate	0.022	False	user_msa
Drosophila_pseudoobscura_Drosophila_pseudoobscura__Act88F__XP_002137155.1	64	64	64	24	GGT	0.06925460696220398	1	moderate	moderate	0.022	False	user_msa
Drosophila_sechellia_Drosophila_sechellia__Act88F__XP_002031056.2	64	64	64	24	GGT	0.06925460696220398	1	moderate	moderate	0.022	False	user_msa
Drosophila_simulans_Drosophila_simulans__LOC6727955__XP_016034553.1	64	64	64	24	GGT	0.06925460696220398	1	moderate	moderate	0.022	False	user_msa
Drosophila_subobscura_Drosophila_subobscura__LOC117898432__XP_034663715.1	64	64	64	24	GGT	0.06925460696220398	1	moderate	moderate	0.022	False	user_msa
Drosophila_suzukii_Drosophila_suzukii__Act88F__XP_016925443.1	64	64	64	24	GGT	0.06925460696220398	1	moderate	moderate	0.022	False	user_msa
Drosophila_virilis_Drosophila_virilis__Act88F__XP_002054294.1	64	64	64	24	GGT	0.06925460696220398	1	moderate	moderate	0.022	False	user_msa
Drosophila_willistoni_Drosophila_willistoni__LOC6646901__XP_002069647.1	64	64	64	24	GGT	0.06925460696220398	1	moderate	moderate	0.022	False	user_msa
Drosophila_yakuba_Drosophila_yakuba__LOC6537169__XP_002097730.1	64	64	64	24	GGT	0.06925460696220398	1	moderate	moderate	0.022	False	user_msa
Drosophila_ananassae_Drosophila_ananassae__LOC6501076__XP_001954513.1	65	65	65	25	GAT	0.06695198267698288	1	moderate	moderate	0.022	False	user_msa
Drosophila_biarmipes_Drosophila_biarmipes__LOC108026160__XP_016952383.1	65	65	65	25	GAT	0.06695198267698288	1	moderate	moderate	0.022	False	user_msa
Drosophila_mauritiana_Drosophila_mauritiana__LOC117145868__XP_033167581.1	65	65	65	25	GAT	0.06695198267698288	1	moderate	moderate	0.022	False	user_msa
Drosophila_melanogaster_Drosophila_melanogaster__Act88F__NP_524367.1	65	65	65	25	GAT	0.06695198267698288	1	moderate	moderate	0.022	False	user_msa
Drosophila_pseudoobscura_Drosophila_pseudoobscura__Act88F__XP_002137155.1	65	65	65	25	GAT	0.06695198267698288	1	moderate	moderate	0.022	False	user_msa
Drosophila_sechellia_Drosophila_sechellia__Act88F__XP_002031056.2	65	65	65	25	GAT	0.06695198267698288	1	moderate	moderate	0.022	False	user_msa
Drosophila_simulans_Drosophila_simulans__LOC6727955__XP_016034553.1	65	65	65	25	GAT	0.06695198267698288	1	moderate	moderate	0.022	False	user_msa
Drosophila_subobscura_Drosophila_subobscura__LOC117898432__XP_034663715.1	65	65	65	25	GAT	0.06695198267698288	1	moderate	moderate	0.022	False	user_msa
Drosophila_suzukii_Drosophila_suzukii__Act88F__XP_016925443.1	65	65	65	25	GAT	0.06695198267698288	1	moderate	moderate	0.022	False	user_msa
Drosophila_virilis_Drosophila_virilis__Act88F__XP_002054294.1	65	65	65	25	GAT	0.06695198267698288	1	moderate	moderate	0.022	False	user_msa
Drosophila_willistoni_Drosophila_willistoni__LOC6646901__XP_002069647.1	65	65	65	25	GAT	0.06695198267698288	1	moderate	moderate	0.022	False	user_msa
Drosophila_yakuba_Drosophila_yakuba__LOC6537169__XP_002097730.1	65	65	65	25	GAT	0.06695198267698288	1	moderate	moderate	0.022	False	user_msa
Drosophila_ananassae_Drosophila_ananassae__LOC6501076__XP_001954513.1	66	66	66	26	GAC	0.07779652625322342	1	moderate	moderate	0.022	False	user_msa
Drosophila_biarmipes_Drosophila_biarmipes__LOC108026160__XP_016952383.1	66	66	66	26	GAC	0.07779652625322342	1	moderate	moderate	0.022	False	user_msa
Drosophila_mauritiana_Drosophila_mauritiana__LOC117145868__XP_033167581.1	66	66	66	26	GAC	0.07779652625322342	1	moderate	moderate	0.022	False	user_msa
Drosophila_melanogaster_Drosophila_melanogaster__Act88F__NP_524367.1	66	66	66	26	GAC	0.07779652625322342	1	moderate	moderate	0.022	False	user_msa
Drosophila_pseudoobscura_Drosophila_pseudoobscura__Act88F__XP_002137155.1	66	66	66	26	GAC	0.07779652625322342	1	moderate	moderate	0.022	False	user_msa
Drosophila_sechellia_Drosophila_sechellia__Act88F__XP_002031056.2	66	66	66	26	GAC	0.07779652625322342	1	moderate	moderate	0.022	False	user_msa
Drosophila_simulans_Drosophila_simulans__LOC6727955__XP_016034553.1	66	66	66	26	GAC	0.07779652625322342	1	moderate	moderate	0.022	False	user_msa
Drosophila_subobscura_Drosophila_subobscura__LOC117898432__XP_034663715.1	66	66	66	26	GAC	0.07779652625322342	1	moderate	moderate	0.022	False	user_msa
Drosophila_suzukii_Drosophila_suzukii__Act88F__XP_016925443.1	66	66	66	26	GAC	0.07779652625322342	1	moderate	moderate	0.022	False	user_msa
Drosophila_virilis_Drosophila_virilis__Act88F__XP_002054294.1	66	66	66	26	GAC	0.07779652625322342	1	moderate	moderate	0.022	False	user_msa
Drosophila_willistoni_Drosophila_willistoni__LOC6646901__XP_002069647.1	66	66	66	26	GAT	0.08508062362670898	1	moderate	moderate	0.022	False	user_msa
Drosophila_yakuba_Drosophila_yakuba__LOC6537169__XP_002097730.1	66	66	66	26	GAC	0.07779652625322342	1	moderate	moderate	0.022	False	user_msa
Drosophila_ananassae_Drosophila_ananassae__LOC6501076__XP_001954513.1	67	67	67	27	GCC	0.07666290551424026	1	moderate	moderate	0.022	False	user_msa
Drosophila_biarmipes_Drosophila_biarmipes__LOC108026160__XP_016952383.1	67	67	67	27	GCC	0.07666290551424026	1	moderate	moderate	0.022	False	user_msa
Drosophila_mauritiana_Drosophila_mauritiana__LOC117145868__XP_033167581.1	67	67	67	27	GCT	0.0838506668806076	1	moderate	moderate	0.022	False	user_msa
Drosophila_melanogaster_Drosophila_melanogaster__Act88F__NP_524367.1	67	67	67	27	GCT	0.0838506668806076	1	moderate	moderate	0.022	False	user_msa
Drosophila_pseudoobscura_Drosophila_pseudoobscura__Act88F__XP_002137155.1	67	67	67	27	GCC	0.07666290551424026	1	moderate	moderate	0.022	False	user_msa
Drosophila_sechellia_Drosophila_sechellia__Act88F__XP_002031056.2	67	67	67	27	GCT	0.0838506668806076	1	moderate	moderate	0.022	False	user_msa
Drosophila_simulans_Drosophila_simulans__LOC6727955__XP_016034553.1	67	67	67	27	GCT	0.0838506668806076	1	moderate	moderate	0.022	False	user_msa
Drosophila_subobscura_Drosophila_subobscura__LOC117898432__XP_034663715.1	67	67	67	27	GCC	0.07666290551424026	1	moderate	moderate	0.022	False	user_msa
Drosophila_suzukii_Drosophila_suzukii__Act88F__XP_016925443.1	67	67	67	27	GCC	0.07666290551424026	1	moderate	moderate	0.022	False	user_msa
Drosophila_virilis_Drosophila_virilis__Act88F__XP_002054294.1	67	67	67	27	GCC	0.07666290551424026	1	moderate	moderate	0.022	False	user_msa
Drosophila_willistoni_Drosophila_willistoni__LOC6646901__XP_002069647.1	67	67	67	27	GCC	0.07666290551424026	1	moderate	moderate	0.022	False	user_msa
Drosophila_yakuba_Drosophila_yakuba__LOC6537169__XP_002097730.1	67	67	67	27	GCC	0.07666290551424026	1	moderate	moderate	0.022	False	user_msa
Drosophila_ananassae_Drosophila_ananassae__LOC6501076__XP_001954513.1	68	68	68	28	CCC	0.075844407081604	1	moderate	moderate	0.022	False	user_msa
Drosophila_biarmipes_Drosophila_biarmipes__LOC108026160__XP_016952383.1	68	68	68	28	CCC	0.075844407081604	1	moderate	moderate	0.022	False	user_msa
Drosophila_mauritiana_Drosophila_mauritiana__LOC117145868__XP_033167581.1	68	68	68	28	CCC	0.075844407081604	1	moderate	moderate	0.022	False	user_msa
Drosophila_melanogaster_Drosophila_melanogaster__Act88F__NP_524367.1	68	68	68	28	CCC	0.075844407081604	1	moderate	moderate	0.022	False	user_msa
Drosophila_pseudoobscura_Drosophila_pseudoobscura__Act88F__XP_002137155.1	68	68	68	28	CCA	0.07249941676855087	1	moderate	moderate	0.022	False	user_msa
Drosophila_sechellia_Drosophila_sechellia__Act88F__XP_002031056.2	68	68	68	28	CCC	0.075844407081604	1	moderate	moderate	0.022	False	user_msa
Drosophila_simulans_Drosophila_simulans__LOC6727955__XP_016034553.1	68	68	68	28	CCC	0.075844407081604	1	moderate	moderate	0.022	False	user_msa
Drosophila_subobscura_Drosophila_subobscura__LOC117898432__XP_034663715.1	68	68	68	28	CCA	0.07249941676855087	1	moderate	moderate	0.022	False	user_msa
Drosophila_suzukii_Drosophila_suzukii__Act88F__XP_016925443.1	68	68	68	28	CCC	0.075844407081604	1	moderate	moderate	0.022	False	user_msa
Drosophila_virilis_Drosophila_virilis__Act88F__XP_002054294.1	68	68	68	28	CCC	0.075844407081604	1	moderate	moderate	0.022	False	user_msa
Drosophila_willistoni_Drosophila_willistoni__LOC6646901__XP_002069647.1	68	68	68	28	CCC	0.075844407081604	1	moderate	moderate	0.022	False	user_msa
Drosophila_yakuba_Drosophila_yakuba__LOC6537169__XP_002097730.1	68	68	68	28	CCC	0.075844407081604	1	moderate	moderate	0.022	False	user_msa
Drosophila_ananassae_Drosophila_ananassae__LOC6501076__XP_001954513.1	69	69	69	29	CGT	0.0776817724108696	1	moderate	moderate	0.022	False	user_msa
Drosophila_biarmipes_Drosophila_biarmipes__LOC108026160__XP_016952383.1	69	69	69	29	CGC	0.07098188996315002	1	moderate	moderate	0.022	False	user_msa
Drosophila_mauritiana_Drosophila_mauritiana__LOC117145868__XP_033167581.1	69	69	69	29	CGT	0.0776817724108696	1	moderate	moderate	0.022	False	user_msa
Drosophila_melanogaster_Drosophila_melanogaster__Act88F__NP_524367.1	69	69	69	29	CGT	0.0776817724108696	1	moderate	moderate	0.022	False	user_msa
Drosophila_pseudoobscura_Drosophila_pseudoobscura__Act88F__XP_002137155.1	69	69	69	29	CGT	0.0776817724108696	1	moderate	moderate	0.022	False	user_msa
Drosophila_sechellia_Drosophila_sechellia__Act88F__XP_002031056.2	69	69	69	29	CGT	0.0776817724108696	1	moderate	moderate	0.022	False	user_msa
Drosophila_simulans_Drosophila_simulans__LOC6727955__XP_016034553.1	69	69	69	29	CGT	0.0776817724108696	1	moderate	moderate	0.022	False	user_msa
Drosophila_subobscura_Drosophila_subobscura__LOC117898432__XP_034663715.1	69	69	69	29	CGC	0.07098188996315002	1	moderate	moderate	0.022	False	user_msa
Drosophila_suzukii_Drosophila_suzukii__Act88F__XP_016925443.1	69	69	69	29	CGC	0.07098188996315002	1	moderate	moderate	0.022	False	user_msa
Drosophila_virilis_Drosophila_virilis__Act88F__XP_002054294.1	69	69	69	29	CGT	0.0776817724108696	1	moderate	moderate	0.022	False	user_msa
Drosophila_willistoni_Drosophila_willistoni__LOC6646901__XP_002069647.1	69	69	69	29	CGT	0.0776817724108696	1	moderate	moderate	0.022	False	user_msa
Drosophila_yakuba_Drosophila_yakuba__LOC6537169__XP_002097730.1	69	69	69	29	CGC	0.07098188996315002	1	moderate	moderate	0.022	False	user_msa
Drosophila_ananassae_Drosophila_ananassae__LOC6501076__XP_001954513.1	70	70	70	30	GCT	0.06812075525522232	1	moderate	moderate	0.022	False	user_msa
Drosophila_biarmipes_Drosophila_biarmipes__LOC108026160__XP_016952383.1	70	70	70	30	GCT	0.06812075525522232	1	moderate	moderate	0.022	False	user_msa
Drosophila_mauritiana_Drosophila_mauritiana__LOC117145868__XP_033167581.1	70	70	70	30	GCT	0.06812075525522232	1	moderate	moderate	0.022	False	user_msa
Drosophila_melanogaster_Drosophila_melanogaster__Act88F__NP_524367.1	70	70	70	30	GCT	0.06812075525522232	1	moderate	moderate	0.022	False	user_msa
Drosophila_pseudoobscura_Drosophila_pseudoobscura__Act88F__XP_002137155.1	70	70	70	30	GCT	0.06812075525522232	1	moderate	moderate	0.022	False	user_msa
Drosophila_sechellia_Drosophila_sechellia__Act88F__XP_002031056.2	70	70	70	30	GCT	0.06812075525522232	1	moderate	moderate	0.022	False	user_msa
Drosophila_simulans_Drosophila_simulans__LOC6727955__XP_016034553.1	70	70	70	30	GCT	0.06812075525522232	1	moderate	moderate	0.022	False	user_msa
Drosophila_subobscura_Drosophila_subobscura__LOC117898432__XP_034663715.1	70	70	70	30	GCT	0.06812075525522232	1	moderate	moderate	0.022	False	user_msa
Drosophila_suzukii_Drosophila_suzukii__Act88F__XP_016925443.1	70	70	70	30	GCT	0.06812075525522232	1	moderate	moderate	0.022	False	user_msa
Drosophila_virilis_Drosophila_virilis__Act88F__XP_002054294.1	70	70	70	30	GCT	0.06812075525522232	1	moderate	moderate	0.022	False	user_msa
Drosophila_willistoni_Drosophila_willistoni__LOC6646901__XP_002069647.1	70	70	70	30	GCT	0.06812075525522232	1	moderate	moderate	0.022	False	user_msa
Drosophila_yakuba_Drosophila_yakuba__LOC6537169__XP_002097730.1	70	70	70	30	GCT	0.06812075525522232	1	moderate	moderate	0.022	False	user_msa
Drosophila_ananassae_Drosophila_ananassae__LOC6501076__XP_001954513.1	71	71	71	31	GTC	0.09889209270477295	1	moderate	moderate	0.022	False	user_msa
Drosophila_biarmipes_Drosophila_biarmipes__LOC108026160__XP_016952383.1	71	71	71	31	GTC	0.09889209270477295	1	moderate	moderate	0.022	False	user_msa
Drosophila_mauritiana_Drosophila_mauritiana__LOC117145868__XP_033167581.1	71	71	71	31	GTC	0.09889209270477295	1	moderate	moderate	0.022	False	user_msa
Drosophila_melanogaster_Drosophila_melanogaster__Act88F__NP_524367.1	71	71	71	31	GTC	0.09889209270477295	1	moderate	moderate	0.022	False	user_msa
Drosophila_pseudoobscura_Drosophila_pseudoobscura__Act88F__XP_002137155.1	71	71	71	31	GTC	0.09889209270477295	1	moderate	moderate	0.022	False	user_msa
Drosophila_sechellia_Drosophila_sechellia__Act88F__XP_002031056.2	71	71	71	31	GTC	0.09889209270477295	1	moderate	moderate	0.022	False	user_msa
Drosophila_simulans_Drosophila_simulans__LOC6727955__XP_016034553.1	71	71	71	31	GTC	0.09889209270477295	1	moderate	moderate	0.022	False	user_msa
Drosophila_subobscura_Drosophila_subobscura__LOC117898432__XP_034663715.1	71	71	71	31	GTG	0.10331902652978897	1	moderate	moderate	0.022	False	user_msa
Drosophila_suzukii_Drosophila_suzukii__Act88F__XP_016925443.1	71	71	71	31	GTG	0.10331902652978897	1	moderate	moderate	0.022	False	user_msa
Drosophila_virilis_Drosophila_virilis__Act88F__XP_002054294.1	71	71	71	31	GTA	0.0946347713470459	1	moderate	moderate	0.022	False	user_msa
Drosophila_willistoni_Drosophila_willistoni__LOC6646901__XP_002069647.1	71	71	71	31	GTG	0.10331902652978897	1	moderate	moderate	0.022	False	user_msa
Drosophila_yakuba_Drosophila_yakuba__LOC6537169__XP_002097730.1	71	71	71	31	GTC	0.09889209270477295	1	moderate	moderate	0.022	False	user_msa
Drosophila_ananassae_Drosophila_ananassae__LOC6501076__XP_001954513.1	72	72	72	32	TTC	0.07475940138101578	1	moderate	moderate	0.022	False	user_msa
Drosophila_biarmipes_Drosophila_biarmipes__LOC108026160__XP_016952383.1	72	72	72	32	TTC	0.07475940138101578	1	moderate	moderate	0.022	False	user_msa
Drosophila_mauritiana_Drosophila_mauritiana__LOC117145868__XP_033167581.1	72	72	72	32	TTC	0.07475940138101578	1	moderate	moderate	0.022	False	user_msa
Drosophila_melanogaster_Drosophila_melanogaster__Act88F__NP_524367.1	72	72	72	32	TTC	0.07475940138101578	1	moderate	moderate	0.022	False	user_msa
Drosophila_pseudoobscura_Drosophila_pseudoobscura__Act88F__XP_002137155.1	72	72	72	32	TTC	0.07475940138101578	1	moderate	moderate	0.022	False	user_msa
Drosophila_sechellia_Drosophila_sechellia__Act88F__XP_002031056.2	72	72	72	32	TTC	0.07475940138101578	1	moderate	moderate	0.022	False	user_msa
Drosophila_simulans_Drosophila_simulans__LOC6727955__XP_016034553.1	72	72	72	32	TTC	0.07475940138101578	1	moderate	moderate	0.022	False	user_msa
Drosophila_subobscura_Drosophila_subobscura__LOC117898432__XP_034663715.1	72	72	72	32	TTC	0.07475940138101578	1	moderate	moderate	0.022	False	user_msa
Drosophila_suzukii_Drosophila_suzukii__Act88F__XP_016925443.1	72	72	72	32	TTC	0.07475940138101578	1	moderate	moderate	0.022	False	user_msa
Drosophila_virilis_Drosophila_virilis__Act88F__XP_002054294.1	72	72	72	32	TTC	0.07475940138101578	1	moderate	moderate	0.022	False	user_msa
Drosophila_willistoni_Drosophila_willistoni__LOC6646901__XP_002069647.1	72	72	72	32	TTC	0.07475940138101578	1	moderate	moderate	0.022	False	user_msa
Drosophila_yakuba_Drosophila_yakuba__LOC6537169__XP_002097730.1	72	72	72	32	TTC	0.07475940138101578	1	moderate	moderate	0.022	False	user_msa
Drosophila_ananassae_Drosophila_ananassae__LOC6501076__XP_001954513.1	73	73	73	33	CCC	0.07587108016014099	1	moderate	moderate	0.022	False	user_msa
Drosophila_biarmipes_Drosophila_biarmipes__LOC108026160__XP_016952383.1	73	73	73	33	CCC	0.07587108016014099	1	moderate	moderate	0.022	False	user_msa
Drosophila_mauritiana_Drosophila_mauritiana__LOC117145868__XP_033167581.1	73	73	73	33	CCC	0.07587108016014099	1	moderate	moderate	0.022	False	user_msa
Drosophila_melanogaster_Drosophila_melanogaster__Act88F__NP_524367.1	73	73	73	33	CCC	0.07587108016014099	1	moderate	moderate	0.022	False	user_msa
Drosophila_pseudoobscura_Drosophila_pseudoobscura__Act88F__XP_002137155.1	73	73	73	33	CCA	0.0725250244140625	1	moderate	moderate	0.022	False	user_msa
Drosophila_sechellia_Drosophila_sechellia__Act88F__XP_002031056.2	73	73	73	33	CCC	0.07587108016014099	1	moderate	moderate	0.022	False	user_msa
Drosophila_simulans_Drosophila_simulans__LOC6727955__XP_016034553.1	73	73	73	33	CCC	0.07587108016014099	1	moderate	moderate	0.022	False	user_msa
Drosophila_subobscura_Drosophila_subobscura__LOC117898432__XP_034663715.1	73	73	73	33	CCA	0.0725250244140625	1	moderate	moderate	0.022	False	user_msa
Drosophila_suzukii_Drosophila_suzukii__Act88F__XP_016925443.1	73	73	73	33	CCC	0.07587108016014099	1	moderate	moderate	0.022	False	user_msa
Drosophila_virilis_Drosophila_virilis__Act88F__XP_002054294.1	73	73	73	33	CCC	0.07587108016014099	1	moderate	moderate	0.022	False	user_msa
Drosophila_willistoni_Drosophila_willistoni__LOC6646901__XP_002069647.1	73	73	73	33	CCC	0.07587108016014099	1	moderate	moderate	0.022	False	user_msa
Drosophila_yakuba_Drosophila_yakuba__LOC6537169__XP_002097730.1	73	73	73	33	CCC	0.07587108016014099	1	moderate	moderate	0.022	False	user_msa
Drosophila_ananassae_Drosophila_ananassae__LOC6501076__XP_001954513.1	74	74	74	34	TCG	0.08634041994810104	1	moderate	moderate	0.022	False	user_msa
Drosophila_biarmipes_Drosophila_biarmipes__LOC108026160__XP_016952383.1	74	74	74	34	TCG	0.08634041994810104	1	moderate	moderate	0.022	False	user_msa
Drosophila_mauritiana_Drosophila_mauritiana__LOC117145868__XP_033167581.1	74	74	74	34	TCG	0.08634041994810104	1	moderate	moderate	0.022	False	user_msa
Drosophila_melanogaster_Drosophila_melanogaster__Act88F__NP_524367.1	74	74	74	34	TCA	0.07895764708518982	1	moderate	moderate	0.022	False	user_msa
Drosophila_pseudoobscura_Drosophila_pseudoobscura__Act88F__XP_002137155.1	74	74	74	34	TCG	0.08634041994810104	1	moderate	moderate	0.022	False	user_msa
Drosophila_sechellia_Drosophila_sechellia__Act88F__XP_002031056.2	74	74	74	34	TCG	0.08634041994810104	1	moderate	moderate	0.022	False	user_msa
Drosophila_simulans_Drosophila_simulans__LOC6727955__XP_016034553.1	74	74	74	34	TCG	0.08634041994810104	1	moderate	moderate	0.022	False	user_msa
Drosophila_subobscura_Drosophila_subobscura__LOC117898432__XP_034663715.1	74	74	74	34	TCG	0.08634041994810104	1	moderate	moderate	0.022	False	user_msa
Drosophila_suzukii_Drosophila_suzukii__Act88F__XP_016925443.1	74	74	74	34	TCG	0.08634041994810104	1	moderate	moderate	0.022	False	user_msa
Drosophila_virilis_Drosophila_virilis__Act88F__XP_002054294.1	74	74	74	34	TCG	0.08634041994810104	1	moderate	moderate	0.022	False	user_msa
Drosophila_willistoni_Drosophila_willistoni__LOC6646901__XP_002069647.1	74	74	74	34	TCA	0.07895764708518982	1	moderate	moderate	0.022	False	user_msa
Drosophila_yakuba_Drosophila_yakuba__LOC6537169__XP_002097730.1	74	74	74	34	TCG	0.08634041994810104	1	moderate	moderate	0.022	False	user_msa
Drosophila_ananassae_Drosophila_ananassae__LOC6501076__XP_001954513.1	75	75	75	35	ATC	0.06769214570522308	1	moderate	moderate	0.022	False	user_msa
Drosophila_biarmipes_Drosophila_biarmipes__LOC108026160__XP_016952383.1	75	75	75	35	ATT	0.07328440248966217	1	moderate	moderate	0.022	False	user_msa
Drosophila_mauritiana_Drosophila_mauritiana__LOC117145868__XP_033167581.1	75	75	75	35	ATT	0.07328440248966217	1	moderate	moderate	0.022	False	user_msa
Drosophila_melanogaster_Drosophila_melanogaster__Act88F__NP_524367.1	75	75	75	35	ATT	0.07328440248966217	1	moderate	moderate	0.022	False	user_msa
Drosophila_pseudoobscura_Drosophila_pseudoobscura__Act88F__XP_002137155.1	75	75	75	35	ATT	0.07328440248966217	1	moderate	moderate	0.022	False	user_msa
Drosophila_sechellia_Drosophila_sechellia__Act88F__XP_002031056.2	75	75	75	35	ATT	0.07328440248966217	1	moderate	moderate	0.022	False	user_msa
Drosophila_simulans_Drosophila_simulans__LOC6727955__XP_016034553.1	75	75	75	35	ATT	0.07328440248966217	1	moderate	moderate	0.022	False	user_msa
Drosophila_subobscura_Drosophila_subobscura__LOC117898432__XP_034663715.1	75	75	75	35	ATT	0.07328440248966217	1	moderate	moderate	0.022	False	user_msa
Drosophila_suzukii_Drosophila_suzukii__Act88F__XP_016925443.1	75	75	75	35	ATT	0.07328440248966217	1	moderate	moderate	0.022	False	user_msa
Drosophila_virilis_Drosophila_virilis__Act88F__XP_002054294.1	75	75	75	35	ATT	0.07328440248966217	1	moderate	moderate	0.022	False	user_msa
Drosophila_willistoni_Drosophila_willistoni__LOC6646901__XP_002069647.1	75	75	75	35	ATT	0.07328440248966217	1	moderate	moderate	0.022	False	user_msa
Drosophila_yakuba_Drosophila_yakuba__LOC6537169__XP_002097730.1	75	75	75	35	ATT	0.07328440248966217	1	moderate	moderate	0.022	False	user_msa
Drosophila_ananassae_Drosophila_ananassae__LOC6501076__XP_001954513.1	76	76	76	36	GTG	0.07019814103841782	1	moderate	moderate	0.022	False	user_msa
Drosophila_biarmipes_Drosophila_biarmipes__LOC108026160__XP_016952383.1	76	76	76	36	GTG	0.07019814103841782	1	moderate	moderate	0.022	False	user_msa
Drosophila_mauritiana_Drosophila_mauritiana__LOC117145868__XP_033167581.1	76	76	76	36	GTG	0.07019814103841782	1	moderate	moderate	0.022	False	user_msa
Drosophila_melanogaster_Drosophila_melanogaster__Act88F__NP_524367.1	76	76	76	36	GTG	0.07019814103841782	1	moderate	moderate	0.022	False	user_msa
Drosophila_pseudoobscura_Drosophila_pseudoobscura__Act88F__XP_002137155.1	76	76	76	36	GTG	0.07019814103841782	1	moderate	moderate	0.022	False	user_msa
Drosophila_sechellia_Drosophila_sechellia__Act88F__XP_002031056.2	76	76	76	36	GTG	0.07019814103841782	1	moderate	moderate	0.022	False	user_msa
Drosophila_simulans_Drosophila_simulans__LOC6727955__XP_016034553.1	76	76	76	36	GTG	0.07019814103841782	1	moderate	moderate	0.022	False	user_msa
Drosophila_subobscura_Drosophila_subobscura__LOC117898432__XP_034663715.1	76	76	76	36	GTG	0.07019814103841782	1	moderate	moderate	0.022	False	user_msa
Drosophila_suzukii_Drosophila_suzukii__Act88F__XP_016925443.1	76	76	76	36	GTG	0.07019814103841782	1	moderate	moderate	0.022	False	user_msa
Drosophila_virilis_Drosophila_virilis__Act88F__XP_002054294.1	76	76	76	36	GTG	0.07019814103841782	1	moderate	moderate	0.022	False	user_msa
Drosophila_willistoni_Drosophila_willistoni__LOC6646901__XP_002069647.1	76	76	76	36	GTG	0.07019814103841782	1	moderate	moderate	0.022	False	user_msa
Drosophila_yakuba_Drosophila_yakuba__LOC6537169__XP_002097730.1	76	76	76	36	GTG	0.07019814103841782	1	moderate	moderate	0.022	False	user_msa
Drosophila_ananassae_Drosophila_ananassae__LOC6501076__XP_001954513.1	77	77	77	37	GGC	0.07564271241426468	1	moderate	moderate	0.022	False	user_msa
Drosophila_biarmipes_Drosophila_biarmipes__LOC108026160__XP_016952383.1	77	77	77	37	GGC	0.07564271241426468	1	moderate	moderate	0.022	False	user_msa
Drosophila_mauritiana_Drosophila_mauritiana__LOC117145868__XP_033167581.1	77	77	77	37	GGT	0.08274336159229279	1	moderate	moderate	0.022	False	user_msa
Drosophila_melanogaster_Drosophila_melanogaster__Act88F__NP_524367.1	77	77	77	37	GGT	0.08274336159229279	1	moderate	moderate	0.022	False	user_msa
Drosophila_pseudoobscura_Drosophila_pseudoobscura__Act88F__XP_002137155.1	77	77	77	37	GGT	0.08274336159229279	1	moderate	moderate	0.022	False	user_msa
Drosophila_sechellia_Drosophila_sechellia__Act88F__XP_002031056.2	77	77	77	37	GGT	0.08274336159229279	1	moderate	moderate	0.022	False	user_msa
Drosophila_simulans_Drosophila_simulans__LOC6727955__XP_016034553.1	77	77	77	37	GGT	0.08274336159229279	1	moderate	moderate	0.022	False	user_msa
Drosophila_subobscura_Drosophila_subobscura__LOC117898432__XP_034663715.1	77	77	77	37	GGT	0.08274336159229279	1	moderate	moderate	0.022	False	user_msa
Drosophila_suzukii_Drosophila_suzukii__Act88F__XP_016925443.1	77	77	77	37	GGC	0.07564271241426468	1	moderate	moderate	0.022	False	user_msa
Drosophila_virilis_Drosophila_virilis__Act88F__XP_002054294.1	77	77	77	37	GGT	0.08274336159229279	1	moderate	moderate	0.022	False	user_msa
Drosophila_willistoni_Drosophila_willistoni__LOC6646901__XP_002069647.1	77	77	77	37	GGT	0.08274336159229279	1	moderate	moderate	0.022	False	user_msa
Drosophila_yakuba_Drosophila_yakuba__LOC6537169__XP_002097730.1	77	77	77	37	GGT	0.08274336159229279	1	moderate	moderate	0.022	False	user_msa
Drosophila_ananassae_Drosophila_ananassae__LOC6501076__XP_001954513.1	78	78	78	38	CGC	0.07140996307134628	1	moderate	moderate	0.022	False	user_msa
Drosophila_biarmipes_Drosophila_biarmipes__LOC108026160__XP_016952383.1	78	78	78	38	CGT	0.07814688980579376	1	moderate	moderate	0.022	False	user_msa
Drosophila_mauritiana_Drosophila_mauritiana__LOC117145868__XP_033167581.1	78	78	78	38	CGT	0.07814688980579376	1	moderate	moderate	0.022	False	user_msa
Drosophila_melanogaster_Drosophila_melanogaster__Act88F__NP_524367.1	78	78	78	38	CGT	0.07814688980579376	1	moderate	moderate	0.022	False	user_msa
Drosophila_pseudoobscura_Drosophila_pseudoobscura__Act88F__XP_002137155.1	78	78	78	38	CGC	0.07140996307134628	1	moderate	moderate	0.022	False	user_msa
Drosophila_sechellia_Drosophila_sechellia__Act88F__XP_002031056.2	78	78	78	38	CGT	0.07814688980579376	1	moderate	moderate	0.022	False	user_msa
Drosophila_simulans_Drosophila_simulans__LOC6727955__XP_016034553.1	78	78	78	38	CGT	0.07814688980579376	1	moderate	moderate	0.022	False	user_msa
Drosophila_subobscura_Drosophila_subobscura__LOC117898432__XP_034663715.1	78	78	78	38	CGC	0.07140996307134628	1	moderate	moderate	0.022	False	user_msa
Drosophila_suzukii_Drosophila_suzukii__Act88F__XP_016925443.1	78	78	78	38	CGC	0.07140996307134628	1	moderate	moderate	0.022	False	user_msa
Drosophila_virilis_Drosophila_virilis__Act88F__XP_002054294.1	78	78	78	38	CGT	0.07814688980579376	1	moderate	moderate	0.022	False	user_msa
Drosophila_willistoni_Drosophila_willistoni__LOC6646901__XP_002069647.1	78	78	78	38	CGC	0.07140996307134628	1	moderate	moderate	0.022	False	user_msa
Drosophila_yakuba_Drosophila_yakuba__LOC6537169__XP_002097730.1	78	78	78	38	CGT	0.07814688980579376	1	moderate	moderate	0.022	False	user_msa
Drosophila_ananassae_Drosophila_ananassae__LOC6501076__XP_001954513.1	79	79	79	39	CCC	0.07590300589799881	1	moderate	moderate	0.022	False	user_msa
Drosophila_biarmipes_Drosophila_biarmipes__LOC108026160__XP_016952383.1	79	79	79	39	CCC	0.07590300589799881	1	moderate	moderate	0.022	False	user_msa
Drosophila_mauritiana_Drosophila_mauritiana__LOC117145868__XP_033167581.1	79	79	79	39	CCC	0.07590300589799881	1	moderate	moderate	0.022	False	user_msa
Drosophila_melanogaster_Drosophila_melanogaster__Act88F__NP_524367.1	79	79	79	39	CCC	0.07590300589799881	1	moderate	moderate	0.022	False	user_msa
Drosophila_pseudoobscura_Drosophila_pseudoobscura__Act88F__XP_002137155.1	79	79	79	39	CCA	0.07255560904741287	1	moderate	moderate	0.022	False	user_msa
Drosophila_sechellia_Drosophila_sechellia__Act88F__XP_002031056.2	79	79	79	39	CCC	0.07590300589799881	1	moderate	moderate	0.022	False	user_msa
Drosophila_simulans_Drosophila_simulans__LOC6727955__XP_016034553.1	79	79	79	39	CCC	0.07590300589799881	1	moderate	moderate	0.022	False	user_msa
Drosophila_subobscura_Drosophila_subobscura__LOC117898432__XP_034663715.1	79	79	79	39	CCC	0.07590300589799881	1	moderate	moderate	0.022	False	user_msa
Drosophila_suzukii_Drosophila_suzukii__Act88F__XP_016925443.1	79	79	79	39	CCC	0.07590300589799881	1	moderate	moderate	0.022	False	user_msa
Drosophila_virilis_Drosophila_virilis__Act88F__XP_002054294.1	79	79	79	39	CCA	0.07255560904741287	1	moderate	moderate	0.022	False	user_msa
Drosophila_willistoni_Drosophila_willistoni__LOC6646901__XP_002069647.1	79	79	79	39	CCC	0.07590300589799881	1	moderate	moderate	0.022	False	user_msa
Drosophila_yakuba_Drosophila_yakuba__LOC6537169__XP_002097730.1	79	79	79	39	CCC	0.07590300589799881	1	moderate	moderate	0.022	False	user_msa
Drosophila_ananassae_Drosophila_ananassae__LOC6501076__XP_001954513.1	80	80	80	40	CGC	0.09520497173070908	1	moderate	moderate	0.022	False	user_msa
Drosophila_biarmipes_Drosophila_biarmipes__LOC108026160__XP_016952383.1	80	80	80	40	CGC	0.09520497173070908	1	moderate	moderate	0.022	False	user_msa
Drosophila_mauritiana_Drosophila_mauritiana__LOC117145868__XP_033167581.1	80	80	80	40	CGT	0.10393554717302322	1	moderate	moderate	0.022	False	user_msa
Drosophila_melanogaster_Drosophila_melanogaster__Act88F__NP_524367.1	80	80	80	40	CGA	0.0910903736948967	1	moderate	moderate	0.022	False	user_msa
Drosophila_pseudoobscura_Drosophila_pseudoobscura__Act88F__XP_002137155.1	80	80	80	40	CGC	0.09520497173070908	1	moderate	moderate	0.022	False	user_msa
Drosophila_sechellia_Drosophila_sechellia__Act88F__XP_002031056.2	80	80	80	40	CGT	0.10393554717302322	1	moderate	moderate	0.022	False	user_msa
Drosophila_simulans_Drosophila_simulans__LOC6727955__XP_016034553.1	80	80	80	40	CGT	0.10393554717302322	1	moderate	moderate	0.022	False	user_msa
Drosophila_subobscura_Drosophila_subobscura__LOC117898432__XP_034663715.1	80	80	80	40	CGC	0.09520497173070908	1	moderate	moderate	0.022	False	user_msa
Drosophila_suzukii_Drosophila_suzukii__Act88F__XP_016925443.1	80	80	80	40	CGC	0.09520497173070908	1	moderate	moderate	0.022	False	user_msa
Drosophila_virilis_Drosophila_virilis__Act88F__XP_002054294.1	80	80	80	40	CGC	0.09520497173070908	1	moderate	moderate	0.022	False	user_msa
Drosophila_willistoni_Drosophila_willistoni__LOC6646901__XP_002069647.1	80	80	80	40	AGG	0.058439865708351135	1	moderate	moderate	0.022	False	user_msa
Drosophila_yakuba_Drosophila_yakuba__LOC6537169__XP_002097730.1	80	80	80	40	CGT	0.10393554717302322	1	moderate	moderate	0.022	False	user_msa
Drosophila_ananassae_Drosophila_ananassae__LOC6501076__XP_001954513.1	81	81	81	41	CAC	0.062444139271974564	1	moderate	moderate	0.022	False	user_msa
Drosophila_biarmipes_Drosophila_biarmipes__LOC108026160__XP_016952383.1	81	81	81	41	CAC	0.062444139271974564	1	moderate	moderate	0.022	False	user_msa
Drosophila_mauritiana_Drosophila_mauritiana__LOC117145868__XP_033167581.1	81	81	81	41	CAC	0.062444139271974564	1	moderate	moderate	0.022	False	user_msa
Drosophila_melanogaster_Drosophila_melanogaster__Act88F__NP_524367.1	81	81	81	41	CAC	0.062444139271974564	1	moderate	moderate	0.022	False	user_msa
Drosophila_pseudoobscura_Drosophila_pseudoobscura__Act88F__XP_002137155.1	81	81	81	41	CAC	0.062444139271974564	1	moderate	moderate	0.022	False	user_msa
Drosophila_sechellia_Drosophila_sechellia__Act88F__XP_002031056.2	81	81	81	41	CAC	0.062444139271974564	1	moderate	moderate	0.022	False	user_msa
Drosophila_simulans_Drosophila_simulans__LOC6727955__XP_016034553.1	81	81	81	41	CAC	0.062444139271974564	1	moderate	moderate	0.022	False	user_msa
Drosophila_subobscura_Drosophila_subobscura__LOC117898432__XP_034663715.1	81	81	81	41	CAC	0.062444139271974564	1	moderate	moderate	0.022	False	user_msa
Drosophila_suzukii_Drosophila_suzukii__Act88F__XP_016925443.1	81	81	81	41	CAC	0.062444139271974564	1	moderate	moderate	0.022	False	user_msa
Drosophila_virilis_Drosophila_virilis__Act88F__XP_002054294.1	81	81	81	41	CAC	0.062444139271974564	1	moderate	moderate	0.022	False	user_msa
Drosophila_willistoni_Drosophila_willistoni__LOC6646901__XP_002069647.1	81	81	81	41	CAC	0.062444139271974564	1	moderate	moderate	0.022	False	user_msa
Drosophila_yakuba_Drosophila_yakuba__LOC6537169__XP_002097730.1	81	81	81	41	CAC	0.062444139271974564	1	moderate	moderate	0.022	False	user_msa
Drosophila_ananassae_Drosophila_ananassae__LOC6501076__XP_001954513.1	82	82	82	42	CAG	0.07425234466791153	1	moderate	moderate	0.022	False	user_msa
Drosophila_biarmipes_Drosophila_biarmipes__LOC108026160__XP_016952383.1	82	82	82	42	CAG	0.07425234466791153	1	moderate	moderate	0.022	False	user_msa
Drosophila_mauritiana_Drosophila_mauritiana__LOC117145868__XP_033167581.1	82	82	82	42	CAG	0.07425234466791153	1	moderate	moderate	0.022	False	user_msa
Drosophila_melanogaster_Drosophila_melanogaster__Act88F__NP_524367.1	82	82	82	42	CAG	0.07425234466791153	1	moderate	moderate	0.022	False	user_msa
Drosophila_pseudoobscura_Drosophila_pseudoobscura__Act88F__XP_002137155.1	82	82	82	42	CAG	0.07425234466791153	1	moderate	moderate	0.022	False	user_msa
Drosophila_sechellia_Drosophila_sechellia__Act88F__XP_002031056.2	82	82	82	42	CAG	0.07425234466791153	1	moderate	moderate	0.022	False	user_msa
Drosophila_simulans_Drosophila_simulans__LOC6727955__XP_016034553.1	82	82	82	42	CAG	0.07425234466791153	1	moderate	moderate	0.022	False	user_msa
Drosophila_subobscura_Drosophila_subobscura__LOC117898432__XP_034663715.1	82	82	82	42	CAG	0.07425234466791153	1	moderate	moderate	0.022	False	user_msa
Drosophila_suzukii_Drosophila_suzukii__Act88F__XP_016925443.1	82	82	82	42	CAG	0.07425234466791153	1	moderate	moderate	0.022	False	user_msa
Drosophila_virilis_Drosophila_virilis__Act88F__XP_002054294.1	82	82	82	42	CAG	0.07425234466791153	1	moderate	moderate	0.022	False	user_msa
Drosophila_willistoni_Drosophila_willistoni__LOC6646901__XP_002069647.1	82	82	82	42	CAA	0.06842759996652603	1	moderate	moderate	0.022	False	user_msa
Drosophila_yakuba_Drosophila_yakuba__LOC6537169__XP_002097730.1	82	82	82	42	CAG	0.07425234466791153	1	moderate	moderate	0.022	False	user_msa
Drosophila_ananassae_Drosophila_ananassae__LOC6501076__XP_001954513.1	83	83	83	43	GGT	0.06934770196676254	1	moderate	moderate	0.022	False	user_msa
Drosophila_biarmipes_Drosophila_biarmipes__LOC108026160__XP_016952383.1	83	83	83	43	GGT	0.06934770196676254	1	moderate	moderate	0.022	False	user_msa
Drosophila_mauritiana_Drosophila_mauritiana__LOC117145868__XP_033167581.1	83	83	83	43	GGT	0.06934770196676254	1	moderate	moderate	0.022	False	user_msa
Drosophila_melanogaster_Drosophila_melanogaster__Act88F__NP_524367.1	83	83	83	43	GGT	0.06934770196676254	1	moderate	moderate	0.022	False	user_msa
Drosophila_pseudoobscura_Drosophila_pseudoobscura__Act88F__XP_002137155.1	83	83	83	43	GGT	0.06934770196676254	1	moderate	moderate	0.022	False	user_msa
Drosophila_sechellia_Drosophila_sechellia__Act88F__XP_002031056.2	83	83	83	43	GGT	0.06934770196676254	1	moderate	moderate	0.022	False	user_msa
Drosophila_simulans_Drosophila_simulans__LOC6727955__XP_016034553.1	83	83	83	43	GGT	0.06934770196676254	1	moderate	moderate	0.022	False	user_msa
Drosophila_subobscura_Drosophila_subobscura__LOC117898432__XP_034663715.1	83	83	83	43	GGT	0.06934770196676254	1	moderate	moderate	0.022	False	user_msa
Drosophila_suzukii_Drosophila_suzukii__Act88F__XP_016925443.1	83	83	83	43	GGT	0.06934770196676254	1	moderate	moderate	0.022	False	user_msa
Drosophila_virilis_Drosophila_virilis__Act88F__XP_002054294.1	83	83	83	43	GGT	0.06934770196676254	1	moderate	moderate	0.022	False	user_msa
Drosophila_willistoni_Drosophila_willistoni__LOC6646901__XP_002069647.1	83	83	83	43	GGT	0.06934770196676254	1	moderate	moderate	0.022	False	user_msa
Drosophila_yakuba_Drosophila_yakuba__LOC6537169__XP_002097730.1	83	83	83	43	GGT	0.06934770196676254	1	moderate	moderate	0.022	False	user_msa
Drosophila_ananassae_Drosophila_ananassae__LOC6501076__XP_001954513.1	84	84	84	44	GTG	0.07023783773183823	1	moderate	moderate	0.022	False	user_msa
Drosophila_biarmipes_Drosophila_biarmipes__LOC108026160__XP_016952383.1	84	84	84	44	GTG	0.07023783773183823	1	moderate	moderate	0.022	False	user_msa
Drosophila_mauritiana_Drosophila_mauritiana__LOC117145868__XP_033167581.1	84	84	84	44	GTG	0.07023783773183823	1	moderate	moderate	0.022	False	user_msa
Drosophila_melanogaster_Drosophila_melanogaster__Act88F__NP_524367.1	84	84	84	44	GTG	0.07023783773183823	1	moderate	moderate	0.022	False	user_msa
Drosophila_pseudoobscura_Drosophila_pseudoobscura__Act88F__XP_002137155.1	84	84	84	44	GTG	0.07023783773183823	1	moderate	moderate	0.022	False	user_msa
Drosophila_sechellia_Drosophila_sechellia__Act88F__XP_002031056.2	84	84	84	44	GTG	0.07023783773183823	1	moderate	moderate	0.022	False	user_msa
Drosophila_simulans_Drosophila_simulans__LOC6727955__XP_016034553.1	84	84	84	44	GTG	0.07023783773183823	1	moderate	moderate	0.022	False	user_msa
Drosophila_subobscura_Drosophila_subobscura__LOC117898432__XP_034663715.1	84	84	84	44	GTG	0.07023783773183823	1	moderate	moderate	0.022	False	user_msa
Drosophila_suzukii_Drosophila_suzukii__Act88F__XP_016925443.1	84	84	84	44	GTG	0.07023783773183823	1	moderate	moderate	0.022	False	user_msa
Drosophila_virilis_Drosophila_virilis__Act88F__XP_002054294.1	84	84	84	44	GTG	0.07023783773183823	1	moderate	moderate	0.022	False	user_msa
Drosophila_willistoni_Drosophila_willistoni__LOC6646901__XP_002069647.1	84	84	84	44	GTG	0.07023783773183823	1	moderate	moderate	0.022	False	user_msa
Drosophila_yakuba_Drosophila_yakuba__LOC6537169__XP_002097730.1	84	84	84	44	GTG	0.07023783773183823	1	moderate	moderate	0.022	False	user_msa
Drosophila_ananassae_Drosophila_ananassae__LOC6501076__XP_001954513.1	85	85	85	45	ATG	0.061858322471380234	1	moderate	moderate	0.022	False	user_msa
Drosophila_biarmipes_Drosophila_biarmipes__LOC108026160__XP_016952383.1	85	85	85	45	ATG	0.061858322471380234	1	moderate	moderate	0.022	False	user_msa
Drosophila_mauritiana_Drosophila_mauritiana__LOC117145868__XP_033167581.1	85	85	85	45	ATG	0.061858322471380234	1	moderate	moderate	0.022	False	user_msa
Drosophila_melanogaster_Drosophila_melanogaster__Act88F__NP_524367.1	85	85	85	45	ATG	0.061858322471380234	1	moderate	moderate	0.022	False	user_msa
Drosophila_pseudoobscura_Drosophila_pseudoobscura__Act88F__XP_002137155.1	85	85	85	45	ATG	0.061858322471380234	1	moderate	moderate	0.022	False	user_msa
Drosophila_sechellia_Drosophila_sechellia__Act88F__XP_002031056.2	85	85	85	45	ATG	0.061858322471380234	1	moderate	moderate	0.022	False	user_msa
Drosophila_simulans_Drosophila_simulans__LOC6727955__XP_016034553.1	85	85	85	45	ATG	0.061858322471380234	1	moderate	moderate	0.022	False	user_msa
Drosophila_subobscura_Drosophila_subobscura__LOC117898432__XP_034663715.1	85	85	85	45	ATG	0.061858322471380234	1	moderate	moderate	0.022	False	user_msa
Drosophila_suzukii_Drosophila_suzukii__Act88F__XP_016925443.1	85	85	85	45	ATG	0.061858322471380234	1	moderate	moderate	0.022	False	user_msa
Drosophila_virilis_Drosophila_virilis__Act88F__XP_002054294.1	85	85	85	45	ATG	0.061858322471380234	1	moderate	moderate	0.022	False	user_msa
Drosophila_willistoni_Drosophila_willistoni__LOC6646901__XP_002069647.1	85	85	85	45	ATG	0.061858322471380234	1	moderate	moderate	0.022	False	user_msa
Drosophila_yakuba_Drosophila_yakuba__LOC6537169__XP_002097730.1	85	85	85	45	ATG	0.061858322471380234	1	moderate	moderate	0.022	False	user_msa
Drosophila_ananassae_Drosophila_ananassae__LOC6501076__XP_001954513.1	86	86	86	46	GTG	0.07024775445461273	1	moderate	moderate	0.022	False	user_msa
Drosophila_biarmipes_Drosophila_biarmipes__LOC108026160__XP_016952383.1	86	86	86	46	GTG	0.07024775445461273	1	moderate	moderate	0.022	False	user_msa
Drosophila_mauritiana_Drosophila_mauritiana__LOC117145868__XP_033167581.1	86	86	86	46	GTG	0.07024775445461273	1	moderate	moderate	0.022	False	user_msa
Drosophila_melanogaster_Drosophila_melanogaster__Act88F__NP_524367.1	86	86	86	46	GTG	0.07024775445461273	1	moderate	moderate	0.022	False	user_msa
Drosophila_pseudoobscura_Drosophila_pseudoobscura__Act88F__XP_002137155.1	86	86	86	46	GTG	0.07024775445461273	1	moderate	moderate	0.022	False	user_msa
Drosophila_sechellia_Drosophila_sechellia__Act88F__XP_002031056.2	86	86	86	46	GTG	0.07024775445461273	1	moderate	moderate	0.022	False	user_msa
Drosophila_simulans_Drosophila_simulans__LOC6727955__XP_016034553.1	86	86	86	46	GTG	0.07024775445461273	1	moderate	moderate	0.022	False	user_msa
Drosophila_subobscura_Drosophila_subobscura__LOC117898432__XP_034663715.1	86	86	86	46	GTG	0.07024775445461273	1	moderate	moderate	0.022	False	user_msa
Drosophila_suzukii_Drosophila_suzukii__Act88F__XP_016925443.1	86	86	86	46	GTG	0.07024775445461273	1	moderate	moderate	0.022	False	user_msa
Drosophila_virilis_Drosophila_virilis__Act88F__XP_002054294.1	86	86	86	46	GTG	0.07024775445461273	1	moderate	moderate	0.022	False	user_msa
Drosophila_willistoni_Drosophila_willistoni__LOC6646901__XP_002069647.1	86	86	86	46	GTG	0.07024775445461273	1	moderate	moderate	0.022	False	user_msa
Drosophila_yakuba_Drosophila_yakuba__LOC6537169__XP_002097730.1	86	86	86	46	GTG	0.07024775445461273	1	moderate	moderate	0.022	False	user_msa
Drosophila_ananassae_Drosophila_ananassae__LOC6501076__XP_001954513.1	87	87	87	47	GGT	0.08470883220434189	1	moderate	moderate	0.022	False	user_msa
Drosophila_biarmipes_Drosophila_biarmipes__LOC108026160__XP_016952383.1	87	87	87	47	GGC	0.07745359092950821	1	moderate	moderate	0.022	False	user_msa
Drosophila_mauritiana_Drosophila_mauritiana__LOC117145868__XP_033167581.1	87	87	87	47	GGC	0.07745359092950821	1	moderate	moderate	0.022	False	user_msa
Drosophila_melanogaster_Drosophila_melanogaster__Act88F__NP_524367.1	87	87	87	47	GGT	0.08470883220434189	1	moderate	moderate	0.022	False	user_msa
Drosophila_pseudoobscura_Drosophila_pseudoobscura__Act88F__XP_002137155.1	87	87	87	47	GGT	0.08470883220434189	1	moderate	moderate	0.022	False	user_msa
Drosophila_sechellia_Drosophila_sechellia__Act88F__XP_002031056.2	87	87	87	47	GGC	0.07745359092950821	1	moderate	moderate	0.022	False	user_msa
Drosophila_simulans_Drosophila_simulans__LOC6727955__XP_016034553.1	87	87	87	47	GGC	0.07745359092950821	1	moderate	moderate	0.022	False	user_msa
Drosophila_subobscura_Drosophila_subobscura__LOC117898432__XP_034663715.1	87	87	87	47	GGT	0.08470883220434189	1	moderate	moderate	0.022	False	user_msa
Drosophila_suzukii_Drosophila_suzukii__Act88F__XP_016925443.1	87	87	87	47	GGC	0.07745359092950821	1	moderate	moderate	0.022	False	user_msa
Drosophila_virilis_Drosophila_virilis__Act88F__XP_002054294.1	87	87	87	47	GGT	0.08470883220434189	1	moderate	moderate	0.022	False	user_msa
Drosophila_willistoni_Drosophila_willistoni__LOC6646901__XP_002069647.1	87	87	87	47	GGC	0.07745359092950821	1	moderate	moderate	0.022	False	user_msa
Drosophila_yakuba_Drosophila_yakuba__LOC6537169__XP_002097730.1	87	87	87	47	GGC	0.07745359092950821	1	moderate	moderate	0.022	False	user_msa
Drosophila_ananassae_Drosophila_ananassae__LOC6501076__XP_001954513.1	88	88	88	48	ATG	0.06188276782631874	1	moderate	moderate	0.022	False	user_msa
Drosophila_biarmipes_Drosophila_biarmipes__LOC108026160__XP_016952383.1	88	88	88	48	ATG	0.06188276782631874	1	moderate	moderate	0.022	False	user_msa
Drosophila_mauritiana_Drosophila_mauritiana__LOC117145868__XP_033167581.1	88	88	88	48	ATG	0.06188276782631874	1	moderate	moderate	0.022	False	user_msa
Drosophila_melanogaster_Drosophila_melanogaster__Act88F__NP_524367.1	88	88	88	48	ATG	0.06188276782631874	1	moderate	moderate	0.022	False	user_msa
Drosophila_pseudoobscura_Drosophila_pseudoobscura__Act88F__XP_002137155.1	88	88	88	48	ATG	0.06188276782631874	1	moderate	moderate	0.022	False	user_msa
Drosophila_sechellia_Drosophila_sechellia__Act88F__XP_002031056.2	88	88	88	48	ATG	0.06188276782631874	1	moderate	moderate	0.022	False	user_msa
Drosophila_simulans_Drosophila_simulans__LOC6727955__XP_016034553.1	88	88	88	48	ATG	0.06188276782631874	1	moderate	moderate	0.022	False	user_msa
Drosophila_subobscura_Drosophila_subobscura__LOC117898432__XP_034663715.1	88	88	88	48	ATG	0.06188276782631874	1	moderate	moderate	0.022	False	user_msa
Drosophila_suzukii_Drosophila_suzukii__Act88F__XP_016925443.1	88	88	88	48	ATG	0.06188276782631874	1	moderate	moderate	0.022	False	user_msa
Drosophila_virilis_Drosophila_virilis__Act88F__XP_002054294.1	88	88	88	48	ATG	0.06188276782631874	1	moderate	moderate	0.022	False	user_msa
Drosophila_willistoni_Drosophila_willistoni__LOC6646901__XP_002069647.1	88	88	88	48	ATG	0.06188276782631874	1	moderate	moderate	0.022	False	user_msa
Drosophila_yakuba_Drosophila_yakuba__LOC6537169__XP_002097730.1	88	88	88	48	ATG	0.06188276782631874	1	moderate	moderate	0.022	False	user_msa
Drosophila_ananassae_Drosophila_ananassae__LOC6501076__XP_001954513.1	89	89	89	49	GGT	0.06937717646360397	1	moderate	moderate	0.022	False	user_msa
Drosophila_biarmipes_Drosophila_biarmipes__LOC108026160__XP_016952383.1	89	89	89	49	GGT	0.06937717646360397	1	moderate	moderate	0.022	False	user_msa
Drosophila_mauritiana_Drosophila_mauritiana__LOC117145868__XP_033167581.1	89	89	89	49	GGT	0.06937717646360397	1	moderate	moderate	0.022	False	user_msa
Drosophila_melanogaster_Drosophila_melanogaster__Act88F__NP_524367.1	89	89	89	49	GGT	0.06937717646360397	1	moderate	moderate	0.022	False	user_msa
Drosophila_pseudoobscura_Drosophila_pseudoobscura__Act88F__XP_002137155.1	89	89	89	49	GGT	0.06937717646360397	1	moderate	moderate	0.022	False	user_msa
Drosophila_sechellia_Drosophila_sechellia__Act88F__XP_002031056.2	89	89	89	49	GGT	0.06937717646360397	1	moderate	moderate	0.022	False	user_msa
Drosophila_simulans_Drosophila_simulans__LOC6727955__XP_016034553.1	89	89	89	49	GGT	0.06937717646360397	1	moderate	moderate	0.022	False	user_msa
Drosophila_subobscura_Drosophila_subobscura__LOC117898432__XP_034663715.1	89	89	89	49	GGT	0.06937717646360397	1	moderate	moderate	0.022	False	user_msa
Drosophila_suzukii_Drosophila_suzukii__Act88F__XP_016925443.1	89	89	89	49	GGT	0.06937717646360397	1	moderate	moderate	0.022	False	user_msa
Drosophila_virilis_Drosophila_virilis__Act88F__XP_002054294.1	89	89	89	49	GGT	0.06937717646360397	1	moderate	moderate	0.022	False	user_msa
Drosophila_willistoni_Drosophila_willistoni__LOC6646901__XP_002069647.1	89	89	89	49	GGT	0.06937717646360397	1	moderate	moderate	0.022	False	user_msa
Drosophila_yakuba_Drosophila_yakuba__LOC6537169__XP_002097730.1	89	89	89	49	GGT	0.06937717646360397	1	moderate	moderate	0.022	False	user_msa
Drosophila_ananassae_Drosophila_ananassae__LOC6501076__XP_001954513.1	90	90	90	50	CAG	0.07429409772157669	1	moderate	moderate	0.022	False	user_msa
Drosophila_biarmipes_Drosophila_biarmipes__LOC108026160__XP_016952383.1	90	90	90	50	CAG	0.07429409772157669	1	moderate	moderate	0.022	False	user_msa
Drosophila_mauritiana_Drosophila_mauritiana__LOC117145868__XP_033167581.1	90	90	90	50	CAG	0.07429409772157669	1	moderate	moderate	0.022	False	user_msa
Drosophila_melanogaster_Drosophila_melanogaster__Act88F__NP_524367.1	90	90	90	50	CAG	0.07429409772157669	1	moderate	moderate	0.022	False	user_msa
Drosophila_pseudoobscura_Drosophila_pseudoobscura__Act88F__XP_002137155.1	90	90	90	50	CAG	0.07429409772157669	1	moderate	moderate	0.022	False	user_msa
Drosophila_sechellia_Drosophila_sechellia__Act88F__XP_002031056.2	90	90	90	50	CAG	0.07429409772157669	1	moderate	moderate	0.022	False	user_msa
Drosophila_simulans_Drosophila_simulans__LOC6727955__XP_016034553.1	90	90	90	50	CAG	0.07429409772157669	1	moderate	moderate	0.022	False	user_msa
Drosophila_subobscura_Drosophila_subobscura__LOC117898432__XP_034663715.1	90	90	90	50	CAG	0.07429409772157669	1	moderate	moderate	0.022	False	user_msa
Drosophila_suzukii_Drosophila_suzukii__Act88F__XP_016925443.1	90	90	90	50	CAG	0.07429409772157669	1	moderate	moderate	0.022	False	user_msa
Drosophila_virilis_Drosophila_virilis__Act88F__XP_002054294.1	90	90	90	50	CAG	0.07429409772157669	1	moderate	moderate	0.022	False	user_msa
Drosophila_willistoni_Drosophila_willistoni__LOC6646901__XP_002069647.1	90	90	90	50	CAA	0.06849920749664307	1	moderate	moderate	0.022	False	user_msa
Drosophila_yakuba_Drosophila_yakuba__LOC6537169__XP_002097730.1	90	90	90	50	CAG	0.07429409772157669	1	moderate	moderate	0.022	False	user_msa
Drosophila_ananassae_Drosophila_ananassae__LOC6501076__XP_001954513.1	91	91	91	51	AAG	0.059487245976924896	1	moderate	moderate	0.022	False	user_msa
Drosophila_biarmipes_Drosophila_biarmipes__LOC108026160__XP_016952383.1	91	91	91	51	AAG	0.059487245976924896	1	moderate	moderate	0.022	False	user_msa
Drosophila_mauritiana_Drosophila_mauritiana__LOC117145868__XP_033167581.1	91	91	91	51	AAG	0.059487245976924896	1	moderate	moderate	0.022	False	user_msa
Drosophila_melanogaster_Drosophila_melanogaster__Act88F__NP_524367.1	91	91	91	51	AAG	0.059487245976924896	1	moderate	moderate	0.022	False	user_msa
Drosophila_pseudoobscura_Drosophila_pseudoobscura__Act88F__XP_002137155.1	91	91	91	51	AAG	0.059487245976924896	1	moderate	moderate	0.022	False	user_msa
Drosophila_sechellia_Drosophila_sechellia__Act88F__XP_002031056.2	91	91	91	51	AAG	0.059487245976924896	1	moderate	moderate	0.022	False	user_msa
Drosophila_simulans_Drosophila_simulans__LOC6727955__XP_016034553.1	91	91	91	51	AAG	0.059487245976924896	1	moderate	moderate	0.022	False	user_msa
Drosophila_subobscura_Drosophila_subobscura__LOC117898432__XP_034663715.1	91	91	91	51	AAG	0.059487245976924896	1	moderate	moderate	0.022	False	user_msa
Drosophila_suzukii_Drosophila_suzukii__Act88F__XP_016925443.1	91	91	91	51	AAG	0.059487245976924896	1	moderate	moderate	0.022	False	user_msa
Drosophila_virilis_Drosophila_virilis__Act88F__XP_002054294.1	91	91	91	51	AAG	0.059487245976924896	1	moderate	moderate	0.022	False	user_msa
Drosophila_willistoni_Drosophila_willistoni__LOC6646901__XP_002069647.1	91	91	91	51	AAG	0.059487245976924896	1	moderate	moderate	0.022	False	user_msa
Drosophila_yakuba_Drosophila_yakuba__LOC6537169__XP_002097730.1	91	91	91	51	AAG	0.059487245976924896	1	moderate	moderate	0.022	False	user_msa
Drosophila_ananassae_Drosophila_ananassae__LOC6501076__XP_001954513.1	92	92	92		---	0.034328121691942215	1	moderate	moderate	0.022	False	user_msa
Drosophila_biarmipes_Drosophila_biarmipes__LOC108026160__XP_016952383.1	92	92	92		---	0.034328121691942215	1	moderate	moderate	0.022	False	user_msa
Drosophila_mauritiana_Drosophila_mauritiana__LOC117145868__XP_033167581.1	92	92	92		---	0.034328121691942215	1	moderate	moderate	0.022	False	user_msa
Drosophila_melanogaster_Drosophila_melanogaster__Act88F__NP_524367.1	92	92	92		---	0.034328121691942215	1	moderate	moderate	0.022	False	user_msa
Drosophila_pseudoobscura_Drosophila_pseudoobscura__Act88F__XP_002137155.1	92	92	92		---	0.034328121691942215	1	moderate	moderate	0.022	False	user_msa
Drosophila_sechellia_Drosophila_sechellia__Act88F__XP_002031056.2	92	92	92		---	0.034328121691942215	1	moderate	moderate	0.022	False	user_msa
Drosophila_simulans_Drosophila_simulans__LOC6727955__XP_016034553.1	92	92	92		---	0.034328121691942215	1	moderate	moderate	0.022	False	user_msa
Drosophila_subobscura_Drosophila_subobscura__LOC117898432__XP_034663715.1	92	92	92		---	0.034328121691942215	1	moderate	moderate	0.022	False	user_msa
Drosophila_suzukii_Drosophila_suzukii__Act88F__XP_016925443.1	92	92	92		---	0.034328121691942215	1	moderate	moderate	0.022	False	user_msa
Drosophila_virilis_Drosophila_virilis__Act88F__XP_002054294.1	92	92	92		---	0.034328121691942215	1	moderate	moderate	0.022	False	user_msa
Drosophila_willistoni_Drosophila_willistoni__LOC6646901__XP_002069647.1	92	92	92		---	0.034328121691942215	1	moderate	moderate	0.022	False	user_msa
Drosophila_yakuba_Drosophila_yakuba__LOC6537169__XP_002097730.1	92	92	92		---	0.034328121691942215	1	moderate	moderate	0.022	False	user_msa
Drosophila_ananassae_Drosophila_ananassae__LOC6501076__XP_001954513.1	93	93	93		---	0.034330159425735474	1	moderate	moderate	0.022	False	user_msa
Drosophila_biarmipes_Drosophila_biarmipes__LOC108026160__XP_016952383.1	93	93	93		---	0.034330159425735474	1	moderate	moderate	0.022	False	user_msa
Drosophila_mauritiana_Drosophila_mauritiana__LOC117145868__XP_033167581.1	93	93	93		---	0.034330159425735474	1	moderate	moderate	0.022	False	user_msa
Drosophila_melanogaster_Drosophila_melanogaster__Act88F__NP_524367.1	93	93	93		---	0.034330159425735474	1	moderate	moderate	0.022	False	user_msa
Drosophila_pseudoobscura_Drosophila_pseudoobscura__Act88F__XP_002137155.1	93	93	93		---	0.034330159425735474	1	moderate	moderate	0.022	False	user_msa
Drosophila_sechellia_Drosophila_sechellia__Act88F__XP_002031056.2	93	93	93		---	0.034330159425735474	1	moderate	moderate	0.022	False	user_msa
Drosophila_simulans_Drosophila_simulans__LOC6727955__XP_016034553.1	93	93	93		---	0.034330159425735474	1	moderate	moderate	0.022	False	user_msa
Drosophila_subobscura_Drosophila_subobscura__LOC117898432__XP_034663715.1	93	93	93		---	0.034330159425735474	1	moderate	moderate	0.022	False	user_msa
Drosophila_suzukii_Drosophila_suzukii__Act88F__XP_016925443.1	93	93	93		---	0.034330159425735474	1	moderate	moderate	0.022	False	user_msa
Drosophila_virilis_Drosophila_virilis__Act88F__XP_002054294.1	93	93	93		---	0.034330159425735474	1	moderate	moderate	0.022	False	user_msa
Drosophila_willistoni_Drosophila_willistoni__LOC6646901__XP_002069647.1	93	93	93		---	0.034330159425735474	1	moderate	moderate	0.022	False	user_msa
Drosophila_yakuba_Drosophila_yakuba__LOC6537169__XP_002097730.1	93	93	93		---	0.034330159425735474	1	moderate	moderate	0.022	False	user_msa
Drosophila_ananassae_Drosophila_ananassae__LOC6501076__XP_001954513.1	94	94	94		---	0.034332238137722015	1	moderate	moderate	0.022	False	user_msa
Drosophila_biarmipes_Drosophila_biarmipes__LOC108026160__XP_016952383.1	94	94	94		---	0.034332238137722015	1	moderate	moderate	0.022	False	user_msa
Drosophila_mauritiana_Drosophila_mauritiana__LOC117145868__XP_033167581.1	94	94	94		---	0.034332238137722015	1	moderate	moderate	0.022	False	user_msa
Drosophila_melanogaster_Drosophila_melanogaster__Act88F__NP_524367.1	94	94	94		---	0.034332238137722015	1	moderate	moderate	0.022	False	user_msa
Drosophila_pseudoobscura_Drosophila_pseudoobscura__Act88F__XP_002137155.1	94	94	94		---	0.034332238137722015	1	moderate	moderate	0.022	False	user_msa
Drosophila_sechellia_Drosophila_sechellia__Act88F__XP_002031056.2	94	94	94		---	0.034332238137722015	1	moderate	moderate	0.022	False	user_msa
Drosophila_simulans_Drosophila_simulans__LOC6727955__XP_016034553.1	94	94	94		---	0.034332238137722015	1	moderate	moderate	0.022	False	user_msa
Drosophila_subobscura_Drosophila_subobscura__LOC117898432__XP_034663715.1	94	94	94		---	0.034332238137722015	1	moderate	moderate	0.022	False	user_msa
Drosophila_suzukii_Drosophila_suzukii__Act88F__XP_016925443.1	94	94	94		---	0.034332238137722015	1	moderate	moderate	0.022	False	user_msa
Drosophila_virilis_Drosophila_virilis__Act88F__XP_002054294.1	94	94	94		---	0.034332238137722015	1	moderate	moderate	0.022	False	user_msa
Drosophila_willistoni_Drosophila_willistoni__LOC6646901__XP_002069647.1	94	94	94		---	0.034332238137722015	1	moderate	moderate	0.022	False	user_msa
Drosophila_yakuba_Drosophila_yakuba__LOC6537169__XP_002097730.1	94	94	94		---	0.034332238137722015	1	moderate	moderate	0.022	False	user_msa
Drosophila_ananassae_Drosophila_ananassae__LOC6501076__XP_001954513.1	95	95	95		---	0.03433426097035408	1	moderate	moderate	0.022	False	user_msa
Drosophila_biarmipes_Drosophila_biarmipes__LOC108026160__XP_016952383.1	95	95	95		---	0.03433426097035408	1	moderate	moderate	0.022	False	user_msa
Drosophila_mauritiana_Drosophila_mauritiana__LOC117145868__XP_033167581.1	95	95	95		---	0.03433426097035408	1	moderate	moderate	0.022	False	user_msa
Drosophila_melanogaster_Drosophila_melanogaster__Act88F__NP_524367.1	95	95	95		---	0.03433426097035408	1	moderate	moderate	0.022	False	user_msa
Drosophila_pseudoobscura_Drosophila_pseudoobscura__Act88F__XP_002137155.1	95	95	95		---	0.03433426097035408	1	moderate	moderate	0.022	False	user_msa
Drosophila_sechellia_Drosophila_sechellia__Act88F__XP_002031056.2	95	95	95		---	0.03433426097035408	1	moderate	moderate	0.022	False	user_msa
Drosophila_simulans_Drosophila_simulans__LOC6727955__XP_016034553.1	95	95	95		---	0.03433426097035408	1	moderate	moderate	0.022	False	user_msa
Drosophila_subobscura_Drosophila_subobscura__LOC117898432__XP_034663715.1	95	95	95		---	0.03433426097035408	1	moderate	moderate	0.022	False	user_msa
Drosophila_suzukii_Drosophila_suzukii__Act88F__XP_016925443.1	95	95	95		---	0.03433426097035408	1	moderate	moderate	0.022	False	user_msa
Drosophila_virilis_Drosophila_virilis__Act88F__XP_002054294.1	95	95	95		---	0.03433426097035408	1	moderate	moderate	0.022	False	user_msa
Drosophila_willistoni_Drosophila_willistoni__LOC6646901__XP_002069647.1	95	95	95		---	0.03433426097035408	1	moderate	moderate	0.022	False	user_msa
Drosophila_yakuba_Drosophila_yakuba__LOC6537169__XP_002097730.1	95	95	95		---	0.03433426097035408	1	moderate	moderate	0.022	False	user_msa
Drosophila_ananassae_Drosophila_ananassae__LOC6501076__XP_001954513.1	96	96	96		---	0.03433634340763092	1	moderate	moderate	0.022	False	user_msa
Drosophila_biarmipes_Drosophila_biarmipes__LOC108026160__XP_016952383.1	96	96	96		---	0.03433634340763092	1	moderate	moderate	0.022	False	user_msa
Drosophila_mauritiana_Drosophila_mauritiana__LOC117145868__XP_033167581.1	96	96	96		---	0.03433634340763092	1	moderate	moderate	0.022	False	user_msa
Drosophila_melanogaster_Drosophila_melanogaster__Act88F__NP_524367.1	96	96	96		---	0.03433634340763092	1	moderate	moderate	0.022	False	user_msa
Drosophila_pseudoobscura_Drosophila_pseudoobscura__Act88F__XP_002137155.1	96	96	96		---	0.03433634340763092	1	moderate	moderate	0.022	False	user_msa
Drosophila_sechellia_Drosophila_sechellia__Act88F__XP_002031056.2	96	96	96		---	0.03433634340763092	1	moderate	moderate	0.022	False	user_msa
Drosophila_simulans_Drosophila_simulans__LOC6727955__XP_016034553.1	96	96	96		---	0.03433634340763092	1	moderate	moderate	0.022	False	user_msa
Drosophila_subobscura_Drosophila_subobscura__LOC117898432__XP_034663715.1	96	96	96		---	0.03433634340763092	1	moderate	moderate	0.022	False	user_msa
Drosophila_suzukii_Drosophila_suzukii__Act88F__XP_016925443.1	96	96	96		---	0.03433634340763092	1	moderate	moderate	0.022	False	user_msa
Drosophila_virilis_Drosophila_virilis__Act88F__XP_002054294.1	96	96	96		---	0.03433634340763092	1	moderate	moderate	0.022	False	user_msa
Drosophila_willistoni_Drosophila_willistoni__LOC6646901__XP_002069647.1	96	96	96		---	0.03433634340763092	1	moderate	moderate	0.022	False	user_msa
Drosophila_yakuba_Drosophila_yakuba__LOC6537169__XP_002097730.1	96	96	96		---	0.03433634340763092	1	moderate	moderate	0.022	False	user_msa
Drosophila_ananassae_Drosophila_ananassae__LOC6501076__XP_001954513.1	97	97	97		---	0.03433835133910179	1	moderate	moderate	0.022	False	user_msa
Drosophila_biarmipes_Drosophila_biarmipes__LOC108026160__XP_016952383.1	97	97	97		---	0.03433835133910179	1	moderate	moderate	0.022	False	user_msa
Drosophila_mauritiana_Drosophila_mauritiana__LOC117145868__XP_033167581.1	97	97	97		---	0.03433835133910179	1	moderate	moderate	0.022	False	user_msa
Drosophila_melanogaster_Drosophila_melanogaster__Act88F__NP_524367.1	97	97	97		---	0.03433835133910179	1	moderate	moderate	0.022	False	user_msa
Drosophila_pseudoobscura_Drosophila_pseudoobscura__Act88F__XP_002137155.1	97	97	97		---	0.03433835133910179	1	moderate	moderate	0.022	False	user_msa
Drosophila_sechellia_Drosophila_sechellia__Act88F__XP_002031056.2	97	97	97		---	0.03433835133910179	1	moderate	moderate	0.022	False	user_msa
Drosophila_simulans_Drosophila_simulans__LOC6727955__XP_016034553.1	97	97	97		---	0.03433835133910179	1	moderate	moderate	0.022	False	user_msa
Drosophila_subobscura_Drosophila_subobscura__LOC117898432__XP_034663715.1	97	97	97		---	0.03433835133910179	1	moderate	moderate	0.022	False	user_msa
Drosophila_suzukii_Drosophila_suzukii__Act88F__XP_016925443.1	97	97	97		---	0.03433835133910179	1	moderate	moderate	0.022	False	user_msa
Drosophila_virilis_Drosophila_virilis__Act88F__XP_002054294.1	97	97	97		---	0.03433835133910179	1	moderate	moderate	0.022	False	user_msa
Drosophila_willistoni_Drosophila_willistoni__LOC6646901__XP_002069647.1	97	97	97		---	0.03433835133910179	1	moderate	moderate	0.022	False	user_msa
Drosophila_yakuba_Drosophila_yakuba__LOC6537169__XP_002097730.1	97	97	97		---	0.03433835133910179	1	moderate	moderate	0.022	False	user_msa
Drosophila_ananassae_Drosophila_ananassae__LOC6501076__XP_001954513.1	98	98	98		---	0.03434043750166893	1	moderate	moderate	0.022	False	user_msa
Drosophila_biarmipes_Drosophila_biarmipes__LOC108026160__XP_016952383.1	98	98	98		---	0.03434043750166893	1	moderate	moderate	0.022	False	user_msa
Drosophila_mauritiana_Drosophila_mauritiana__LOC117145868__XP_033167581.1	98	98	98		---	0.03434043750166893	1	moderate	moderate	0.022	False	user_msa
Drosophila_melanogaster_Drosophila_melanogaster__Act88F__NP_524367.1	98	98	98		---	0.03434043750166893	1	moderate	moderate	0.022	False	user_msa
Drosophila_pseudoobscura_Drosophila_pseudoobscura__Act88F__XP_002137155.1	98	98	98		---	0.03434043750166893	1	moderate	moderate	0.022	False	user_msa
Drosophila_sechellia_Drosophila_sechellia__Act88F__XP_002031056.2	98	98	98		---	0.03434043750166893	1	moderate	moderate	0.022	False	user_msa
Drosophila_simulans_Drosophila_simulans__LOC6727955__XP_016034553.1	98	98	98		---	0.03434043750166893	1	moderate	moderate	0.022	False	user_msa
Drosophila_subobscura_Drosophila_subobscura__LOC117898432__XP_034663715.1	98	98	98		---	0.03434043750166893	1	moderate	moderate	0.022	False	user_msa
Drosophila_suzukii_Drosophila_suzukii__Act88F__XP_016925443.1	98	98	98		---	0.03434043750166893	1	moderate	moderate	0.022	False	user_msa
Drosophila_virilis_Drosophila_virilis__Act88F__XP_002054294.1	98	98	98		---	0.03434043750166893	1	moderate	moderate	0.022	False	user_msa
Drosophila_willistoni_Drosophila_willistoni__LOC6646901__XP_002069647.1	98	98	98		---	0.03434043750166893	1	moderate	moderate	0.022	False	user_msa
Drosophila_yakuba_Drosophila_yakuba__LOC6537169__XP_002097730.1	98	98	98		---	0.03434043750166893	1	moderate	moderate	0.022	False	user_msa
Drosophila_ananassae_Drosophila_ananassae__LOC6501076__XP_001954513.1	99	99	99		---	0.03434253856539726	1	moderate	moderate	0.022	False	user_msa
Drosophila_biarmipes_Drosophila_biarmipes__LOC108026160__XP_016952383.1	99	99	99		---	0.03434253856539726	1	moderate	moderate	0.022	False	user_msa
Drosophila_mauritiana_Drosophila_mauritiana__LOC117145868__XP_033167581.1	99	99	99		---	0.03434253856539726	1	moderate	moderate	0.022	False	user_msa
Drosophila_melanogaster_Drosophila_melanogaster__Act88F__NP_524367.1	99	99	99		---	0.03434253856539726	1	moderate	moderate	0.022	False	user_msa
Drosophila_pseudoobscura_Drosophila_pseudoobscura__Act88F__XP_002137155.1	99	99	99		---	0.03434253856539726	1	moderate	moderate	0.022	False	user_msa
Drosophila_sechellia_Drosophila_sechellia__Act88F__XP_002031056.2	99	99	99		---	0.03434253856539726	1	moderate	moderate	0.022	False	user_msa
Drosophila_simulans_Drosophila_simulans__LOC6727955__XP_016034553.1	99	99	99		---	0.03434253856539726	1	moderate	moderate	0.022	False	user_msa
Drosophila_subobscura_Drosophila_subobscura__LOC117898432__XP_034663715.1	99	99	99		---	0.03434253856539726	1	moderate	moderate	0.022	False	user_msa
Drosophila_suzukii_Drosophila_suzukii__Act88F__XP_016925443.1	99	99	99		---	0.03434253856539726	1	moderate	moderate	0.022	False	user_msa
Drosophila_virilis_Drosophila_virilis__Act88F__XP_002054294.1	99	99	99		---	0.03434253856539726	1	moderate	moderate	0.022	False	user_msa
Drosophila_willistoni_Drosophila_willistoni__LOC6646901__XP_002069647.1	99	99	99		---	0.03434253856539726	1	moderate	moderate	0.022	False	user_msa
Drosophila_yakuba_Drosophila_yakuba__LOC6537169__XP_002097730.1	99	99	99		---	0.03434253856539726	1	moderate	moderate	0.022	False	user_msa
Drosophila_ananassae_Drosophila_ananassae__LOC6501076__XP_001954513.1	100	100	100	52	GAT	0.08200620114803314	1	moderate	moderate	0.022	False	user_msa
Drosophila_biarmipes_Drosophila_biarmipes__LOC108026160__XP_016952383.1	100	100	100	52	GAC	0.07496363669633865	1	moderate	moderate	0.022	False	user_msa
Drosophila_mauritiana_Drosophila_mauritiana__LOC117145868__XP_033167581.1	100	100	100	52	GAC	0.07496363669633865	1	moderate	moderate	0.022	False	user_msa
Drosophila_melanogaster_Drosophila_melanogaster__Act88F__NP_524367.1	100	100	100	52	GAC	0.07496363669633865	1	moderate	moderate	0.022	False	user_msa
Drosophila_pseudoobscura_Drosophila_pseudoobscura__Act88F__XP_002137155.1	100	100	100	52	GAT	0.08200620114803314	1	moderate	moderate	0.022	False	user_msa
Drosophila_sechellia_Drosophila_sechellia__Act88F__XP_002031056.2	100	100	100	52	GAC	0.07496363669633865	1	moderate	moderate	0.022	False	user_msa
Drosophila_simulans_Drosophila_simulans__LOC6727955__XP_016034553.1	100	100	100	52	GAC	0.07496363669633865	1	moderate	moderate	0.022	False	user_msa
Drosophila_subobscura_Drosophila_subobscura__LOC117898432__XP_034663715.1	100	100	100	52	GAT	0.08200620114803314	1	moderate	moderate	0.022	False	user_msa
Drosophila_suzukii_Drosophila_suzukii__Act88F__XP_016925443.1	100	100	100	52	GAC	0.07496363669633865	1	moderate	moderate	0.022	False	user_msa
Drosophila_virilis_Drosophila_virilis__Act88F__XP_002054294.1	100	100	100	52	GAT	0.08200620114803314	1	moderate	moderate	0.022	False	user_msa
Drosophila_willistoni_Drosophila_willistoni__LOC6646901__XP_002069647.1	100	100	100	52	GAT	0.08200620114803314	1	moderate	moderate	0.022	False	user_msa
Drosophila_yakuba_Drosophila_yakuba__LOC6537169__XP_002097730.1	100	100	100	52	GAC	0.07496363669633865	1	moderate	moderate	0.022	False	user_msa
Drosophila_ananassae_Drosophila_ananassae__LOC6501076__XP_001954513.1	101	101	101	53	TCG	0.08737922459840775	1	moderate	moderate	0.022	False	user_msa
Drosophila_biarmipes_Drosophila_biarmipes__LOC108026160__XP_016952383.1	101	101	101	53	TCC	0.08357163518667221	1	moderate	moderate	0.022	False	user_msa
Drosophila_mauritiana_Drosophila_mauritiana__LOC117145868__XP_033167581.1	101	101	101	53	TCG	0.08737922459840775	1	moderate	moderate	0.022	False	user_msa
Drosophila_melanogaster_Drosophila_melanogaster__Act88F__NP_524367.1	101	101	101	53	TCG	0.08737922459840775	1	moderate	moderate	0.022	False	user_msa
Drosophila_pseudoobscura_Drosophila_pseudoobscura__Act88F__XP_002137155.1	101	101	101	53	TCG	0.08737922459840775	1	moderate	moderate	0.022	False	user_msa
Drosophila_sechellia_Drosophila_sechellia__Act88F__XP_002031056.2	101	101	101	53	TCG	0.08737922459840775	1	moderate	moderate	0.022	False	user_msa
Drosophila_simulans_Drosophila_simulans__LOC6727955__XP_016034553.1	101	101	101	53	TCG	0.08737922459840775	1	moderate	moderate	0.022	False	user_msa
Drosophila_subobscura_Drosophila_subobscura__LOC117898432__XP_034663715.1	101	101	101	53	TCG	0.08737922459840775	1	moderate	moderate	0.022	False	user_msa
Drosophila_suzukii_Drosophila_suzukii__Act88F__XP_016925443.1	101	101	101	53	TCC	0.08357163518667221	1	moderate	moderate	0.022	False	user_msa
Drosophila_virilis_Drosophila_virilis__Act88F__XP_002054294.1	101	101	101	53	TCG	0.08737922459840775	1	moderate	moderate	0.022	False	user_msa
Drosophila_willistoni_Drosophila_willistoni__LOC6646901__XP_002069647.1	101	101	101	53	TCG	0.08737922459840775	1	moderate	moderate	0.022	False	user_msa
Drosophila_yakuba_Drosophila_yakuba__LOC6537169__XP_002097730.1	101	101	101	53	TCC	0.08357163518667221	1	moderate	moderate	0.022	False	user_msa
Drosophila_ananassae_Drosophila_ananassae__LOC6501076__XP_001954513.1	102	102	102	54	TAC	0.08153224736452103	1	moderate	moderate	0.022	False	user_msa
Drosophila_biarmipes_Drosophila_biarmipes__LOC108026160__XP_016952383.1	102	102	102	54	TAC	0.08153224736452103	1	moderate	moderate	0.022	False	user_msa
Drosophila_mauritiana_Drosophila_mauritiana__LOC117145868__XP_033167581.1	102	102	102	54	TAC	0.08153224736452103	1	moderate	moderate	0.022	False	user_msa
Drosophila_melanogaster_Drosophila_melanogaster__Act88F__NP_524367.1	102	102	102	54	TAC	0.08153224736452103	1	moderate	moderate	0.022	False	user_msa
Drosophila_pseudoobscura_Drosophila_pseudoobscura__Act88F__XP_002137155.1	102	102	102	54	TAC	0.08153224736452103	1	moderate	moderate	0.022	False	user_msa
Drosophila_sechellia_Drosophila_sechellia__Act88F__XP_002031056.2	102	102	102	54	TAC	0.08153224736452103	1	moderate	moderate	0.022	False	user_msa
Drosophila_simulans_Drosophila_simulans__LOC6727955__XP_016034553.1	102	102	102	54	TAC	0.08153224736452103	1	moderate	moderate	0.022	False	user_msa
Drosophila_subobscura_Drosophila_subobscura__LOC117898432__XP_034663715.1	102	102	102	54	TAC	0.08153224736452103	1	moderate	moderate	0.022	False	user_msa
Drosophila_suzukii_Drosophila_suzukii__Act88F__XP_016925443.1	102	102	102	54	TAT	0.08913242071866989	1	moderate	moderate	0.022	False	user_msa
Drosophila_virilis_Drosophila_virilis__Act88F__XP_002054294.1	102	102	102	54	TAC	0.08153224736452103	1	moderate	moderate	0.022	False	user_msa
Drosophila_willistoni_Drosophila_willistoni__LOC6646901__XP_002069647.1	102	102	102	54	TAT	0.08913242071866989	1	moderate	moderate	0.022	False	user_msa
Drosophila_yakuba_Drosophila_yakuba__LOC6537169__XP_002097730.1	102	102	102	54	TAT	0.08913242071866989	1	moderate	moderate	0.022	False	user_msa
Drosophila_ananassae_Drosophila_ananassae__LOC6501076__XP_001954513.1	103	103	103	55	GTC	0.08123055845499039	1	moderate	moderate	0.022	False	user_msa
Drosophila_biarmipes_Drosophila_biarmipes__LOC108026160__XP_016952383.1	103	103	103	55	GTG	0.08494139462709427	1	moderate	moderate	0.022	False	user_msa
Drosophila_mauritiana_Drosophila_mauritiana__LOC117145868__XP_033167581.1	103	103	103	55	GTG	0.08494139462709427	1	moderate	moderate	0.022	False	user_msa
Drosophila_melanogaster_Drosophila_melanogaster__Act88F__NP_524367.1	103	103	103	55	GTG	0.08494139462709427	1	moderate	moderate	0.022	False	user_msa
Drosophila_pseudoobscura_Drosophila_pseudoobscura__Act88F__XP_002137155.1	103	103	103	55	GTC	0.08123055845499039	1	moderate	moderate	0.022	False	user_msa
Drosophila_sechellia_Drosophila_sechellia__Act88F__XP_002031056.2	103	103	103	55	GTG	0.08494139462709427	1	moderate	moderate	0.022	False	user_msa
Drosophila_simulans_Drosophila_simulans__LOC6727955__XP_016034553.1	103	103	103	55	GTG	0.08494139462709427	1	moderate	moderate	0.022	False	user_msa
Drosophila_subobscura_Drosophila_subobscura__LOC117898432__XP_034663715.1	103	103	103	55	GTC	0.08123055845499039	1	moderate	moderate	0.022	False	user_msa
Drosophila_suzukii_Drosophila_suzukii__Act88F__XP_016925443.1	103	103	103	55	GTG	0.08494139462709427	1	moderate	moderate	0.022	False	user_msa
Drosophila_virilis_Drosophila_virilis__Act88F__XP_002054294.1	103	103	103	55	GTC	0.08123055845499039	1	moderate	moderate	0.022	False	user_msa
Drosophila_willistoni_Drosophila_willistoni__LOC6646901__XP_002069647.1	103	103	103	55	GTC	0.08123055845499039	1	moderate	moderate	0.022	False	user_msa
Drosophila_yakuba_Drosophila_yakuba__LOC6537169__XP_002097730.1	103	103	103	55	GTG	0.08494139462709427	1	moderate	moderate	0.022	False	user_msa
Drosophila_ananassae_Drosophila_ananassae__LOC6501076__XP_001954513.1	104	104	104	56	GGT	0.08370040357112885	1	moderate	moderate	0.022	False	user_msa
Drosophila_biarmipes_Drosophila_biarmipes__LOC108026160__XP_016952383.1	104	104	104	56	GGT	0.08370040357112885	1	moderate	moderate	0.022	False	user_msa
Drosophila_mauritiana_Drosophila_mauritiana__LOC117145868__XP_033167581.1	104	104	104	56	GGC	0.07652446627616882	1	moderate	moderate	0.022	False	user_msa
Drosophila_melanogaster_Drosophila_melanogaster__Act88F__NP_524367.1	104	104	104	56	GGC	0.07652446627616882	1	moderate	moderate	0.022	False	user_msa
Drosophila_pseudoobscura_Drosophila_pseudoobscura__Act88F__XP_002137155.1	104	104	104	56	GGT	0.08370040357112885	1	moderate	moderate	0.022	False	user_msa
Drosophila_sechellia_Drosophila_sechellia__Act88F__XP_002031056.2	104	104	104	56	GGC	0.07652446627616882	1	moderate	moderate	0.022	False	user_msa
Drosophila_simulans_Drosophila_simulans__LOC6727955__XP_016034553.1	104	104	104	56	GGC	0.07652446627616882	1	moderate	moderate	0.022	False	user_msa
Drosophila_subobscura_Drosophila_subobscura__LOC117898432__XP_034663715.1	104	104	104	56	GGT	0.08370040357112885	1	moderate	moderate	0.022	False	user_msa
Drosophila_suzukii_Drosophila_suzukii__Act88F__XP_016925443.1	104	104	104	56	GGT	0.08370040357112885	1	moderate	moderate	0.022	False	user_msa
Drosophila_virilis_Drosophila_virilis__Act88F__XP_002054294.1	104	104	104	56	GGT	0.08370040357112885	1	moderate	moderate	0.022	False	user_msa
Drosophila_willistoni_Drosophila_willistoni__LOC6646901__XP_002069647.1	104	104	104	56	GGT	0.08370040357112885	1	moderate	moderate	0.022	False	user_msa
Drosophila_yakuba_Drosophila_yakuba__LOC6537169__XP_002097730.1	104	104	104	56	GGC	0.07652446627616882	1	moderate	moderate	0.022	False	user_msa
Drosophila_ananassae_Drosophila_ananassae__LOC6501076__XP_001954513.1	105	105	105	57	GAT	0.08203481137752533	1	moderate	moderate	0.022	False	user_msa
Drosophila_biarmipes_Drosophila_biarmipes__LOC108026160__XP_016952383.1	105	105	105	57	GAC	0.07499004900455475	1	moderate	moderate	0.022	False	user_msa
Drosophila_mauritiana_Drosophila_mauritiana__LOC117145868__XP_033167581.1	105	105	105	57	GAC	0.07499004900455475	1	moderate	moderate	0.022	False	user_msa
Drosophila_melanogaster_Drosophila_melanogaster__Act88F__NP_524367.1	105	105	105	57	GAC	0.07499004900455475	1	moderate	moderate	0.022	False	user_msa
Drosophila_pseudoobscura_Drosophila_pseudoobscura__Act88F__XP_002137155.1	105	105	105	57	GAT	0.08203481137752533	1	moderate	moderate	0.022	False	user_msa
Drosophila_sechellia_Drosophila_sechellia__Act88F__XP_002031056.2	105	105	105	57	GAC	0.07499004900455475	1	moderate	moderate	0.022	False	user_msa
Drosophila_simulans_Drosophila_simulans__LOC6727955__XP_016034553.1	105	105	105	57	GAC	0.07499004900455475	1	moderate	moderate	0.022	False	user_msa
Drosophila_subobscura_Drosophila_subobscura__LOC117898432__XP_034663715.1	105	105	105	57	GAT	0.08203481137752533	1	moderate	moderate	0.022	False	user_msa
Drosophila_suzukii_Drosophila_suzukii__Act88F__XP_016925443.1	105	105	105	57	GAC	0.07499004900455475	1	moderate	moderate	0.022	False	user_msa
Drosophila_virilis_Drosophila_virilis__Act88F__XP_002054294.1	105	105	105	57	GAT	0.08203481137752533	1	moderate	moderate	0.022	False	user_msa
Drosophila_willistoni_Drosophila_willistoni__LOC6646901__XP_002069647.1	105	105	105	57	GAT	0.08203481137752533	1	moderate	moderate	0.022	False	user_msa
Drosophila_yakuba_Drosophila_yakuba__LOC6537169__XP_002097730.1	105	105	105	57	GAC	0.07499004900455475	1	moderate	moderate	0.022	False	user_msa
Drosophila_ananassae_Drosophila_ananassae__LOC6501076__XP_001954513.1	106	106	106	58	GAG	0.0668628066778183	1	moderate	moderate	0.022	False	user_msa
Drosophila_biarmipes_Drosophila_biarmipes__LOC108026160__XP_016952383.1	106	106	106	58	GAG	0.0668628066778183	1	moderate	moderate	0.022	False	user_msa
Drosophila_mauritiana_Drosophila_mauritiana__LOC117145868__XP_033167581.1	106	106	106	58	GAG	0.0668628066778183	1	moderate	moderate	0.022	False	user_msa
Drosophila_melanogaster_Drosophila_melanogaster__Act88F__NP_524367.1	106	106	106	58	GAG	0.0668628066778183	1	moderate	moderate	0.022	False	user_msa
Drosophila_pseudoobscura_Drosophila_pseudoobscura__Act88F__XP_002137155.1	106	106	106	58	GAG	0.0668628066778183	1	moderate	moderate	0.022	False	user_msa
Drosophila_sechellia_Drosophila_sechellia__Act88F__XP_002031056.2	106	106	106	58	GAG	0.0668628066778183	1	moderate	moderate	0.022	False	user_msa
Drosophila_simulans_Drosophila_simulans__LOC6727955__XP_016034553.1	106	106	106	58	GAG	0.0668628066778183	1	moderate	moderate	0.022	False	user_msa
Drosophila_subobscura_Drosophila_subobscura__LOC117898432__XP_034663715.1	106	106	106	58	GAG	0.0668628066778183	1	moderate	moderate	0.022	False	user_msa
Drosophila_suzukii_Drosophila_suzukii__Act88F__XP_016925443.1	106	106	106	58	GAG	0.0668628066778183	1	moderate	moderate	0.022	False	user_msa
Drosophila_virilis_Drosophila_virilis__Act88F__XP_002054294.1	106	106	106	58	GAG	0.0668628066778183	1	moderate	moderate	0.022	False	user_msa
Drosophila_willistoni_Drosophila_willistoni__LOC6646901__XP_002069647.1	106	106	106	58	GAG	0.0668628066778183	1	moderate	moderate	0.022	False	user_msa
Drosophila_yakuba_Drosophila_yakuba__LOC6537169__XP_002097730.1	106	106	106	58	GAG	0.0668628066778183	1	moderate	moderate	0.022	False	user_msa
Drosophila_ananassae_Drosophila_ananassae__LOC6501076__XP_001954513.1	107	107	107	59	GCT	0.09983938932418823	1	moderate	moderate	0.022	False	user_msa
Drosophila_biarmipes_Drosophila_biarmipes__LOC108026160__XP_016952383.1	107	107	107	59	GCC	0.09141772240400314	1	moderate	moderate	0.022	False	user_msa
Drosophila_mauritiana_Drosophila_mauritiana__LOC117145868__XP_033167581.1	107	107	107	59	GCG	0.09554565697908401	1	moderate	moderate	0.022	False	user_msa
Drosophila_melanogaster_Drosophila_melanogaster__Act88F__NP_524367.1	107	107	107	59	GCG	0.09554565697908401	1	moderate	moderate	0.022	False	user_msa
Drosophila_pseudoobscura_Drosophila_pseudoobscura__Act88F__XP_002137155.1	107	107	107	59	GCT	0.09983938932418823	1	moderate	moderate	0.022	False	user_msa
Drosophila_sechellia_Drosophila_sechellia__Act88F__XP_002031056.2	107	107	107	59	GCG	0.09554565697908401	1	moderate	moderate	0.022	False	user_msa
Drosophila_simulans_Drosophila_simulans__LOC6727955__XP_016034553.1	107	107	107	59	GCG	0.09554565697908401	1	moderate	moderate	0.022	False	user_msa
Drosophila_subobscura_Drosophila_subobscura__LOC117898432__XP_034663715.1	107	107	107	59	GCT	0.09983938932418823	1	moderate	moderate	0.022	False	user_msa
Drosophila_suzukii_Drosophila_suzukii__Act88F__XP_016925443.1	107	107	107	59	GCC	0.09141772240400314	1	moderate	moderate	0.022	False	user_msa
Drosophila_virilis_Drosophila_virilis__Act88F__XP_002054294.1	107	107	107	59	GCT	0.09983938932418823	1	moderate	moderate	0.022	False	user_msa
Drosophila_willistoni_Drosophila_willistoni__LOC6646901__XP_002069647.1	107	107	107	59	GCT	0.09983938932418823	1	moderate	moderate	0.022	False	user_msa
Drosophila_yakuba_Drosophila_yakuba__LOC6537169__XP_002097730.1	107	107	107	59	GCG	0.09554565697908401	1	moderate	moderate	0.022	False	user_msa
Drosophila_ananassae_Drosophila_ananassae__LOC6501076__XP_001954513.1	108	108	108	60	CAG	0.07438825070858002	1	moderate	moderate	0.022	False	user_msa
Drosophila_biarmipes_Drosophila_biarmipes__LOC108026160__XP_016952383.1	108	108	108	60	CAG	0.07438825070858002	1	moderate	moderate	0.022	False	user_msa
Drosophila_mauritiana_Drosophila_mauritiana__LOC117145868__XP_033167581.1	108	108	108	60	CAG	0.07438825070858002	1	moderate	moderate	0.022	False	user_msa
Drosophila_melanogaster_Drosophila_melanogaster__Act88F__NP_524367.1	108	108	108	60	CAA	0.06866075843572617	1	moderate	moderate	0.022	False	user_msa
Drosophila_pseudoobscura_Drosophila_pseudoobscura__Act88F__XP_002137155.1	108	108	108	60	CAG	0.07438825070858002	1	moderate	moderate	0.022	False	user_msa
Drosophila_sechellia_Drosophila_sechellia__Act88F__XP_002031056.2	108	108	108	60	CAG	0.07438825070858002	1	moderate	moderate	0.022	False	user_msa
Drosophila_simulans_Drosophila_simulans__LOC6727955__XP_016034553.1	108	108	108	60	CAG	0.07438825070858002	1	moderate	moderate	0.022	False	user_msa
Drosophila_subobscura_Drosophila_subobscura__LOC117898432__XP_034663715.1	108	108	108	60	CAG	0.07438825070858002	1	moderate	moderate	0.022	False	user_msa
Drosophila_suzukii_Drosophila_suzukii__Act88F__XP_016925443.1	108	108	108	60	CAG	0.07438825070858002	1	moderate	moderate	0.022	False	user_msa
Drosophila_virilis_Drosophila_virilis__Act88F__XP_002054294.1	108	108	108	60	CAG	0.07438825070858002	1	moderate	moderate	0.022	False	user_msa
Drosophila_willistoni_Drosophila_willistoni__LOC6646901__XP_002069647.1	108	108	108	60	CAG	0.07438825070858002	1	moderate	moderate	0.022	False	user_msa
Drosophila_yakuba_Drosophila_yakuba__LOC6537169__XP_002097730.1	108	108	108	60	CAG	0.07438825070858002	1	moderate	moderate	0.022	False	user_msa
Drosophila_ananassae_Drosophila_ananassae__LOC6501076__XP_001954513.1	109	109	109	61	AGC	0.061032701283693314	1	moderate	moderate	0.022	False	user_msa
Drosophila_biarmipes_Drosophila_biarmipes__LOC108026160__XP_016952383.1	109	109	109	61	AGC	0.061032701283693314	1	moderate	moderate	0.022	False	user_msa
Drosophila_mauritiana_Drosophila_mauritiana__LOC117145868__XP_033167581.1	109	109	109	61	AGC	0.061032701283693314	1	moderate	moderate	0.022	False	user_msa
Drosophila_melanogaster_Drosophila_melanogaster__Act88F__NP_524367.1	109	109	109	61	AGC	0.061032701283693314	1	moderate	moderate	0.022	False	user_msa
Drosophila_pseudoobscura_Drosophila_pseudoobscura__Act88F__XP_002137155.1	109	109	109	61	AGC	0.061032701283693314	1	moderate	moderate	0.022	False	user_msa
Drosophila_sechellia_Drosophila_sechellia__Act88F__XP_002031056.2	109	109	109	61	AGC	0.061032701283693314	1	moderate	moderate	0.022	False	user_msa
Drosophila_simulans_Drosophila_simulans__LOC6727955__XP_016034553.1	109	109	109	61	AGC	0.061032701283693314	1	moderate	moderate	0.022	False	user_msa
Drosophila_subobscura_Drosophila_subobscura__LOC117898432__XP_034663715.1	109	109	109	61	AGC	0.061032701283693314	1	moderate	moderate	0.022	False	user_msa
Drosophila_suzukii_Drosophila_suzukii__Act88F__XP_016925443.1	109	109	109	61	AGC	0.061032701283693314	1	moderate	moderate	0.022	False	user_msa
Drosophila_virilis_Drosophila_virilis__Act88F__XP_002054294.1	109	109	109	61	AGC	0.061032701283693314	1	moderate	moderate	0.022	False	user_msa
Drosophila_willistoni_Drosophila_willistoni__LOC6646901__XP_002069647.1	109	109	109	61	AGC	0.061032701283693314	1	moderate	moderate	0.022	False	user_msa
Drosophila_yakuba_Drosophila_yakuba__LOC6537169__XP_002097730.1	109	109	109	61	AGC	0.061032701283693314	1	moderate	moderate	0.022	False	user_msa
Drosophila_ananassae_Drosophila_ananassae__LOC6501076__XP_001954513.1	110	110	110	62	AAG	0.06981012225151062	1	moderate	moderate	0.022	False	user_msa
Drosophila_biarmipes_Drosophila_biarmipes__LOC108026160__XP_016952383.1	110	110	110	62	AAG	0.06981012225151062	1	moderate	moderate	0.022	False	user_msa
Drosophila_mauritiana_Drosophila_mauritiana__LOC117145868__XP_033167581.1	110	110	110	62	AAG	0.06981012225151062	1	moderate	moderate	0.022	False	user_msa
Drosophila_melanogaster_Drosophila_melanogaster__Act88F__NP_524367.1	110	110	110	62	AAG	0.06981012225151062	1	moderate	moderate	0.022	False	user_msa
Drosophila_pseudoobscura_Drosophila_pseudoobscura__Act88F__XP_002137155.1	110	110	110	62	AAG	0.06981012225151062	1	moderate	moderate	0.022	False	user_msa
Drosophila_sechellia_Drosophila_sechellia__Act88F__XP_002031056.2	110	110	110	62	AAG	0.06981012225151062	1	moderate	moderate	0.022	False	user_msa
Drosophila_simulans_Drosophila_simulans__LOC6727955__XP_016034553.1	110	110	110	62	AAG	0.06981012225151062	1	moderate	moderate	0.022	False	user_msa
Drosophila_subobscura_Drosophila_subobscura__LOC117898432__XP_034663715.1	110	110	110	62	AAG	0.06981012225151062	1	moderate	moderate	0.022	False	user_msa
Drosophila_suzukii_Drosophila_suzukii__Act88F__XP_016925443.1	110	110	110	62	AAG	0.06981012225151062	1	moderate	moderate	0.022	False	user_msa
Drosophila_virilis_Drosophila_virilis__Act88F__XP_002054294.1	110	110	110	62	AAA	0.06525209546089172	1	moderate	moderate	0.022	False	user_msa
Drosophila_willistoni_Drosophila_willistoni__LOC6646901__XP_002069647.1	110	110	110	62	AAA	0.06525209546089172	1	moderate	moderate	0.022	False	user_msa
Drosophila_yakuba_Drosophila_yakuba__LOC6537169__XP_002097730.1	110	110	110	62	AAG	0.06981012225151062	1	moderate	moderate	0.022	False	user_msa
Drosophila_ananassae_Drosophila_ananassae__LOC6501076__XP_001954513.1	111	111	111	63	CGT	0.07832775264978409	1	moderate	moderate	0.022	False	user_msa
Drosophila_biarmipes_Drosophila_biarmipes__LOC108026160__XP_016952383.1	111	111	111	63	CGT	0.07832775264978409	1	moderate	moderate	0.022	False	user_msa
Drosophila_mauritiana_Drosophila_mauritiana__LOC117145868__XP_033167581.1	111	111	111	63	CGC	0.07163447141647339	1	moderate	moderate	0.022	False	user_msa
Drosophila_melanogaster_Drosophila_melanogaster__Act88F__NP_524367.1	111	111	111	63	CGC	0.07163447141647339	1	moderate	moderate	0.022	False	user_msa
Drosophila_pseudoobscura_Drosophila_pseudoobscura__Act88F__XP_002137155.1	111	111	111	63	CGT	0.07832775264978409	1	moderate	moderate	0.022	False	user_msa
Drosophila_sechellia_Drosophila_sechellia__Act88F__XP_002031056.2	111	111	111	63	CGC	0.07163447141647339	1	moderate	moderate	0.022	False	user_msa
Drosophila_simulans_Drosophila_simulans__LOC6727955__XP_016034553.1	111	111	111	63	CGC	0.07163447141647339	1	moderate	moderate	0.022	False	user_msa
Drosophila_subobscura_Drosophila_subobscura__LOC117898432__XP_034663715.1	111	111	111	63	CGT	0.07832775264978409	1	moderate	moderate	0.022	False	user_msa
Drosophila_suzukii_Drosophila_suzukii__Act88F__XP_016925443.1	111	111	111	63	CGT	0.07832775264978409	1	moderate	moderate	0.022	False	user_msa
Drosophila_virilis_Drosophila_virilis__Act88F__XP_002054294.1	111	111	111	63	CGT	0.07832775264978409	1	moderate	moderate	0.022	False	user_msa
Drosophila_willistoni_Drosophila_willistoni__LOC6646901__XP_002069647.1	111	111	111	63	CGT	0.07832775264978409	1	moderate	moderate	0.022	False	user_msa
Drosophila_yakuba_Drosophila_yakuba__LOC6537169__XP_002097730.1	111	111	111	63	CGC	0.07163447141647339	1	moderate	moderate	0.022	False	user_msa
Drosophila_ananassae_Drosophila_ananassae__LOC6501076__XP_001954513.1	112	112	112	64	GGT	0.06949006766080856	1	moderate	moderate	0.022	False	user_msa
Drosophila_biarmipes_Drosophila_biarmipes__LOC108026160__XP_016952383.1	112	112	112	64	GGT	0.06949006766080856	1	moderate	moderate	0.022	False	user_msa
Drosophila_mauritiana_Drosophila_mauritiana__LOC117145868__XP_033167581.1	112	112	112	64	GGT	0.06949006766080856	1	moderate	moderate	0.022	False	user_msa
Drosophila_melanogaster_Drosophila_melanogaster__Act88F__NP_524367.1	112	112	112	64	GGT	0.06949006766080856	1	moderate	moderate	0.022	False	user_msa
Drosophila_pseudoobscura_Drosophila_pseudoobscura__Act88F__XP_002137155.1	112	112	112	64	GGT	0.06949006766080856	1	moderate	moderate	0.022	False	user_msa
Drosophila_sechellia_Drosophila_sechellia__Act88F__XP_002031056.2	112	112	112	64	GGT	0.06949006766080856	1	moderate	moderate	0.022	False	user_msa
Drosophila_simulans_Drosophila_simulans__LOC6727955__XP_016034553.1	112	112	112	64	GGT	0.06949006766080856	1	moderate	moderate	0.022	False	user_msa
Drosophila_subobscura_Drosophila_subobscura__LOC117898432__XP_034663715.1	112	112	112	64	GGT	0.06949006766080856	1	moderate	moderate	0.022	False	user_msa
Drosophila_suzukii_Drosophila_suzukii__Act88F__XP_016925443.1	112	112	112	64	GGT	0.06949006766080856	1	moderate	moderate	0.022	False	user_msa
Drosophila_virilis_Drosophila_virilis__Act88F__XP_002054294.1	112	112	112	64	GGT	0.06949006766080856	1	moderate	moderate	0.022	False	user_msa
Drosophila_willistoni_Drosophila_willistoni__LOC6646901__XP_002069647.1	112	112	112	64	GGT	0.06949006766080856	1	moderate	moderate	0.022	False	user_msa
Drosophila_yakuba_Drosophila_yakuba__LOC6537169__XP_002097730.1	112	112	112	64	GGT	0.06949006766080856	1	moderate	moderate	0.022	False	user_msa
Drosophila_ananassae_Drosophila_ananassae__LOC6501076__XP_001954513.1	113	113	113	65	ATC	0.06188127025961876	1	moderate	moderate	0.022	False	user_msa
Drosophila_biarmipes_Drosophila_biarmipes__LOC108026160__XP_016952383.1	113	113	113	65	ATC	0.06188127025961876	1	moderate	moderate	0.022	False	user_msa
Drosophila_mauritiana_Drosophila_mauritiana__LOC117145868__XP_033167581.1	113	113	113	65	ATC	0.06188127025961876	1	moderate	moderate	0.022	False	user_msa
Drosophila_melanogaster_Drosophila_melanogaster__Act88F__NP_524367.1	113	113	113	65	ATC	0.06188127025961876	1	moderate	moderate	0.022	False	user_msa
Drosophila_pseudoobscura_Drosophila_pseudoobscura__Act88F__XP_002137155.1	113	113	113	65	ATC	0.06188127025961876	1	moderate	moderate	0.022	False	user_msa
Drosophila_sechellia_Drosophila_sechellia__Act88F__XP_002031056.2	113	113	113	65	ATC	0.06188127025961876	1	moderate	moderate	0.022	False	user_msa
Drosophila_simulans_Drosophila_simulans__LOC6727955__XP_016034553.1	113	113	113	65	ATC	0.06188127025961876	1	moderate	moderate	0.022	False	user_msa
Drosophila_subobscura_Drosophila_subobscura__LOC117898432__XP_034663715.1	113	113	113	65	ATC	0.06188127025961876	1	moderate	moderate	0.022	False	user_msa
Drosophila_suzukii_Drosophila_suzukii__Act88F__XP_016925443.1	113	113	113	65	ATC	0.06188127025961876	1	moderate	moderate	0.022	False	user_msa
Drosophila_virilis_Drosophila_virilis__Act88F__XP_002054294.1	113	113	113	65	ATC	0.06188127025961876	1	moderate	moderate	0.022	False	user_msa
Drosophila_willistoni_Drosophila_willistoni__LOC6646901__XP_002069647.1	113	113	113	65	ATC	0.06188127025961876	1	moderate	moderate	0.022	False	user_msa
Drosophila_yakuba_Drosophila_yakuba__LOC6537169__XP_002097730.1	113	113	113	65	ATC	0.06188127025961876	1	moderate	moderate	0.022	False	user_msa
Drosophila_ananassae_Drosophila_ananassae__LOC6501076__XP_001954513.1	114	114	114	66	CTC	0.09104866534471512	1	moderate	moderate	0.022	False	user_msa
Drosophila_biarmipes_Drosophila_biarmipes__LOC108026160__XP_016952383.1	114	114	114	66	CTC	0.09104866534471512	1	moderate	moderate	0.022	False	user_msa
Drosophila_mauritiana_Drosophila_mauritiana__LOC117145868__XP_033167581.1	114	114	114	66	CTG	0.09516153484582901	1	moderate	moderate	0.022	False	user_msa
Drosophila_melanogaster_Drosophila_melanogaster__Act88F__NP_524367.1	114	114	114	66	CTG	0.09516153484582901	1	moderate	moderate	0.022	False	user_msa
Drosophila_pseudoobscura_Drosophila_pseudoobscura__Act88F__XP_002137155.1	114	114	114	66	CTC	0.09104866534471512	1	moderate	moderate	0.022	False	user_msa
Drosophila_sechellia_Drosophila_sechellia__Act88F__XP_002031056.2	114	114	114	66	CTG	0.09516153484582901	1	moderate	moderate	0.022	False	user_msa
Drosophila_simulans_Drosophila_simulans__LOC6727955__XP_016034553.1	114	114	114	66	CTG	0.09516153484582901	1	moderate	moderate	0.022	False	user_msa
Drosophila_subobscura_Drosophila_subobscura__LOC117898432__XP_034663715.1	114	114	114	66	CTC	0.09104866534471512	1	moderate	moderate	0.022	False	user_msa
Drosophila_suzukii_Drosophila_suzukii__Act88F__XP_016925443.1	114	114	114	66	CTC	0.09104866534471512	1	moderate	moderate	0.022	False	user_msa
Drosophila_virilis_Drosophila_virilis__Act88F__XP_002054294.1	114	114	114	66	CTG	0.09516153484582901	1	moderate	moderate	0.022	False	user_msa
Drosophila_willistoni_Drosophila_willistoni__LOC6646901__XP_002069647.1	114	114	114	66	CTT	0.09943997114896774	1	moderate	moderate	0.022	False	user_msa
Drosophila_yakuba_Drosophila_yakuba__LOC6537169__XP_002097730.1	114	114	114	66	CTC	0.09104866534471512	1	moderate	moderate	0.022	False	user_msa
Drosophila_ananassae_Drosophila_ananassae__LOC6501076__XP_001954513.1	115	115	115	67	ACG	0.0855565220117569	1	moderate	moderate	0.022	False	user_msa
Drosophila_biarmipes_Drosophila_biarmipes__LOC108026160__XP_016952383.1	115	115	115	67	ACC	0.08182114362716675	1	moderate	moderate	0.022	False	user_msa
Drosophila_mauritiana_Drosophila_mauritiana__LOC117145868__XP_033167581.1	115	115	115	67	ACG	0.0855565220117569	1	moderate	moderate	0.022	False	user_msa
Drosophila_melanogaster_Drosophila_melanogaster__Act88F__NP_524367.1	115	115	115	67	ACG	0.0855565220117569	1	moderate	moderate	0.022	False	user_msa
Drosophila_pseudoobscura_Drosophila_pseudoobscura__Act88F__XP_002137155.1	115	115	115	67	ACT	0.08944568037986755	1	moderate	moderate	0.022	False	user_msa
Drosophila_sechellia_Drosophila_sechellia__Act88F__XP_002031056.2	115	115	115	67	ACG	0.0855565220117569	1	moderate	moderate	0.022	False	user_msa
Drosophila_simulans_Drosophila_simulans__LOC6727955__XP_016034553.1	115	115	115	67	ACG	0.0855565220117569	1	moderate	moderate	0.022	False	user_msa
Drosophila_subobscura_Drosophila_subobscura__LOC117898432__XP_034663715.1	115	115	115	67	ACG	0.0855565220117569	1	moderate	moderate	0.022	False	user_msa
Drosophila_suzukii_Drosophila_suzukii__Act88F__XP_016925443.1	115	115	115	67	ACC	0.08182114362716675	1	moderate	moderate	0.022	False	user_msa
Drosophila_virilis_Drosophila_virilis__Act88F__XP_002054294.1	115	115	115	67	ACG	0.0855565220117569	1	moderate	moderate	0.022	False	user_msa
Drosophila_willistoni_Drosophila_willistoni__LOC6646901__XP_002069647.1	115	115	115	67	ACC	0.08182114362716675	1	moderate	moderate	0.022	False	user_msa
Drosophila_yakuba_Drosophila_yakuba__LOC6537169__XP_002097730.1	115	115	115	67	ACG	0.0855565220117569	1	moderate	moderate	0.022	False	user_msa
Drosophila_ananassae_Drosophila_ananassae__LOC6501076__XP_001954513.1	116	116	116	68	CTG	0.05492880195379257	1	moderate	moderate	0.022	False	user_msa
Drosophila_biarmipes_Drosophila_biarmipes__LOC108026160__XP_016952383.1	116	116	116	68	CTG	0.05492880195379257	1	moderate	moderate	0.022	False	user_msa
Drosophila_mauritiana_Drosophila_mauritiana__LOC117145868__XP_033167581.1	116	116	116	68	TTG	0.15682275593280792	1	moderate	moderate	0.022	False	user_msa
Drosophila_melanogaster_Drosophila_melanogaster__Act88F__NP_524367.1	116	116	116	68	CTG	0.05492880195379257	1	moderate	moderate	0.022	False	user_msa
Drosophila_pseudoobscura_Drosophila_pseudoobscura__Act88F__XP_002137155.1	116	116	116	68	CTG	0.05492880195379257	1	moderate	moderate	0.022	False	user_msa
Drosophila_sechellia_Drosophila_sechellia__Act88F__XP_002031056.2	116	116	116	68	CTG	0.05492880195379257	1	moderate	moderate	0.022	False	user_msa
Drosophila_simulans_Drosophila_simulans__LOC6727955__XP_016034553.1	116	116	116	68	CTG	0.05492880195379257	1	moderate	moderate	0.022	False	user_msa
Drosophila_subobscura_Drosophila_subobscura__LOC117898432__XP_034663715.1	116	116	116	68	CTG	0.05492880195379257	1	moderate	moderate	0.022	False	user_msa
Drosophila_suzukii_Drosophila_suzukii__Act88F__XP_016925443.1	116	116	116	68	CTG	0.05492880195379257	1	moderate	moderate	0.022	False	user_msa
Drosophila_virilis_Drosophila_virilis__Act88F__XP_002054294.1	116	116	116	68	TTG	0.15682275593280792	1	moderate	moderate	0.022	False	user_msa
Drosophila_willistoni_Drosophila_willistoni__LOC6646901__XP_002069647.1	116	116	116	68	CTG	0.05492880195379257	1	moderate	moderate	0.022	False	user_msa
Drosophila_yakuba_Drosophila_yakuba__LOC6537169__XP_002097730.1	116	116	116	68	CTG	0.05492880195379257	1	moderate	moderate	0.022	False	user_msa
Drosophila_ananassae_Drosophila_ananassae__LOC6501076__XP_001954513.1	117	117	117	69	AAG	0.07007578760385513	1	moderate	moderate	0.022	False	user_msa
Drosophila_biarmipes_Drosophila_biarmipes__LOC108026160__XP_016952383.1	117	117	117	69	AAG	0.07007578760385513	1	moderate	moderate	0.022	False	user_msa
Drosophila_mauritiana_Drosophila_mauritiana__LOC117145868__XP_033167581.1	117	117	117	69	AAG	0.07007578760385513	1	moderate	moderate	0.022	False	user_msa
Drosophila_melanogaster_Drosophila_melanogaster__Act88F__NP_524367.1	117	117	117	69	AAG	0.07007578760385513	1	moderate	moderate	0.022	False	user_msa
Drosophila_pseudoobscura_Drosophila_pseudoobscura__Act88F__XP_002137155.1	117	117	117	69	AAA	0.06550158560276031	1	moderate	moderate	0.022	False	user_msa
Drosophila_sechellia_Drosophila_sechellia__Act88F__XP_002031056.2	117	117	117	69	AAG	0.07007578760385513	1	moderate	moderate	0.022	False	user_msa
Drosophila_simulans_Drosophila_simulans__LOC6727955__XP_016034553.1	117	117	117	69	AAG	0.07007578760385513	1	moderate	moderate	0.022	False	user_msa
Drosophila_subobscura_Drosophila_subobscura__LOC117898432__XP_034663715.1	117	117	117	69	AAG	0.07007578760385513	1	moderate	moderate	0.022	False	user_msa
Drosophila_suzukii_Drosophila_suzukii__Act88F__XP_016925443.1	117	117	117	69	AAG	0.07007578760385513	1	moderate	moderate	0.022	False	user_msa
Drosophila_virilis_Drosophila_virilis__Act88F__XP_002054294.1	117	117	117	69	AAA	0.06550158560276031	1	moderate	moderate	0.022	False	user_msa
Drosophila_willistoni_Drosophila_willistoni__LOC6646901__XP_002069647.1	117	117	117	69	AAA	0.06550158560276031	1	moderate	moderate	0.022	False	user_msa
Drosophila_yakuba_Drosophila_yakuba__LOC6537169__XP_002097730.1	117	117	117	69	AAG	0.07007578760385513	1	moderate	moderate	0.022	False	user_msa
Drosophila_ananassae_Drosophila_ananassae__LOC6501076__XP_001954513.1	118	118	118	70	TAT	0.08844868838787079	1	moderate	moderate	0.022	False	user_msa
Drosophila_biarmipes_Drosophila_biarmipes__LOC108026160__XP_016952383.1	118	118	118	70	TAC	0.08090163767337799	1	moderate	moderate	0.022	False	user_msa
Drosophila_mauritiana_Drosophila_mauritiana__LOC117145868__XP_033167581.1	118	118	118	70	TAC	0.08090163767337799	1	moderate	moderate	0.022	False	user_msa
Drosophila_melanogaster_Drosophila_melanogaster__Act88F__NP_524367.1	118	118	118	70	TAC	0.08090163767337799	1	moderate	moderate	0.022	False	user_msa
Drosophila_pseudoobscura_Drosophila_pseudoobscura__Act88F__XP_002137155.1	118	118	118	70	TAT	0.08844868838787079	1	moderate	moderate	0.022	False	user_msa
Drosophila_sechellia_Drosophila_sechellia__Act88F__XP_002031056.2	118	118	118	70	TAC	0.08090163767337799	1	moderate	moderate	0.022	False	user_msa
Drosophila_simulans_Drosophila_simulans__LOC6727955__XP_016034553.1	118	118	118	70	TAC	0.08090163767337799	1	moderate	moderate	0.022	False	user_msa
Drosophila_subobscura_Drosophila_subobscura__LOC117898432__XP_034663715.1	118	118	118	70	TAC	0.08090163767337799	1	moderate	moderate	0.022	False	user_msa
Drosophila_suzukii_Drosophila_suzukii__Act88F__XP_016925443.1	118	118	118	70	TAC	0.08090163767337799	1	moderate	moderate	0.022	False	user_msa
Drosophila_virilis_Drosophila_virilis__Act88F__XP_002054294.1	118	118	118	70	TAT	0.08844868838787079	1	moderate	moderate	0.022	False	user_msa
Drosophila_willistoni_Drosophila_willistoni__LOC6646901__XP_002069647.1	118	118	118	70	TAT	0.08844868838787079	1	moderate	moderate	0.022	False	user_msa
Drosophila_yakuba_Drosophila_yakuba__LOC6537169__XP_002097730.1	118	118	118	70	TAC	0.08090163767337799	1	moderate	moderate	0.022	False	user_msa
Drosophila_ananassae_Drosophila_ananassae__LOC6501076__XP_001954513.1	119	119	119	71	CCC	0.06359484046697617	1	moderate	moderate	0.022	False	user_msa
Drosophila_biarmipes_Drosophila_biarmipes__LOC108026160__XP_016952383.1	119	119	119	71	CCC	0.06359484046697617	1	moderate	moderate	0.022	False	user_msa
Drosophila_mauritiana_Drosophila_mauritiana__LOC117145868__XP_033167581.1	119	119	119	71	CCC	0.06359484046697617	1	moderate	moderate	0.022	False	user_msa
Drosophila_melanogaster_Drosophila_melanogaster__Act88F__NP_524367.1	119	119	119	71	CCC	0.06359484046697617	1	moderate	moderate	0.022	False	user_msa
Drosophila_pseudoobscura_Drosophila_pseudoobscura__Act88F__XP_002137155.1	119	119	119	71	CCC	0.06359484046697617	1	moderate	moderate	0.022	False	user_msa
Drosophila_sechellia_Drosophila_sechellia__Act88F__XP_002031056.2	119	119	119	71	CCC	0.06359484046697617	1	moderate	moderate	0.022	False	user_msa
Drosophila_simulans_Drosophila_simulans__LOC6727955__XP_016034553.1	119	119	119	71	CCC	0.06359484046697617	1	moderate	moderate	0.022	False	user_msa
Drosophila_subobscura_Drosophila_subobscura__LOC117898432__XP_034663715.1	119	119	119	71	CCC	0.06359484046697617	1	moderate	moderate	0.022	False	user_msa
Drosophila_suzukii_Drosophila_suzukii__Act88F__XP_016925443.1	119	119	119	71	CCC	0.06359484046697617	1	moderate	moderate	0.022	False	user_msa
Drosophila_virilis_Drosophila_virilis__Act88F__XP_002054294.1	119	119	119	71	CCC	0.06359484046697617	1	moderate	moderate	0.022	False	user_msa
Drosophila_willistoni_Drosophila_willistoni__LOC6646901__XP_002069647.1	119	119	119	71	CCC	0.06359484046697617	1	moderate	moderate	0.022	False	user_msa
Drosophila_yakuba_Drosophila_yakuba__LOC6537169__XP_002097730.1	119	119	119	71	CCC	0.06359484046697617	1	moderate	moderate	0.022	False	user_msa
Drosophila_ananassae_Drosophila_ananassae__LOC6501076__XP_001954513.1	120	120	120	72	ATC	0.07098637521266937	1	moderate	moderate	0.022	False	user_msa
Drosophila_biarmipes_Drosophila_biarmipes__LOC108026160__XP_016952383.1	120	120	120	72	ATC	0.07098637521266937	1	moderate	moderate	0.022	False	user_msa
Drosophila_mauritiana_Drosophila_mauritiana__LOC117145868__XP_033167581.1	120	120	120	72	ATC	0.07098637521266937	1	moderate	moderate	0.022	False	user_msa
Drosophila_melanogaster_Drosophila_melanogaster__Act88F__NP_524367.1	120	120	120	72	ATC	0.07098637521266937	1	moderate	moderate	0.022	False	user_msa
Drosophila_pseudoobscura_Drosophila_pseudoobscura__Act88F__XP_002137155.1	120	120	120	72	ATT	0.07759790867567062	1	moderate	moderate	0.022	False	user_msa
Drosophila_sechellia_Drosophila_sechellia__Act88F__XP_002031056.2	120	120	120	72	ATC	0.07098637521266937	1	moderate	moderate	0.022	False	user_msa
Drosophila_simulans_Drosophila_simulans__LOC6727955__XP_016034553.1	120	120	120	72	ATC	0.07098637521266937	1	moderate	moderate	0.022	False	user_msa
Drosophila_subobscura_Drosophila_subobscura__LOC117898432__XP_034663715.1	120	120	120	72	ATC	0.07098637521266937	1	moderate	moderate	0.022	False	user_msa
Drosophila_suzukii_Drosophila_suzukii__Act88F__XP_016925443.1	120	120	120	72	ATC	0.07098637521266937	1	moderate	moderate	0.022	False	user_msa
Drosophila_virilis_Drosophila_virilis__Act88F__XP_002054294.1	120	120	120	72	ATT	0.07759790867567062	1	moderate	moderate	0.022	False	user_msa
Drosophila_willistoni_Drosophila_willistoni__LOC6646901__XP_002069647.1	120	120	120	72	ATC	0.07098637521266937	1	moderate	moderate	0.022	False	user_msa
Drosophila_yakuba_Drosophila_yakuba__LOC6537169__XP_002097730.1	120	120	120	72	ATC	0.07098637521266937	1	moderate	moderate	0.022	False	user_msa
Drosophila_ananassae_Drosophila_ananassae__LOC6501076__XP_001954513.1	121	121	121	73	GAG	0.06693398207426071	1	moderate	moderate	0.022	False	user_msa
Drosophila_biarmipes_Drosophila_biarmipes__LOC108026160__XP_016952383.1	121	121	121	73	GAG	0.06693398207426071	1	moderate	moderate	0.022	False	user_msa
Drosophila_mauritiana_Drosophila_mauritiana__LOC117145868__XP_033167581.1	121	121	121	73	GAG	0.06693398207426071	1	moderate	moderate	0.022	False	user_msa
Drosophila_melanogaster_Drosophila_melanogaster__Act88F__NP_524367.1	121	121	121	73	GAG	0.06693398207426071	1	moderate	moderate	0.022	False	user_msa
Drosophila_pseudoobscura_Drosophila_pseudoobscura__Act88F__XP_002137155.1	121	121	121	73	GAG	0.06693398207426071	1	moderate	moderate	0.022	False	user_msa
Drosophila_sechellia_Drosophila_sechellia__Act88F__XP_002031056.2	121	121	121	73	GAG	0.06693398207426071	1	moderate	moderate	0.022	False	user_msa
Drosophila_simulans_Drosophila_simulans__LOC6727955__XP_016034553.1	121	121	121	73	GAG	0.06693398207426071	1	moderate	moderate	0.022	False	user_msa
Drosophila_subobscura_Drosophila_subobscura__LOC117898432__XP_034663715.1	121	121	121	73	GAG	0.06693398207426071	1	moderate	moderate	0.022	False	user_msa
Drosophila_suzukii_Drosophila_suzukii__Act88F__XP_016925443.1	121	121	121	73	GAG	0.06693398207426071	1	moderate	moderate	0.022	False	user_msa
Drosophila_virilis_Drosophila_virilis__Act88F__XP_002054294.1	121	121	121	73	GAG	0.06693398207426071	1	moderate	moderate	0.022	False	user_msa
Drosophila_willistoni_Drosophila_willistoni__LOC6646901__XP_002069647.1	121	121	121	73	GAG	0.06693398207426071	1	moderate	moderate	0.022	False	user_msa
Drosophila_yakuba_Drosophila_yakuba__LOC6537169__XP_002097730.1	121	121	121	73	GAG	0.06693398207426071	1	moderate	moderate	0.022	False	user_msa
Drosophila_ananassae_Drosophila_ananassae__LOC6501076__XP_001954513.1	122	122	122	74	CAC	0.07302447408437729	1	moderate	moderate	0.022	False	user_msa
Drosophila_biarmipes_Drosophila_biarmipes__LOC108026160__XP_016952383.1	122	122	122	74	CAC	0.07302447408437729	1	moderate	moderate	0.022	False	user_msa
Drosophila_mauritiana_Drosophila_mauritiana__LOC117145868__XP_033167581.1	122	122	122	74	CAC	0.07302447408437729	1	moderate	moderate	0.022	False	user_msa
Drosophila_melanogaster_Drosophila_melanogaster__Act88F__NP_524367.1	122	122	122	74	CAC	0.07302447408437729	1	moderate	moderate	0.022	False	user_msa
Drosophila_pseudoobscura_Drosophila_pseudoobscura__Act88F__XP_002137155.1	122	122	122	74	CAC	0.07302447408437729	1	moderate	moderate	0.022	False	user_msa
Drosophila_sechellia_Drosophila_sechellia__Act88F__XP_002031056.2	122	122	122	74	CAC	0.07302447408437729	1	moderate	moderate	0.022	False	user_msa
Drosophila_simulans_Drosophila_simulans__LOC6727955__XP_016034553.1	122	122	122	74	CAC	0.07302447408437729	1	moderate	moderate	0.022	False	user_msa
Drosophila_subobscura_Drosophila_subobscura__LOC117898432__XP_034663715.1	122	122	122	74	CAC	0.07302447408437729	1	moderate	moderate	0.022	False	user_msa
Drosophila_suzukii_Drosophila_suzukii__Act88F__XP_016925443.1	122	122	122	74	CAC	0.07302447408437729	1	moderate	moderate	0.022	False	user_msa
Drosophila_virilis_Drosophila_virilis__Act88F__XP_002054294.1	122	122	122	74	CAC	0.07302447408437729	1	moderate	moderate	0.022	False	user_msa
Drosophila_willistoni_Drosophila_willistoni__LOC6646901__XP_002069647.1	122	122	122	74	CAT	0.07990054786205292	1	moderate	moderate	0.022	False	user_msa
Drosophila_yakuba_Drosophila_yakuba__LOC6537169__XP_002097730.1	122	122	122	74	CAC	0.07302447408437729	1	moderate	moderate	0.022	False	user_msa
Drosophila_ananassae_Drosophila_ananassae__LOC6501076__XP_001954513.1	123	123	123	75	GGC	0.080766461789608	1	moderate	moderate	0.022	False	user_msa
Drosophila_biarmipes_Drosophila_biarmipes__LOC108026160__XP_016952383.1	123	123	123	75	GGC	0.080766461789608	1	moderate	moderate	0.022	False	user_msa
Drosophila_mauritiana_Drosophila_mauritiana__LOC117145868__XP_033167581.1	123	123	123	75	GGC	0.080766461789608	1	moderate	moderate	0.022	False	user_msa
Drosophila_melanogaster_Drosophila_melanogaster__Act88F__NP_524367.1	123	123	123	75	GGC	0.080766461789608	1	moderate	moderate	0.022	False	user_msa
Drosophila_pseudoobscura_Drosophila_pseudoobscura__Act88F__XP_002137155.1	123	123	123	75	GGC	0.080766461789608	1	moderate	moderate	0.022	False	user_msa
Drosophila_sechellia_Drosophila_sechellia__Act88F__XP_002031056.2	123	123	123	75	GGT	0.08830223232507706	1	moderate	moderate	0.022	False	user_msa
Drosophila_simulans_Drosophila_simulans__LOC6727955__XP_016034553.1	123	123	123	75	GGC	0.080766461789608	1	moderate	moderate	0.022	False	user_msa
Drosophila_subobscura_Drosophila_subobscura__LOC117898432__XP_034663715.1	123	123	123	75	GGC	0.080766461789608	1	moderate	moderate	0.022	False	user_msa
Drosophila_suzukii_Drosophila_suzukii__Act88F__XP_016925443.1	123	123	123	75	GGC	0.080766461789608	1	moderate	moderate	0.022	False	user_msa
Drosophila_virilis_Drosophila_virilis__Act88F__XP_002054294.1	123	123	123	75	GGC	0.080766461789608	1	moderate	moderate	0.022	False	user_msa
Drosophila_willistoni_Drosophila_willistoni__LOC6646901__XP_002069647.1	123	123	123	75	GGC	0.080766461789608	1	moderate	moderate	0.022	False	user_msa
Drosophila_yakuba_Drosophila_yakuba__LOC6537169__XP_002097730.1	123	123	123	75	GGC	0.080766461789608	1	moderate	moderate	0.022	False	user_msa
Drosophila_ananassae_Drosophila_ananassae__LOC6501076__XP_001954513.1	124	124	124	76	ATC	0.07181344926357269	1	moderate	moderate	0.022	False	user_msa
Drosophila_biarmipes_Drosophila_biarmipes__LOC108026160__XP_016952383.1	124	124	124	76	ATC	0.07181344926357269	1	moderate	moderate	0.022	False	user_msa
Drosophila_mauritiana_Drosophila_mauritiana__LOC117145868__XP_033167581.1	124	124	124	76	ATC	0.07181344926357269	1	moderate	moderate	0.022	False	user_msa
Drosophila_melanogaster_Drosophila_melanogaster__Act88F__NP_524367.1	124	124	124	76	ATC	0.07181344926357269	1	moderate	moderate	0.022	False	user_msa
Drosophila_pseudoobscura_Drosophila_pseudoobscura__Act88F__XP_002137155.1	124	124	124	76	ATC	0.07181344926357269	1	moderate	moderate	0.022	False	user_msa
Drosophila_sechellia_Drosophila_sechellia__Act88F__XP_002031056.2	124	124	124	76	ATC	0.07181344926357269	1	moderate	moderate	0.022	False	user_msa
Drosophila_simulans_Drosophila_simulans__LOC6727955__XP_016034553.1	124	124	124	76	ATC	0.07181344926357269	1	moderate	moderate	0.022	False	user_msa
Drosophila_subobscura_Drosophila_subobscura__LOC117898432__XP_034663715.1	124	124	124	76	ATC	0.07181344926357269	1	moderate	moderate	0.022	False	user_msa
Drosophila_suzukii_Drosophila_suzukii__Act88F__XP_016925443.1	124	124	124	76	ATC	0.07181344926357269	1	moderate	moderate	0.022	False	user_msa
Drosophila_virilis_Drosophila_virilis__Act88F__XP_002054294.1	124	124	124	76	ATT	0.0785852000117302	1	moderate	moderate	0.022	False	user_msa
Drosophila_willistoni_Drosophila_willistoni__LOC6646901__XP_002069647.1	124	124	124	76	ATC	0.07181344926357269	1	moderate	moderate	0.022	False	user_msa
Drosophila_yakuba_Drosophila_yakuba__LOC6537169__XP_002097730.1	124	124	124	76	ATC	0.07181344926357269	1	moderate	moderate	0.022	False	user_msa
Drosophila_ananassae_Drosophila_ananassae__LOC6501076__XP_001954513.1	125	125	125	77	ATC	0.06197917088866234	1	moderate	moderate	0.022	False	user_msa
Drosophila_biarmipes_Drosophila_biarmipes__LOC108026160__XP_016952383.1	125	125	125	77	ATC	0.06197917088866234	1	moderate	moderate	0.022	False	user_msa
Drosophila_mauritiana_Drosophila_mauritiana__LOC117145868__XP_033167581.1	125	125	125	77	ATC	0.06197917088866234	1	moderate	moderate	0.022	False	user_msa
Drosophila_melanogaster_Drosophila_melanogaster__Act88F__NP_524367.1	125	125	125	77	ATC	0.06197917088866234	1	moderate	moderate	0.022	False	user_msa
Drosophila_pseudoobscura_Drosophila_pseudoobscura__Act88F__XP_002137155.1	125	125	125	77	ATC	0.06197917088866234	1	moderate	moderate	0.022	False	user_msa
Drosophila_sechellia_Drosophila_sechellia__Act88F__XP_002031056.2	125	125	125	77	ATC	0.06197917088866234	1	moderate	moderate	0.022	False	user_msa
Drosophila_simulans_Drosophila_simulans__LOC6727955__XP_016034553.1	125	125	125	77	ATC	0.06197917088866234	1	moderate	moderate	0.022	False	user_msa
Drosophila_subobscura_Drosophila_subobscura__LOC117898432__XP_034663715.1	125	125	125	77	ATC	0.06197917088866234	1	moderate	moderate	0.022	False	user_msa
Drosophila_suzukii_Drosophila_suzukii__Act88F__XP_016925443.1	125	125	125	77	ATC	0.06197917088866234	1	moderate	moderate	0.022	False	user_msa
Drosophila_virilis_Drosophila_virilis__Act88F__XP_002054294.1	125	125	125	77	ATC	0.06197917088866234	1	moderate	moderate	0.022	False	user_msa
Drosophila_willistoni_Drosophila_willistoni__LOC6646901__XP_002069647.1	125	125	125	77	ATC	0.06197917088866234	1	moderate	moderate	0.022	False	user_msa
Drosophila_yakuba_Drosophila_yakuba__LOC6537169__XP_002097730.1	125	125	125	77	ATC	0.06197917088866234	1	moderate	moderate	0.022	False	user_msa
Drosophila_ananassae_Drosophila_ananassae__LOC6501076__XP_001954513.1	126	126	126	78	ACC	0.06916649639606476	1	moderate	moderate	0.022	False	user_msa
Drosophila_biarmipes_Drosophila_biarmipes__LOC108026160__XP_016952383.1	126	126	126	78	ACG	0.07175944745540619	1	moderate	moderate	0.022	False	user_msa
Drosophila_mauritiana_Drosophila_mauritiana__LOC117145868__XP_033167581.1	126	126	126	78	ACG	0.07175944745540619	1	moderate	moderate	0.022	False	user_msa
Drosophila_melanogaster_Drosophila_melanogaster__Act88F__NP_524367.1	126	126	126	78	ACG	0.07175944745540619	1	moderate	moderate	0.022	False	user_msa
Drosophila_pseudoobscura_Drosophila_pseudoobscura__Act88F__XP_002137155.1	126	126	126	78	ACC	0.06916649639606476	1	moderate	moderate	0.022	False	user_msa
Drosophila_sechellia_Drosophila_sechellia__Act88F__XP_002031056.2	126	126	126	78	ACG	0.07175944745540619	1	moderate	moderate	0.022	False	user_msa
Drosophila_simulans_Drosophila_simulans__LOC6727955__XP_016034553.1	126	126	126	78	ACG	0.07175944745540619	1	moderate	moderate	0.022	False	user_msa
Drosophila_subobscura_Drosophila_subobscura__LOC117898432__XP_034663715.1	126	126	126	78	ACC	0.06916649639606476	1	moderate	moderate	0.022	False	user_msa
Drosophila_suzukii_Drosophila_suzukii__Act88F__XP_016925443.1	126	126	126	78	ACG	0.07175944745540619	1	moderate	moderate	0.022	False	user_msa
Drosophila_virilis_Drosophila_virilis__Act88F__XP_002054294.1	126	126	126	78	ACC	0.06916649639606476	1	moderate	moderate	0.022	False	user_msa
Drosophila_willistoni_Drosophila_willistoni__LOC6646901__XP_002069647.1	126	126	126	78	ACG	0.07175944745540619	1	moderate	moderate	0.022	False	user_msa
Drosophila_yakuba_Drosophila_yakuba__LOC6537169__XP_002097730.1	126	126	126	78	ACG	0.07175944745540619	1	moderate	moderate	0.022	False	user_msa
Drosophila_ananassae_Drosophila_ananassae__LOC6501076__XP_001954513.1	127	127	127	79	AAC	0.06887483596801758	1	moderate	moderate	0.022	False	user_msa
Drosophila_biarmipes_Drosophila_biarmipes__LOC108026160__XP_016952383.1	127	127	127	79	AAC	0.06887483596801758	1	moderate	moderate	0.022	False	user_msa
Drosophila_mauritiana_Drosophila_mauritiana__LOC117145868__XP_033167581.1	127	127	127	79	AAC	0.06887483596801758	1	moderate	moderate	0.022	False	user_msa
Drosophila_melanogaster_Drosophila_melanogaster__Act88F__NP_524367.1	127	127	127	79	AAC	0.06887483596801758	1	moderate	moderate	0.022	False	user_msa
Drosophila_pseudoobscura_Drosophila_pseudoobscura__Act88F__XP_002137155.1	127	127	127	79	AAC	0.06887483596801758	1	moderate	moderate	0.022	False	user_msa
Drosophila_sechellia_Drosophila_sechellia__Act88F__XP_002031056.2	127	127	127	79	AAC	0.06887483596801758	1	moderate	moderate	0.022	False	user_msa
Drosophila_simulans_Drosophila_simulans__LOC6727955__XP_016034553.1	127	127	127	79	AAC	0.06887483596801758	1	moderate	moderate	0.022	False	user_msa
Drosophila_subobscura_Drosophila_subobscura__LOC117898432__XP_034663715.1	127	127	127	79	AAC	0.06887483596801758	1	moderate	moderate	0.022	False	user_msa
Drosophila_suzukii_Drosophila_suzukii__Act88F__XP_016925443.1	127	127	127	79	AAC	0.06887483596801758	1	moderate	moderate	0.022	False	user_msa
Drosophila_virilis_Drosophila_virilis__Act88F__XP_002054294.1	127	127	127	79	AAC	0.06887483596801758	1	moderate	moderate	0.022	False	user_msa
Drosophila_willistoni_Drosophila_willistoni__LOC6646901__XP_002069647.1	127	127	127	79	AAT	0.07474152743816376	1	moderate	moderate	0.022	False	user_msa
Drosophila_yakuba_Drosophila_yakuba__LOC6537169__XP_002097730.1	127	127	127	79	AAC	0.06887483596801758	1	moderate	moderate	0.022	False	user_msa
Drosophila_ananassae_Drosophila_ananassae__LOC6501076__XP_001954513.1	128	128	128	80	TGG	0.0741131380200386	1	moderate	moderate	0.022	False	user_msa
Drosophila_biarmipes_Drosophila_biarmipes__LOC108026160__XP_016952383.1	128	128	128	80	TGG	0.0741131380200386	1	moderate	moderate	0.022	False	user_msa
Drosophila_mauritiana_Drosophila_mauritiana__LOC117145868__XP_033167581.1	128	128	128	80	TGG	0.0741131380200386	1	moderate	moderate	0.022	False	user_msa
Drosophila_melanogaster_Drosophila_melanogaster__Act88F__NP_524367.1	128	128	128	80	TGG	0.0741131380200386	1	moderate	moderate	0.022	False	user_msa
Drosophila_pseudoobscura_Drosophila_pseudoobscura__Act88F__XP_002137155.1	128	128	128	80	TGG	0.0741131380200386	1	moderate	moderate	0.022	False	user_msa
Drosophila_sechellia_Drosophila_sechellia__Act88F__XP_002031056.2	128	128	128	80	TGG	0.0741131380200386	1	moderate	moderate	0.022	False	user_msa
Drosophila_simulans_Drosophila_simulans__LOC6727955__XP_016034553.1	128	128	128	80	TGG	0.0741131380200386	1	moderate	moderate	0.022	False	user_msa
Drosophila_subobscura_Drosophila_subobscura__LOC117898432__XP_034663715.1	128	128	128	80	TGG	0.0741131380200386	1	moderate	moderate	0.022	False	user_msa
Drosophila_suzukii_Drosophila_suzukii__Act88F__XP_016925443.1	128	128	128	80	TGG	0.0741131380200386	1	moderate	moderate	0.022	False	user_msa
Drosophila_virilis_Drosophila_virilis__Act88F__XP_002054294.1	128	128	128	80	TGG	0.0741131380200386	1	moderate	moderate	0.022	False	user_msa
Drosophila_willistoni_Drosophila_willistoni__LOC6646901__XP_002069647.1	128	128	128	80	TGG	0.0741131380200386	1	moderate	moderate	0.022	False	user_msa
Drosophila_yakuba_Drosophila_yakuba__LOC6537169__XP_002097730.1	128	128	128	80	TGG	0.0741131380200386	1	moderate	moderate	0.022	False	user_msa
Drosophila_ananassae_Drosophila_ananassae__LOC6501076__XP_001954513.1	129	129	129	81	GAT	0.08217226713895798	1	moderate	moderate	0.022	False	user_msa
Drosophila_biarmipes_Drosophila_biarmipes__LOC108026160__XP_016952383.1	129	129	129	81	GAC	0.07511663436889648	1	moderate	moderate	0.022	False	user_msa
Drosophila_mauritiana_Drosophila_mauritiana__LOC117145868__XP_033167581.1	129	129	129	81	GAC	0.07511663436889648	1	moderate	moderate	0.022	False	user_msa
Drosophila_melanogaster_Drosophila_melanogaster__Act88F__NP_524367.1	129	129	129	81	GAC	0.07511663436889648	1	moderate	moderate	0.022	False	user_msa
Drosophila_pseudoobscura_Drosophila_pseudoobscura__Act88F__XP_002137155.1	129	129	129	81	GAT	0.08217226713895798	1	moderate	moderate	0.022	False	user_msa
Drosophila_sechellia_Drosophila_sechellia__Act88F__XP_002031056.2	129	129	129	81	GAC	0.07511663436889648	1	moderate	moderate	0.022	False	user_msa
Drosophila_simulans_Drosophila_simulans__LOC6727955__XP_016034553.1	129	129	129	81	GAC	0.07511663436889648	1	moderate	moderate	0.022	False	user_msa
Drosophila_subobscura_Drosophila_subobscura__LOC117898432__XP_034663715.1	129	129	129	81	GAT	0.08217226713895798	1	moderate	moderate	0.022	False	user_msa
Drosophila_suzukii_Drosophila_suzukii__Act88F__XP_016925443.1	129	129	129	81	GAC	0.07511663436889648	1	moderate	moderate	0.022	False	user_msa
Drosophila_virilis_Drosophila_virilis__Act88F__XP_002054294.1	129	129	129	81	GAT	0.08217226713895798	1	moderate	moderate	0.022	False	user_msa
Drosophila_willistoni_Drosophila_willistoni__LOC6646901__XP_002069647.1	129	129	129	81	GAT	0.08217226713895798	1	moderate	moderate	0.022	False	user_msa
Drosophila_yakuba_Drosophila_yakuba__LOC6537169__XP_002097730.1	129	129	129	81	GAC	0.07511663436889648	1	moderate	moderate	0.022	False	user_msa
Drosophila_ananassae_Drosophila_ananassae__LOC6501076__XP_001954513.1	130	130	130	82	GAC	0.07718552649021149	1	moderate	moderate	0.022	False	user_msa
Drosophila_biarmipes_Drosophila_biarmipes__LOC108026160__XP_016952383.1	130	130	130	82	GAC	0.07718552649021149	1	moderate	moderate	0.022	False	user_msa
Drosophila_mauritiana_Drosophila_mauritiana__LOC117145868__XP_033167581.1	130	130	130	82	GAC	0.07718552649021149	1	moderate	moderate	0.022	False	user_msa
Drosophila_melanogaster_Drosophila_melanogaster__Act88F__NP_524367.1	130	130	130	82	GAC	0.07718552649021149	1	moderate	moderate	0.022	False	user_msa
Drosophila_pseudoobscura_Drosophila_pseudoobscura__Act88F__XP_002137155.1	130	130	130	82	GAC	0.07718552649021149	1	moderate	moderate	0.022	False	user_msa
Drosophila_sechellia_Drosophila_sechellia__Act88F__XP_002031056.2	130	130	130	82	GAT	0.08441773802042007	1	moderate	moderate	0.022	False	user_msa
Drosophila_simulans_Drosophila_simulans__LOC6727955__XP_016034553.1	130	130	130	82	GAC	0.07718552649021149	1	moderate	moderate	0.022	False	user_msa
Drosophila_subobscura_Drosophila_subobscura__LOC117898432__XP_034663715.1	130	130	130	82	GAC	0.07718552649021149	1	moderate	moderate	0.022	False	user_msa
Drosophila_suzukii_Drosophila_suzukii__Act88F__XP_016925443.1	130	130	130	82	GAC	0.07718552649021149	1	moderate	moderate	0.022	False	user_msa
Drosophila_virilis_Drosophila_virilis__Act88F__XP_002054294.1	130	130	130	82	GAC	0.07718552649021149	1	moderate	moderate	0.022	False	user_msa
Drosophila_willistoni_Drosophila_willistoni__LOC6646901__XP_002069647.1	130	130	130	82	GAT	0.08441773802042007	1	moderate	moderate	0.022	False	user_msa
Drosophila_yakuba_Drosophila_yakuba__LOC6537169__XP_002097730.1	130	130	130	82	GAC	0.07718552649021149	1	moderate	moderate	0.022	False	user_msa
Drosophila_ananassae_Drosophila_ananassae__LOC6501076__XP_001954513.1	131	131	131	83	ATG	0.0622343011200428	1	moderate	moderate	0.022	False	user_msa
Drosophila_biarmipes_Drosophila_biarmipes__LOC108026160__XP_016952383.1	131	131	131	83	ATG	0.0622343011200428	1	moderate	moderate	0.022	False	user_msa
Drosophila_mauritiana_Drosophila_mauritiana__LOC117145868__XP_033167581.1	131	131	131	83	ATG	0.0622343011200428	1	moderate	moderate	0.022	False	user_msa
Drosophila_melanogaster_Drosophila_melanogaster__Act88F__NP_524367.1	131	131	131	83	ATG	0.0622343011200428	1	moderate	moderate	0.022	False	user_msa
Drosophila_pseudoobscura_Drosophila_pseudoobscura__Act88F__XP_002137155.1	131	131	131	83	ATG	0.0622343011200428	1	moderate	moderate	0.022	False	user_msa
Drosophila_sechellia_Drosophila_sechellia__Act88F__XP_002031056.2	131	131	131	83	ATG	0.0622343011200428	1	moderate	moderate	0.022	False	user_msa
Drosophila_simulans_Drosophila_simulans__LOC6727955__XP_016034553.1	131	131	131	83	ATG	0.0622343011200428	1	moderate	moderate	0.022	False	user_msa
Drosophila_subobscura_Drosophila_subobscura__LOC117898432__XP_034663715.1	131	131	131	83	ATG	0.0622343011200428	1	moderate	moderate	0.022	False	user_msa
Drosophila_suzukii_Drosophila_suzukii__Act88F__XP_016925443.1	131	131	131	83	ATG	0.0622343011200428	1	moderate	moderate	0.022	False	user_msa
Drosophila_virilis_Drosophila_virilis__Act88F__XP_002054294.1	131	131	131	83	ATG	0.0622343011200428	1	moderate	moderate	0.022	False	user_msa
Drosophila_willistoni_Drosophila_willistoni__LOC6646901__XP_002069647.1	131	131	131	83	ATG	0.0622343011200428	1	moderate	moderate	0.022	False	user_msa
Drosophila_yakuba_Drosophila_yakuba__LOC6537169__XP_002097730.1	131	131	131	83	ATG	0.0622343011200428	1	moderate	moderate	0.022	False	user_msa
Drosophila_ananassae_Drosophila_ananassae__LOC6501076__XP_001954513.1	132	132	132	84	GAG	0.06698623299598694	1	moderate	moderate	0.022	False	user_msa
Drosophila_biarmipes_Drosophila_biarmipes__LOC108026160__XP_016952383.1	132	132	132	84	GAG	0.06698623299598694	1	moderate	moderate	0.022	False	user_msa
Drosophila_mauritiana_Drosophila_mauritiana__LOC117145868__XP_033167581.1	132	132	132	84	GAG	0.06698623299598694	1	moderate	moderate	0.022	False	user_msa
Drosophila_melanogaster_Drosophila_melanogaster__Act88F__NP_524367.1	132	132	132	84	GAG	0.06698623299598694	1	moderate	moderate	0.022	False	user_msa
Drosophila_pseudoobscura_Drosophila_pseudoobscura__Act88F__XP_002137155.1	132	132	132	84	GAG	0.06698623299598694	1	moderate	moderate	0.022	False	user_msa
Drosophila_sechellia_Drosophila_sechellia__Act88F__XP_002031056.2	132	132	132	84	GAG	0.06698623299598694	1	moderate	moderate	0.022	False	user_msa
Drosophila_simulans_Drosophila_simulans__LOC6727955__XP_016034553.1	132	132	132	84	GAG	0.06698623299598694	1	moderate	moderate	0.022	False	user_msa
Drosophila_subobscura_Drosophila_subobscura__LOC117898432__XP_034663715.1	132	132	132	84	GAG	0.06698623299598694	1	moderate	moderate	0.022	False	user_msa
Drosophila_suzukii_Drosophila_suzukii__Act88F__XP_016925443.1	132	132	132	84	GAG	0.06698623299598694	1	moderate	moderate	0.022	False	user_msa
Drosophila_virilis_Drosophila_virilis__Act88F__XP_002054294.1	132	132	132	84	GAG	0.06698623299598694	1	moderate	moderate	0.022	False	user_msa
Drosophila_willistoni_Drosophila_willistoni__LOC6646901__XP_002069647.1	132	132	132	84	GAG	0.06698623299598694	1	moderate	moderate	0.022	False	user_msa
Drosophila_yakuba_Drosophila_yakuba__LOC6537169__XP_002097730.1	132	132	132	84	GAG	0.06698623299598694	1	moderate	moderate	0.022	False	user_msa
Drosophila_ananassae_Drosophila_ananassae__LOC6501076__XP_001954513.1	133	133	133	85	AAG	0.06990654766559601	1	moderate	moderate	0.022	False	user_msa
Drosophila_biarmipes_Drosophila_biarmipes__LOC108026160__XP_016952383.1	133	133	133	85	AAG	0.06990654766559601	1	moderate	moderate	0.022	False	user_msa
Drosophila_mauritiana_Drosophila_mauritiana__LOC117145868__XP_033167581.1	133	133	133	85	AAG	0.06990654766559601	1	moderate	moderate	0.022	False	user_msa
Drosophila_melanogaster_Drosophila_melanogaster__Act88F__NP_524367.1	133	133	133	85	AAG	0.06990654766559601	1	moderate	moderate	0.022	False	user_msa
Drosophila_pseudoobscura_Drosophila_pseudoobscura__Act88F__XP_002137155.1	133	133	133	85	AAG	0.06990654766559601	1	moderate	moderate	0.022	False	user_msa
Drosophila_sechellia_Drosophila_sechellia__Act88F__XP_002031056.2	133	133	133	85	AAG	0.06990654766559601	1	moderate	moderate	0.022	False	user_msa
Drosophila_simulans_Drosophila_simulans__LOC6727955__XP_016034553.1	133	133	133	85	AAG	0.06990654766559601	1	moderate	moderate	0.022	False	user_msa
Drosophila_subobscura_Drosophila_subobscura__LOC117898432__XP_034663715.1	133	133	133	85	AAG	0.06990654766559601	1	moderate	moderate	0.022	False	user_msa
Drosophila_suzukii_Drosophila_suzukii__Act88F__XP_016925443.1	133	133	133	85	AAG	0.06990654766559601	1	moderate	moderate	0.022	False	user_msa
Drosophila_virilis_Drosophila_virilis__Act88F__XP_002054294.1	133	133	133	85	AAG	0.06990654766559601	1	moderate	moderate	0.022	False	user_msa
Drosophila_willistoni_Drosophila_willistoni__LOC6646901__XP_002069647.1	133	133	133	85	AAA	0.06534260511398315	1	moderate	moderate	0.022	False	user_msa
Drosophila_yakuba_Drosophila_yakuba__LOC6537169__XP_002097730.1	133	133	133	85	AAG	0.06990654766559601	1	moderate	moderate	0.022	False	user_msa
Drosophila_ananassae_Drosophila_ananassae__LOC6501076__XP_001954513.1	134	134	134	86	ATC	0.06205267459154129	1	moderate	moderate	0.022	False	user_msa
Drosophila_biarmipes_Drosophila_biarmipes__LOC108026160__XP_016952383.1	134	134	134	86	ATC	0.06205267459154129	1	moderate	moderate	0.022	False	user_msa
Drosophila_mauritiana_Drosophila_mauritiana__LOC117145868__XP_033167581.1	134	134	134	86	ATC	0.06205267459154129	1	moderate	moderate	0.022	False	user_msa
Drosophila_melanogaster_Drosophila_melanogaster__Act88F__NP_524367.1	134	134	134	86	ATC	0.06205267459154129	1	moderate	moderate	0.022	False	user_msa
Drosophila_pseudoobscura_Drosophila_pseudoobscura__Act88F__XP_002137155.1	134	134	134	86	ATC	0.06205267459154129	1	moderate	moderate	0.022	False	user_msa
Drosophila_sechellia_Drosophila_sechellia__Act88F__XP_002031056.2	134	134	134	86	ATC	0.06205267459154129	1	moderate	moderate	0.022	False	user_msa
Drosophila_simulans_Drosophila_simulans__LOC6727955__XP_016034553.1	134	134	134	86	ATC	0.06205267459154129	1	moderate	moderate	0.022	False	user_msa
Drosophila_subobscura_Drosophila_subobscura__LOC117898432__XP_034663715.1	134	134	134	86	ATC	0.06205267459154129	1	moderate	moderate	0.022	False	user_msa
Drosophila_suzukii_Drosophila_suzukii__Act88F__XP_016925443.1	134	134	134	86	ATC	0.06205267459154129	1	moderate	moderate	0.022	False	user_msa
Drosophila_virilis_Drosophila_virilis__Act88F__XP_002054294.1	134	134	134	86	ATC	0.06205267459154129	1	moderate	moderate	0.022	False	user_msa
Drosophila_willistoni_Drosophila_willistoni__LOC6646901__XP_002069647.1	134	134	134	86	ATC	0.06205267459154129	1	moderate	moderate	0.022	False	user_msa
Drosophila_yakuba_Drosophila_yakuba__LOC6537169__XP_002097730.1	134	134	134	86	ATC	0.06205267459154129	1	moderate	moderate	0.022	False	user_msa
Drosophila_ananassae_Drosophila_ananassae__LOC6501076__XP_001954513.1	135	135	135	87	TGG	0.07414968311786652	1	moderate	moderate	0.022	False	user_msa
Drosophila_biarmipes_Drosophila_biarmipes__LOC108026160__XP_016952383.1	135	135	135	87	TGG	0.07414968311786652	1	moderate	moderate	0.022	False	user_msa
Drosophila_mauritiana_Drosophila_mauritiana__LOC117145868__XP_033167581.1	135	135	135	87	TGG	0.07414968311786652	1	moderate	moderate	0.022	False	user_msa
Drosophila_melanogaster_Drosophila_melanogaster__Act88F__NP_524367.1	135	135	135	87	TGG	0.07414968311786652	1	moderate	moderate	0.022	False	user_msa
Drosophila_pseudoobscura_Drosophila_pseudoobscura__Act88F__XP_002137155.1	135	135	135	87	TGG	0.07414968311786652	1	moderate	moderate	0.022	False	user_msa
Drosophila_sechellia_Drosophila_sechellia__Act88F__XP_002031056.2	135	135	135	87	TGG	0.07414968311786652	1	moderate	moderate	0.022	False	user_msa
Drosophila_simulans_Drosophila_simulans__LOC6727955__XP_016034553.1	135	135	135	87	TGG	0.07414968311786652	1	moderate	moderate	0.022	False	user_msa
Drosophila_subobscura_Drosophila_subobscura__LOC117898432__XP_034663715.1	135	135	135	87	TGG	0.07414968311786652	1	moderate	moderate	0.022	False	user_msa
Drosophila_suzukii_Drosophila_suzukii__Act88F__XP_016925443.1	135	135	135	87	TGG	0.07414968311786652	1	moderate	moderate	0.022	False	user_msa
Drosophila_virilis_Drosophila_virilis__Act88F__XP_002054294.1	135	135	135	87	TGG	0.07414968311786652	1	moderate	moderate	0.022	False	user_msa
Drosophila_willistoni_Drosophila_willistoni__LOC6646901__XP_002069647.1	135	135	135	87	TGG	0.07414968311786652	1	moderate	moderate	0.022	False	user_msa
Drosophila_yakuba_Drosophila_yakuba__LOC6537169__XP_002097730.1	135	135	135	87	TGG	0.07414968311786652	1	moderate	moderate	0.022	False	user_msa
Drosophila_ananassae_Drosophila_ananassae__LOC6501076__XP_001954513.1	136	136	136	88	CAT	0.06331626325845718	1	moderate	moderate	0.022	False	user_msa
Drosophila_biarmipes_Drosophila_biarmipes__LOC108026160__XP_016952383.1	136	136	136	88	CAT	0.06331626325845718	1	moderate	moderate	0.022	False	user_msa
Drosophila_mauritiana_Drosophila_mauritiana__LOC117145868__XP_033167581.1	136	136	136	88	CAT	0.06331626325845718	1	moderate	moderate	0.022	False	user_msa
Drosophila_melanogaster_Drosophila_melanogaster__Act88F__NP_524367.1	136	136	136	88	CAT	0.06331626325845718	1	moderate	moderate	0.022	False	user_msa
Drosophila_pseudoobscura_Drosophila_pseudoobscura__Act88F__XP_002137155.1	136	136	136	88	CAT	0.06331626325845718	1	moderate	moderate	0.022	False	user_msa
Drosophila_sechellia_Drosophila_sechellia__Act88F__XP_002031056.2	136	136	136	88	CAT	0.06331626325845718	1	moderate	moderate	0.022	False	user_msa
Drosophila_simulans_Drosophila_simulans__LOC6727955__XP_016034553.1	136	136	136	88	CAT	0.06331626325845718	1	moderate	moderate	0.022	False	user_msa
Drosophila_subobscura_Drosophila_subobscura__LOC117898432__XP_034663715.1	136	136	136	88	CAT	0.06331626325845718	1	moderate	moderate	0.022	False	user_msa
Drosophila_suzukii_Drosophila_suzukii__Act88F__XP_016925443.1	136	136	136	88	CAT	0.06331626325845718	1	moderate	moderate	0.022	False	user_msa
Drosophila_virilis_Drosophila_virilis__Act88F__XP_002054294.1	136	136	136	88	CAT	0.06331626325845718	1	moderate	moderate	0.022	False	user_msa
Drosophila_willistoni_Drosophila_willistoni__LOC6646901__XP_002069647.1	136	136	136	88	CAT	0.06331626325845718	1	moderate	moderate	0.022	False	user_msa
Drosophila_yakuba_Drosophila_yakuba__LOC6537169__XP_002097730.1	136	136	136	88	CAT	0.06331626325845718	1	moderate	moderate	0.022	False	user_msa
Drosophila_ananassae_Drosophila_ananassae__LOC6501076__XP_001954513.1	137	137	137	89	CAC	0.07071537524461746	1	moderate	moderate	0.022	False	user_msa
Drosophila_biarmipes_Drosophila_biarmipes__LOC108026160__XP_016952383.1	137	137	137	89	CAT	0.07689497619867325	1	moderate	moderate	0.022	False	user_msa
Drosophila_mauritiana_Drosophila_mauritiana__LOC117145868__XP_033167581.1	137	137	137	89	CAC	0.07071537524461746	1	moderate	moderate	0.022	False	user_msa
Drosophila_melanogaster_Drosophila_melanogaster__Act88F__NP_524367.1	137	137	137	89	CAC	0.07071537524461746	1	moderate	moderate	0.022	False	user_msa
Drosophila_pseudoobscura_Drosophila_pseudoobscura__Act88F__XP_002137155.1	137	137	137	89	CAT	0.07689497619867325	1	moderate	moderate	0.022	False	user_msa
Drosophila_sechellia_Drosophila_sechellia__Act88F__XP_002031056.2	137	137	137	89	CAC	0.07071537524461746	1	moderate	moderate	0.022	False	user_msa
Drosophila_simulans_Drosophila_simulans__LOC6727955__XP_016034553.1	137	137	137	89	CAC	0.07071537524461746	1	moderate	moderate	0.022	False	user_msa
Drosophila_subobscura_Drosophila_subobscura__LOC117898432__XP_034663715.1	137	137	137	89	CAC	0.07071537524461746	1	moderate	moderate	0.022	False	user_msa
Drosophila_suzukii_Drosophila_suzukii__Act88F__XP_016925443.1	137	137	137	89	CAT	0.07689497619867325	1	moderate	moderate	0.022	False	user_msa
Drosophila_virilis_Drosophila_virilis__Act88F__XP_002054294.1	137	137	137	89	CAT	0.07689497619867325	1	moderate	moderate	0.022	False	user_msa
Drosophila_willistoni_Drosophila_willistoni__LOC6646901__XP_002069647.1	137	137	137	89	CAT	0.07689497619867325	1	moderate	moderate	0.022	False	user_msa
Drosophila_yakuba_Drosophila_yakuba__LOC6537169__XP_002097730.1	137	137	137	89	CAC	0.07071537524461746	1	moderate	moderate	0.022	False	user_msa
Drosophila_ananassae_Drosophila_ananassae__LOC6501076__XP_001954513.1	138	138	138	90	ACC	0.06045769155025482	1	moderate	moderate	0.022	False	user_msa
Drosophila_biarmipes_Drosophila_biarmipes__LOC108026160__XP_016952383.1	138	138	138	90	ACC	0.06045769155025482	1	moderate	moderate	0.022	False	user_msa
Drosophila_mauritiana_Drosophila_mauritiana__LOC117145868__XP_033167581.1	138	138	138	90	ACC	0.06045769155025482	1	moderate	moderate	0.022	False	user_msa
Drosophila_melanogaster_Drosophila_melanogaster__Act88F__NP_524367.1	138	138	138	90	ACC	0.06045769155025482	1	moderate	moderate	0.022	False	user_msa
Drosophila_pseudoobscura_Drosophila_pseudoobscura__Act88F__XP_002137155.1	138	138	138	90	ACC	0.06045769155025482	1	moderate	moderate	0.022	False	user_msa
Drosophila_sechellia_Drosophila_sechellia__Act88F__XP_002031056.2	138	138	138	90	ACC	0.06045769155025482	1	moderate	moderate	0.022	False	user_msa
Drosophila_simulans_Drosophila_simulans__LOC6727955__XP_016034553.1	138	138	138	90	ACC	0.06045769155025482	1	moderate	moderate	0.022	False	user_msa
Drosophila_subobscura_Drosophila_subobscura__LOC117898432__XP_034663715.1	138	138	138	90	ACC	0.06045769155025482	1	moderate	moderate	0.022	False	user_msa
Drosophila_suzukii_Drosophila_suzukii__Act88F__XP_016925443.1	138	138	138	90	ACC	0.06045769155025482	1	moderate	moderate	0.022	False	user_msa
Drosophila_virilis_Drosophila_virilis__Act88F__XP_002054294.1	138	138	138	90	ACC	0.06045769155025482	1	moderate	moderate	0.022	False	user_msa
Drosophila_willistoni_Drosophila_willistoni__LOC6646901__XP_002069647.1	138	138	138	90	ACC	0.06045769155025482	1	moderate	moderate	0.022	False	user_msa
Drosophila_yakuba_Drosophila_yakuba__LOC6537169__XP_002097730.1	138	138	138	90	ACC	0.06045769155025482	1	moderate	moderate	0.022	False	user_msa
Drosophila_ananassae_Drosophila_ananassae__LOC6501076__XP_001954513.1	139	139	139	91	TTC	0.08787494152784348	1	moderate	moderate	0.022	False	user_msa
Drosophila_biarmipes_Drosophila_biarmipes__LOC108026160__XP_016952383.1	139	139	139	91	TTC	0.08787494152784348	1	moderate	moderate	0.022	False	user_msa
Drosophila_mauritiana_Drosophila_mauritiana__LOC117145868__XP_033167581.1	139	139	139	91	TTC	0.08787494152784348	1	moderate	moderate	0.022	False	user_msa
Drosophila_melanogaster_Drosophila_melanogaster__Act88F__NP_524367.1	139	139	139	91	TTC	0.08787494152784348	1	moderate	moderate	0.022	False	user_msa
Drosophila_pseudoobscura_Drosophila_pseudoobscura__Act88F__XP_002137155.1	139	139	139	91	TTC	0.08787494152784348	1	moderate	moderate	0.022	False	user_msa
Drosophila_sechellia_Drosophila_sechellia__Act88F__XP_002031056.2	139	139	139	91	TTT	0.09600456058979034	1	moderate	moderate	0.022	False	user_msa
Drosophila_simulans_Drosophila_simulans__LOC6727955__XP_016034553.1	139	139	139	91	TTC	0.08787494152784348	1	moderate	moderate	0.022	False	user_msa
Drosophila_subobscura_Drosophila_subobscura__LOC117898432__XP_034663715.1	139	139	139	91	TTC	0.08787494152784348	1	moderate	moderate	0.022	False	user_msa
Drosophila_suzukii_Drosophila_suzukii__Act88F__XP_016925443.1	139	139	139	91	TTC	0.08787494152784348	1	moderate	moderate	0.022	False	user_msa
Drosophila_virilis_Drosophila_virilis__Act88F__XP_002054294.1	139	139	139	91	TTC	0.08787494152784348	1	moderate	moderate	0.022	False	user_msa
Drosophila_willistoni_Drosophila_willistoni__LOC6646901__XP_002069647.1	139	139	139	91	TTC	0.08787494152784348	1	moderate	moderate	0.022	False	user_msa
Drosophila_yakuba_Drosophila_yakuba__LOC6537169__XP_002097730.1	139	139	139	91	TTC	0.08787494152784348	1	moderate	moderate	0.022	False	user_msa
Drosophila_ananassae_Drosophila_ananassae__LOC6501076__XP_001954513.1	140	140	140	92	TAC	0.07141513377428055	1	moderate	moderate	0.022	False	user_msa
Drosophila_biarmipes_Drosophila_biarmipes__LOC108026160__XP_016952383.1	140	140	140	92	TAC	0.07141513377428055	1	moderate	moderate	0.022	False	user_msa
Drosophila_mauritiana_Drosophila_mauritiana__LOC117145868__XP_033167581.1	140	140	140	92	TAC	0.07141513377428055	1	moderate	moderate	0.022	False	user_msa
Drosophila_melanogaster_Drosophila_melanogaster__Act88F__NP_524367.1	140	140	140	92	TAC	0.07141513377428055	1	moderate	moderate	0.022	False	user_msa
Drosophila_pseudoobscura_Drosophila_pseudoobscura__Act88F__XP_002137155.1	140	140	140	92	TAC	0.07141513377428055	1	moderate	moderate	0.022	False	user_msa
Drosophila_sechellia_Drosophila_sechellia__Act88F__XP_002031056.2	140	140	140	92	TAC	0.07141513377428055	1	moderate	moderate	0.022	False	user_msa
Drosophila_simulans_Drosophila_simulans__LOC6727955__XP_016034553.1	140	140	140	92	TAC	0.07141513377428055	1	moderate	moderate	0.022	False	user_msa
Drosophila_subobscura_Drosophila_subobscura__LOC117898432__XP_034663715.1	140	140	140	92	TAC	0.07141513377428055	1	moderate	moderate	0.022	False	user_msa
Drosophila_suzukii_Drosophila_suzukii__Act88F__XP_016925443.1	140	140	140	92	TAC	0.07141513377428055	1	moderate	moderate	0.022	False	user_msa
Drosophila_virilis_Drosophila_virilis__Act88F__XP_002054294.1	140	140	140	92	TAC	0.07141513377428055	1	moderate	moderate	0.022	False	user_msa
Drosophila_willistoni_Drosophila_willistoni__LOC6646901__XP_002069647.1	140	140	140	92	TAC	0.07141513377428055	1	moderate	moderate	0.022	False	user_msa
Drosophila_yakuba_Drosophila_yakuba__LOC6537169__XP_002097730.1	140	140	140	92	TAC	0.07141513377428055	1	moderate	moderate	0.022	False	user_msa
Drosophila_ananassae_Drosophila_ananassae__LOC6501076__XP_001954513.1	141	141	141	93	AAT	0.07248452305793762	1	moderate	moderate	0.022	False	user_msa
Drosophila_biarmipes_Drosophila_biarmipes__LOC108026160__XP_016952383.1	141	141	141	93	AAC	0.06750866025686264	1	moderate	moderate	0.022	False	user_msa
Drosophila_mauritiana_Drosophila_mauritiana__LOC117145868__XP_033167581.1	141	141	141	93	AAC	0.06750866025686264	1	moderate	moderate	0.022	False	user_msa
Drosophila_melanogaster_Drosophila_melanogaster__Act88F__NP_524367.1	141	141	141	93	AAC	0.06750866025686264	1	moderate	moderate	0.022	False	user_msa
Drosophila_pseudoobscura_Drosophila_pseudoobscura__Act88F__XP_002137155.1	141	141	141	93	AAT	0.07248452305793762	1	moderate	moderate	0.022	False	user_msa
Drosophila_sechellia_Drosophila_sechellia__Act88F__XP_002031056.2	141	141	141	93	AAC	0.06750866025686264	1	moderate	moderate	0.022	False	user_msa
Drosophila_simulans_Drosophila_simulans__LOC6727955__XP_016034553.1	141	141	141	93	AAC	0.06750866025686264	1	moderate	moderate	0.022	False	user_msa
Drosophila_subobscura_Drosophila_subobscura__LOC117898432__XP_034663715.1	141	141	141	93	AAC	0.06750866025686264	1	moderate	moderate	0.022	False	user_msa
Drosophila_suzukii_Drosophila_suzukii__Act88F__XP_016925443.1	141	141	141	93	AAC	0.06750866025686264	1	moderate	moderate	0.022	False	user_msa
Drosophila_virilis_Drosophila_virilis__Act88F__XP_002054294.1	141	141	141	93	AAT	0.07248452305793762	1	moderate	moderate	0.022	False	user_msa
Drosophila_willistoni_Drosophila_willistoni__LOC6646901__XP_002069647.1	141	141	141	93	AAT	0.07248452305793762	1	moderate	moderate	0.022	False	user_msa
Drosophila_yakuba_Drosophila_yakuba__LOC6537169__XP_002097730.1	141	141	141	93	AAC	0.06750866025686264	1	moderate	moderate	0.022	False	user_msa
Drosophila_ananassae_Drosophila_ananassae__LOC6501076__XP_001954513.1	142	142	142	94	GAG	0.06703373789787292	1	moderate	moderate	0.022	False	user_msa
Drosophila_biarmipes_Drosophila_biarmipes__LOC108026160__XP_016952383.1	142	142	142	94	GAG	0.06703373789787292	1	moderate	moderate	0.022	False	user_msa
Drosophila_mauritiana_Drosophila_mauritiana__LOC117145868__XP_033167581.1	142	142	142	94	GAG	0.06703373789787292	1	moderate	moderate	0.022	False	user_msa
Drosophila_melanogaster_Drosophila_melanogaster__Act88F__NP_524367.1	142	142	142	94	GAG	0.06703373789787292	1	moderate	moderate	0.022	False	user_msa
Drosophila_pseudoobscura_Drosophila_pseudoobscura__Act88F__XP_002137155.1	142	142	142	94	GAG	0.06703373789787292	1	moderate	moderate	0.022	False	user_msa
Drosophila_sechellia_Drosophila_sechellia__Act88F__XP_002031056.2	142	142	142	94	GAG	0.06703373789787292	1	moderate	moderate	0.022	False	user_msa
Drosophila_simulans_Drosophila_simulans__LOC6727955__XP_016034553.1	142	142	142	94	GAG	0.06703373789787292	1	moderate	moderate	0.022	False	user_msa
Drosophila_subobscura_Drosophila_subobscura__LOC117898432__XP_034663715.1	142	142	142	94	GAG	0.06703373789787292	1	moderate	moderate	0.022	False	user_msa
Drosophila_suzukii_Drosophila_suzukii__Act88F__XP_016925443.1	142	142	142	94	GAG	0.06703373789787292	1	moderate	moderate	0.022	False	user_msa
Drosophila_virilis_Drosophila_virilis__Act88F__XP_002054294.1	142	142	142	94	GAG	0.06703373789787292	1	moderate	moderate	0.022	False	user_msa
Drosophila_willistoni_Drosophila_willistoni__LOC6646901__XP_002069647.1	142	142	142	94	GAG	0.06703373789787292	1	moderate	moderate	0.022	False	user_msa
Drosophila_yakuba_Drosophila_yakuba__LOC6537169__XP_002097730.1	142	142	142	94	GAG	0.06703373789787292	1	moderate	moderate	0.022	False	user_msa
Drosophila_ananassae_Drosophila_ananassae__LOC6501076__XP_001954513.1	143	143	143	95	CTG	0.04467463865876198	1	moderate	moderate	0.022	False	user_msa
Drosophila_biarmipes_Drosophila_biarmipes__LOC108026160__XP_016952383.1	143	143	143	95	CTG	0.04467463865876198	1	moderate	moderate	0.022	False	user_msa
Drosophila_mauritiana_Drosophila_mauritiana__LOC117145868__XP_033167581.1	143	143	143	95	CTG	0.04467463865876198	1	moderate	moderate	0.022	False	user_msa
Drosophila_melanogaster_Drosophila_melanogaster__Act88F__NP_524367.1	143	143	143	95	CTG	0.04467463865876198	1	moderate	moderate	0.022	False	user_msa
Drosophila_pseudoobscura_Drosophila_pseudoobscura__Act88F__XP_002137155.1	143	143	143	95	TTG	0.12026935070753098	1	moderate	moderate	0.022	False	user_msa
Drosophila_sechellia_Drosophila_sechellia__Act88F__XP_002031056.2	143	143	143	95	CTG	0.04467463865876198	1	moderate	moderate	0.022	False	user_msa
Drosophila_simulans_Drosophila_simulans__LOC6727955__XP_016034553.1	143	143	143	95	CTG	0.04467463865876198	1	moderate	moderate	0.022	False	user_msa
Drosophila_subobscura_Drosophila_subobscura__LOC117898432__XP_034663715.1	143	143	143	95	TTG	0.12026935070753098	1	moderate	moderate	0.022	False	user_msa
Drosophila_suzukii_Drosophila_suzukii__Act88F__XP_016925443.1	143	143	143	95	CTG	0.04467463865876198	1	moderate	moderate	0.022	False	user_msa
Drosophila_virilis_Drosophila_virilis__Act88F__XP_002054294.1	143	143	143	95	TTG	0.12026935070753098	1	moderate	moderate	0.022	False	user_msa
Drosophila_willistoni_Drosophila_willistoni__LOC6646901__XP_002069647.1	143	143	143	95	TTG	0.12026935070753098	1	moderate	moderate	0.022	False	user_msa
Drosophila_yakuba_Drosophila_yakuba__LOC6537169__XP_002097730.1	143	143	143	95	CTG	0.04467463865876198	1	moderate	moderate	0.022	False	user_msa
Drosophila_ananassae_Drosophila_ananassae__LOC6501076__XP_001954513.1	144	144	144	96	CGC	0.0732867643237114	1	moderate	moderate	0.022	False	user_msa
Drosophila_biarmipes_Drosophila_biarmipes__LOC108026160__XP_016952383.1	144	144	144	96	CGC	0.0732867643237114	1	moderate	moderate	0.022	False	user_msa
Drosophila_mauritiana_Drosophila_mauritiana__LOC117145868__XP_033167581.1	144	144	144	96	CGC	0.0732867643237114	1	moderate	moderate	0.022	False	user_msa
Drosophila_melanogaster_Drosophila_melanogaster__Act88F__NP_524367.1	144	144	144	96	CGC	0.0732867643237114	1	moderate	moderate	0.022	False	user_msa
Drosophila_pseudoobscura_Drosophila_pseudoobscura__Act88F__XP_002137155.1	144	144	144	96	CGT	0.08018548041582108	1	moderate	moderate	0.022	False	user_msa
Drosophila_sechellia_Drosophila_sechellia__Act88F__XP_002031056.2	144	144	144	96	CGC	0.0732867643237114	1	moderate	moderate	0.022	False	user_msa
Drosophila_simulans_Drosophila_simulans__LOC6727955__XP_016034553.1	144	144	144	96	CGC	0.0732867643237114	1	moderate	moderate	0.022	False	user_msa
Drosophila_subobscura_Drosophila_subobscura__LOC117898432__XP_034663715.1	144	144	144	96	CGT	0.08018548041582108	1	moderate	moderate	0.022	False	user_msa
Drosophila_suzukii_Drosophila_suzukii__Act88F__XP_016925443.1	144	144	144	96	CGC	0.0732867643237114	1	moderate	moderate	0.022	False	user_msa
Drosophila_virilis_Drosophila_virilis__Act88F__XP_002054294.1	144	144	144	96	CGT	0.08018548041582108	1	moderate	moderate	0.022	False	user_msa
Drosophila_willistoni_Drosophila_willistoni__LOC6646901__XP_002069647.1	144	144	144	96	CGT	0.08018548041582108	1	moderate	moderate	0.022	False	user_msa
Drosophila_yakuba_Drosophila_yakuba__LOC6537169__XP_002097730.1	144	144	144	96	CGC	0.0732867643237114	1	moderate	moderate	0.022	False	user_msa
Drosophila_ananassae_Drosophila_ananassae__LOC6501076__XP_001954513.1	145	145	145	97	GTG	0.070541150867939	1	moderate	moderate	0.022	False	user_msa
Drosophila_biarmipes_Drosophila_biarmipes__LOC108026160__XP_016952383.1	145	145	145	97	GTG	0.070541150867939	1	moderate	moderate	0.022	False	user_msa
Drosophila_mauritiana_Drosophila_mauritiana__LOC117145868__XP_033167581.1	145	145	145	97	GTG	0.070541150867939	1	moderate	moderate	0.022	False	user_msa
Drosophila_melanogaster_Drosophila_melanogaster__Act88F__NP_524367.1	145	145	145	97	GTG	0.070541150867939	1	moderate	moderate	0.022	False	user_msa
Drosophila_pseudoobscura_Drosophila_pseudoobscura__Act88F__XP_002137155.1	145	145	145	97	GTG	0.070541150867939	1	moderate	moderate	0.022	False	user_msa
Drosophila_sechellia_Drosophila_sechellia__Act88F__XP_002031056.2	145	145	145	97	GTG	0.070541150867939	1	moderate	moderate	0.022	False	user_msa
Drosophila_simulans_Drosophila_simulans__LOC6727955__XP_016034553.1	145	145	145	97	GTG	0.070541150867939	1	moderate	moderate	0.022	False	user_msa
Drosophila_subobscura_Drosophila_subobscura__LOC117898432__XP_034663715.1	145	145	145	97	GTG	0.070541150867939	1	moderate	moderate	0.022	False	user_msa
Drosophila_suzukii_Drosophila_suzukii__Act88F__XP_016925443.1	145	145	145	97	GTG	0.070541150867939	1	moderate	moderate	0.022	False	user_msa
Drosophila_virilis_Drosophila_virilis__Act88F__XP_002054294.1	145	145	145	97	GTG	0.070541150867939	1	moderate	moderate	0.022	False	user_msa
Drosophila_willistoni_Drosophila_willistoni__LOC6646901__XP_002069647.1	145	145	145	97	GTG	0.070541150867939	1	moderate	moderate	0.022	False	user_msa
Drosophila_yakuba_Drosophila_yakuba__LOC6537169__XP_002097730.1	145	145	145	97	GTG	0.070541150867939	1	moderate	moderate	0.022	False	user_msa
Drosophila_ananassae_Drosophila_ananassae__LOC6501076__XP_001954513.1	146	146	146	98	GCC	0.06791060417890549	1	moderate	moderate	0.022	False	user_msa
Drosophila_biarmipes_Drosophila_biarmipes__LOC108026160__XP_016952383.1	146	146	146	98	GCC	0.06791060417890549	1	moderate	moderate	0.022	False	user_msa
Drosophila_mauritiana_Drosophila_mauritiana__LOC117145868__XP_033167581.1	146	146	146	98	GCC	0.06791060417890549	1	moderate	moderate	0.022	False	user_msa
Drosophila_melanogaster_Drosophila_melanogaster__Act88F__NP_524367.1	146	146	146	98	GCC	0.06791060417890549	1	moderate	moderate	0.022	False	user_msa
Drosophila_pseudoobscura_Drosophila_pseudoobscura__Act88F__XP_002137155.1	146	146	146	98	GCC	0.06791060417890549	1	moderate	moderate	0.022	False	user_msa
Drosophila_sechellia_Drosophila_sechellia__Act88F__XP_002031056.2	146	146	146	98	GCC	0.06791060417890549	1	moderate	moderate	0.022	False	user_msa
Drosophila_simulans_Drosophila_simulans__LOC6727955__XP_016034553.1	146	146	146	98	GCC	0.06791060417890549	1	moderate	moderate	0.022	False	user_msa
Drosophila_subobscura_Drosophila_subobscura__LOC117898432__XP_034663715.1	146	146	146	98	GCC	0.06791060417890549	1	moderate	moderate	0.022	False	user_msa
Drosophila_suzukii_Drosophila_suzukii__Act88F__XP_016925443.1	146	146	146	98	GCC	0.06791060417890549	1	moderate	moderate	0.022	False	user_msa
Drosophila_virilis_Drosophila_virilis__Act88F__XP_002054294.1	146	146	146	98	GCC	0.06791060417890549	1	moderate	moderate	0.022	False	user_msa
Drosophila_willistoni_Drosophila_willistoni__LOC6646901__XP_002069647.1	146	146	146	98	GCC	0.06791060417890549	1	moderate	moderate	0.022	False	user_msa
Drosophila_yakuba_Drosophila_yakuba__LOC6537169__XP_002097730.1	146	146	146	98	GCC	0.06791060417890549	1	moderate	moderate	0.022	False	user_msa
Drosophila_ananassae_Drosophila_ananassae__LOC6501076__XP_001954513.1	147	147	147	99	CCC	0.06382941454648972	1	moderate	moderate	0.022	False	user_msa
Drosophila_biarmipes_Drosophila_biarmipes__LOC108026160__XP_016952383.1	147	147	147	99	CCC	0.06382941454648972	1	moderate	moderate	0.022	False	user_msa
Drosophila_mauritiana_Drosophila_mauritiana__LOC117145868__XP_033167581.1	147	147	147	99	CCC	0.06382941454648972	1	moderate	moderate	0.022	False	user_msa
Drosophila_melanogaster_Drosophila_melanogaster__Act88F__NP_524367.1	147	147	147	99	CCC	0.06382941454648972	1	moderate	moderate	0.022	False	user_msa
Drosophila_pseudoobscura_Drosophila_pseudoobscura__Act88F__XP_002137155.1	147	147	147	99	CCC	0.06382941454648972	1	moderate	moderate	0.022	False	user_msa
Drosophila_sechellia_Drosophila_sechellia__Act88F__XP_002031056.2	147	147	147	99	CCC	0.06382941454648972	1	moderate	moderate	0.022	False	user_msa
Drosophila_simulans_Drosophila_simulans__LOC6727955__XP_016034553.1	147	147	147	99	CCC	0.06382941454648972	1	moderate	moderate	0.022	False	user_msa
Drosophila_subobscura_Drosophila_subobscura__LOC117898432__XP_034663715.1	147	147	147	99	CCC	0.06382941454648972	1	moderate	moderate	0.022	False	user_msa
Drosophila_suzukii_Drosophila_suzukii__Act88F__XP_016925443.1	147	147	147	99	CCC	0.06382941454648972	1	moderate	moderate	0.022	False	user_msa
Drosophila_virilis_Drosophila_virilis__Act88F__XP_002054294.1	147	147	147	99	CCC	0.06382941454648972	1	moderate	moderate	0.022	False	user_msa
Drosophila_willistoni_Drosophila_willistoni__LOC6646901__XP_002069647.1	147	147	147	99	CCC	0.06382941454648972	1	moderate	moderate	0.022	False	user_msa
Drosophila_yakuba_Drosophila_yakuba__LOC6537169__XP_002097730.1	147	147	147	99	CCC	0.06382941454648972	1	moderate	moderate	0.022	False	user_msa
Drosophila_ananassae_Drosophila_ananassae__LOC6501076__XP_001954513.1	148	148	148	100	GAG	0.06706223636865616	1	moderate	moderate	0.022	False	user_msa
Drosophila_biarmipes_Drosophila_biarmipes__LOC108026160__XP_016952383.1	148	148	148	100	GAG	0.06706223636865616	1	moderate	moderate	0.022	False	user_msa
Drosophila_mauritiana_Drosophila_mauritiana__LOC117145868__XP_033167581.1	148	148	148	100	GAG	0.06706223636865616	1	moderate	moderate	0.022	False	user_msa
Drosophila_melanogaster_Drosophila_melanogaster__Act88F__NP_524367.1	148	148	148	100	GAG	0.06706223636865616	1	moderate	moderate	0.022	False	user_msa
Drosophila_pseudoobscura_Drosophila_pseudoobscura__Act88F__XP_002137155.1	148	148	148	100	GAG	0.06706223636865616	1	moderate	moderate	0.022	False	user_msa
Drosophila_sechellia_Drosophila_sechellia__Act88F__XP_002031056.2	148	148	148	100	GAG	0.06706223636865616	1	moderate	moderate	0.022	False	user_msa
Drosophila_simulans_Drosophila_simulans__LOC6727955__XP_016034553.1	148	148	148	100	GAG	0.06706223636865616	1	moderate	moderate	0.022	False	user_msa
Drosophila_subobscura_Drosophila_subobscura__LOC117898432__XP_034663715.1	148	148	148	100	GAG	0.06706223636865616	1	moderate	moderate	0.022	False	user_msa
Drosophila_suzukii_Drosophila_suzukii__Act88F__XP_016925443.1	148	148	148	100	GAG	0.06706223636865616	1	moderate	moderate	0.022	False	user_msa
Drosophila_virilis_Drosophila_virilis__Act88F__XP_002054294.1	148	148	148	100	GAG	0.06706223636865616	1	moderate	moderate	0.022	False	user_msa
Drosophila_willistoni_Drosophila_willistoni__LOC6646901__XP_002069647.1	148	148	148	100	GAG	0.06706223636865616	1	moderate	moderate	0.022	False	user_msa
Drosophila_yakuba_Drosophila_yakuba__LOC6537169__XP_002097730.1	148	148	148	100	GAG	0.06706223636865616	1	moderate	moderate	0.022	False	user_msa
Drosophila_ananassae_Drosophila_ananassae__LOC6501076__XP_001954513.1	149	149	149	101	GAG	0.06706704199314117	1	moderate	moderate	0.022	False	user_msa
Drosophila_biarmipes_Drosophila_biarmipes__LOC108026160__XP_016952383.1	149	149	149	101	GAG	0.06706704199314117	1	moderate	moderate	0.022	False	user_msa
Drosophila_mauritiana_Drosophila_mauritiana__LOC117145868__XP_033167581.1	149	149	149	101	GAG	0.06706704199314117	1	moderate	moderate	0.022	False	user_msa
Drosophila_melanogaster_Drosophila_melanogaster__Act88F__NP_524367.1	149	149	149	101	GAG	0.06706704199314117	1	moderate	moderate	0.022	False	user_msa
Drosophila_pseudoobscura_Drosophila_pseudoobscura__Act88F__XP_002137155.1	149	149	149	101	GAG	0.06706704199314117	1	moderate	moderate	0.022	False	user_msa
Drosophila_sechellia_Drosophila_sechellia__Act88F__XP_002031056.2	149	149	149	101	GAG	0.06706704199314117	1	moderate	moderate	0.022	False	user_msa
Drosophila_simulans_Drosophila_simulans__LOC6727955__XP_016034553.1	149	149	149	101	GAG	0.06706704199314117	1	moderate	moderate	0.022	False	user_msa
Drosophila_subobscura_Drosophila_subobscura__LOC117898432__XP_034663715.1	149	149	149	101	GAG	0.06706704199314117	1	moderate	moderate	0.022	False	user_msa
Drosophila_suzukii_Drosophila_suzukii__Act88F__XP_016925443.1	149	149	149	101	GAG	0.06706704199314117	1	moderate	moderate	0.022	False	user_msa
Drosophila_virilis_Drosophila_virilis__Act88F__XP_002054294.1	149	149	149	101	GAG	0.06706704199314117	1	moderate	moderate	0.022	False	user_msa
Drosophila_willistoni_Drosophila_willistoni__LOC6646901__XP_002069647.1	149	149	149	101	GAG	0.06706704199314117	1	moderate	moderate	0.022	False	user_msa
Drosophila_yakuba_Drosophila_yakuba__LOC6537169__XP_002097730.1	149	149	149	101	GAG	0.06706704199314117	1	moderate	moderate	0.022	False	user_msa
Drosophila_ananassae_Drosophila_ananassae__LOC6501076__XP_001954513.1	150	150	150	102	CAT	0.063432976603508	1	moderate	moderate	0.022	False	user_msa
Drosophila_biarmipes_Drosophila_biarmipes__LOC108026160__XP_016952383.1	150	150	150	102	CAT	0.063432976603508	1	moderate	moderate	0.022	False	user_msa
Drosophila_mauritiana_Drosophila_mauritiana__LOC117145868__XP_033167581.1	150	150	150	102	CAT	0.063432976603508	1	moderate	moderate	0.022	False	user_msa
Drosophila_melanogaster_Drosophila_melanogaster__Act88F__NP_524367.1	150	150	150	102	CAT	0.063432976603508	1	moderate	moderate	0.022	False	user_msa
Drosophila_pseudoobscura_Drosophila_pseudoobscura__Act88F__XP_002137155.1	150	150	150	102	CAT	0.063432976603508	1	moderate	moderate	0.022	False	user_msa
Drosophila_sechellia_Drosophila_sechellia__Act88F__XP_002031056.2	150	150	150	102	CAT	0.063432976603508	1	moderate	moderate	0.022	False	user_msa
Drosophila_simulans_Drosophila_simulans__LOC6727955__XP_016034553.1	150	150	150	102	CAT	0.063432976603508	1	moderate	moderate	0.022	False	user_msa
Drosophila_subobscura_Drosophila_subobscura__LOC117898432__XP_034663715.1	150	150	150	102	CAT	0.063432976603508	1	moderate	moderate	0.022	False	user_msa
Drosophila_suzukii_Drosophila_suzukii__Act88F__XP_016925443.1	150	150	150	102	CAT	0.063432976603508	1	moderate	moderate	0.022	False	user_msa
Drosophila_virilis_Drosophila_virilis__Act88F__XP_002054294.1	150	150	150	102	CAT	0.063432976603508	1	moderate	moderate	0.022	False	user_msa
Drosophila_willistoni_Drosophila_willistoni__LOC6646901__XP_002069647.1	150	150	150	102	CAT	0.063432976603508	1	moderate	moderate	0.022	False	user_msa
Drosophila_yakuba_Drosophila_yakuba__LOC6537169__XP_002097730.1	150	150	150	102	CAT	0.063432976603508	1	moderate	moderate	0.022	False	user_msa
Drosophila_ananassae_Drosophila_ananassae__LOC6501076__XP_001954513.1	151	151	151	103	CCA	0.0636519119143486	1	moderate	moderate	0.022	False	user_msa
Drosophila_biarmipes_Drosophila_biarmipes__LOC108026160__XP_016952383.1	151	151	151	103	CCA	0.0636519119143486	1	moderate	moderate	0.022	False	user_msa
Drosophila_mauritiana_Drosophila_mauritiana__LOC117145868__XP_033167581.1	151	151	151	103	CCA	0.0636519119143486	1	moderate	moderate	0.022	False	user_msa
Drosophila_melanogaster_Drosophila_melanogaster__Act88F__NP_524367.1	151	151	151	103	CCA	0.0636519119143486	1	moderate	moderate	0.022	False	user_msa
Drosophila_pseudoobscura_Drosophila_pseudoobscura__Act88F__XP_002137155.1	151	151	151	103	CCA	0.0636519119143486	1	moderate	moderate	0.022	False	user_msa
Drosophila_sechellia_Drosophila_sechellia__Act88F__XP_002031056.2	151	151	151	103	CCA	0.0636519119143486	1	moderate	moderate	0.022	False	user_msa
Drosophila_simulans_Drosophila_simulans__LOC6727955__XP_016034553.1	151	151	151	103	CCA	0.0636519119143486	1	moderate	moderate	0.022	False	user_msa
Drosophila_subobscura_Drosophila_subobscura__LOC117898432__XP_034663715.1	151	151	151	103	CCA	0.0636519119143486	1	moderate	moderate	0.022	False	user_msa
Drosophila_suzukii_Drosophila_suzukii__Act88F__XP_016925443.1	151	151	151	103	CCA	0.0636519119143486	1	moderate	moderate	0.022	False	user_msa
Drosophila_virilis_Drosophila_virilis__Act88F__XP_002054294.1	151	151	151	103	CCA	0.0636519119143486	1	moderate	moderate	0.022	False	user_msa
Drosophila_willistoni_Drosophila_willistoni__LOC6646901__XP_002069647.1	151	151	151	103	CCA	0.0636519119143486	1	moderate	moderate	0.022	False	user_msa
Drosophila_yakuba_Drosophila_yakuba__LOC6537169__XP_002097730.1	151	151	151	103	CCA	0.0636519119143486	1	moderate	moderate	0.022	False	user_msa
Drosophila_ananassae_Drosophila_ananassae__LOC6501076__XP_001954513.1	152	152	152	104	GTA	0.06998211145401001	1	moderate	moderate	0.022	False	user_msa
Drosophila_biarmipes_Drosophila_biarmipes__LOC108026160__XP_016952383.1	152	152	152	104	GTA	0.06998211145401001	1	moderate	moderate	0.022	False	user_msa
Drosophila_mauritiana_Drosophila_mauritiana__LOC117145868__XP_033167581.1	152	152	152	104	GTA	0.06998211145401001	1	moderate	moderate	0.022	False	user_msa
Drosophila_melanogaster_Drosophila_melanogaster__Act88F__NP_524367.1	152	152	152	104	GTA	0.06998211145401001	1	moderate	moderate	0.022	False	user_msa
Drosophila_pseudoobscura_Drosophila_pseudoobscura__Act88F__XP_002137155.1	152	152	152	104	GTA	0.06998211145401001	1	moderate	moderate	0.022	False	user_msa
Drosophila_sechellia_Drosophila_sechellia__Act88F__XP_002031056.2	152	152	152	104	GTA	0.06998211145401001	1	moderate	moderate	0.022	False	user_msa
Drosophila_simulans_Drosophila_simulans__LOC6727955__XP_016034553.1	152	152	152	104	GTA	0.06998211145401001	1	moderate	moderate	0.022	False	user_msa
Drosophila_subobscura_Drosophila_subobscura__LOC117898432__XP_034663715.1	152	152	152	104	GTA	0.06998211145401001	1	moderate	moderate	0.022	False	user_msa
Drosophila_suzukii_Drosophila_suzukii__Act88F__XP_016925443.1	152	152	152	104	GTA	0.06998211145401001	1	moderate	moderate	0.022	False	user_msa
Drosophila_virilis_Drosophila_virilis__Act88F__XP_002054294.1	152	152	152	104	GTA	0.06998211145401001	1	moderate	moderate	0.022	False	user_msa
Drosophila_willistoni_Drosophila_willistoni__LOC6646901__XP_002069647.1	152	152	152	104	GTA	0.06998211145401001	1	moderate	moderate	0.022	False	user_msa
Drosophila_yakuba_Drosophila_yakuba__LOC6537169__XP_002097730.1	152	152	152	104	GTA	0.06998211145401001	1	moderate	moderate	0.022	False	user_msa
Drosophila_ananassae_Drosophila_ananassae__LOC6501076__XP_001954513.1	153	153	153	105	TTA	0.07487091422080994	1	moderate	moderate	0.022	False	user_msa
Drosophila_biarmipes_Drosophila_biarmipes__LOC108026160__XP_016952383.1	153	153	153	105	TTA	0.07487091422080994	1	moderate	moderate	0.022	False	user_msa
Drosophila_mauritiana_Drosophila_mauritiana__LOC117145868__XP_033167581.1	153	153	153	105	TTA	0.07487091422080994	1	moderate	moderate	0.022	False	user_msa
Drosophila_melanogaster_Drosophila_melanogaster__Act88F__NP_524367.1	153	153	153	105	TTA	0.07487091422080994	1	moderate	moderate	0.022	False	user_msa
Drosophila_pseudoobscura_Drosophila_pseudoobscura__Act88F__XP_002137155.1	153	153	153	105	TTA	0.07487091422080994	1	moderate	moderate	0.022	False	user_msa
Drosophila_sechellia_Drosophila_sechellia__Act88F__XP_002031056.2	153	153	153	105	TTA	0.07487091422080994	1	moderate	moderate	0.022	False	user_msa
Drosophila_simulans_Drosophila_simulans__LOC6727955__XP_016034553.1	153	153	153	105	TTA	0.07487091422080994	1	moderate	moderate	0.022	False	user_msa
Drosophila_subobscura_Drosophila_subobscura__LOC117898432__XP_034663715.1	153	153	153	105	TTA	0.07487091422080994	1	moderate	moderate	0.022	False	user_msa
Drosophila_suzukii_Drosophila_suzukii__Act88F__XP_016925443.1	153	153	153	105	TTA	0.07487091422080994	1	moderate	moderate	0.022	False	user_msa
Drosophila_virilis_Drosophila_virilis__Act88F__XP_002054294.1	153	153	153	105	TTA	0.07487091422080994	1	moderate	moderate	0.022	False	user_msa
Drosophila_willistoni_Drosophila_willistoni__LOC6646901__XP_002069647.1	153	153	153	105	TTA	0.07487091422080994	1	moderate	moderate	0.022	False	user_msa
Drosophila_yakuba_Drosophila_yakuba__LOC6537169__XP_002097730.1	153	153	153	105	TTA	0.07487091422080994	1	moderate	moderate	0.022	False	user_msa
Drosophila_ananassae_Drosophila_ananassae__LOC6501076__XP_001954513.1	154	154	154	106	TTG	0.0755082443356514	1	moderate	moderate	0.022	False	user_msa
Drosophila_biarmipes_Drosophila_biarmipes__LOC108026160__XP_016952383.1	154	154	154	106	TTG	0.0755082443356514	1	moderate	moderate	0.022	False	user_msa
Drosophila_mauritiana_Drosophila_mauritiana__LOC117145868__XP_033167581.1	154	154	154	106	TTG	0.0755082443356514	1	moderate	moderate	0.022	False	user_msa
Drosophila_melanogaster_Drosophila_melanogaster__Act88F__NP_524367.1	154	154	154	106	TTG	0.0755082443356514	1	moderate	moderate	0.022	False	user_msa
Drosophila_pseudoobscura_Drosophila_pseudoobscura__Act88F__XP_002137155.1	154	154	154	106	TTG	0.0755082443356514	1	moderate	moderate	0.022	False	user_msa
Drosophila_sechellia_Drosophila_sechellia__Act88F__XP_002031056.2	154	154	154	106	TTG	0.0755082443356514	1	moderate	moderate	0.022	False	user_msa
Drosophila_simulans_Drosophila_simulans__LOC6727955__XP_016034553.1	154	154	154	106	TTG	0.0755082443356514	1	moderate	moderate	0.022	False	user_msa
Drosophila_subobscura_Drosophila_subobscura__LOC117898432__XP_034663715.1	154	154	154	106	TTG	0.0755082443356514	1	moderate	moderate	0.022	False	user_msa
Drosophila_suzukii_Drosophila_suzukii__Act88F__XP_016925443.1	154	154	154	106	TTG	0.0755082443356514	1	moderate	moderate	0.022	False	user_msa
Drosophila_virilis_Drosophila_virilis__Act88F__XP_002054294.1	154	154	154	106	TTG	0.0755082443356514	1	moderate	moderate	0.022	False	user_msa
Drosophila_willistoni_Drosophila_willistoni__LOC6646901__XP_002069647.1	154	154	154	106	TTG	0.0755082443356514	1	moderate	moderate	0.022	False	user_msa
Drosophila_yakuba_Drosophila_yakuba__LOC6537169__XP_002097730.1	154	154	154	106	TTG	0.0755082443356514	1	moderate	moderate	0.022	False	user_msa
Drosophila_ananassae_Drosophila_ananassae__LOC6501076__XP_001954513.1	155	155	155	107	ACA	0.06934801489114761	1	moderate	moderate	0.022	False	user_msa
Drosophila_biarmipes_Drosophila_biarmipes__LOC108026160__XP_016952383.1	155	155	155	107	ACC	0.0717962235212326	1	moderate	moderate	0.022	False	user_msa
Drosophila_mauritiana_Drosophila_mauritiana__LOC117145868__XP_033167581.1	155	155	155	107	ACC	0.0717962235212326	1	moderate	moderate	0.022	False	user_msa
Drosophila_melanogaster_Drosophila_melanogaster__Act88F__NP_524367.1	155	155	155	107	ACC	0.0717962235212326	1	moderate	moderate	0.022	False	user_msa
Drosophila_pseudoobscura_Drosophila_pseudoobscura__Act88F__XP_002137155.1	155	155	155	107	ACA	0.06934801489114761	1	moderate	moderate	0.022	False	user_msa
Drosophila_sechellia_Drosophila_sechellia__Act88F__XP_002031056.2	155	155	155	107	ACC	0.0717962235212326	1	moderate	moderate	0.022	False	user_msa
Drosophila_simulans_Drosophila_simulans__LOC6727955__XP_016034553.1	155	155	155	107	ACC	0.0717962235212326	1	moderate	moderate	0.022	False	user_msa
Drosophila_subobscura_Drosophila_subobscura__LOC117898432__XP_034663715.1	155	155	155	107	ACA	0.06934801489114761	1	moderate	moderate	0.022	False	user_msa
Drosophila_suzukii_Drosophila_suzukii__Act88F__XP_016925443.1	155	155	155	107	ACC	0.0717962235212326	1	moderate	moderate	0.022	False	user_msa
Drosophila_virilis_Drosophila_virilis__Act88F__XP_002054294.1	155	155	155	107	ACA	0.06934801489114761	1	moderate	moderate	0.022	False	user_msa
Drosophila_willistoni_Drosophila_willistoni__LOC6646901__XP_002069647.1	155	155	155	107	ACA	0.06934801489114761	1	moderate	moderate	0.022	False	user_msa
Drosophila_yakuba_Drosophila_yakuba__LOC6537169__XP_002097730.1	155	155	155	107	ACC	0.0717962235212326	1	moderate	moderate	0.022	False	user_msa
Drosophila_ananassae_Drosophila_ananassae__LOC6501076__XP_001954513.1	156	156	156	108	GAG	0.07982049137353897	1	moderate	moderate	0.022	False	user_msa
Drosophila_biarmipes_Drosophila_biarmipes__LOC108026160__XP_016952383.1	156	156	156	108	GAG	0.07982049137353897	1	moderate	moderate	0.022	False	user_msa
Drosophila_mauritiana_Drosophila_mauritiana__LOC117145868__XP_033167581.1	156	156	156	108	GAG	0.07982049137353897	1	moderate	moderate	0.022	False	user_msa
Drosophila_melanogaster_Drosophila_melanogaster__Act88F__NP_524367.1	156	156	156	108	GAG	0.07982049137353897	1	moderate	moderate	0.022	False	user_msa
Drosophila_pseudoobscura_Drosophila_pseudoobscura__Act88F__XP_002137155.1	156	156	156	108	GAG	0.07982049137353897	1	moderate	moderate	0.022	False	user_msa
Drosophila_sechellia_Drosophila_sechellia__Act88F__XP_002031056.2	156	156	156	108	GAG	0.07982049137353897	1	moderate	moderate	0.022	False	user_msa
Drosophila_simulans_Drosophila_simulans__LOC6727955__XP_016034553.1	156	156	156	108	GAG	0.07982049137353897	1	moderate	moderate	0.022	False	user_msa
Drosophila_subobscura_Drosophila_subobscura__LOC117898432__XP_034663715.1	156	156	156	108	GAG	0.07982049137353897	1	moderate	moderate	0.022	False	user_msa
Drosophila_suzukii_Drosophila_suzukii__Act88F__XP_016925443.1	156	156	156	108	GAG	0.07982049137353897	1	moderate	moderate	0.022	False	user_msa
Drosophila_virilis_Drosophila_virilis__Act88F__XP_002054294.1	156	156	156	108	GAG	0.07982049137353897	1	moderate	moderate	0.022	False	user_msa
Drosophila_willistoni_Drosophila_willistoni__LOC6646901__XP_002069647.1	156	156	156	108	GAA	0.07295072823762894	1	moderate	moderate	0.022	False	user_msa
Drosophila_yakuba_Drosophila_yakuba__LOC6537169__XP_002097730.1	156	156	156	108	GAG	0.07982049137353897	1	moderate	moderate	0.022	False	user_msa
Drosophila_ananassae_Drosophila_ananassae__LOC6501076__XP_001954513.1	157	157	157	109	GCC	0.09633512049913406	1	moderate	moderate	0.022	False	user_msa
Drosophila_biarmipes_Drosophila_biarmipes__LOC108026160__XP_016952383.1	157	157	157	109	GCC	0.09633512049913406	1	moderate	moderate	0.022	False	user_msa
Drosophila_mauritiana_Drosophila_mauritiana__LOC117145868__XP_033167581.1	157	157	157	109	GCA	0.09217660129070282	1	moderate	moderate	0.022	False	user_msa
Drosophila_melanogaster_Drosophila_melanogaster__Act88F__NP_524367.1	157	157	157	109	GCT	0.10515723377466202	1	moderate	moderate	0.022	False	user_msa
Drosophila_pseudoobscura_Drosophila_pseudoobscura__Act88F__XP_002137155.1	157	157	157	109	GCC	0.09633512049913406	1	moderate	moderate	0.022	False	user_msa
Drosophila_sechellia_Drosophila_sechellia__Act88F__XP_002031056.2	157	157	157	109	GCA	0.09217660129070282	1	moderate	moderate	0.022	False	user_msa
Drosophila_simulans_Drosophila_simulans__LOC6727955__XP_016034553.1	157	157	157	109	GCA	0.09217660129070282	1	moderate	moderate	0.022	False	user_msa
Drosophila_subobscura_Drosophila_subobscura__LOC117898432__XP_034663715.1	157	157	157	109	GCA	0.09217660129070282	1	moderate	moderate	0.022	False	user_msa
Drosophila_suzukii_Drosophila_suzukii__Act88F__XP_016925443.1	157	157	157	109	GCC	0.09633512049913406	1	moderate	moderate	0.022	False	user_msa
Drosophila_virilis_Drosophila_virilis__Act88F__XP_002054294.1	157	157	157	109	GCC	0.09633512049913406	1	moderate	moderate	0.022	False	user_msa
Drosophila_willistoni_Drosophila_willistoni__LOC6646901__XP_002069647.1	157	157	157	109	GCC	0.09633512049913406	1	moderate	moderate	0.022	False	user_msa
Drosophila_yakuba_Drosophila_yakuba__LOC6537169__XP_002097730.1	157	157	157	109	GCC	0.09633512049913406	1	moderate	moderate	0.022	False	user_msa
Drosophila_ananassae_Drosophila_ananassae__LOC6501076__XP_001954513.1	158	158	158	110	CCC	0.09078313410282135	1	moderate	moderate	0.022	False	user_msa
Drosophila_biarmipes_Drosophila_biarmipes__LOC108026160__XP_016952383.1	158	158	158	110	CCG	0.09488536417484283	1	moderate	moderate	0.022	False	user_msa
Drosophila_mauritiana_Drosophila_mauritiana__LOC117145868__XP_033167581.1	158	158	158	110	CCC	0.09078313410282135	1	moderate	moderate	0.022	False	user_msa
Drosophila_melanogaster_Drosophila_melanogaster__Act88F__NP_524367.1	158	158	158	110	CCA	0.08684128522872925	1	moderate	moderate	0.022	False	user_msa
Drosophila_pseudoobscura_Drosophila_pseudoobscura__Act88F__XP_002137155.1	158	158	158	110	CCC	0.09078313410282135	1	moderate	moderate	0.022	False	user_msa
Drosophila_sechellia_Drosophila_sechellia__Act88F__XP_002031056.2	158	158	158	110	CCC	0.09078313410282135	1	moderate	moderate	0.022	False	user_msa
Drosophila_simulans_Drosophila_simulans__LOC6727955__XP_016034553.1	158	158	158	110	CCC	0.09078313410282135	1	moderate	moderate	0.022	False	user_msa
Drosophila_subobscura_Drosophila_subobscura__LOC117898432__XP_034663715.1	158	158	158	110	CCC	0.09078313410282135	1	moderate	moderate	0.022	False	user_msa
Drosophila_suzukii_Drosophila_suzukii__Act88F__XP_016925443.1	158	158	158	110	CCG	0.09488536417484283	1	moderate	moderate	0.022	False	user_msa
Drosophila_virilis_Drosophila_virilis__Act88F__XP_002054294.1	158	158	158	110	CCA	0.08684128522872925	1	moderate	moderate	0.022	False	user_msa
Drosophila_willistoni_Drosophila_willistoni__LOC6646901__XP_002069647.1	158	158	158	110	CCA	0.08684128522872925	1	moderate	moderate	0.022	False	user_msa
Drosophila_yakuba_Drosophila_yakuba__LOC6537169__XP_002097730.1	158	158	158	110	CCC	0.09078313410282135	1	moderate	moderate	0.022	False	user_msa
Drosophila_ananassae_Drosophila_ananassae__LOC6501076__XP_001954513.1	159	159	159	111	CTG	0.09462960809469223	1	moderate	moderate	0.022	False	user_msa
Drosophila_biarmipes_Drosophila_biarmipes__LOC108026160__XP_016952383.1	159	159	159	111	CTG	0.09462960809469223	1	moderate	moderate	0.022	False	user_msa
Drosophila_mauritiana_Drosophila_mauritiana__LOC117145868__XP_033167581.1	159	159	159	111	CTG	0.09462960809469223	1	moderate	moderate	0.022	False	user_msa
Drosophila_melanogaster_Drosophila_melanogaster__Act88F__NP_524367.1	159	159	159	111	CTG	0.09462960809469223	1	moderate	moderate	0.022	False	user_msa
Drosophila_pseudoobscura_Drosophila_pseudoobscura__Act88F__XP_002137155.1	159	159	159	111	CTT	0.09888667613267899	1	moderate	moderate	0.022	False	user_msa
Drosophila_sechellia_Drosophila_sechellia__Act88F__XP_002031056.2	159	159	159	111	CTG	0.09462960809469223	1	moderate	moderate	0.022	False	user_msa
Drosophila_simulans_Drosophila_simulans__LOC6727955__XP_016034553.1	159	159	159	111	CTG	0.09462960809469223	1	moderate	moderate	0.022	False	user_msa
Drosophila_subobscura_Drosophila_subobscura__LOC117898432__XP_034663715.1	159	159	159	111	CTC	0.09053732454776764	1	moderate	moderate	0.022	False	user_msa
Drosophila_suzukii_Drosophila_suzukii__Act88F__XP_016925443.1	159	159	159	111	CTG	0.09462960809469223	1	moderate	moderate	0.022	False	user_msa
Drosophila_virilis_Drosophila_virilis__Act88F__XP_002054294.1	159	159	159	111	CTC	0.09053732454776764	1	moderate	moderate	0.022	False	user_msa
Drosophila_willistoni_Drosophila_willistoni__LOC6646901__XP_002069647.1	159	159	159	111	CTG	0.09462960809469223	1	moderate	moderate	0.022	False	user_msa
Drosophila_yakuba_Drosophila_yakuba__LOC6537169__XP_002097730.1	159	159	159	111	CTG	0.09462960809469223	1	moderate	moderate	0.022	False	user_msa
Drosophila_ananassae_Drosophila_ananassae__LOC6501076__XP_001954513.1	160	160	160	112	AAC	0.06917266547679901	1	moderate	moderate	0.022	False	user_msa
Drosophila_biarmipes_Drosophila_biarmipes__LOC108026160__XP_016952383.1	160	160	160	112	AAC	0.06917266547679901	1	moderate	moderate	0.022	False	user_msa
Drosophila_mauritiana_Drosophila_mauritiana__LOC117145868__XP_033167581.1	160	160	160	112	AAC	0.06917266547679901	1	moderate	moderate	0.022	False	user_msa
Drosophila_melanogaster_Drosophila_melanogaster__Act88F__NP_524367.1	160	160	160	112	AAC	0.06917266547679901	1	moderate	moderate	0.022	False	user_msa
Drosophila_pseudoobscura_Drosophila_pseudoobscura__Act88F__XP_002137155.1	160	160	160	112	AAT	0.07491513341665268	1	moderate	moderate	0.022	False	user_msa
Drosophila_sechellia_Drosophila_sechellia__Act88F__XP_002031056.2	160	160	160	112	AAC	0.06917266547679901	1	moderate	moderate	0.022	False	user_msa
Drosophila_simulans_Drosophila_simulans__LOC6727955__XP_016034553.1	160	160	160	112	AAC	0.06917266547679901	1	moderate	moderate	0.022	False	user_msa
Drosophila_subobscura_Drosophila_subobscura__LOC117898432__XP_034663715.1	160	160	160	112	AAC	0.06917266547679901	1	moderate	moderate	0.022	False	user_msa
Drosophila_suzukii_Drosophila_suzukii__Act88F__XP_016925443.1	160	160	160	112	AAC	0.06917266547679901	1	moderate	moderate	0.022	False	user_msa
Drosophila_virilis_Drosophila_virilis__Act88F__XP_002054294.1	160	160	160	112	AAC	0.06917266547679901	1	moderate	moderate	0.022	False	user_msa
Drosophila_willistoni_Drosophila_willistoni__LOC6646901__XP_002069647.1	160	160	160	112	AAC	0.06917266547679901	1	moderate	moderate	0.022	False	user_msa
Drosophila_yakuba_Drosophila_yakuba__LOC6537169__XP_002097730.1	160	160	160	112	AAC	0.06917266547679901	1	moderate	moderate	0.022	False	user_msa
Drosophila_ananassae_Drosophila_ananassae__LOC6501076__XP_001954513.1	161	161	161	113	CCC	0.06394703686237335	1	moderate	moderate	0.022	False	user_msa
Drosophila_biarmipes_Drosophila_biarmipes__LOC108026160__XP_016952383.1	161	161	161	113	CCC	0.06394703686237335	1	moderate	moderate	0.022	False	user_msa
Drosophila_mauritiana_Drosophila_mauritiana__LOC117145868__XP_033167581.1	161	161	161	113	CCC	0.06394703686237335	1	moderate	moderate	0.022	False	user_msa
Drosophila_melanogaster_Drosophila_melanogaster__Act88F__NP_524367.1	161	161	161	113	CCC	0.06394703686237335	1	moderate	moderate	0.022	False	user_msa
Drosophila_pseudoobscura_Drosophila_pseudoobscura__Act88F__XP_002137155.1	161	161	161	113	CCC	0.06394703686237335	1	moderate	moderate	0.022	False	user_msa
Drosophila_sechellia_Drosophila_sechellia__Act88F__XP_002031056.2	161	161	161	113	CCC	0.06394703686237335	1	moderate	moderate	0.022	False	user_msa
Drosophila_simulans_Drosophila_simulans__LOC6727955__XP_016034553.1	161	161	161	113	CCC	0.06394703686237335	1	moderate	moderate	0.022	False	user_msa
Drosophila_subobscura_Drosophila_subobscura__LOC117898432__XP_034663715.1	161	161	161	113	CCC	0.06394703686237335	1	moderate	moderate	0.022	False	user_msa
Drosophila_suzukii_Drosophila_suzukii__Act88F__XP_016925443.1	161	161	161	113	CCC	0.06394703686237335	1	moderate	moderate	0.022	False	user_msa
Drosophila_virilis_Drosophila_virilis__Act88F__XP_002054294.1	161	161	161	113	CCC	0.06394703686237335	1	moderate	moderate	0.022	False	user_msa
Drosophila_willistoni_Drosophila_willistoni__LOC6646901__XP_002069647.1	161	161	161	113	CCC	0.06394703686237335	1	moderate	moderate	0.022	False	user_msa
Drosophila_yakuba_Drosophila_yakuba__LOC6537169__XP_002097730.1	161	161	161	113	CCC	0.06394703686237335	1	moderate	moderate	0.022	False	user_msa
Drosophila_ananassae_Drosophila_ananassae__LOC6501076__XP_001954513.1	162	162	162	114	AAG	0.06004761904478073	1	moderate	moderate	0.022	False	user_msa
Drosophila_biarmipes_Drosophila_biarmipes__LOC108026160__XP_016952383.1	162	162	162	114	AAG	0.06004761904478073	1	moderate	moderate	0.022	False	user_msa
Drosophila_mauritiana_Drosophila_mauritiana__LOC117145868__XP_033167581.1	162	162	162	114	AAG	0.06004761904478073	1	moderate	moderate	0.022	False	user_msa
Drosophila_melanogaster_Drosophila_melanogaster__Act88F__NP_524367.1	162	162	162	114	AAG	0.06004761904478073	1	moderate	moderate	0.022	False	user_msa
Drosophila_pseudoobscura_Drosophila_pseudoobscura__Act88F__XP_002137155.1	162	162	162	114	AAG	0.06004761904478073	1	moderate	moderate	0.022	False	user_msa
Drosophila_sechellia_Drosophila_sechellia__Act88F__XP_002031056.2	162	162	162	114	AAG	0.06004761904478073	1	moderate	moderate	0.022	False	user_msa
Drosophila_simulans_Drosophila_simulans__LOC6727955__XP_016034553.1	162	162	162	114	AAG	0.06004761904478073	1	moderate	moderate	0.022	False	user_msa
Drosophila_subobscura_Drosophila_subobscura__LOC117898432__XP_034663715.1	162	162	162	114	AAG	0.06004761904478073	1	moderate	moderate	0.022	False	user_msa
Drosophila_suzukii_Drosophila_suzukii__Act88F__XP_016925443.1	162	162	162	114	AAG	0.06004761904478073	1	moderate	moderate	0.022	False	user_msa
Drosophila_virilis_Drosophila_virilis__Act88F__XP_002054294.1	162	162	162	114	AAG	0.06004761904478073	1	moderate	moderate	0.022	False	user_msa
Drosophila_willistoni_Drosophila_willistoni__LOC6646901__XP_002069647.1	162	162	162	114	AAG	0.06004761904478073	1	moderate	moderate	0.022	False	user_msa
Drosophila_yakuba_Drosophila_yakuba__LOC6537169__XP_002097730.1	162	162	162	114	AAG	0.06004761904478073	1	moderate	moderate	0.022	False	user_msa
Drosophila_ananassae_Drosophila_ananassae__LOC6501076__XP_001954513.1	163	163	163	115	GCC	0.07964948564767838	1	moderate	moderate	0.022	False	user_msa
Drosophila_biarmipes_Drosophila_biarmipes__LOC108026160__XP_016952383.1	163	163	163	115	GCC	0.07964948564767838	1	moderate	moderate	0.022	False	user_msa
Drosophila_mauritiana_Drosophila_mauritiana__LOC117145868__XP_033167581.1	163	163	163	115	GCC	0.07964948564767838	1	moderate	moderate	0.022	False	user_msa
Drosophila_melanogaster_Drosophila_melanogaster__Act88F__NP_524367.1	163	163	163	115	GCC	0.07964948564767838	1	moderate	moderate	0.022	False	user_msa
Drosophila_pseudoobscura_Drosophila_pseudoobscura__Act88F__XP_002137155.1	163	163	163	115	GCC	0.07964948564767838	1	moderate	moderate	0.022	False	user_msa
Drosophila_sechellia_Drosophila_sechellia__Act88F__XP_002031056.2	163	163	163	115	GCC	0.07964948564767838	1	moderate	moderate	0.022	False	user_msa
Drosophila_simulans_Drosophila_simulans__LOC6727955__XP_016034553.1	163	163	163	115	GCC	0.07964948564767838	1	moderate	moderate	0.022	False	user_msa
Drosophila_subobscura_Drosophila_subobscura__LOC117898432__XP_034663715.1	163	163	163	115	GCC	0.07964948564767838	1	moderate	moderate	0.022	False	user_msa
Drosophila_suzukii_Drosophila_suzukii__Act88F__XP_016925443.1	163	163	163	115	GCC	0.07964948564767838	1	moderate	moderate	0.022	False	user_msa
Drosophila_virilis_Drosophila_virilis__Act88F__XP_002054294.1	163	163	163	115	GCC	0.07964948564767838	1	moderate	moderate	0.022	False	user_msa
Drosophila_willistoni_Drosophila_willistoni__LOC6646901__XP_002069647.1	163	163	163	115	GCT	0.0870908722281456	1	moderate	moderate	0.022	False	user_msa
Drosophila_yakuba_Drosophila_yakuba__LOC6537169__XP_002097730.1	163	163	163	115	GCC	0.07964948564767838	1	moderate	moderate	0.022	False	user_msa
Drosophila_ananassae_Drosophila_ananassae__LOC6501076__XP_001954513.1	164	164	164	116	AAT	0.07042144984006882	1	moderate	moderate	0.022	False	user_msa
Drosophila_biarmipes_Drosophila_biarmipes__LOC108026160__XP_016952383.1	164	164	164	116	AAC	0.06582623720169067	1	moderate	moderate	0.022	False	user_msa
Drosophila_mauritiana_Drosophila_mauritiana__LOC117145868__XP_033167581.1	164	164	164	116	AAT	0.07042144984006882	1	moderate	moderate	0.022	False	user_msa
Drosophila_melanogaster_Drosophila_melanogaster__Act88F__NP_524367.1	164	164	164	116	AAT	0.07042144984006882	1	moderate	moderate	0.022	False	user_msa
Drosophila_pseudoobscura_Drosophila_pseudoobscura__Act88F__XP_002137155.1	164	164	164	116	AAT	0.07042144984006882	1	moderate	moderate	0.022	False	user_msa
Drosophila_sechellia_Drosophila_sechellia__Act88F__XP_002031056.2	164	164	164	116	AAT	0.07042144984006882	1	moderate	moderate	0.022	False	user_msa
Drosophila_simulans_Drosophila_simulans__LOC6727955__XP_016034553.1	164	164	164	116	AAT	0.07042144984006882	1	moderate	moderate	0.022	False	user_msa
Drosophila_subobscura_Drosophila_subobscura__LOC117898432__XP_034663715.1	164	164	164	116	AAT	0.07042144984006882	1	moderate	moderate	0.022	False	user_msa
Drosophila_suzukii_Drosophila_suzukii__Act88F__XP_016925443.1	164	164	164	116	AAT	0.07042144984006882	1	moderate	moderate	0.022	False	user_msa
Drosophila_virilis_Drosophila_virilis__Act88F__XP_002054294.1	164	164	164	116	AAT	0.07042144984006882	1	moderate	moderate	0.022	False	user_msa
Drosophila_willistoni_Drosophila_willistoni__LOC6646901__XP_002069647.1	164	164	164	116	AAT	0.07042144984006882	1	moderate	moderate	0.022	False	user_msa
Drosophila_yakuba_Drosophila_yakuba__LOC6537169__XP_002097730.1	164	164	164	116	AAT	0.07042144984006882	1	moderate	moderate	0.022	False	user_msa
Drosophila_ananassae_Drosophila_ananassae__LOC6501076__XP_001954513.1	165	165	165	117	CGC	0.07575272023677826	1	moderate	moderate	0.022	False	user_msa
Drosophila_biarmipes_Drosophila_biarmipes__LOC108026160__XP_016952383.1	165	165	165	117	CGT	0.08286269009113312	1	moderate	moderate	0.022	False	user_msa
Drosophila_mauritiana_Drosophila_mauritiana__LOC117145868__XP_033167581.1	165	165	165	117	CGC	0.07575272023677826	1	moderate	moderate	0.022	False	user_msa
Drosophila_melanogaster_Drosophila_melanogaster__Act88F__NP_524367.1	165	165	165	117	CGC	0.07575272023677826	1	moderate	moderate	0.022	False	user_msa
Drosophila_pseudoobscura_Drosophila_pseudoobscura__Act88F__XP_002137155.1	165	165	165	117	CGC	0.07575272023677826	1	moderate	moderate	0.022	False	user_msa
Drosophila_sechellia_Drosophila_sechellia__Act88F__XP_002031056.2	165	165	165	117	CGC	0.07575272023677826	1	moderate	moderate	0.022	False	user_msa
Drosophila_simulans_Drosophila_simulans__LOC6727955__XP_016034553.1	165	165	165	117	CGC	0.07575272023677826	1	moderate	moderate	0.022	False	user_msa
Drosophila_subobscura_Drosophila_subobscura__LOC117898432__XP_034663715.1	165	165	165	117	CGC	0.07575272023677826	1	moderate	moderate	0.022	False	user_msa
Drosophila_suzukii_Drosophila_suzukii__Act88F__XP_016925443.1	165	165	165	117	CGC	0.07575272023677826	1	moderate	moderate	0.022	False	user_msa
Drosophila_virilis_Drosophila_virilis__Act88F__XP_002054294.1	165	165	165	117	CGC	0.07575272023677826	1	moderate	moderate	0.022	False	user_msa
Drosophila_willistoni_Drosophila_willistoni__LOC6646901__XP_002069647.1	165	165	165	117	CGC	0.07575272023677826	1	moderate	moderate	0.022	False	user_msa
Drosophila_yakuba_Drosophila_yakuba__LOC6537169__XP_002097730.1	165	165	165	117	CGC	0.07575272023677826	1	moderate	moderate	0.022	False	user_msa
Drosophila_ananassae_Drosophila_ananassae__LOC6501076__XP_001954513.1	166	166	166	118	GAG	0.06714791059494019	1	moderate	moderate	0.022	False	user_msa
Drosophila_biarmipes_Drosophila_biarmipes__LOC108026160__XP_016952383.1	166	166	166	118	GAG	0.06714791059494019	1	moderate	moderate	0.022	False	user_msa
Drosophila_mauritiana_Drosophila_mauritiana__LOC117145868__XP_033167581.1	166	166	166	118	GAG	0.06714791059494019	1	moderate	moderate	0.022	False	user_msa
Drosophila_melanogaster_Drosophila_melanogaster__Act88F__NP_524367.1	166	166	166	118	GAG	0.06714791059494019	1	moderate	moderate	0.022	False	user_msa
Drosophila_pseudoobscura_Drosophila_pseudoobscura__Act88F__XP_002137155.1	166	166	166	118	GAG	0.06714791059494019	1	moderate	moderate	0.022	False	user_msa
Drosophila_sechellia_Drosophila_sechellia__Act88F__XP_002031056.2	166	166	166	118	GAG	0.06714791059494019	1	moderate	moderate	0.022	False	user_msa
Drosophila_simulans_Drosophila_simulans__LOC6727955__XP_016034553.1	166	166	166	118	GAG	0.06714791059494019	1	moderate	moderate	0.022	False	user_msa
Drosophila_subobscura_Drosophila_subobscura__LOC117898432__XP_034663715.1	166	166	166	118	GAG	0.06714791059494019	1	moderate	moderate	0.022	False	user_msa
Drosophila_suzukii_Drosophila_suzukii__Act88F__XP_016925443.1	166	166	166	118	GAG	0.06714791059494019	1	moderate	moderate	0.022	False	user_msa
Drosophila_virilis_Drosophila_virilis__Act88F__XP_002054294.1	166	166	166	118	GAG	0.06714791059494019	1	moderate	moderate	0.022	False	user_msa
Drosophila_willistoni_Drosophila_willistoni__LOC6646901__XP_002069647.1	166	166	166	118	GAG	0.06714791059494019	1	moderate	moderate	0.022	False	user_msa
Drosophila_yakuba_Drosophila_yakuba__LOC6537169__XP_002097730.1	166	166	166	118	GAG	0.06714791059494019	1	moderate	moderate	0.022	False	user_msa
Drosophila_ananassae_Drosophila_ananassae__LOC6501076__XP_001954513.1	167	167	167	119	AAG	0.06008727103471756	1	moderate	moderate	0.022	False	user_msa
Drosophila_biarmipes_Drosophila_biarmipes__LOC108026160__XP_016952383.1	167	167	167	119	AAG	0.06008727103471756	1	moderate	moderate	0.022	False	user_msa
Drosophila_mauritiana_Drosophila_mauritiana__LOC117145868__XP_033167581.1	167	167	167	119	AAG	0.06008727103471756	1	moderate	moderate	0.022	False	user_msa
Drosophila_melanogaster_Drosophila_melanogaster__Act88F__NP_524367.1	167	167	167	119	AAG	0.06008727103471756	1	moderate	moderate	0.022	False	user_msa
Drosophila_pseudoobscura_Drosophila_pseudoobscura__Act88F__XP_002137155.1	167	167	167	119	AAG	0.06008727103471756	1	moderate	moderate	0.022	False	user_msa
Drosophila_sechellia_Drosophila_sechellia__Act88F__XP_002031056.2	167	167	167	119	AAG	0.06008727103471756	1	moderate	moderate	0.022	False	user_msa
Drosophila_simulans_Drosophila_simulans__LOC6727955__XP_016034553.1	167	167	167	119	AAG	0.06008727103471756	1	moderate	moderate	0.022	False	user_msa
Drosophila_subobscura_Drosophila_subobscura__LOC117898432__XP_034663715.1	167	167	167	119	AAG	0.06008727103471756	1	moderate	moderate	0.022	False	user_msa
Drosophila_suzukii_Drosophila_suzukii__Act88F__XP_016925443.1	167	167	167	119	AAG	0.06008727103471756	1	moderate	moderate	0.022	False	user_msa
Drosophila_virilis_Drosophila_virilis__Act88F__XP_002054294.1	167	167	167	119	AAG	0.06008727103471756	1	moderate	moderate	0.022	False	user_msa
Drosophila_willistoni_Drosophila_willistoni__LOC6646901__XP_002069647.1	167	167	167	119	AAG	0.06008727103471756	1	moderate	moderate	0.022	False	user_msa
Drosophila_yakuba_Drosophila_yakuba__LOC6537169__XP_002097730.1	167	167	167	119	AAG	0.06008727103471756	1	moderate	moderate	0.022	False	user_msa
Drosophila_ananassae_Drosophila_ananassae__LOC6501076__XP_001954513.1	168	168	168	120	ATG	0.06253830343484879	1	moderate	moderate	0.022	False	user_msa
Drosophila_biarmipes_Drosophila_biarmipes__LOC108026160__XP_016952383.1	168	168	168	120	ATG	0.06253830343484879	1	moderate	moderate	0.022	False	user_msa
Drosophila_mauritiana_Drosophila_mauritiana__LOC117145868__XP_033167581.1	168	168	168	120	ATG	0.06253830343484879	1	moderate	moderate	0.022	False	user_msa
Drosophila_melanogaster_Drosophila_melanogaster__Act88F__NP_524367.1	168	168	168	120	ATG	0.06253830343484879	1	moderate	moderate	0.022	False	user_msa
Drosophila_pseudoobscura_Drosophila_pseudoobscura__Act88F__XP_002137155.1	168	168	168	120	ATG	0.06253830343484879	1	moderate	moderate	0.022	False	user_msa
Drosophila_sechellia_Drosophila_sechellia__Act88F__XP_002031056.2	168	168	168	120	ATG	0.06253830343484879	1	moderate	moderate	0.022	False	user_msa
Drosophila_simulans_Drosophila_simulans__LOC6727955__XP_016034553.1	168	168	168	120	ATG	0.06253830343484879	1	moderate	moderate	0.022	False	user_msa
Drosophila_subobscura_Drosophila_subobscura__LOC117898432__XP_034663715.1	168	168	168	120	ATG	0.06253830343484879	1	moderate	moderate	0.022	False	user_msa
Drosophila_suzukii_Drosophila_suzukii__Act88F__XP_016925443.1	168	168	168	120	ATG	0.06253830343484879	1	moderate	moderate	0.022	False	user_msa
Drosophila_virilis_Drosophila_virilis__Act88F__XP_002054294.1	168	168	168	120	ATG	0.06253830343484879	1	moderate	moderate	0.022	False	user_msa
Drosophila_willistoni_Drosophila_willistoni__LOC6646901__XP_002069647.1	168	168	168	120	ATG	0.06253830343484879	1	moderate	moderate	0.022	False	user_msa
Drosophila_yakuba_Drosophila_yakuba__LOC6537169__XP_002097730.1	168	168	168	120	ATG	0.06253830343484879	1	moderate	moderate	0.022	False	user_msa
Drosophila_ananassae_Drosophila_ananassae__LOC6501076__XP_001954513.1	169	169	169	121	ACC	0.08298517018556595	1	moderate	moderate	0.022	False	user_msa
Drosophila_biarmipes_Drosophila_biarmipes__LOC108026160__XP_016952383.1	169	169	169	121	ACC	0.08298517018556595	1	moderate	moderate	0.022	False	user_msa
Drosophila_mauritiana_Drosophila_mauritiana__LOC117145868__XP_033167581.1	169	169	169	121	ACC	0.08298517018556595	1	moderate	moderate	0.022	False	user_msa
Drosophila_melanogaster_Drosophila_melanogaster__Act88F__NP_524367.1	169	169	169	121	ACC	0.08298517018556595	1	moderate	moderate	0.022	False	user_msa
Drosophila_pseudoobscura_Drosophila_pseudoobscura__Act88F__XP_002137155.1	169	169	169	121	ACT	0.09070732444524765	1	moderate	moderate	0.022	False	user_msa
Drosophila_sechellia_Drosophila_sechellia__Act88F__XP_002031056.2	169	169	169	121	ACC	0.08298517018556595	1	moderate	moderate	0.022	False	user_msa
Drosophila_simulans_Drosophila_simulans__LOC6727955__XP_016034553.1	169	169	169	121	ACC	0.08298517018556595	1	moderate	moderate	0.022	False	user_msa
Drosophila_subobscura_Drosophila_subobscura__LOC117898432__XP_034663715.1	169	169	169	121	ACG	0.08676858246326447	1	moderate	moderate	0.022	False	user_msa
Drosophila_suzukii_Drosophila_suzukii__Act88F__XP_016925443.1	169	169	169	121	ACC	0.08298517018556595	1	moderate	moderate	0.022	False	user_msa
Drosophila_virilis_Drosophila_virilis__Act88F__XP_002054294.1	169	169	169	121	ACT	0.09070732444524765	1	moderate	moderate	0.022	False	user_msa
Drosophila_willistoni_Drosophila_willistoni__LOC6646901__XP_002069647.1	169	169	169	121	ACC	0.08298517018556595	1	moderate	moderate	0.022	False	user_msa
Drosophila_yakuba_Drosophila_yakuba__LOC6537169__XP_002097730.1	169	169	169	121	ACC	0.08298517018556595	1	moderate	moderate	0.022	False	user_msa
Drosophila_ananassae_Drosophila_ananassae__LOC6501076__XP_001954513.1	170	170	170	122	CAA	0.0692196637392044	1	moderate	moderate	0.022	False	user_msa
Drosophila_biarmipes_Drosophila_biarmipes__LOC108026160__XP_016952383.1	170	170	170	122	CAG	0.07471328973770142	1	moderate	moderate	0.022	False	user_msa
Drosophila_mauritiana_Drosophila_mauritiana__LOC117145868__XP_033167581.1	170	170	170	122	CAG	0.07471328973770142	1	moderate	moderate	0.022	False	user_msa
Drosophila_melanogaster_Drosophila_melanogaster__Act88F__NP_524367.1	170	170	170	122	CAG	0.07471328973770142	1	moderate	moderate	0.022	False	user_msa
Drosophila_pseudoobscura_Drosophila_pseudoobscura__Act88F__XP_002137155.1	170	170	170	122	CAG	0.07471328973770142	1	moderate	moderate	0.022	False	user_msa
Drosophila_sechellia_Drosophila_sechellia__Act88F__XP_002031056.2	170	170	170	122	CAG	0.07471328973770142	1	moderate	moderate	0.022	False	user_msa
Drosophila_simulans_Drosophila_simulans__LOC6727955__XP_016034553.1	170	170	170	122	CAG	0.07471328973770142	1	moderate	moderate	0.022	False	user_msa
Drosophila_subobscura_Drosophila_subobscura__LOC117898432__XP_034663715.1	170	170	170	122	CAG	0.07471328973770142	1	moderate	moderate	0.022	False	user_msa
Drosophila_suzukii_Drosophila_suzukii__Act88F__XP_016925443.1	170	170	170	122	CAG	0.07471328973770142	1	moderate	moderate	0.022	False	user_msa
Drosophila_virilis_Drosophila_virilis__Act88F__XP_002054294.1	170	170	170	122	CAG	0.07471328973770142	1	moderate	moderate	0.022	False	user_msa
Drosophila_willistoni_Drosophila_willistoni__LOC6646901__XP_002069647.1	170	170	170	122	CAG	0.07471328973770142	1	moderate	moderate	0.022	False	user_msa
Drosophila_yakuba_Drosophila_yakuba__LOC6537169__XP_002097730.1	170	170	170	122	CAG	0.07471328973770142	1	moderate	moderate	0.022	False	user_msa
Drosophila_ananassae_Drosophila_ananassae__LOC6501076__XP_001954513.1	171	171	171	123	ATC	0.0720597505569458	1	moderate	moderate	0.022	False	user_msa
Drosophila_biarmipes_Drosophila_biarmipes__LOC108026160__XP_016952383.1	171	171	171	123	ATC	0.0720597505569458	1	moderate	moderate	0.022	False	user_msa
Drosophila_mauritiana_Drosophila_mauritiana__LOC117145868__XP_033167581.1	171	171	171	123	ATC	0.0720597505569458	1	moderate	moderate	0.022	False	user_msa
Drosophila_melanogaster_Drosophila_melanogaster__Act88F__NP_524367.1	171	171	171	123	ATC	0.0720597505569458	1	moderate	moderate	0.022	False	user_msa
Drosophila_pseudoobscura_Drosophila_pseudoobscura__Act88F__XP_002137155.1	171	171	171	123	ATC	0.0720597505569458	1	moderate	moderate	0.022	False	user_msa
Drosophila_sechellia_Drosophila_sechellia__Act88F__XP_002031056.2	171	171	171	123	ATC	0.0720597505569458	1	moderate	moderate	0.022	False	user_msa
Drosophila_simulans_Drosophila_simulans__LOC6727955__XP_016034553.1	171	171	171	123	ATC	0.0720597505569458	1	moderate	moderate	0.022	False	user_msa
Drosophila_subobscura_Drosophila_subobscura__LOC117898432__XP_034663715.1	171	171	171	123	ATC	0.0720597505569458	1	moderate	moderate	0.022	False	user_msa
Drosophila_suzukii_Drosophila_suzukii__Act88F__XP_016925443.1	171	171	171	123	ATC	0.0720597505569458	1	moderate	moderate	0.022	False	user_msa
Drosophila_virilis_Drosophila_virilis__Act88F__XP_002054294.1	171	171	171	123	ATT	0.07884425669908524	1	moderate	moderate	0.022	False	user_msa
Drosophila_willistoni_Drosophila_willistoni__LOC6646901__XP_002069647.1	171	171	171	123	ATC	0.0720597505569458	1	moderate	moderate	0.022	False	user_msa
Drosophila_yakuba_Drosophila_yakuba__LOC6537169__XP_002097730.1	171	171	171	123	ATC	0.0720597505569458	1	moderate	moderate	0.022	False	user_msa
Drosophila_ananassae_Drosophila_ananassae__LOC6501076__XP_001954513.1	172	172	172	124	ATG	0.06257126480340958	1	moderate	moderate	0.022	False	user_msa
Drosophila_biarmipes_Drosophila_biarmipes__LOC108026160__XP_016952383.1	172	172	172	124	ATG	0.06257126480340958	1	moderate	moderate	0.022	False	user_msa
Drosophila_mauritiana_Drosophila_mauritiana__LOC117145868__XP_033167581.1	172	172	172	124	ATG	0.06257126480340958	1	moderate	moderate	0.022	False	user_msa
Drosophila_melanogaster_Drosophila_melanogaster__Act88F__NP_524367.1	172	172	172	124	ATG	0.06257126480340958	1	moderate	moderate	0.022	False	user_msa
Drosophila_pseudoobscura_Drosophila_pseudoobscura__Act88F__XP_002137155.1	172	172	172	124	ATG	0.06257126480340958	1	moderate	moderate	0.022	False	user_msa
Drosophila_sechellia_Drosophila_sechellia__Act88F__XP_002031056.2	172	172	172	124	ATG	0.06257126480340958	1	moderate	moderate	0.022	False	user_msa
Drosophila_simulans_Drosophila_simulans__LOC6727955__XP_016034553.1	172	172	172	124	ATG	0.06257126480340958	1	moderate	moderate	0.022	False	user_msa
Drosophila_subobscura_Drosophila_subobscura__LOC117898432__XP_034663715.1	172	172	172	124	ATG	0.06257126480340958	1	moderate	moderate	0.022	False	user_msa
Drosophila_suzukii_Drosophila_suzukii__Act88F__XP_016925443.1	172	172	172	124	ATG	0.06257126480340958	1	moderate	moderate	0.022	False	user_msa
Drosophila_virilis_Drosophila_virilis__Act88F__XP_002054294.1	172	172	172	124	ATG	0.06257126480340958	1	moderate	moderate	0.022	False	user_msa
Drosophila_willistoni_Drosophila_willistoni__LOC6646901__XP_002069647.1	172	172	172	124	ATG	0.06257126480340958	1	moderate	moderate	0.022	False	user_msa
Drosophila_yakuba_Drosophila_yakuba__LOC6537169__XP_002097730.1	172	172	172	124	ATG	0.06257126480340958	1	moderate	moderate	0.022	False	user_msa
Drosophila_ananassae_Drosophila_ananassae__LOC6501076__XP_001954513.1	173	173	173	125	TTC	0.0870111957192421	1	moderate	moderate	0.022	False	user_msa
Drosophila_biarmipes_Drosophila_biarmipes__LOC108026160__XP_016952383.1	173	173	173	125	TTC	0.0870111957192421	1	moderate	moderate	0.022	False	user_msa
Drosophila_mauritiana_Drosophila_mauritiana__LOC117145868__XP_033167581.1	173	173	173	125	TTC	0.0870111957192421	1	moderate	moderate	0.022	False	user_msa
Drosophila_melanogaster_Drosophila_melanogaster__Act88F__NP_524367.1	173	173	173	125	TTC	0.0870111957192421	1	moderate	moderate	0.022	False	user_msa
Drosophila_pseudoobscura_Drosophila_pseudoobscura__Act88F__XP_002137155.1	173	173	173	125	TTT	0.09506916999816895	1	moderate	moderate	0.022	False	user_msa
Drosophila_sechellia_Drosophila_sechellia__Act88F__XP_002031056.2	173	173	173	125	TTC	0.0870111957192421	1	moderate	moderate	0.022	False	user_msa
Drosophila_simulans_Drosophila_simulans__LOC6727955__XP_016034553.1	173	173	173	125	TTC	0.0870111957192421	1	moderate	moderate	0.022	False	user_msa
Drosophila_subobscura_Drosophila_subobscura__LOC117898432__XP_034663715.1	173	173	173	125	TTC	0.0870111957192421	1	moderate	moderate	0.022	False	user_msa
Drosophila_suzukii_Drosophila_suzukii__Act88F__XP_016925443.1	173	173	173	125	TTC	0.0870111957192421	1	moderate	moderate	0.022	False	user_msa
Drosophila_virilis_Drosophila_virilis__Act88F__XP_002054294.1	173	173	173	125	TTC	0.0870111957192421	1	moderate	moderate	0.022	False	user_msa
Drosophila_willistoni_Drosophila_willistoni__LOC6646901__XP_002069647.1	173	173	173	125	TTT	0.09506916999816895	1	moderate	moderate	0.022	False	user_msa
Drosophila_yakuba_Drosophila_yakuba__LOC6537169__XP_002097730.1	173	173	173	125	TTC	0.0870111957192421	1	moderate	moderate	0.022	False	user_msa
Drosophila_ananassae_Drosophila_ananassae__LOC6501076__XP_001954513.1	174	174	174	126	GAG	0.07992106676101685	1	moderate	moderate	0.022	False	user_msa
Drosophila_biarmipes_Drosophila_biarmipes__LOC108026160__XP_016952383.1	174	174	174	126	GAG	0.07992106676101685	1	moderate	moderate	0.022	False	user_msa
Drosophila_mauritiana_Drosophila_mauritiana__LOC117145868__XP_033167581.1	174	174	174	126	GAG	0.07992106676101685	1	moderate	moderate	0.022	False	user_msa
Drosophila_melanogaster_Drosophila_melanogaster__Act88F__NP_524367.1	174	174	174	126	GAG	0.07992106676101685	1	moderate	moderate	0.022	False	user_msa
Drosophila_pseudoobscura_Drosophila_pseudoobscura__Act88F__XP_002137155.1	174	174	174	126	GAG	0.07992106676101685	1	moderate	moderate	0.022	False	user_msa
Drosophila_sechellia_Drosophila_sechellia__Act88F__XP_002031056.2	174	174	174	126	GAG	0.07992106676101685	1	moderate	moderate	0.022	False	user_msa
Drosophila_simulans_Drosophila_simulans__LOC6727955__XP_016034553.1	174	174	174	126	GAG	0.07992106676101685	1	moderate	moderate	0.022	False	user_msa
Drosophila_subobscura_Drosophila_subobscura__LOC117898432__XP_034663715.1	174	174	174	126	GAG	0.07992106676101685	1	moderate	moderate	0.022	False	user_msa
Drosophila_suzukii_Drosophila_suzukii__Act88F__XP_016925443.1	174	174	174	126	GAG	0.07992106676101685	1	moderate	moderate	0.022	False	user_msa
Drosophila_virilis_Drosophila_virilis__Act88F__XP_002054294.1	174	174	174	126	GAG	0.07992106676101685	1	moderate	moderate	0.022	False	user_msa
Drosophila_willistoni_Drosophila_willistoni__LOC6646901__XP_002069647.1	174	174	174	126	GAA	0.07304326444864273	1	moderate	moderate	0.022	False	user_msa
Drosophila_yakuba_Drosophila_yakuba__LOC6537169__XP_002097730.1	174	174	174	126	GAG	0.07992106676101685	1	moderate	moderate	0.022	False	user_msa
Drosophila_ananassae_Drosophila_ananassae__LOC6501076__XP_001954513.1	175	175	175	127	ACC	0.060753561556339264	1	moderate	moderate	0.022	False	user_msa
Drosophila_biarmipes_Drosophila_biarmipes__LOC108026160__XP_016952383.1	175	175	175	127	ACC	0.060753561556339264	1	moderate	moderate	0.022	False	user_msa
Drosophila_mauritiana_Drosophila_mauritiana__LOC117145868__XP_033167581.1	175	175	175	127	ACC	0.060753561556339264	1	moderate	moderate	0.022	False	user_msa
Drosophila_melanogaster_Drosophila_melanogaster__Act88F__NP_524367.1	175	175	175	127	ACC	0.060753561556339264	1	moderate	moderate	0.022	False	user_msa
Drosophila_pseudoobscura_Drosophila_pseudoobscura__Act88F__XP_002137155.1	175	175	175	127	ACC	0.060753561556339264	1	moderate	moderate	0.022	False	user_msa
Drosophila_sechellia_Drosophila_sechellia__Act88F__XP_002031056.2	175	175	175	127	ACC	0.060753561556339264	1	moderate	moderate	0.022	False	user_msa
Drosophila_simulans_Drosophila_simulans__LOC6727955__XP_016034553.1	175	175	175	127	ACC	0.060753561556339264	1	moderate	moderate	0.022	False	user_msa
Drosophila_subobscura_Drosophila_subobscura__LOC117898432__XP_034663715.1	175	175	175	127	ACC	0.060753561556339264	1	moderate	moderate	0.022	False	user_msa
Drosophila_suzukii_Drosophila_suzukii__Act88F__XP_016925443.1	175	175	175	127	ACC	0.060753561556339264	1	moderate	moderate	0.022	False	user_msa
Drosophila_virilis_Drosophila_virilis__Act88F__XP_002054294.1	175	175	175	127	ACC	0.060753561556339264	1	moderate	moderate	0.022	False	user_msa
Drosophila_willistoni_Drosophila_willistoni__LOC6646901__XP_002069647.1	175	175	175	127	ACC	0.060753561556339264	1	moderate	moderate	0.022	False	user_msa
Drosophila_yakuba_Drosophila_yakuba__LOC6537169__XP_002097730.1	175	175	175	127	ACC	0.060753561556339264	1	moderate	moderate	0.022	False	user_msa
Drosophila_ananassae_Drosophila_ananassae__LOC6501076__XP_001954513.1	176	176	176	128	TTC	0.07530797272920609	1	moderate	moderate	0.022	False	user_msa
Drosophila_biarmipes_Drosophila_biarmipes__LOC108026160__XP_016952383.1	176	176	176	128	TTC	0.07530797272920609	1	moderate	moderate	0.022	False	user_msa
Drosophila_mauritiana_Drosophila_mauritiana__LOC117145868__XP_033167581.1	176	176	176	128	TTC	0.07530797272920609	1	moderate	moderate	0.022	False	user_msa
Drosophila_melanogaster_Drosophila_melanogaster__Act88F__NP_524367.1	176	176	176	128	TTC	0.07530797272920609	1	moderate	moderate	0.022	False	user_msa
Drosophila_pseudoobscura_Drosophila_pseudoobscura__Act88F__XP_002137155.1	176	176	176	128	TTC	0.07530797272920609	1	moderate	moderate	0.022	False	user_msa
Drosophila_sechellia_Drosophila_sechellia__Act88F__XP_002031056.2	176	176	176	128	TTC	0.07530797272920609	1	moderate	moderate	0.022	False	user_msa
Drosophila_simulans_Drosophila_simulans__LOC6727955__XP_016034553.1	176	176	176	128	TTC	0.07530797272920609	1	moderate	moderate	0.022	False	user_msa
Drosophila_subobscura_Drosophila_subobscura__LOC117898432__XP_034663715.1	176	176	176	128	TTC	0.07530797272920609	1	moderate	moderate	0.022	False	user_msa
Drosophila_suzukii_Drosophila_suzukii__Act88F__XP_016925443.1	176	176	176	128	TTC	0.07530797272920609	1	moderate	moderate	0.022	False	user_msa
Drosophila_virilis_Drosophila_virilis__Act88F__XP_002054294.1	176	176	176	128	TTC	0.07530797272920609	1	moderate	moderate	0.022	False	user_msa
Drosophila_willistoni_Drosophila_willistoni__LOC6646901__XP_002069647.1	176	176	176	128	TTC	0.07530797272920609	1	moderate	moderate	0.022	False	user_msa
Drosophila_yakuba_Drosophila_yakuba__LOC6537169__XP_002097730.1	176	176	176	128	TTC	0.07530797272920609	1	moderate	moderate	0.022	False	user_msa
Drosophila_ananassae_Drosophila_ananassae__LOC6501076__XP_001954513.1	177	177	177	129	AAC	0.05996694415807724	1	moderate	moderate	0.022	False	user_msa
Drosophila_biarmipes_Drosophila_biarmipes__LOC108026160__XP_016952383.1	177	177	177	129	AAC	0.05996694415807724	1	moderate	moderate	0.022	False	user_msa
Drosophila_mauritiana_Drosophila_mauritiana__LOC117145868__XP_033167581.1	177	177	177	129	AAC	0.05996694415807724	1	moderate	moderate	0.022	False	user_msa
Drosophila_melanogaster_Drosophila_melanogaster__Act88F__NP_524367.1	177	177	177	129	AAC	0.05996694415807724	1	moderate	moderate	0.022	False	user_msa
Drosophila_pseudoobscura_Drosophila_pseudoobscura__Act88F__XP_002137155.1	177	177	177	129	AAC	0.05996694415807724	1	moderate	moderate	0.022	False	user_msa
Drosophila_sechellia_Drosophila_sechellia__Act88F__XP_002031056.2	177	177	177	129	AAC	0.05996694415807724	1	moderate	moderate	0.022	False	user_msa
Drosophila_simulans_Drosophila_simulans__LOC6727955__XP_016034553.1	177	177	177	129	AAC	0.05996694415807724	1	moderate	moderate	0.022	False	user_msa
Drosophila_subobscura_Drosophila_subobscura__LOC117898432__XP_034663715.1	177	177	177	129	AAC	0.05996694415807724	1	moderate	moderate	0.022	False	user_msa
Drosophila_suzukii_Drosophila_suzukii__Act88F__XP_016925443.1	177	177	177	129	AAC	0.05996694415807724	1	moderate	moderate	0.022	False	user_msa
Drosophila_virilis_Drosophila_virilis__Act88F__XP_002054294.1	177	177	177	129	AAC	0.05996694415807724	1	moderate	moderate	0.022	False	user_msa
Drosophila_willistoni_Drosophila_willistoni__LOC6646901__XP_002069647.1	177	177	177	129	AAC	0.05996694415807724	1	moderate	moderate	0.022	False	user_msa
Drosophila_yakuba_Drosophila_yakuba__LOC6537169__XP_002097730.1	177	177	177	129	AAC	0.05996694415807724	1	moderate	moderate	0.022	False	user_msa
Drosophila_ananassae_Drosophila_ananassae__LOC6501076__XP_001954513.1	178	178	178	130	TCT	0.10848423093557358	1	moderate	moderate	0.022	False	user_msa
Drosophila_biarmipes_Drosophila_biarmipes__LOC108026160__XP_016952383.1	178	178	178	130	TCG	0.10386158525943756	1	moderate	moderate	0.022	False	user_msa
Drosophila_mauritiana_Drosophila_mauritiana__LOC117145868__XP_033167581.1	178	178	178	130	TCG	0.10386158525943756	1	moderate	moderate	0.022	False	user_msa
Drosophila_melanogaster_Drosophila_melanogaster__Act88F__NP_524367.1	178	178	178	130	TCG	0.10386158525943756	1	moderate	moderate	0.022	False	user_msa
Drosophila_pseudoobscura_Drosophila_pseudoobscura__Act88F__XP_002137155.1	178	178	178	130	TCC	0.09941399097442627	1	moderate	moderate	0.022	False	user_msa
Drosophila_sechellia_Drosophila_sechellia__Act88F__XP_002031056.2	178	178	178	130	TCG	0.10386158525943756	1	moderate	moderate	0.022	False	user_msa
Drosophila_simulans_Drosophila_simulans__LOC6727955__XP_016034553.1	178	178	178	130	TCG	0.10386158525943756	1	moderate	moderate	0.022	False	user_msa
Drosophila_subobscura_Drosophila_subobscura__LOC117898432__XP_034663715.1	178	178	178	130	TCT	0.10848423093557358	1	moderate	moderate	0.022	False	user_msa
Drosophila_suzukii_Drosophila_suzukii__Act88F__XP_016925443.1	178	178	178	130	TCG	0.10386158525943756	1	moderate	moderate	0.022	False	user_msa
Drosophila_virilis_Drosophila_virilis__Act88F__XP_002054294.1	178	178	178	130	TCG	0.10386158525943756	1	moderate	moderate	0.022	False	user_msa
Drosophila_willistoni_Drosophila_willistoni__LOC6646901__XP_002069647.1	178	178	178	130	TCG	0.10386158525943756	1	moderate	moderate	0.022	False	user_msa
Drosophila_yakuba_Drosophila_yakuba__LOC6537169__XP_002097730.1	178	178	178	130	TCG	0.10386158525943756	1	moderate	moderate	0.022	False	user_msa
Drosophila_ananassae_Drosophila_ananassae__LOC6501076__XP_001954513.1	179	179	179	131	CCG	0.07609542459249496	1	moderate	moderate	0.022	False	user_msa
Drosophila_biarmipes_Drosophila_biarmipes__LOC108026160__XP_016952383.1	179	179	179	131	CCG	0.07609542459249496	1	moderate	moderate	0.022	False	user_msa
Drosophila_mauritiana_Drosophila_mauritiana__LOC117145868__XP_033167581.1	179	179	179	131	CCG	0.07609542459249496	1	moderate	moderate	0.022	False	user_msa
Drosophila_melanogaster_Drosophila_melanogaster__Act88F__NP_524367.1	179	179	179	131	CCG	0.07609542459249496	1	moderate	moderate	0.022	False	user_msa
Drosophila_pseudoobscura_Drosophila_pseudoobscura__Act88F__XP_002137155.1	179	179	179	131	CCG	0.07609542459249496	1	moderate	moderate	0.022	False	user_msa
Drosophila_sechellia_Drosophila_sechellia__Act88F__XP_002031056.2	179	179	179	131	CCG	0.07609542459249496	1	moderate	moderate	0.022	False	user_msa
Drosophila_simulans_Drosophila_simulans__LOC6727955__XP_016034553.1	179	179	179	131	CCG	0.07609542459249496	1	moderate	moderate	0.022	False	user_msa
Drosophila_subobscura_Drosophila_subobscura__LOC117898432__XP_034663715.1	179	179	179	131	CCG	0.07609542459249496	1	moderate	moderate	0.022	False	user_msa
Drosophila_suzukii_Drosophila_suzukii__Act88F__XP_016925443.1	179	179	179	131	CCG	0.07609542459249496	1	moderate	moderate	0.022	False	user_msa
Drosophila_virilis_Drosophila_virilis__Act88F__XP_002054294.1	179	179	179	131	CCA	0.07033362984657288	1	moderate	moderate	0.022	False	user_msa
Drosophila_willistoni_Drosophila_willistoni__LOC6646901__XP_002069647.1	179	179	179	131	CCA	0.07033362984657288	1	moderate	moderate	0.022	False	user_msa
Drosophila_yakuba_Drosophila_yakuba__LOC6537169__XP_002097730.1	179	179	179	131	CCG	0.07609542459249496	1	moderate	moderate	0.022	False	user_msa
Drosophila_ananassae_Drosophila_ananassae__LOC6501076__XP_001954513.1	180	180	180	132	GCT	0.08719363063573837	1	moderate	moderate	0.022	False	user_msa
Drosophila_biarmipes_Drosophila_biarmipes__LOC108026160__XP_016952383.1	180	180	180	132	GCC	0.07974426448345184	1	moderate	moderate	0.022	False	user_msa
Drosophila_mauritiana_Drosophila_mauritiana__LOC117145868__XP_033167581.1	180	180	180	132	GCC	0.07974426448345184	1	moderate	moderate	0.022	False	user_msa
Drosophila_melanogaster_Drosophila_melanogaster__Act88F__NP_524367.1	180	180	180	132	GCC	0.07974426448345184	1	moderate	moderate	0.022	False	user_msa
Drosophila_pseudoobscura_Drosophila_pseudoobscura__Act88F__XP_002137155.1	180	180	180	132	GCC	0.07974426448345184	1	moderate	moderate	0.022	False	user_msa
Drosophila_sechellia_Drosophila_sechellia__Act88F__XP_002031056.2	180	180	180	132	GCC	0.07974426448345184	1	moderate	moderate	0.022	False	user_msa
Drosophila_simulans_Drosophila_simulans__LOC6727955__XP_016034553.1	180	180	180	132	GCC	0.07974426448345184	1	moderate	moderate	0.022	False	user_msa
Drosophila_subobscura_Drosophila_subobscura__LOC117898432__XP_034663715.1	180	180	180	132	GCC	0.07974426448345184	1	moderate	moderate	0.022	False	user_msa
Drosophila_suzukii_Drosophila_suzukii__Act88F__XP_016925443.1	180	180	180	132	GCC	0.07974426448345184	1	moderate	moderate	0.022	False	user_msa
Drosophila_virilis_Drosophila_virilis__Act88F__XP_002054294.1	180	180	180	132	GCC	0.07974426448345184	1	moderate	moderate	0.022	False	user_msa
Drosophila_willistoni_Drosophila_willistoni__LOC6646901__XP_002069647.1	180	180	180	132	GCC	0.07974426448345184	1	moderate	moderate	0.022	False	user_msa
Drosophila_yakuba_Drosophila_yakuba__LOC6537169__XP_002097730.1	180	180	180	132	GCC	0.07974426448345184	1	moderate	moderate	0.022	False	user_msa
Drosophila_ananassae_Drosophila_ananassae__LOC6501076__XP_001954513.1	181	181	181	133	ATG	0.06264542788267136	1	moderate	moderate	0.022	False	user_msa
Drosophila_biarmipes_Drosophila_biarmipes__LOC108026160__XP_016952383.1	181	181	181	133	ATG	0.06264542788267136	1	moderate	moderate	0.022	False	user_msa
Drosophila_mauritiana_Drosophila_mauritiana__LOC117145868__XP_033167581.1	181	181	181	133	ATG	0.06264542788267136	1	moderate	moderate	0.022	False	user_msa
Drosophila_melanogaster_Drosophila_melanogaster__Act88F__NP_524367.1	181	181	181	133	ATG	0.06264542788267136	1	moderate	moderate	0.022	False	user_msa
Drosophila_pseudoobscura_Drosophila_pseudoobscura__Act88F__XP_002137155.1	181	181	181	133	ATG	0.06264542788267136	1	moderate	moderate	0.022	False	user_msa
Drosophila_sechellia_Drosophila_sechellia__Act88F__XP_002031056.2	181	181	181	133	ATG	0.06264542788267136	1	moderate	moderate	0.022	False	user_msa
Drosophila_simulans_Drosophila_simulans__LOC6727955__XP_016034553.1	181	181	181	133	ATG	0.06264542788267136	1	moderate	moderate	0.022	False	user_msa
Drosophila_subobscura_Drosophila_subobscura__LOC117898432__XP_034663715.1	181	181	181	133	ATG	0.06264542788267136	1	moderate	moderate	0.022	False	user_msa
Drosophila_suzukii_Drosophila_suzukii__Act88F__XP_016925443.1	181	181	181	133	ATG	0.06264542788267136	1	moderate	moderate	0.022	False	user_msa
Drosophila_virilis_Drosophila_virilis__Act88F__XP_002054294.1	181	181	181	133	ATG	0.06264542788267136	1	moderate	moderate	0.022	False	user_msa
Drosophila_willistoni_Drosophila_willistoni__LOC6646901__XP_002069647.1	181	181	181	133	ATG	0.06264542788267136	1	moderate	moderate	0.022	False	user_msa
Drosophila_yakuba_Drosophila_yakuba__LOC6537169__XP_002097730.1	181	181	181	133	ATG	0.06264542788267136	1	moderate	moderate	0.022	False	user_msa
Drosophila_ananassae_Drosophila_ananassae__LOC6501076__XP_001954513.1	182	182	182	134	TAT	0.08884161710739136	1	moderate	moderate	0.022	False	user_msa
Drosophila_biarmipes_Drosophila_biarmipes__LOC108026160__XP_016952383.1	182	182	182	134	TAC	0.08126397430896759	1	moderate	moderate	0.022	False	user_msa
Drosophila_mauritiana_Drosophila_mauritiana__LOC117145868__XP_033167581.1	182	182	182	134	TAC	0.08126397430896759	1	moderate	moderate	0.022	False	user_msa
Drosophila_melanogaster_Drosophila_melanogaster__Act88F__NP_524367.1	182	182	182	134	TAC	0.08126397430896759	1	moderate	moderate	0.022	False	user_msa
Drosophila_pseudoobscura_Drosophila_pseudoobscura__Act88F__XP_002137155.1	182	182	182	134	TAT	0.08884161710739136	1	moderate	moderate	0.022	False	user_msa
Drosophila_sechellia_Drosophila_sechellia__Act88F__XP_002031056.2	182	182	182	134	TAC	0.08126397430896759	1	moderate	moderate	0.022	False	user_msa
Drosophila_simulans_Drosophila_simulans__LOC6727955__XP_016034553.1	182	182	182	134	TAC	0.08126397430896759	1	moderate	moderate	0.022	False	user_msa
Drosophila_subobscura_Drosophila_subobscura__LOC117898432__XP_034663715.1	182	182	182	134	TAT	0.08884161710739136	1	moderate	moderate	0.022	False	user_msa
Drosophila_suzukii_Drosophila_suzukii__Act88F__XP_016925443.1	182	182	182	134	TAC	0.08126397430896759	1	moderate	moderate	0.022	False	user_msa
Drosophila_virilis_Drosophila_virilis__Act88F__XP_002054294.1	182	182	182	134	TAC	0.08126397430896759	1	moderate	moderate	0.022	False	user_msa
Drosophila_willistoni_Drosophila_willistoni__LOC6646901__XP_002069647.1	182	182	182	134	TAT	0.08884161710739136	1	moderate	moderate	0.022	False	user_msa
Drosophila_yakuba_Drosophila_yakuba__LOC6537169__XP_002097730.1	182	182	182	134	TAC	0.08126397430896759	1	moderate	moderate	0.022	False	user_msa
Drosophila_ananassae_Drosophila_ananassae__LOC6501076__XP_001954513.1	183	183	183	135	GTT	0.08705848455429077	1	moderate	moderate	0.022	False	user_msa
Drosophila_biarmipes_Drosophila_biarmipes__LOC108026160__XP_016952383.1	183	183	183	135	GTG	0.08326354622840881	1	moderate	moderate	0.022	False	user_msa
Drosophila_mauritiana_Drosophila_mauritiana__LOC117145868__XP_033167581.1	183	183	183	135	GTG	0.08326354622840881	1	moderate	moderate	0.022	False	user_msa
Drosophila_melanogaster_Drosophila_melanogaster__Act88F__NP_524367.1	183	183	183	135	GTG	0.08326354622840881	1	moderate	moderate	0.022	False	user_msa
Drosophila_pseudoobscura_Drosophila_pseudoobscura__Act88F__XP_002137155.1	183	183	183	135	GTT	0.08705848455429077	1	moderate	moderate	0.022	False	user_msa
Drosophila_sechellia_Drosophila_sechellia__Act88F__XP_002031056.2	183	183	183	135	GTG	0.08326354622840881	1	moderate	moderate	0.022	False	user_msa
Drosophila_simulans_Drosophila_simulans__LOC6727955__XP_016034553.1	183	183	183	135	GTG	0.08326354622840881	1	moderate	moderate	0.022	False	user_msa
Drosophila_subobscura_Drosophila_subobscura__LOC117898432__XP_034663715.1	183	183	183	135	GTG	0.08326354622840881	1	moderate	moderate	0.022	False	user_msa
Drosophila_suzukii_Drosophila_suzukii__Act88F__XP_016925443.1	183	183	183	135	GTG	0.08326354622840881	1	moderate	moderate	0.022	False	user_msa
Drosophila_virilis_Drosophila_virilis__Act88F__XP_002054294.1	183	183	183	135	GTT	0.08705848455429077	1	moderate	moderate	0.022	False	user_msa
Drosophila_willistoni_Drosophila_willistoni__LOC6646901__XP_002069647.1	183	183	183	135	GTG	0.08326354622840881	1	moderate	moderate	0.022	False	user_msa
Drosophila_yakuba_Drosophila_yakuba__LOC6537169__XP_002097730.1	183	183	183	135	GTG	0.08326354622840881	1	moderate	moderate	0.022	False	user_msa
Drosophila_ananassae_Drosophila_ananassae__LOC6501076__XP_001954513.1	184	184	184	136	GCC	0.06809365749359131	1	moderate	moderate	0.022	False	user_msa
Drosophila_biarmipes_Drosophila_biarmipes__LOC108026160__XP_016952383.1	184	184	184	136	GCC	0.06809365749359131	1	moderate	moderate	0.022	False	user_msa
Drosophila_mauritiana_Drosophila_mauritiana__LOC117145868__XP_033167581.1	184	184	184	136	GCC	0.06809365749359131	1	moderate	moderate	0.022	False	user_msa
Drosophila_melanogaster_Drosophila_melanogaster__Act88F__NP_524367.1	184	184	184	136	GCC	0.06809365749359131	1	moderate	moderate	0.022	False	user_msa
Drosophila_pseudoobscura_Drosophila_pseudoobscura__Act88F__XP_002137155.1	184	184	184	136	GCC	0.06809365749359131	1	moderate	moderate	0.022	False	user_msa
Drosophila_sechellia_Drosophila_sechellia__Act88F__XP_002031056.2	184	184	184	136	GCC	0.06809365749359131	1	moderate	moderate	0.022	False	user_msa
Drosophila_simulans_Drosophila_simulans__LOC6727955__XP_016034553.1	184	184	184	136	GCC	0.06809365749359131	1	moderate	moderate	0.022	False	user_msa
Drosophila_subobscura_Drosophila_subobscura__LOC117898432__XP_034663715.1	184	184	184	136	GCC	0.06809365749359131	1	moderate	moderate	0.022	False	user_msa
Drosophila_suzukii_Drosophila_suzukii__Act88F__XP_016925443.1	184	184	184	136	GCC	0.06809365749359131	1	moderate	moderate	0.022	False	user_msa
Drosophila_virilis_Drosophila_virilis__Act88F__XP_002054294.1	184	184	184	136	GCC	0.06809365749359131	1	moderate	moderate	0.022	False	user_msa
Drosophila_willistoni_Drosophila_willistoni__LOC6646901__XP_002069647.1	184	184	184	136	GCC	0.06809365749359131	1	moderate	moderate	0.022	False	user_msa
Drosophila_yakuba_Drosophila_yakuba__LOC6537169__XP_002097730.1	184	184	184	136	GCC	0.06809365749359131	1	moderate	moderate	0.022	False	user_msa
Drosophila_ananassae_Drosophila_ananassae__LOC6501076__XP_001954513.1	185	185	185	137	ATC	0.07108426094055176	1	moderate	moderate	0.022	False	user_msa
Drosophila_biarmipes_Drosophila_biarmipes__LOC108026160__XP_016952383.1	185	185	185	137	ATC	0.07108426094055176	1	moderate	moderate	0.022	False	user_msa
Drosophila_mauritiana_Drosophila_mauritiana__LOC117145868__XP_033167581.1	185	185	185	137	ATC	0.07108426094055176	1	moderate	moderate	0.022	False	user_msa
Drosophila_melanogaster_Drosophila_melanogaster__Act88F__NP_524367.1	185	185	185	137	ATC	0.07108426094055176	1	moderate	moderate	0.022	False	user_msa
Drosophila_pseudoobscura_Drosophila_pseudoobscura__Act88F__XP_002137155.1	185	185	185	137	ATC	0.07108426094055176	1	moderate	moderate	0.022	False	user_msa
Drosophila_sechellia_Drosophila_sechellia__Act88F__XP_002031056.2	185	185	185	137	ATC	0.07108426094055176	1	moderate	moderate	0.022	False	user_msa
Drosophila_simulans_Drosophila_simulans__LOC6727955__XP_016034553.1	185	185	185	137	ATC	0.07108426094055176	1	moderate	moderate	0.022	False	user_msa
Drosophila_subobscura_Drosophila_subobscura__LOC117898432__XP_034663715.1	185	185	185	137	ATC	0.07108426094055176	1	moderate	moderate	0.022	False	user_msa
Drosophila_suzukii_Drosophila_suzukii__Act88F__XP_016925443.1	185	185	185	137	ATC	0.07108426094055176	1	moderate	moderate	0.022	False	user_msa
Drosophila_virilis_Drosophila_virilis__Act88F__XP_002054294.1	185	185	185	137	ATT	0.07715912163257599	1	moderate	moderate	0.022	False	user_msa
Drosophila_willistoni_Drosophila_willistoni__LOC6646901__XP_002069647.1	185	185	185	137	ATT	0.07715912163257599	1	moderate	moderate	0.022	False	user_msa
Drosophila_yakuba_Drosophila_yakuba__LOC6537169__XP_002097730.1	185	185	185	137	ATT	0.07715912163257599	1	moderate	moderate	0.022	False	user_msa
Drosophila_ananassae_Drosophila_ananassae__LOC6501076__XP_001954513.1	186	186	186	138	CAG	0.06352322548627853	1	moderate	moderate	0.022	False	user_msa
Drosophila_biarmipes_Drosophila_biarmipes__LOC108026160__XP_016952383.1	186	186	186	138	CAG	0.06352322548627853	1	moderate	moderate	0.022	False	user_msa
Drosophila_mauritiana_Drosophila_mauritiana__LOC117145868__XP_033167581.1	186	186	186	138	CAG	0.06352322548627853	1	moderate	moderate	0.022	False	user_msa
Drosophila_melanogaster_Drosophila_melanogaster__Act88F__NP_524367.1	186	186	186	138	CAG	0.06352322548627853	1	moderate	moderate	0.022	False	user_msa
Drosophila_pseudoobscura_Drosophila_pseudoobscura__Act88F__XP_002137155.1	186	186	186	138	CAG	0.06352322548627853	1	moderate	moderate	0.022	False	user_msa
Drosophila_sechellia_Drosophila_sechellia__Act88F__XP_002031056.2	186	186	186	138	CAG	0.06352322548627853	1	moderate	moderate	0.022	False	user_msa
Drosophila_simulans_Drosophila_simulans__LOC6727955__XP_016034553.1	186	186	186	138	CAG	0.06352322548627853	1	moderate	moderate	0.022	False	user_msa
Drosophila_subobscura_Drosophila_subobscura__LOC117898432__XP_034663715.1	186	186	186	138	CAG	0.06352322548627853	1	moderate	moderate	0.022	False	user_msa
Drosophila_suzukii_Drosophila_suzukii__Act88F__XP_016925443.1	186	186	186	138	CAG	0.06352322548627853	1	moderate	moderate	0.022	False	user_msa
Drosophila_virilis_Drosophila_virilis__Act88F__XP_002054294.1	186	186	186	138	CAG	0.06352322548627853	1	moderate	moderate	0.022	False	user_msa
Drosophila_willistoni_Drosophila_willistoni__LOC6646901__XP_002069647.1	186	186	186	138	CAG	0.06352322548627853	1	moderate	moderate	0.022	False	user_msa
Drosophila_yakuba_Drosophila_yakuba__LOC6537169__XP_002097730.1	186	186	186	138	CAG	0.06352322548627853	1	moderate	moderate	0.022	False	user_msa
Drosophila_ananassae_Drosophila_ananassae__LOC6501076__XP_001954513.1	187	187	187	139	GCC	0.07800330221652985	1	moderate	moderate	0.022	False	user_msa
Drosophila_biarmipes_Drosophila_biarmipes__LOC108026160__XP_016952383.1	187	187	187	139	GCC	0.07800330221652985	1	moderate	moderate	0.022	False	user_msa
Drosophila_mauritiana_Drosophila_mauritiana__LOC117145868__XP_033167581.1	187	187	187	139	GCC	0.07800330221652985	1	moderate	moderate	0.022	False	user_msa
Drosophila_melanogaster_Drosophila_melanogaster__Act88F__NP_524367.1	187	187	187	139	GCC	0.07800330221652985	1	moderate	moderate	0.022	False	user_msa
Drosophila_pseudoobscura_Drosophila_pseudoobscura__Act88F__XP_002137155.1	187	187	187	139	GCC	0.07800330221652985	1	moderate	moderate	0.022	False	user_msa
Drosophila_sechellia_Drosophila_sechellia__Act88F__XP_002031056.2	187	187	187	139	GCC	0.07800330221652985	1	moderate	moderate	0.022	False	user_msa
Drosophila_simulans_Drosophila_simulans__LOC6727955__XP_016034553.1	187	187	187	139	GCC	0.07800330221652985	1	moderate	moderate	0.022	False	user_msa
Drosophila_subobscura_Drosophila_subobscura__LOC117898432__XP_034663715.1	187	187	187	139	GCC	0.07800330221652985	1	moderate	moderate	0.022	False	user_msa
Drosophila_suzukii_Drosophila_suzukii__Act88F__XP_016925443.1	187	187	187	139	GCT	0.08530516177415848	1	moderate	moderate	0.022	False	user_msa
Drosophila_virilis_Drosophila_virilis__Act88F__XP_002054294.1	187	187	187	139	GCT	0.08530516177415848	1	moderate	moderate	0.022	False	user_msa
Drosophila_willistoni_Drosophila_willistoni__LOC6646901__XP_002069647.1	187	187	187	139	GCT	0.08530516177415848	1	moderate	moderate	0.022	False	user_msa
Drosophila_yakuba_Drosophila_yakuba__LOC6537169__XP_002097730.1	187	187	187	139	GCC	0.07800330221652985	1	moderate	moderate	0.022	False	user_msa
Drosophila_ananassae_Drosophila_ananassae__LOC6501076__XP_001954513.1	188	188	188	140	GTG	0.07075575739145279	1	moderate	moderate	0.022	False	user_msa
Drosophila_biarmipes_Drosophila_biarmipes__LOC108026160__XP_016952383.1	188	188	188	140	GTG	0.07075575739145279	1	moderate	moderate	0.022	False	user_msa
Drosophila_mauritiana_Drosophila_mauritiana__LOC117145868__XP_033167581.1	188	188	188	140	GTG	0.07075575739145279	1	moderate	moderate	0.022	False	user_msa
Drosophila_melanogaster_Drosophila_melanogaster__Act88F__NP_524367.1	188	188	188	140	GTG	0.07075575739145279	1	moderate	moderate	0.022	False	user_msa
Drosophila_pseudoobscura_Drosophila_pseudoobscura__Act88F__XP_002137155.1	188	188	188	140	GTG	0.07075575739145279	1	moderate	moderate	0.022	False	user_msa
Drosophila_sechellia_Drosophila_sechellia__Act88F__XP_002031056.2	188	188	188	140	GTG	0.07075575739145279	1	moderate	moderate	0.022	False	user_msa
Drosophila_simulans_Drosophila_simulans__LOC6727955__XP_016034553.1	188	188	188	140	GTG	0.07075575739145279	1	moderate	moderate	0.022	False	user_msa
Drosophila_subobscura_Drosophila_subobscura__LOC117898432__XP_034663715.1	188	188	188	140	GTG	0.07075575739145279	1	moderate	moderate	0.022	False	user_msa
Drosophila_suzukii_Drosophila_suzukii__Act88F__XP_016925443.1	188	188	188	140	GTG	0.07075575739145279	1	moderate	moderate	0.022	False	user_msa
Drosophila_virilis_Drosophila_virilis__Act88F__XP_002054294.1	188	188	188	140	GTG	0.07075575739145279	1	moderate	moderate	0.022	False	user_msa
Drosophila_willistoni_Drosophila_willistoni__LOC6646901__XP_002069647.1	188	188	188	140	GTG	0.07075575739145279	1	moderate	moderate	0.022	False	user_msa
Drosophila_yakuba_Drosophila_yakuba__LOC6537169__XP_002097730.1	188	188	188	140	GTG	0.07075575739145279	1	moderate	moderate	0.022	False	user_msa
Drosophila_ananassae_Drosophila_ananassae__LOC6501076__XP_001954513.1	189	189	189	141	CTC	0.07198702543973923	1	moderate	moderate	0.022	False	user_msa
Drosophila_biarmipes_Drosophila_biarmipes__LOC108026160__XP_016952383.1	189	189	189	141	CTC	0.07198702543973923	1	moderate	moderate	0.022	False	user_msa
Drosophila_mauritiana_Drosophila_mauritiana__LOC117145868__XP_033167581.1	189	189	189	141	CTC	0.07198702543973923	1	moderate	moderate	0.022	False	user_msa
Drosophila_melanogaster_Drosophila_melanogaster__Act88F__NP_524367.1	189	189	189	141	CTC	0.07198702543973923	1	moderate	moderate	0.022	False	user_msa
Drosophila_pseudoobscura_Drosophila_pseudoobscura__Act88F__XP_002137155.1	189	189	189	141	CTG	0.07376198470592499	1	moderate	moderate	0.022	False	user_msa
Drosophila_sechellia_Drosophila_sechellia__Act88F__XP_002031056.2	189	189	189	141	CTC	0.07198702543973923	1	moderate	moderate	0.022	False	user_msa
Drosophila_simulans_Drosophila_simulans__LOC6727955__XP_016034553.1	189	189	189	141	CTC	0.07198702543973923	1	moderate	moderate	0.022	False	user_msa
Drosophila_subobscura_Drosophila_subobscura__LOC117898432__XP_034663715.1	189	189	189	141	CTC	0.07198702543973923	1	moderate	moderate	0.022	False	user_msa
Drosophila_suzukii_Drosophila_suzukii__Act88F__XP_016925443.1	189	189	189	141	CTC	0.07198702543973923	1	moderate	moderate	0.022	False	user_msa
Drosophila_virilis_Drosophila_virilis__Act88F__XP_002054294.1	189	189	189	141	CTG	0.07376198470592499	1	moderate	moderate	0.022	False	user_msa
Drosophila_willistoni_Drosophila_willistoni__LOC6646901__XP_002069647.1	189	189	189	141	TTG	0.42562010884284973	1	moderate	moderate	0.022	False	user_msa
Drosophila_yakuba_Drosophila_yakuba__LOC6537169__XP_002097730.1	189	189	189	141	CTC	0.07198702543973923	1	moderate	moderate	0.022	False	user_msa
Drosophila_ananassae_Drosophila_ananassae__LOC6501076__XP_001954513.1	190	190	190	142	TCC	0.07288659363985062	1	moderate	moderate	0.022	False	user_msa
Drosophila_biarmipes_Drosophila_biarmipes__LOC108026160__XP_016952383.1	190	190	190	142	TCC	0.07288659363985062	1	moderate	moderate	0.022	False	user_msa
Drosophila_mauritiana_Drosophila_mauritiana__LOC117145868__XP_033167581.1	190	190	190	142	TCC	0.07288659363985062	1	moderate	moderate	0.022	False	user_msa
Drosophila_melanogaster_Drosophila_melanogaster__Act88F__NP_524367.1	190	190	190	142	TCC	0.07288659363985062	1	moderate	moderate	0.022	False	user_msa
Drosophila_pseudoobscura_Drosophila_pseudoobscura__Act88F__XP_002137155.1	190	190	190	142	TCC	0.07288659363985062	1	moderate	moderate	0.022	False	user_msa
Drosophila_sechellia_Drosophila_sechellia__Act88F__XP_002031056.2	190	190	190	142	TCC	0.07288659363985062	1	moderate	moderate	0.022	False	user_msa
Drosophila_simulans_Drosophila_simulans__LOC6727955__XP_016034553.1	190	190	190	142	TCC	0.07288659363985062	1	moderate	moderate	0.022	False	user_msa
Drosophila_subobscura_Drosophila_subobscura__LOC117898432__XP_034663715.1	190	190	190	142	TCC	0.07288659363985062	1	moderate	moderate	0.022	False	user_msa
Drosophila_suzukii_Drosophila_suzukii__Act88F__XP_016925443.1	190	190	190	142	TCC	0.07288659363985062	1	moderate	moderate	0.022	False	user_msa
Drosophila_virilis_Drosophila_virilis__Act88F__XP_002054294.1	190	190	190	142	TCC	0.07288659363985062	1	moderate	moderate	0.022	False	user_msa
Drosophila_willistoni_Drosophila_willistoni__LOC6646901__XP_002069647.1	190	190	190	142	TCC	0.07288659363985062	1	moderate	moderate	0.022	False	user_msa
Drosophila_yakuba_Drosophila_yakuba__LOC6537169__XP_002097730.1	190	190	190	142	TCC	0.07288659363985062	1	moderate	moderate	0.022	False	user_msa
Drosophila_ananassae_Drosophila_ananassae__LOC6501076__XP_001954513.1	191	191	191	143	CTG	0.0661393254995346	1	moderate	moderate	0.022	False	user_msa
Drosophila_biarmipes_Drosophila_biarmipes__LOC108026160__XP_016952383.1	191	191	191	143	CTG	0.0661393254995346	1	moderate	moderate	0.022	False	user_msa
Drosophila_mauritiana_Drosophila_mauritiana__LOC117145868__XP_033167581.1	191	191	191	143	CTG	0.0661393254995346	1	moderate	moderate	0.022	False	user_msa
Drosophila_melanogaster_Drosophila_melanogaster__Act88F__NP_524367.1	191	191	191	143	CTG	0.0661393254995346	1	moderate	moderate	0.022	False	user_msa
Drosophila_pseudoobscura_Drosophila_pseudoobscura__Act88F__XP_002137155.1	191	191	191	143	CTG	0.0661393254995346	1	moderate	moderate	0.022	False	user_msa
Drosophila_sechellia_Drosophila_sechellia__Act88F__XP_002031056.2	191	191	191	143	CTG	0.0661393254995346	1	moderate	moderate	0.022	False	user_msa
Drosophila_simulans_Drosophila_simulans__LOC6727955__XP_016034553.1	191	191	191	143	CTG	0.0661393254995346	1	moderate	moderate	0.022	False	user_msa
Drosophila_subobscura_Drosophila_subobscura__LOC117898432__XP_034663715.1	191	191	191	143	CTG	0.0661393254995346	1	moderate	moderate	0.022	False	user_msa
Drosophila_suzukii_Drosophila_suzukii__Act88F__XP_016925443.1	191	191	191	143	CTG	0.0661393254995346	1	moderate	moderate	0.022	False	user_msa
Drosophila_virilis_Drosophila_virilis__Act88F__XP_002054294.1	191	191	191	143	CTG	0.0661393254995346	1	moderate	moderate	0.022	False	user_msa
Drosophila_willistoni_Drosophila_willistoni__LOC6646901__XP_002069647.1	191	191	191	143	CTG	0.0661393254995346	1	moderate	moderate	0.022	False	user_msa
Drosophila_yakuba_Drosophila_yakuba__LOC6537169__XP_002097730.1	191	191	191	143	CTG	0.0661393254995346	1	moderate	moderate	0.022	False	user_msa
Drosophila_ananassae_Drosophila_ananassae__LOC6501076__XP_001954513.1	192	192	192	144	TAC	0.08288468420505524	1	moderate	moderate	0.022	False	user_msa
Drosophila_biarmipes_Drosophila_biarmipes__LOC108026160__XP_016952383.1	192	192	192	144	TAC	0.08288468420505524	1	moderate	moderate	0.022	False	user_msa
Drosophila_mauritiana_Drosophila_mauritiana__LOC117145868__XP_033167581.1	192	192	192	144	TAC	0.08288468420505524	1	moderate	moderate	0.022	False	user_msa
Drosophila_melanogaster_Drosophila_melanogaster__Act88F__NP_524367.1	192	192	192	144	TAC	0.08288468420505524	1	moderate	moderate	0.022	False	user_msa
Drosophila_pseudoobscura_Drosophila_pseudoobscura__Act88F__XP_002137155.1	192	192	192	144	TAC	0.08288468420505524	1	moderate	moderate	0.022	False	user_msa
Drosophila_sechellia_Drosophila_sechellia__Act88F__XP_002031056.2	192	192	192	144	TAC	0.08288468420505524	1	moderate	moderate	0.022	False	user_msa
Drosophila_simulans_Drosophila_simulans__LOC6727955__XP_016034553.1	192	192	192	144	TAC	0.08288468420505524	1	moderate	moderate	0.022	False	user_msa
Drosophila_subobscura_Drosophila_subobscura__LOC117898432__XP_034663715.1	192	192	192	144	TAT	0.09059851616621017	1	moderate	moderate	0.022	False	user_msa
Drosophila_suzukii_Drosophila_suzukii__Act88F__XP_016925443.1	192	192	192	144	TAC	0.08288468420505524	1	moderate	moderate	0.022	False	user_msa
Drosophila_virilis_Drosophila_virilis__Act88F__XP_002054294.1	192	192	192	144	TAC	0.08288468420505524	1	moderate	moderate	0.022	False	user_msa
Drosophila_willistoni_Drosophila_willistoni__LOC6646901__XP_002069647.1	192	192	192	144	TAT	0.09059851616621017	1	moderate	moderate	0.022	False	user_msa
Drosophila_yakuba_Drosophila_yakuba__LOC6537169__XP_002097730.1	192	192	192	144	TAC	0.08288468420505524	1	moderate	moderate	0.022	False	user_msa
Drosophila_ananassae_Drosophila_ananassae__LOC6501076__XP_001954513.1	193	193	193	145	GCC	0.07883747667074203	1	moderate	moderate	0.022	False	user_msa
Drosophila_biarmipes_Drosophila_biarmipes__LOC108026160__XP_016952383.1	193	193	193	145	GCC	0.07883747667074203	1	moderate	moderate	0.022	False	user_msa
Drosophila_mauritiana_Drosophila_mauritiana__LOC117145868__XP_033167581.1	193	193	193	145	GCC	0.07883747667074203	1	moderate	moderate	0.022	False	user_msa
Drosophila_melanogaster_Drosophila_melanogaster__Act88F__NP_524367.1	193	193	193	145	GCC	0.07883747667074203	1	moderate	moderate	0.022	False	user_msa
Drosophila_pseudoobscura_Drosophila_pseudoobscura__Act88F__XP_002137155.1	193	193	193	145	GCC	0.07883747667074203	1	moderate	moderate	0.022	False	user_msa
Drosophila_sechellia_Drosophila_sechellia__Act88F__XP_002031056.2	193	193	193	145	GCC	0.07883747667074203	1	moderate	moderate	0.022	False	user_msa
Drosophila_simulans_Drosophila_simulans__LOC6727955__XP_016034553.1	193	193	193	145	GCC	0.07883747667074203	1	moderate	moderate	0.022	False	user_msa
Drosophila_subobscura_Drosophila_subobscura__LOC117898432__XP_034663715.1	193	193	193	145	GCC	0.07883747667074203	1	moderate	moderate	0.022	False	user_msa
Drosophila_suzukii_Drosophila_suzukii__Act88F__XP_016925443.1	193	193	193	145	GCC	0.07883747667074203	1	moderate	moderate	0.022	False	user_msa
Drosophila_virilis_Drosophila_virilis__Act88F__XP_002054294.1	193	193	193	145	GCT	0.08621009439229965	1	moderate	moderate	0.022	False	user_msa
Drosophila_willistoni_Drosophila_willistoni__LOC6646901__XP_002069647.1	193	193	193	145	GCT	0.08621009439229965	1	moderate	moderate	0.022	False	user_msa
Drosophila_yakuba_Drosophila_yakuba__LOC6537169__XP_002097730.1	193	193	193	145	GCC	0.07883747667074203	1	moderate	moderate	0.022	False	user_msa
Drosophila_ananassae_Drosophila_ananassae__LOC6501076__XP_001954513.1	194	194	194	146	TCC	0.08532966673374176	1	moderate	moderate	0.022	False	user_msa
Drosophila_biarmipes_Drosophila_biarmipes__LOC108026160__XP_016952383.1	194	194	194	146	TCC	0.08532966673374176	1	moderate	moderate	0.022	False	user_msa
Drosophila_mauritiana_Drosophila_mauritiana__LOC117145868__XP_033167581.1	194	194	194	146	TCC	0.08532966673374176	1	moderate	moderate	0.022	False	user_msa
Drosophila_melanogaster_Drosophila_melanogaster__Act88F__NP_524367.1	194	194	194	146	TCC	0.08532966673374176	1	moderate	moderate	0.022	False	user_msa
Drosophila_pseudoobscura_Drosophila_pseudoobscura__Act88F__XP_002137155.1	194	194	194	146	TCC	0.08532966673374176	1	moderate	moderate	0.022	False	user_msa
Drosophila_sechellia_Drosophila_sechellia__Act88F__XP_002031056.2	194	194	194	146	TCC	0.08532966673374176	1	moderate	moderate	0.022	False	user_msa
Drosophila_simulans_Drosophila_simulans__LOC6727955__XP_016034553.1	194	194	194	146	TCT	0.09324782341718674	1	moderate	moderate	0.022	False	user_msa
Drosophila_subobscura_Drosophila_subobscura__LOC117898432__XP_034663715.1	194	194	194	146	TCC	0.08532966673374176	1	moderate	moderate	0.022	False	user_msa
Drosophila_suzukii_Drosophila_suzukii__Act88F__XP_016925443.1	194	194	194	146	TCC	0.08532966673374176	1	moderate	moderate	0.022	False	user_msa
Drosophila_virilis_Drosophila_virilis__Act88F__XP_002054294.1	194	194	194	146	TCC	0.08532966673374176	1	moderate	moderate	0.022	False	user_msa
Drosophila_willistoni_Drosophila_willistoni__LOC6646901__XP_002069647.1	194	194	194	146	TCC	0.08532966673374176	1	moderate	moderate	0.022	False	user_msa
Drosophila_yakuba_Drosophila_yakuba__LOC6537169__XP_002097730.1	194	194	194	146	TCC	0.08532966673374176	1	moderate	moderate	0.022	False	user_msa
Drosophila_ananassae_Drosophila_ananassae__LOC6501076__XP_001954513.1	195	195	195	147	GGT	0.08317580074071884	1	moderate	moderate	0.022	False	user_msa
Drosophila_biarmipes_Drosophila_biarmipes__LOC108026160__XP_016952383.1	195	195	195	147	GGT	0.08317580074071884	1	moderate	moderate	0.022	False	user_msa
Drosophila_mauritiana_Drosophila_mauritiana__LOC117145868__XP_033167581.1	195	195	195	147	GGT	0.08317580074071884	1	moderate	moderate	0.022	False	user_msa
Drosophila_melanogaster_Drosophila_melanogaster__Act88F__NP_524367.1	195	195	195	147	GGT	0.08317580074071884	1	moderate	moderate	0.022	False	user_msa
Drosophila_pseudoobscura_Drosophila_pseudoobscura__Act88F__XP_002137155.1	195	195	195	147	GGT	0.08317580074071884	1	moderate	moderate	0.022	False	user_msa
Drosophila_sechellia_Drosophila_sechellia__Act88F__XP_002031056.2	195	195	195	147	GGT	0.08317580074071884	1	moderate	moderate	0.022	False	user_msa
Drosophila_simulans_Drosophila_simulans__LOC6727955__XP_016034553.1	195	195	195	147	GGT	0.08317580074071884	1	moderate	moderate	0.022	False	user_msa
Drosophila_subobscura_Drosophila_subobscura__LOC117898432__XP_034663715.1	195	195	195	147	GGT	0.08317580074071884	1	moderate	moderate	0.022	False	user_msa
Drosophila_suzukii_Drosophila_suzukii__Act88F__XP_016925443.1	195	195	195	147	GGT	0.08317580074071884	1	moderate	moderate	0.022	False	user_msa
Drosophila_virilis_Drosophila_virilis__Act88F__XP_002054294.1	195	195	195	147	GGC	0.07604110985994339	1	moderate	moderate	0.022	False	user_msa
Drosophila_willistoni_Drosophila_willistoni__LOC6646901__XP_002069647.1	195	195	195	147	GGT	0.08317580074071884	1	moderate	moderate	0.022	False	user_msa
Drosophila_yakuba_Drosophila_yakuba__LOC6537169__XP_002097730.1	195	195	195	147	GGC	0.07604110985994339	1	moderate	moderate	0.022	False	user_msa
Drosophila_ananassae_Drosophila_ananassae__LOC6501076__XP_001954513.1	196	196	196	148	CGT	0.06552975624799728	1	moderate	moderate	0.022	False	user_msa
Drosophila_biarmipes_Drosophila_biarmipes__LOC108026160__XP_016952383.1	196	196	196	148	CGT	0.06552975624799728	1	moderate	moderate	0.022	False	user_msa
Drosophila_mauritiana_Drosophila_mauritiana__LOC117145868__XP_033167581.1	196	196	196	148	CGT	0.06552975624799728	1	moderate	moderate	0.022	False	user_msa
Drosophila_melanogaster_Drosophila_melanogaster__Act88F__NP_524367.1	196	196	196	148	CGT	0.06552975624799728	1	moderate	moderate	0.022	False	user_msa
Drosophila_pseudoobscura_Drosophila_pseudoobscura__Act88F__XP_002137155.1	196	196	196	148	CGT	0.06552975624799728	1	moderate	moderate	0.022	False	user_msa
Drosophila_sechellia_Drosophila_sechellia__Act88F__XP_002031056.2	196	196	196	148	CGT	0.06552975624799728	1	moderate	moderate	0.022	False	user_msa
Drosophila_simulans_Drosophila_simulans__LOC6727955__XP_016034553.1	196	196	196	148	CGT	0.06552975624799728	1	moderate	moderate	0.022	False	user_msa
Drosophila_subobscura_Drosophila_subobscura__LOC117898432__XP_034663715.1	196	196	196	148	CGT	0.06552975624799728	1	moderate	moderate	0.022	False	user_msa
Drosophila_suzukii_Drosophila_suzukii__Act88F__XP_016925443.1	196	196	196	148	CGT	0.06552975624799728	1	moderate	moderate	0.022	False	user_msa
Drosophila_virilis_Drosophila_virilis__Act88F__XP_002054294.1	196	196	196	148	CGT	0.06552975624799728	1	moderate	moderate	0.022	False	user_msa
Drosophila_willistoni_Drosophila_willistoni__LOC6646901__XP_002069647.1	196	196	196	148	CGT	0.06552975624799728	1	moderate	moderate	0.022	False	user_msa
Drosophila_yakuba_Drosophila_yakuba__LOC6537169__XP_002097730.1	196	196	196	148	CGT	0.06552975624799728	1	moderate	moderate	0.022	False	user_msa
Drosophila_ananassae_Drosophila_ananassae__LOC6501076__XP_001954513.1	197	197	197	149	ACC	0.060930151492357254	1	moderate	moderate	0.022	False	user_msa
Drosophila_biarmipes_Drosophila_biarmipes__LOC108026160__XP_016952383.1	197	197	197	149	ACC	0.060930151492357254	1	moderate	moderate	0.022	False	user_msa
Drosophila_mauritiana_Drosophila_mauritiana__LOC117145868__XP_033167581.1	197	197	197	149	ACC	0.060930151492357254	1	moderate	moderate	0.022	False	user_msa
Drosophila_melanogaster_Drosophila_melanogaster__Act88F__NP_524367.1	197	197	197	149	ACC	0.060930151492357254	1	moderate	moderate	0.022	False	user_msa
Drosophila_pseudoobscura_Drosophila_pseudoobscura__Act88F__XP_002137155.1	197	197	197	149	ACC	0.060930151492357254	1	moderate	moderate	0.022	False	user_msa
Drosophila_sechellia_Drosophila_sechellia__Act88F__XP_002031056.2	197	197	197	149	ACC	0.060930151492357254	1	moderate	moderate	0.022	False	user_msa
Drosophila_simulans_Drosophila_simulans__LOC6727955__XP_016034553.1	197	197	197	149	ACC	0.060930151492357254	1	moderate	moderate	0.022	False	user_msa
Drosophila_subobscura_Drosophila_subobscura__LOC117898432__XP_034663715.1	197	197	197	149	ACC	0.060930151492357254	1	moderate	moderate	0.022	False	user_msa
Drosophila_suzukii_Drosophila_suzukii__Act88F__XP_016925443.1	197	197	197	149	ACC	0.060930151492357254	1	moderate	moderate	0.022	False	user_msa
Drosophila_virilis_Drosophila_virilis__Act88F__XP_002054294.1	197	197	197	149	ACC	0.060930151492357254	1	moderate	moderate	0.022	False	user_msa
Drosophila_willistoni_Drosophila_willistoni__LOC6646901__XP_002069647.1	197	197	197	149	ACC	0.060930151492357254	1	moderate	moderate	0.022	False	user_msa
Drosophila_yakuba_Drosophila_yakuba__LOC6537169__XP_002097730.1	197	197	197	149	ACC	0.060930151492357254	1	moderate	moderate	0.022	False	user_msa
Drosophila_ananassae_Drosophila_ananassae__LOC6501076__XP_001954513.1	198	198	198	150	ACC	0.06852088868618011	1	moderate	moderate	0.022	False	user_msa
Drosophila_biarmipes_Drosophila_biarmipes__LOC108026160__XP_016952383.1	198	198	198	150	ACT	0.07342655211687088	1	moderate	moderate	0.022	False	user_msa
Drosophila_mauritiana_Drosophila_mauritiana__LOC117145868__XP_033167581.1	198	198	198	150	ACC	0.06852088868618011	1	moderate	moderate	0.022	False	user_msa
Drosophila_melanogaster_Drosophila_melanogaster__Act88F__NP_524367.1	198	198	198	150	ACC	0.06852088868618011	1	moderate	moderate	0.022	False	user_msa
Drosophila_pseudoobscura_Drosophila_pseudoobscura__Act88F__XP_002137155.1	198	198	198	150	ACT	0.07342655211687088	1	moderate	moderate	0.022	False	user_msa
Drosophila_sechellia_Drosophila_sechellia__Act88F__XP_002031056.2	198	198	198	150	ACC	0.06852088868618011	1	moderate	moderate	0.022	False	user_msa
Drosophila_simulans_Drosophila_simulans__LOC6727955__XP_016034553.1	198	198	198	150	ACC	0.06852088868618011	1	moderate	moderate	0.022	False	user_msa
Drosophila_subobscura_Drosophila_subobscura__LOC117898432__XP_034663715.1	198	198	198	150	ACT	0.07342655211687088	1	moderate	moderate	0.022	False	user_msa
Drosophila_suzukii_Drosophila_suzukii__Act88F__XP_016925443.1	198	198	198	150	ACT	0.07342655211687088	1	moderate	moderate	0.022	False	user_msa
Drosophila_virilis_Drosophila_virilis__Act88F__XP_002054294.1	198	198	198	150	ACT	0.07342655211687088	1	moderate	moderate	0.022	False	user_msa
Drosophila_willistoni_Drosophila_willistoni__LOC6646901__XP_002069647.1	198	198	198	150	ACC	0.06852088868618011	1	moderate	moderate	0.022	False	user_msa
Drosophila_yakuba_Drosophila_yakuba__LOC6537169__XP_002097730.1	198	198	198	150	ACC	0.06852088868618011	1	moderate	moderate	0.022	False	user_msa
Drosophila_ananassae_Drosophila_ananassae__LOC6501076__XP_001954513.1	199	199	199	151	GGT	0.06991878151893616	1	moderate	moderate	0.022	False	user_msa
Drosophila_biarmipes_Drosophila_biarmipes__LOC108026160__XP_016952383.1	199	199	199	151	GGT	0.06991878151893616	1	moderate	moderate	0.022	False	user_msa
Drosophila_mauritiana_Drosophila_mauritiana__LOC117145868__XP_033167581.1	199	199	199	151	GGT	0.06991878151893616	1	moderate	moderate	0.022	False	user_msa
Drosophila_melanogaster_Drosophila_melanogaster__Act88F__NP_524367.1	199	199	199	151	GGT	0.06991878151893616	1	moderate	moderate	0.022	False	user_msa
Drosophila_pseudoobscura_Drosophila_pseudoobscura__Act88F__XP_002137155.1	199	199	199	151	GGT	0.06991878151893616	1	moderate	moderate	0.022	False	user_msa
Drosophila_sechellia_Drosophila_sechellia__Act88F__XP_002031056.2	199	199	199	151	GGT	0.06991878151893616	1	moderate	moderate	0.022	False	user_msa
Drosophila_simulans_Drosophila_simulans__LOC6727955__XP_016034553.1	199	199	199	151	GGT	0.06991878151893616	1	moderate	moderate	0.022	False	user_msa
Drosophila_subobscura_Drosophila_subobscura__LOC117898432__XP_034663715.1	199	199	199	151	GGT	0.06991878151893616	1	moderate	moderate	0.022	False	user_msa
Drosophila_suzukii_Drosophila_suzukii__Act88F__XP_016925443.1	199	199	199	151	GGT	0.06991878151893616	1	moderate	moderate	0.022	False	user_msa
Drosophila_virilis_Drosophila_virilis__Act88F__XP_002054294.1	199	199	199	151	GGT	0.06991878151893616	1	moderate	moderate	0.022	False	user_msa
Drosophila_willistoni_Drosophila_willistoni__LOC6646901__XP_002069647.1	199	199	199	151	GGT	0.06991878151893616	1	moderate	moderate	0.022	False	user_msa
Drosophila_yakuba_Drosophila_yakuba__LOC6537169__XP_002097730.1	199	199	199	151	GGT	0.06991878151893616	1	moderate	moderate	0.022	False	user_msa
Drosophila_ananassae_Drosophila_ananassae__LOC6501076__XP_001954513.1	200	200	200	152	ATT	0.06301087886095047	1	moderate	moderate	0.022	False	user_msa
Drosophila_biarmipes_Drosophila_biarmipes__LOC108026160__XP_016952383.1	200	200	200	152	ATT	0.06301087886095047	1	moderate	moderate	0.022	False	user_msa
Drosophila_mauritiana_Drosophila_mauritiana__LOC117145868__XP_033167581.1	200	200	200	152	ATT	0.06301087886095047	1	moderate	moderate	0.022	False	user_msa
Drosophila_melanogaster_Drosophila_melanogaster__Act88F__NP_524367.1	200	200	200	152	ATT	0.06301087886095047	1	moderate	moderate	0.022	False	user_msa
Drosophila_pseudoobscura_Drosophila_pseudoobscura__Act88F__XP_002137155.1	200	200	200	152	ATT	0.06301087886095047	1	moderate	moderate	0.022	False	user_msa
Drosophila_sechellia_Drosophila_sechellia__Act88F__XP_002031056.2	200	200	200	152	ATT	0.06301087886095047	1	moderate	moderate	0.022	False	user_msa
Drosophila_simulans_Drosophila_simulans__LOC6727955__XP_016034553.1	200	200	200	152	ATT	0.06301087886095047	1	moderate	moderate	0.022	False	user_msa
Drosophila_subobscura_Drosophila_subobscura__LOC117898432__XP_034663715.1	200	200	200	152	ATT	0.06301087886095047	1	moderate	moderate	0.022	False	user_msa
Drosophila_suzukii_Drosophila_suzukii__Act88F__XP_016925443.1	200	200	200	152	ATT	0.06301087886095047	1	moderate	moderate	0.022	False	user_msa
Drosophila_virilis_Drosophila_virilis__Act88F__XP_002054294.1	200	200	200	152	ATT	0.06301087886095047	1	moderate	moderate	0.022	False	user_msa
Drosophila_willistoni_Drosophila_willistoni__LOC6646901__XP_002069647.1	200	200	200	152	ATT	0.06301087886095047	1	moderate	moderate	0.022	False	user_msa
Drosophila_yakuba_Drosophila_yakuba__LOC6537169__XP_002097730.1	200	200	200	152	ATT	0.06301087886095047	1	moderate	moderate	0.022	False	user_msa
Drosophila_ananassae_Drosophila_ananassae__LOC6501076__XP_001954513.1	201	201	201	153	GTG	0.07082073390483856	1	moderate	moderate	0.022	False	user_msa
Drosophila_biarmipes_Drosophila_biarmipes__LOC108026160__XP_016952383.1	201	201	201	153	GTG	0.07082073390483856	1	moderate	moderate	0.022	False	user_msa
Drosophila_mauritiana_Drosophila_mauritiana__LOC117145868__XP_033167581.1	201	201	201	153	GTG	0.07082073390483856	1	moderate	moderate	0.022	False	user_msa
Drosophila_melanogaster_Drosophila_melanogaster__Act88F__NP_524367.1	201	201	201	153	GTG	0.07082073390483856	1	moderate	moderate	0.022	False	user_msa
Drosophila_pseudoobscura_Drosophila_pseudoobscura__Act88F__XP_002137155.1	201	201	201	153	GTG	0.07082073390483856	1	moderate	moderate	0.022	False	user_msa
Drosophila_sechellia_Drosophila_sechellia__Act88F__XP_002031056.2	201	201	201	153	GTG	0.07082073390483856	1	moderate	moderate	0.022	False	user_msa
Drosophila_simulans_Drosophila_simulans__LOC6727955__XP_016034553.1	201	201	201	153	GTG	0.07082073390483856	1	moderate	moderate	0.022	False	user_msa
Drosophila_subobscura_Drosophila_subobscura__LOC117898432__XP_034663715.1	201	201	201	153	GTG	0.07082073390483856	1	moderate	moderate	0.022	False	user_msa
Drosophila_suzukii_Drosophila_suzukii__Act88F__XP_016925443.1	201	201	201	153	GTG	0.07082073390483856	1	moderate	moderate	0.022	False	user_msa
Drosophila_virilis_Drosophila_virilis__Act88F__XP_002054294.1	201	201	201	153	GTG	0.07082073390483856	1	moderate	moderate	0.022	False	user_msa
Drosophila_willistoni_Drosophila_willistoni__LOC6646901__XP_002069647.1	201	201	201	153	GTG	0.07082073390483856	1	moderate	moderate	0.022	False	user_msa
Drosophila_yakuba_Drosophila_yakuba__LOC6537169__XP_002097730.1	201	201	201	153	GTG	0.07082073390483856	1	moderate	moderate	0.022	False	user_msa
Drosophila_ananassae_Drosophila_ananassae__LOC6501076__XP_001954513.1	202	202	202	154	CTG	0.05571991950273514	1	moderate	moderate	0.022	False	user_msa
Drosophila_biarmipes_Drosophila_biarmipes__LOC108026160__XP_016952383.1	202	202	202	154	CTG	0.05571991950273514	1	moderate	moderate	0.022	False	user_msa
Drosophila_mauritiana_Drosophila_mauritiana__LOC117145868__XP_033167581.1	202	202	202	154	CTG	0.05571991950273514	1	moderate	moderate	0.022	False	user_msa
Drosophila_melanogaster_Drosophila_melanogaster__Act88F__NP_524367.1	202	202	202	154	CTG	0.05571991950273514	1	moderate	moderate	0.022	False	user_msa
Drosophila_pseudoobscura_Drosophila_pseudoobscura__Act88F__XP_002137155.1	202	202	202	154	CTG	0.05571991950273514	1	moderate	moderate	0.022	False	user_msa
Drosophila_sechellia_Drosophila_sechellia__Act88F__XP_002031056.2	202	202	202	154	CTG	0.05571991950273514	1	moderate	moderate	0.022	False	user_msa
Drosophila_simulans_Drosophila_simulans__LOC6727955__XP_016034553.1	202	202	202	154	CTG	0.05571991950273514	1	moderate	moderate	0.022	False	user_msa
Drosophila_subobscura_Drosophila_subobscura__LOC117898432__XP_034663715.1	202	202	202	154	TTG	0.15768906474113464	1	moderate	moderate	0.022	False	user_msa
Drosophila_suzukii_Drosophila_suzukii__Act88F__XP_016925443.1	202	202	202	154	CTG	0.05571991950273514	1	moderate	moderate	0.022	False	user_msa
Drosophila_virilis_Drosophila_virilis__Act88F__XP_002054294.1	202	202	202	154	TTG	0.15768906474113464	1	moderate	moderate	0.022	False	user_msa
Drosophila_willistoni_Drosophila_willistoni__LOC6646901__XP_002069647.1	202	202	202	154	CTG	0.05571991950273514	1	moderate	moderate	0.022	False	user_msa
Drosophila_yakuba_Drosophila_yakuba__LOC6537169__XP_002097730.1	202	202	202	154	CTG	0.05571991950273514	1	moderate	moderate	0.022	False	user_msa
Drosophila_ananassae_Drosophila_ananassae__LOC6501076__XP_001954513.1	203	203	203	155	GAC	0.06703931093215942	1	moderate	moderate	0.022	False	user_msa
Drosophila_biarmipes_Drosophila_biarmipes__LOC108026160__XP_016952383.1	203	203	203	155	GAC	0.06703931093215942	1	moderate	moderate	0.022	False	user_msa
Drosophila_mauritiana_Drosophila_mauritiana__LOC117145868__XP_033167581.1	203	203	203	155	GAC	0.06703931093215942	1	moderate	moderate	0.022	False	user_msa
Drosophila_melanogaster_Drosophila_melanogaster__Act88F__NP_524367.1	203	203	203	155	GAC	0.06703931093215942	1	moderate	moderate	0.022	False	user_msa
Drosophila_pseudoobscura_Drosophila_pseudoobscura__Act88F__XP_002137155.1	203	203	203	155	GAC	0.06703931093215942	1	moderate	moderate	0.022	False	user_msa
Drosophila_sechellia_Drosophila_sechellia__Act88F__XP_002031056.2	203	203	203	155	GAC	0.06703931093215942	1	moderate	moderate	0.022	False	user_msa
Drosophila_simulans_Drosophila_simulans__LOC6727955__XP_016034553.1	203	203	203	155	GAC	0.06703931093215942	1	moderate	moderate	0.022	False	user_msa
Drosophila_subobscura_Drosophila_subobscura__LOC117898432__XP_034663715.1	203	203	203	155	GAC	0.06703931093215942	1	moderate	moderate	0.022	False	user_msa
Drosophila_suzukii_Drosophila_suzukii__Act88F__XP_016925443.1	203	203	203	155	GAC	0.06703931093215942	1	moderate	moderate	0.022	False	user_msa
Drosophila_virilis_Drosophila_virilis__Act88F__XP_002054294.1	203	203	203	155	GAC	0.06703931093215942	1	moderate	moderate	0.022	False	user_msa
Drosophila_willistoni_Drosophila_willistoni__LOC6646901__XP_002069647.1	203	203	203	155	GAC	0.06703931093215942	1	moderate	moderate	0.022	False	user_msa
Drosophila_yakuba_Drosophila_yakuba__LOC6537169__XP_002097730.1	203	203	203	155	GAC	0.06703931093215942	1	moderate	moderate	0.022	False	user_msa
Drosophila_ananassae_Drosophila_ananassae__LOC6501076__XP_001954513.1	204	204	204	156	TCT	0.09046167135238647	1	moderate	moderate	0.022	False	user_msa
Drosophila_biarmipes_Drosophila_biarmipes__LOC108026160__XP_016952383.1	204	204	204	156	TCC	0.08275853097438812	1	moderate	moderate	0.022	False	user_msa
Drosophila_mauritiana_Drosophila_mauritiana__LOC117145868__XP_033167581.1	204	204	204	156	TCC	0.08275853097438812	1	moderate	moderate	0.022	False	user_msa
Drosophila_melanogaster_Drosophila_melanogaster__Act88F__NP_524367.1	204	204	204	156	TCC	0.08275853097438812	1	moderate	moderate	0.022	False	user_msa
Drosophila_pseudoobscura_Drosophila_pseudoobscura__Act88F__XP_002137155.1	204	204	204	156	TCT	0.09046167135238647	1	moderate	moderate	0.022	False	user_msa
Drosophila_sechellia_Drosophila_sechellia__Act88F__XP_002031056.2	204	204	204	156	TCC	0.08275853097438812	1	moderate	moderate	0.022	False	user_msa
Drosophila_simulans_Drosophila_simulans__LOC6727955__XP_016034553.1	204	204	204	156	TCC	0.08275853097438812	1	moderate	moderate	0.022	False	user_msa
Drosophila_subobscura_Drosophila_subobscura__LOC117898432__XP_034663715.1	204	204	204	156	TCT	0.09046167135238647	1	moderate	moderate	0.022	False	user_msa
Drosophila_suzukii_Drosophila_suzukii__Act88F__XP_016925443.1	204	204	204	156	TCC	0.08275853097438812	1	moderate	moderate	0.022	False	user_msa
Drosophila_virilis_Drosophila_virilis__Act88F__XP_002054294.1	204	204	204	156	TCC	0.08275853097438812	1	moderate	moderate	0.022	False	user_msa
Drosophila_willistoni_Drosophila_willistoni__LOC6646901__XP_002069647.1	204	204	204	156	TCT	0.09046167135238647	1	moderate	moderate	0.022	False	user_msa
Drosophila_yakuba_Drosophila_yakuba__LOC6537169__XP_002097730.1	204	204	204	156	TCC	0.08275853097438812	1	moderate	moderate	0.022	False	user_msa
Drosophila_ananassae_Drosophila_ananassae__LOC6501076__XP_001954513.1	205	205	205	157	GGT	0.10270306468009949	1	moderate	moderate	0.022	False	user_msa
Drosophila_biarmipes_Drosophila_biarmipes__LOC108026160__XP_016952383.1	205	205	205	157	GGA	0.08999495953321457	1	moderate	moderate	0.022	False	user_msa
Drosophila_mauritiana_Drosophila_mauritiana__LOC117145868__XP_033167581.1	205	205	205	157	GGC	0.09406513720750809	1	moderate	moderate	0.022	False	user_msa
Drosophila_melanogaster_Drosophila_melanogaster__Act88F__NP_524367.1	205	205	205	157	GGC	0.09406513720750809	1	moderate	moderate	0.022	False	user_msa
Drosophila_pseudoobscura_Drosophila_pseudoobscura__Act88F__XP_002137155.1	205	205	205	157	GGT	0.10270306468009949	1	moderate	moderate	0.022	False	user_msa
Drosophila_sechellia_Drosophila_sechellia__Act88F__XP_002031056.2	205	205	205	157	GGC	0.09406513720750809	1	moderate	moderate	0.022	False	user_msa
Drosophila_simulans_Drosophila_simulans__LOC6727955__XP_016034553.1	205	205	205	157	GGC	0.09406513720750809	1	moderate	moderate	0.022	False	user_msa
Drosophila_subobscura_Drosophila_subobscura__LOC117898432__XP_034663715.1	205	205	205	157	GGT	0.10270306468009949	1	moderate	moderate	0.022	False	user_msa
Drosophila_suzukii_Drosophila_suzukii__Act88F__XP_016925443.1	205	205	205	157	GGA	0.08999495953321457	1	moderate	moderate	0.022	False	user_msa
Drosophila_virilis_Drosophila_virilis__Act88F__XP_002054294.1	205	205	205	157	GGT	0.10270306468009949	1	moderate	moderate	0.022	False	user_msa
Drosophila_willistoni_Drosophila_willistoni__LOC6646901__XP_002069647.1	205	205	205	157	GGT	0.10270306468009949	1	moderate	moderate	0.022	False	user_msa
Drosophila_yakuba_Drosophila_yakuba__LOC6537169__XP_002097730.1	205	205	205	157	GGC	0.09406513720750809	1	moderate	moderate	0.022	False	user_msa
Drosophila_ananassae_Drosophila_ananassae__LOC6501076__XP_001954513.1	206	206	206	158	GAT	0.08050656318664551	1	moderate	moderate	0.022	False	user_msa
Drosophila_biarmipes_Drosophila_biarmipes__LOC108026160__XP_016952383.1	206	206	206	158	GAT	0.08050656318664551	1	moderate	moderate	0.022	False	user_msa
Drosophila_mauritiana_Drosophila_mauritiana__LOC117145868__XP_033167581.1	206	206	206	158	GAT	0.08050656318664551	1	moderate	moderate	0.022	False	user_msa
Drosophila_melanogaster_Drosophila_melanogaster__Act88F__NP_524367.1	206	206	206	158	GAT	0.08050656318664551	1	moderate	moderate	0.022	False	user_msa
Drosophila_pseudoobscura_Drosophila_pseudoobscura__Act88F__XP_002137155.1	206	206	206	158	GAC	0.07365915179252625	1	moderate	moderate	0.022	False	user_msa
Drosophila_sechellia_Drosophila_sechellia__Act88F__XP_002031056.2	206	206	206	158	GAT	0.08050656318664551	1	moderate	moderate	0.022	False	user_msa
Drosophila_simulans_Drosophila_simulans__LOC6727955__XP_016034553.1	206	206	206	158	GAT	0.08050656318664551	1	moderate	moderate	0.022	False	user_msa
Drosophila_subobscura_Drosophila_subobscura__LOC117898432__XP_034663715.1	206	206	206	158	GAC	0.07365915179252625	1	moderate	moderate	0.022	False	user_msa
Drosophila_suzukii_Drosophila_suzukii__Act88F__XP_016925443.1	206	206	206	158	GAT	0.08050656318664551	1	moderate	moderate	0.022	False	user_msa
Drosophila_virilis_Drosophila_virilis__Act88F__XP_002054294.1	206	206	206	158	GAT	0.08050656318664551	1	moderate	moderate	0.022	False	user_msa
Drosophila_willistoni_Drosophila_willistoni__LOC6646901__XP_002069647.1	206	206	206	158	GAT	0.08050656318664551	1	moderate	moderate	0.022	False	user_msa
Drosophila_yakuba_Drosophila_yakuba__LOC6537169__XP_002097730.1	206	206	206	158	GAT	0.08050656318664551	1	moderate	moderate	0.022	False	user_msa
Drosophila_ananassae_Drosophila_ananassae__LOC6501076__XP_001954513.1	207	207	207	159	GGT	0.06995837390422821	1	moderate	moderate	0.022	False	user_msa
Drosophila_biarmipes_Drosophila_biarmipes__LOC108026160__XP_016952383.1	207	207	207	159	GGT	0.06995837390422821	1	moderate	moderate	0.022	False	user_msa
Drosophila_mauritiana_Drosophila_mauritiana__LOC117145868__XP_033167581.1	207	207	207	159	GGT	0.06995837390422821	1	moderate	moderate	0.022	False	user_msa
Drosophila_melanogaster_Drosophila_melanogaster__Act88F__NP_524367.1	207	207	207	159	GGT	0.06995837390422821	1	moderate	moderate	0.022	False	user_msa
Drosophila_pseudoobscura_Drosophila_pseudoobscura__Act88F__XP_002137155.1	207	207	207	159	GGT	0.06995837390422821	1	moderate	moderate	0.022	False	user_msa
Drosophila_sechellia_Drosophila_sechellia__Act88F__XP_002031056.2	207	207	207	159	GGT	0.06995837390422821	1	moderate	moderate	0.022	False	user_msa
Drosophila_simulans_Drosophila_simulans__LOC6727955__XP_016034553.1	207	207	207	159	GGT	0.06995837390422821	1	moderate	moderate	0.022	False	user_msa
Drosophila_subobscura_Drosophila_subobscura__LOC117898432__XP_034663715.1	207	207	207	159	GGT	0.06995837390422821	1	moderate	moderate	0.022	False	user_msa
Drosophila_suzukii_Drosophila_suzukii__Act88F__XP_016925443.1	207	207	207	159	GGT	0.06995837390422821	1	moderate	moderate	0.022	False	user_msa
Drosophila_virilis_Drosophila_virilis__Act88F__XP_002054294.1	207	207	207	159	GGT	0.06995837390422821	1	moderate	moderate	0.022	False	user_msa
Drosophila_willistoni_Drosophila_willistoni__LOC6646901__XP_002069647.1	207	207	207	159	GGT	0.06995837390422821	1	moderate	moderate	0.022	False	user_msa
Drosophila_yakuba_Drosophila_yakuba__LOC6537169__XP_002097730.1	207	207	207	159	GGT	0.06995837390422821	1	moderate	moderate	0.022	False	user_msa
Drosophila_ananassae_Drosophila_ananassae__LOC6501076__XP_001954513.1	208	208	208	160	GTC	0.07055705785751343	1	moderate	moderate	0.022	False	user_msa
Drosophila_biarmipes_Drosophila_biarmipes__LOC108026160__XP_016952383.1	208	208	208	160	GTC	0.07055705785751343	1	moderate	moderate	0.022	False	user_msa
Drosophila_mauritiana_Drosophila_mauritiana__LOC117145868__XP_033167581.1	208	208	208	160	GTC	0.07055705785751343	1	moderate	moderate	0.022	False	user_msa
Drosophila_melanogaster_Drosophila_melanogaster__Act88F__NP_524367.1	208	208	208	160	GTC	0.07055705785751343	1	moderate	moderate	0.022	False	user_msa
Drosophila_pseudoobscura_Drosophila_pseudoobscura__Act88F__XP_002137155.1	208	208	208	160	GTC	0.07055705785751343	1	moderate	moderate	0.022	False	user_msa
Drosophila_sechellia_Drosophila_sechellia__Act88F__XP_002031056.2	208	208	208	160	GTC	0.07055705785751343	1	moderate	moderate	0.022	False	user_msa
Drosophila_simulans_Drosophila_simulans__LOC6727955__XP_016034553.1	208	208	208	160	GTC	0.07055705785751343	1	moderate	moderate	0.022	False	user_msa
Drosophila_subobscura_Drosophila_subobscura__LOC117898432__XP_034663715.1	208	208	208	160	GTC	0.07055705785751343	1	moderate	moderate	0.022	False	user_msa
Drosophila_suzukii_Drosophila_suzukii__Act88F__XP_016925443.1	208	208	208	160	GTC	0.07055705785751343	1	moderate	moderate	0.022	False	user_msa
Drosophila_virilis_Drosophila_virilis__Act88F__XP_002054294.1	208	208	208	160	GTC	0.07055705785751343	1	moderate	moderate	0.022	False	user_msa
Drosophila_willistoni_Drosophila_willistoni__LOC6646901__XP_002069647.1	208	208	208	160	GTC	0.07055705785751343	1	moderate	moderate	0.022	False	user_msa
Drosophila_yakuba_Drosophila_yakuba__LOC6537169__XP_002097730.1	208	208	208	160	GTC	0.07055705785751343	1	moderate	moderate	0.022	False	user_msa
Drosophila_ananassae_Drosophila_ananassae__LOC6501076__XP_001954513.1	209	209	209	161	TCC	0.10258996486663818	1	moderate	moderate	0.022	False	user_msa
Drosophila_biarmipes_Drosophila_biarmipes__LOC108026160__XP_016952383.1	209	209	209	161	TCC	0.10258996486663818	1	moderate	moderate	0.022	False	user_msa
Drosophila_mauritiana_Drosophila_mauritiana__LOC117145868__XP_033167581.1	209	209	209	161	TCC	0.10258996486663818	1	moderate	moderate	0.022	False	user_msa
Drosophila_melanogaster_Drosophila_melanogaster__Act88F__NP_524367.1	209	209	209	161	TCC	0.10258996486663818	1	moderate	moderate	0.022	False	user_msa
Drosophila_pseudoobscura_Drosophila_pseudoobscura__Act88F__XP_002137155.1	209	209	209	161	TCC	0.10258996486663818	1	moderate	moderate	0.022	False	user_msa
Drosophila_sechellia_Drosophila_sechellia__Act88F__XP_002031056.2	209	209	209	161	TCC	0.10258996486663818	1	moderate	moderate	0.022	False	user_msa
Drosophila_simulans_Drosophila_simulans__LOC6727955__XP_016034553.1	209	209	209	161	TCC	0.10258996486663818	1	moderate	moderate	0.022	False	user_msa
Drosophila_subobscura_Drosophila_subobscura__LOC117898432__XP_034663715.1	209	209	209	161	TCC	0.10258996486663818	1	moderate	moderate	0.022	False	user_msa
Drosophila_suzukii_Drosophila_suzukii__Act88F__XP_016925443.1	209	209	209	161	TCT	0.11191396415233612	1	moderate	moderate	0.022	False	user_msa
Drosophila_virilis_Drosophila_virilis__Act88F__XP_002054294.1	209	209	209	161	TCC	0.10258996486663818	1	moderate	moderate	0.022	False	user_msa
Drosophila_willistoni_Drosophila_willistoni__LOC6646901__XP_002069647.1	209	209	209	161	TCC	0.10258996486663818	1	moderate	moderate	0.022	False	user_msa
Drosophila_yakuba_Drosophila_yakuba__LOC6537169__XP_002097730.1	209	209	209	161	TCG	0.1071627140045166	1	moderate	moderate	0.022	False	user_msa
Drosophila_ananassae_Drosophila_ananassae__LOC6501076__XP_001954513.1	210	210	210	162	CAC	0.06351335346698761	1	moderate	moderate	0.022	False	user_msa
Drosophila_biarmipes_Drosophila_biarmipes__LOC108026160__XP_016952383.1	210	210	210	162	CAC	0.06351335346698761	1	moderate	moderate	0.022	False	user_msa
Drosophila_mauritiana_Drosophila_mauritiana__LOC117145868__XP_033167581.1	210	210	210	162	CAC	0.06351335346698761	1	moderate	moderate	0.022	False	user_msa
Drosophila_melanogaster_Drosophila_melanogaster__Act88F__NP_524367.1	210	210	210	162	CAC	0.06351335346698761	1	moderate	moderate	0.022	False	user_msa
Drosophila_pseudoobscura_Drosophila_pseudoobscura__Act88F__XP_002137155.1	210	210	210	162	CAC	0.06351335346698761	1	moderate	moderate	0.022	False	user_msa
Drosophila_sechellia_Drosophila_sechellia__Act88F__XP_002031056.2	210	210	210	162	CAC	0.06351335346698761	1	moderate	moderate	0.022	False	user_msa
Drosophila_simulans_Drosophila_simulans__LOC6727955__XP_016034553.1	210	210	210	162	CAC	0.06351335346698761	1	moderate	moderate	0.022	False	user_msa
Drosophila_subobscura_Drosophila_subobscura__LOC117898432__XP_034663715.1	210	210	210	162	CAC	0.06351335346698761	1	moderate	moderate	0.022	False	user_msa
Drosophila_suzukii_Drosophila_suzukii__Act88F__XP_016925443.1	210	210	210	162	CAC	0.06351335346698761	1	moderate	moderate	0.022	False	user_msa
Drosophila_virilis_Drosophila_virilis__Act88F__XP_002054294.1	210	210	210	162	CAC	0.06351335346698761	1	moderate	moderate	0.022	False	user_msa
Drosophila_willistoni_Drosophila_willistoni__LOC6646901__XP_002069647.1	210	210	210	162	CAC	0.06351335346698761	1	moderate	moderate	0.022	False	user_msa
Drosophila_yakuba_Drosophila_yakuba__LOC6537169__XP_002097730.1	210	210	210	162	CAC	0.06351335346698761	1	moderate	moderate	0.022	False	user_msa
Drosophila_ananassae_Drosophila_ananassae__LOC6501076__XP_001954513.1	211	211	211	163	ACC	0.08294349908828735	1	moderate	moderate	0.022	False	user_msa
Drosophila_biarmipes_Drosophila_biarmipes__LOC108026160__XP_016952383.1	211	211	211	163	ACG	0.0867251455783844	1	moderate	moderate	0.022	False	user_msa
Drosophila_mauritiana_Drosophila_mauritiana__LOC117145868__XP_033167581.1	211	211	211	163	ACC	0.08294349908828735	1	moderate	moderate	0.022	False	user_msa
Drosophila_melanogaster_Drosophila_melanogaster__Act88F__NP_524367.1	211	211	211	163	ACC	0.08294349908828735	1	moderate	moderate	0.022	False	user_msa
Drosophila_pseudoobscura_Drosophila_pseudoobscura__Act88F__XP_002137155.1	211	211	211	163	ACC	0.08294349908828735	1	moderate	moderate	0.022	False	user_msa
Drosophila_sechellia_Drosophila_sechellia__Act88F__XP_002031056.2	211	211	211	163	ACC	0.08294349908828735	1	moderate	moderate	0.022	False	user_msa
Drosophila_simulans_Drosophila_simulans__LOC6727955__XP_016034553.1	211	211	211	163	ACC	0.08294349908828735	1	moderate	moderate	0.022	False	user_msa
Drosophila_subobscura_Drosophila_subobscura__LOC117898432__XP_034663715.1	211	211	211	163	ACC	0.08294349908828735	1	moderate	moderate	0.022	False	user_msa
Drosophila_suzukii_Drosophila_suzukii__Act88F__XP_016925443.1	211	211	211	163	ACG	0.0867251455783844	1	moderate	moderate	0.022	False	user_msa
Drosophila_virilis_Drosophila_virilis__Act88F__XP_002054294.1	211	211	211	163	ACT	0.09066218137741089	1	moderate	moderate	0.022	False	user_msa
Drosophila_willistoni_Drosophila_willistoni__LOC6646901__XP_002069647.1	211	211	211	163	ACT	0.09066218137741089	1	moderate	moderate	0.022	False	user_msa
Drosophila_yakuba_Drosophila_yakuba__LOC6537169__XP_002097730.1	211	211	211	163	ACC	0.08294349908828735	1	moderate	moderate	0.022	False	user_msa
Drosophila_ananassae_Drosophila_ananassae__LOC6501076__XP_001954513.1	212	212	212	164	GTG	0.08424703776836395	1	moderate	moderate	0.022	False	user_msa
Drosophila_biarmipes_Drosophila_biarmipes__LOC108026160__XP_016952383.1	212	212	212	164	GTG	0.08424703776836395	1	moderate	moderate	0.022	False	user_msa
Drosophila_mauritiana_Drosophila_mauritiana__LOC117145868__XP_033167581.1	212	212	212	164	GTG	0.08424703776836395	1	moderate	moderate	0.022	False	user_msa
Drosophila_melanogaster_Drosophila_melanogaster__Act88F__NP_524367.1	212	212	212	164	GTG	0.08424703776836395	1	moderate	moderate	0.022	False	user_msa
Drosophila_pseudoobscura_Drosophila_pseudoobscura__Act88F__XP_002137155.1	212	212	212	164	GTG	0.08424703776836395	1	moderate	moderate	0.022	False	user_msa
Drosophila_sechellia_Drosophila_sechellia__Act88F__XP_002031056.2	212	212	212	164	GTG	0.08424703776836395	1	moderate	moderate	0.022	False	user_msa
Drosophila_simulans_Drosophila_simulans__LOC6727955__XP_016034553.1	212	212	212	164	GTA	0.07702815532684326	1	moderate	moderate	0.022	False	user_msa
Drosophila_subobscura_Drosophila_subobscura__LOC117898432__XP_034663715.1	212	212	212	164	GTG	0.08424703776836395	1	moderate	moderate	0.022	False	user_msa
Drosophila_suzukii_Drosophila_suzukii__Act88F__XP_016925443.1	212	212	212	164	GTG	0.08424703776836395	1	moderate	moderate	0.022	False	user_msa
Drosophila_virilis_Drosophila_virilis__Act88F__XP_002054294.1	212	212	212	164	GTG	0.08424703776836395	1	moderate	moderate	0.022	False	user_msa
Drosophila_willistoni_Drosophila_willistoni__LOC6646901__XP_002069647.1	212	212	212	164	GTG	0.08424703776836395	1	moderate	moderate	0.022	False	user_msa
Drosophila_yakuba_Drosophila_yakuba__LOC6537169__XP_002097730.1	212	212	212	164	GTG	0.08424703776836395	1	moderate	moderate	0.022	False	user_msa
Drosophila_ananassae_Drosophila_ananassae__LOC6501076__XP_001954513.1	213	213	213	165	CCC	0.06438560783863068	1	moderate	moderate	0.022	False	user_msa
Drosophila_biarmipes_Drosophila_biarmipes__LOC108026160__XP_016952383.1	213	213	213	165	CCC	0.06438560783863068	1	moderate	moderate	0.022	False	user_msa
Drosophila_mauritiana_Drosophila_mauritiana__LOC117145868__XP_033167581.1	213	213	213	165	CCC	0.06438560783863068	1	moderate	moderate	0.022	False	user_msa
Drosophila_melanogaster_Drosophila_melanogaster__Act88F__NP_524367.1	213	213	213	165	CCC	0.06438560783863068	1	moderate	moderate	0.022	False	user_msa
Drosophila_pseudoobscura_Drosophila_pseudoobscura__Act88F__XP_002137155.1	213	213	213	165	CCC	0.06438560783863068	1	moderate	moderate	0.022	False	user_msa
Drosophila_sechellia_Drosophila_sechellia__Act88F__XP_002031056.2	213	213	213	165	CCC	0.06438560783863068	1	moderate	moderate	0.022	False	user_msa
Drosophila_simulans_Drosophila_simulans__LOC6727955__XP_016034553.1	213	213	213	165	CCC	0.06438560783863068	1	moderate	moderate	0.022	False	user_msa
Drosophila_subobscura_Drosophila_subobscura__LOC117898432__XP_034663715.1	213	213	213	165	CCC	0.06438560783863068	1	moderate	moderate	0.022	False	user_msa
Drosophila_suzukii_Drosophila_suzukii__Act88F__XP_016925443.1	213	213	213	165	CCC	0.06438560783863068	1	moderate	moderate	0.022	False	user_msa
Drosophila_virilis_Drosophila_virilis__Act88F__XP_002054294.1	213	213	213	165	CCC	0.06438560783863068	1	moderate	moderate	0.022	False	user_msa
Drosophila_willistoni_Drosophila_willistoni__LOC6646901__XP_002069647.1	213	213	213	165	CCC	0.06438560783863068	1	moderate	moderate	0.022	False	user_msa
Drosophila_yakuba_Drosophila_yakuba__LOC6537169__XP_002097730.1	213	213	213	165	CCC	0.06438560783863068	1	moderate	moderate	0.022	False	user_msa
Drosophila_ananassae_Drosophila_ananassae__LOC6501076__XP_001954513.1	214	214	214	166	ATC	0.06270991265773773	1	moderate	moderate	0.022	False	user_msa
Drosophila_biarmipes_Drosophila_biarmipes__LOC108026160__XP_016952383.1	214	214	214	166	ATC	0.06270991265773773	1	moderate	moderate	0.022	False	user_msa
Drosophila_mauritiana_Drosophila_mauritiana__LOC117145868__XP_033167581.1	214	214	214	166	ATC	0.06270991265773773	1	moderate	moderate	0.022	False	user_msa
Drosophila_melanogaster_Drosophila_melanogaster__Act88F__NP_524367.1	214	214	214	166	ATC	0.06270991265773773	1	moderate	moderate	0.022	False	user_msa
Drosophila_pseudoobscura_Drosophila_pseudoobscura__Act88F__XP_002137155.1	214	214	214	166	ATC	0.06270991265773773	1	moderate	moderate	0.022	False	user_msa
Drosophila_sechellia_Drosophila_sechellia__Act88F__XP_002031056.2	214	214	214	166	ATC	0.06270991265773773	1	moderate	moderate	0.022	False	user_msa
Drosophila_simulans_Drosophila_simulans__LOC6727955__XP_016034553.1	214	214	214	166	ATC	0.06270991265773773	1	moderate	moderate	0.022	False	user_msa
Drosophila_subobscura_Drosophila_subobscura__LOC117898432__XP_034663715.1	214	214	214	166	ATC	0.06270991265773773	1	moderate	moderate	0.022	False	user_msa
Drosophila_suzukii_Drosophila_suzukii__Act88F__XP_016925443.1	214	214	214	166	ATC	0.06270991265773773	1	moderate	moderate	0.022	False	user_msa
Drosophila_virilis_Drosophila_virilis__Act88F__XP_002054294.1	214	214	214	166	ATC	0.06270991265773773	1	moderate	moderate	0.022	False	user_msa
Drosophila_willistoni_Drosophila_willistoni__LOC6646901__XP_002069647.1	214	214	214	166	ATC	0.06270991265773773	1	moderate	moderate	0.022	False	user_msa
Drosophila_yakuba_Drosophila_yakuba__LOC6537169__XP_002097730.1	214	214	214	166	ATC	0.06270991265773773	1	moderate	moderate	0.022	False	user_msa
Drosophila_ananassae_Drosophila_ananassae__LOC6501076__XP_001954513.1	215	215	215	167	TAT	0.0724022388458252	1	moderate	moderate	0.022	False	user_msa
Drosophila_biarmipes_Drosophila_biarmipes__LOC108026160__XP_016952383.1	215	215	215	167	TAT	0.0724022388458252	1	moderate	moderate	0.022	False	user_msa
Drosophila_mauritiana_Drosophila_mauritiana__LOC117145868__XP_033167581.1	215	215	215	167	TAT	0.0724022388458252	1	moderate	moderate	0.022	False	user_msa
Drosophila_melanogaster_Drosophila_melanogaster__Act88F__NP_524367.1	215	215	215	167	TAT	0.0724022388458252	1	moderate	moderate	0.022	False	user_msa
Drosophila_pseudoobscura_Drosophila_pseudoobscura__Act88F__XP_002137155.1	215	215	215	167	TAT	0.0724022388458252	1	moderate	moderate	0.022	False	user_msa
Drosophila_sechellia_Drosophila_sechellia__Act88F__XP_002031056.2	215	215	215	167	TAT	0.0724022388458252	1	moderate	moderate	0.022	False	user_msa
Drosophila_simulans_Drosophila_simulans__LOC6727955__XP_016034553.1	215	215	215	167	TAT	0.0724022388458252	1	moderate	moderate	0.022	False	user_msa
Drosophila_subobscura_Drosophila_subobscura__LOC117898432__XP_034663715.1	215	215	215	167	TAT	0.0724022388458252	1	moderate	moderate	0.022	False	user_msa
Drosophila_suzukii_Drosophila_suzukii__Act88F__XP_016925443.1	215	215	215	167	TAT	0.0724022388458252	1	moderate	moderate	0.022	False	user_msa
Drosophila_virilis_Drosophila_virilis__Act88F__XP_002054294.1	215	215	215	167	TAT	0.0724022388458252	1	moderate	moderate	0.022	False	user_msa
Drosophila_willistoni_Drosophila_willistoni__LOC6646901__XP_002069647.1	215	215	215	167	TAT	0.0724022388458252	1	moderate	moderate	0.022	False	user_msa
Drosophila_yakuba_Drosophila_yakuba__LOC6537169__XP_002097730.1	215	215	215	167	TAT	0.0724022388458252	1	moderate	moderate	0.022	False	user_msa
Drosophila_ananassae_Drosophila_ananassae__LOC6501076__XP_001954513.1	216	216	216	168	GAA	0.07351378351449966	1	moderate	moderate	0.022	False	user_msa
Drosophila_biarmipes_Drosophila_biarmipes__LOC108026160__XP_016952383.1	216	216	216	168	GAG	0.0802268236875534	1	moderate	moderate	0.022	False	user_msa
Drosophila_mauritiana_Drosophila_mauritiana__LOC117145868__XP_033167581.1	216	216	216	168	GAG	0.0802268236875534	1	moderate	moderate	0.022	False	user_msa
Drosophila_melanogaster_Drosophila_melanogaster__Act88F__NP_524367.1	216	216	216	168	GAG	0.0802268236875534	1	moderate	moderate	0.022	False	user_msa
Drosophila_pseudoobscura_Drosophila_pseudoobscura__Act88F__XP_002137155.1	216	216	216	168	GAG	0.0802268236875534	1	moderate	moderate	0.022	False	user_msa
Drosophila_sechellia_Drosophila_sechellia__Act88F__XP_002031056.2	216	216	216	168	GAG	0.0802268236875534	1	moderate	moderate	0.022	False	user_msa
Drosophila_simulans_Drosophila_simulans__LOC6727955__XP_016034553.1	216	216	216	168	GAG	0.0802268236875534	1	moderate	moderate	0.022	False	user_msa
Drosophila_subobscura_Drosophila_subobscura__LOC117898432__XP_034663715.1	216	216	216	168	GAG	0.0802268236875534	1	moderate	moderate	0.022	False	user_msa
Drosophila_suzukii_Drosophila_suzukii__Act88F__XP_016925443.1	216	216	216	168	GAG	0.0802268236875534	1	moderate	moderate	0.022	False	user_msa
Drosophila_virilis_Drosophila_virilis__Act88F__XP_002054294.1	216	216	216	168	GAG	0.0802268236875534	1	moderate	moderate	0.022	False	user_msa
Drosophila_willistoni_Drosophila_willistoni__LOC6646901__XP_002069647.1	216	216	216	168	GAA	0.07351378351449966	1	moderate	moderate	0.022	False	user_msa
Drosophila_yakuba_Drosophila_yakuba__LOC6537169__XP_002097730.1	216	216	216	168	GAG	0.0802268236875534	1	moderate	moderate	0.022	False	user_msa
Drosophila_ananassae_Drosophila_ananassae__LOC6501076__XP_001954513.1	217	217	217	169	GGC	0.07948761433362961	1	moderate	moderate	0.022	False	user_msa
Drosophila_biarmipes_Drosophila_biarmipes__LOC108026160__XP_016952383.1	217	217	217	169	GGC	0.07948761433362961	1	moderate	moderate	0.022	False	user_msa
Drosophila_mauritiana_Drosophila_mauritiana__LOC117145868__XP_033167581.1	217	217	217	169	GGC	0.07948761433362961	1	moderate	moderate	0.022	False	user_msa
Drosophila_melanogaster_Drosophila_melanogaster__Act88F__NP_524367.1	217	217	217	169	GGC	0.07948761433362961	1	moderate	moderate	0.022	False	user_msa
Drosophila_pseudoobscura_Drosophila_pseudoobscura__Act88F__XP_002137155.1	217	217	217	169	GGC	0.07948761433362961	1	moderate	moderate	0.022	False	user_msa
Drosophila_sechellia_Drosophila_sechellia__Act88F__XP_002031056.2	217	217	217	169	GGC	0.07948761433362961	1	moderate	moderate	0.022	False	user_msa
Drosophila_simulans_Drosophila_simulans__LOC6727955__XP_016034553.1	217	217	217	169	GGC	0.07948761433362961	1	moderate	moderate	0.022	False	user_msa
Drosophila_subobscura_Drosophila_subobscura__LOC117898432__XP_034663715.1	217	217	217	169	GGC	0.07948761433362961	1	moderate	moderate	0.022	False	user_msa
Drosophila_suzukii_Drosophila_suzukii__Act88F__XP_016925443.1	217	217	217	169	GGT	0.08691523224115372	1	moderate	moderate	0.022	False	user_msa
Drosophila_virilis_Drosophila_virilis__Act88F__XP_002054294.1	217	217	217	169	GGT	0.08691523224115372	1	moderate	moderate	0.022	False	user_msa
Drosophila_willistoni_Drosophila_willistoni__LOC6646901__XP_002069647.1	217	217	217	169	GGT	0.08691523224115372	1	moderate	moderate	0.022	False	user_msa
Drosophila_yakuba_Drosophila_yakuba__LOC6537169__XP_002097730.1	217	217	217	169	GGC	0.07948761433362961	1	moderate	moderate	0.022	False	user_msa
Drosophila_ananassae_Drosophila_ananassae__LOC6501076__XP_001954513.1	218	218	218	170	TTT	0.0965268686413765	1	moderate	moderate	0.022	False	user_msa
Drosophila_biarmipes_Drosophila_biarmipes__LOC108026160__XP_016952383.1	218	218	218	170	TTC	0.08835740387439728	1	moderate	moderate	0.022	False	user_msa
Drosophila_mauritiana_Drosophila_mauritiana__LOC117145868__XP_033167581.1	218	218	218	170	TTC	0.08835740387439728	1	moderate	moderate	0.022	False	user_msa
Drosophila_melanogaster_Drosophila_melanogaster__Act88F__NP_524367.1	218	218	218	170	TTC	0.08835740387439728	1	moderate	moderate	0.022	False	user_msa
Drosophila_pseudoobscura_Drosophila_pseudoobscura__Act88F__XP_002137155.1	218	218	218	170	TTC	0.08835740387439728	1	moderate	moderate	0.022	False	user_msa
Drosophila_sechellia_Drosophila_sechellia__Act88F__XP_002031056.2	218	218	218	170	TTC	0.08835740387439728	1	moderate	moderate	0.022	False	user_msa
Drosophila_simulans_Drosophila_simulans__LOC6727955__XP_016034553.1	218	218	218	170	TTC	0.08835740387439728	1	moderate	moderate	0.022	False	user_msa
Drosophila_subobscura_Drosophila_subobscura__LOC117898432__XP_034663715.1	218	218	218	170	TTC	0.08835740387439728	1	moderate	moderate	0.022	False	user_msa
Drosophila_suzukii_Drosophila_suzukii__Act88F__XP_016925443.1	218	218	218	170	TTC	0.08835740387439728	1	moderate	moderate	0.022	False	user_msa
Drosophila_virilis_Drosophila_virilis__Act88F__XP_002054294.1	218	218	218	170	TTC	0.08835740387439728	1	moderate	moderate	0.022	False	user_msa
Drosophila_willistoni_Drosophila_willistoni__LOC6646901__XP_002069647.1	218	218	218	170	TTC	0.08835740387439728	1	moderate	moderate	0.022	False	user_msa
Drosophila_yakuba_Drosophila_yakuba__LOC6537169__XP_002097730.1	218	218	218	170	TTC	0.08835740387439728	1	moderate	moderate	0.022	False	user_msa
Drosophila_ananassae_Drosophila_ananassae__LOC6501076__XP_001954513.1	219	219	219	171	GCC	0.07996205240488052	1	moderate	moderate	0.022	False	user_msa
Drosophila_biarmipes_Drosophila_biarmipes__LOC108026160__XP_016952383.1	219	219	219	171	GCC	0.07996205240488052	1	moderate	moderate	0.022	False	user_msa
Drosophila_mauritiana_Drosophila_mauritiana__LOC117145868__XP_033167581.1	219	219	219	171	GCC	0.07996205240488052	1	moderate	moderate	0.022	False	user_msa
Drosophila_melanogaster_Drosophila_melanogaster__Act88F__NP_524367.1	219	219	219	171	GCC	0.07996205240488052	1	moderate	moderate	0.022	False	user_msa
Drosophila_pseudoobscura_Drosophila_pseudoobscura__Act88F__XP_002137155.1	219	219	219	171	GCC	0.07996205240488052	1	moderate	moderate	0.022	False	user_msa
Drosophila_sechellia_Drosophila_sechellia__Act88F__XP_002031056.2	219	219	219	171	GCC	0.07996205240488052	1	moderate	moderate	0.022	False	user_msa
Drosophila_simulans_Drosophila_simulans__LOC6727955__XP_016034553.1	219	219	219	171	GCC	0.07996205240488052	1	moderate	moderate	0.022	False	user_msa
Drosophila_subobscura_Drosophila_subobscura__LOC117898432__XP_034663715.1	219	219	219	171	GCC	0.07996205240488052	1	moderate	moderate	0.022	False	user_msa
Drosophila_suzukii_Drosophila_suzukii__Act88F__XP_016925443.1	219	219	219	171	GCC	0.07996205240488052	1	moderate	moderate	0.022	False	user_msa
Drosophila_virilis_Drosophila_virilis__Act88F__XP_002054294.1	219	219	219	171	GCT	0.08742982894182205	1	moderate	moderate	0.022	False	user_msa
Drosophila_willistoni_Drosophila_willistoni__LOC6646901__XP_002069647.1	219	219	219	171	GCC	0.07996205240488052	1	moderate	moderate	0.022	False	user_msa
Drosophila_yakuba_Drosophila_yakuba__LOC6537169__XP_002097730.1	219	219	219	171	GCC	0.07996205240488052	1	moderate	moderate	0.022	False	user_msa
Drosophila_ananassae_Drosophila_ananassae__LOC6501076__XP_001954513.1	220	220	220	172	CTG	0.06639134883880615	1	moderate	moderate	0.022	False	user_msa
Drosophila_biarmipes_Drosophila_biarmipes__LOC108026160__XP_016952383.1	220	220	220	172	CTG	0.06639134883880615	1	moderate	moderate	0.022	False	user_msa
Drosophila_mauritiana_Drosophila_mauritiana__LOC117145868__XP_033167581.1	220	220	220	172	CTG	0.06639134883880615	1	moderate	moderate	0.022	False	user_msa
Drosophila_melanogaster_Drosophila_melanogaster__Act88F__NP_524367.1	220	220	220	172	CTG	0.06639134883880615	1	moderate	moderate	0.022	False	user_msa
Drosophila_pseudoobscura_Drosophila_pseudoobscura__Act88F__XP_002137155.1	220	220	220	172	CTG	0.06639134883880615	1	moderate	moderate	0.022	False	user_msa
Drosophila_sechellia_Drosophila_sechellia__Act88F__XP_002031056.2	220	220	220	172	CTG	0.06639134883880615	1	moderate	moderate	0.022	False	user_msa
Drosophila_simulans_Drosophila_simulans__LOC6727955__XP_016034553.1	220	220	220	172	CTG	0.06639134883880615	1	moderate	moderate	0.022	False	user_msa
Drosophila_subobscura_Drosophila_subobscura__LOC117898432__XP_034663715.1	220	220	220	172	CTG	0.06639134883880615	1	moderate	moderate	0.022	False	user_msa
Drosophila_suzukii_Drosophila_suzukii__Act88F__XP_016925443.1	220	220	220	172	CTG	0.06639134883880615	1	moderate	moderate	0.022	False	user_msa
Drosophila_virilis_Drosophila_virilis__Act88F__XP_002054294.1	220	220	220	172	CTG	0.06639134883880615	1	moderate	moderate	0.022	False	user_msa
Drosophila_willistoni_Drosophila_willistoni__LOC6646901__XP_002069647.1	220	220	220	172	CTG	0.06639134883880615	1	moderate	moderate	0.022	False	user_msa
Drosophila_yakuba_Drosophila_yakuba__LOC6537169__XP_002097730.1	220	220	220	172	CTG	0.06639134883880615	1	moderate	moderate	0.022	False	user_msa
Drosophila_ananassae_Drosophila_ananassae__LOC6501076__XP_001954513.1	221	221	221	173	CCC	0.06445331871509552	1	moderate	moderate	0.022	False	user_msa
Drosophila_biarmipes_Drosophila_biarmipes__LOC108026160__XP_016952383.1	221	221	221	173	CCC	0.06445331871509552	1	moderate	moderate	0.022	False	user_msa
Drosophila_mauritiana_Drosophila_mauritiana__LOC117145868__XP_033167581.1	221	221	221	173	CCC	0.06445331871509552	1	moderate	moderate	0.022	False	user_msa
Drosophila_melanogaster_Drosophila_melanogaster__Act88F__NP_524367.1	221	221	221	173	CCC	0.06445331871509552	1	moderate	moderate	0.022	False	user_msa
Drosophila_pseudoobscura_Drosophila_pseudoobscura__Act88F__XP_002137155.1	221	221	221	173	CCC	0.06445331871509552	1	moderate	moderate	0.022	False	user_msa
Drosophila_sechellia_Drosophila_sechellia__Act88F__XP_002031056.2	221	221	221	173	CCC	0.06445331871509552	1	moderate	moderate	0.022	False	user_msa
Drosophila_simulans_Drosophila_simulans__LOC6727955__XP_016034553.1	221	221	221	173	CCC	0.06445331871509552	1	moderate	moderate	0.022	False	user_msa
Drosophila_subobscura_Drosophila_subobscura__LOC117898432__XP_034663715.1	221	221	221	173	CCC	0.06445331871509552	1	moderate	moderate	0.022	False	user_msa
Drosophila_suzukii_Drosophila_suzukii__Act88F__XP_016925443.1	221	221	221	173	CCC	0.06445331871509552	1	moderate	moderate	0.022	False	user_msa
Drosophila_virilis_Drosophila_virilis__Act88F__XP_002054294.1	221	221	221	173	CCC	0.06445331871509552	1	moderate	moderate	0.022	False	user_msa
Drosophila_willistoni_Drosophila_willistoni__LOC6646901__XP_002069647.1	221	221	221	173	CCC	0.06445331871509552	1	moderate	moderate	0.022	False	user_msa
Drosophila_yakuba_Drosophila_yakuba__LOC6537169__XP_002097730.1	221	221	221	173	CCC	0.06445331871509552	1	moderate	moderate	0.022	False	user_msa
Drosophila_ananassae_Drosophila_ananassae__LOC6501076__XP_001954513.1	222	222	222	174	CAC	0.07150396704673767	1	moderate	moderate	0.022	False	user_msa
Drosophila_biarmipes_Drosophila_biarmipes__LOC108026160__XP_016952383.1	222	222	222	174	CAC	0.07150396704673767	1	moderate	moderate	0.022	False	user_msa
Drosophila_mauritiana_Drosophila_mauritiana__LOC117145868__XP_033167581.1	222	222	222	174	CAC	0.07150396704673767	1	moderate	moderate	0.022	False	user_msa
Drosophila_melanogaster_Drosophila_melanogaster__Act88F__NP_524367.1	222	222	222	174	CAC	0.07150396704673767	1	moderate	moderate	0.022	False	user_msa
Drosophila_pseudoobscura_Drosophila_pseudoobscura__Act88F__XP_002137155.1	222	222	222	174	CAT	0.07735472172498703	1	moderate	moderate	0.022	False	user_msa
Drosophila_sechellia_Drosophila_sechellia__Act88F__XP_002031056.2	222	222	222	174	CAC	0.07150396704673767	1	moderate	moderate	0.022	False	user_msa
Drosophila_simulans_Drosophila_simulans__LOC6727955__XP_016034553.1	222	222	222	174	CAC	0.07150396704673767	1	moderate	moderate	0.022	False	user_msa
Drosophila_subobscura_Drosophila_subobscura__LOC117898432__XP_034663715.1	222	222	222	174	CAT	0.07735472172498703	1	moderate	moderate	0.022	False	user_msa
Drosophila_suzukii_Drosophila_suzukii__Act88F__XP_016925443.1	222	222	222	174	CAT	0.07735472172498703	1	moderate	moderate	0.022	False	user_msa
Drosophila_virilis_Drosophila_virilis__Act88F__XP_002054294.1	222	222	222	174	CAT	0.07735472172498703	1	moderate	moderate	0.022	False	user_msa
Drosophila_willistoni_Drosophila_willistoni__LOC6646901__XP_002069647.1	222	222	222	174	CAT	0.07735472172498703	1	moderate	moderate	0.022	False	user_msa
Drosophila_yakuba_Drosophila_yakuba__LOC6537169__XP_002097730.1	222	222	222	174	CAC	0.07150396704673767	1	moderate	moderate	0.022	False	user_msa
Drosophila_ananassae_Drosophila_ananassae__LOC6501076__XP_001954513.1	223	223	223	175	GCC	0.06828197091817856	1	moderate	moderate	0.022	False	user_msa
Drosophila_biarmipes_Drosophila_biarmipes__LOC108026160__XP_016952383.1	223	223	223	175	GCC	0.06828197091817856	1	moderate	moderate	0.022	False	user_msa
Drosophila_mauritiana_Drosophila_mauritiana__LOC117145868__XP_033167581.1	223	223	223	175	GCC	0.06828197091817856	1	moderate	moderate	0.022	False	user_msa
Drosophila_melanogaster_Drosophila_melanogaster__Act88F__NP_524367.1	223	223	223	175	GCC	0.06828197091817856	1	moderate	moderate	0.022	False	user_msa
Drosophila_pseudoobscura_Drosophila_pseudoobscura__Act88F__XP_002137155.1	223	223	223	175	GCC	0.06828197091817856	1	moderate	moderate	0.022	False	user_msa
Drosophila_sechellia_Drosophila_sechellia__Act88F__XP_002031056.2	223	223	223	175	GCC	0.06828197091817856	1	moderate	moderate	0.022	False	user_msa
Drosophila_simulans_Drosophila_simulans__LOC6727955__XP_016034553.1	223	223	223	175	GCC	0.06828197091817856	1	moderate	moderate	0.022	False	user_msa
Drosophila_subobscura_Drosophila_subobscura__LOC117898432__XP_034663715.1	223	223	223	175	GCC	0.06828197091817856	1	moderate	moderate	0.022	False	user_msa
Drosophila_suzukii_Drosophila_suzukii__Act88F__XP_016925443.1	223	223	223	175	GCC	0.06828197091817856	1	moderate	moderate	0.022	False	user_msa
Drosophila_virilis_Drosophila_virilis__Act88F__XP_002054294.1	223	223	223	175	GCC	0.06828197091817856	1	moderate	moderate	0.022	False	user_msa
Drosophila_willistoni_Drosophila_willistoni__LOC6646901__XP_002069647.1	223	223	223	175	GCC	0.06828197091817856	1	moderate	moderate	0.022	False	user_msa
Drosophila_yakuba_Drosophila_yakuba__LOC6537169__XP_002097730.1	223	223	223	175	GCC	0.06828197091817856	1	moderate	moderate	0.022	False	user_msa
Drosophila_ananassae_Drosophila_ananassae__LOC6501076__XP_001954513.1	224	224	224	176	ATC	0.07195573300123215	1	moderate	moderate	0.022	False	user_msa
Drosophila_biarmipes_Drosophila_biarmipes__LOC108026160__XP_016952383.1	224	224	224	176	ATC	0.07195573300123215	1	moderate	moderate	0.022	False	user_msa
Drosophila_mauritiana_Drosophila_mauritiana__LOC117145868__XP_033167581.1	224	224	224	176	ATC	0.07195573300123215	1	moderate	moderate	0.022	False	user_msa
Drosophila_melanogaster_Drosophila_melanogaster__Act88F__NP_524367.1	224	224	224	176	ATT	0.07816547155380249	1	moderate	moderate	0.022	False	user_msa
Drosophila_pseudoobscura_Drosophila_pseudoobscura__Act88F__XP_002137155.1	224	224	224	176	ATC	0.07195573300123215	1	moderate	moderate	0.022	False	user_msa
Drosophila_sechellia_Drosophila_sechellia__Act88F__XP_002031056.2	224	224	224	176	ATC	0.07195573300123215	1	moderate	moderate	0.022	False	user_msa
Drosophila_simulans_Drosophila_simulans__LOC6727955__XP_016034553.1	224	224	224	176	ATC	0.07195573300123215	1	moderate	moderate	0.022	False	user_msa
Drosophila_subobscura_Drosophila_subobscura__LOC117898432__XP_034663715.1	224	224	224	176	ATC	0.07195573300123215	1	moderate	moderate	0.022	False	user_msa
Drosophila_suzukii_Drosophila_suzukii__Act88F__XP_016925443.1	224	224	224	176	ATC	0.07195573300123215	1	moderate	moderate	0.022	False	user_msa
Drosophila_virilis_Drosophila_virilis__Act88F__XP_002054294.1	224	224	224	176	ATC	0.07195573300123215	1	moderate	moderate	0.022	False	user_msa
Drosophila_willistoni_Drosophila_willistoni__LOC6646901__XP_002069647.1	224	224	224	176	ATT	0.07816547155380249	1	moderate	moderate	0.022	False	user_msa
Drosophila_yakuba_Drosophila_yakuba__LOC6537169__XP_002097730.1	224	224	224	176	ATC	0.07195573300123215	1	moderate	moderate	0.022	False	user_msa
Drosophila_ananassae_Drosophila_ananassae__LOC6501076__XP_001954513.1	225	225	225	177	CTC	0.09095119684934616	1	moderate	moderate	0.022	False	user_msa
Drosophila_biarmipes_Drosophila_biarmipes__LOC108026160__XP_016952383.1	225	225	225	177	CTG	0.09506011754274368	1	moderate	moderate	0.022	False	user_msa
Drosophila_mauritiana_Drosophila_mauritiana__LOC117145868__XP_033167581.1	225	225	225	177	CTG	0.09506011754274368	1	moderate	moderate	0.022	False	user_msa
Drosophila_melanogaster_Drosophila_melanogaster__Act88F__NP_524367.1	225	225	225	177	CTG	0.09506011754274368	1	moderate	moderate	0.022	False	user_msa
Drosophila_pseudoobscura_Drosophila_pseudoobscura__Act88F__XP_002137155.1	225	225	225	177	CTC	0.09095119684934616	1	moderate	moderate	0.022	False	user_msa
Drosophila_sechellia_Drosophila_sechellia__Act88F__XP_002031056.2	225	225	225	177	CTT	0.09933444857597351	1	moderate	moderate	0.022	False	user_msa
Drosophila_simulans_Drosophila_simulans__LOC6727955__XP_016034553.1	225	225	225	177	CTG	0.09506011754274368	1	moderate	moderate	0.022	False	user_msa
Drosophila_subobscura_Drosophila_subobscura__LOC117898432__XP_034663715.1	225	225	225	177	CTG	0.09506011754274368	1	moderate	moderate	0.022	False	user_msa
Drosophila_suzukii_Drosophila_suzukii__Act88F__XP_016925443.1	225	225	225	177	CTG	0.09506011754274368	1	moderate	moderate	0.022	False	user_msa
Drosophila_virilis_Drosophila_virilis__Act88F__XP_002054294.1	225	225	225	177	CTG	0.09506011754274368	1	moderate	moderate	0.022	False	user_msa
Drosophila_willistoni_Drosophila_willistoni__LOC6646901__XP_002069647.1	225	225	225	177	CTG	0.09506011754274368	1	moderate	moderate	0.022	False	user_msa
Drosophila_yakuba_Drosophila_yakuba__LOC6537169__XP_002097730.1	225	225	225	177	CTG	0.09506011754274368	1	moderate	moderate	0.022	False	user_msa
Drosophila_ananassae_Drosophila_ananassae__LOC6501076__XP_001954513.1	226	226	226	178	CGT	0.06578829139471054	1	moderate	moderate	0.022	False	user_msa
Drosophila_biarmipes_Drosophila_biarmipes__LOC108026160__XP_016952383.1	226	226	226	178	CGT	0.06578829139471054	1	moderate	moderate	0.022	False	user_msa
Drosophila_mauritiana_Drosophila_mauritiana__LOC117145868__XP_033167581.1	226	226	226	178	CGT	0.06578829139471054	1	moderate	moderate	0.022	False	user_msa
Drosophila_melanogaster_Drosophila_melanogaster__Act88F__NP_524367.1	226	226	226	178	CGT	0.06578829139471054	1	moderate	moderate	0.022	False	user_msa
Drosophila_pseudoobscura_Drosophila_pseudoobscura__Act88F__XP_002137155.1	226	226	226	178	CGT	0.06578829139471054	1	moderate	moderate	0.022	False	user_msa
Drosophila_sechellia_Drosophila_sechellia__Act88F__XP_002031056.2	226	226	226	178	CGT	0.06578829139471054	1	moderate	moderate	0.022	False	user_msa
Drosophila_simulans_Drosophila_simulans__LOC6727955__XP_016034553.1	226	226	226	178	CGT	0.06578829139471054	1	moderate	moderate	0.022	False	user_msa
Drosophila_subobscura_Drosophila_subobscura__LOC117898432__XP_034663715.1	226	226	226	178	CGT	0.06578829139471054	1	moderate	moderate	0.022	False	user_msa
Drosophila_suzukii_Drosophila_suzukii__Act88F__XP_016925443.1	226	226	226	178	CGT	0.06578829139471054	1	moderate	moderate	0.022	False	user_msa
Drosophila_virilis_Drosophila_virilis__Act88F__XP_002054294.1	226	226	226	178	CGT	0.06578829139471054	1	moderate	moderate	0.022	False	user_msa
Drosophila_willistoni_Drosophila_willistoni__LOC6646901__XP_002069647.1	226	226	226	178	CGT	0.06578829139471054	1	moderate	moderate	0.022	False	user_msa
Drosophila_yakuba_Drosophila_yakuba__LOC6537169__XP_002097730.1	226	226	226	178	CGT	0.06578829139471054	1	moderate	moderate	0.022	False	user_msa
Drosophila_ananassae_Drosophila_ananassae__LOC6501076__XP_001954513.1	227	227	227	179	CTG	0.061737965792417526	1	moderate	moderate	0.022	False	user_msa
Drosophila_biarmipes_Drosophila_biarmipes__LOC108026160__XP_016952383.1	227	227	227	179	CTG	0.061737965792417526	1	moderate	moderate	0.022	False	user_msa
Drosophila_mauritiana_Drosophila_mauritiana__LOC117145868__XP_033167581.1	227	227	227	179	CTG	0.061737965792417526	1	moderate	moderate	0.022	False	user_msa
Drosophila_melanogaster_Drosophila_melanogaster__Act88F__NP_524367.1	227	227	227	179	CTG	0.061737965792417526	1	moderate	moderate	0.022	False	user_msa
Drosophila_pseudoobscura_Drosophila_pseudoobscura__Act88F__XP_002137155.1	227	227	227	179	CTG	0.061737965792417526	1	moderate	moderate	0.022	False	user_msa
Drosophila_sechellia_Drosophila_sechellia__Act88F__XP_002031056.2	227	227	227	179	CTG	0.061737965792417526	1	moderate	moderate	0.022	False	user_msa
Drosophila_simulans_Drosophila_simulans__LOC6727955__XP_016034553.1	227	227	227	179	CTG	0.061737965792417526	1	moderate	moderate	0.022	False	user_msa
Drosophila_subobscura_Drosophila_subobscura__LOC117898432__XP_034663715.1	227	227	227	179	CTG	0.061737965792417526	1	moderate	moderate	0.022	False	user_msa
Drosophila_suzukii_Drosophila_suzukii__Act88F__XP_016925443.1	227	227	227	179	TTG	0.2595057487487793	1	moderate	moderate	0.022	False	user_msa
Drosophila_virilis_Drosophila_virilis__Act88F__XP_002054294.1	227	227	227	179	CTG	0.061737965792417526	1	moderate	moderate	0.022	False	user_msa
Drosophila_willistoni_Drosophila_willistoni__LOC6646901__XP_002069647.1	227	227	227	179	CTG	0.061737965792417526	1	moderate	moderate	0.022	False	user_msa
Drosophila_yakuba_Drosophila_yakuba__LOC6537169__XP_002097730.1	227	227	227	179	CTG	0.061737965792417526	1	moderate	moderate	0.022	False	user_msa
Drosophila_ananassae_Drosophila_ananassae__LOC6501076__XP_001954513.1	228	228	228	180	GAT	0.08087416738271713	1	moderate	moderate	0.022	False	user_msa
Drosophila_biarmipes_Drosophila_biarmipes__LOC108026160__XP_016952383.1	228	228	228	180	GAT	0.08087416738271713	1	moderate	moderate	0.022	False	user_msa
Drosophila_mauritiana_Drosophila_mauritiana__LOC117145868__XP_033167581.1	228	228	228	180	GAT	0.08087416738271713	1	moderate	moderate	0.022	False	user_msa
Drosophila_melanogaster_Drosophila_melanogaster__Act88F__NP_524367.1	228	228	228	180	GAT	0.08087416738271713	1	moderate	moderate	0.022	False	user_msa
Drosophila_pseudoobscura_Drosophila_pseudoobscura__Act88F__XP_002137155.1	228	228	228	180	GAT	0.08087416738271713	1	moderate	moderate	0.022	False	user_msa
Drosophila_sechellia_Drosophila_sechellia__Act88F__XP_002031056.2	228	228	228	180	GAT	0.08087416738271713	1	moderate	moderate	0.022	False	user_msa
Drosophila_simulans_Drosophila_simulans__LOC6727955__XP_016034553.1	228	228	228	180	GAT	0.08087416738271713	1	moderate	moderate	0.022	False	user_msa
Drosophila_subobscura_Drosophila_subobscura__LOC117898432__XP_034663715.1	228	228	228	180	GAC	0.0740826353430748	1	moderate	moderate	0.022	False	user_msa
Drosophila_suzukii_Drosophila_suzukii__Act88F__XP_016925443.1	228	228	228	180	GAT	0.08087416738271713	1	moderate	moderate	0.022	False	user_msa
Drosophila_virilis_Drosophila_virilis__Act88F__XP_002054294.1	228	228	228	180	GAC	0.0740826353430748	1	moderate	moderate	0.022	False	user_msa
Drosophila_willistoni_Drosophila_willistoni__LOC6646901__XP_002069647.1	228	228	228	180	GAC	0.0740826353430748	1	moderate	moderate	0.022	False	user_msa
Drosophila_yakuba_Drosophila_yakuba__LOC6537169__XP_002097730.1	228	228	228	180	GAT	0.08087416738271713	1	moderate	moderate	0.022	False	user_msa
Drosophila_ananassae_Drosophila_ananassae__LOC6501076__XP_001954513.1	229	229	229	181	CTG	0.05068418011069298	1	moderate	moderate	0.022	False	user_msa
Drosophila_biarmipes_Drosophila_biarmipes__LOC108026160__XP_016952383.1	229	229	229	181	CTG	0.05068418011069298	1	moderate	moderate	0.022	False	user_msa
Drosophila_mauritiana_Drosophila_mauritiana__LOC117145868__XP_033167581.1	229	229	229	181	CTG	0.05068418011069298	1	moderate	moderate	0.022	False	user_msa
Drosophila_melanogaster_Drosophila_melanogaster__Act88F__NP_524367.1	229	229	229	181	CTG	0.05068418011069298	1	moderate	moderate	0.022	False	user_msa
Drosophila_pseudoobscura_Drosophila_pseudoobscura__Act88F__XP_002137155.1	229	229	229	181	CTG	0.05068418011069298	1	moderate	moderate	0.022	False	user_msa
Drosophila_sechellia_Drosophila_sechellia__Act88F__XP_002031056.2	229	229	229	181	CTG	0.05068418011069298	1	moderate	moderate	0.022	False	user_msa
Drosophila_simulans_Drosophila_simulans__LOC6727955__XP_016034553.1	229	229	229	181	CTG	0.05068418011069298	1	moderate	moderate	0.022	False	user_msa
Drosophila_subobscura_Drosophila_subobscura__LOC117898432__XP_034663715.1	229	229	229	181	TTG	0.1357744336128235	1	moderate	moderate	0.022	False	user_msa
Drosophila_suzukii_Drosophila_suzukii__Act88F__XP_016925443.1	229	229	229	181	CTG	0.05068418011069298	1	moderate	moderate	0.022	False	user_msa
Drosophila_virilis_Drosophila_virilis__Act88F__XP_002054294.1	229	229	229	181	TTG	0.1357744336128235	1	moderate	moderate	0.022	False	user_msa
Drosophila_willistoni_Drosophila_willistoni__LOC6646901__XP_002069647.1	229	229	229	181	TTG	0.1357744336128235	1	moderate	moderate	0.022	False	user_msa
Drosophila_yakuba_Drosophila_yakuba__LOC6537169__XP_002097730.1	229	229	229	181	CTG	0.05068418011069298	1	moderate	moderate	0.022	False	user_msa
Drosophila_ananassae_Drosophila_ananassae__LOC6501076__XP_001954513.1	230	230	230	182	GCT	0.08199984580278397	1	moderate	moderate	0.022	False	user_msa
Drosophila_biarmipes_Drosophila_biarmipes__LOC108026160__XP_016952383.1	230	230	230	182	GCT	0.08199984580278397	1	moderate	moderate	0.022	False	user_msa
Drosophila_mauritiana_Drosophila_mauritiana__LOC117145868__XP_033167581.1	230	230	230	182	GCT	0.08199984580278397	1	moderate	moderate	0.022	False	user_msa
Drosophila_melanogaster_Drosophila_melanogaster__Act88F__NP_524367.1	230	230	230	182	GCT	0.08199984580278397	1	moderate	moderate	0.022	False	user_msa
Drosophila_pseudoobscura_Drosophila_pseudoobscura__Act88F__XP_002137155.1	230	230	230	182	GCC	0.07495772838592529	1	moderate	moderate	0.022	False	user_msa
Drosophila_sechellia_Drosophila_sechellia__Act88F__XP_002031056.2	230	230	230	182	GCT	0.08199984580278397	1	moderate	moderate	0.022	False	user_msa
Drosophila_simulans_Drosophila_simulans__LOC6727955__XP_016034553.1	230	230	230	182	GCT	0.08199984580278397	1	moderate	moderate	0.022	False	user_msa
Drosophila_subobscura_Drosophila_subobscura__LOC117898432__XP_034663715.1	230	230	230	182	GCT	0.08199984580278397	1	moderate	moderate	0.022	False	user_msa
Drosophila_suzukii_Drosophila_suzukii__Act88F__XP_016925443.1	230	230	230	182	GCT	0.08199984580278397	1	moderate	moderate	0.022	False	user_msa
Drosophila_virilis_Drosophila_virilis__Act88F__XP_002054294.1	230	230	230	182	GCC	0.07495772838592529	1	moderate	moderate	0.022	False	user_msa
Drosophila_willistoni_Drosophila_willistoni__LOC6646901__XP_002069647.1	230	230	230	182	GCT	0.08199984580278397	1	moderate	moderate	0.022	False	user_msa
Drosophila_yakuba_Drosophila_yakuba__LOC6537169__XP_002097730.1	230	230	230	182	GCT	0.08199984580278397	1	moderate	moderate	0.022	False	user_msa
Drosophila_ananassae_Drosophila_ananassae__LOC6501076__XP_001954513.1	231	231	231	183	GGT	0.07007713615894318	1	moderate	moderate	0.022	False	user_msa
Drosophila_biarmipes_Drosophila_biarmipes__LOC108026160__XP_016952383.1	231	231	231	183	GGT	0.07007713615894318	1	moderate	moderate	0.022	False	user_msa
Drosophila_mauritiana_Drosophila_mauritiana__LOC117145868__XP_033167581.1	231	231	231	183	GGT	0.07007713615894318	1	moderate	moderate	0.022	False	user_msa
Drosophila_melanogaster_Drosophila_melanogaster__Act88F__NP_524367.1	231	231	231	183	GGT	0.07007713615894318	1	moderate	moderate	0.022	False	user_msa
Drosophila_pseudoobscura_Drosophila_pseudoobscura__Act88F__XP_002137155.1	231	231	231	183	GGT	0.07007713615894318	1	moderate	moderate	0.022	False	user_msa
Drosophila_sechellia_Drosophila_sechellia__Act88F__XP_002031056.2	231	231	231	183	GGT	0.07007713615894318	1	moderate	moderate	0.022	False	user_msa
Drosophila_simulans_Drosophila_simulans__LOC6727955__XP_016034553.1	231	231	231	183	GGT	0.07007713615894318	1	moderate	moderate	0.022	False	user_msa
Drosophila_subobscura_Drosophila_subobscura__LOC117898432__XP_034663715.1	231	231	231	183	GGT	0.07007713615894318	1	moderate	moderate	0.022	False	user_msa
Drosophila_suzukii_Drosophila_suzukii__Act88F__XP_016925443.1	231	231	231	183	GGT	0.07007713615894318	1	moderate	moderate	0.022	False	user_msa
Drosophila_virilis_Drosophila_virilis__Act88F__XP_002054294.1	231	231	231	183	GGT	0.07007713615894318	1	moderate	moderate	0.022	False	user_msa
Drosophila_willistoni_Drosophila_willistoni__LOC6646901__XP_002069647.1	231	231	231	183	GGT	0.07007713615894318	1	moderate	moderate	0.022	False	user_msa
Drosophila_yakuba_Drosophila_yakuba__LOC6537169__XP_002097730.1	231	231	231	183	GGT	0.07007713615894318	1	moderate	moderate	0.022	False	user_msa
Drosophila_ananassae_Drosophila_ananassae__LOC6501076__XP_001954513.1	232	232	232	184	CGC	0.07691740244626999	1	moderate	moderate	0.022	False	user_msa
Drosophila_biarmipes_Drosophila_biarmipes__LOC108026160__XP_016952383.1	232	232	232	184	CGG	0.08044839650392532	1	moderate	moderate	0.022	False	user_msa
Drosophila_mauritiana_Drosophila_mauritiana__LOC117145868__XP_033167581.1	232	232	232	184	CGC	0.07691740244626999	1	moderate	moderate	0.022	False	user_msa
Drosophila_melanogaster_Drosophila_melanogaster__Act88F__NP_524367.1	232	232	232	184	CGC	0.07691740244626999	1	moderate	moderate	0.022	False	user_msa
Drosophila_pseudoobscura_Drosophila_pseudoobscura__Act88F__XP_002137155.1	232	232	232	184	CGC	0.07691740244626999	1	moderate	moderate	0.022	False	user_msa
Drosophila_sechellia_Drosophila_sechellia__Act88F__XP_002031056.2	232	232	232	184	CGC	0.07691740244626999	1	moderate	moderate	0.022	False	user_msa
Drosophila_simulans_Drosophila_simulans__LOC6727955__XP_016034553.1	232	232	232	184	CGC	0.07691740244626999	1	moderate	moderate	0.022	False	user_msa
Drosophila_subobscura_Drosophila_subobscura__LOC117898432__XP_034663715.1	232	232	232	184	CGC	0.07691740244626999	1	moderate	moderate	0.022	False	user_msa
Drosophila_suzukii_Drosophila_suzukii__Act88F__XP_016925443.1	232	232	232	184	CGG	0.08044839650392532	1	moderate	moderate	0.022	False	user_msa
Drosophila_virilis_Drosophila_virilis__Act88F__XP_002054294.1	232	232	232	184	CGC	0.07691740244626999	1	moderate	moderate	0.022	False	user_msa
Drosophila_willistoni_Drosophila_willistoni__LOC6646901__XP_002069647.1	232	232	232	184	CGC	0.07691740244626999	1	moderate	moderate	0.022	False	user_msa
Drosophila_yakuba_Drosophila_yakuba__LOC6537169__XP_002097730.1	232	232	232	184	CGC	0.07691740244626999	1	moderate	moderate	0.022	False	user_msa
Drosophila_ananassae_Drosophila_ananassae__LOC6501076__XP_001954513.1	233	233	233	185	GAT	0.08065856248140335	1	moderate	moderate	0.022	False	user_msa
Drosophila_biarmipes_Drosophila_biarmipes__LOC108026160__XP_016952383.1	233	233	233	185	GAT	0.08065856248140335	1	moderate	moderate	0.022	False	user_msa
Drosophila_mauritiana_Drosophila_mauritiana__LOC117145868__XP_033167581.1	233	233	233	185	GAT	0.08065856248140335	1	moderate	moderate	0.022	False	user_msa
Drosophila_melanogaster_Drosophila_melanogaster__Act88F__NP_524367.1	233	233	233	185	GAT	0.08065856248140335	1	moderate	moderate	0.022	False	user_msa
Drosophila_pseudoobscura_Drosophila_pseudoobscura__Act88F__XP_002137155.1	233	233	233	185	GAT	0.08065856248140335	1	moderate	moderate	0.022	False	user_msa
Drosophila_sechellia_Drosophila_sechellia__Act88F__XP_002031056.2	233	233	233	185	GAT	0.08065856248140335	1	moderate	moderate	0.022	False	user_msa
Drosophila_simulans_Drosophila_simulans__LOC6727955__XP_016034553.1	233	233	233	185	GAT	0.08065856248140335	1	moderate	moderate	0.022	False	user_msa
Drosophila_subobscura_Drosophila_subobscura__LOC117898432__XP_034663715.1	233	233	233	185	GAC	0.07391826808452606	1	moderate	moderate	0.022	False	user_msa
Drosophila_suzukii_Drosophila_suzukii__Act88F__XP_016925443.1	233	233	233	185	GAT	0.08065856248140335	1	moderate	moderate	0.022	False	user_msa
Drosophila_virilis_Drosophila_virilis__Act88F__XP_002054294.1	233	233	233	185	GAC	0.07391826808452606	1	moderate	moderate	0.022	False	user_msa
Drosophila_willistoni_Drosophila_willistoni__LOC6646901__XP_002069647.1	233	233	233	185	GAT	0.08065856248140335	1	moderate	moderate	0.022	False	user_msa
Drosophila_yakuba_Drosophila_yakuba__LOC6537169__XP_002097730.1	233	233	233	185	GAT	0.08065856248140335	1	moderate	moderate	0.022	False	user_msa
Drosophila_ananassae_Drosophila_ananassae__LOC6501076__XP_001954513.1	234	234	234	186	TTG	0.13555122911930084	1	moderate	moderate	0.022	False	user_msa
Drosophila_biarmipes_Drosophila_biarmipes__LOC108026160__XP_016952383.1	234	234	234	186	CTG	0.050679270178079605	1	moderate	moderate	0.022	False	user_msa
Drosophila_mauritiana_Drosophila_mauritiana__LOC117145868__XP_033167581.1	234	234	234	186	CTG	0.050679270178079605	1	moderate	moderate	0.022	False	user_msa
Drosophila_melanogaster_Drosophila_melanogaster__Act88F__NP_524367.1	234	234	234	186	CTG	0.050679270178079605	1	moderate	moderate	0.022	False	user_msa
Drosophila_pseudoobscura_Drosophila_pseudoobscura__Act88F__XP_002137155.1	234	234	234	186	TTG	0.13555122911930084	1	moderate	moderate	0.022	False	user_msa
Drosophila_sechellia_Drosophila_sechellia__Act88F__XP_002031056.2	234	234	234	186	CTG	0.050679270178079605	1	moderate	moderate	0.022	False	user_msa
Drosophila_simulans_Drosophila_simulans__LOC6727955__XP_016034553.1	234	234	234	186	CTG	0.050679270178079605	1	moderate	moderate	0.022	False	user_msa
Drosophila_subobscura_Drosophila_subobscura__LOC117898432__XP_034663715.1	234	234	234	186	TTG	0.13555122911930084	1	moderate	moderate	0.022	False	user_msa
Drosophila_suzukii_Drosophila_suzukii__Act88F__XP_016925443.1	234	234	234	186	CTG	0.050679270178079605	1	moderate	moderate	0.022	False	user_msa
Drosophila_virilis_Drosophila_virilis__Act88F__XP_002054294.1	234	234	234	186	TTG	0.13555122911930084	1	moderate	moderate	0.022	False	user_msa
Drosophila_willistoni_Drosophila_willistoni__LOC6646901__XP_002069647.1	234	234	234	186	TTA	0.1273193657398224	1	moderate	moderate	0.022	False	user_msa
Drosophila_yakuba_Drosophila_yakuba__LOC6537169__XP_002097730.1	234	234	234	186	CTG	0.050679270178079605	1	moderate	moderate	0.022	False	user_msa
Drosophila_ananassae_Drosophila_ananassae__LOC6501076__XP_001954513.1	235	235	235	187	ACC	0.06123623624444008	1	moderate	moderate	0.022	False	user_msa
Drosophila_biarmipes_Drosophila_biarmipes__LOC108026160__XP_016952383.1	235	235	235	187	ACC	0.06123623624444008	1	moderate	moderate	0.022	False	user_msa
Drosophila_mauritiana_Drosophila_mauritiana__LOC117145868__XP_033167581.1	235	235	235	187	ACC	0.06123623624444008	1	moderate	moderate	0.022	False	user_msa
Drosophila_melanogaster_Drosophila_melanogaster__Act88F__NP_524367.1	235	235	235	187	ACC	0.06123623624444008	1	moderate	moderate	0.022	False	user_msa
Drosophila_pseudoobscura_Drosophila_pseudoobscura__Act88F__XP_002137155.1	235	235	235	187	ACC	0.06123623624444008	1	moderate	moderate	0.022	False	user_msa
Drosophila_sechellia_Drosophila_sechellia__Act88F__XP_002031056.2	235	235	235	187	ACC	0.06123623624444008	1	moderate	moderate	0.022	False	user_msa
Drosophila_simulans_Drosophila_simulans__LOC6727955__XP_016034553.1	235	235	235	187	ACC	0.06123623624444008	1	moderate	moderate	0.022	False	user_msa
Drosophila_subobscura_Drosophila_subobscura__LOC117898432__XP_034663715.1	235	235	235	187	ACC	0.06123623624444008	1	moderate	moderate	0.022	False	user_msa
Drosophila_suzukii_Drosophila_suzukii__Act88F__XP_016925443.1	235	235	235	187	ACC	0.06123623624444008	1	moderate	moderate	0.022	False	user_msa
Drosophila_virilis_Drosophila_virilis__Act88F__XP_002054294.1	235	235	235	187	ACC	0.06123623624444008	1	moderate	moderate	0.022	False	user_msa
Drosophila_willistoni_Drosophila_willistoni__LOC6646901__XP_002069647.1	235	235	235	187	ACC	0.06123623624444008	1	moderate	moderate	0.022	False	user_msa
Drosophila_yakuba_Drosophila_yakuba__LOC6537169__XP_002097730.1	235	235	235	187	ACC	0.06123623624444008	1	moderate	moderate	0.022	False	user_msa
Drosophila_ananassae_Drosophila_ananassae__LOC6501076__XP_001954513.1	236	236	236	188	GAC	0.07568353414535522	1	moderate	moderate	0.022	False	user_msa
Drosophila_biarmipes_Drosophila_biarmipes__LOC108026160__XP_016952383.1	236	236	236	188	GAC	0.07568353414535522	1	moderate	moderate	0.022	False	user_msa
Drosophila_mauritiana_Drosophila_mauritiana__LOC117145868__XP_033167581.1	236	236	236	188	GAT	0.08278767019510269	1	moderate	moderate	0.022	False	user_msa
Drosophila_melanogaster_Drosophila_melanogaster__Act88F__NP_524367.1	236	236	236	188	GAT	0.08278767019510269	1	moderate	moderate	0.022	False	user_msa
Drosophila_pseudoobscura_Drosophila_pseudoobscura__Act88F__XP_002137155.1	236	236	236	188	GAC	0.07568353414535522	1	moderate	moderate	0.022	False	user_msa
Drosophila_sechellia_Drosophila_sechellia__Act88F__XP_002031056.2	236	236	236	188	GAT	0.08278767019510269	1	moderate	moderate	0.022	False	user_msa
Drosophila_simulans_Drosophila_simulans__LOC6727955__XP_016034553.1	236	236	236	188	GAT	0.08278767019510269	1	moderate	moderate	0.022	False	user_msa
Drosophila_subobscura_Drosophila_subobscura__LOC117898432__XP_034663715.1	236	236	236	188	GAC	0.07568353414535522	1	moderate	moderate	0.022	False	user_msa
Drosophila_suzukii_Drosophila_suzukii__Act88F__XP_016925443.1	236	236	236	188	GAC	0.07568353414535522	1	moderate	moderate	0.022	False	user_msa
Drosophila_virilis_Drosophila_virilis__Act88F__XP_002054294.1	236	236	236	188	GAT	0.08278767019510269	1	moderate	moderate	0.022	False	user_msa
Drosophila_willistoni_Drosophila_willistoni__LOC6646901__XP_002069647.1	236	236	236	188	GAC	0.07568353414535522	1	moderate	moderate	0.022	False	user_msa
Drosophila_yakuba_Drosophila_yakuba__LOC6537169__XP_002097730.1	236	236	236	188	GAC	0.07568353414535522	1	moderate	moderate	0.022	False	user_msa
Drosophila_ananassae_Drosophila_ananassae__LOC6501076__XP_001954513.1	237	237	237	189	TAC	0.08314500749111176	1	moderate	moderate	0.022	False	user_msa
Drosophila_biarmipes_Drosophila_biarmipes__LOC108026160__XP_016952383.1	237	237	237	189	TAC	0.08314500749111176	1	moderate	moderate	0.022	False	user_msa
Drosophila_mauritiana_Drosophila_mauritiana__LOC117145868__XP_033167581.1	237	237	237	189	TAC	0.08314500749111176	1	moderate	moderate	0.022	False	user_msa
Drosophila_melanogaster_Drosophila_melanogaster__Act88F__NP_524367.1	237	237	237	189	TAC	0.08314500749111176	1	moderate	moderate	0.022	False	user_msa
Drosophila_pseudoobscura_Drosophila_pseudoobscura__Act88F__XP_002137155.1	237	237	237	189	TAC	0.08314500749111176	1	moderate	moderate	0.022	False	user_msa
Drosophila_sechellia_Drosophila_sechellia__Act88F__XP_002031056.2	237	237	237	189	TAC	0.08314500749111176	1	moderate	moderate	0.022	False	user_msa
Drosophila_simulans_Drosophila_simulans__LOC6727955__XP_016034553.1	237	237	237	189	TAC	0.08314500749111176	1	moderate	moderate	0.022	False	user_msa
Drosophila_subobscura_Drosophila_subobscura__LOC117898432__XP_034663715.1	237	237	237	189	TAC	0.08314500749111176	1	moderate	moderate	0.022	False	user_msa
Drosophila_suzukii_Drosophila_suzukii__Act88F__XP_016925443.1	237	237	237	189	TAC	0.08314500749111176	1	moderate	moderate	0.022	False	user_msa
Drosophila_virilis_Drosophila_virilis__Act88F__XP_002054294.1	237	237	237	189	TAT	0.0908806324005127	1	moderate	moderate	0.022	False	user_msa
Drosophila_willistoni_Drosophila_willistoni__LOC6646901__XP_002069647.1	237	237	237	189	TAT	0.0908806324005127	1	moderate	moderate	0.022	False	user_msa
Drosophila_yakuba_Drosophila_yakuba__LOC6537169__XP_002097730.1	237	237	237	189	TAC	0.08314500749111176	1	moderate	moderate	0.022	False	user_msa
Drosophila_ananassae_Drosophila_ananassae__LOC6501076__XP_001954513.1	238	238	238	190	CTG	0.06654824316501617	1	moderate	moderate	0.022	False	user_msa
Drosophila_biarmipes_Drosophila_biarmipes__LOC108026160__XP_016952383.1	238	238	238	190	CTG	0.06654824316501617	1	moderate	moderate	0.022	False	user_msa
Drosophila_mauritiana_Drosophila_mauritiana__LOC117145868__XP_033167581.1	238	238	238	190	CTG	0.06654824316501617	1	moderate	moderate	0.022	False	user_msa
Drosophila_melanogaster_Drosophila_melanogaster__Act88F__NP_524367.1	238	238	238	190	CTG	0.06654824316501617	1	moderate	moderate	0.022	False	user_msa
Drosophila_pseudoobscura_Drosophila_pseudoobscura__Act88F__XP_002137155.1	238	238	238	190	CTG	0.06654824316501617	1	moderate	moderate	0.022	False	user_msa
Drosophila_sechellia_Drosophila_sechellia__Act88F__XP_002031056.2	238	238	238	190	CTG	0.06654824316501617	1	moderate	moderate	0.022	False	user_msa
Drosophila_simulans_Drosophila_simulans__LOC6727955__XP_016034553.1	238	238	238	190	CTG	0.06654824316501617	1	moderate	moderate	0.022	False	user_msa
Drosophila_subobscura_Drosophila_subobscura__LOC117898432__XP_034663715.1	238	238	238	190	CTG	0.06654824316501617	1	moderate	moderate	0.022	False	user_msa
Drosophila_suzukii_Drosophila_suzukii__Act88F__XP_016925443.1	238	238	238	190	CTG	0.06654824316501617	1	moderate	moderate	0.022	False	user_msa
Drosophila_virilis_Drosophila_virilis__Act88F__XP_002054294.1	238	238	238	190	CTG	0.06654824316501617	1	moderate	moderate	0.022	False	user_msa
Drosophila_willistoni_Drosophila_willistoni__LOC6646901__XP_002069647.1	238	238	238	190	CTG	0.06654824316501617	1	moderate	moderate	0.022	False	user_msa
Drosophila_yakuba_Drosophila_yakuba__LOC6537169__XP_002097730.1	238	238	238	190	CTG	0.06654824316501617	1	moderate	moderate	0.022	False	user_msa
Drosophila_ananassae_Drosophila_ananassae__LOC6501076__XP_001954513.1	239	239	239	191	ATG	0.06312552094459534	1	moderate	moderate	0.022	False	user_msa
Drosophila_biarmipes_Drosophila_biarmipes__LOC108026160__XP_016952383.1	239	239	239	191	ATG	0.06312552094459534	1	moderate	moderate	0.022	False	user_msa
Drosophila_mauritiana_Drosophila_mauritiana__LOC117145868__XP_033167581.1	239	239	239	191	ATG	0.06312552094459534	1	moderate	moderate	0.022	False	user_msa
Drosophila_melanogaster_Drosophila_melanogaster__Act88F__NP_524367.1	239	239	239	191	ATG	0.06312552094459534	1	moderate	moderate	0.022	False	user_msa
Drosophila_pseudoobscura_Drosophila_pseudoobscura__Act88F__XP_002137155.1	239	239	239	191	ATG	0.06312552094459534	1	moderate	moderate	0.022	False	user_msa
Drosophila_sechellia_Drosophila_sechellia__Act88F__XP_002031056.2	239	239	239	191	ATG	0.06312552094459534	1	moderate	moderate	0.022	False	user_msa
Drosophila_simulans_Drosophila_simulans__LOC6727955__XP_016034553.1	239	239	239	191	ATG	0.06312552094459534	1	moderate	moderate	0.022	False	user_msa
Drosophila_subobscura_Drosophila_subobscura__LOC117898432__XP_034663715.1	239	239	239	191	ATG	0.06312552094459534	1	moderate	moderate	0.022	False	user_msa
Drosophila_suzukii_Drosophila_suzukii__Act88F__XP_016925443.1	239	239	239	191	ATG	0.06312552094459534	1	moderate	moderate	0.022	False	user_msa
Drosophila_virilis_Drosophila_virilis__Act88F__XP_002054294.1	239	239	239	191	ATG	0.06312552094459534	1	moderate	moderate	0.022	False	user_msa
Drosophila_willistoni_Drosophila_willistoni__LOC6646901__XP_002069647.1	239	239	239	191	ATG	0.06312552094459534	1	moderate	moderate	0.022	False	user_msa
Drosophila_yakuba_Drosophila_yakuba__LOC6537169__XP_002097730.1	239	239	239	191	ATG	0.06312552094459534	1	moderate	moderate	0.022	False	user_msa
Drosophila_ananassae_Drosophila_ananassae__LOC6501076__XP_001954513.1	240	240	240	192	AAG	0.06066899746656418	1	moderate	moderate	0.022	False	user_msa
Drosophila_biarmipes_Drosophila_biarmipes__LOC108026160__XP_016952383.1	240	240	240	192	AAG	0.06066899746656418	1	moderate	moderate	0.022	False	user_msa
Drosophila_mauritiana_Drosophila_mauritiana__LOC117145868__XP_033167581.1	240	240	240	192	AAG	0.06066899746656418	1	moderate	moderate	0.022	False	user_msa
Drosophila_melanogaster_Drosophila_melanogaster__Act88F__NP_524367.1	240	240	240	192	AAG	0.06066899746656418	1	moderate	moderate	0.022	False	user_msa
Drosophila_pseudoobscura_Drosophila_pseudoobscura__Act88F__XP_002137155.1	240	240	240	192	AAG	0.06066899746656418	1	moderate	moderate	0.022	False	user_msa
Drosophila_sechellia_Drosophila_sechellia__Act88F__XP_002031056.2	240	240	240	192	AAG	0.06066899746656418	1	moderate	moderate	0.022	False	user_msa
Drosophila_simulans_Drosophila_simulans__LOC6727955__XP_016034553.1	240	240	240	192	AAG	0.06066899746656418	1	moderate	moderate	0.022	False	user_msa
Drosophila_subobscura_Drosophila_subobscura__LOC117898432__XP_034663715.1	240	240	240	192	AAG	0.06066899746656418	1	moderate	moderate	0.022	False	user_msa
Drosophila_suzukii_Drosophila_suzukii__Act88F__XP_016925443.1	240	240	240	192	AAG	0.06066899746656418	1	moderate	moderate	0.022	False	user_msa
Drosophila_virilis_Drosophila_virilis__Act88F__XP_002054294.1	240	240	240	192	AAG	0.06066899746656418	1	moderate	moderate	0.022	False	user_msa
Drosophila_willistoni_Drosophila_willistoni__LOC6646901__XP_002069647.1	240	240	240	192	AAG	0.06066899746656418	1	moderate	moderate	0.022	False	user_msa
Drosophila_yakuba_Drosophila_yakuba__LOC6537169__XP_002097730.1	240	240	240	192	AAG	0.06066899746656418	1	moderate	moderate	0.022	False	user_msa
Drosophila_ananassae_Drosophila_ananassae__LOC6501076__XP_001954513.1	241	241	241	193	ATC	0.06293316185474396	1	moderate	moderate	0.022	False	user_msa
Drosophila_biarmipes_Drosophila_biarmipes__LOC108026160__XP_016952383.1	241	241	241	193	ATC	0.06293316185474396	1	moderate	moderate	0.022	False	user_msa
Drosophila_mauritiana_Drosophila_mauritiana__LOC117145868__XP_033167581.1	241	241	241	193	ATC	0.06293316185474396	1	moderate	moderate	0.022	False	user_msa
Drosophila_melanogaster_Drosophila_melanogaster__Act88F__NP_524367.1	241	241	241	193	ATC	0.06293316185474396	1	moderate	moderate	0.022	False	user_msa
Drosophila_pseudoobscura_Drosophila_pseudoobscura__Act88F__XP_002137155.1	241	241	241	193	ATC	0.06293316185474396	1	moderate	moderate	0.022	False	user_msa
Drosophila_sechellia_Drosophila_sechellia__Act88F__XP_002031056.2	241	241	241	193	ATC	0.06293316185474396	1	moderate	moderate	0.022	False	user_msa
Drosophila_simulans_Drosophila_simulans__LOC6727955__XP_016034553.1	241	241	241	193	ATC	0.06293316185474396	1	moderate	moderate	0.022	False	user_msa
Drosophila_subobscura_Drosophila_subobscura__LOC117898432__XP_034663715.1	241	241	241	193	ATC	0.06293316185474396	1	moderate	moderate	0.022	False	user_msa
Drosophila_suzukii_Drosophila_suzukii__Act88F__XP_016925443.1	241	241	241	193	ATC	0.06293316185474396	1	moderate	moderate	0.022	False	user_msa
Drosophila_virilis_Drosophila_virilis__Act88F__XP_002054294.1	241	241	241	193	ATC	0.06293316185474396	1	moderate	moderate	0.022	False	user_msa
Drosophila_willistoni_Drosophila_willistoni__LOC6646901__XP_002069647.1	241	241	241	193	ATC	0.06293316185474396	1	moderate	moderate	0.022	False	user_msa
Drosophila_yakuba_Drosophila_yakuba__LOC6537169__XP_002097730.1	241	241	241	193	ATC	0.06293316185474396	1	moderate	moderate	0.022	False	user_msa
Drosophila_ananassae_Drosophila_ananassae__LOC6501076__XP_001954513.1	242	242	242	194	CTG	0.07984699308872223	1	moderate	moderate	0.022	False	user_msa
Drosophila_biarmipes_Drosophila_biarmipes__LOC108026160__XP_016952383.1	242	242	242	194	CTG	0.07984699308872223	1	moderate	moderate	0.022	False	user_msa
Drosophila_mauritiana_Drosophila_mauritiana__LOC117145868__XP_033167581.1	242	242	242	194	CTG	0.07984699308872223	1	moderate	moderate	0.022	False	user_msa
Drosophila_melanogaster_Drosophila_melanogaster__Act88F__NP_524367.1	242	242	242	194	CTG	0.07984699308872223	1	moderate	moderate	0.022	False	user_msa
Drosophila_pseudoobscura_Drosophila_pseudoobscura__Act88F__XP_002137155.1	242	242	242	194	CTC	0.07634015381336212	1	moderate	moderate	0.022	False	user_msa
Drosophila_sechellia_Drosophila_sechellia__Act88F__XP_002031056.2	242	242	242	194	CTG	0.07984699308872223	1	moderate	moderate	0.022	False	user_msa
Drosophila_simulans_Drosophila_simulans__LOC6727955__XP_016034553.1	242	242	242	194	CTG	0.07984699308872223	1	moderate	moderate	0.022	False	user_msa
Drosophila_subobscura_Drosophila_subobscura__LOC117898432__XP_034663715.1	242	242	242	194	CTC	0.07634015381336212	1	moderate	moderate	0.022	False	user_msa
Drosophila_suzukii_Drosophila_suzukii__Act88F__XP_016925443.1	242	242	242	194	CTG	0.07984699308872223	1	moderate	moderate	0.022	False	user_msa
Drosophila_virilis_Drosophila_virilis__Act88F__XP_002054294.1	242	242	242	194	CTG	0.07984699308872223	1	moderate	moderate	0.022	False	user_msa
Drosophila_willistoni_Drosophila_willistoni__LOC6646901__XP_002069647.1	242	242	242	194	CTC	0.07634015381336212	1	moderate	moderate	0.022	False	user_msa
Drosophila_yakuba_Drosophila_yakuba__LOC6537169__XP_002097730.1	242	242	242	194	CTG	0.07984699308872223	1	moderate	moderate	0.022	False	user_msa
Drosophila_ananassae_Drosophila_ananassae__LOC6501076__XP_001954513.1	243	243	243	195	ACC	0.08272358030080795	1	moderate	moderate	0.022	False	user_msa
Drosophila_biarmipes_Drosophila_biarmipes__LOC108026160__XP_016952383.1	243	243	243	195	ACG	0.08649613708257675	1	moderate	moderate	0.022	False	user_msa
Drosophila_mauritiana_Drosophila_mauritiana__LOC117145868__XP_033167581.1	243	243	243	195	ACG	0.08649613708257675	1	moderate	moderate	0.022	False	user_msa
Drosophila_melanogaster_Drosophila_melanogaster__Act88F__NP_524367.1	243	243	243	195	ACG	0.08649613708257675	1	moderate	moderate	0.022	False	user_msa
Drosophila_pseudoobscura_Drosophila_pseudoobscura__Act88F__XP_002137155.1	243	243	243	195	ACC	0.08272358030080795	1	moderate	moderate	0.022	False	user_msa
Drosophila_sechellia_Drosophila_sechellia__Act88F__XP_002031056.2	243	243	243	195	ACG	0.08649613708257675	1	moderate	moderate	0.022	False	user_msa
Drosophila_simulans_Drosophila_simulans__LOC6727955__XP_016034553.1	243	243	243	195	ACG	0.08649613708257675	1	moderate	moderate	0.022	False	user_msa
Drosophila_subobscura_Drosophila_subobscura__LOC117898432__XP_034663715.1	243	243	243	195	ACC	0.08272358030080795	1	moderate	moderate	0.022	False	user_msa
Drosophila_suzukii_Drosophila_suzukii__Act88F__XP_016925443.1	243	243	243	195	ACG	0.08649613708257675	1	moderate	moderate	0.022	False	user_msa
Drosophila_virilis_Drosophila_virilis__Act88F__XP_002054294.1	243	243	243	195	ACT	0.09042388200759888	1	moderate	moderate	0.022	False	user_msa
Drosophila_willistoni_Drosophila_willistoni__LOC6646901__XP_002069647.1	243	243	243	195	ACC	0.08272358030080795	1	moderate	moderate	0.022	False	user_msa
Drosophila_yakuba_Drosophila_yakuba__LOC6537169__XP_002097730.1	243	243	243	195	ACG	0.08649613708257675	1	moderate	moderate	0.022	False	user_msa
Drosophila_ananassae_Drosophila_ananassae__LOC6501076__XP_001954513.1	244	244	244	196	GAG	0.0675201341509819	1	moderate	moderate	0.022	False	user_msa
Drosophila_biarmipes_Drosophila_biarmipes__LOC108026160__XP_016952383.1	244	244	244	196	GAG	0.0675201341509819	1	moderate	moderate	0.022	False	user_msa
Drosophila_mauritiana_Drosophila_mauritiana__LOC117145868__XP_033167581.1	244	244	244	196	GAG	0.0675201341509819	1	moderate	moderate	0.022	False	user_msa
Drosophila_melanogaster_Drosophila_melanogaster__Act88F__NP_524367.1	244	244	244	196	GAG	0.0675201341509819	1	moderate	moderate	0.022	False	user_msa
Drosophila_pseudoobscura_Drosophila_pseudoobscura__Act88F__XP_002137155.1	244	244	244	196	GAG	0.0675201341509819	1	moderate	moderate	0.022	False	user_msa
Drosophila_sechellia_Drosophila_sechellia__Act88F__XP_002031056.2	244	244	244	196	GAG	0.0675201341509819	1	moderate	moderate	0.022	False	user_msa
Drosophila_simulans_Drosophila_simulans__LOC6727955__XP_016034553.1	244	244	244	196	GAG	0.0675201341509819	1	moderate	moderate	0.022	False	user_msa
Drosophila_subobscura_Drosophila_subobscura__LOC117898432__XP_034663715.1	244	244	244	196	GAG	0.0675201341509819	1	moderate	moderate	0.022	False	user_msa
Drosophila_suzukii_Drosophila_suzukii__Act88F__XP_016925443.1	244	244	244	196	GAG	0.0675201341509819	1	moderate	moderate	0.022	False	user_msa
Drosophila_virilis_Drosophila_virilis__Act88F__XP_002054294.1	244	244	244	196	GAG	0.0675201341509819	1	moderate	moderate	0.022	False	user_msa
Drosophila_willistoni_Drosophila_willistoni__LOC6646901__XP_002069647.1	244	244	244	196	GAG	0.0675201341509819	1	moderate	moderate	0.022	False	user_msa
Drosophila_yakuba_Drosophila_yakuba__LOC6537169__XP_002097730.1	244	244	244	196	GAG	0.0675201341509819	1	moderate	moderate	0.022	False	user_msa
Drosophila_ananassae_Drosophila_ananassae__LOC6501076__XP_001954513.1	245	245	245	197	CGC	0.07524104416370392	1	moderate	moderate	0.022	False	user_msa
Drosophila_biarmipes_Drosophila_biarmipes__LOC108026160__XP_016952383.1	245	245	245	197	CGC	0.07524104416370392	1	moderate	moderate	0.022	False	user_msa
Drosophila_mauritiana_Drosophila_mauritiana__LOC117145868__XP_033167581.1	245	245	245	197	CGC	0.07524104416370392	1	moderate	moderate	0.022	False	user_msa
Drosophila_melanogaster_Drosophila_melanogaster__Act88F__NP_524367.1	245	245	245	197	CGC	0.07524104416370392	1	moderate	moderate	0.022	False	user_msa
Drosophila_pseudoobscura_Drosophila_pseudoobscura__Act88F__XP_002137155.1	245	245	245	197	CGC	0.07524104416370392	1	moderate	moderate	0.022	False	user_msa
Drosophila_sechellia_Drosophila_sechellia__Act88F__XP_002031056.2	245	245	245	197	CGC	0.07524104416370392	1	moderate	moderate	0.022	False	user_msa
Drosophila_simulans_Drosophila_simulans__LOC6727955__XP_016034553.1	245	245	245	197	CGC	0.07524104416370392	1	moderate	moderate	0.022	False	user_msa
Drosophila_subobscura_Drosophila_subobscura__LOC117898432__XP_034663715.1	245	245	245	197	CGC	0.07524104416370392	1	moderate	moderate	0.022	False	user_msa
Drosophila_suzukii_Drosophila_suzukii__Act88F__XP_016925443.1	245	245	245	197	CGC	0.07524104416370392	1	moderate	moderate	0.022	False	user_msa
Drosophila_virilis_Drosophila_virilis__Act88F__XP_002054294.1	245	245	245	197	CGT	0.08230733871459961	1	moderate	moderate	0.022	False	user_msa
Drosophila_willistoni_Drosophila_willistoni__LOC6646901__XP_002069647.1	245	245	245	197	CGT	0.08230733871459961	1	moderate	moderate	0.022	False	user_msa
Drosophila_yakuba_Drosophila_yakuba__LOC6537169__XP_002097730.1	245	245	245	197	CGC	0.07524104416370392	1	moderate	moderate	0.022	False	user_msa
Drosophila_ananassae_Drosophila_ananassae__LOC6501076__XP_001954513.1	246	246	246	198	GGC	0.08146320283412933	1	moderate	moderate	0.022	False	user_msa
Drosophila_biarmipes_Drosophila_biarmipes__LOC108026160__XP_016952383.1	246	246	246	198	GGC	0.08146320283412933	1	moderate	moderate	0.022	False	user_msa
Drosophila_mauritiana_Drosophila_mauritiana__LOC117145868__XP_033167581.1	246	246	246	198	GGC	0.08146320283412933	1	moderate	moderate	0.022	False	user_msa
Drosophila_melanogaster_Drosophila_melanogaster__Act88F__NP_524367.1	246	246	246	198	GGC	0.08146320283412933	1	moderate	moderate	0.022	False	user_msa
Drosophila_pseudoobscura_Drosophila_pseudoobscura__Act88F__XP_002137155.1	246	246	246	198	GGC	0.08146320283412933	1	moderate	moderate	0.022	False	user_msa
Drosophila_sechellia_Drosophila_sechellia__Act88F__XP_002031056.2	246	246	246	198	GGC	0.08146320283412933	1	moderate	moderate	0.022	False	user_msa
Drosophila_simulans_Drosophila_simulans__LOC6727955__XP_016034553.1	246	246	246	198	GGC	0.08146320283412933	1	moderate	moderate	0.022	False	user_msa
Drosophila_subobscura_Drosophila_subobscura__LOC117898432__XP_034663715.1	246	246	246	198	GGC	0.08146320283412933	1	moderate	moderate	0.022	False	user_msa
Drosophila_suzukii_Drosophila_suzukii__Act88F__XP_016925443.1	246	246	246	198	GGC	0.08146320283412933	1	moderate	moderate	0.022	False	user_msa
Drosophila_virilis_Drosophila_virilis__Act88F__XP_002054294.1	246	246	246	198	GGC	0.08146320283412933	1	moderate	moderate	0.022	False	user_msa
Drosophila_willistoni_Drosophila_willistoni__LOC6646901__XP_002069647.1	246	246	246	198	GGT	0.08905757963657379	1	moderate	moderate	0.022	False	user_msa
Drosophila_yakuba_Drosophila_yakuba__LOC6537169__XP_002097730.1	246	246	246	198	GGC	0.08146320283412933	1	moderate	moderate	0.022	False	user_msa
Drosophila_ananassae_Drosophila_ananassae__LOC6501076__XP_001954513.1	247	247	247	199	TAC	0.08423153311014175	1	moderate	moderate	0.022	False	user_msa
Drosophila_biarmipes_Drosophila_biarmipes__LOC108026160__XP_016952383.1	247	247	247	199	TAC	0.08423153311014175	1	moderate	moderate	0.022	False	user_msa
Drosophila_mauritiana_Drosophila_mauritiana__LOC117145868__XP_033167581.1	247	247	247	199	TAC	0.08423153311014175	1	moderate	moderate	0.022	False	user_msa
Drosophila_melanogaster_Drosophila_melanogaster__Act88F__NP_524367.1	247	247	247	199	TAC	0.08423153311014175	1	moderate	moderate	0.022	False	user_msa
Drosophila_pseudoobscura_Drosophila_pseudoobscura__Act88F__XP_002137155.1	247	247	247	199	TAC	0.08423153311014175	1	moderate	moderate	0.022	False	user_msa
Drosophila_sechellia_Drosophila_sechellia__Act88F__XP_002031056.2	247	247	247	199	TAC	0.08423153311014175	1	moderate	moderate	0.022	False	user_msa
Drosophila_simulans_Drosophila_simulans__LOC6727955__XP_016034553.1	247	247	247	199	TAC	0.08423153311014175	1	moderate	moderate	0.022	False	user_msa
Drosophila_subobscura_Drosophila_subobscura__LOC117898432__XP_034663715.1	247	247	247	199	TAC	0.08423153311014175	1	moderate	moderate	0.022	False	user_msa
Drosophila_suzukii_Drosophila_suzukii__Act88F__XP_016925443.1	247	247	247	199	TAC	0.08423153311014175	1	moderate	moderate	0.022	False	user_msa
Drosophila_virilis_Drosophila_virilis__Act88F__XP_002054294.1	247	247	247	199	TAC	0.08423153311014175	1	moderate	moderate	0.022	False	user_msa
Drosophila_willistoni_Drosophila_willistoni__LOC6646901__XP_002069647.1	247	247	247	199	TAT	0.09205816686153412	1	moderate	moderate	0.022	False	user_msa
Drosophila_yakuba_Drosophila_yakuba__LOC6537169__XP_002097730.1	247	247	247	199	TAC	0.08423153311014175	1	moderate	moderate	0.022	False	user_msa
Drosophila_ananassae_Drosophila_ananassae__LOC6501076__XP_001954513.1	248	248	248	200	TCT	0.18523097038269043	1	moderate	moderate	0.022	False	user_msa
Drosophila_biarmipes_Drosophila_biarmipes__LOC108026160__XP_016952383.1	248	248	248	200	AGC	0.02687356248497963	1	moderate	moderate	0.022	False	user_msa
Drosophila_mauritiana_Drosophila_mauritiana__LOC117145868__XP_033167581.1	248	248	248	200	AGC	0.02687356248497963	1	moderate	moderate	0.022	False	user_msa
Drosophila_melanogaster_Drosophila_melanogaster__Act88F__NP_524367.1	248	248	248	200	AGC	0.02687356248497963	1	moderate	moderate	0.022	False	user_msa
Drosophila_pseudoobscura_Drosophila_pseudoobscura__Act88F__XP_002137155.1	248	248	248	200	TCG	0.1798497438430786	1	moderate	moderate	0.022	False	user_msa
Drosophila_sechellia_Drosophila_sechellia__Act88F__XP_002031056.2	248	248	248	200	AGC	0.02687356248497963	1	moderate	moderate	0.022	False	user_msa
Drosophila_simulans_Drosophila_simulans__LOC6727955__XP_016034553.1	248	248	248	200	AGC	0.02687356248497963	1	moderate	moderate	0.022	False	user_msa
Drosophila_subobscura_Drosophila_subobscura__LOC117898432__XP_034663715.1	248	248	248	200	TCG	0.1798497438430786	1	moderate	moderate	0.022	False	user_msa
Drosophila_suzukii_Drosophila_suzukii__Act88F__XP_016925443.1	248	248	248	200	AGC	0.02687356248497963	1	moderate	moderate	0.022	False	user_msa
Drosophila_virilis_Drosophila_virilis__Act88F__XP_002054294.1	248	248	248	200	TCT	0.18523097038269043	1	moderate	moderate	0.022	False	user_msa
Drosophila_willistoni_Drosophila_willistoni__LOC6646901__XP_002069647.1	248	248	248	200	TCA	0.16945524513721466	1	moderate	moderate	0.022	False	user_msa
Drosophila_yakuba_Drosophila_yakuba__LOC6537169__XP_002097730.1	248	248	248	200	AGC	0.02687356248497963	1	moderate	moderate	0.022	False	user_msa
Drosophila_ananassae_Drosophila_ananassae__LOC6501076__XP_001954513.1	249	249	249	201	TTC	0.07569516450166702	1	moderate	moderate	0.022	False	user_msa
Drosophila_biarmipes_Drosophila_biarmipes__LOC108026160__XP_016952383.1	249	249	249	201	TTC	0.07569516450166702	1	moderate	moderate	0.022	False	user_msa
Drosophila_mauritiana_Drosophila_mauritiana__LOC117145868__XP_033167581.1	249	249	249	201	TTC	0.07569516450166702	1	moderate	moderate	0.022	False	user_msa
Drosophila_melanogaster_Drosophila_melanogaster__Act88F__NP_524367.1	249	249	249	201	TTC	0.07569516450166702	1	moderate	moderate	0.022	False	user_msa
Drosophila_pseudoobscura_Drosophila_pseudoobscura__Act88F__XP_002137155.1	249	249	249	201	TTC	0.07569516450166702	1	moderate	moderate	0.022	False	user_msa
Drosophila_sechellia_Drosophila_sechellia__Act88F__XP_002031056.2	249	249	249	201	TTC	0.07569516450166702	1	moderate	moderate	0.022	False	user_msa
Drosophila_simulans_Drosophila_simulans__LOC6727955__XP_016034553.1	249	249	249	201	TTC	0.07569516450166702	1	moderate	moderate	0.022	False	user_msa
Drosophila_subobscura_Drosophila_subobscura__LOC117898432__XP_034663715.1	249	249	249	201	TTC	0.07569516450166702	1	moderate	moderate	0.022	False	user_msa
Drosophila_suzukii_Drosophila_suzukii__Act88F__XP_016925443.1	249	249	249	201	TTC	0.07569516450166702	1	moderate	moderate	0.022	False	user_msa
Drosophila_virilis_Drosophila_virilis__Act88F__XP_002054294.1	249	249	249	201	TTC	0.07569516450166702	1	moderate	moderate	0.022	False	user_msa
Drosophila_willistoni_Drosophila_willistoni__LOC6646901__XP_002069647.1	249	249	249	201	TTC	0.07569516450166702	1	moderate	moderate	0.022	False	user_msa
Drosophila_yakuba_Drosophila_yakuba__LOC6537169__XP_002097730.1	249	249	249	201	TTC	0.07569516450166702	1	moderate	moderate	0.022	False	user_msa
Drosophila_ananassae_Drosophila_ananassae__LOC6501076__XP_001954513.1	250	250	250	202	ACC	0.061357464641332626	1	moderate	moderate	0.022	False	user_msa
Drosophila_biarmipes_Drosophila_biarmipes__LOC108026160__XP_016952383.1	250	250	250	202	ACC	0.061357464641332626	1	moderate	moderate	0.022	False	user_msa
Drosophila_mauritiana_Drosophila_mauritiana__LOC117145868__XP_033167581.1	250	250	250	202	ACC	0.061357464641332626	1	moderate	moderate	0.022	False	user_msa
Drosophila_melanogaster_Drosophila_melanogaster__Act88F__NP_524367.1	250	250	250	202	ACC	0.061357464641332626	1	moderate	moderate	0.022	False	user_msa
Drosophila_pseudoobscura_Drosophila_pseudoobscura__Act88F__XP_002137155.1	250	250	250	202	ACC	0.061357464641332626	1	moderate	moderate	0.022	False	user_msa
Drosophila_sechellia_Drosophila_sechellia__Act88F__XP_002031056.2	250	250	250	202	ACC	0.061357464641332626	1	moderate	moderate	0.022	False	user_msa
Drosophila_simulans_Drosophila_simulans__LOC6727955__XP_016034553.1	250	250	250	202	ACC	0.061357464641332626	1	moderate	moderate	0.022	False	user_msa
Drosophila_subobscura_Drosophila_subobscura__LOC117898432__XP_034663715.1	250	250	250	202	ACC	0.061357464641332626	1	moderate	moderate	0.022	False	user_msa
Drosophila_suzukii_Drosophila_suzukii__Act88F__XP_016925443.1	250	250	250	202	ACC	0.061357464641332626	1	moderate	moderate	0.022	False	user_msa
Drosophila_virilis_Drosophila_virilis__Act88F__XP_002054294.1	250	250	250	202	ACC	0.061357464641332626	1	moderate	moderate	0.022	False	user_msa
Drosophila_willistoni_Drosophila_willistoni__LOC6646901__XP_002069647.1	250	250	250	202	ACC	0.061357464641332626	1	moderate	moderate	0.022	False	user_msa
Drosophila_yakuba_Drosophila_yakuba__LOC6537169__XP_002097730.1	250	250	250	202	ACC	0.061357464641332626	1	moderate	moderate	0.022	False	user_msa
Drosophila_ananassae_Drosophila_ananassae__LOC6501076__XP_001954513.1	251	251	251	203	ACC	0.06136555224657059	1	moderate	moderate	0.022	False	user_msa
Drosophila_biarmipes_Drosophila_biarmipes__LOC108026160__XP_016952383.1	251	251	251	203	ACC	0.06136555224657059	1	moderate	moderate	0.022	False	user_msa
Drosophila_mauritiana_Drosophila_mauritiana__LOC117145868__XP_033167581.1	251	251	251	203	ACC	0.06136555224657059	1	moderate	moderate	0.022	False	user_msa
Drosophila_melanogaster_Drosophila_melanogaster__Act88F__NP_524367.1	251	251	251	203	ACC	0.06136555224657059	1	moderate	moderate	0.022	False	user_msa
Drosophila_pseudoobscura_Drosophila_pseudoobscura__Act88F__XP_002137155.1	251	251	251	203	ACC	0.06136555224657059	1	moderate	moderate	0.022	False	user_msa
Drosophila_sechellia_Drosophila_sechellia__Act88F__XP_002031056.2	251	251	251	203	ACC	0.06136555224657059	1	moderate	moderate	0.022	False	user_msa
Drosophila_simulans_Drosophila_simulans__LOC6727955__XP_016034553.1	251	251	251	203	ACC	0.06136555224657059	1	moderate	moderate	0.022	False	user_msa
Drosophila_subobscura_Drosophila_subobscura__LOC117898432__XP_034663715.1	251	251	251	203	ACC	0.06136555224657059	1	moderate	moderate	0.022	False	user_msa
Drosophila_suzukii_Drosophila_suzukii__Act88F__XP_016925443.1	251	251	251	203	ACC	0.06136555224657059	1	moderate	moderate	0.022	False	user_msa
Drosophila_virilis_Drosophila_virilis__Act88F__XP_002054294.1	251	251	251	203	ACC	0.06136555224657059	1	moderate	moderate	0.022	False	user_msa
Drosophila_willistoni_Drosophila_willistoni__LOC6646901__XP_002069647.1	251	251	251	203	ACC	0.06136555224657059	1	moderate	moderate	0.022	False	user_msa
Drosophila_yakuba_Drosophila_yakuba__LOC6537169__XP_002097730.1	251	251	251	203	ACC	0.06136555224657059	1	moderate	moderate	0.022	False	user_msa
Drosophila_ananassae_Drosophila_ananassae__LOC6501076__XP_001954513.1	252	252	252	204	ACT	0.07429429143667221	1	moderate	moderate	0.022	False	user_msa
Drosophila_biarmipes_Drosophila_biarmipes__LOC108026160__XP_016952383.1	252	252	252	204	ACC	0.06940510123968124	1	moderate	moderate	0.022	False	user_msa
Drosophila_mauritiana_Drosophila_mauritiana__LOC117145868__XP_033167581.1	252	252	252	204	ACC	0.06940510123968124	1	moderate	moderate	0.022	False	user_msa
Drosophila_melanogaster_Drosophila_melanogaster__Act88F__NP_524367.1	252	252	252	204	ACC	0.06940510123968124	1	moderate	moderate	0.022	False	user_msa
Drosophila_pseudoobscura_Drosophila_pseudoobscura__Act88F__XP_002137155.1	252	252	252	204	ACT	0.07429429143667221	1	moderate	moderate	0.022	False	user_msa
Drosophila_sechellia_Drosophila_sechellia__Act88F__XP_002031056.2	252	252	252	204	ACC	0.06940510123968124	1	moderate	moderate	0.022	False	user_msa
Drosophila_simulans_Drosophila_simulans__LOC6727955__XP_016034553.1	252	252	252	204	ACC	0.06940510123968124	1	moderate	moderate	0.022	False	user_msa
Drosophila_subobscura_Drosophila_subobscura__LOC117898432__XP_034663715.1	252	252	252	204	ACT	0.07429429143667221	1	moderate	moderate	0.022	False	user_msa
Drosophila_suzukii_Drosophila_suzukii__Act88F__XP_016925443.1	252	252	252	204	ACC	0.06940510123968124	1	moderate	moderate	0.022	False	user_msa
Drosophila_virilis_Drosophila_virilis__Act88F__XP_002054294.1	252	252	252	204	ACC	0.06940510123968124	1	moderate	moderate	0.022	False	user_msa
Drosophila_willistoni_Drosophila_willistoni__LOC6646901__XP_002069647.1	252	252	252	204	ACT	0.07429429143667221	1	moderate	moderate	0.022	False	user_msa
Drosophila_yakuba_Drosophila_yakuba__LOC6537169__XP_002097730.1	252	252	252	204	ACC	0.06940510123968124	1	moderate	moderate	0.022	False	user_msa
Drosophila_ananassae_Drosophila_ananassae__LOC6501076__XP_001954513.1	253	253	253		---	0.03466101735830307	1	moderate	moderate	0.022	False	user_msa
Drosophila_biarmipes_Drosophila_biarmipes__LOC108026160__XP_016952383.1	253	253	253		---	0.03466101735830307	1	moderate	moderate	0.022	False	user_msa
Drosophila_mauritiana_Drosophila_mauritiana__LOC117145868__XP_033167581.1	253	253	253		---	0.03466101735830307	1	moderate	moderate	0.022	False	user_msa
Drosophila_melanogaster_Drosophila_melanogaster__Act88F__NP_524367.1	253	253	253		---	0.03466101735830307	1	moderate	moderate	0.022	False	user_msa
Drosophila_pseudoobscura_Drosophila_pseudoobscura__Act88F__XP_002137155.1	253	253	253		---	0.03466101735830307	1	moderate	moderate	0.022	False	user_msa
Drosophila_sechellia_Drosophila_sechellia__Act88F__XP_002031056.2	253	253	253		---	0.03466101735830307	1	moderate	moderate	0.022	False	user_msa
Drosophila_simulans_Drosophila_simulans__LOC6727955__XP_016034553.1	253	253	253		---	0.03466101735830307	1	moderate	moderate	0.022	False	user_msa
Drosophila_subobscura_Drosophila_subobscura__LOC117898432__XP_034663715.1	253	253	253		---	0.03466101735830307	1	moderate	moderate	0.022	False	user_msa
Drosophila_suzukii_Drosophila_suzukii__Act88F__XP_016925443.1	253	253	253		---	0.03466101735830307	1	moderate	moderate	0.022	False	user_msa
Drosophila_virilis_Drosophila_virilis__Act88F__XP_002054294.1	253	253	253		---	0.03466101735830307	1	moderate	moderate	0.022	False	user_msa
Drosophila_willistoni_Drosophila_willistoni__LOC6646901__XP_002069647.1	253	253	253		---	0.03466101735830307	1	moderate	moderate	0.022	False	user_msa
Drosophila_yakuba_Drosophila_yakuba__LOC6537169__XP_002097730.1	253	253	253		---	0.03466101735830307	1	moderate	moderate	0.022	False	user_msa
Drosophila_ananassae_Drosophila_ananassae__LOC6501076__XP_001954513.1	254	254	254		---	0.03466303274035454	1	moderate	moderate	0.022	False	user_msa
Drosophila_biarmipes_Drosophila_biarmipes__LOC108026160__XP_016952383.1	254	254	254		---	0.03466303274035454	1	moderate	moderate	0.022	False	user_msa
Drosophila_mauritiana_Drosophila_mauritiana__LOC117145868__XP_033167581.1	254	254	254		---	0.03466303274035454	1	moderate	moderate	0.022	False	user_msa
Drosophila_melanogaster_Drosophila_melanogaster__Act88F__NP_524367.1	254	254	254		---	0.03466303274035454	1	moderate	moderate	0.022	False	user_msa
Drosophila_pseudoobscura_Drosophila_pseudoobscura__Act88F__XP_002137155.1	254	254	254		---	0.03466303274035454	1	moderate	moderate	0.022	False	user_msa
Drosophila_sechellia_Drosophila_sechellia__Act88F__XP_002031056.2	254	254	254		---	0.03466303274035454	1	moderate	moderate	0.022	False	user_msa
Drosophila_simulans_Drosophila_simulans__LOC6727955__XP_016034553.1	254	254	254		---	0.03466303274035454	1	moderate	moderate	0.022	False	user_msa
Drosophila_subobscura_Drosophila_subobscura__LOC117898432__XP_034663715.1	254	254	254		---	0.03466303274035454	1	moderate	moderate	0.022	False	user_msa
Drosophila_suzukii_Drosophila_suzukii__Act88F__XP_016925443.1	254	254	254		---	0.03466303274035454	1	moderate	moderate	0.022	False	user_msa
Drosophila_virilis_Drosophila_virilis__Act88F__XP_002054294.1	254	254	254		---	0.03466303274035454	1	moderate	moderate	0.022	False	user_msa
Drosophila_willistoni_Drosophila_willistoni__LOC6646901__XP_002069647.1	254	254	254		---	0.03466303274035454	1	moderate	moderate	0.022	False	user_msa
Drosophila_yakuba_Drosophila_yakuba__LOC6537169__XP_002097730.1	254	254	254		---	0.03466303274035454	1	moderate	moderate	0.022	False	user_msa
Drosophila_ananassae_Drosophila_ananassae__LOC6501076__XP_001954513.1	255	255	255	205	GCC	0.08016355335712433	1	moderate	moderate	0.022	False	user_msa
Drosophila_biarmipes_Drosophila_biarmipes__LOC108026160__XP_016952383.1	255	255	255	205	GCC	0.08016355335712433	1	moderate	moderate	0.022	False	user_msa
Drosophila_mauritiana_Drosophila_mauritiana__LOC117145868__XP_033167581.1	255	255	255	205	GCC	0.08016355335712433	1	moderate	moderate	0.022	False	user_msa
Drosophila_melanogaster_Drosophila_melanogaster__Act88F__NP_524367.1	255	255	255	205	GCC	0.08016355335712433	1	moderate	moderate	0.022	False	user_msa
Drosophila_pseudoobscura_Drosophila_pseudoobscura__Act88F__XP_002137155.1	255	255	255	205	GCC	0.08016355335712433	1	moderate	moderate	0.022	False	user_msa
Drosophila_sechellia_Drosophila_sechellia__Act88F__XP_002031056.2	255	255	255	205	GCC	0.08016355335712433	1	moderate	moderate	0.022	False	user_msa
Drosophila_simulans_Drosophila_simulans__LOC6727955__XP_016034553.1	255	255	255	205	GCC	0.08016355335712433	1	moderate	moderate	0.022	False	user_msa
Drosophila_subobscura_Drosophila_subobscura__LOC117898432__XP_034663715.1	255	255	255	205	GCC	0.08016355335712433	1	moderate	moderate	0.022	False	user_msa
Drosophila_suzukii_Drosophila_suzukii__Act88F__XP_016925443.1	255	255	255	205	GCC	0.08016355335712433	1	moderate	moderate	0.022	False	user_msa
Drosophila_virilis_Drosophila_virilis__Act88F__XP_002054294.1	255	255	255	205	GCT	0.08764835447072983	1	moderate	moderate	0.022	False	user_msa
Drosophila_willistoni_Drosophila_willistoni__LOC6646901__XP_002069647.1	255	255	255	205	GCC	0.08016355335712433	1	moderate	moderate	0.022	False	user_msa
Drosophila_yakuba_Drosophila_yakuba__LOC6537169__XP_002097730.1	255	255	255	205	GCC	0.08016355335712433	1	moderate	moderate	0.022	False	user_msa
Drosophila_ananassae_Drosophila_ananassae__LOC6501076__XP_001954513.1	256	256	256	206	GAG	0.06759180873632431	1	moderate	moderate	0.022	False	user_msa
Drosophila_biarmipes_Drosophila_biarmipes__LOC108026160__XP_016952383.1	256	256	256	206	GAG	0.06759180873632431	1	moderate	moderate	0.022	False	user_msa
Drosophila_mauritiana_Drosophila_mauritiana__LOC117145868__XP_033167581.1	256	256	256	206	GAG	0.06759180873632431	1	moderate	moderate	0.022	False	user_msa
Drosophila_melanogaster_Drosophila_melanogaster__Act88F__NP_524367.1	256	256	256	206	GAG	0.06759180873632431	1	moderate	moderate	0.022	False	user_msa
Drosophila_pseudoobscura_Drosophila_pseudoobscura__Act88F__XP_002137155.1	256	256	256	206	GAG	0.06759180873632431	1	moderate	moderate	0.022	False	user_msa
Drosophila_sechellia_Drosophila_sechellia__Act88F__XP_002031056.2	256	256	256	206	GAG	0.06759180873632431	1	moderate	moderate	0.022	False	user_msa
Drosophila_simulans_Drosophila_simulans__LOC6727955__XP_016034553.1	256	256	256	206	GAG	0.06759180873632431	1	moderate	moderate	0.022	False	user_msa
Drosophila_subobscura_Drosophila_subobscura__LOC117898432__XP_034663715.1	256	256	256	206	GAG	0.06759180873632431	1	moderate	moderate	0.022	False	user_msa
Drosophila_suzukii_Drosophila_suzukii__Act88F__XP_016925443.1	256	256	256	206	GAG	0.06759180873632431	1	moderate	moderate	0.022	False	user_msa
Drosophila_virilis_Drosophila_virilis__Act88F__XP_002054294.1	256	256	256	206	GAG	0.06759180873632431	1	moderate	moderate	0.022	False	user_msa
Drosophila_willistoni_Drosophila_willistoni__LOC6646901__XP_002069647.1	256	256	256	206	GAG	0.06759180873632431	1	moderate	moderate	0.022	False	user_msa
Drosophila_yakuba_Drosophila_yakuba__LOC6537169__XP_002097730.1	256	256	256	206	GAG	0.06759180873632431	1	moderate	moderate	0.022	False	user_msa
Drosophila_ananassae_Drosophila_ananassae__LOC6501076__XP_001954513.1	257	257	257	207	CGT	0.07877960801124573	1	moderate	moderate	0.022	False	user_msa
Drosophila_biarmipes_Drosophila_biarmipes__LOC108026160__XP_016952383.1	257	257	257	207	CGT	0.07877960801124573	1	moderate	moderate	0.022	False	user_msa
Drosophila_mauritiana_Drosophila_mauritiana__LOC117145868__XP_033167581.1	257	257	257	207	CGT	0.07877960801124573	1	moderate	moderate	0.022	False	user_msa
Drosophila_melanogaster_Drosophila_melanogaster__Act88F__NP_524367.1	257	257	257	207	CGT	0.07877960801124573	1	moderate	moderate	0.022	False	user_msa
Drosophila_pseudoobscura_Drosophila_pseudoobscura__Act88F__XP_002137155.1	257	257	257	207	CGG	0.07531585544347763	1	moderate	moderate	0.022	False	user_msa
Drosophila_sechellia_Drosophila_sechellia__Act88F__XP_002031056.2	257	257	257	207	CGT	0.07877960801124573	1	moderate	moderate	0.022	False	user_msa
Drosophila_simulans_Drosophila_simulans__LOC6727955__XP_016034553.1	257	257	257	207	CGT	0.07877960801124573	1	moderate	moderate	0.022	False	user_msa
Drosophila_subobscura_Drosophila_subobscura__LOC117898432__XP_034663715.1	257	257	257	207	CGT	0.07877960801124573	1	moderate	moderate	0.022	False	user_msa
Drosophila_suzukii_Drosophila_suzukii__Act88F__XP_016925443.1	257	257	257	207	CGT	0.07877960801124573	1	moderate	moderate	0.022	False	user_msa
Drosophila_virilis_Drosophila_virilis__Act88F__XP_002054294.1	257	257	257	207	CGT	0.07877960801124573	1	moderate	moderate	0.022	False	user_msa
Drosophila_willistoni_Drosophila_willistoni__LOC6646901__XP_002069647.1	257	257	257	207	CGT	0.07877960801124573	1	moderate	moderate	0.022	False	user_msa
Drosophila_yakuba_Drosophila_yakuba__LOC6537169__XP_002097730.1	257	257	257	207	CGT	0.07877960801124573	1	moderate	moderate	0.022	False	user_msa
Drosophila_ananassae_Drosophila_ananassae__LOC6501076__XP_001954513.1	258	258	258	208	GAG	0.08046276867389679	1	moderate	moderate	0.022	False	user_msa
Drosophila_biarmipes_Drosophila_biarmipes__LOC108026160__XP_016952383.1	258	258	258	208	GAG	0.08046276867389679	1	moderate	moderate	0.022	False	user_msa
Drosophila_mauritiana_Drosophila_mauritiana__LOC117145868__XP_033167581.1	258	258	258	208	GAG	0.08046276867389679	1	moderate	moderate	0.022	False	user_msa
Drosophila_melanogaster_Drosophila_melanogaster__Act88F__NP_524367.1	258	258	258	208	GAG	0.08046276867389679	1	moderate	moderate	0.022	False	user_msa
Drosophila_pseudoobscura_Drosophila_pseudoobscura__Act88F__XP_002137155.1	258	258	258	208	GAG	0.08046276867389679	1	moderate	moderate	0.022	False	user_msa
Drosophila_sechellia_Drosophila_sechellia__Act88F__XP_002031056.2	258	258	258	208	GAG	0.08046276867389679	1	moderate	moderate	0.022	False	user_msa
Drosophila_simulans_Drosophila_simulans__LOC6727955__XP_016034553.1	258	258	258	208	GAG	0.08046276867389679	1	moderate	moderate	0.022	False	user_msa
Drosophila_subobscura_Drosophila_subobscura__LOC117898432__XP_034663715.1	258	258	258	208	GAG	0.08046276867389679	1	moderate	moderate	0.022	False	user_msa
Drosophila_suzukii_Drosophila_suzukii__Act88F__XP_016925443.1	258	258	258	208	GAG	0.08046276867389679	1	moderate	moderate	0.022	False	user_msa
Drosophila_virilis_Drosophila_virilis__Act88F__XP_002054294.1	258	258	258	208	GAA	0.07391659915447235	1	moderate	moderate	0.022	False	user_msa
Drosophila_willistoni_Drosophila_willistoni__LOC6646901__XP_002069647.1	258	258	258	208	GAA	0.07391659915447235	1	moderate	moderate	0.022	False	user_msa
Drosophila_yakuba_Drosophila_yakuba__LOC6537169__XP_002097730.1	258	258	258	208	GAG	0.08046276867389679	1	moderate	moderate	0.022	False	user_msa
Drosophila_ananassae_Drosophila_ananassae__LOC6501076__XP_001954513.1	259	259	259	209	ATT	0.07687177509069443	1	moderate	moderate	0.022	False	user_msa
Drosophila_biarmipes_Drosophila_biarmipes__LOC108026160__XP_016952383.1	259	259	259	209	ATT	0.07687177509069443	1	moderate	moderate	0.022	False	user_msa
Drosophila_mauritiana_Drosophila_mauritiana__LOC117145868__XP_033167581.1	259	259	259	209	ATC	0.07132047414779663	1	moderate	moderate	0.022	False	user_msa
Drosophila_melanogaster_Drosophila_melanogaster__Act88F__NP_524367.1	259	259	259	209	ATC	0.07132047414779663	1	moderate	moderate	0.022	False	user_msa
Drosophila_pseudoobscura_Drosophila_pseudoobscura__Act88F__XP_002137155.1	259	259	259	209	ATC	0.07132047414779663	1	moderate	moderate	0.022	False	user_msa
Drosophila_sechellia_Drosophila_sechellia__Act88F__XP_002031056.2	259	259	259	209	ATC	0.07132047414779663	1	moderate	moderate	0.022	False	user_msa
Drosophila_simulans_Drosophila_simulans__LOC6727955__XP_016034553.1	259	259	259	209	ATC	0.07132047414779663	1	moderate	moderate	0.022	False	user_msa
Drosophila_subobscura_Drosophila_subobscura__LOC117898432__XP_034663715.1	259	259	259	209	ATC	0.07132047414779663	1	moderate	moderate	0.022	False	user_msa
Drosophila_suzukii_Drosophila_suzukii__Act88F__XP_016925443.1	259	259	259	209	ATT	0.07687177509069443	1	moderate	moderate	0.022	False	user_msa
Drosophila_virilis_Drosophila_virilis__Act88F__XP_002054294.1	259	259	259	209	ATC	0.07132047414779663	1	moderate	moderate	0.022	False	user_msa
Drosophila_willistoni_Drosophila_willistoni__LOC6646901__XP_002069647.1	259	259	259	209	ATT	0.07687177509069443	1	moderate	moderate	0.022	False	user_msa
Drosophila_yakuba_Drosophila_yakuba__LOC6537169__XP_002097730.1	259	259	259	209	ATC	0.07132047414779663	1	moderate	moderate	0.022	False	user_msa
Drosophila_ananassae_Drosophila_ananassae__LOC6501076__XP_001954513.1	260	260	260	210	GTG	0.08465544879436493	1	moderate	moderate	0.022	False	user_msa
Drosophila_biarmipes_Drosophila_biarmipes__LOC108026160__XP_016952383.1	260	260	260	210	GTG	0.08465544879436493	1	moderate	moderate	0.022	False	user_msa
Drosophila_mauritiana_Drosophila_mauritiana__LOC117145868__XP_033167581.1	260	260	260	210	GTG	0.08465544879436493	1	moderate	moderate	0.022	False	user_msa
Drosophila_melanogaster_Drosophila_melanogaster__Act88F__NP_524367.1	260	260	260	210	GTG	0.08465544879436493	1	moderate	moderate	0.022	False	user_msa
Drosophila_pseudoobscura_Drosophila_pseudoobscura__Act88F__XP_002137155.1	260	260	260	210	GTG	0.08465544879436493	1	moderate	moderate	0.022	False	user_msa
Drosophila_sechellia_Drosophila_sechellia__Act88F__XP_002031056.2	260	260	260	210	GTG	0.08465544879436493	1	moderate	moderate	0.022	False	user_msa
Drosophila_simulans_Drosophila_simulans__LOC6727955__XP_016034553.1	260	260	260	210	GTG	0.08465544879436493	1	moderate	moderate	0.022	False	user_msa
Drosophila_subobscura_Drosophila_subobscura__LOC117898432__XP_034663715.1	260	260	260	210	GTG	0.08465544879436493	1	moderate	moderate	0.022	False	user_msa
Drosophila_suzukii_Drosophila_suzukii__Act88F__XP_016925443.1	260	260	260	210	GTG	0.08465544879436493	1	moderate	moderate	0.022	False	user_msa
Drosophila_virilis_Drosophila_virilis__Act88F__XP_002054294.1	260	260	260	210	GTG	0.08465544879436493	1	moderate	moderate	0.022	False	user_msa
Drosophila_willistoni_Drosophila_willistoni__LOC6646901__XP_002069647.1	260	260	260	210	GTT	0.088507741689682	1	moderate	moderate	0.022	False	user_msa
Drosophila_yakuba_Drosophila_yakuba__LOC6537169__XP_002097730.1	260	260	260	210	GTG	0.08465544879436493	1	moderate	moderate	0.022	False	user_msa
Drosophila_ananassae_Drosophila_ananassae__LOC6501076__XP_001954513.1	261	261	261	211	CGC	0.07532569020986557	1	moderate	moderate	0.022	False	user_msa
Drosophila_biarmipes_Drosophila_biarmipes__LOC108026160__XP_016952383.1	261	261	261	211	CGC	0.07532569020986557	1	moderate	moderate	0.022	False	user_msa
Drosophila_mauritiana_Drosophila_mauritiana__LOC117145868__XP_033167581.1	261	261	261	211	CGC	0.07532569020986557	1	moderate	moderate	0.022	False	user_msa
Drosophila_melanogaster_Drosophila_melanogaster__Act88F__NP_524367.1	261	261	261	211	CGC	0.07532569020986557	1	moderate	moderate	0.022	False	user_msa
Drosophila_pseudoobscura_Drosophila_pseudoobscura__Act88F__XP_002137155.1	261	261	261	211	CGC	0.07532569020986557	1	moderate	moderate	0.022	False	user_msa
Drosophila_sechellia_Drosophila_sechellia__Act88F__XP_002031056.2	261	261	261	211	CGC	0.07532569020986557	1	moderate	moderate	0.022	False	user_msa
Drosophila_simulans_Drosophila_simulans__LOC6727955__XP_016034553.1	261	261	261	211	CGC	0.07532569020986557	1	moderate	moderate	0.022	False	user_msa
Drosophila_subobscura_Drosophila_subobscura__LOC117898432__XP_034663715.1	261	261	261	211	CGC	0.07532569020986557	1	moderate	moderate	0.022	False	user_msa
Drosophila_suzukii_Drosophila_suzukii__Act88F__XP_016925443.1	261	261	261	211	CGC	0.07532569020986557	1	moderate	moderate	0.022	False	user_msa
Drosophila_virilis_Drosophila_virilis__Act88F__XP_002054294.1	261	261	261	211	CGT	0.08239926397800446	1	moderate	moderate	0.022	False	user_msa
Drosophila_willistoni_Drosophila_willistoni__LOC6646901__XP_002069647.1	261	261	261	211	CGT	0.08239926397800446	1	moderate	moderate	0.022	False	user_msa
Drosophila_yakuba_Drosophila_yakuba__LOC6537169__XP_002097730.1	261	261	261	211	CGC	0.07532569020986557	1	moderate	moderate	0.022	False	user_msa
Drosophila_ananassae_Drosophila_ananassae__LOC6501076__XP_001954513.1	262	262	262	212	GAC	0.07790312170982361	1	moderate	moderate	0.022	False	user_msa
Drosophila_biarmipes_Drosophila_biarmipes__LOC108026160__XP_016952383.1	262	262	262	212	GAC	0.07790312170982361	1	moderate	moderate	0.022	False	user_msa
Drosophila_mauritiana_Drosophila_mauritiana__LOC117145868__XP_033167581.1	262	262	262	212	GAC	0.07790312170982361	1	moderate	moderate	0.022	False	user_msa
Drosophila_melanogaster_Drosophila_melanogaster__Act88F__NP_524367.1	262	262	262	212	GAC	0.07790312170982361	1	moderate	moderate	0.022	False	user_msa
Drosophila_pseudoobscura_Drosophila_pseudoobscura__Act88F__XP_002137155.1	262	262	262	212	GAC	0.07790312170982361	1	moderate	moderate	0.022	False	user_msa
Drosophila_sechellia_Drosophila_sechellia__Act88F__XP_002031056.2	262	262	262	212	GAC	0.07790312170982361	1	moderate	moderate	0.022	False	user_msa
Drosophila_simulans_Drosophila_simulans__LOC6727955__XP_016034553.1	262	262	262	212	GAC	0.07790312170982361	1	moderate	moderate	0.022	False	user_msa
Drosophila_subobscura_Drosophila_subobscura__LOC117898432__XP_034663715.1	262	262	262	212	GAC	0.07790312170982361	1	moderate	moderate	0.022	False	user_msa
Drosophila_suzukii_Drosophila_suzukii__Act88F__XP_016925443.1	262	262	262	212	GAT	0.0851963609457016	1	moderate	moderate	0.022	False	user_msa
Drosophila_virilis_Drosophila_virilis__Act88F__XP_002054294.1	262	262	262	212	GAC	0.07790312170982361	1	moderate	moderate	0.022	False	user_msa
Drosophila_willistoni_Drosophila_willistoni__LOC6646901__XP_002069647.1	262	262	262	212	GAT	0.0851963609457016	1	moderate	moderate	0.022	False	user_msa
Drosophila_yakuba_Drosophila_yakuba__LOC6537169__XP_002097730.1	262	262	262	212	GAC	0.07790312170982361	1	moderate	moderate	0.022	False	user_msa
Drosophila_ananassae_Drosophila_ananassae__LOC6501076__XP_001954513.1	263	263	263	213	ATC	0.07292860746383667	1	moderate	moderate	0.022	False	user_msa
Drosophila_biarmipes_Drosophila_biarmipes__LOC108026160__XP_016952383.1	263	263	263	213	ATC	0.07292860746383667	1	moderate	moderate	0.022	False	user_msa
Drosophila_mauritiana_Drosophila_mauritiana__LOC117145868__XP_033167581.1	263	263	263	213	ATT	0.07935350388288498	1	moderate	moderate	0.022	False	user_msa
Drosophila_melanogaster_Drosophila_melanogaster__Act88F__NP_524367.1	263	263	263	213	ATC	0.07292860746383667	1	moderate	moderate	0.022	False	user_msa
Drosophila_pseudoobscura_Drosophila_pseudoobscura__Act88F__XP_002137155.1	263	263	263	213	ATC	0.07292860746383667	1	moderate	moderate	0.022	False	user_msa
Drosophila_sechellia_Drosophila_sechellia__Act88F__XP_002031056.2	263	263	263	213	ATC	0.07292860746383667	1	moderate	moderate	0.022	False	user_msa
Drosophila_simulans_Drosophila_simulans__LOC6727955__XP_016034553.1	263	263	263	213	ATC	0.07292860746383667	1	moderate	moderate	0.022	False	user_msa
Drosophila_subobscura_Drosophila_subobscura__LOC117898432__XP_034663715.1	263	263	263	213	ATC	0.07292860746383667	1	moderate	moderate	0.022	False	user_msa
Drosophila_suzukii_Drosophila_suzukii__Act88F__XP_016925443.1	263	263	263	213	ATC	0.07292860746383667	1	moderate	moderate	0.022	False	user_msa
Drosophila_virilis_Drosophila_virilis__Act88F__XP_002054294.1	263	263	263	213	ATC	0.07292860746383667	1	moderate	moderate	0.022	False	user_msa
Drosophila_willistoni_Drosophila_willistoni__LOC6646901__XP_002069647.1	263	263	263	213	ATC	0.07292860746383667	1	moderate	moderate	0.022	False	user_msa
Drosophila_yakuba_Drosophila_yakuba__LOC6537169__XP_002097730.1	263	263	263	213	ATC	0.07292860746383667	1	moderate	moderate	0.022	False	user_msa
Drosophila_ananassae_Drosophila_ananassae__LOC6501076__XP_001954513.1	264	264	264	214	AAG	0.060861360281705856	1	moderate	moderate	0.022	False	user_msa
Drosophila_biarmipes_Drosophila_biarmipes__LOC108026160__XP_016952383.1	264	264	264	214	AAG	0.060861360281705856	1	moderate	moderate	0.022	False	user_msa
Drosophila_mauritiana_Drosophila_mauritiana__LOC117145868__XP_033167581.1	264	264	264	214	AAG	0.060861360281705856	1	moderate	moderate	0.022	False	user_msa
Drosophila_melanogaster_Drosophila_melanogaster__Act88F__NP_524367.1	264	264	264	214	AAG	0.060861360281705856	1	moderate	moderate	0.022	False	user_msa
Drosophila_pseudoobscura_Drosophila_pseudoobscura__Act88F__XP_002137155.1	264	264	264	214	AAG	0.060861360281705856	1	moderate	moderate	0.022	False	user_msa
Drosophila_sechellia_Drosophila_sechellia__Act88F__XP_002031056.2	264	264	264	214	AAG	0.060861360281705856	1	moderate	moderate	0.022	False	user_msa
Drosophila_simulans_Drosophila_simulans__LOC6727955__XP_016034553.1	264	264	264	214	AAG	0.060861360281705856	1	moderate	moderate	0.022	False	user_msa
Drosophila_subobscura_Drosophila_subobscura__LOC117898432__XP_034663715.1	264	264	264	214	AAG	0.060861360281705856	1	moderate	moderate	0.022	False	user_msa
Drosophila_suzukii_Drosophila_suzukii__Act88F__XP_016925443.1	264	264	264	214	AAG	0.060861360281705856	1	moderate	moderate	0.022	False	user_msa
Drosophila_virilis_Drosophila_virilis__Act88F__XP_002054294.1	264	264	264	214	AAG	0.060861360281705856	1	moderate	moderate	0.022	False	user_msa
Drosophila_willistoni_Drosophila_willistoni__LOC6646901__XP_002069647.1	264	264	264	214	AAG	0.060861360281705856	1	moderate	moderate	0.022	False	user_msa
Drosophila_yakuba_Drosophila_yakuba__LOC6537169__XP_002097730.1	264	264	264	214	AAG	0.060861360281705856	1	moderate	moderate	0.022	False	user_msa
Drosophila_ananassae_Drosophila_ananassae__LOC6501076__XP_001954513.1	265	265	265	215	GAG	0.0676715075969696	1	moderate	moderate	0.022	False	user_msa
Drosophila_biarmipes_Drosophila_biarmipes__LOC108026160__XP_016952383.1	265	265	265	215	GAG	0.0676715075969696	1	moderate	moderate	0.022	False	user_msa
Drosophila_mauritiana_Drosophila_mauritiana__LOC117145868__XP_033167581.1	265	265	265	215	GAG	0.0676715075969696	1	moderate	moderate	0.022	False	user_msa
Drosophila_melanogaster_Drosophila_melanogaster__Act88F__NP_524367.1	265	265	265	215	GAG	0.0676715075969696	1	moderate	moderate	0.022	False	user_msa
Drosophila_pseudoobscura_Drosophila_pseudoobscura__Act88F__XP_002137155.1	265	265	265	215	GAG	0.0676715075969696	1	moderate	moderate	0.022	False	user_msa
Drosophila_sechellia_Drosophila_sechellia__Act88F__XP_002031056.2	265	265	265	215	GAG	0.0676715075969696	1	moderate	moderate	0.022	False	user_msa
Drosophila_simulans_Drosophila_simulans__LOC6727955__XP_016034553.1	265	265	265	215	GAG	0.0676715075969696	1	moderate	moderate	0.022	False	user_msa
Drosophila_subobscura_Drosophila_subobscura__LOC117898432__XP_034663715.1	265	265	265	215	GAG	0.0676715075969696	1	moderate	moderate	0.022	False	user_msa
Drosophila_suzukii_Drosophila_suzukii__Act88F__XP_016925443.1	265	265	265	215	GAG	0.0676715075969696	1	moderate	moderate	0.022	False	user_msa
Drosophila_virilis_Drosophila_virilis__Act88F__XP_002054294.1	265	265	265	215	GAG	0.0676715075969696	1	moderate	moderate	0.022	False	user_msa
Drosophila_willistoni_Drosophila_willistoni__LOC6646901__XP_002069647.1	265	265	265	215	GAG	0.0676715075969696	1	moderate	moderate	0.022	False	user_msa
Drosophila_yakuba_Drosophila_yakuba__LOC6537169__XP_002097730.1	265	265	265	215	GAG	0.0676715075969696	1	moderate	moderate	0.022	False	user_msa
Drosophila_ananassae_Drosophila_ananassae__LOC6501076__XP_001954513.1	266	266	266	216	AAG	0.07113096863031387	1	moderate	moderate	0.022	False	user_msa
Drosophila_biarmipes_Drosophila_biarmipes__LOC108026160__XP_016952383.1	266	266	266	216	AAG	0.07113096863031387	1	moderate	moderate	0.022	False	user_msa
Drosophila_mauritiana_Drosophila_mauritiana__LOC117145868__XP_033167581.1	266	266	266	216	AAG	0.07113096863031387	1	moderate	moderate	0.022	False	user_msa
Drosophila_melanogaster_Drosophila_melanogaster__Act88F__NP_524367.1	266	266	266	216	AAG	0.07113096863031387	1	moderate	moderate	0.022	False	user_msa
Drosophila_pseudoobscura_Drosophila_pseudoobscura__Act88F__XP_002137155.1	266	266	266	216	AAG	0.07113096863031387	1	moderate	moderate	0.022	False	user_msa
Drosophila_sechellia_Drosophila_sechellia__Act88F__XP_002031056.2	266	266	266	216	AAG	0.07113096863031387	1	moderate	moderate	0.022	False	user_msa
Drosophila_simulans_Drosophila_simulans__LOC6727955__XP_016034553.1	266	266	266	216	AAG	0.07113096863031387	1	moderate	moderate	0.022	False	user_msa
Drosophila_subobscura_Drosophila_subobscura__LOC117898432__XP_034663715.1	266	266	266	216	AAG	0.07113096863031387	1	moderate	moderate	0.022	False	user_msa
Drosophila_suzukii_Drosophila_suzukii__Act88F__XP_016925443.1	266	266	266	216	AAG	0.07113096863031387	1	moderate	moderate	0.022	False	user_msa
Drosophila_virilis_Drosophila_virilis__Act88F__XP_002054294.1	266	266	266	216	AAG	0.07113096863031387	1	moderate	moderate	0.022	False	user_msa
Drosophila_willistoni_Drosophila_willistoni__LOC6646901__XP_002069647.1	266	266	266	216	AAA	0.06649276614189148	1	moderate	moderate	0.022	False	user_msa
Drosophila_yakuba_Drosophila_yakuba__LOC6537169__XP_002097730.1	266	266	266	216	AAG	0.07113096863031387	1	moderate	moderate	0.022	False	user_msa
Drosophila_ananassae_Drosophila_ananassae__LOC6501076__XP_001954513.1	267	267	267	217	CTG	0.05632490664720535	1	moderate	moderate	0.022	False	user_msa
Drosophila_biarmipes_Drosophila_biarmipes__LOC108026160__XP_016952383.1	267	267	267	217	CTG	0.05632490664720535	1	moderate	moderate	0.022	False	user_msa
Drosophila_mauritiana_Drosophila_mauritiana__LOC117145868__XP_033167581.1	267	267	267	217	CTG	0.05632490664720535	1	moderate	moderate	0.022	False	user_msa
Drosophila_melanogaster_Drosophila_melanogaster__Act88F__NP_524367.1	267	267	267	217	CTG	0.05632490664720535	1	moderate	moderate	0.022	False	user_msa
Drosophila_pseudoobscura_Drosophila_pseudoobscura__Act88F__XP_002137155.1	267	267	267	217	CTG	0.05632490664720535	1	moderate	moderate	0.022	False	user_msa
Drosophila_sechellia_Drosophila_sechellia__Act88F__XP_002031056.2	267	267	267	217	CTG	0.05632490664720535	1	moderate	moderate	0.022	False	user_msa
Drosophila_simulans_Drosophila_simulans__LOC6727955__XP_016034553.1	267	267	267	217	CTG	0.05632490664720535	1	moderate	moderate	0.022	False	user_msa
Drosophila_subobscura_Drosophila_subobscura__LOC117898432__XP_034663715.1	267	267	267	217	CTG	0.05632490664720535	1	moderate	moderate	0.022	False	user_msa
Drosophila_suzukii_Drosophila_suzukii__Act88F__XP_016925443.1	267	267	267	217	CTG	0.05632490664720535	1	moderate	moderate	0.022	False	user_msa
Drosophila_virilis_Drosophila_virilis__Act88F__XP_002054294.1	267	267	267	217	TTG	0.15834620594978333	1	moderate	moderate	0.022	False	user_msa
Drosophila_willistoni_Drosophila_willistoni__LOC6646901__XP_002069647.1	267	267	267	217	TTG	0.15834620594978333	1	moderate	moderate	0.022	False	user_msa
Drosophila_yakuba_Drosophila_yakuba__LOC6537169__XP_002097730.1	267	267	267	217	CTG	0.05632490664720535	1	moderate	moderate	0.022	False	user_msa
Drosophila_ananassae_Drosophila_ananassae__LOC6501076__XP_001954513.1	268	268	268	218	TGC	0.07453243434429169	1	moderate	moderate	0.022	False	user_msa
Drosophila_biarmipes_Drosophila_biarmipes__LOC108026160__XP_016952383.1	268	268	268	218	TGC	0.07453243434429169	1	moderate	moderate	0.022	False	user_msa
Drosophila_mauritiana_Drosophila_mauritiana__LOC117145868__XP_033167581.1	268	268	268	218	TGC	0.07453243434429169	1	moderate	moderate	0.022	False	user_msa
Drosophila_melanogaster_Drosophila_melanogaster__Act88F__NP_524367.1	268	268	268	218	TGC	0.07453243434429169	1	moderate	moderate	0.022	False	user_msa
Drosophila_pseudoobscura_Drosophila_pseudoobscura__Act88F__XP_002137155.1	268	268	268	218	TGC	0.07453243434429169	1	moderate	moderate	0.022	False	user_msa
Drosophila_sechellia_Drosophila_sechellia__Act88F__XP_002031056.2	268	268	268	218	TGC	0.07453243434429169	1	moderate	moderate	0.022	False	user_msa
Drosophila_simulans_Drosophila_simulans__LOC6727955__XP_016034553.1	268	268	268	218	TGC	0.07453243434429169	1	moderate	moderate	0.022	False	user_msa
Drosophila_subobscura_Drosophila_subobscura__LOC117898432__XP_034663715.1	268	268	268	218	TGC	0.07453243434429169	1	moderate	moderate	0.022	False	user_msa
Drosophila_suzukii_Drosophila_suzukii__Act88F__XP_016925443.1	268	268	268	218	TGC	0.07453243434429169	1	moderate	moderate	0.022	False	user_msa
Drosophila_virilis_Drosophila_virilis__Act88F__XP_002054294.1	268	268	268	218	TGC	0.07453243434429169	1	moderate	moderate	0.022	False	user_msa
Drosophila_willistoni_Drosophila_willistoni__LOC6646901__XP_002069647.1	268	268	268	218	TGC	0.07453243434429169	1	moderate	moderate	0.022	False	user_msa
Drosophila_yakuba_Drosophila_yakuba__LOC6537169__XP_002097730.1	268	268	268	218	TGC	0.07453243434429169	1	moderate	moderate	0.022	False	user_msa
Drosophila_ananassae_Drosophila_ananassae__LOC6501076__XP_001954513.1	269	269	269	219	TAC	0.08175897598266602	1	moderate	moderate	0.022	False	user_msa
Drosophila_biarmipes_Drosophila_biarmipes__LOC108026160__XP_016952383.1	269	269	269	219	TAT	0.08937826752662659	1	moderate	moderate	0.022	False	user_msa
Drosophila_mauritiana_Drosophila_mauritiana__LOC117145868__XP_033167581.1	269	269	269	219	TAC	0.08175897598266602	1	moderate	moderate	0.022	False	user_msa
Drosophila_melanogaster_Drosophila_melanogaster__Act88F__NP_524367.1	269	269	269	219	TAC	0.08175897598266602	1	moderate	moderate	0.022	False	user_msa
Drosophila_pseudoobscura_Drosophila_pseudoobscura__Act88F__XP_002137155.1	269	269	269	219	TAC	0.08175897598266602	1	moderate	moderate	0.022	False	user_msa
Drosophila_sechellia_Drosophila_sechellia__Act88F__XP_002031056.2	269	269	269	219	TAC	0.08175897598266602	1	moderate	moderate	0.022	False	user_msa
Drosophila_simulans_Drosophila_simulans__LOC6727955__XP_016034553.1	269	269	269	219	TAC	0.08175897598266602	1	moderate	moderate	0.022	False	user_msa
Drosophila_subobscura_Drosophila_subobscura__LOC117898432__XP_034663715.1	269	269	269	219	TAC	0.08175897598266602	1	moderate	moderate	0.022	False	user_msa
Drosophila_suzukii_Drosophila_suzukii__Act88F__XP_016925443.1	269	269	269	219	TAT	0.08937826752662659	1	moderate	moderate	0.022	False	user_msa
Drosophila_virilis_Drosophila_virilis__Act88F__XP_002054294.1	269	269	269	219	TAT	0.08937826752662659	1	moderate	moderate	0.022	False	user_msa
Drosophila_willistoni_Drosophila_willistoni__LOC6646901__XP_002069647.1	269	269	269	219	TAT	0.08937826752662659	1	moderate	moderate	0.022	False	user_msa
Drosophila_yakuba_Drosophila_yakuba__LOC6537169__XP_002097730.1	269	269	269	219	TAC	0.08175897598266602	1	moderate	moderate	0.022	False	user_msa
Drosophila_ananassae_Drosophila_ananassae__LOC6501076__XP_001954513.1	270	270	270	220	GTC	0.09633328020572662	1	moderate	moderate	0.022	False	user_msa
Drosophila_biarmipes_Drosophila_biarmipes__LOC108026160__XP_016952383.1	270	270	270	220	GTG	0.10065852105617523	1	moderate	moderate	0.022	False	user_msa
Drosophila_mauritiana_Drosophila_mauritiana__LOC117145868__XP_033167581.1	270	270	270	220	GTG	0.10065852105617523	1	moderate	moderate	0.022	False	user_msa
Drosophila_melanogaster_Drosophila_melanogaster__Act88F__NP_524367.1	270	270	270	220	GTG	0.10065852105617523	1	moderate	moderate	0.022	False	user_msa
Drosophila_pseudoobscura_Drosophila_pseudoobscura__Act88F__XP_002137155.1	270	270	270	220	GTT	0.10515530407428741	1	moderate	moderate	0.022	False	user_msa
Drosophila_sechellia_Drosophila_sechellia__Act88F__XP_002031056.2	270	270	270	220	GTG	0.10065852105617523	1	moderate	moderate	0.022	False	user_msa
Drosophila_simulans_Drosophila_simulans__LOC6727955__XP_016034553.1	270	270	270	220	GTG	0.10065852105617523	1	moderate	moderate	0.022	False	user_msa
Drosophila_subobscura_Drosophila_subobscura__LOC117898432__XP_034663715.1	270	270	270	220	GTT	0.10515530407428741	1	moderate	moderate	0.022	False	user_msa
Drosophila_suzukii_Drosophila_suzukii__Act88F__XP_016925443.1	270	270	270	220	GTG	0.10065852105617523	1	moderate	moderate	0.022	False	user_msa
Drosophila_virilis_Drosophila_virilis__Act88F__XP_002054294.1	270	270	270	220	GTG	0.10065852105617523	1	moderate	moderate	0.022	False	user_msa
Drosophila_willistoni_Drosophila_willistoni__LOC6646901__XP_002069647.1	270	270	270	220	GTT	0.10515530407428741	1	moderate	moderate	0.022	False	user_msa
Drosophila_yakuba_Drosophila_yakuba__LOC6537169__XP_002097730.1	270	270	270	220	GTG	0.10065852105617523	1	moderate	moderate	0.022	False	user_msa
Drosophila_ananassae_Drosophila_ananassae__LOC6501076__XP_001954513.1	271	271	271	221	GCC	0.07575397938489914	1	moderate	moderate	0.022	False	user_msa
Drosophila_biarmipes_Drosophila_biarmipes__LOC108026160__XP_016952383.1	271	271	271	221	GCT	0.08283950388431549	1	moderate	moderate	0.022	False	user_msa
Drosophila_mauritiana_Drosophila_mauritiana__LOC117145868__XP_033167581.1	271	271	271	221	GCT	0.08283950388431549	1	moderate	moderate	0.022	False	user_msa
Drosophila_melanogaster_Drosophila_melanogaster__Act88F__NP_524367.1	271	271	271	221	GCT	0.08283950388431549	1	moderate	moderate	0.022	False	user_msa
Drosophila_pseudoobscura_Drosophila_pseudoobscura__Act88F__XP_002137155.1	271	271	271	221	GCC	0.07575397938489914	1	moderate	moderate	0.022	False	user_msa
Drosophila_sechellia_Drosophila_sechellia__Act88F__XP_002031056.2	271	271	271	221	GCT	0.08283950388431549	1	moderate	moderate	0.022	False	user_msa
Drosophila_simulans_Drosophila_simulans__LOC6727955__XP_016034553.1	271	271	271	221	GCT	0.08283950388431549	1	moderate	moderate	0.022	False	user_msa
Drosophila_subobscura_Drosophila_subobscura__LOC117898432__XP_034663715.1	271	271	271	221	GCC	0.07575397938489914	1	moderate	moderate	0.022	False	user_msa
Drosophila_suzukii_Drosophila_suzukii__Act88F__XP_016925443.1	271	271	271	221	GCT	0.08283950388431549	1	moderate	moderate	0.022	False	user_msa
Drosophila_virilis_Drosophila_virilis__Act88F__XP_002054294.1	271	271	271	221	GCT	0.08283950388431549	1	moderate	moderate	0.022	False	user_msa
Drosophila_willistoni_Drosophila_willistoni__LOC6646901__XP_002069647.1	271	271	271	221	GCT	0.08283950388431549	1	moderate	moderate	0.022	False	user_msa
Drosophila_yakuba_Drosophila_yakuba__LOC6537169__XP_002097730.1	271	271	271	221	GCC	0.07575397938489914	1	moderate	moderate	0.022	False	user_msa
Drosophila_ananassae_Drosophila_ananassae__LOC6501076__XP_001954513.1	272	272	272	222	CTG	0.06684546172618866	1	moderate	moderate	0.022	False	user_msa
Drosophila_biarmipes_Drosophila_biarmipes__LOC108026160__XP_016952383.1	272	272	272	222	CTG	0.06684546172618866	1	moderate	moderate	0.022	False	user_msa
Drosophila_mauritiana_Drosophila_mauritiana__LOC117145868__XP_033167581.1	272	272	272	222	CTG	0.06684546172618866	1	moderate	moderate	0.022	False	user_msa
Drosophila_melanogaster_Drosophila_melanogaster__Act88F__NP_524367.1	272	272	272	222	CTG	0.06684546172618866	1	moderate	moderate	0.022	False	user_msa
Drosophila_pseudoobscura_Drosophila_pseudoobscura__Act88F__XP_002137155.1	272	272	272	222	CTG	0.06684546172618866	1	moderate	moderate	0.022	False	user_msa
Drosophila_sechellia_Drosophila_sechellia__Act88F__XP_002031056.2	272	272	272	222	CTG	0.06684546172618866	1	moderate	moderate	0.022	False	user_msa
Drosophila_simulans_Drosophila_simulans__LOC6727955__XP_016034553.1	272	272	272	222	CTG	0.06684546172618866	1	moderate	moderate	0.022	False	user_msa
Drosophila_subobscura_Drosophila_subobscura__LOC117898432__XP_034663715.1	272	272	272	222	CTG	0.06684546172618866	1	moderate	moderate	0.022	False	user_msa
Drosophila_suzukii_Drosophila_suzukii__Act88F__XP_016925443.1	272	272	272	222	CTG	0.06684546172618866	1	moderate	moderate	0.022	False	user_msa
Drosophila_virilis_Drosophila_virilis__Act88F__XP_002054294.1	272	272	272	222	CTG	0.06684546172618866	1	moderate	moderate	0.022	False	user_msa
Drosophila_willistoni_Drosophila_willistoni__LOC6646901__XP_002069647.1	272	272	272	222	CTG	0.06684546172618866	1	moderate	moderate	0.022	False	user_msa
Drosophila_yakuba_Drosophila_yakuba__LOC6537169__XP_002097730.1	272	272	272	222	CTG	0.06684546172618866	1	moderate	moderate	0.022	False	user_msa
Drosophila_ananassae_Drosophila_ananassae__LOC6501076__XP_001954513.1	273	273	273	223	GAC	0.06751933693885803	1	moderate	moderate	0.022	False	user_msa
Drosophila_biarmipes_Drosophila_biarmipes__LOC108026160__XP_016952383.1	273	273	273	223	GAC	0.06751933693885803	1	moderate	moderate	0.022	False	user_msa
Drosophila_mauritiana_Drosophila_mauritiana__LOC117145868__XP_033167581.1	273	273	273	223	GAC	0.06751933693885803	1	moderate	moderate	0.022	False	user_msa
Drosophila_melanogaster_Drosophila_melanogaster__Act88F__NP_524367.1	273	273	273	223	GAC	0.06751933693885803	1	moderate	moderate	0.022	False	user_msa
Drosophila_pseudoobscura_Drosophila_pseudoobscura__Act88F__XP_002137155.1	273	273	273	223	GAC	0.06751933693885803	1	moderate	moderate	0.022	False	user_msa
Drosophila_sechellia_Drosophila_sechellia__Act88F__XP_002031056.2	273	273	273	223	GAC	0.06751933693885803	1	moderate	moderate	0.022	False	user_msa
Drosophila_simulans_Drosophila_simulans__LOC6727955__XP_016034553.1	273	273	273	223	GAC	0.06751933693885803	1	moderate	moderate	0.022	False	user_msa
Drosophila_subobscura_Drosophila_subobscura__LOC117898432__XP_034663715.1	273	273	273	223	GAC	0.06751933693885803	1	moderate	moderate	0.022	False	user_msa
Drosophila_suzukii_Drosophila_suzukii__Act88F__XP_016925443.1	273	273	273	223	GAC	0.06751933693885803	1	moderate	moderate	0.022	False	user_msa
Drosophila_virilis_Drosophila_virilis__Act88F__XP_002054294.1	273	273	273	223	GAC	0.06751933693885803	1	moderate	moderate	0.022	False	user_msa
Drosophila_willistoni_Drosophila_willistoni__LOC6646901__XP_002069647.1	273	273	273	223	GAC	0.06751933693885803	1	moderate	moderate	0.022	False	user_msa
Drosophila_yakuba_Drosophila_yakuba__LOC6537169__XP_002097730.1	273	273	273	223	GAC	0.06751933693885803	1	moderate	moderate	0.022	False	user_msa
Drosophila_ananassae_Drosophila_ananassae__LOC6501076__XP_001954513.1	274	274	274	224	TTC	0.08597792685031891	1	moderate	moderate	0.022	False	user_msa
Drosophila_biarmipes_Drosophila_biarmipes__LOC108026160__XP_016952383.1	274	274	274	224	TTT	0.09395007789134979	1	moderate	moderate	0.022	False	user_msa
Drosophila_mauritiana_Drosophila_mauritiana__LOC117145868__XP_033167581.1	274	274	274	224	TTC	0.08597792685031891	1	moderate	moderate	0.022	False	user_msa
Drosophila_melanogaster_Drosophila_melanogaster__Act88F__NP_524367.1	274	274	274	224	TTC	0.08597792685031891	1	moderate	moderate	0.022	False	user_msa
Drosophila_pseudoobscura_Drosophila_pseudoobscura__Act88F__XP_002137155.1	274	274	274	224	TTC	0.08597792685031891	1	moderate	moderate	0.022	False	user_msa
Drosophila_sechellia_Drosophila_sechellia__Act88F__XP_002031056.2	274	274	274	224	TTC	0.08597792685031891	1	moderate	moderate	0.022	False	user_msa
Drosophila_simulans_Drosophila_simulans__LOC6727955__XP_016034553.1	274	274	274	224	TTC	0.08597792685031891	1	moderate	moderate	0.022	False	user_msa
Drosophila_subobscura_Drosophila_subobscura__LOC117898432__XP_034663715.1	274	274	274	224	TTC	0.08597792685031891	1	moderate	moderate	0.022	False	user_msa
Drosophila_suzukii_Drosophila_suzukii__Act88F__XP_016925443.1	274	274	274	224	TTT	0.09395007789134979	1	moderate	moderate	0.022	False	user_msa
Drosophila_virilis_Drosophila_virilis__Act88F__XP_002054294.1	274	274	274	224	TTT	0.09395007789134979	1	moderate	moderate	0.022	False	user_msa
Drosophila_willistoni_Drosophila_willistoni__LOC6646901__XP_002069647.1	274	274	274	224	TTT	0.09395007789134979	1	moderate	moderate	0.022	False	user_msa
Drosophila_yakuba_Drosophila_yakuba__LOC6537169__XP_002097730.1	274	274	274	224	TTC	0.08597792685031891	1	moderate	moderate	0.022	False	user_msa
Drosophila_ananassae_Drosophila_ananassae__LOC6501076__XP_001954513.1	275	275	275	225	GAG	0.0677601769566536	1	moderate	moderate	0.022	False	user_msa
Drosophila_biarmipes_Drosophila_biarmipes__LOC108026160__XP_016952383.1	275	275	275	225	GAG	0.0677601769566536	1	moderate	moderate	0.022	False	user_msa
Drosophila_mauritiana_Drosophila_mauritiana__LOC117145868__XP_033167581.1	275	275	275	225	GAG	0.0677601769566536	1	moderate	moderate	0.022	False	user_msa
Drosophila_melanogaster_Drosophila_melanogaster__Act88F__NP_524367.1	275	275	275	225	GAG	0.0677601769566536	1	moderate	moderate	0.022	False	user_msa
Drosophila_pseudoobscura_Drosophila_pseudoobscura__Act88F__XP_002137155.1	275	275	275	225	GAG	0.0677601769566536	1	moderate	moderate	0.022	False	user_msa
Drosophila_sechellia_Drosophila_sechellia__Act88F__XP_002031056.2	275	275	275	225	GAG	0.0677601769566536	1	moderate	moderate	0.022	False	user_msa
Drosophila_simulans_Drosophila_simulans__LOC6727955__XP_016034553.1	275	275	275	225	GAG	0.0677601769566536	1	moderate	moderate	0.022	False	user_msa
Drosophila_subobscura_Drosophila_subobscura__LOC117898432__XP_034663715.1	275	275	275	225	GAG	0.0677601769566536	1	moderate	moderate	0.022	False	user_msa
Drosophila_suzukii_Drosophila_suzukii__Act88F__XP_016925443.1	275	275	275	225	GAG	0.0677601769566536	1	moderate	moderate	0.022	False	user_msa
Drosophila_virilis_Drosophila_virilis__Act88F__XP_002054294.1	275	275	275	225	GAG	0.0677601769566536	1	moderate	moderate	0.022	False	user_msa
Drosophila_willistoni_Drosophila_willistoni__LOC6646901__XP_002069647.1	275	275	275	225	GAG	0.0677601769566536	1	moderate	moderate	0.022	False	user_msa
Drosophila_yakuba_Drosophila_yakuba__LOC6537169__XP_002097730.1	275	275	275	225	GAG	0.0677601769566536	1	moderate	moderate	0.022	False	user_msa
Drosophila_ananassae_Drosophila_ananassae__LOC6501076__XP_001954513.1	276	276	276	226	CAG	0.06427937000989914	1	moderate	moderate	0.022	False	user_msa
Drosophila_biarmipes_Drosophila_biarmipes__LOC108026160__XP_016952383.1	276	276	276	226	CAG	0.06427937000989914	1	moderate	moderate	0.022	False	user_msa
Drosophila_mauritiana_Drosophila_mauritiana__LOC117145868__XP_033167581.1	276	276	276	226	CAG	0.06427937000989914	1	moderate	moderate	0.022	False	user_msa
Drosophila_melanogaster_Drosophila_melanogaster__Act88F__NP_524367.1	276	276	276	226	CAG	0.06427937000989914	1	moderate	moderate	0.022	False	user_msa
Drosophila_pseudoobscura_Drosophila_pseudoobscura__Act88F__XP_002137155.1	276	276	276	226	CAG	0.06427937000989914	1	moderate	moderate	0.022	False	user_msa
Drosophila_sechellia_Drosophila_sechellia__Act88F__XP_002031056.2	276	276	276	226	CAG	0.06427937000989914	1	moderate	moderate	0.022	False	user_msa
Drosophila_simulans_Drosophila_simulans__LOC6727955__XP_016034553.1	276	276	276	226	CAG	0.06427937000989914	1	moderate	moderate	0.022	False	user_msa
Drosophila_subobscura_Drosophila_subobscura__LOC117898432__XP_034663715.1	276	276	276	226	CAG	0.06427937000989914	1	moderate	moderate	0.022	False	user_msa
Drosophila_suzukii_Drosophila_suzukii__Act88F__XP_016925443.1	276	276	276	226	CAG	0.06427937000989914	1	moderate	moderate	0.022	False	user_msa
Drosophila_virilis_Drosophila_virilis__Act88F__XP_002054294.1	276	276	276	226	CAG	0.06427937000989914	1	moderate	moderate	0.022	False	user_msa
Drosophila_willistoni_Drosophila_willistoni__LOC6646901__XP_002069647.1	276	276	276	226	CAG	0.06427937000989914	1	moderate	moderate	0.022	False	user_msa
Drosophila_yakuba_Drosophila_yakuba__LOC6537169__XP_002097730.1	276	276	276	226	CAG	0.06427937000989914	1	moderate	moderate	0.022	False	user_msa
Drosophila_ananassae_Drosophila_ananassae__LOC6501076__XP_001954513.1	277	277	277	227	GAG	0.0808131992816925	1	moderate	moderate	0.022	False	user_msa
Drosophila_biarmipes_Drosophila_biarmipes__LOC108026160__XP_016952383.1	277	277	277	227	GAA	0.07431244850158691	1	moderate	moderate	0.022	False	user_msa
Drosophila_mauritiana_Drosophila_mauritiana__LOC117145868__XP_033167581.1	277	277	277	227	GAG	0.0808131992816925	1	moderate	moderate	0.022	False	user_msa
Drosophila_melanogaster_Drosophila_melanogaster__Act88F__NP_524367.1	277	277	277	227	GAG	0.0808131992816925	1	moderate	moderate	0.022	False	user_msa
Drosophila_pseudoobscura_Drosophila_pseudoobscura__Act88F__XP_002137155.1	277	277	277	227	GAG	0.0808131992816925	1	moderate	moderate	0.022	False	user_msa
Drosophila_sechellia_Drosophila_sechellia__Act88F__XP_002031056.2	277	277	277	227	GAG	0.0808131992816925	1	moderate	moderate	0.022	False	user_msa
Drosophila_simulans_Drosophila_simulans__LOC6727955__XP_016034553.1	277	277	277	227	GAG	0.0808131992816925	1	moderate	moderate	0.022	False	user_msa
Drosophila_subobscura_Drosophila_subobscura__LOC117898432__XP_034663715.1	277	277	277	227	GAG	0.0808131992816925	1	moderate	moderate	0.022	False	user_msa
Drosophila_suzukii_Drosophila_suzukii__Act88F__XP_016925443.1	277	277	277	227	GAG	0.0808131992816925	1	moderate	moderate	0.022	False	user_msa
Drosophila_virilis_Drosophila_virilis__Act88F__XP_002054294.1	277	277	277	227	GAA	0.07431244850158691	1	moderate	moderate	0.022	False	user_msa
Drosophila_willistoni_Drosophila_willistoni__LOC6646901__XP_002069647.1	277	277	277	227	GAA	0.07431244850158691	1	moderate	moderate	0.022	False	user_msa
Drosophila_yakuba_Drosophila_yakuba__LOC6537169__XP_002097730.1	277	277	277	227	GAG	0.0808131992816925	1	moderate	moderate	0.022	False	user_msa
Drosophila_ananassae_Drosophila_ananassae__LOC6501076__XP_001954513.1	278	278	278	228	ATG	0.06345025449991226	1	moderate	moderate	0.022	False	user_msa
Drosophila_biarmipes_Drosophila_biarmipes__LOC108026160__XP_016952383.1	278	278	278	228	ATG	0.06345025449991226	1	moderate	moderate	0.022	False	user_msa
Drosophila_mauritiana_Drosophila_mauritiana__LOC117145868__XP_033167581.1	278	278	278	228	ATG	0.06345025449991226	1	moderate	moderate	0.022	False	user_msa
Drosophila_melanogaster_Drosophila_melanogaster__Act88F__NP_524367.1	278	278	278	228	ATG	0.06345025449991226	1	moderate	moderate	0.022	False	user_msa
Drosophila_pseudoobscura_Drosophila_pseudoobscura__Act88F__XP_002137155.1	278	278	278	228	ATG	0.06345025449991226	1	moderate	moderate	0.022	False	user_msa
Drosophila_sechellia_Drosophila_sechellia__Act88F__XP_002031056.2	278	278	278	228	ATG	0.06345025449991226	1	moderate	moderate	0.022	False	user_msa
Drosophila_simulans_Drosophila_simulans__LOC6727955__XP_016034553.1	278	278	278	228	ATG	0.06345025449991226	1	moderate	moderate	0.022	False	user_msa
Drosophila_subobscura_Drosophila_subobscura__LOC117898432__XP_034663715.1	278	278	278	228	ATG	0.06345025449991226	1	moderate	moderate	0.022	False	user_msa
Drosophila_suzukii_Drosophila_suzukii__Act88F__XP_016925443.1	278	278	278	228	ATG	0.06345025449991226	1	moderate	moderate	0.022	False	user_msa
Drosophila_virilis_Drosophila_virilis__Act88F__XP_002054294.1	278	278	278	228	ATG	0.06345025449991226	1	moderate	moderate	0.022	False	user_msa
Drosophila_willistoni_Drosophila_willistoni__LOC6646901__XP_002069647.1	278	278	278	228	ATG	0.06345025449991226	1	moderate	moderate	0.022	False	user_msa
Drosophila_yakuba_Drosophila_yakuba__LOC6537169__XP_002097730.1	278	278	278	228	ATG	0.06345025449991226	1	moderate	moderate	0.022	False	user_msa
Drosophila_ananassae_Drosophila_ananassae__LOC6501076__XP_001954513.1	279	279	279	229	GCC	0.06855319440364838	1	moderate	moderate	0.022	False	user_msa
Drosophila_biarmipes_Drosophila_biarmipes__LOC108026160__XP_016952383.1	279	279	279	229	GCC	0.06855319440364838	1	moderate	moderate	0.022	False	user_msa
Drosophila_mauritiana_Drosophila_mauritiana__LOC117145868__XP_033167581.1	279	279	279	229	GCC	0.06855319440364838	1	moderate	moderate	0.022	False	user_msa
Drosophila_melanogaster_Drosophila_melanogaster__Act88F__NP_524367.1	279	279	279	229	GCC	0.06855319440364838	1	moderate	moderate	0.022	False	user_msa
Drosophila_pseudoobscura_Drosophila_pseudoobscura__Act88F__XP_002137155.1	279	279	279	229	GCC	0.06855319440364838	1	moderate	moderate	0.022	False	user_msa
Drosophila_sechellia_Drosophila_sechellia__Act88F__XP_002031056.2	279	279	279	229	GCC	0.06855319440364838	1	moderate	moderate	0.022	False	user_msa
Drosophila_simulans_Drosophila_simulans__LOC6727955__XP_016034553.1	279	279	279	229	GCC	0.06855319440364838	1	moderate	moderate	0.022	False	user_msa
Drosophila_subobscura_Drosophila_subobscura__LOC117898432__XP_034663715.1	279	279	279	229	GCC	0.06855319440364838	1	moderate	moderate	0.022	False	user_msa
Drosophila_suzukii_Drosophila_suzukii__Act88F__XP_016925443.1	279	279	279	229	GCC	0.06855319440364838	1	moderate	moderate	0.022	False	user_msa
Drosophila_virilis_Drosophila_virilis__Act88F__XP_002054294.1	279	279	279	229	GCC	0.06855319440364838	1	moderate	moderate	0.022	False	user_msa
Drosophila_willistoni_Drosophila_willistoni__LOC6646901__XP_002069647.1	279	279	279	229	GCC	0.06855319440364838	1	moderate	moderate	0.022	False	user_msa
Drosophila_yakuba_Drosophila_yakuba__LOC6537169__XP_002097730.1	279	279	279	229	GCC	0.06855319440364838	1	moderate	moderate	0.022	False	user_msa
Drosophila_ananassae_Drosophila_ananassae__LOC6501076__XP_001954513.1	280	280	280	230	ACC	0.07060293108224869	1	moderate	moderate	0.022	False	user_msa
Drosophila_biarmipes_Drosophila_biarmipes__LOC108026160__XP_016952383.1	280	280	280	230	ACC	0.07060293108224869	1	moderate	moderate	0.022	False	user_msa
Drosophila_mauritiana_Drosophila_mauritiana__LOC117145868__XP_033167581.1	280	280	280	230	ACC	0.07060293108224869	1	moderate	moderate	0.022	False	user_msa
Drosophila_melanogaster_Drosophila_melanogaster__Act88F__NP_524367.1	280	280	280	230	ACC	0.07060293108224869	1	moderate	moderate	0.022	False	user_msa
Drosophila_pseudoobscura_Drosophila_pseudoobscura__Act88F__XP_002137155.1	280	280	280	230	ACC	0.07060293108224869	1	moderate	moderate	0.022	False	user_msa
Drosophila_sechellia_Drosophila_sechellia__Act88F__XP_002031056.2	280	280	280	230	ACC	0.07060293108224869	1	moderate	moderate	0.022	False	user_msa
Drosophila_simulans_Drosophila_simulans__LOC6727955__XP_016034553.1	280	280	280	230	ACC	0.07060293108224869	1	moderate	moderate	0.022	False	user_msa
Drosophila_subobscura_Drosophila_subobscura__LOC117898432__XP_034663715.1	280	280	280	230	ACT	0.07588324695825577	1	moderate	moderate	0.022	False	user_msa
Drosophila_suzukii_Drosophila_suzukii__Act88F__XP_016925443.1	280	280	280	230	ACC	0.07060293108224869	1	moderate	moderate	0.022	False	user_msa
Drosophila_virilis_Drosophila_virilis__Act88F__XP_002054294.1	280	280	280	230	ACC	0.07060293108224869	1	moderate	moderate	0.022	False	user_msa
Drosophila_willistoni_Drosophila_willistoni__LOC6646901__XP_002069647.1	280	280	280	230	ACT	0.07588324695825577	1	moderate	moderate	0.022	False	user_msa
Drosophila_yakuba_Drosophila_yakuba__LOC6537169__XP_002097730.1	280	280	280	230	ACC	0.07060293108224869	1	moderate	moderate	0.022	False	user_msa
Drosophila_ananassae_Drosophila_ananassae__LOC6501076__XP_001954513.1	281	281	281	231	GCT	0.08289724588394165	1	moderate	moderate	0.022	False	user_msa
Drosophila_biarmipes_Drosophila_biarmipes__LOC108026160__XP_016952383.1	281	281	281	231	GCC	0.07585234940052032	1	moderate	moderate	0.022	False	user_msa
Drosophila_mauritiana_Drosophila_mauritiana__LOC117145868__XP_033167581.1	281	281	281	231	GCT	0.08289724588394165	1	moderate	moderate	0.022	False	user_msa
Drosophila_melanogaster_Drosophila_melanogaster__Act88F__NP_524367.1	281	281	281	231	GCT	0.08289724588394165	1	moderate	moderate	0.022	False	user_msa
Drosophila_pseudoobscura_Drosophila_pseudoobscura__Act88F__XP_002137155.1	281	281	281	231	GCT	0.08289724588394165	1	moderate	moderate	0.022	False	user_msa
Drosophila_sechellia_Drosophila_sechellia__Act88F__XP_002031056.2	281	281	281	231	GCT	0.08289724588394165	1	moderate	moderate	0.022	False	user_msa
Drosophila_simulans_Drosophila_simulans__LOC6727955__XP_016034553.1	281	281	281	231	GCT	0.08289724588394165	1	moderate	moderate	0.022	False	user_msa
Drosophila_subobscura_Drosophila_subobscura__LOC117898432__XP_034663715.1	281	281	281	231	GCC	0.07585234940052032	1	moderate	moderate	0.022	False	user_msa
Drosophila_suzukii_Drosophila_suzukii__Act88F__XP_016925443.1	281	281	281	231	GCC	0.07585234940052032	1	moderate	moderate	0.022	False	user_msa
Drosophila_virilis_Drosophila_virilis__Act88F__XP_002054294.1	281	281	281	231	GCT	0.08289724588394165	1	moderate	moderate	0.022	False	user_msa
Drosophila_willistoni_Drosophila_willistoni__LOC6646901__XP_002069647.1	281	281	281	231	GCT	0.08289724588394165	1	moderate	moderate	0.022	False	user_msa
Drosophila_yakuba_Drosophila_yakuba__LOC6537169__XP_002097730.1	281	281	281	231	GCC	0.07585234940052032	1	moderate	moderate	0.022	False	user_msa
Drosophila_ananassae_Drosophila_ananassae__LOC6501076__XP_001954513.1	282	282	282		---	0.0347212515771389	1	moderate	moderate	0.022	False	user_msa
Drosophila_biarmipes_Drosophila_biarmipes__LOC108026160__XP_016952383.1	282	282	282		---	0.0347212515771389	1	moderate	moderate	0.022	False	user_msa
Drosophila_mauritiana_Drosophila_mauritiana__LOC117145868__XP_033167581.1	282	282	282		---	0.0347212515771389	1	moderate	moderate	0.022	False	user_msa
Drosophila_melanogaster_Drosophila_melanogaster__Act88F__NP_524367.1	282	282	282		---	0.0347212515771389	1	moderate	moderate	0.022	False	user_msa
Drosophila_pseudoobscura_Drosophila_pseudoobscura__Act88F__XP_002137155.1	282	282	282		---	0.0347212515771389	1	moderate	moderate	0.022	False	user_msa
Drosophila_sechellia_Drosophila_sechellia__Act88F__XP_002031056.2	282	282	282		---	0.0347212515771389	1	moderate	moderate	0.022	False	user_msa
Drosophila_simulans_Drosophila_simulans__LOC6727955__XP_016034553.1	282	282	282		---	0.0347212515771389	1	moderate	moderate	0.022	False	user_msa
Drosophila_subobscura_Drosophila_subobscura__LOC117898432__XP_034663715.1	282	282	282		---	0.0347212515771389	1	moderate	moderate	0.022	False	user_msa
Drosophila_suzukii_Drosophila_suzukii__Act88F__XP_016925443.1	282	282	282		---	0.0347212515771389	1	moderate	moderate	0.022	False	user_msa
Drosophila_virilis_Drosophila_virilis__Act88F__XP_002054294.1	282	282	282		---	0.0347212515771389	1	moderate	moderate	0.022	False	user_msa
Drosophila_willistoni_Drosophila_willistoni__LOC6646901__XP_002069647.1	282	282	282		---	0.0347212515771389	1	moderate	moderate	0.022	False	user_msa
Drosophila_yakuba_Drosophila_yakuba__LOC6537169__XP_002097730.1	282	282	282		---	0.0347212515771389	1	moderate	moderate	0.022	False	user_msa
Drosophila_ananassae_Drosophila_ananassae__LOC6501076__XP_001954513.1	283	283	283		---	0.03472333028912544	1	moderate	moderate	0.022	False	user_msa
Drosophila_biarmipes_Drosophila_biarmipes__LOC108026160__XP_016952383.1	283	283	283		---	0.03472333028912544	1	moderate	moderate	0.022	False	user_msa
Drosophila_mauritiana_Drosophila_mauritiana__LOC117145868__XP_033167581.1	283	283	283		---	0.03472333028912544	1	moderate	moderate	0.022	False	user_msa
Drosophila_melanogaster_Drosophila_melanogaster__Act88F__NP_524367.1	283	283	283		---	0.03472333028912544	1	moderate	moderate	0.022	False	user_msa
Drosophila_pseudoobscura_Drosophila_pseudoobscura__Act88F__XP_002137155.1	283	283	283		---	0.03472333028912544	1	moderate	moderate	0.022	False	user_msa
Drosophila_sechellia_Drosophila_sechellia__Act88F__XP_002031056.2	283	283	283		---	0.03472333028912544	1	moderate	moderate	0.022	False	user_msa
Drosophila_simulans_Drosophila_simulans__LOC6727955__XP_016034553.1	283	283	283		---	0.03472333028912544	1	moderate	moderate	0.022	False	user_msa
Drosophila_subobscura_Drosophila_subobscura__LOC117898432__XP_034663715.1	283	283	283		---	0.03472333028912544	1	moderate	moderate	0.022	False	user_msa
Drosophila_suzukii_Drosophila_suzukii__Act88F__XP_016925443.1	283	283	283		---	0.03472333028912544	1	moderate	moderate	0.022	False	user_msa
Drosophila_virilis_Drosophila_virilis__Act88F__XP_002054294.1	283	283	283		---	0.03472333028912544	1	moderate	moderate	0.022	False	user_msa
Drosophila_willistoni_Drosophila_willistoni__LOC6646901__XP_002069647.1	283	283	283		---	0.03472333028912544	1	moderate	moderate	0.022	False	user_msa
Drosophila_yakuba_Drosophila_yakuba__LOC6537169__XP_002097730.1	283	283	283		---	0.03472333028912544	1	moderate	moderate	0.022	False	user_msa
Drosophila_ananassae_Drosophila_ananassae__LOC6501076__XP_001954513.1	284	284	284		---	0.03472542390227318	1	moderate	moderate	0.022	False	user_msa
Drosophila_biarmipes_Drosophila_biarmipes__LOC108026160__XP_016952383.1	284	284	284		---	0.03472542390227318	1	moderate	moderate	0.022	False	user_msa
Drosophila_mauritiana_Drosophila_mauritiana__LOC117145868__XP_033167581.1	284	284	284		---	0.03472542390227318	1	moderate	moderate	0.022	False	user_msa
Drosophila_melanogaster_Drosophila_melanogaster__Act88F__NP_524367.1	284	284	284		---	0.03472542390227318	1	moderate	moderate	0.022	False	user_msa
Drosophila_pseudoobscura_Drosophila_pseudoobscura__Act88F__XP_002137155.1	284	284	284		---	0.03472542390227318	1	moderate	moderate	0.022	False	user_msa
Drosophila_sechellia_Drosophila_sechellia__Act88F__XP_002031056.2	284	284	284		---	0.03472542390227318	1	moderate	moderate	0.022	False	user_msa
Drosophila_simulans_Drosophila_simulans__LOC6727955__XP_016034553.1	284	284	284		---	0.03472542390227318	1	moderate	moderate	0.022	False	user_msa
Drosophila_subobscura_Drosophila_subobscura__LOC117898432__XP_034663715.1	284	284	284		---	0.03472542390227318	1	moderate	moderate	0.022	False	user_msa
Drosophila_suzukii_Drosophila_suzukii__Act88F__XP_016925443.1	284	284	284		---	0.03472542390227318	1	moderate	moderate	0.022	False	user_msa
Drosophila_virilis_Drosophila_virilis__Act88F__XP_002054294.1	284	284	284		---	0.03472542390227318	1	moderate	moderate	0.022	False	user_msa
Drosophila_willistoni_Drosophila_willistoni__LOC6646901__XP_002069647.1	284	284	284		---	0.03472542390227318	1	moderate	moderate	0.022	False	user_msa
Drosophila_yakuba_Drosophila_yakuba__LOC6537169__XP_002097730.1	284	284	284		---	0.03472542390227318	1	moderate	moderate	0.022	False	user_msa
Drosophila_ananassae_Drosophila_ananassae__LOC6501076__XP_001954513.1	285	285	285		---	0.03472752496600151	1	moderate	moderate	0.022	False	user_msa
Drosophila_biarmipes_Drosophila_biarmipes__LOC108026160__XP_016952383.1	285	285	285		---	0.03472752496600151	1	moderate	moderate	0.022	False	user_msa
Drosophila_mauritiana_Drosophila_mauritiana__LOC117145868__XP_033167581.1	285	285	285		---	0.03472752496600151	1	moderate	moderate	0.022	False	user_msa
Drosophila_melanogaster_Drosophila_melanogaster__Act88F__NP_524367.1	285	285	285		---	0.03472752496600151	1	moderate	moderate	0.022	False	user_msa
Drosophila_pseudoobscura_Drosophila_pseudoobscura__Act88F__XP_002137155.1	285	285	285		---	0.03472752496600151	1	moderate	moderate	0.022	False	user_msa
Drosophila_sechellia_Drosophila_sechellia__Act88F__XP_002031056.2	285	285	285		---	0.03472752496600151	1	moderate	moderate	0.022	False	user_msa
Drosophila_simulans_Drosophila_simulans__LOC6727955__XP_016034553.1	285	285	285		---	0.03472752496600151	1	moderate	moderate	0.022	False	user_msa
Drosophila_subobscura_Drosophila_subobscura__LOC117898432__XP_034663715.1	285	285	285		---	0.03472752496600151	1	moderate	moderate	0.022	False	user_msa
Drosophila_suzukii_Drosophila_suzukii__Act88F__XP_016925443.1	285	285	285		---	0.03472752496600151	1	moderate	moderate	0.022	False	user_msa
Drosophila_virilis_Drosophila_virilis__Act88F__XP_002054294.1	285	285	285		---	0.03472752496600151	1	moderate	moderate	0.022	False	user_msa
Drosophila_willistoni_Drosophila_willistoni__LOC6646901__XP_002069647.1	285	285	285		---	0.03472752496600151	1	moderate	moderate	0.022	False	user_msa
Drosophila_yakuba_Drosophila_yakuba__LOC6537169__XP_002097730.1	285	285	285		---	0.03472752496600151	1	moderate	moderate	0.022	False	user_msa
Drosophila_ananassae_Drosophila_ananassae__LOC6501076__XP_001954513.1	286	286	286		---	0.03472961485385895	1	moderate	moderate	0.022	False	user_msa
Drosophila_biarmipes_Drosophila_biarmipes__LOC108026160__XP_016952383.1	286	286	286		---	0.03472961485385895	1	moderate	moderate	0.022	False	user_msa
Drosophila_mauritiana_Drosophila_mauritiana__LOC117145868__XP_033167581.1	286	286	286		---	0.03472961485385895	1	moderate	moderate	0.022	False	user_msa
Drosophila_melanogaster_Drosophila_melanogaster__Act88F__NP_524367.1	286	286	286		---	0.03472961485385895	1	moderate	moderate	0.022	False	user_msa
Drosophila_pseudoobscura_Drosophila_pseudoobscura__Act88F__XP_002137155.1	286	286	286		---	0.03472961485385895	1	moderate	moderate	0.022	False	user_msa
Drosophila_sechellia_Drosophila_sechellia__Act88F__XP_002031056.2	286	286	286		---	0.03472961485385895	1	moderate	moderate	0.022	False	user_msa
Drosophila_simulans_Drosophila_simulans__LOC6727955__XP_016034553.1	286	286	286		---	0.03472961485385895	1	moderate	moderate	0.022	False	user_msa
Drosophila_subobscura_Drosophila_subobscura__LOC117898432__XP_034663715.1	286	286	286		---	0.03472961485385895	1	moderate	moderate	0.022	False	user_msa
Drosophila_suzukii_Drosophila_suzukii__Act88F__XP_016925443.1	286	286	286		---	0.03472961485385895	1	moderate	moderate	0.022	False	user_msa
Drosophila_virilis_Drosophila_virilis__Act88F__XP_002054294.1	286	286	286		---	0.03472961485385895	1	moderate	moderate	0.022	False	user_msa
Drosophila_willistoni_Drosophila_willistoni__LOC6646901__XP_002069647.1	286	286	286		---	0.03472961485385895	1	moderate	moderate	0.022	False	user_msa
Drosophila_yakuba_Drosophila_yakuba__LOC6537169__XP_002097730.1	286	286	286		---	0.03472961485385895	1	moderate	moderate	0.022	False	user_msa
Drosophila_ananassae_Drosophila_ananassae__LOC6501076__XP_001954513.1	287	287	287		---	0.034731682389974594	1	moderate	moderate	0.022	False	user_msa
Drosophila_biarmipes_Drosophila_biarmipes__LOC108026160__XP_016952383.1	287	287	287		---	0.034731682389974594	1	moderate	moderate	0.022	False	user_msa
Drosophila_mauritiana_Drosophila_mauritiana__LOC117145868__XP_033167581.1	287	287	287		---	0.034731682389974594	1	moderate	moderate	0.022	False	user_msa
Drosophila_melanogaster_Drosophila_melanogaster__Act88F__NP_524367.1	287	287	287		---	0.034731682389974594	1	moderate	moderate	0.022	False	user_msa
Drosophila_pseudoobscura_Drosophila_pseudoobscura__Act88F__XP_002137155.1	287	287	287		---	0.034731682389974594	1	moderate	moderate	0.022	False	user_msa
Drosophila_sechellia_Drosophila_sechellia__Act88F__XP_002031056.2	287	287	287		---	0.034731682389974594	1	moderate	moderate	0.022	False	user_msa
Drosophila_simulans_Drosophila_simulans__LOC6727955__XP_016034553.1	287	287	287		---	0.034731682389974594	1	moderate	moderate	0.022	False	user_msa
Drosophila_subobscura_Drosophila_subobscura__LOC117898432__XP_034663715.1	287	287	287		---	0.034731682389974594	1	moderate	moderate	0.022	False	user_msa
Drosophila_suzukii_Drosophila_suzukii__Act88F__XP_016925443.1	287	287	287		---	0.034731682389974594	1	moderate	moderate	0.022	False	user_msa
Drosophila_virilis_Drosophila_virilis__Act88F__XP_002054294.1	287	287	287		---	0.034731682389974594	1	moderate	moderate	0.022	False	user_msa
Drosophila_willistoni_Drosophila_willistoni__LOC6646901__XP_002069647.1	287	287	287		---	0.034731682389974594	1	moderate	moderate	0.022	False	user_msa
Drosophila_yakuba_Drosophila_yakuba__LOC6537169__XP_002097730.1	287	287	287		---	0.034731682389974594	1	moderate	moderate	0.022	False	user_msa
Drosophila_ananassae_Drosophila_ananassae__LOC6501076__XP_001954513.1	288	288	288		---	0.03473377227783203	1	moderate	moderate	0.022	False	user_msa
Drosophila_biarmipes_Drosophila_biarmipes__LOC108026160__XP_016952383.1	288	288	288		---	0.03473377227783203	1	moderate	moderate	0.022	False	user_msa
Drosophila_mauritiana_Drosophila_mauritiana__LOC117145868__XP_033167581.1	288	288	288		---	0.03473377227783203	1	moderate	moderate	0.022	False	user_msa
Drosophila_melanogaster_Drosophila_melanogaster__Act88F__NP_524367.1	288	288	288		---	0.03473377227783203	1	moderate	moderate	0.022	False	user_msa
Drosophila_pseudoobscura_Drosophila_pseudoobscura__Act88F__XP_002137155.1	288	288	288		---	0.03473377227783203	1	moderate	moderate	0.022	False	user_msa
Drosophila_sechellia_Drosophila_sechellia__Act88F__XP_002031056.2	288	288	288		---	0.03473377227783203	1	moderate	moderate	0.022	False	user_msa
Drosophila_simulans_Drosophila_simulans__LOC6727955__XP_016034553.1	288	288	288		---	0.03473377227783203	1	moderate	moderate	0.022	False	user_msa
Drosophila_subobscura_Drosophila_subobscura__LOC117898432__XP_034663715.1	288	288	288		---	0.03473377227783203	1	moderate	moderate	0.022	False	user_msa
Drosophila_suzukii_Drosophila_suzukii__Act88F__XP_016925443.1	288	288	288		---	0.03473377227783203	1	moderate	moderate	0.022	False	user_msa
Drosophila_virilis_Drosophila_virilis__Act88F__XP_002054294.1	288	288	288		---	0.03473377227783203	1	moderate	moderate	0.022	False	user_msa
Drosophila_willistoni_Drosophila_willistoni__LOC6646901__XP_002069647.1	288	288	288		---	0.03473377227783203	1	moderate	moderate	0.022	False	user_msa
Drosophila_yakuba_Drosophila_yakuba__LOC6537169__XP_002097730.1	288	288	288		---	0.03473377227783203	1	moderate	moderate	0.022	False	user_msa
Drosophila_ananassae_Drosophila_ananassae__LOC6501076__XP_001954513.1	289	289	289		---	0.034735847264528275	1	moderate	moderate	0.022	False	user_msa
Drosophila_biarmipes_Drosophila_biarmipes__LOC108026160__XP_016952383.1	289	289	289		---	0.034735847264528275	1	moderate	moderate	0.022	False	user_msa
Drosophila_mauritiana_Drosophila_mauritiana__LOC117145868__XP_033167581.1	289	289	289		---	0.034735847264528275	1	moderate	moderate	0.022	False	user_msa
Drosophila_melanogaster_Drosophila_melanogaster__Act88F__NP_524367.1	289	289	289		---	0.034735847264528275	1	moderate	moderate	0.022	False	user_msa
Drosophila_pseudoobscura_Drosophila_pseudoobscura__Act88F__XP_002137155.1	289	289	289		---	0.034735847264528275	1	moderate	moderate	0.022	False	user_msa
Drosophila_sechellia_Drosophila_sechellia__Act88F__XP_002031056.2	289	289	289		---	0.034735847264528275	1	moderate	moderate	0.022	False	user_msa
Drosophila_simulans_Drosophila_simulans__LOC6727955__XP_016034553.1	289	289	289		---	0.034735847264528275	1	moderate	moderate	0.022	False	user_msa
Drosophila_subobscura_Drosophila_subobscura__LOC117898432__XP_034663715.1	289	289	289		---	0.034735847264528275	1	moderate	moderate	0.022	False	user_msa
Drosophila_suzukii_Drosophila_suzukii__Act88F__XP_016925443.1	289	289	289		---	0.034735847264528275	1	moderate	moderate	0.022	False	user_msa
Drosophila_virilis_Drosophila_virilis__Act88F__XP_002054294.1	289	289	289		---	0.034735847264528275	1	moderate	moderate	0.022	False	user_msa
Drosophila_willistoni_Drosophila_willistoni__LOC6646901__XP_002069647.1	289	289	289		---	0.034735847264528275	1	moderate	moderate	0.022	False	user_msa
Drosophila_yakuba_Drosophila_yakuba__LOC6537169__XP_002097730.1	289	289	289		---	0.034735847264528275	1	moderate	moderate	0.022	False	user_msa
Drosophila_ananassae_Drosophila_ananassae__LOC6501076__XP_001954513.1	290	290	290		---	0.03473791852593422	1	moderate	moderate	0.022	False	user_msa
Drosophila_biarmipes_Drosophila_biarmipes__LOC108026160__XP_016952383.1	290	290	290		---	0.03473791852593422	1	moderate	moderate	0.022	False	user_msa
Drosophila_mauritiana_Drosophila_mauritiana__LOC117145868__XP_033167581.1	290	290	290		---	0.03473791852593422	1	moderate	moderate	0.022	False	user_msa
Drosophila_melanogaster_Drosophila_melanogaster__Act88F__NP_524367.1	290	290	290		---	0.03473791852593422	1	moderate	moderate	0.022	False	user_msa
Drosophila_pseudoobscura_Drosophila_pseudoobscura__Act88F__XP_002137155.1	290	290	290		---	0.03473791852593422	1	moderate	moderate	0.022	False	user_msa
Drosophila_sechellia_Drosophila_sechellia__Act88F__XP_002031056.2	290	290	290		---	0.03473791852593422	1	moderate	moderate	0.022	False	user_msa
Drosophila_simulans_Drosophila_simulans__LOC6727955__XP_016034553.1	290	290	290		---	0.03473791852593422	1	moderate	moderate	0.022	False	user_msa
Drosophila_subobscura_Drosophila_subobscura__LOC117898432__XP_034663715.1	290	290	290		---	0.03473791852593422	1	moderate	moderate	0.022	False	user_msa
Drosophila_suzukii_Drosophila_suzukii__Act88F__XP_016925443.1	290	290	290		---	0.03473791852593422	1	moderate	moderate	0.022	False	user_msa
Drosophila_virilis_Drosophila_virilis__Act88F__XP_002054294.1	290	290	290		---	0.03473791852593422	1	moderate	moderate	0.022	False	user_msa
Drosophila_willistoni_Drosophila_willistoni__LOC6646901__XP_002069647.1	290	290	290		---	0.03473791852593422	1	moderate	moderate	0.022	False	user_msa
Drosophila_yakuba_Drosophila_yakuba__LOC6537169__XP_002097730.1	290	290	290		---	0.03473791852593422	1	moderate	moderate	0.022	False	user_msa
Drosophila_ananassae_Drosophila_ananassae__LOC6501076__XP_001954513.1	291	291	291		---	0.034740012139081955	1	moderate	moderate	0.022	False	user_msa
Drosophila_biarmipes_Drosophila_biarmipes__LOC108026160__XP_016952383.1	291	291	291		---	0.034740012139081955	1	moderate	moderate	0.022	False	user_msa
Drosophila_mauritiana_Drosophila_mauritiana__LOC117145868__XP_033167581.1	291	291	291		---	0.034740012139081955	1	moderate	moderate	0.022	False	user_msa
Drosophila_melanogaster_Drosophila_melanogaster__Act88F__NP_524367.1	291	291	291		---	0.034740012139081955	1	moderate	moderate	0.022	False	user_msa
Drosophila_pseudoobscura_Drosophila_pseudoobscura__Act88F__XP_002137155.1	291	291	291		---	0.034740012139081955	1	moderate	moderate	0.022	False	user_msa
Drosophila_sechellia_Drosophila_sechellia__Act88F__XP_002031056.2	291	291	291		---	0.034740012139081955	1	moderate	moderate	0.022	False	user_msa
Drosophila_simulans_Drosophila_simulans__LOC6727955__XP_016034553.1	291	291	291		---	0.034740012139081955	1	moderate	moderate	0.022	False	user_msa
Drosophila_subobscura_Drosophila_subobscura__LOC117898432__XP_034663715.1	291	291	291		---	0.034740012139081955	1	moderate	moderate	0.022	False	user_msa
Drosophila_suzukii_Drosophila_suzukii__Act88F__XP_016925443.1	291	291	291		---	0.034740012139081955	1	moderate	moderate	0.022	False	user_msa
Drosophila_virilis_Drosophila_virilis__Act88F__XP_002054294.1	291	291	291		---	0.034740012139081955	1	moderate	moderate	0.022	False	user_msa
Drosophila_willistoni_Drosophila_willistoni__LOC6646901__XP_002069647.1	291	291	291		---	0.034740012139081955	1	moderate	moderate	0.022	False	user_msa
Drosophila_yakuba_Drosophila_yakuba__LOC6537169__XP_002097730.1	291	291	291		---	0.034740012139081955	1	moderate	moderate	0.022	False	user_msa
Drosophila_ananassae_Drosophila_ananassae__LOC6501076__XP_001954513.1	292	292	292		---	0.03474202752113342	1	moderate	moderate	0.022	False	user_msa
Drosophila_biarmipes_Drosophila_biarmipes__LOC108026160__XP_016952383.1	292	292	292		---	0.03474202752113342	1	moderate	moderate	0.022	False	user_msa
Drosophila_mauritiana_Drosophila_mauritiana__LOC117145868__XP_033167581.1	292	292	292		---	0.03474202752113342	1	moderate	moderate	0.022	False	user_msa
Drosophila_melanogaster_Drosophila_melanogaster__Act88F__NP_524367.1	292	292	292		---	0.03474202752113342	1	moderate	moderate	0.022	False	user_msa
Drosophila_pseudoobscura_Drosophila_pseudoobscura__Act88F__XP_002137155.1	292	292	292		---	0.03474202752113342	1	moderate	moderate	0.022	False	user_msa
Drosophila_sechellia_Drosophila_sechellia__Act88F__XP_002031056.2	292	292	292		---	0.03474202752113342	1	moderate	moderate	0.022	False	user_msa
Drosophila_simulans_Drosophila_simulans__LOC6727955__XP_016034553.1	292	292	292		---	0.03474202752113342	1	moderate	moderate	0.022	False	user_msa
Drosophila_subobscura_Drosophila_subobscura__LOC117898432__XP_034663715.1	292	292	292		---	0.03474202752113342	1	moderate	moderate	0.022	False	user_msa
Drosophila_suzukii_Drosophila_suzukii__Act88F__XP_016925443.1	292	292	292		---	0.03474202752113342	1	moderate	moderate	0.022	False	user_msa
Drosophila_virilis_Drosophila_virilis__Act88F__XP_002054294.1	292	292	292		---	0.03474202752113342	1	moderate	moderate	0.022	False	user_msa
Drosophila_willistoni_Drosophila_willistoni__LOC6646901__XP_002069647.1	292	292	292		---	0.03474202752113342	1	moderate	moderate	0.022	False	user_msa
Drosophila_yakuba_Drosophila_yakuba__LOC6537169__XP_002097730.1	292	292	292		---	0.03474202752113342	1	moderate	moderate	0.022	False	user_msa
Drosophila_ananassae_Drosophila_ananassae__LOC6501076__XP_001954513.1	293	293	293	232	GCC	0.08037678152322769	1	moderate	moderate	0.022	False	user_msa
Drosophila_biarmipes_Drosophila_biarmipes__LOC108026160__XP_016952383.1	293	293	293	232	GCC	0.08037678152322769	1	moderate	moderate	0.022	False	user_msa
Drosophila_mauritiana_Drosophila_mauritiana__LOC117145868__XP_033167581.1	293	293	293	232	GCC	0.08037678152322769	1	moderate	moderate	0.022	False	user_msa
Drosophila_melanogaster_Drosophila_melanogaster__Act88F__NP_524367.1	293	293	293	232	GCC	0.08037678152322769	1	moderate	moderate	0.022	False	user_msa
Drosophila_pseudoobscura_Drosophila_pseudoobscura__Act88F__XP_002137155.1	293	293	293	232	GCC	0.08037678152322769	1	moderate	moderate	0.022	False	user_msa
Drosophila_sechellia_Drosophila_sechellia__Act88F__XP_002031056.2	293	293	293	232	GCC	0.08037678152322769	1	moderate	moderate	0.022	False	user_msa
Drosophila_simulans_Drosophila_simulans__LOC6727955__XP_016034553.1	293	293	293	232	GCC	0.08037678152322769	1	moderate	moderate	0.022	False	user_msa
Drosophila_subobscura_Drosophila_subobscura__LOC117898432__XP_034663715.1	293	293	293	232	GCC	0.08037678152322769	1	moderate	moderate	0.022	False	user_msa
Drosophila_suzukii_Drosophila_suzukii__Act88F__XP_016925443.1	293	293	293	232	GCC	0.08037678152322769	1	moderate	moderate	0.022	False	user_msa
Drosophila_virilis_Drosophila_virilis__Act88F__XP_002054294.1	293	293	293	232	GCC	0.08037678152322769	1	moderate	moderate	0.022	False	user_msa
Drosophila_willistoni_Drosophila_willistoni__LOC6646901__XP_002069647.1	293	293	293	232	GCT	0.08787955343723297	1	moderate	moderate	0.022	False	user_msa
Drosophila_yakuba_Drosophila_yakuba__LOC6537169__XP_002097730.1	293	293	293	232	GCC	0.08037678152322769	1	moderate	moderate	0.022	False	user_msa
Drosophila_ananassae_Drosophila_ananassae__LOC6501076__XP_001954513.1	294	294	294	233	GCC	0.08038236945867538	1	moderate	moderate	0.022	False	user_msa
Drosophila_biarmipes_Drosophila_biarmipes__LOC108026160__XP_016952383.1	294	294	294	233	GCC	0.08038236945867538	1	moderate	moderate	0.022	False	user_msa
Drosophila_mauritiana_Drosophila_mauritiana__LOC117145868__XP_033167581.1	294	294	294	233	GCC	0.08038236945867538	1	moderate	moderate	0.022	False	user_msa
Drosophila_melanogaster_Drosophila_melanogaster__Act88F__NP_524367.1	294	294	294	233	GCC	0.08038236945867538	1	moderate	moderate	0.022	False	user_msa
Drosophila_pseudoobscura_Drosophila_pseudoobscura__Act88F__XP_002137155.1	294	294	294	233	GCC	0.08038236945867538	1	moderate	moderate	0.022	False	user_msa
Drosophila_sechellia_Drosophila_sechellia__Act88F__XP_002031056.2	294	294	294	233	GCT	0.08788558840751648	1	moderate	moderate	0.022	False	user_msa
Drosophila_simulans_Drosophila_simulans__LOC6727955__XP_016034553.1	294	294	294	233	GCC	0.08038236945867538	1	moderate	moderate	0.022	False	user_msa
Drosophila_subobscura_Drosophila_subobscura__LOC117898432__XP_034663715.1	294	294	294	233	GCC	0.08038236945867538	1	moderate	moderate	0.022	False	user_msa
Drosophila_suzukii_Drosophila_suzukii__Act88F__XP_016925443.1	294	294	294	233	GCC	0.08038236945867538	1	moderate	moderate	0.022	False	user_msa
Drosophila_virilis_Drosophila_virilis__Act88F__XP_002054294.1	294	294	294	233	GCC	0.08038236945867538	1	moderate	moderate	0.022	False	user_msa
Drosophila_willistoni_Drosophila_willistoni__LOC6646901__XP_002069647.1	294	294	294	233	GCC	0.08038236945867538	1	moderate	moderate	0.022	False	user_msa
Drosophila_yakuba_Drosophila_yakuba__LOC6537169__XP_002097730.1	294	294	294	233	GCC	0.08038236945867538	1	moderate	moderate	0.022	False	user_msa
Drosophila_ananassae_Drosophila_ananassae__LOC6501076__XP_001954513.1	295	295	295	234	TCT	0.09276419132947922	1	moderate	moderate	0.022	False	user_msa
Drosophila_biarmipes_Drosophila_biarmipes__LOC108026160__XP_016952383.1	295	295	295	234	TCC	0.0848831832408905	1	moderate	moderate	0.022	False	user_msa
Drosophila_mauritiana_Drosophila_mauritiana__LOC117145868__XP_033167581.1	295	295	295	234	TCC	0.0848831832408905	1	moderate	moderate	0.022	False	user_msa
Drosophila_melanogaster_Drosophila_melanogaster__Act88F__NP_524367.1	295	295	295	234	TCC	0.0848831832408905	1	moderate	moderate	0.022	False	user_msa
Drosophila_pseudoobscura_Drosophila_pseudoobscura__Act88F__XP_002137155.1	295	295	295	234	TCC	0.0848831832408905	1	moderate	moderate	0.022	False	user_msa
Drosophila_sechellia_Drosophila_sechellia__Act88F__XP_002031056.2	295	295	295	234	TCC	0.0848831832408905	1	moderate	moderate	0.022	False	user_msa
Drosophila_simulans_Drosophila_simulans__LOC6727955__XP_016034553.1	295	295	295	234	TCC	0.0848831832408905	1	moderate	moderate	0.022	False	user_msa
Drosophila_subobscura_Drosophila_subobscura__LOC117898432__XP_034663715.1	295	295	295	234	TCC	0.0848831832408905	1	moderate	moderate	0.022	False	user_msa
Drosophila_suzukii_Drosophila_suzukii__Act88F__XP_016925443.1	295	295	295	234	TCC	0.0848831832408905	1	moderate	moderate	0.022	False	user_msa
Drosophila_virilis_Drosophila_virilis__Act88F__XP_002054294.1	295	295	295	234	TCC	0.0848831832408905	1	moderate	moderate	0.022	False	user_msa
Drosophila_willistoni_Drosophila_willistoni__LOC6646901__XP_002069647.1	295	295	295	234	TCT	0.09276419132947922	1	moderate	moderate	0.022	False	user_msa
Drosophila_yakuba_Drosophila_yakuba__LOC6537169__XP_002097730.1	295	295	295	234	TCC	0.0848831832408905	1	moderate	moderate	0.022	False	user_msa
Drosophila_ananassae_Drosophila_ananassae__LOC6501076__XP_001954513.1	296	296	296	235	ACT	0.09264994412660599	1	moderate	moderate	0.022	False	user_msa
Drosophila_biarmipes_Drosophila_biarmipes__LOC108026160__XP_016952383.1	296	296	296	235	ACC	0.0847778245806694	1	moderate	moderate	0.022	False	user_msa
Drosophila_mauritiana_Drosophila_mauritiana__LOC117145868__XP_033167581.1	296	296	296	235	ACC	0.0847778245806694	1	moderate	moderate	0.022	False	user_msa
Drosophila_melanogaster_Drosophila_melanogaster__Act88F__NP_524367.1	296	296	296	235	ACC	0.0847778245806694	1	moderate	moderate	0.022	False	user_msa
Drosophila_pseudoobscura_Drosophila_pseudoobscura__Act88F__XP_002137155.1	296	296	296	235	ACC	0.0847778245806694	1	moderate	moderate	0.022	False	user_msa
Drosophila_sechellia_Drosophila_sechellia__Act88F__XP_002031056.2	296	296	296	235	ACC	0.0847778245806694	1	moderate	moderate	0.022	False	user_msa
Drosophila_simulans_Drosophila_simulans__LOC6727955__XP_016034553.1	296	296	296	235	ACC	0.0847778245806694	1	moderate	moderate	0.022	False	user_msa
Drosophila_subobscura_Drosophila_subobscura__LOC117898432__XP_034663715.1	296	296	296	235	ACC	0.0847778245806694	1	moderate	moderate	0.022	False	user_msa
Drosophila_suzukii_Drosophila_suzukii__Act88F__XP_016925443.1	296	296	296	235	ACC	0.0847778245806694	1	moderate	moderate	0.022	False	user_msa
Drosophila_virilis_Drosophila_virilis__Act88F__XP_002054294.1	296	296	296	235	ACA	0.08128537982702255	1	moderate	moderate	0.022	False	user_msa
Drosophila_willistoni_Drosophila_willistoni__LOC6646901__XP_002069647.1	296	296	296	235	ACC	0.0847778245806694	1	moderate	moderate	0.022	False	user_msa
Drosophila_yakuba_Drosophila_yakuba__LOC6537169__XP_002097730.1	296	296	296	235	ACC	0.0847778245806694	1	moderate	moderate	0.022	False	user_msa
Drosophila_ananassae_Drosophila_ananassae__LOC6501076__XP_001954513.1	297	297	297	236	TCC	0.08490201830863953	1	moderate	moderate	0.022	False	user_msa
Drosophila_biarmipes_Drosophila_biarmipes__LOC108026160__XP_016952383.1	297	297	297	236	TCG	0.08876433223485947	1	moderate	moderate	0.022	False	user_msa
Drosophila_mauritiana_Drosophila_mauritiana__LOC117145868__XP_033167581.1	297	297	297	236	TCG	0.08876433223485947	1	moderate	moderate	0.022	False	user_msa
Drosophila_melanogaster_Drosophila_melanogaster__Act88F__NP_524367.1	297	297	297	236	TCG	0.08876433223485947	1	moderate	moderate	0.022	False	user_msa
Drosophila_pseudoobscura_Drosophila_pseudoobscura__Act88F__XP_002137155.1	297	297	297	236	TCC	0.08490201830863953	1	moderate	moderate	0.022	False	user_msa
Drosophila_sechellia_Drosophila_sechellia__Act88F__XP_002031056.2	297	297	297	236	TCG	0.08876433223485947	1	moderate	moderate	0.022	False	user_msa
Drosophila_simulans_Drosophila_simulans__LOC6727955__XP_016034553.1	297	297	297	236	TCG	0.08876433223485947	1	moderate	moderate	0.022	False	user_msa
Drosophila_subobscura_Drosophila_subobscura__LOC117898432__XP_034663715.1	297	297	297	236	TCC	0.08490201830863953	1	moderate	moderate	0.022	False	user_msa
Drosophila_suzukii_Drosophila_suzukii__Act88F__XP_016925443.1	297	297	297	236	TCG	0.08876433223485947	1	moderate	moderate	0.022	False	user_msa
Drosophila_virilis_Drosophila_virilis__Act88F__XP_002054294.1	297	297	297	236	TCC	0.08490201830863953	1	moderate	moderate	0.022	False	user_msa
Drosophila_willistoni_Drosophila_willistoni__LOC6646901__XP_002069647.1	297	297	297	236	TCG	0.08876433223485947	1	moderate	moderate	0.022	False	user_msa
Drosophila_yakuba_Drosophila_yakuba__LOC6537169__XP_002097730.1	297	297	297	236	TCG	0.08876433223485947	1	moderate	moderate	0.022	False	user_msa
Drosophila_ananassae_Drosophila_ananassae__LOC6501076__XP_001954513.1	298	298	298		---	0.034754566848278046	1	moderate	moderate	0.022	False	user_msa
Drosophila_biarmipes_Drosophila_biarmipes__LOC108026160__XP_016952383.1	298	298	298		---	0.034754566848278046	1	moderate	moderate	0.022	False	user_msa
Drosophila_mauritiana_Drosophila_mauritiana__LOC117145868__XP_033167581.1	298	298	298		---	0.034754566848278046	1	moderate	moderate	0.022	False	user_msa
Drosophila_melanogaster_Drosophila_melanogaster__Act88F__NP_524367.1	298	298	298		---	0.034754566848278046	1	moderate	moderate	0.022	False	user_msa
Drosophila_pseudoobscura_Drosophila_pseudoobscura__Act88F__XP_002137155.1	298	298	298		---	0.034754566848278046	1	moderate	moderate	0.022	False	user_msa
Drosophila_sechellia_Drosophila_sechellia__Act88F__XP_002031056.2	298	298	298		---	0.034754566848278046	1	moderate	moderate	0.022	False	user_msa
Drosophila_simulans_Drosophila_simulans__LOC6727955__XP_016034553.1	298	298	298		---	0.034754566848278046	1	moderate	moderate	0.022	False	user_msa
Drosophila_subobscura_Drosophila_subobscura__LOC117898432__XP_034663715.1	298	298	298		---	0.034754566848278046	1	moderate	moderate	0.022	False	user_msa
Drosophila_suzukii_Drosophila_suzukii__Act88F__XP_016925443.1	298	298	298		---	0.034754566848278046	1	moderate	moderate	0.022	False	user_msa
Drosophila_virilis_Drosophila_virilis__Act88F__XP_002054294.1	298	298	298		---	0.034754566848278046	1	moderate	moderate	0.022	False	user_msa
Drosophila_willistoni_Drosophila_willistoni__LOC6646901__XP_002069647.1	298	298	298		---	0.034754566848278046	1	moderate	moderate	0.022	False	user_msa
Drosophila_yakuba_Drosophila_yakuba__LOC6537169__XP_002097730.1	298	298	298		---	0.034754566848278046	1	moderate	moderate	0.022	False	user_msa
Drosophila_ananassae_Drosophila_ananassae__LOC6501076__XP_001954513.1	299	299	299		---	0.034756626933813095	1	moderate	moderate	0.022	False	user_msa
Drosophila_biarmipes_Drosophila_biarmipes__LOC108026160__XP_016952383.1	299	299	299		---	0.034756626933813095	1	moderate	moderate	0.022	False	user_msa
Drosophila_mauritiana_Drosophila_mauritiana__LOC117145868__XP_033167581.1	299	299	299		---	0.034756626933813095	1	moderate	moderate	0.022	False	user_msa
Drosophila_melanogaster_Drosophila_melanogaster__Act88F__NP_524367.1	299	299	299		---	0.034756626933813095	1	moderate	moderate	0.022	False	user_msa
Drosophila_pseudoobscura_Drosophila_pseudoobscura__Act88F__XP_002137155.1	299	299	299		---	0.034756626933813095	1	moderate	moderate	0.022	False	user_msa
Drosophila_sechellia_Drosophila_sechellia__Act88F__XP_002031056.2	299	299	299		---	0.034756626933813095	1	moderate	moderate	0.022	False	user_msa
Drosophila_simulans_Drosophila_simulans__LOC6727955__XP_016034553.1	299	299	299		---	0.034756626933813095	1	moderate	moderate	0.022	False	user_msa
Drosophila_subobscura_Drosophila_subobscura__LOC117898432__XP_034663715.1	299	299	299		---	0.034756626933813095	1	moderate	moderate	0.022	False	user_msa
Drosophila_suzukii_Drosophila_suzukii__Act88F__XP_016925443.1	299	299	299		---	0.034756626933813095	1	moderate	moderate	0.022	False	user_msa
Drosophila_virilis_Drosophila_virilis__Act88F__XP_002054294.1	299	299	299		---	0.034756626933813095	1	moderate	moderate	0.022	False	user_msa
Drosophila_willistoni_Drosophila_willistoni__LOC6646901__XP_002069647.1	299	299	299		---	0.034756626933813095	1	moderate	moderate	0.022	False	user_msa
Drosophila_yakuba_Drosophila_yakuba__LOC6537169__XP_002097730.1	299	299	299		---	0.034756626933813095	1	moderate	moderate	0.022	False	user_msa
Drosophila_ananassae_Drosophila_ananassae__LOC6501076__XP_001954513.1	300	300	300		---	0.03475872054696083	1	moderate	moderate	0.022	False	user_msa
Drosophila_biarmipes_Drosophila_biarmipes__LOC108026160__XP_016952383.1	300	300	300		---	0.03475872054696083	1	moderate	moderate	0.022	False	user_msa
Drosophila_mauritiana_Drosophila_mauritiana__LOC117145868__XP_033167581.1	300	300	300		---	0.03475872054696083	1	moderate	moderate	0.022	False	user_msa
Drosophila_melanogaster_Drosophila_melanogaster__Act88F__NP_524367.1	300	300	300		---	0.03475872054696083	1	moderate	moderate	0.022	False	user_msa
Drosophila_pseudoobscura_Drosophila_pseudoobscura__Act88F__XP_002137155.1	300	300	300		---	0.03475872054696083	1	moderate	moderate	0.022	False	user_msa
Drosophila_sechellia_Drosophila_sechellia__Act88F__XP_002031056.2	300	300	300		---	0.03475872054696083	1	moderate	moderate	0.022	False	user_msa
Drosophila_simulans_Drosophila_simulans__LOC6727955__XP_016034553.1	300	300	300		---	0.03475872054696083	1	moderate	moderate	0.022	False	user_msa
Drosophila_subobscura_Drosophila_subobscura__LOC117898432__XP_034663715.1	300	300	300		---	0.03475872054696083	1	moderate	moderate	0.022	False	user_msa
Drosophila_suzukii_Drosophila_suzukii__Act88F__XP_016925443.1	300	300	300		---	0.03475872054696083	1	moderate	moderate	0.022	False	user_msa
Drosophila_virilis_Drosophila_virilis__Act88F__XP_002054294.1	300	300	300		---	0.03475872054696083	1	moderate	moderate	0.022	False	user_msa
Drosophila_willistoni_Drosophila_willistoni__LOC6646901__XP_002069647.1	300	300	300		---	0.03475872054696083	1	moderate	moderate	0.022	False	user_msa
Drosophila_yakuba_Drosophila_yakuba__LOC6537169__XP_002097730.1	300	300	300		---	0.03475872054696083	1	moderate	moderate	0.022	False	user_msa
Drosophila_ananassae_Drosophila_ananassae__LOC6501076__XP_001954513.1	301	301	301		---	0.034760814160108566	1	moderate	moderate	0.022	False	user_msa
Drosophila_biarmipes_Drosophila_biarmipes__LOC108026160__XP_016952383.1	301	301	301		---	0.034760814160108566	1	moderate	moderate	0.022	False	user_msa
Drosophila_mauritiana_Drosophila_mauritiana__LOC117145868__XP_033167581.1	301	301	301		---	0.034760814160108566	1	moderate	moderate	0.022	False	user_msa
Drosophila_melanogaster_Drosophila_melanogaster__Act88F__NP_524367.1	301	301	301		---	0.034760814160108566	1	moderate	moderate	0.022	False	user_msa
Drosophila_pseudoobscura_Drosophila_pseudoobscura__Act88F__XP_002137155.1	301	301	301		---	0.034760814160108566	1	moderate	moderate	0.022	False	user_msa
Drosophila_sechellia_Drosophila_sechellia__Act88F__XP_002031056.2	301	301	301		---	0.034760814160108566	1	moderate	moderate	0.022	False	user_msa
Drosophila_simulans_Drosophila_simulans__LOC6727955__XP_016034553.1	301	301	301		---	0.034760814160108566	1	moderate	moderate	0.022	False	user_msa
Drosophila_subobscura_Drosophila_subobscura__LOC117898432__XP_034663715.1	301	301	301		---	0.034760814160108566	1	moderate	moderate	0.022	False	user_msa
Drosophila_suzukii_Drosophila_suzukii__Act88F__XP_016925443.1	301	301	301		---	0.034760814160108566	1	moderate	moderate	0.022	False	user_msa
Drosophila_virilis_Drosophila_virilis__Act88F__XP_002054294.1	301	301	301		---	0.034760814160108566	1	moderate	moderate	0.022	False	user_msa
Drosophila_willistoni_Drosophila_willistoni__LOC6646901__XP_002069647.1	301	301	301		---	0.034760814160108566	1	moderate	moderate	0.022	False	user_msa
Drosophila_yakuba_Drosophila_yakuba__LOC6537169__XP_002097730.1	301	301	301		---	0.034760814160108566	1	moderate	moderate	0.022	False	user_msa
Drosophila_ananassae_Drosophila_ananassae__LOC6501076__XP_001954513.1	302	302	302	237	CTG	0.06250715255737305	1	moderate	moderate	0.022	False	user_msa
Drosophila_biarmipes_Drosophila_biarmipes__LOC108026160__XP_016952383.1	302	302	302	237	CTG	0.06250715255737305	1	moderate	moderate	0.022	False	user_msa
Drosophila_mauritiana_Drosophila_mauritiana__LOC117145868__XP_033167581.1	302	302	302	237	CTG	0.06250715255737305	1	moderate	moderate	0.022	False	user_msa
Drosophila_melanogaster_Drosophila_melanogaster__Act88F__NP_524367.1	302	302	302	237	CTG	0.06250715255737305	1	moderate	moderate	0.022	False	user_msa
Drosophila_pseudoobscura_Drosophila_pseudoobscura__Act88F__XP_002137155.1	302	302	302	237	TTG	0.2574153542518616	1	moderate	moderate	0.022	False	user_msa
Drosophila_sechellia_Drosophila_sechellia__Act88F__XP_002031056.2	302	302	302	237	CTG	0.06250715255737305	1	moderate	moderate	0.022	False	user_msa
Drosophila_simulans_Drosophila_simulans__LOC6727955__XP_016034553.1	302	302	302	237	CTG	0.06250715255737305	1	moderate	moderate	0.022	False	user_msa
Drosophila_subobscura_Drosophila_subobscura__LOC117898432__XP_034663715.1	302	302	302	237	CTG	0.06250715255737305	1	moderate	moderate	0.022	False	user_msa
Drosophila_suzukii_Drosophila_suzukii__Act88F__XP_016925443.1	302	302	302	237	CTG	0.06250715255737305	1	moderate	moderate	0.022	False	user_msa
Drosophila_virilis_Drosophila_virilis__Act88F__XP_002054294.1	302	302	302	237	CTG	0.06250715255737305	1	moderate	moderate	0.022	False	user_msa
Drosophila_willistoni_Drosophila_willistoni__LOC6646901__XP_002069647.1	302	302	302	237	CTG	0.06250715255737305	1	moderate	moderate	0.022	False	user_msa
Drosophila_yakuba_Drosophila_yakuba__LOC6537169__XP_002097730.1	302	302	302	237	CTG	0.06250715255737305	1	moderate	moderate	0.022	False	user_msa
Drosophila_ananassae_Drosophila_ananassae__LOC6501076__XP_001954513.1	303	303	303	238	GAG	0.06800900399684906	1	moderate	moderate	0.022	False	user_msa
Drosophila_biarmipes_Drosophila_biarmipes__LOC108026160__XP_016952383.1	303	303	303	238	GAG	0.06800900399684906	1	moderate	moderate	0.022	False	user_msa
Drosophila_mauritiana_Drosophila_mauritiana__LOC117145868__XP_033167581.1	303	303	303	238	GAG	0.06800900399684906	1	moderate	moderate	0.022	False	user_msa
Drosophila_melanogaster_Drosophila_melanogaster__Act88F__NP_524367.1	303	303	303	238	GAG	0.06800900399684906	1	moderate	moderate	0.022	False	user_msa
Drosophila_pseudoobscura_Drosophila_pseudoobscura__Act88F__XP_002137155.1	303	303	303	238	GAG	0.06800900399684906	1	moderate	moderate	0.022	False	user_msa
Drosophila_sechellia_Drosophila_sechellia__Act88F__XP_002031056.2	303	303	303	238	GAG	0.06800900399684906	1	moderate	moderate	0.022	False	user_msa
Drosophila_simulans_Drosophila_simulans__LOC6727955__XP_016034553.1	303	303	303	238	GAG	0.06800900399684906	1	moderate	moderate	0.022	False	user_msa
Drosophila_subobscura_Drosophila_subobscura__LOC117898432__XP_034663715.1	303	303	303	238	GAG	0.06800900399684906	1	moderate	moderate	0.022	False	user_msa
Drosophila_suzukii_Drosophila_suzukii__Act88F__XP_016925443.1	303	303	303	238	GAG	0.06800900399684906	1	moderate	moderate	0.022	False	user_msa
Drosophila_virilis_Drosophila_virilis__Act88F__XP_002054294.1	303	303	303	238	GAG	0.06800900399684906	1	moderate	moderate	0.022	False	user_msa
Drosophila_willistoni_Drosophila_willistoni__LOC6646901__XP_002069647.1	303	303	303	238	GAG	0.06800900399684906	1	moderate	moderate	0.022	False	user_msa
Drosophila_yakuba_Drosophila_yakuba__LOC6537169__XP_002097730.1	303	303	303	238	GAG	0.06800900399684906	1	moderate	moderate	0.022	False	user_msa
Drosophila_ananassae_Drosophila_ananassae__LOC6501076__XP_001954513.1	304	304	304	239	AAA	0.06693389266729355	1	moderate	moderate	0.022	False	user_msa
Drosophila_biarmipes_Drosophila_biarmipes__LOC108026160__XP_016952383.1	304	304	304	239	AAG	0.07160042226314545	1	moderate	moderate	0.022	False	user_msa
Drosophila_mauritiana_Drosophila_mauritiana__LOC117145868__XP_033167581.1	304	304	304	239	AAG	0.07160042226314545	1	moderate	moderate	0.022	False	user_msa
Drosophila_melanogaster_Drosophila_melanogaster__Act88F__NP_524367.1	304	304	304	239	AAG	0.07160042226314545	1	moderate	moderate	0.022	False	user_msa
Drosophila_pseudoobscura_Drosophila_pseudoobscura__Act88F__XP_002137155.1	304	304	304	239	AAG	0.07160042226314545	1	moderate	moderate	0.022	False	user_msa
Drosophila_sechellia_Drosophila_sechellia__Act88F__XP_002031056.2	304	304	304	239	AAG	0.07160042226314545	1	moderate	moderate	0.022	False	user_msa
Drosophila_simulans_Drosophila_simulans__LOC6727955__XP_016034553.1	304	304	304	239	AAG	0.07160042226314545	1	moderate	moderate	0.022	False	user_msa
Drosophila_subobscura_Drosophila_subobscura__LOC117898432__XP_034663715.1	304	304	304	239	AAG	0.07160042226314545	1	moderate	moderate	0.022	False	user_msa
Drosophila_suzukii_Drosophila_suzukii__Act88F__XP_016925443.1	304	304	304	239	AAG	0.07160042226314545	1	moderate	moderate	0.022	False	user_msa
Drosophila_virilis_Drosophila_virilis__Act88F__XP_002054294.1	304	304	304	239	AAG	0.07160042226314545	1	moderate	moderate	0.022	False	user_msa
Drosophila_willistoni_Drosophila_willistoni__LOC6646901__XP_002069647.1	304	304	304	239	AAG	0.07160042226314545	1	moderate	moderate	0.022	False	user_msa
Drosophila_yakuba_Drosophila_yakuba__LOC6537169__XP_002097730.1	304	304	304	239	AAA	0.06693389266729355	1	moderate	moderate	0.022	False	user_msa
Drosophila_ananassae_Drosophila_ananassae__LOC6501076__XP_001954513.1	305	305	305	240	TCT	0.13128793239593506	1	moderate	moderate	0.022	False	user_msa
Drosophila_biarmipes_Drosophila_biarmipes__LOC108026160__XP_016952383.1	305	305	305	240	TCG	0.1258307844400406	1	moderate	moderate	0.022	False	user_msa
Drosophila_mauritiana_Drosophila_mauritiana__LOC117145868__XP_033167581.1	305	305	305	240	TCG	0.1258307844400406	1	moderate	moderate	0.022	False	user_msa
Drosophila_melanogaster_Drosophila_melanogaster__Act88F__NP_524367.1	305	305	305	240	TCG	0.1258307844400406	1	moderate	moderate	0.022	False	user_msa
Drosophila_pseudoobscura_Drosophila_pseudoobscura__Act88F__XP_002137155.1	305	305	305	240	TCA	0.11549809575080872	1	moderate	moderate	0.022	False	user_msa
Drosophila_sechellia_Drosophila_sechellia__Act88F__XP_002031056.2	305	305	305	240	TCG	0.1258307844400406	1	moderate	moderate	0.022	False	user_msa
Drosophila_simulans_Drosophila_simulans__LOC6727955__XP_016034553.1	305	305	305	240	TCG	0.1258307844400406	1	moderate	moderate	0.022	False	user_msa
Drosophila_subobscura_Drosophila_subobscura__LOC117898432__XP_034663715.1	305	305	305	240	TCG	0.1258307844400406	1	moderate	moderate	0.022	False	user_msa
Drosophila_suzukii_Drosophila_suzukii__Act88F__XP_016925443.1	305	305	305	240	TCG	0.1258307844400406	1	moderate	moderate	0.022	False	user_msa
Drosophila_virilis_Drosophila_virilis__Act88F__XP_002054294.1	305	305	305	240	TCG	0.1258307844400406	1	moderate	moderate	0.022	False	user_msa
Drosophila_willistoni_Drosophila_willistoni__LOC6646901__XP_002069647.1	305	305	305	240	TCC	0.1205689087510109	1	moderate	moderate	0.022	False	user_msa
Drosophila_yakuba_Drosophila_yakuba__LOC6537169__XP_002097730.1	305	305	305	240	TCG	0.1258307844400406	1	moderate	moderate	0.022	False	user_msa
Drosophila_ananassae_Drosophila_ananassae__LOC6501076__XP_001954513.1	306	306	306	241	TAC	0.08457808196544647	1	moderate	moderate	0.022	False	user_msa
Drosophila_biarmipes_Drosophila_biarmipes__LOC108026160__XP_016952383.1	306	306	306	241	TAC	0.08457808196544647	1	moderate	moderate	0.022	False	user_msa
Drosophila_mauritiana_Drosophila_mauritiana__LOC117145868__XP_033167581.1	306	306	306	241	TAC	0.08457808196544647	1	moderate	moderate	0.022	False	user_msa
Drosophila_melanogaster_Drosophila_melanogaster__Act88F__NP_524367.1	306	306	306	241	TAC	0.08457808196544647	1	moderate	moderate	0.022	False	user_msa
Drosophila_pseudoobscura_Drosophila_pseudoobscura__Act88F__XP_002137155.1	306	306	306	241	TAC	0.08457808196544647	1	moderate	moderate	0.022	False	user_msa
Drosophila_sechellia_Drosophila_sechellia__Act88F__XP_002031056.2	306	306	306	241	TAC	0.08457808196544647	1	moderate	moderate	0.022	False	user_msa
Drosophila_simulans_Drosophila_simulans__LOC6727955__XP_016034553.1	306	306	306	241	TAC	0.08457808196544647	1	moderate	moderate	0.022	False	user_msa
Drosophila_subobscura_Drosophila_subobscura__LOC117898432__XP_034663715.1	306	306	306	241	TAC	0.08457808196544647	1	moderate	moderate	0.022	False	user_msa
Drosophila_suzukii_Drosophila_suzukii__Act88F__XP_016925443.1	306	306	306	241	TAC	0.08457808196544647	1	moderate	moderate	0.022	False	user_msa
Drosophila_virilis_Drosophila_virilis__Act88F__XP_002054294.1	306	306	306	241	TAT	0.0924336165189743	1	moderate	moderate	0.022	False	user_msa
Drosophila_willistoni_Drosophila_willistoni__LOC6646901__XP_002069647.1	306	306	306	241	TAC	0.08457808196544647	1	moderate	moderate	0.022	False	user_msa
Drosophila_yakuba_Drosophila_yakuba__LOC6537169__XP_002097730.1	306	306	306	241	TAC	0.08457808196544647	1	moderate	moderate	0.022	False	user_msa
Drosophila_ananassae_Drosophila_ananassae__LOC6501076__XP_001954513.1	307	307	307	242	GAG	0.06804465502500534	1	moderate	moderate	0.022	False	user_msa
Drosophila_biarmipes_Drosophila_biarmipes__LOC108026160__XP_016952383.1	307	307	307	242	GAG	0.06804465502500534	1	moderate	moderate	0.022	False	user_msa
Drosophila_mauritiana_Drosophila_mauritiana__LOC117145868__XP_033167581.1	307	307	307	242	GAG	0.06804465502500534	1	moderate	moderate	0.022	False	user_msa
Drosophila_melanogaster_Drosophila_melanogaster__Act88F__NP_524367.1	307	307	307	242	GAG	0.06804465502500534	1	moderate	moderate	0.022	False	user_msa
Drosophila_pseudoobscura_Drosophila_pseudoobscura__Act88F__XP_002137155.1	307	307	307	242	GAG	0.06804465502500534	1	moderate	moderate	0.022	False	user_msa
Drosophila_sechellia_Drosophila_sechellia__Act88F__XP_002031056.2	307	307	307	242	GAG	0.06804465502500534	1	moderate	moderate	0.022	False	user_msa
Drosophila_simulans_Drosophila_simulans__LOC6727955__XP_016034553.1	307	307	307	242	GAG	0.06804465502500534	1	moderate	moderate	0.022	False	user_msa
Drosophila_subobscura_Drosophila_subobscura__LOC117898432__XP_034663715.1	307	307	307	242	GAG	0.06804465502500534	1	moderate	moderate	0.022	False	user_msa
Drosophila_suzukii_Drosophila_suzukii__Act88F__XP_016925443.1	307	307	307	242	GAG	0.06804465502500534	1	moderate	moderate	0.022	False	user_msa
Drosophila_virilis_Drosophila_virilis__Act88F__XP_002054294.1	307	307	307	242	GAG	0.06804465502500534	1	moderate	moderate	0.022	False	user_msa
Drosophila_willistoni_Drosophila_willistoni__LOC6646901__XP_002069647.1	307	307	307	242	GAG	0.06804465502500534	1	moderate	moderate	0.022	False	user_msa
Drosophila_yakuba_Drosophila_yakuba__LOC6537169__XP_002097730.1	307	307	307	242	GAG	0.06804465502500534	1	moderate	moderate	0.022	False	user_msa
Drosophila_ananassae_Drosophila_ananassae__LOC6501076__XP_001954513.1	308	308	308	243	TTG	0.0864306092262268	1	moderate	moderate	0.022	False	user_msa
Drosophila_biarmipes_Drosophila_biarmipes__LOC108026160__XP_016952383.1	308	308	308	243	CTG	0.020251968875527382	0	below_threshold	moderate	0.022	False	user_msa
Drosophila_mauritiana_Drosophila_mauritiana__LOC117145868__XP_033167581.1	308	308	308	243	TTG	0.0864306092262268	1	moderate	moderate	0.022	False	user_msa
Drosophila_melanogaster_Drosophila_melanogaster__Act88F__NP_524367.1	308	308	308	243	TTG	0.0864306092262268	1	moderate	moderate	0.022	False	user_msa
Drosophila_pseudoobscura_Drosophila_pseudoobscura__Act88F__XP_002137155.1	308	308	308	243	TTG	0.0864306092262268	1	moderate	moderate	0.022	False	user_msa
Drosophila_sechellia_Drosophila_sechellia__Act88F__XP_002031056.2	308	308	308	243	TTG	0.0864306092262268	1	moderate	moderate	0.022	False	user_msa
Drosophila_simulans_Drosophila_simulans__LOC6727955__XP_016034553.1	308	308	308	243	TTG	0.0864306092262268	1	moderate	moderate	0.022	False	user_msa
Drosophila_subobscura_Drosophila_subobscura__LOC117898432__XP_034663715.1	308	308	308	243	CTG	0.020251968875527382	0	below_threshold	moderate	0.022	False	user_msa
Drosophila_suzukii_Drosophila_suzukii__Act88F__XP_016925443.1	308	308	308	243	TTG	0.0864306092262268	1	moderate	moderate	0.022	False	user_msa
Drosophila_virilis_Drosophila_virilis__Act88F__XP_002054294.1	308	308	308	243	TTG	0.0864306092262268	1	moderate	moderate	0.022	False	user_msa
Drosophila_willistoni_Drosophila_willistoni__LOC6646901__XP_002069647.1	308	308	308	243	TTG	0.0864306092262268	1	moderate	moderate	0.022	False	user_msa
Drosophila_yakuba_Drosophila_yakuba__LOC6537169__XP_002097730.1	308	308	308	243	CTG	0.020251968875527382	0	below_threshold	moderate	0.022	False	user_msa
Drosophila_ananassae_Drosophila_ananassae__LOC6501076__XP_001954513.1	309	309	309	244	CCC	0.07468950748443604	1	moderate	moderate	0.022	False	user_msa
Drosophila_biarmipes_Drosophila_biarmipes__LOC108026160__XP_016952383.1	309	309	309	244	CCC	0.07468950748443604	1	moderate	moderate	0.022	False	user_msa
Drosophila_mauritiana_Drosophila_mauritiana__LOC117145868__XP_033167581.1	309	309	309	244	CCC	0.07468950748443604	1	moderate	moderate	0.022	False	user_msa
Drosophila_melanogaster_Drosophila_melanogaster__Act88F__NP_524367.1	309	309	309	244	CCT	0.08130711317062378	1	moderate	moderate	0.022	False	user_msa
Drosophila_pseudoobscura_Drosophila_pseudoobscura__Act88F__XP_002137155.1	309	309	309	244	CCC	0.07468950748443604	1	moderate	moderate	0.022	False	user_msa
Drosophila_sechellia_Drosophila_sechellia__Act88F__XP_002031056.2	309	309	309	244	CCC	0.07468950748443604	1	moderate	moderate	0.022	False	user_msa
Drosophila_simulans_Drosophila_simulans__LOC6727955__XP_016034553.1	309	309	309	244	CCC	0.07468950748443604	1	moderate	moderate	0.022	False	user_msa
Drosophila_subobscura_Drosophila_subobscura__LOC117898432__XP_034663715.1	309	309	309	244	CCC	0.07468950748443604	1	moderate	moderate	0.022	False	user_msa
Drosophila_suzukii_Drosophila_suzukii__Act88F__XP_016925443.1	309	309	309	244	CCC	0.07468950748443604	1	moderate	moderate	0.022	False	user_msa
Drosophila_virilis_Drosophila_virilis__Act88F__XP_002054294.1	309	309	309	244	CCT	0.08130711317062378	1	moderate	moderate	0.022	False	user_msa
Drosophila_willistoni_Drosophila_willistoni__LOC6646901__XP_002069647.1	309	309	309	244	CCC	0.07468950748443604	1	moderate	moderate	0.022	False	user_msa
Drosophila_yakuba_Drosophila_yakuba__LOC6537169__XP_002097730.1	309	309	309	244	CCC	0.07468950748443604	1	moderate	moderate	0.022	False	user_msa
Drosophila_ananassae_Drosophila_ananassae__LOC6501076__XP_001954513.1	310	310	310	245	GAC	0.0762198194861412	1	moderate	moderate	0.022	False	user_msa
Drosophila_biarmipes_Drosophila_biarmipes__LOC108026160__XP_016952383.1	310	310	310	245	GAT	0.0832156389951706	1	moderate	moderate	0.022	False	user_msa
Drosophila_mauritiana_Drosophila_mauritiana__LOC117145868__XP_033167581.1	310	310	310	245	GAC	0.0762198194861412	1	moderate	moderate	0.022	False	user_msa
Drosophila_melanogaster_Drosophila_melanogaster__Act88F__NP_524367.1	310	310	310	245	GAC	0.0762198194861412	1	moderate	moderate	0.022	False	user_msa
Drosophila_pseudoobscura_Drosophila_pseudoobscura__Act88F__XP_002137155.1	310	310	310	245	GAC	0.0762198194861412	1	moderate	moderate	0.022	False	user_msa
Drosophila_sechellia_Drosophila_sechellia__Act88F__XP_002031056.2	310	310	310	245	GAC	0.0762198194861412	1	moderate	moderate	0.022	False	user_msa
Drosophila_simulans_Drosophila_simulans__LOC6727955__XP_016034553.1	310	310	310	245	GAC	0.0762198194861412	1	moderate	moderate	0.022	False	user_msa
Drosophila_subobscura_Drosophila_subobscura__LOC117898432__XP_034663715.1	310	310	310	245	GAC	0.0762198194861412	1	moderate	moderate	0.022	False	user_msa
Drosophila_suzukii_Drosophila_suzukii__Act88F__XP_016925443.1	310	310	310	245	GAT	0.0832156389951706	1	moderate	moderate	0.022	False	user_msa
Drosophila_virilis_Drosophila_virilis__Act88F__XP_002054294.1	310	310	310	245	GAT	0.0832156389951706	1	moderate	moderate	0.022	False	user_msa
Drosophila_willistoni_Drosophila_willistoni__LOC6646901__XP_002069647.1	310	310	310	245	GAT	0.0832156389951706	1	moderate	moderate	0.022	False	user_msa
Drosophila_yakuba_Drosophila_yakuba__LOC6537169__XP_002097730.1	310	310	310	245	GAT	0.0832156389951706	1	moderate	moderate	0.022	False	user_msa
Drosophila_ananassae_Drosophila_ananassae__LOC6501076__XP_001954513.1	311	311	311	246	GGC	0.09641828387975693	1	moderate	moderate	0.022	False	user_msa
Drosophila_biarmipes_Drosophila_biarmipes__LOC108026160__XP_016952383.1	311	311	311	246	GGC	0.09641828387975693	1	moderate	moderate	0.022	False	user_msa
Drosophila_mauritiana_Drosophila_mauritiana__LOC117145868__XP_033167581.1	311	311	311	246	GGC	0.09641828387975693	1	moderate	moderate	0.022	False	user_msa
Drosophila_melanogaster_Drosophila_melanogaster__Act88F__NP_524367.1	311	311	311	246	GGC	0.09641828387975693	1	moderate	moderate	0.022	False	user_msa
Drosophila_pseudoobscura_Drosophila_pseudoobscura__Act88F__XP_002137155.1	311	311	311	246	GGA	0.0922565758228302	1	moderate	moderate	0.022	False	user_msa
Drosophila_sechellia_Drosophila_sechellia__Act88F__XP_002031056.2	311	311	311	246	GGC	0.09641828387975693	1	moderate	moderate	0.022	False	user_msa
Drosophila_simulans_Drosophila_simulans__LOC6727955__XP_016034553.1	311	311	311	246	GGC	0.09641828387975693	1	moderate	moderate	0.022	False	user_msa
Drosophila_subobscura_Drosophila_subobscura__LOC117898432__XP_034663715.1	311	311	311	246	GGA	0.0922565758228302	1	moderate	moderate	0.022	False	user_msa
Drosophila_suzukii_Drosophila_suzukii__Act88F__XP_016925443.1	311	311	311	246	GGT	0.10524723678827286	1	moderate	moderate	0.022	False	user_msa
Drosophila_virilis_Drosophila_virilis__Act88F__XP_002054294.1	311	311	311	246	GGT	0.10524723678827286	1	moderate	moderate	0.022	False	user_msa
Drosophila_willistoni_Drosophila_willistoni__LOC6646901__XP_002069647.1	311	311	311	246	GGT	0.10524723678827286	1	moderate	moderate	0.022	False	user_msa
Drosophila_yakuba_Drosophila_yakuba__LOC6537169__XP_002097730.1	311	311	311	246	GGC	0.09641828387975693	1	moderate	moderate	0.022	False	user_msa
Drosophila_ananassae_Drosophila_ananassae__LOC6501076__XP_001954513.1	312	312	312	247	CAG	0.0645841732621193	1	moderate	moderate	0.022	False	user_msa
Drosophila_biarmipes_Drosophila_biarmipes__LOC108026160__XP_016952383.1	312	312	312	247	CAG	0.0645841732621193	1	moderate	moderate	0.022	False	user_msa
Drosophila_mauritiana_Drosophila_mauritiana__LOC117145868__XP_033167581.1	312	312	312	247	CAG	0.0645841732621193	1	moderate	moderate	0.022	False	user_msa
Drosophila_melanogaster_Drosophila_melanogaster__Act88F__NP_524367.1	312	312	312	247	CAG	0.0645841732621193	1	moderate	moderate	0.022	False	user_msa
Drosophila_pseudoobscura_Drosophila_pseudoobscura__Act88F__XP_002137155.1	312	312	312	247	CAG	0.0645841732621193	1	moderate	moderate	0.022	False	user_msa
Drosophila_sechellia_Drosophila_sechellia__Act88F__XP_002031056.2	312	312	312	247	CAG	0.0645841732621193	1	moderate	moderate	0.022	False	user_msa
Drosophila_simulans_Drosophila_simulans__LOC6727955__XP_016034553.1	312	312	312	247	CAG	0.0645841732621193	1	moderate	moderate	0.022	False	user_msa
Drosophila_subobscura_Drosophila_subobscura__LOC117898432__XP_034663715.1	312	312	312	247	CAG	0.0645841732621193	1	moderate	moderate	0.022	False	user_msa
Drosophila_suzukii_Drosophila_suzukii__Act88F__XP_016925443.1	312	312	312	247	CAG	0.0645841732621193	1	moderate	moderate	0.022	False	user_msa
Drosophila_virilis_Drosophila_virilis__Act88F__XP_002054294.1	312	312	312	247	CAG	0.0645841732621193	1	moderate	moderate	0.022	False	user_msa
Drosophila_willistoni_Drosophila_willistoni__LOC6646901__XP_002069647.1	312	312	312	247	CAG	0.0645841732621193	1	moderate	moderate	0.022	False	user_msa
Drosophila_yakuba_Drosophila_yakuba__LOC6537169__XP_002097730.1	312	312	312	247	CAG	0.0645841732621193	1	moderate	moderate	0.022	False	user_msa
Drosophila_ananassae_Drosophila_ananassae__LOC6501076__XP_001954513.1	313	313	313	248	GTC	0.08242957293987274	1	moderate	moderate	0.022	False	user_msa
Drosophila_biarmipes_Drosophila_biarmipes__LOC108026160__XP_016952383.1	313	313	313	248	GTG	0.08619003742933273	1	moderate	moderate	0.022	False	user_msa
Drosophila_mauritiana_Drosophila_mauritiana__LOC117145868__XP_033167581.1	313	313	313	248	GTG	0.08619003742933273	1	moderate	moderate	0.022	False	user_msa
Drosophila_melanogaster_Drosophila_melanogaster__Act88F__NP_524367.1	313	313	313	248	GTG	0.08619003742933273	1	moderate	moderate	0.022	False	user_msa
Drosophila_pseudoobscura_Drosophila_pseudoobscura__Act88F__XP_002137155.1	313	313	313	248	GTC	0.08242957293987274	1	moderate	moderate	0.022	False	user_msa
Drosophila_sechellia_Drosophila_sechellia__Act88F__XP_002031056.2	313	313	313	248	GTG	0.08619003742933273	1	moderate	moderate	0.022	False	user_msa
Drosophila_simulans_Drosophila_simulans__LOC6727955__XP_016034553.1	313	313	313	248	GTG	0.08619003742933273	1	moderate	moderate	0.022	False	user_msa
Drosophila_subobscura_Drosophila_subobscura__LOC117898432__XP_034663715.1	313	313	313	248	GTC	0.08242957293987274	1	moderate	moderate	0.022	False	user_msa
Drosophila_suzukii_Drosophila_suzukii__Act88F__XP_016925443.1	313	313	313	248	GTG	0.08619003742933273	1	moderate	moderate	0.022	False	user_msa
Drosophila_virilis_Drosophila_virilis__Act88F__XP_002054294.1	313	313	313	248	GTC	0.08242957293987274	1	moderate	moderate	0.022	False	user_msa
Drosophila_willistoni_Drosophila_willistoni__LOC6646901__XP_002069647.1	313	313	313	248	GTC	0.08242957293987274	1	moderate	moderate	0.022	False	user_msa
Drosophila_yakuba_Drosophila_yakuba__LOC6537169__XP_002097730.1	313	313	313	248	GTG	0.08619003742933273	1	moderate	moderate	0.022	False	user_msa
Drosophila_ananassae_Drosophila_ananassae__LOC6501076__XP_001954513.1	314	314	314	249	ATC	0.07341436296701431	1	moderate	moderate	0.022	False	user_msa
Drosophila_biarmipes_Drosophila_biarmipes__LOC108026160__XP_016952383.1	314	314	314	249	ATC	0.07341436296701431	1	moderate	moderate	0.022	False	user_msa
Drosophila_mauritiana_Drosophila_mauritiana__LOC117145868__XP_033167581.1	314	314	314	249	ATC	0.07341436296701431	1	moderate	moderate	0.022	False	user_msa
Drosophila_melanogaster_Drosophila_melanogaster__Act88F__NP_524367.1	314	314	314	249	ATC	0.07341436296701431	1	moderate	moderate	0.022	False	user_msa
Drosophila_pseudoobscura_Drosophila_pseudoobscura__Act88F__XP_002137155.1	314	314	314	249	ATC	0.07341436296701431	1	moderate	moderate	0.022	False	user_msa
Drosophila_sechellia_Drosophila_sechellia__Act88F__XP_002031056.2	314	314	314	249	ATC	0.07341436296701431	1	moderate	moderate	0.022	False	user_msa
Drosophila_simulans_Drosophila_simulans__LOC6727955__XP_016034553.1	314	314	314	249	ATC	0.07341436296701431	1	moderate	moderate	0.022	False	user_msa
Drosophila_subobscura_Drosophila_subobscura__LOC117898432__XP_034663715.1	314	314	314	249	ATC	0.07341436296701431	1	moderate	moderate	0.022	False	user_msa
Drosophila_suzukii_Drosophila_suzukii__Act88F__XP_016925443.1	314	314	314	249	ATC	0.07341436296701431	1	moderate	moderate	0.022	False	user_msa
Drosophila_virilis_Drosophila_virilis__Act88F__XP_002054294.1	314	314	314	249	ATT	0.07963711768388748	1	moderate	moderate	0.022	False	user_msa
Drosophila_willistoni_Drosophila_willistoni__LOC6646901__XP_002069647.1	314	314	314	249	ATC	0.07341436296701431	1	moderate	moderate	0.022	False	user_msa
Drosophila_yakuba_Drosophila_yakuba__LOC6537169__XP_002097730.1	314	314	314	249	ATC	0.07341436296701431	1	moderate	moderate	0.022	False	user_msa
Drosophila_ananassae_Drosophila_ananassae__LOC6501076__XP_001954513.1	315	315	315	250	ACC	0.06188535317778587	1	moderate	moderate	0.022	False	user_msa
Drosophila_biarmipes_Drosophila_biarmipes__LOC108026160__XP_016952383.1	315	315	315	250	ACC	0.06188535317778587	1	moderate	moderate	0.022	False	user_msa
Drosophila_mauritiana_Drosophila_mauritiana__LOC117145868__XP_033167581.1	315	315	315	250	ACC	0.06188535317778587	1	moderate	moderate	0.022	False	user_msa
Drosophila_melanogaster_Drosophila_melanogaster__Act88F__NP_524367.1	315	315	315	250	ACC	0.06188535317778587	1	moderate	moderate	0.022	False	user_msa
Drosophila_pseudoobscura_Drosophila_pseudoobscura__Act88F__XP_002137155.1	315	315	315	250	ACC	0.06188535317778587	1	moderate	moderate	0.022	False	user_msa
Drosophila_sechellia_Drosophila_sechellia__Act88F__XP_002031056.2	315	315	315	250	ACC	0.06188535317778587	1	moderate	moderate	0.022	False	user_msa
Drosophila_simulans_Drosophila_simulans__LOC6727955__XP_016034553.1	315	315	315	250	ACC	0.06188535317778587	1	moderate	moderate	0.022	False	user_msa
Drosophila_subobscura_Drosophila_subobscura__LOC117898432__XP_034663715.1	315	315	315	250	ACC	0.06188535317778587	1	moderate	moderate	0.022	False	user_msa
Drosophila_suzukii_Drosophila_suzukii__Act88F__XP_016925443.1	315	315	315	250	ACC	0.06188535317778587	1	moderate	moderate	0.022	False	user_msa
Drosophila_virilis_Drosophila_virilis__Act88F__XP_002054294.1	315	315	315	250	ACC	0.06188535317778587	1	moderate	moderate	0.022	False	user_msa
Drosophila_willistoni_Drosophila_willistoni__LOC6646901__XP_002069647.1	315	315	315	250	ACC	0.06188535317778587	1	moderate	moderate	0.022	False	user_msa
Drosophila_yakuba_Drosophila_yakuba__LOC6537169__XP_002097730.1	315	315	315	250	ACC	0.06188535317778587	1	moderate	moderate	0.022	False	user_msa
Drosophila_ananassae_Drosophila_ananassae__LOC6501076__XP_001954513.1	316	316	316	251	ATT	0.06397970765829086	1	moderate	moderate	0.022	False	user_msa
Drosophila_biarmipes_Drosophila_biarmipes__LOC108026160__XP_016952383.1	316	316	316	251	ATT	0.06397970765829086	1	moderate	moderate	0.022	False	user_msa
Drosophila_mauritiana_Drosophila_mauritiana__LOC117145868__XP_033167581.1	316	316	316	251	ATT	0.06397970765829086	1	moderate	moderate	0.022	False	user_msa
Drosophila_melanogaster_Drosophila_melanogaster__Act88F__NP_524367.1	316	316	316	251	ATT	0.06397970765829086	1	moderate	moderate	0.022	False	user_msa
Drosophila_pseudoobscura_Drosophila_pseudoobscura__Act88F__XP_002137155.1	316	316	316	251	ATT	0.06397970765829086	1	moderate	moderate	0.022	False	user_msa
Drosophila_sechellia_Drosophila_sechellia__Act88F__XP_002031056.2	316	316	316	251	ATT	0.06397970765829086	1	moderate	moderate	0.022	False	user_msa
Drosophila_simulans_Drosophila_simulans__LOC6727955__XP_016034553.1	316	316	316	251	ATT	0.06397970765829086	1	moderate	moderate	0.022	False	user_msa
Drosophila_subobscura_Drosophila_subobscura__LOC117898432__XP_034663715.1	316	316	316	251	ATT	0.06397970765829086	1	moderate	moderate	0.022	False	user_msa
Drosophila_suzukii_Drosophila_suzukii__Act88F__XP_016925443.1	316	316	316	251	ATT	0.06397970765829086	1	moderate	moderate	0.022	False	user_msa
Drosophila_virilis_Drosophila_virilis__Act88F__XP_002054294.1	316	316	316	251	ATT	0.06397970765829086	1	moderate	moderate	0.022	False	user_msa
Drosophila_willistoni_Drosophila_willistoni__LOC6646901__XP_002069647.1	316	316	316	251	ATT	0.06397970765829086	1	moderate	moderate	0.022	False	user_msa
Drosophila_yakuba_Drosophila_yakuba__LOC6537169__XP_002097730.1	316	316	316	251	ATT	0.06397970765829086	1	moderate	moderate	0.022	False	user_msa
Drosophila_ananassae_Drosophila_ananassae__LOC6501076__XP_001954513.1	317	317	317	252	GGC	0.06991082429885864	1	moderate	moderate	0.022	False	user_msa
Drosophila_biarmipes_Drosophila_biarmipes__LOC108026160__XP_016952383.1	317	317	317	252	GGC	0.06991082429885864	1	moderate	moderate	0.022	False	user_msa
Drosophila_mauritiana_Drosophila_mauritiana__LOC117145868__XP_033167581.1	317	317	317	252	GGC	0.06991082429885864	1	moderate	moderate	0.022	False	user_msa
Drosophila_melanogaster_Drosophila_melanogaster__Act88F__NP_524367.1	317	317	317	252	GGC	0.06991082429885864	1	moderate	moderate	0.022	False	user_msa
Drosophila_pseudoobscura_Drosophila_pseudoobscura__Act88F__XP_002137155.1	317	317	317	252	GGC	0.06991082429885864	1	moderate	moderate	0.022	False	user_msa
Drosophila_sechellia_Drosophila_sechellia__Act88F__XP_002031056.2	317	317	317	252	GGC	0.06991082429885864	1	moderate	moderate	0.022	False	user_msa
Drosophila_simulans_Drosophila_simulans__LOC6727955__XP_016034553.1	317	317	317	252	GGC	0.06991082429885864	1	moderate	moderate	0.022	False	user_msa
Drosophila_subobscura_Drosophila_subobscura__LOC117898432__XP_034663715.1	317	317	317	252	GGC	0.06991082429885864	1	moderate	moderate	0.022	False	user_msa
Drosophila_suzukii_Drosophila_suzukii__Act88F__XP_016925443.1	317	317	317	252	GGC	0.06991082429885864	1	moderate	moderate	0.022	False	user_msa
Drosophila_virilis_Drosophila_virilis__Act88F__XP_002054294.1	317	317	317	252	GGC	0.06991082429885864	1	moderate	moderate	0.022	False	user_msa
Drosophila_willistoni_Drosophila_willistoni__LOC6646901__XP_002069647.1	317	317	317	252	GGC	0.06991082429885864	1	moderate	moderate	0.022	False	user_msa
Drosophila_yakuba_Drosophila_yakuba__LOC6537169__XP_002097730.1	317	317	317	252	GGC	0.06991082429885864	1	moderate	moderate	0.022	False	user_msa
Drosophila_ananassae_Drosophila_ananassae__LOC6501076__XP_001954513.1	318	318	318	253	AAC	0.07002689689397812	1	moderate	moderate	0.022	False	user_msa
Drosophila_biarmipes_Drosophila_biarmipes__LOC108026160__XP_016952383.1	318	318	318	253	AAC	0.07002689689397812	1	moderate	moderate	0.022	False	user_msa
Drosophila_mauritiana_Drosophila_mauritiana__LOC117145868__XP_033167581.1	318	318	318	253	AAC	0.07002689689397812	1	moderate	moderate	0.022	False	user_msa
Drosophila_melanogaster_Drosophila_melanogaster__Act88F__NP_524367.1	318	318	318	253	AAC	0.07002689689397812	1	moderate	moderate	0.022	False	user_msa
Drosophila_pseudoobscura_Drosophila_pseudoobscura__Act88F__XP_002137155.1	318	318	318	253	AAC	0.07002689689397812	1	moderate	moderate	0.022	False	user_msa
Drosophila_sechellia_Drosophila_sechellia__Act88F__XP_002031056.2	318	318	318	253	AAC	0.07002689689397812	1	moderate	moderate	0.022	False	user_msa
Drosophila_simulans_Drosophila_simulans__LOC6727955__XP_016034553.1	318	318	318	253	AAC	0.07002689689397812	1	moderate	moderate	0.022	False	user_msa
Drosophila_subobscura_Drosophila_subobscura__LOC117898432__XP_034663715.1	318	318	318	253	AAC	0.07002689689397812	1	moderate	moderate	0.022	False	user_msa
Drosophila_suzukii_Drosophila_suzukii__Act88F__XP_016925443.1	318	318	318	253	AAC	0.07002689689397812	1	moderate	moderate	0.022	False	user_msa
Drosophila_virilis_Drosophila_virilis__Act88F__XP_002054294.1	318	318	318	253	AAT	0.07489173859357834	1	moderate	moderate	0.022	False	user_msa
Drosophila_willistoni_Drosophila_willistoni__LOC6646901__XP_002069647.1	318	318	318	253	AAT	0.07489173859357834	1	moderate	moderate	0.022	False	user_msa
Drosophila_yakuba_Drosophila_yakuba__LOC6537169__XP_002097730.1	318	318	318	253	AAC	0.07002689689397812	1	moderate	moderate	0.022	False	user_msa
Drosophila_ananassae_Drosophila_ananassae__LOC6501076__XP_001954513.1	319	319	319	254	GAG	0.06815163791179657	1	moderate	moderate	0.022	False	user_msa
Drosophila_biarmipes_Drosophila_biarmipes__LOC108026160__XP_016952383.1	319	319	319	254	GAG	0.06815163791179657	1	moderate	moderate	0.022	False	user_msa
Drosophila_mauritiana_Drosophila_mauritiana__LOC117145868__XP_033167581.1	319	319	319	254	GAG	0.06815163791179657	1	moderate	moderate	0.022	False	user_msa
Drosophila_melanogaster_Drosophila_melanogaster__Act88F__NP_524367.1	319	319	319	254	GAG	0.06815163791179657	1	moderate	moderate	0.022	False	user_msa
Drosophila_pseudoobscura_Drosophila_pseudoobscura__Act88F__XP_002137155.1	319	319	319	254	GAG	0.06815163791179657	1	moderate	moderate	0.022	False	user_msa
Drosophila_sechellia_Drosophila_sechellia__Act88F__XP_002031056.2	319	319	319	254	GAG	0.06815163791179657	1	moderate	moderate	0.022	False	user_msa
Drosophila_simulans_Drosophila_simulans__LOC6727955__XP_016034553.1	319	319	319	254	GAG	0.06815163791179657	1	moderate	moderate	0.022	False	user_msa
Drosophila_subobscura_Drosophila_subobscura__LOC117898432__XP_034663715.1	319	319	319	254	GAG	0.06815163791179657	1	moderate	moderate	0.022	False	user_msa
Drosophila_suzukii_Drosophila_suzukii__Act88F__XP_016925443.1	319	319	319	254	GAG	0.06815163791179657	1	moderate	moderate	0.022	False	user_msa
Drosophila_virilis_Drosophila_virilis__Act88F__XP_002054294.1	319	319	319	254	GAG	0.06815163791179657	1	moderate	moderate	0.022	False	user_msa
Drosophila_willistoni_Drosophila_willistoni__LOC6646901__XP_002069647.1	319	319	319	254	GAG	0.06815163791179657	1	moderate	moderate	0.022	False	user_msa
Drosophila_yakuba_Drosophila_yakuba__LOC6537169__XP_002097730.1	319	319	319	254	GAG	0.06815163791179657	1	moderate	moderate	0.022	False	user_msa
Drosophila_ananassae_Drosophila_ananassae__LOC6501076__XP_001954513.1	320	320	320	255	CGT	0.08190155029296875	1	moderate	moderate	0.022	False	user_msa
Drosophila_biarmipes_Drosophila_biarmipes__LOC108026160__XP_016952383.1	320	320	320	255	CGC	0.07524778693914413	1	moderate	moderate	0.022	False	user_msa
Drosophila_mauritiana_Drosophila_mauritiana__LOC117145868__XP_033167581.1	320	320	320	255	CGC	0.07524778693914413	1	moderate	moderate	0.022	False	user_msa
Drosophila_melanogaster_Drosophila_melanogaster__Act88F__NP_524367.1	320	320	320	255	CGC	0.07524778693914413	1	moderate	moderate	0.022	False	user_msa
Drosophila_pseudoobscura_Drosophila_pseudoobscura__Act88F__XP_002137155.1	320	320	320	255	CGT	0.08190155029296875	1	moderate	moderate	0.022	False	user_msa
Drosophila_sechellia_Drosophila_sechellia__Act88F__XP_002031056.2	320	320	320	255	CGC	0.07524778693914413	1	moderate	moderate	0.022	False	user_msa
Drosophila_simulans_Drosophila_simulans__LOC6727955__XP_016034553.1	320	320	320	255	CGC	0.07524778693914413	1	moderate	moderate	0.022	False	user_msa
Drosophila_subobscura_Drosophila_subobscura__LOC117898432__XP_034663715.1	320	320	320	255	CGC	0.07524778693914413	1	moderate	moderate	0.022	False	user_msa
Drosophila_suzukii_Drosophila_suzukii__Act88F__XP_016925443.1	320	320	320	255	CGC	0.07524778693914413	1	moderate	moderate	0.022	False	user_msa
Drosophila_virilis_Drosophila_virilis__Act88F__XP_002054294.1	320	320	320	255	CGT	0.08190155029296875	1	moderate	moderate	0.022	False	user_msa
Drosophila_willistoni_Drosophila_willistoni__LOC6646901__XP_002069647.1	320	320	320	255	CGC	0.07524778693914413	1	moderate	moderate	0.022	False	user_msa
Drosophila_yakuba_Drosophila_yakuba__LOC6537169__XP_002097730.1	320	320	320	255	CGC	0.07524778693914413	1	moderate	moderate	0.022	False	user_msa
Drosophila_ananassae_Drosophila_ananassae__LOC6501076__XP_001954513.1	321	321	321	256	TTC	0.07607891410589218	1	moderate	moderate	0.022	False	user_msa
Drosophila_biarmipes_Drosophila_biarmipes__LOC108026160__XP_016952383.1	321	321	321	256	TTC	0.07607891410589218	1	moderate	moderate	0.022	False	user_msa
Drosophila_mauritiana_Drosophila_mauritiana__LOC117145868__XP_033167581.1	321	321	321	256	TTC	0.07607891410589218	1	moderate	moderate	0.022	False	user_msa
Drosophila_melanogaster_Drosophila_melanogaster__Act88F__NP_524367.1	321	321	321	256	TTC	0.07607891410589218	1	moderate	moderate	0.022	False	user_msa
Drosophila_pseudoobscura_Drosophila_pseudoobscura__Act88F__XP_002137155.1	321	321	321	256	TTC	0.07607891410589218	1	moderate	moderate	0.022	False	user_msa
Drosophila_sechellia_Drosophila_sechellia__Act88F__XP_002031056.2	321	321	321	256	TTC	0.07607891410589218	1	moderate	moderate	0.022	False	user_msa
Drosophila_simulans_Drosophila_simulans__LOC6727955__XP_016034553.1	321	321	321	256	TTC	0.07607891410589218	1	moderate	moderate	0.022	False	user_msa
Drosophila_subobscura_Drosophila_subobscura__LOC117898432__XP_034663715.1	321	321	321	256	TTC	0.07607891410589218	1	moderate	moderate	0.022	False	user_msa
Drosophila_suzukii_Drosophila_suzukii__Act88F__XP_016925443.1	321	321	321	256	TTC	0.07607891410589218	1	moderate	moderate	0.022	False	user_msa
Drosophila_virilis_Drosophila_virilis__Act88F__XP_002054294.1	321	321	321	256	TTC	0.07607891410589218	1	moderate	moderate	0.022	False	user_msa
Drosophila_willistoni_Drosophila_willistoni__LOC6646901__XP_002069647.1	321	321	321	256	TTC	0.07607891410589218	1	moderate	moderate	0.022	False	user_msa
Drosophila_yakuba_Drosophila_yakuba__LOC6537169__XP_002097730.1	321	321	321	256	TTC	0.07607891410589218	1	moderate	moderate	0.022	False	user_msa
Drosophila_ananassae_Drosophila_ananassae__LOC6501076__XP_001954513.1	322	322	322	257	CGC	0.07659237086772919	1	moderate	moderate	0.022	False	user_msa
Drosophila_biarmipes_Drosophila_biarmipes__LOC108026160__XP_016952383.1	322	322	322	257	CGC	0.07659237086772919	1	moderate	moderate	0.022	False	user_msa
Drosophila_mauritiana_Drosophila_mauritiana__LOC117145868__XP_033167581.1	322	322	322	257	CGC	0.07659237086772919	1	moderate	moderate	0.022	False	user_msa
Drosophila_melanogaster_Drosophila_melanogaster__Act88F__NP_524367.1	322	322	322	257	CGC	0.07659237086772919	1	moderate	moderate	0.022	False	user_msa
Drosophila_pseudoobscura_Drosophila_pseudoobscura__Act88F__XP_002137155.1	322	322	322	257	CGC	0.07659237086772919	1	moderate	moderate	0.022	False	user_msa
Drosophila_sechellia_Drosophila_sechellia__Act88F__XP_002031056.2	322	322	322	257	CGC	0.07659237086772919	1	moderate	moderate	0.022	False	user_msa
Drosophila_simulans_Drosophila_simulans__LOC6727955__XP_016034553.1	322	322	322	257	CGC	0.07659237086772919	1	moderate	moderate	0.022	False	user_msa
Drosophila_subobscura_Drosophila_subobscura__LOC117898432__XP_034663715.1	322	322	322	257	CGC	0.07659237086772919	1	moderate	moderate	0.022	False	user_msa
Drosophila_suzukii_Drosophila_suzukii__Act88F__XP_016925443.1	322	322	322	257	CGC	0.07659237086772919	1	moderate	moderate	0.022	False	user_msa
Drosophila_virilis_Drosophila_virilis__Act88F__XP_002054294.1	322	322	322	257	CGC	0.07659237086772919	1	moderate	moderate	0.022	False	user_msa
Drosophila_willistoni_Drosophila_willistoni__LOC6646901__XP_002069647.1	322	322	322	257	CGT	0.08377403020858765	1	moderate	moderate	0.022	False	user_msa
Drosophila_yakuba_Drosophila_yakuba__LOC6537169__XP_002097730.1	322	322	322	257	CGC	0.07659237086772919	1	moderate	moderate	0.022	False	user_msa
Drosophila_ananassae_Drosophila_ananassae__LOC6501076__XP_001954513.1	323	323	323	258	TGC	0.07482130080461502	1	moderate	moderate	0.022	False	user_msa
Drosophila_biarmipes_Drosophila_biarmipes__LOC108026160__XP_016952383.1	323	323	323	258	TGC	0.07482130080461502	1	moderate	moderate	0.022	False	user_msa
Drosophila_mauritiana_Drosophila_mauritiana__LOC117145868__XP_033167581.1	323	323	323	258	TGC	0.07482130080461502	1	moderate	moderate	0.022	False	user_msa
Drosophila_melanogaster_Drosophila_melanogaster__Act88F__NP_524367.1	323	323	323	258	TGC	0.07482130080461502	1	moderate	moderate	0.022	False	user_msa
Drosophila_pseudoobscura_Drosophila_pseudoobscura__Act88F__XP_002137155.1	323	323	323	258	TGC	0.07482130080461502	1	moderate	moderate	0.022	False	user_msa
Drosophila_sechellia_Drosophila_sechellia__Act88F__XP_002031056.2	323	323	323	258	TGC	0.07482130080461502	1	moderate	moderate	0.022	False	user_msa
Drosophila_simulans_Drosophila_simulans__LOC6727955__XP_016034553.1	323	323	323	258	TGC	0.07482130080461502	1	moderate	moderate	0.022	False	user_msa
Drosophila_subobscura_Drosophila_subobscura__LOC117898432__XP_034663715.1	323	323	323	258	TGC	0.07482130080461502	1	moderate	moderate	0.022	False	user_msa
Drosophila_suzukii_Drosophila_suzukii__Act88F__XP_016925443.1	323	323	323	258	TGC	0.07482130080461502	1	moderate	moderate	0.022	False	user_msa
Drosophila_virilis_Drosophila_virilis__Act88F__XP_002054294.1	323	323	323	258	TGC	0.07482130080461502	1	moderate	moderate	0.022	False	user_msa
Drosophila_willistoni_Drosophila_willistoni__LOC6646901__XP_002069647.1	323	323	323	258	TGC	0.07482130080461502	1	moderate	moderate	0.022	False	user_msa
Drosophila_yakuba_Drosophila_yakuba__LOC6537169__XP_002097730.1	323	323	323	258	TGC	0.07482130080461502	1	moderate	moderate	0.022	False	user_msa
Drosophila_ananassae_Drosophila_ananassae__LOC6501076__XP_001954513.1	324	324	324	259	CCT	0.08056724816560745	1	moderate	moderate	0.022	False	user_msa
Drosophila_biarmipes_Drosophila_biarmipes__LOC108026160__XP_016952383.1	324	324	324	259	CCC	0.07430760562419891	1	moderate	moderate	0.022	False	user_msa
Drosophila_mauritiana_Drosophila_mauritiana__LOC117145868__XP_033167581.1	324	324	324	259	CCC	0.07430760562419891	1	moderate	moderate	0.022	False	user_msa
Drosophila_melanogaster_Drosophila_melanogaster__Act88F__NP_524367.1	324	324	324	259	CCC	0.07430760562419891	1	moderate	moderate	0.022	False	user_msa
Drosophila_pseudoobscura_Drosophila_pseudoobscura__Act88F__XP_002137155.1	324	324	324	259	CCC	0.07430760562419891	1	moderate	moderate	0.022	False	user_msa
Drosophila_sechellia_Drosophila_sechellia__Act88F__XP_002031056.2	324	324	324	259	CCC	0.07430760562419891	1	moderate	moderate	0.022	False	user_msa
Drosophila_simulans_Drosophila_simulans__LOC6727955__XP_016034553.1	324	324	324	259	CCC	0.07430760562419891	1	moderate	moderate	0.022	False	user_msa
Drosophila_subobscura_Drosophila_subobscura__LOC117898432__XP_034663715.1	324	324	324	259	CCC	0.07430760562419891	1	moderate	moderate	0.022	False	user_msa
Drosophila_suzukii_Drosophila_suzukii__Act88F__XP_016925443.1	324	324	324	259	CCT	0.08056724816560745	1	moderate	moderate	0.022	False	user_msa
Drosophila_virilis_Drosophila_virilis__Act88F__XP_002054294.1	324	324	324	259	CCC	0.07430760562419891	1	moderate	moderate	0.022	False	user_msa
Drosophila_willistoni_Drosophila_willistoni__LOC6646901__XP_002069647.1	324	324	324	259	CCT	0.08056724816560745	1	moderate	moderate	0.022	False	user_msa
Drosophila_yakuba_Drosophila_yakuba__LOC6537169__XP_002097730.1	324	324	324	259	CCC	0.07430760562419891	1	moderate	moderate	0.022	False	user_msa
Drosophila_ananassae_Drosophila_ananassae__LOC6501076__XP_001954513.1	325	325	325	260	GAG	0.08076892793178558	1	moderate	moderate	0.022	False	user_msa
Drosophila_biarmipes_Drosophila_biarmipes__LOC108026160__XP_016952383.1	325	325	325	260	GAG	0.08076892793178558	1	moderate	moderate	0.022	False	user_msa
Drosophila_mauritiana_Drosophila_mauritiana__LOC117145868__XP_033167581.1	325	325	325	260	GAG	0.08076892793178558	1	moderate	moderate	0.022	False	user_msa
Drosophila_melanogaster_Drosophila_melanogaster__Act88F__NP_524367.1	325	325	325	260	GAG	0.08076892793178558	1	moderate	moderate	0.022	False	user_msa
Drosophila_pseudoobscura_Drosophila_pseudoobscura__Act88F__XP_002137155.1	325	325	325	260	GAG	0.08076892793178558	1	moderate	moderate	0.022	False	user_msa
Drosophila_sechellia_Drosophila_sechellia__Act88F__XP_002031056.2	325	325	325	260	GAG	0.08076892793178558	1	moderate	moderate	0.022	False	user_msa
Drosophila_simulans_Drosophila_simulans__LOC6727955__XP_016034553.1	325	325	325	260	GAA	0.07444282621145248	1	moderate	moderate	0.022	False	user_msa
Drosophila_subobscura_Drosophila_subobscura__LOC117898432__XP_034663715.1	325	325	325	260	GAG	0.08076892793178558	1	moderate	moderate	0.022	False	user_msa
Drosophila_suzukii_Drosophila_suzukii__Act88F__XP_016925443.1	325	325	325	260	GAG	0.08076892793178558	1	moderate	moderate	0.022	False	user_msa
Drosophila_virilis_Drosophila_virilis__Act88F__XP_002054294.1	325	325	325	260	GAG	0.08076892793178558	1	moderate	moderate	0.022	False	user_msa
Drosophila_willistoni_Drosophila_willistoni__LOC6646901__XP_002069647.1	325	325	325	260	GAG	0.08076892793178558	1	moderate	moderate	0.022	False	user_msa
Drosophila_yakuba_Drosophila_yakuba__LOC6537169__XP_002097730.1	325	325	325	260	GAG	0.08076892793178558	1	moderate	moderate	0.022	False	user_msa
Drosophila_ananassae_Drosophila_ananassae__LOC6501076__XP_001954513.1	326	326	326	261	GCC	0.07957460731267929	1	moderate	moderate	0.022	False	user_msa
Drosophila_biarmipes_Drosophila_biarmipes__LOC108026160__XP_016952383.1	326	326	326	261	GCC	0.07957460731267929	1	moderate	moderate	0.022	False	user_msa
Drosophila_mauritiana_Drosophila_mauritiana__LOC117145868__XP_033167581.1	326	326	326	261	GCC	0.07957460731267929	1	moderate	moderate	0.022	False	user_msa
Drosophila_melanogaster_Drosophila_melanogaster__Act88F__NP_524367.1	326	326	326	261	GCT	0.08700964599847794	1	moderate	moderate	0.022	False	user_msa
Drosophila_pseudoobscura_Drosophila_pseudoobscura__Act88F__XP_002137155.1	326	326	326	261	GCC	0.07957460731267929	1	moderate	moderate	0.022	False	user_msa
Drosophila_sechellia_Drosophila_sechellia__Act88F__XP_002031056.2	326	326	326	261	GCC	0.07957460731267929	1	moderate	moderate	0.022	False	user_msa
Drosophila_simulans_Drosophila_simulans__LOC6727955__XP_016034553.1	326	326	326	261	GCC	0.07957460731267929	1	moderate	moderate	0.022	False	user_msa
Drosophila_subobscura_Drosophila_subobscura__LOC117898432__XP_034663715.1	326	326	326	261	GCC	0.07957460731267929	1	moderate	moderate	0.022	False	user_msa
Drosophila_suzukii_Drosophila_suzukii__Act88F__XP_016925443.1	326	326	326	261	GCC	0.07957460731267929	1	moderate	moderate	0.022	False	user_msa
Drosophila_virilis_Drosophila_virilis__Act88F__XP_002054294.1	326	326	326	261	GCT	0.08700964599847794	1	moderate	moderate	0.022	False	user_msa
Drosophila_willistoni_Drosophila_willistoni__LOC6646901__XP_002069647.1	326	326	326	261	GCC	0.07957460731267929	1	moderate	moderate	0.022	False	user_msa
Drosophila_yakuba_Drosophila_yakuba__LOC6537169__XP_002097730.1	326	326	326	261	GCC	0.07957460731267929	1	moderate	moderate	0.022	False	user_msa
Drosophila_ananassae_Drosophila_ananassae__LOC6501076__XP_001954513.1	327	327	327	262	CTG	0.06732894480228424	1	moderate	moderate	0.022	False	user_msa
Drosophila_biarmipes_Drosophila_biarmipes__LOC108026160__XP_016952383.1	327	327	327	262	CTG	0.06732894480228424	1	moderate	moderate	0.022	False	user_msa
Drosophila_mauritiana_Drosophila_mauritiana__LOC117145868__XP_033167581.1	327	327	327	262	CTG	0.06732894480228424	1	moderate	moderate	0.022	False	user_msa
Drosophila_melanogaster_Drosophila_melanogaster__Act88F__NP_524367.1	327	327	327	262	CTG	0.06732894480228424	1	moderate	moderate	0.022	False	user_msa
Drosophila_pseudoobscura_Drosophila_pseudoobscura__Act88F__XP_002137155.1	327	327	327	262	CTG	0.06732894480228424	1	moderate	moderate	0.022	False	user_msa
Drosophila_sechellia_Drosophila_sechellia__Act88F__XP_002031056.2	327	327	327	262	CTG	0.06732894480228424	1	moderate	moderate	0.022	False	user_msa
Drosophila_simulans_Drosophila_simulans__LOC6727955__XP_016034553.1	327	327	327	262	CTG	0.06732894480228424	1	moderate	moderate	0.022	False	user_msa
Drosophila_subobscura_Drosophila_subobscura__LOC117898432__XP_034663715.1	327	327	327	262	CTG	0.06732894480228424	1	moderate	moderate	0.022	False	user_msa
Drosophila_suzukii_Drosophila_suzukii__Act88F__XP_016925443.1	327	327	327	262	CTG	0.06732894480228424	1	moderate	moderate	0.022	False	user_msa
Drosophila_virilis_Drosophila_virilis__Act88F__XP_002054294.1	327	327	327	262	CTG	0.06732894480228424	1	moderate	moderate	0.022	False	user_msa
Drosophila_willistoni_Drosophila_willistoni__LOC6646901__XP_002069647.1	327	327	327	262	CTG	0.06732894480228424	1	moderate	moderate	0.022	False	user_msa
Drosophila_yakuba_Drosophila_yakuba__LOC6537169__XP_002097730.1	327	327	327	262	CTG	0.06732894480228424	1	moderate	moderate	0.022	False	user_msa
Drosophila_ananassae_Drosophila_ananassae__LOC6501076__XP_001954513.1	328	328	328	263	TTC	0.07611627876758575	1	moderate	moderate	0.022	False	user_msa
Drosophila_biarmipes_Drosophila_biarmipes__LOC108026160__XP_016952383.1	328	328	328	263	TTC	0.07611627876758575	1	moderate	moderate	0.022	False	user_msa
Drosophila_mauritiana_Drosophila_mauritiana__LOC117145868__XP_033167581.1	328	328	328	263	TTC	0.07611627876758575	1	moderate	moderate	0.022	False	user_msa
Drosophila_melanogaster_Drosophila_melanogaster__Act88F__NP_524367.1	328	328	328	263	TTC	0.07611627876758575	1	moderate	moderate	0.022	False	user_msa
Drosophila_pseudoobscura_Drosophila_pseudoobscura__Act88F__XP_002137155.1	328	328	328	263	TTC	0.07611627876758575	1	moderate	moderate	0.022	False	user_msa
Drosophila_sechellia_Drosophila_sechellia__Act88F__XP_002031056.2	328	328	328	263	TTC	0.07611627876758575	1	moderate	moderate	0.022	False	user_msa
Drosophila_simulans_Drosophila_simulans__LOC6727955__XP_016034553.1	328	328	328	263	TTC	0.07611627876758575	1	moderate	moderate	0.022	False	user_msa
Drosophila_subobscura_Drosophila_subobscura__LOC117898432__XP_034663715.1	328	328	328	263	TTC	0.07611627876758575	1	moderate	moderate	0.022	False	user_msa
Drosophila_suzukii_Drosophila_suzukii__Act88F__XP_016925443.1	328	328	328	263	TTC	0.07611627876758575	1	moderate	moderate	0.022	False	user_msa
Drosophila_virilis_Drosophila_virilis__Act88F__XP_002054294.1	328	328	328	263	TTC	0.07611627876758575	1	moderate	moderate	0.022	False	user_msa
Drosophila_willistoni_Drosophila_willistoni__LOC6646901__XP_002069647.1	328	328	328	263	TTC	0.07611627876758575	1	moderate	moderate	0.022	False	user_msa
Drosophila_yakuba_Drosophila_yakuba__LOC6537169__XP_002097730.1	328	328	328	263	TTC	0.07611627876758575	1	moderate	moderate	0.022	False	user_msa
Drosophila_ananassae_Drosophila_ananassae__LOC6501076__XP_001954513.1	329	329	329	264	CAG	0.06472857296466827	1	moderate	moderate	0.022	False	user_msa
Drosophila_biarmipes_Drosophila_biarmipes__LOC108026160__XP_016952383.1	329	329	329	264	CAG	0.06472857296466827	1	moderate	moderate	0.022	False	user_msa
Drosophila_mauritiana_Drosophila_mauritiana__LOC117145868__XP_033167581.1	329	329	329	264	CAG	0.06472857296466827	1	moderate	moderate	0.022	False	user_msa
Drosophila_melanogaster_Drosophila_melanogaster__Act88F__NP_524367.1	329	329	329	264	CAG	0.06472857296466827	1	moderate	moderate	0.022	False	user_msa
Drosophila_pseudoobscura_Drosophila_pseudoobscura__Act88F__XP_002137155.1	329	329	329	264	CAG	0.06472857296466827	1	moderate	moderate	0.022	False	user_msa
Drosophila_sechellia_Drosophila_sechellia__Act88F__XP_002031056.2	329	329	329	264	CAG	0.06472857296466827	1	moderate	moderate	0.022	False	user_msa
Drosophila_simulans_Drosophila_simulans__LOC6727955__XP_016034553.1	329	329	329	264	CAG	0.06472857296466827	1	moderate	moderate	0.022	False	user_msa
Drosophila_subobscura_Drosophila_subobscura__LOC117898432__XP_034663715.1	329	329	329	264	CAG	0.06472857296466827	1	moderate	moderate	0.022	False	user_msa
Drosophila_suzukii_Drosophila_suzukii__Act88F__XP_016925443.1	329	329	329	264	CAG	0.06472857296466827	1	moderate	moderate	0.022	False	user_msa
Drosophila_virilis_Drosophila_virilis__Act88F__XP_002054294.1	329	329	329	264	CAG	0.06472857296466827	1	moderate	moderate	0.022	False	user_msa
Drosophila_willistoni_Drosophila_willistoni__LOC6646901__XP_002069647.1	329	329	329	264	CAG	0.06472857296466827	1	moderate	moderate	0.022	False	user_msa
Drosophila_yakuba_Drosophila_yakuba__LOC6537169__XP_002097730.1	329	329	329	264	CAG	0.06472857296466827	1	moderate	moderate	0.022	False	user_msa
Drosophila_ananassae_Drosophila_ananassae__LOC6501076__XP_001954513.1	330	330	330	265	CCC	0.07551959902048111	1	moderate	moderate	0.022	False	user_msa
Drosophila_biarmipes_Drosophila_biarmipes__LOC108026160__XP_016952383.1	330	330	330	265	CCC	0.07551959902048111	1	moderate	moderate	0.022	False	user_msa
Drosophila_mauritiana_Drosophila_mauritiana__LOC117145868__XP_033167581.1	330	330	330	265	CCC	0.07551959902048111	1	moderate	moderate	0.022	False	user_msa
Drosophila_melanogaster_Drosophila_melanogaster__Act88F__NP_524367.1	330	330	330	265	CCC	0.07551959902048111	1	moderate	moderate	0.022	False	user_msa
Drosophila_pseudoobscura_Drosophila_pseudoobscura__Act88F__XP_002137155.1	330	330	330	265	CCC	0.07551959902048111	1	moderate	moderate	0.022	False	user_msa
Drosophila_sechellia_Drosophila_sechellia__Act88F__XP_002031056.2	330	330	330	265	CCC	0.07551959902048111	1	moderate	moderate	0.022	False	user_msa
Drosophila_simulans_Drosophila_simulans__LOC6727955__XP_016034553.1	330	330	330	265	CCC	0.07551959902048111	1	moderate	moderate	0.022	False	user_msa
Drosophila_subobscura_Drosophila_subobscura__LOC117898432__XP_034663715.1	330	330	330	265	CCC	0.07551959902048111	1	moderate	moderate	0.022	False	user_msa
Drosophila_suzukii_Drosophila_suzukii__Act88F__XP_016925443.1	330	330	330	265	CCC	0.07551959902048111	1	moderate	moderate	0.022	False	user_msa
Drosophila_virilis_Drosophila_virilis__Act88F__XP_002054294.1	330	330	330	265	CCT	0.08243492990732193	1	moderate	moderate	0.022	False	user_msa
Drosophila_willistoni_Drosophila_willistoni__LOC6646901__XP_002069647.1	330	330	330	265	CCC	0.07551959902048111	1	moderate	moderate	0.022	False	user_msa
Drosophila_yakuba_Drosophila_yakuba__LOC6537169__XP_002097730.1	330	330	330	265	CCC	0.07551959902048111	1	moderate	moderate	0.022	False	user_msa
Drosophila_ananassae_Drosophila_ananassae__LOC6501076__XP_001954513.1	331	331	331	266	TCG	0.10503029823303223	1	moderate	moderate	0.022	False	user_msa
Drosophila_biarmipes_Drosophila_biarmipes__LOC108026160__XP_016952383.1	331	331	331	266	TCG	0.10503029823303223	1	moderate	moderate	0.022	False	user_msa
Drosophila_mauritiana_Drosophila_mauritiana__LOC117145868__XP_033167581.1	331	331	331	266	TCG	0.10503029823303223	1	moderate	moderate	0.022	False	user_msa
Drosophila_melanogaster_Drosophila_melanogaster__Act88F__NP_524367.1	331	331	331	266	TCG	0.10503029823303223	1	moderate	moderate	0.022	False	user_msa
Drosophila_pseudoobscura_Drosophila_pseudoobscura__Act88F__XP_002137155.1	331	331	331	266	TCC	0.1005382090806961	1	moderate	moderate	0.022	False	user_msa
Drosophila_sechellia_Drosophila_sechellia__Act88F__XP_002031056.2	331	331	331	266	TCG	0.10503029823303223	1	moderate	moderate	0.022	False	user_msa
Drosophila_simulans_Drosophila_simulans__LOC6727955__XP_016034553.1	331	331	331	266	TCG	0.10503029823303223	1	moderate	moderate	0.022	False	user_msa
Drosophila_subobscura_Drosophila_subobscura__LOC117898432__XP_034663715.1	331	331	331	266	TCC	0.1005382090806961	1	moderate	moderate	0.022	False	user_msa
Drosophila_suzukii_Drosophila_suzukii__Act88F__XP_016925443.1	331	331	331	266	TCT	0.10969842970371246	1	moderate	moderate	0.022	False	user_msa
Drosophila_virilis_Drosophila_virilis__Act88F__XP_002054294.1	331	331	331	266	TCG	0.10503029823303223	1	moderate	moderate	0.022	False	user_msa
Drosophila_willistoni_Drosophila_willistoni__LOC6646901__XP_002069647.1	331	331	331	266	TCT	0.10969842970371246	1	moderate	moderate	0.022	False	user_msa
Drosophila_yakuba_Drosophila_yakuba__LOC6537169__XP_002097730.1	331	331	331	266	TCG	0.10503029823303223	1	moderate	moderate	0.022	False	user_msa
Drosophila_ananassae_Drosophila_ananassae__LOC6501076__XP_001954513.1	332	332	332	267	TTC	0.07613767683506012	1	moderate	moderate	0.022	False	user_msa
Drosophila_biarmipes_Drosophila_biarmipes__LOC108026160__XP_016952383.1	332	332	332	267	TTC	0.07613767683506012	1	moderate	moderate	0.022	False	user_msa
Drosophila_mauritiana_Drosophila_mauritiana__LOC117145868__XP_033167581.1	332	332	332	267	TTC	0.07613767683506012	1	moderate	moderate	0.022	False	user_msa
Drosophila_melanogaster_Drosophila_melanogaster__Act88F__NP_524367.1	332	332	332	267	TTC	0.07613767683506012	1	moderate	moderate	0.022	False	user_msa
Drosophila_pseudoobscura_Drosophila_pseudoobscura__Act88F__XP_002137155.1	332	332	332	267	TTC	0.07613767683506012	1	moderate	moderate	0.022	False	user_msa
Drosophila_sechellia_Drosophila_sechellia__Act88F__XP_002031056.2	332	332	332	267	TTC	0.07613767683506012	1	moderate	moderate	0.022	False	user_msa
Drosophila_simulans_Drosophila_simulans__LOC6727955__XP_016034553.1	332	332	332	267	TTC	0.07613767683506012	1	moderate	moderate	0.022	False	user_msa
Drosophila_subobscura_Drosophila_subobscura__LOC117898432__XP_034663715.1	332	332	332	267	TTC	0.07613767683506012	1	moderate	moderate	0.022	False	user_msa
Drosophila_suzukii_Drosophila_suzukii__Act88F__XP_016925443.1	332	332	332	267	TTC	0.07613767683506012	1	moderate	moderate	0.022	False	user_msa
Drosophila_virilis_Drosophila_virilis__Act88F__XP_002054294.1	332	332	332	267	TTC	0.07613767683506012	1	moderate	moderate	0.022	False	user_msa
Drosophila_willistoni_Drosophila_willistoni__LOC6646901__XP_002069647.1	332	332	332	267	TTC	0.07613767683506012	1	moderate	moderate	0.022	False	user_msa
Drosophila_yakuba_Drosophila_yakuba__LOC6537169__XP_002097730.1	332	332	332	267	TTC	0.07613767683506012	1	moderate	moderate	0.022	False	user_msa
Drosophila_ananassae_Drosophila_ananassae__LOC6501076__XP_001954513.1	333	333	333	268	TTG	0.1367044746875763	1	moderate	moderate	0.022	False	user_msa
Drosophila_biarmipes_Drosophila_biarmipes__LOC108026160__XP_016952383.1	333	333	333	268	CTG	0.05157221481204033	1	moderate	moderate	0.022	False	user_msa
Drosophila_mauritiana_Drosophila_mauritiana__LOC117145868__XP_033167581.1	333	333	333	268	CTG	0.05157221481204033	1	moderate	moderate	0.022	False	user_msa
Drosophila_melanogaster_Drosophila_melanogaster__Act88F__NP_524367.1	333	333	333	268	CTG	0.05157221481204033	1	moderate	moderate	0.022	False	user_msa
Drosophila_pseudoobscura_Drosophila_pseudoobscura__Act88F__XP_002137155.1	333	333	333	268	CTG	0.05157221481204033	1	moderate	moderate	0.022	False	user_msa
Drosophila_sechellia_Drosophila_sechellia__Act88F__XP_002031056.2	333	333	333	268	CTG	0.05157221481204033	1	moderate	moderate	0.022	False	user_msa
Drosophila_simulans_Drosophila_simulans__LOC6727955__XP_016034553.1	333	333	333	268	CTG	0.05157221481204033	1	moderate	moderate	0.022	False	user_msa
Drosophila_subobscura_Drosophila_subobscura__LOC117898432__XP_034663715.1	333	333	333	268	CTG	0.05157221481204033	1	moderate	moderate	0.022	False	user_msa
Drosophila_suzukii_Drosophila_suzukii__Act88F__XP_016925443.1	333	333	333	268	CTG	0.05157221481204033	1	moderate	moderate	0.022	False	user_msa
Drosophila_virilis_Drosophila_virilis__Act88F__XP_002054294.1	333	333	333	268	TTG	0.1367044746875763	1	moderate	moderate	0.022	False	user_msa
Drosophila_willistoni_Drosophila_willistoni__LOC6646901__XP_002069647.1	333	333	333	268	TTG	0.1367044746875763	1	moderate	moderate	0.022	False	user_msa
Drosophila_yakuba_Drosophila_yakuba__LOC6537169__XP_002097730.1	333	333	333	268	CTG	0.05157221481204033	1	moderate	moderate	0.022	False	user_msa
Drosophila_ananassae_Drosophila_ananassae__LOC6501076__XP_001954513.1	334	334	334	269	GGC	0.08397196233272552	1	moderate	moderate	0.022	False	user_msa
Drosophila_biarmipes_Drosophila_biarmipes__LOC108026160__XP_016952383.1	334	334	334	269	GGC	0.08397196233272552	1	moderate	moderate	0.022	False	user_msa
Drosophila_mauritiana_Drosophila_mauritiana__LOC117145868__XP_033167581.1	334	334	334	269	GGC	0.08397196233272552	1	moderate	moderate	0.022	False	user_msa
Drosophila_melanogaster_Drosophila_melanogaster__Act88F__NP_524367.1	334	334	334	269	GGC	0.08397196233272552	1	moderate	moderate	0.022	False	user_msa
Drosophila_pseudoobscura_Drosophila_pseudoobscura__Act88F__XP_002137155.1	334	334	334	269	GGA	0.08029985427856445	1	moderate	moderate	0.022	False	user_msa
Drosophila_sechellia_Drosophila_sechellia__Act88F__XP_002031056.2	334	334	334	269	GGC	0.08397196233272552	1	moderate	moderate	0.022	False	user_msa
Drosophila_simulans_Drosophila_simulans__LOC6727955__XP_016034553.1	334	334	334	269	GGC	0.08397196233272552	1	moderate	moderate	0.022	False	user_msa
Drosophila_subobscura_Drosophila_subobscura__LOC117898432__XP_034663715.1	334	334	334	269	GGC	0.08397196233272552	1	moderate	moderate	0.022	False	user_msa
Drosophila_suzukii_Drosophila_suzukii__Act88F__XP_016925443.1	334	334	334	269	GGC	0.08397196233272552	1	moderate	moderate	0.022	False	user_msa
Drosophila_virilis_Drosophila_virilis__Act88F__XP_002054294.1	334	334	334	269	GGC	0.08397196233272552	1	moderate	moderate	0.022	False	user_msa
Drosophila_willistoni_Drosophila_willistoni__LOC6646901__XP_002069647.1	334	334	334	269	GGC	0.08397196233272552	1	moderate	moderate	0.022	False	user_msa
Drosophila_yakuba_Drosophila_yakuba__LOC6537169__XP_002097730.1	334	334	334	269	GGC	0.08397196233272552	1	moderate	moderate	0.022	False	user_msa
Drosophila_ananassae_Drosophila_ananassae__LOC6501076__XP_001954513.1	335	335	335	270	ATG	0.06392765790224075	1	moderate	moderate	0.022	False	user_msa
Drosophila_biarmipes_Drosophila_biarmipes__LOC108026160__XP_016952383.1	335	335	335	270	ATG	0.06392765790224075	1	moderate	moderate	0.022	False	user_msa
Drosophila_mauritiana_Drosophila_mauritiana__LOC117145868__XP_033167581.1	335	335	335	270	ATG	0.06392765790224075	1	moderate	moderate	0.022	False	user_msa
Drosophila_melanogaster_Drosophila_melanogaster__Act88F__NP_524367.1	335	335	335	270	ATG	0.06392765790224075	1	moderate	moderate	0.022	False	user_msa
Drosophila_pseudoobscura_Drosophila_pseudoobscura__Act88F__XP_002137155.1	335	335	335	270	ATG	0.06392765790224075	1	moderate	moderate	0.022	False	user_msa
Drosophila_sechellia_Drosophila_sechellia__Act88F__XP_002031056.2	335	335	335	270	ATG	0.06392765790224075	1	moderate	moderate	0.022	False	user_msa
Drosophila_simulans_Drosophila_simulans__LOC6727955__XP_016034553.1	335	335	335	270	ATG	0.06392765790224075	1	moderate	moderate	0.022	False	user_msa
Drosophila_subobscura_Drosophila_subobscura__LOC117898432__XP_034663715.1	335	335	335	270	ATG	0.06392765790224075	1	moderate	moderate	0.022	False	user_msa
Drosophila_suzukii_Drosophila_suzukii__Act88F__XP_016925443.1	335	335	335	270	ATG	0.06392765790224075	1	moderate	moderate	0.022	False	user_msa
Drosophila_virilis_Drosophila_virilis__Act88F__XP_002054294.1	335	335	335	270	ATG	0.06392765790224075	1	moderate	moderate	0.022	False	user_msa
Drosophila_willistoni_Drosophila_willistoni__LOC6646901__XP_002069647.1	335	335	335	270	ATG	0.06392765790224075	1	moderate	moderate	0.022	False	user_msa
Drosophila_yakuba_Drosophila_yakuba__LOC6537169__XP_002097730.1	335	335	335	270	ATG	0.06392765790224075	1	moderate	moderate	0.022	False	user_msa
Drosophila_ananassae_Drosophila_ananassae__LOC6501076__XP_001954513.1	336	336	336	271	GAG	0.08083103597164154	1	moderate	moderate	0.022	False	user_msa
Drosophila_biarmipes_Drosophila_biarmipes__LOC108026160__XP_016952383.1	336	336	336	271	GAG	0.08083103597164154	1	moderate	moderate	0.022	False	user_msa
Drosophila_mauritiana_Drosophila_mauritiana__LOC117145868__XP_033167581.1	336	336	336	271	GAG	0.08083103597164154	1	moderate	moderate	0.022	False	user_msa
Drosophila_melanogaster_Drosophila_melanogaster__Act88F__NP_524367.1	336	336	336	271	GAG	0.08083103597164154	1	moderate	moderate	0.022	False	user_msa
Drosophila_pseudoobscura_Drosophila_pseudoobscura__Act88F__XP_002137155.1	336	336	336	271	GAG	0.08083103597164154	1	moderate	moderate	0.022	False	user_msa
Drosophila_sechellia_Drosophila_sechellia__Act88F__XP_002031056.2	336	336	336	271	GAG	0.08083103597164154	1	moderate	moderate	0.022	False	user_msa
Drosophila_simulans_Drosophila_simulans__LOC6727955__XP_016034553.1	336	336	336	271	GAG	0.08083103597164154	1	moderate	moderate	0.022	False	user_msa
Drosophila_subobscura_Drosophila_subobscura__LOC117898432__XP_034663715.1	336	336	336	271	GAG	0.08083103597164154	1	moderate	moderate	0.022	False	user_msa
Drosophila_suzukii_Drosophila_suzukii__Act88F__XP_016925443.1	336	336	336	271	GAG	0.08083103597164154	1	moderate	moderate	0.022	False	user_msa
Drosophila_virilis_Drosophila_virilis__Act88F__XP_002054294.1	336	336	336	271	GAG	0.08083103597164154	1	moderate	moderate	0.022	False	user_msa
Drosophila_willistoni_Drosophila_willistoni__LOC6646901__XP_002069647.1	336	336	336	271	GAA	0.0745493620634079	1	moderate	moderate	0.022	False	user_msa
Drosophila_yakuba_Drosophila_yakuba__LOC6537169__XP_002097730.1	336	336	336	271	GAG	0.08083103597164154	1	moderate	moderate	0.022	False	user_msa
Drosophila_ananassae_Drosophila_ananassae__LOC6501076__XP_001954513.1	337	337	337	272	TCC	0.08495558798313141	1	moderate	moderate	0.022	False	user_msa
Drosophila_biarmipes_Drosophila_biarmipes__LOC108026160__XP_016952383.1	337	337	337	272	TCC	0.08495558798313141	1	moderate	moderate	0.022	False	user_msa
Drosophila_mauritiana_Drosophila_mauritiana__LOC117145868__XP_033167581.1	337	337	337	272	TCG	0.08882006257772446	1	moderate	moderate	0.022	False	user_msa
Drosophila_melanogaster_Drosophila_melanogaster__Act88F__NP_524367.1	337	337	337	272	TCG	0.08882006257772446	1	moderate	moderate	0.022	False	user_msa
Drosophila_pseudoobscura_Drosophila_pseudoobscura__Act88F__XP_002137155.1	337	337	337	272	TCG	0.08882006257772446	1	moderate	moderate	0.022	False	user_msa
Drosophila_sechellia_Drosophila_sechellia__Act88F__XP_002031056.2	337	337	337	272	TCG	0.08882006257772446	1	moderate	moderate	0.022	False	user_msa
Drosophila_simulans_Drosophila_simulans__LOC6727955__XP_016034553.1	337	337	337	272	TCG	0.08882006257772446	1	moderate	moderate	0.022	False	user_msa
Drosophila_subobscura_Drosophila_subobscura__LOC117898432__XP_034663715.1	337	337	337	272	TCG	0.08882006257772446	1	moderate	moderate	0.022	False	user_msa
Drosophila_suzukii_Drosophila_suzukii__Act88F__XP_016925443.1	337	337	337	272	TCC	0.08495558798313141	1	moderate	moderate	0.022	False	user_msa
Drosophila_virilis_Drosophila_virilis__Act88F__XP_002054294.1	337	337	337	272	TCG	0.08882006257772446	1	moderate	moderate	0.022	False	user_msa
Drosophila_willistoni_Drosophila_willistoni__LOC6646901__XP_002069647.1	337	337	337	272	TCG	0.08882006257772446	1	moderate	moderate	0.022	False	user_msa
Drosophila_yakuba_Drosophila_yakuba__LOC6537169__XP_002097730.1	337	337	337	272	TCG	0.08882006257772446	1	moderate	moderate	0.022	False	user_msa
Drosophila_ananassae_Drosophila_ananassae__LOC6501076__XP_001954513.1	338	338	338	273	TGC	0.08736912161111832	1	moderate	moderate	0.022	False	user_msa
Drosophila_biarmipes_Drosophila_biarmipes__LOC108026160__XP_016952383.1	338	338	338	273	TGC	0.08736912161111832	1	moderate	moderate	0.022	False	user_msa
Drosophila_mauritiana_Drosophila_mauritiana__LOC117145868__XP_033167581.1	338	338	338	273	TGC	0.08736912161111832	1	moderate	moderate	0.022	False	user_msa
Drosophila_melanogaster_Drosophila_melanogaster__Act88F__NP_524367.1	338	338	338	273	TGC	0.08736912161111832	1	moderate	moderate	0.022	False	user_msa
Drosophila_pseudoobscura_Drosophila_pseudoobscura__Act88F__XP_002137155.1	338	338	338	273	TGC	0.08736912161111832	1	moderate	moderate	0.022	False	user_msa
Drosophila_sechellia_Drosophila_sechellia__Act88F__XP_002031056.2	338	338	338	273	TGC	0.08736912161111832	1	moderate	moderate	0.022	False	user_msa
Drosophila_simulans_Drosophila_simulans__LOC6727955__XP_016034553.1	338	338	338	273	TGC	0.08736912161111832	1	moderate	moderate	0.022	False	user_msa
Drosophila_subobscura_Drosophila_subobscura__LOC117898432__XP_034663715.1	338	338	338	273	TGC	0.08736912161111832	1	moderate	moderate	0.022	False	user_msa
Drosophila_suzukii_Drosophila_suzukii__Act88F__XP_016925443.1	338	338	338	273	TGC	0.08736912161111832	1	moderate	moderate	0.022	False	user_msa
Drosophila_virilis_Drosophila_virilis__Act88F__XP_002054294.1	338	338	338	273	TCC	0.0741923525929451	1	moderate	moderate	0.022	False	user_msa
Drosophila_willistoni_Drosophila_willistoni__LOC6646901__XP_002069647.1	338	338	338	273	TGC	0.08736912161111832	1	moderate	moderate	0.022	False	user_msa
Drosophila_yakuba_Drosophila_yakuba__LOC6537169__XP_002097730.1	338	338	338	273	TGC	0.08736912161111832	1	moderate	moderate	0.022	False	user_msa
Drosophila_ananassae_Drosophila_ananassae__LOC6501076__XP_001954513.1	339	339	339	274	GGC	0.07945866137742996	1	moderate	moderate	0.022	False	user_msa
Drosophila_biarmipes_Drosophila_biarmipes__LOC108026160__XP_016952383.1	339	339	339	274	GGC	0.07945866137742996	1	moderate	moderate	0.022	False	user_msa
Drosophila_mauritiana_Drosophila_mauritiana__LOC117145868__XP_033167581.1	339	339	339	274	GGC	0.07945866137742996	1	moderate	moderate	0.022	False	user_msa
Drosophila_melanogaster_Drosophila_melanogaster__Act88F__NP_524367.1	339	339	339	274	GGC	0.07945866137742996	1	moderate	moderate	0.022	False	user_msa
Drosophila_pseudoobscura_Drosophila_pseudoobscura__Act88F__XP_002137155.1	339	339	339	274	GGT	0.08688389509916306	1	moderate	moderate	0.022	False	user_msa
Drosophila_sechellia_Drosophila_sechellia__Act88F__XP_002031056.2	339	339	339	274	GGC	0.07945866137742996	1	moderate	moderate	0.022	False	user_msa
Drosophila_simulans_Drosophila_simulans__LOC6727955__XP_016034553.1	339	339	339	274	GGC	0.07945866137742996	1	moderate	moderate	0.022	False	user_msa
Drosophila_subobscura_Drosophila_subobscura__LOC117898432__XP_034663715.1	339	339	339	274	GGT	0.08688389509916306	1	moderate	moderate	0.022	False	user_msa
Drosophila_suzukii_Drosophila_suzukii__Act88F__XP_016925443.1	339	339	339	274	GGC	0.07945866137742996	1	moderate	moderate	0.022	False	user_msa
Drosophila_virilis_Drosophila_virilis__Act88F__XP_002054294.1	339	339	339	274	GGT	0.08688389509916306	1	moderate	moderate	0.022	False	user_msa
Drosophila_willistoni_Drosophila_willistoni__LOC6646901__XP_002069647.1	339	339	339	274	GGT	0.08688389509916306	1	moderate	moderate	0.022	False	user_msa
Drosophila_yakuba_Drosophila_yakuba__LOC6537169__XP_002097730.1	339	339	339	274	GGC	0.07945866137742996	1	moderate	moderate	0.022	False	user_msa
Drosophila_ananassae_Drosophila_ananassae__LOC6501076__XP_001954513.1	340	340	340	275	ATC	0.07207773625850677	1	moderate	moderate	0.022	False	user_msa
Drosophila_biarmipes_Drosophila_biarmipes__LOC108026160__XP_016952383.1	340	340	340	275	ATC	0.07207773625850677	1	moderate	moderate	0.022	False	user_msa
Drosophila_mauritiana_Drosophila_mauritiana__LOC117145868__XP_033167581.1	340	340	340	275	ATC	0.07207773625850677	1	moderate	moderate	0.022	False	user_msa
Drosophila_melanogaster_Drosophila_melanogaster__Act88F__NP_524367.1	340	340	340	275	ATC	0.07207773625850677	1	moderate	moderate	0.022	False	user_msa
Drosophila_pseudoobscura_Drosophila_pseudoobscura__Act88F__XP_002137155.1	340	340	340	275	ATT	0.07730972766876221	1	moderate	moderate	0.022	False	user_msa
Drosophila_sechellia_Drosophila_sechellia__Act88F__XP_002031056.2	340	340	340	275	ATC	0.07207773625850677	1	moderate	moderate	0.022	False	user_msa
Drosophila_simulans_Drosophila_simulans__LOC6727955__XP_016034553.1	340	340	340	275	ATC	0.07207773625850677	1	moderate	moderate	0.022	False	user_msa
Drosophila_subobscura_Drosophila_subobscura__LOC117898432__XP_034663715.1	340	340	340	275	ATT	0.07730972766876221	1	moderate	moderate	0.022	False	user_msa
Drosophila_suzukii_Drosophila_suzukii__Act88F__XP_016925443.1	340	340	340	275	ATC	0.07207773625850677	1	moderate	moderate	0.022	False	user_msa
Drosophila_virilis_Drosophila_virilis__Act88F__XP_002054294.1	340	340	340	275	ATT	0.07730972766876221	1	moderate	moderate	0.022	False	user_msa
Drosophila_willistoni_Drosophila_willistoni__LOC6646901__XP_002069647.1	340	340	340	275	ATT	0.07730972766876221	1	moderate	moderate	0.022	False	user_msa
Drosophila_yakuba_Drosophila_yakuba__LOC6537169__XP_002097730.1	340	340	340	275	ATC	0.07207773625850677	1	moderate	moderate	0.022	False	user_msa
Drosophila_ananassae_Drosophila_ananassae__LOC6501076__XP_001954513.1	341	341	341	276	CAC	0.07464427500963211	1	moderate	moderate	0.022	False	user_msa
Drosophila_biarmipes_Drosophila_biarmipes__LOC108026160__XP_016952383.1	341	341	341	276	CAC	0.07464427500963211	1	moderate	moderate	0.022	False	user_msa
Drosophila_mauritiana_Drosophila_mauritiana__LOC117145868__XP_033167581.1	341	341	341	276	CAC	0.07464427500963211	1	moderate	moderate	0.022	False	user_msa
Drosophila_melanogaster_Drosophila_melanogaster__Act88F__NP_524367.1	341	341	341	276	CAC	0.07464427500963211	1	moderate	moderate	0.022	False	user_msa
Drosophila_pseudoobscura_Drosophila_pseudoobscura__Act88F__XP_002137155.1	341	341	341	276	CAC	0.07464427500963211	1	moderate	moderate	0.022	False	user_msa
Drosophila_sechellia_Drosophila_sechellia__Act88F__XP_002031056.2	341	341	341	276	CAC	0.07464427500963211	1	moderate	moderate	0.022	False	user_msa
Drosophila_simulans_Drosophila_simulans__LOC6727955__XP_016034553.1	341	341	341	276	CAC	0.07464427500963211	1	moderate	moderate	0.022	False	user_msa
Drosophila_subobscura_Drosophila_subobscura__LOC117898432__XP_034663715.1	341	341	341	276	CAC	0.07464427500963211	1	moderate	moderate	0.022	False	user_msa
Drosophila_suzukii_Drosophila_suzukii__Act88F__XP_016925443.1	341	341	341	276	CAT	0.08113259822130203	1	moderate	moderate	0.022	False	user_msa
Drosophila_virilis_Drosophila_virilis__Act88F__XP_002054294.1	341	341	341	276	CAC	0.07464427500963211	1	moderate	moderate	0.022	False	user_msa
Drosophila_willistoni_Drosophila_willistoni__LOC6646901__XP_002069647.1	341	341	341	276	CAC	0.07464427500963211	1	moderate	moderate	0.022	False	user_msa
Drosophila_yakuba_Drosophila_yakuba__LOC6537169__XP_002097730.1	341	341	341	276	CAC	0.07464427500963211	1	moderate	moderate	0.022	False	user_msa
Drosophila_ananassae_Drosophila_ananassae__LOC6501076__XP_001954513.1	342	342	342	277	GAG	0.06835704296827316	1	moderate	moderate	0.022	False	user_msa
Drosophila_biarmipes_Drosophila_biarmipes__LOC108026160__XP_016952383.1	342	342	342	277	GAG	0.06835704296827316	1	moderate	moderate	0.022	False	user_msa
Drosophila_mauritiana_Drosophila_mauritiana__LOC117145868__XP_033167581.1	342	342	342	277	GAG	0.06835704296827316	1	moderate	moderate	0.022	False	user_msa
Drosophila_melanogaster_Drosophila_melanogaster__Act88F__NP_524367.1	342	342	342	277	GAG	0.06835704296827316	1	moderate	moderate	0.022	False	user_msa
Drosophila_pseudoobscura_Drosophila_pseudoobscura__Act88F__XP_002137155.1	342	342	342	277	GAG	0.06835704296827316	1	moderate	moderate	0.022	False	user_msa
Drosophila_sechellia_Drosophila_sechellia__Act88F__XP_002031056.2	342	342	342	277	GAG	0.06835704296827316	1	moderate	moderate	0.022	False	user_msa
Drosophila_simulans_Drosophila_simulans__LOC6727955__XP_016034553.1	342	342	342	277	GAG	0.06835704296827316	1	moderate	moderate	0.022	False	user_msa
Drosophila_subobscura_Drosophila_subobscura__LOC117898432__XP_034663715.1	342	342	342	277	GAG	0.06835704296827316	1	moderate	moderate	0.022	False	user_msa
Drosophila_suzukii_Drosophila_suzukii__Act88F__XP_016925443.1	342	342	342	277	GAG	0.06835704296827316	1	moderate	moderate	0.022	False	user_msa
Drosophila_virilis_Drosophila_virilis__Act88F__XP_002054294.1	342	342	342	277	GAG	0.06835704296827316	1	moderate	moderate	0.022	False	user_msa
Drosophila_willistoni_Drosophila_willistoni__LOC6646901__XP_002069647.1	342	342	342	277	GAG	0.06835704296827316	1	moderate	moderate	0.022	False	user_msa
Drosophila_yakuba_Drosophila_yakuba__LOC6537169__XP_002097730.1	342	342	342	277	GAG	0.06835704296827316	1	moderate	moderate	0.022	False	user_msa
Drosophila_ananassae_Drosophila_ananassae__LOC6501076__XP_001954513.1	343	343	343	278	ACC	0.08370967209339142	1	moderate	moderate	0.022	False	user_msa
Drosophila_biarmipes_Drosophila_biarmipes__LOC108026160__XP_016952383.1	343	343	343	278	ACG	0.08752290904521942	1	moderate	moderate	0.022	False	user_msa
Drosophila_mauritiana_Drosophila_mauritiana__LOC117145868__XP_033167581.1	343	343	343	278	ACC	0.08370967209339142	1	moderate	moderate	0.022	False	user_msa
Drosophila_melanogaster_Drosophila_melanogaster__Act88F__NP_524367.1	343	343	343	278	ACC	0.08370967209339142	1	moderate	moderate	0.022	False	user_msa
Drosophila_pseudoobscura_Drosophila_pseudoobscura__Act88F__XP_002137155.1	343	343	343	278	ACC	0.08370967209339142	1	moderate	moderate	0.022	False	user_msa
Drosophila_sechellia_Drosophila_sechellia__Act88F__XP_002031056.2	343	343	343	278	ACC	0.08370967209339142	1	moderate	moderate	0.022	False	user_msa
Drosophila_simulans_Drosophila_simulans__LOC6727955__XP_016034553.1	343	343	343	278	ACC	0.08370967209339142	1	moderate	moderate	0.022	False	user_msa
Drosophila_subobscura_Drosophila_subobscura__LOC117898432__XP_034663715.1	343	343	343	278	ACC	0.08370967209339142	1	moderate	moderate	0.022	False	user_msa
Drosophila_suzukii_Drosophila_suzukii__Act88F__XP_016925443.1	343	343	343	278	ACG	0.08752290904521942	1	moderate	moderate	0.022	False	user_msa
Drosophila_virilis_Drosophila_virilis__Act88F__XP_002054294.1	343	343	343	278	ACT	0.09149256348609924	1	moderate	moderate	0.022	False	user_msa
Drosophila_willistoni_Drosophila_willistoni__LOC6646901__XP_002069647.1	343	343	343	278	ACT	0.09149256348609924	1	moderate	moderate	0.022	False	user_msa
Drosophila_yakuba_Drosophila_yakuba__LOC6537169__XP_002097730.1	343	343	343	278	ACC	0.08370967209339142	1	moderate	moderate	0.022	False	user_msa
Drosophila_ananassae_Drosophila_ananassae__LOC6501076__XP_001954513.1	344	344	344	279	GTC	0.07123784720897675	1	moderate	moderate	0.022	False	user_msa
Drosophila_biarmipes_Drosophila_biarmipes__LOC108026160__XP_016952383.1	344	344	344	279	GTC	0.07123784720897675	1	moderate	moderate	0.022	False	user_msa
Drosophila_mauritiana_Drosophila_mauritiana__LOC117145868__XP_033167581.1	344	344	344	279	GTC	0.07123784720897675	1	moderate	moderate	0.022	False	user_msa
Drosophila_melanogaster_Drosophila_melanogaster__Act88F__NP_524367.1	344	344	344	279	GTC	0.07123784720897675	1	moderate	moderate	0.022	False	user_msa
Drosophila_pseudoobscura_Drosophila_pseudoobscura__Act88F__XP_002137155.1	344	344	344	279	GTC	0.07123784720897675	1	moderate	moderate	0.022	False	user_msa
Drosophila_sechellia_Drosophila_sechellia__Act88F__XP_002031056.2	344	344	344	279	GTC	0.07123784720897675	1	moderate	moderate	0.022	False	user_msa
Drosophila_simulans_Drosophila_simulans__LOC6727955__XP_016034553.1	344	344	344	279	GTC	0.07123784720897675	1	moderate	moderate	0.022	False	user_msa
Drosophila_subobscura_Drosophila_subobscura__LOC117898432__XP_034663715.1	344	344	344	279	GTC	0.07123784720897675	1	moderate	moderate	0.022	False	user_msa
Drosophila_suzukii_Drosophila_suzukii__Act88F__XP_016925443.1	344	344	344	279	GTC	0.07123784720897675	1	moderate	moderate	0.022	False	user_msa
Drosophila_virilis_Drosophila_virilis__Act88F__XP_002054294.1	344	344	344	279	GTC	0.07123784720897675	1	moderate	moderate	0.022	False	user_msa
Drosophila_willistoni_Drosophila_willistoni__LOC6646901__XP_002069647.1	344	344	344	279	GTC	0.07123784720897675	1	moderate	moderate	0.022	False	user_msa
Drosophila_yakuba_Drosophila_yakuba__LOC6537169__XP_002097730.1	344	344	344	279	GTC	0.07123784720897675	1	moderate	moderate	0.022	False	user_msa
Drosophila_ananassae_Drosophila_ananassae__LOC6501076__XP_001954513.1	345	345	345	280	TAC	0.07245519757270813	1	moderate	moderate	0.022	False	user_msa
Drosophila_biarmipes_Drosophila_biarmipes__LOC108026160__XP_016952383.1	345	345	345	280	TAC	0.07245519757270813	1	moderate	moderate	0.022	False	user_msa
Drosophila_mauritiana_Drosophila_mauritiana__LOC117145868__XP_033167581.1	345	345	345	280	TAC	0.07245519757270813	1	moderate	moderate	0.022	False	user_msa
Drosophila_melanogaster_Drosophila_melanogaster__Act88F__NP_524367.1	345	345	345	280	TAC	0.07245519757270813	1	moderate	moderate	0.022	False	user_msa
Drosophila_pseudoobscura_Drosophila_pseudoobscura__Act88F__XP_002137155.1	345	345	345	280	TAC	0.07245519757270813	1	moderate	moderate	0.022	False	user_msa
Drosophila_sechellia_Drosophila_sechellia__Act88F__XP_002031056.2	345	345	345	280	TAC	0.07245519757270813	1	moderate	moderate	0.022	False	user_msa
Drosophila_simulans_Drosophila_simulans__LOC6727955__XP_016034553.1	345	345	345	280	TAC	0.07245519757270813	1	moderate	moderate	0.022	False	user_msa
Drosophila_subobscura_Drosophila_subobscura__LOC117898432__XP_034663715.1	345	345	345	280	TAC	0.07245519757270813	1	moderate	moderate	0.022	False	user_msa
Drosophila_suzukii_Drosophila_suzukii__Act88F__XP_016925443.1	345	345	345	280	TAC	0.07245519757270813	1	moderate	moderate	0.022	False	user_msa
Drosophila_virilis_Drosophila_virilis__Act88F__XP_002054294.1	345	345	345	280	TAC	0.07245519757270813	1	moderate	moderate	0.022	False	user_msa
Drosophila_willistoni_Drosophila_willistoni__LOC6646901__XP_002069647.1	345	345	345	280	TAC	0.07245519757270813	1	moderate	moderate	0.022	False	user_msa
Drosophila_yakuba_Drosophila_yakuba__LOC6537169__XP_002097730.1	345	345	345	280	TAC	0.07245519757270813	1	moderate	moderate	0.022	False	user_msa
Drosophila_ananassae_Drosophila_ananassae__LOC6501076__XP_001954513.1	346	346	346	281	AAC	0.06131909415125847	1	moderate	moderate	0.022	False	user_msa
Drosophila_biarmipes_Drosophila_biarmipes__LOC108026160__XP_016952383.1	346	346	346	281	AAC	0.06131909415125847	1	moderate	moderate	0.022	False	user_msa
Drosophila_mauritiana_Drosophila_mauritiana__LOC117145868__XP_033167581.1	346	346	346	281	AAC	0.06131909415125847	1	moderate	moderate	0.022	False	user_msa
Drosophila_melanogaster_Drosophila_melanogaster__Act88F__NP_524367.1	346	346	346	281	AAC	0.06131909415125847	1	moderate	moderate	0.022	False	user_msa
Drosophila_pseudoobscura_Drosophila_pseudoobscura__Act88F__XP_002137155.1	346	346	346	281	AAC	0.06131909415125847	1	moderate	moderate	0.022	False	user_msa
Drosophila_sechellia_Drosophila_sechellia__Act88F__XP_002031056.2	346	346	346	281	AAC	0.06131909415125847	1	moderate	moderate	0.022	False	user_msa
Drosophila_simulans_Drosophila_simulans__LOC6727955__XP_016034553.1	346	346	346	281	AAC	0.06131909415125847	1	moderate	moderate	0.022	False	user_msa
Drosophila_subobscura_Drosophila_subobscura__LOC117898432__XP_034663715.1	346	346	346	281	AAC	0.06131909415125847	1	moderate	moderate	0.022	False	user_msa
Drosophila_suzukii_Drosophila_suzukii__Act88F__XP_016925443.1	346	346	346	281	AAC	0.06131909415125847	1	moderate	moderate	0.022	False	user_msa
Drosophila_virilis_Drosophila_virilis__Act88F__XP_002054294.1	346	346	346	281	AAC	0.06131909415125847	1	moderate	moderate	0.022	False	user_msa
Drosophila_willistoni_Drosophila_willistoni__LOC6646901__XP_002069647.1	346	346	346	281	AAC	0.06131909415125847	1	moderate	moderate	0.022	False	user_msa
Drosophila_yakuba_Drosophila_yakuba__LOC6537169__XP_002097730.1	346	346	346	281	AAC	0.06131909415125847	1	moderate	moderate	0.022	False	user_msa
Drosophila_ananassae_Drosophila_ananassae__LOC6501076__XP_001954513.1	347	347	347	282	TCG	0.08791414648294449	1	moderate	moderate	0.022	False	user_msa
Drosophila_biarmipes_Drosophila_biarmipes__LOC108026160__XP_016952383.1	347	347	347	282	TCG	0.08791414648294449	1	moderate	moderate	0.022	False	user_msa
Drosophila_mauritiana_Drosophila_mauritiana__LOC117145868__XP_033167581.1	347	347	347	282	TCG	0.08791414648294449	1	moderate	moderate	0.022	False	user_msa
Drosophila_melanogaster_Drosophila_melanogaster__Act88F__NP_524367.1	347	347	347	282	TCG	0.08791414648294449	1	moderate	moderate	0.022	False	user_msa
Drosophila_pseudoobscura_Drosophila_pseudoobscura__Act88F__XP_002137155.1	347	347	347	282	TCG	0.08791414648294449	1	moderate	moderate	0.022	False	user_msa
Drosophila_sechellia_Drosophila_sechellia__Act88F__XP_002031056.2	347	347	347	282	TCG	0.08791414648294449	1	moderate	moderate	0.022	False	user_msa
Drosophila_simulans_Drosophila_simulans__LOC6727955__XP_016034553.1	347	347	347	282	TCG	0.08791414648294449	1	moderate	moderate	0.022	False	user_msa
Drosophila_subobscura_Drosophila_subobscura__LOC117898432__XP_034663715.1	347	347	347	282	TCG	0.08791414648294449	1	moderate	moderate	0.022	False	user_msa
Drosophila_suzukii_Drosophila_suzukii__Act88F__XP_016925443.1	347	347	347	282	TCG	0.08791414648294449	1	moderate	moderate	0.022	False	user_msa
Drosophila_virilis_Drosophila_virilis__Act88F__XP_002054294.1	347	347	347	282	TCA	0.08040859550237656	1	moderate	moderate	0.022	False	user_msa
Drosophila_willistoni_Drosophila_willistoni__LOC6646901__XP_002069647.1	347	347	347	282	TCG	0.08791414648294449	1	moderate	moderate	0.022	False	user_msa
Drosophila_yakuba_Drosophila_yakuba__LOC6537169__XP_002097730.1	347	347	347	282	TCG	0.08791414648294449	1	moderate	moderate	0.022	False	user_msa
Drosophila_ananassae_Drosophila_ananassae__LOC6501076__XP_001954513.1	348	348	348	283	ATC	0.06382526457309723	1	moderate	moderate	0.022	False	user_msa
Drosophila_biarmipes_Drosophila_biarmipes__LOC108026160__XP_016952383.1	348	348	348	283	ATC	0.06382526457309723	1	moderate	moderate	0.022	False	user_msa
Drosophila_mauritiana_Drosophila_mauritiana__LOC117145868__XP_033167581.1	348	348	348	283	ATC	0.06382526457309723	1	moderate	moderate	0.022	False	user_msa
Drosophila_melanogaster_Drosophila_melanogaster__Act88F__NP_524367.1	348	348	348	283	ATC	0.06382526457309723	1	moderate	moderate	0.022	False	user_msa
Drosophila_pseudoobscura_Drosophila_pseudoobscura__Act88F__XP_002137155.1	348	348	348	283	ATC	0.06382526457309723	1	moderate	moderate	0.022	False	user_msa
Drosophila_sechellia_Drosophila_sechellia__Act88F__XP_002031056.2	348	348	348	283	ATC	0.06382526457309723	1	moderate	moderate	0.022	False	user_msa
Drosophila_simulans_Drosophila_simulans__LOC6727955__XP_016034553.1	348	348	348	283	ATC	0.06382526457309723	1	moderate	moderate	0.022	False	user_msa
Drosophila_subobscura_Drosophila_subobscura__LOC117898432__XP_034663715.1	348	348	348	283	ATC	0.06382526457309723	1	moderate	moderate	0.022	False	user_msa
Drosophila_suzukii_Drosophila_suzukii__Act88F__XP_016925443.1	348	348	348	283	ATC	0.06382526457309723	1	moderate	moderate	0.022	False	user_msa
Drosophila_virilis_Drosophila_virilis__Act88F__XP_002054294.1	348	348	348	283	ATC	0.06382526457309723	1	moderate	moderate	0.022	False	user_msa
Drosophila_willistoni_Drosophila_willistoni__LOC6646901__XP_002069647.1	348	348	348	283	ATC	0.06382526457309723	1	moderate	moderate	0.022	False	user_msa
Drosophila_yakuba_Drosophila_yakuba__LOC6537169__XP_002097730.1	348	348	348	283	ATC	0.06382526457309723	1	moderate	moderate	0.022	False	user_msa
Drosophila_ananassae_Drosophila_ananassae__LOC6501076__XP_001954513.1	349	349	349	284	ATG	0.06404543668031693	1	moderate	moderate	0.022	False	user_msa
Drosophila_biarmipes_Drosophila_biarmipes__LOC108026160__XP_016952383.1	349	349	349	284	ATG	0.06404543668031693	1	moderate	moderate	0.022	False	user_msa
Drosophila_mauritiana_Drosophila_mauritiana__LOC117145868__XP_033167581.1	349	349	349	284	ATG	0.06404543668031693	1	moderate	moderate	0.022	False	user_msa
Drosophila_melanogaster_Drosophila_melanogaster__Act88F__NP_524367.1	349	349	349	284	ATG	0.06404543668031693	1	moderate	moderate	0.022	False	user_msa
Drosophila_pseudoobscura_Drosophila_pseudoobscura__Act88F__XP_002137155.1	349	349	349	284	ATG	0.06404543668031693	1	moderate	moderate	0.022	False	user_msa
Drosophila_sechellia_Drosophila_sechellia__Act88F__XP_002031056.2	349	349	349	284	ATG	0.06404543668031693	1	moderate	moderate	0.022	False	user_msa
Drosophila_simulans_Drosophila_simulans__LOC6727955__XP_016034553.1	349	349	349	284	ATG	0.06404543668031693	1	moderate	moderate	0.022	False	user_msa
Drosophila_subobscura_Drosophila_subobscura__LOC117898432__XP_034663715.1	349	349	349	284	ATG	0.06404543668031693	1	moderate	moderate	0.022	False	user_msa
Drosophila_suzukii_Drosophila_suzukii__Act88F__XP_016925443.1	349	349	349	284	ATG	0.06404543668031693	1	moderate	moderate	0.022	False	user_msa
Drosophila_virilis_Drosophila_virilis__Act88F__XP_002054294.1	349	349	349	284	ATG	0.06404543668031693	1	moderate	moderate	0.022	False	user_msa
Drosophila_willistoni_Drosophila_willistoni__LOC6646901__XP_002069647.1	349	349	349	284	ATG	0.06404543668031693	1	moderate	moderate	0.022	False	user_msa
Drosophila_yakuba_Drosophila_yakuba__LOC6537169__XP_002097730.1	349	349	349	284	ATG	0.06404543668031693	1	moderate	moderate	0.022	False	user_msa
Drosophila_ananassae_Drosophila_ananassae__LOC6501076__XP_001954513.1	350	350	350	285	AAG	0.06155543401837349	1	moderate	moderate	0.022	False	user_msa
Drosophila_biarmipes_Drosophila_biarmipes__LOC108026160__XP_016952383.1	350	350	350	285	AAG	0.06155543401837349	1	moderate	moderate	0.022	False	user_msa
Drosophila_mauritiana_Drosophila_mauritiana__LOC117145868__XP_033167581.1	350	350	350	285	AAG	0.06155543401837349	1	moderate	moderate	0.022	False	user_msa
Drosophila_melanogaster_Drosophila_melanogaster__Act88F__NP_524367.1	350	350	350	285	AAG	0.06155543401837349	1	moderate	moderate	0.022	False	user_msa
Drosophila_pseudoobscura_Drosophila_pseudoobscura__Act88F__XP_002137155.1	350	350	350	285	AAG	0.06155543401837349	1	moderate	moderate	0.022	False	user_msa
Drosophila_sechellia_Drosophila_sechellia__Act88F__XP_002031056.2	350	350	350	285	AAG	0.06155543401837349	1	moderate	moderate	0.022	False	user_msa
Drosophila_simulans_Drosophila_simulans__LOC6727955__XP_016034553.1	350	350	350	285	AAG	0.06155543401837349	1	moderate	moderate	0.022	False	user_msa
Drosophila_subobscura_Drosophila_subobscura__LOC117898432__XP_034663715.1	350	350	350	285	AAG	0.06155543401837349	1	moderate	moderate	0.022	False	user_msa
Drosophila_suzukii_Drosophila_suzukii__Act88F__XP_016925443.1	350	350	350	285	AAG	0.06155543401837349	1	moderate	moderate	0.022	False	user_msa
Drosophila_virilis_Drosophila_virilis__Act88F__XP_002054294.1	350	350	350	285	AAG	0.06155543401837349	1	moderate	moderate	0.022	False	user_msa
Drosophila_willistoni_Drosophila_willistoni__LOC6646901__XP_002069647.1	350	350	350	285	AAG	0.06155543401837349	1	moderate	moderate	0.022	False	user_msa
Drosophila_yakuba_Drosophila_yakuba__LOC6537169__XP_002097730.1	350	350	350	285	AAG	0.06155543401837349	1	moderate	moderate	0.022	False	user_msa
Drosophila_ananassae_Drosophila_ananassae__LOC6501076__XP_001954513.1	351	351	351	286	TGC	0.07496867328882217	1	moderate	moderate	0.022	False	user_msa
Drosophila_biarmipes_Drosophila_biarmipes__LOC108026160__XP_016952383.1	351	351	351	286	TGC	0.07496867328882217	1	moderate	moderate	0.022	False	user_msa
Drosophila_mauritiana_Drosophila_mauritiana__LOC117145868__XP_033167581.1	351	351	351	286	TGC	0.07496867328882217	1	moderate	moderate	0.022	False	user_msa
Drosophila_melanogaster_Drosophila_melanogaster__Act88F__NP_524367.1	351	351	351	286	TGC	0.07496867328882217	1	moderate	moderate	0.022	False	user_msa
Drosophila_pseudoobscura_Drosophila_pseudoobscura__Act88F__XP_002137155.1	351	351	351	286	TGC	0.07496867328882217	1	moderate	moderate	0.022	False	user_msa
Drosophila_sechellia_Drosophila_sechellia__Act88F__XP_002031056.2	351	351	351	286	TGC	0.07496867328882217	1	moderate	moderate	0.022	False	user_msa
Drosophila_simulans_Drosophila_simulans__LOC6727955__XP_016034553.1	351	351	351	286	TGC	0.07496867328882217	1	moderate	moderate	0.022	False	user_msa
Drosophila_subobscura_Drosophila_subobscura__LOC117898432__XP_034663715.1	351	351	351	286	TGC	0.07496867328882217	1	moderate	moderate	0.022	False	user_msa
Drosophila_suzukii_Drosophila_suzukii__Act88F__XP_016925443.1	351	351	351	286	TGC	0.07496867328882217	1	moderate	moderate	0.022	False	user_msa
Drosophila_virilis_Drosophila_virilis__Act88F__XP_002054294.1	351	351	351	286	TGC	0.07496867328882217	1	moderate	moderate	0.022	False	user_msa
Drosophila_willistoni_Drosophila_willistoni__LOC6646901__XP_002069647.1	351	351	351	286	TGC	0.07496867328882217	1	moderate	moderate	0.022	False	user_msa
Drosophila_yakuba_Drosophila_yakuba__LOC6537169__XP_002097730.1	351	351	351	286	TGC	0.07496867328882217	1	moderate	moderate	0.022	False	user_msa
Drosophila_ananassae_Drosophila_ananassae__LOC6501076__XP_001954513.1	352	352	352	287	GAC	0.0770752802491188	1	moderate	moderate	0.022	False	user_msa
Drosophila_biarmipes_Drosophila_biarmipes__LOC108026160__XP_016952383.1	352	352	352	287	GAC	0.0770752802491188	1	moderate	moderate	0.022	False	user_msa
Drosophila_mauritiana_Drosophila_mauritiana__LOC117145868__XP_033167581.1	352	352	352	287	GAC	0.0770752802491188	1	moderate	moderate	0.022	False	user_msa
Drosophila_melanogaster_Drosophila_melanogaster__Act88F__NP_524367.1	352	352	352	287	GAC	0.0770752802491188	1	moderate	moderate	0.022	False	user_msa
Drosophila_pseudoobscura_Drosophila_pseudoobscura__Act88F__XP_002137155.1	352	352	352	287	GAT	0.08411825448274612	1	moderate	moderate	0.022	False	user_msa
Drosophila_sechellia_Drosophila_sechellia__Act88F__XP_002031056.2	352	352	352	287	GAC	0.0770752802491188	1	moderate	moderate	0.022	False	user_msa
Drosophila_simulans_Drosophila_simulans__LOC6727955__XP_016034553.1	352	352	352	287	GAC	0.0770752802491188	1	moderate	moderate	0.022	False	user_msa
Drosophila_subobscura_Drosophila_subobscura__LOC117898432__XP_034663715.1	352	352	352	287	GAT	0.08411825448274612	1	moderate	moderate	0.022	False	user_msa
Drosophila_suzukii_Drosophila_suzukii__Act88F__XP_016925443.1	352	352	352	287	GAC	0.0770752802491188	1	moderate	moderate	0.022	False	user_msa
Drosophila_virilis_Drosophila_virilis__Act88F__XP_002054294.1	352	352	352	287	GAT	0.08411825448274612	1	moderate	moderate	0.022	False	user_msa
Drosophila_willistoni_Drosophila_willistoni__LOC6646901__XP_002069647.1	352	352	352	287	GAT	0.08411825448274612	1	moderate	moderate	0.022	False	user_msa
Drosophila_yakuba_Drosophila_yakuba__LOC6537169__XP_002097730.1	352	352	352	287	GAC	0.0770752802491188	1	moderate	moderate	0.022	False	user_msa
Drosophila_ananassae_Drosophila_ananassae__LOC6501076__XP_001954513.1	353	353	353	288	GTG	0.07158465683460236	1	moderate	moderate	0.022	False	user_msa
Drosophila_biarmipes_Drosophila_biarmipes__LOC108026160__XP_016952383.1	353	353	353	288	GTG	0.07158465683460236	1	moderate	moderate	0.022	False	user_msa
Drosophila_mauritiana_Drosophila_mauritiana__LOC117145868__XP_033167581.1	353	353	353	288	GTG	0.07158465683460236	1	moderate	moderate	0.022	False	user_msa
Drosophila_melanogaster_Drosophila_melanogaster__Act88F__NP_524367.1	353	353	353	288	GTG	0.07158465683460236	1	moderate	moderate	0.022	False	user_msa
Drosophila_pseudoobscura_Drosophila_pseudoobscura__Act88F__XP_002137155.1	353	353	353	288	GTG	0.07158465683460236	1	moderate	moderate	0.022	False	user_msa
Drosophila_sechellia_Drosophila_sechellia__Act88F__XP_002031056.2	353	353	353	288	GTG	0.07158465683460236	1	moderate	moderate	0.022	False	user_msa
Drosophila_simulans_Drosophila_simulans__LOC6727955__XP_016034553.1	353	353	353	288	GTG	0.07158465683460236	1	moderate	moderate	0.022	False	user_msa
Drosophila_subobscura_Drosophila_subobscura__LOC117898432__XP_034663715.1	353	353	353	288	GTG	0.07158465683460236	1	moderate	moderate	0.022	False	user_msa
Drosophila_suzukii_Drosophila_suzukii__Act88F__XP_016925443.1	353	353	353	288	GTG	0.07158465683460236	1	moderate	moderate	0.022	False	user_msa
Drosophila_virilis_Drosophila_virilis__Act88F__XP_002054294.1	353	353	353	288	GTG	0.07158465683460236	1	moderate	moderate	0.022	False	user_msa
Drosophila_willistoni_Drosophila_willistoni__LOC6646901__XP_002069647.1	353	353	353	288	GTG	0.07158465683460236	1	moderate	moderate	0.022	False	user_msa
Drosophila_yakuba_Drosophila_yakuba__LOC6537169__XP_002097730.1	353	353	353	288	GTG	0.07158465683460236	1	moderate	moderate	0.022	False	user_msa
Drosophila_ananassae_Drosophila_ananassae__LOC6501076__XP_001954513.1	354	354	354	289	GAC	0.07938142865896225	1	moderate	moderate	0.022	False	user_msa
Drosophila_biarmipes_Drosophila_biarmipes__LOC108026160__XP_016952383.1	354	354	354	289	GAC	0.07938142865896225	1	moderate	moderate	0.022	False	user_msa
Drosophila_mauritiana_Drosophila_mauritiana__LOC117145868__XP_033167581.1	354	354	354	289	GAC	0.07938142865896225	1	moderate	moderate	0.022	False	user_msa
Drosophila_melanogaster_Drosophila_melanogaster__Act88F__NP_524367.1	354	354	354	289	GAC	0.07938142865896225	1	moderate	moderate	0.022	False	user_msa
Drosophila_pseudoobscura_Drosophila_pseudoobscura__Act88F__XP_002137155.1	354	354	354	289	GAC	0.07938142865896225	1	moderate	moderate	0.022	False	user_msa
Drosophila_sechellia_Drosophila_sechellia__Act88F__XP_002031056.2	354	354	354	289	GAC	0.07938142865896225	1	moderate	moderate	0.022	False	user_msa
Drosophila_simulans_Drosophila_simulans__LOC6727955__XP_016034553.1	354	354	354	289	GAC	0.07938142865896225	1	moderate	moderate	0.022	False	user_msa
Drosophila_subobscura_Drosophila_subobscura__LOC117898432__XP_034663715.1	354	354	354	289	GAC	0.07938142865896225	1	moderate	moderate	0.022	False	user_msa
Drosophila_suzukii_Drosophila_suzukii__Act88F__XP_016925443.1	354	354	354	289	GAC	0.07938142865896225	1	moderate	moderate	0.022	False	user_msa
Drosophila_virilis_Drosophila_virilis__Act88F__XP_002054294.1	354	354	354	289	GAT	0.0867999792098999	1	moderate	moderate	0.022	False	user_msa
Drosophila_willistoni_Drosophila_willistoni__LOC6646901__XP_002069647.1	354	354	354	289	GAC	0.07938142865896225	1	moderate	moderate	0.022	False	user_msa
Drosophila_yakuba_Drosophila_yakuba__LOC6537169__XP_002097730.1	354	354	354	289	GAC	0.07938142865896225	1	moderate	moderate	0.022	False	user_msa
Drosophila_ananassae_Drosophila_ananassae__LOC6501076__XP_001954513.1	355	355	355	290	ATC	0.07319414615631104	1	moderate	moderate	0.022	False	user_msa
Drosophila_biarmipes_Drosophila_biarmipes__LOC108026160__XP_016952383.1	355	355	355	290	ATC	0.07319414615631104	1	moderate	moderate	0.022	False	user_msa
Drosophila_mauritiana_Drosophila_mauritiana__LOC117145868__XP_033167581.1	355	355	355	290	ATC	0.07319414615631104	1	moderate	moderate	0.022	False	user_msa
Drosophila_melanogaster_Drosophila_melanogaster__Act88F__NP_524367.1	355	355	355	290	ATC	0.07319414615631104	1	moderate	moderate	0.022	False	user_msa
Drosophila_pseudoobscura_Drosophila_pseudoobscura__Act88F__XP_002137155.1	355	355	355	290	ATC	0.07319414615631104	1	moderate	moderate	0.022	False	user_msa
Drosophila_sechellia_Drosophila_sechellia__Act88F__XP_002031056.2	355	355	355	290	ATC	0.07319414615631104	1	moderate	moderate	0.022	False	user_msa
Drosophila_simulans_Drosophila_simulans__LOC6727955__XP_016034553.1	355	355	355	290	ATC	0.07319414615631104	1	moderate	moderate	0.022	False	user_msa
Drosophila_subobscura_Drosophila_subobscura__LOC117898432__XP_034663715.1	355	355	355	290	ATC	0.07319414615631104	1	moderate	moderate	0.022	False	user_msa
Drosophila_suzukii_Drosophila_suzukii__Act88F__XP_016925443.1	355	355	355	290	ATC	0.07319414615631104	1	moderate	moderate	0.022	False	user_msa
Drosophila_virilis_Drosophila_virilis__Act88F__XP_002054294.1	355	355	355	290	ATT	0.07888585329055786	1	moderate	moderate	0.022	False	user_msa
Drosophila_willistoni_Drosophila_willistoni__LOC6646901__XP_002069647.1	355	355	355	290	ATT	0.07888585329055786	1	moderate	moderate	0.022	False	user_msa
Drosophila_yakuba_Drosophila_yakuba__LOC6537169__XP_002097730.1	355	355	355	290	ATC	0.07319414615631104	1	moderate	moderate	0.022	False	user_msa
Drosophila_ananassae_Drosophila_ananassae__LOC6501076__XP_001954513.1	356	356	356	291	CGC	0.07512511312961578	1	moderate	moderate	0.022	False	user_msa
Drosophila_biarmipes_Drosophila_biarmipes__LOC108026160__XP_016952383.1	356	356	356	291	CGC	0.07512511312961578	1	moderate	moderate	0.022	False	user_msa
Drosophila_mauritiana_Drosophila_mauritiana__LOC117145868__XP_033167581.1	356	356	356	291	CGC	0.07512511312961578	1	moderate	moderate	0.022	False	user_msa
Drosophila_melanogaster_Drosophila_melanogaster__Act88F__NP_524367.1	356	356	356	291	CGC	0.07512511312961578	1	moderate	moderate	0.022	False	user_msa
Drosophila_pseudoobscura_Drosophila_pseudoobscura__Act88F__XP_002137155.1	356	356	356	291	CGT	0.0813818871974945	1	moderate	moderate	0.022	False	user_msa
Drosophila_sechellia_Drosophila_sechellia__Act88F__XP_002031056.2	356	356	356	291	CGC	0.07512511312961578	1	moderate	moderate	0.022	False	user_msa
Drosophila_simulans_Drosophila_simulans__LOC6727955__XP_016034553.1	356	356	356	291	CGC	0.07512511312961578	1	moderate	moderate	0.022	False	user_msa
Drosophila_subobscura_Drosophila_subobscura__LOC117898432__XP_034663715.1	356	356	356	291	CGC	0.07512511312961578	1	moderate	moderate	0.022	False	user_msa
Drosophila_suzukii_Drosophila_suzukii__Act88F__XP_016925443.1	356	356	356	291	CGT	0.0813818871974945	1	moderate	moderate	0.022	False	user_msa
Drosophila_virilis_Drosophila_virilis__Act88F__XP_002054294.1	356	356	356	291	CGT	0.0813818871974945	1	moderate	moderate	0.022	False	user_msa
Drosophila_willistoni_Drosophila_willistoni__LOC6646901__XP_002069647.1	356	356	356	291	CGT	0.0813818871974945	1	moderate	moderate	0.022	False	user_msa
Drosophila_yakuba_Drosophila_yakuba__LOC6537169__XP_002097730.1	356	356	356	291	CGC	0.07512511312961578	1	moderate	moderate	0.022	False	user_msa
Drosophila_ananassae_Drosophila_ananassae__LOC6501076__XP_001954513.1	357	357	357	292	AAG	0.06161225587129593	1	moderate	moderate	0.022	False	user_msa
Drosophila_biarmipes_Drosophila_biarmipes__LOC108026160__XP_016952383.1	357	357	357	292	AAG	0.06161225587129593	1	moderate	moderate	0.022	False	user_msa
Drosophila_mauritiana_Drosophila_mauritiana__LOC117145868__XP_033167581.1	357	357	357	292	AAG	0.06161225587129593	1	moderate	moderate	0.022	False	user_msa
Drosophila_melanogaster_Drosophila_melanogaster__Act88F__NP_524367.1	357	357	357	292	AAG	0.06161225587129593	1	moderate	moderate	0.022	False	user_msa
Drosophila_pseudoobscura_Drosophila_pseudoobscura__Act88F__XP_002137155.1	357	357	357	292	AAG	0.06161225587129593	1	moderate	moderate	0.022	False	user_msa
Drosophila_sechellia_Drosophila_sechellia__Act88F__XP_002031056.2	357	357	357	292	AAG	0.06161225587129593	1	moderate	moderate	0.022	False	user_msa
Drosophila_simulans_Drosophila_simulans__LOC6727955__XP_016034553.1	357	357	357	292	AAG	0.06161225587129593	1	moderate	moderate	0.022	False	user_msa
Drosophila_subobscura_Drosophila_subobscura__LOC117898432__XP_034663715.1	357	357	357	292	AAG	0.06161225587129593	1	moderate	moderate	0.022	False	user_msa
Drosophila_suzukii_Drosophila_suzukii__Act88F__XP_016925443.1	357	357	357	292	AAG	0.06161225587129593	1	moderate	moderate	0.022	False	user_msa
Drosophila_virilis_Drosophila_virilis__Act88F__XP_002054294.1	357	357	357	292	AAG	0.06161225587129593	1	moderate	moderate	0.022	False	user_msa
Drosophila_willistoni_Drosophila_willistoni__LOC6646901__XP_002069647.1	357	357	357	292	AAG	0.06161225587129593	1	moderate	moderate	0.022	False	user_msa
Drosophila_yakuba_Drosophila_yakuba__LOC6537169__XP_002097730.1	357	357	357	292	AAG	0.06161225587129593	1	moderate	moderate	0.022	False	user_msa
Drosophila_ananassae_Drosophila_ananassae__LOC6501076__XP_001954513.1	358	358	358	293	GAT	0.06872634589672089	1	moderate	moderate	0.022	False	user_msa
Drosophila_biarmipes_Drosophila_biarmipes__LOC108026160__XP_016952383.1	358	358	358	293	GAT	0.06872634589672089	1	moderate	moderate	0.022	False	user_msa
Drosophila_mauritiana_Drosophila_mauritiana__LOC117145868__XP_033167581.1	358	358	358	293	GAT	0.06872634589672089	1	moderate	moderate	0.022	False	user_msa
Drosophila_melanogaster_Drosophila_melanogaster__Act88F__NP_524367.1	358	358	358	293	GAT	0.06872634589672089	1	moderate	moderate	0.022	False	user_msa
Drosophila_pseudoobscura_Drosophila_pseudoobscura__Act88F__XP_002137155.1	358	358	358	293	GAT	0.06872634589672089	1	moderate	moderate	0.022	False	user_msa
Drosophila_sechellia_Drosophila_sechellia__Act88F__XP_002031056.2	358	358	358	293	GAT	0.06872634589672089	1	moderate	moderate	0.022	False	user_msa
Drosophila_simulans_Drosophila_simulans__LOC6727955__XP_016034553.1	358	358	358	293	GAT	0.06872634589672089	1	moderate	moderate	0.022	False	user_msa
Drosophila_subobscura_Drosophila_subobscura__LOC117898432__XP_034663715.1	358	358	358	293	GAT	0.06872634589672089	1	moderate	moderate	0.022	False	user_msa
Drosophila_suzukii_Drosophila_suzukii__Act88F__XP_016925443.1	358	358	358	293	GAT	0.06872634589672089	1	moderate	moderate	0.022	False	user_msa
Drosophila_virilis_Drosophila_virilis__Act88F__XP_002054294.1	358	358	358	293	GAT	0.06872634589672089	1	moderate	moderate	0.022	False	user_msa
Drosophila_willistoni_Drosophila_willistoni__LOC6646901__XP_002069647.1	358	358	358	293	GAT	0.06872634589672089	1	moderate	moderate	0.022	False	user_msa
Drosophila_yakuba_Drosophila_yakuba__LOC6537169__XP_002097730.1	358	358	358	293	GAT	0.06872634589672089	1	moderate	moderate	0.022	False	user_msa
Drosophila_ananassae_Drosophila_ananassae__LOC6501076__XP_001954513.1	359	359	359	294	CTG	0.0676117092370987	1	moderate	moderate	0.022	False	user_msa
Drosophila_biarmipes_Drosophila_biarmipes__LOC108026160__XP_016952383.1	359	359	359	294	CTG	0.0676117092370987	1	moderate	moderate	0.022	False	user_msa
Drosophila_mauritiana_Drosophila_mauritiana__LOC117145868__XP_033167581.1	359	359	359	294	CTG	0.0676117092370987	1	moderate	moderate	0.022	False	user_msa
Drosophila_melanogaster_Drosophila_melanogaster__Act88F__NP_524367.1	359	359	359	294	CTG	0.0676117092370987	1	moderate	moderate	0.022	False	user_msa
Drosophila_pseudoobscura_Drosophila_pseudoobscura__Act88F__XP_002137155.1	359	359	359	294	CTG	0.0676117092370987	1	moderate	moderate	0.022	False	user_msa
Drosophila_sechellia_Drosophila_sechellia__Act88F__XP_002031056.2	359	359	359	294	CTG	0.0676117092370987	1	moderate	moderate	0.022	False	user_msa
Drosophila_simulans_Drosophila_simulans__LOC6727955__XP_016034553.1	359	359	359	294	CTG	0.0676117092370987	1	moderate	moderate	0.022	False	user_msa
Drosophila_subobscura_Drosophila_subobscura__LOC117898432__XP_034663715.1	359	359	359	294	CTG	0.0676117092370987	1	moderate	moderate	0.022	False	user_msa
Drosophila_suzukii_Drosophila_suzukii__Act88F__XP_016925443.1	359	359	359	294	CTG	0.0676117092370987	1	moderate	moderate	0.022	False	user_msa
Drosophila_virilis_Drosophila_virilis__Act88F__XP_002054294.1	359	359	359	294	CTG	0.0676117092370987	1	moderate	moderate	0.022	False	user_msa
Drosophila_willistoni_Drosophila_willistoni__LOC6646901__XP_002069647.1	359	359	359	294	CTG	0.0676117092370987	1	moderate	moderate	0.022	False	user_msa
Drosophila_yakuba_Drosophila_yakuba__LOC6537169__XP_002097730.1	359	359	359	294	CTG	0.0676117092370987	1	moderate	moderate	0.022	False	user_msa
Drosophila_ananassae_Drosophila_ananassae__LOC6501076__XP_001954513.1	360	360	360	295	TAC	0.079548679292202	1	moderate	moderate	0.022	False	user_msa
Drosophila_biarmipes_Drosophila_biarmipes__LOC108026160__XP_016952383.1	360	360	360	295	TAC	0.079548679292202	1	moderate	moderate	0.022	False	user_msa
Drosophila_mauritiana_Drosophila_mauritiana__LOC117145868__XP_033167581.1	360	360	360	295	TAT	0.08698152005672455	1	moderate	moderate	0.022	False	user_msa
Drosophila_melanogaster_Drosophila_melanogaster__Act88F__NP_524367.1	360	360	360	295	TAT	0.08698152005672455	1	moderate	moderate	0.022	False	user_msa
Drosophila_pseudoobscura_Drosophila_pseudoobscura__Act88F__XP_002137155.1	360	360	360	295	TAT	0.08698152005672455	1	moderate	moderate	0.022	False	user_msa
Drosophila_sechellia_Drosophila_sechellia__Act88F__XP_002031056.2	360	360	360	295	TAT	0.08698152005672455	1	moderate	moderate	0.022	False	user_msa
Drosophila_simulans_Drosophila_simulans__LOC6727955__XP_016034553.1	360	360	360	295	TAT	0.08698152005672455	1	moderate	moderate	0.022	False	user_msa
Drosophila_subobscura_Drosophila_subobscura__LOC117898432__XP_034663715.1	360	360	360	295	TAT	0.08698152005672455	1	moderate	moderate	0.022	False	user_msa
Drosophila_suzukii_Drosophila_suzukii__Act88F__XP_016925443.1	360	360	360	295	TAT	0.08698152005672455	1	moderate	moderate	0.022	False	user_msa
Drosophila_virilis_Drosophila_virilis__Act88F__XP_002054294.1	360	360	360	295	TAT	0.08698152005672455	1	moderate	moderate	0.022	False	user_msa
Drosophila_willistoni_Drosophila_willistoni__LOC6646901__XP_002069647.1	360	360	360	295	TAT	0.08698152005672455	1	moderate	moderate	0.022	False	user_msa
Drosophila_yakuba_Drosophila_yakuba__LOC6537169__XP_002097730.1	360	360	360	295	TAT	0.08698152005672455	1	moderate	moderate	0.022	False	user_msa
Drosophila_ananassae_Drosophila_ananassae__LOC6501076__XP_001954513.1	361	361	361	296	GCC	0.06920766085386276	1	moderate	moderate	0.022	False	user_msa
Drosophila_biarmipes_Drosophila_biarmipes__LOC108026160__XP_016952383.1	361	361	361	296	GCC	0.06920766085386276	1	moderate	moderate	0.022	False	user_msa
Drosophila_mauritiana_Drosophila_mauritiana__LOC117145868__XP_033167581.1	361	361	361	296	GCC	0.06920766085386276	1	moderate	moderate	0.022	False	user_msa
Drosophila_melanogaster_Drosophila_melanogaster__Act88F__NP_524367.1	361	361	361	296	GCC	0.06920766085386276	1	moderate	moderate	0.022	False	user_msa
Drosophila_pseudoobscura_Drosophila_pseudoobscura__Act88F__XP_002137155.1	361	361	361	296	GCC	0.06920766085386276	1	moderate	moderate	0.022	False	user_msa
Drosophila_sechellia_Drosophila_sechellia__Act88F__XP_002031056.2	361	361	361	296	GCC	0.06920766085386276	1	moderate	moderate	0.022	False	user_msa
Drosophila_simulans_Drosophila_simulans__LOC6727955__XP_016034553.1	361	361	361	296	GCC	0.06920766085386276	1	moderate	moderate	0.022	False	user_msa
Drosophila_subobscura_Drosophila_subobscura__LOC117898432__XP_034663715.1	361	361	361	296	GCC	0.06920766085386276	1	moderate	moderate	0.022	False	user_msa
Drosophila_suzukii_Drosophila_suzukii__Act88F__XP_016925443.1	361	361	361	296	GCC	0.06920766085386276	1	moderate	moderate	0.022	False	user_msa
Drosophila_virilis_Drosophila_virilis__Act88F__XP_002054294.1	361	361	361	296	GCC	0.06920766085386276	1	moderate	moderate	0.022	False	user_msa
Drosophila_willistoni_Drosophila_willistoni__LOC6646901__XP_002069647.1	361	361	361	296	GCC	0.06920766085386276	1	moderate	moderate	0.022	False	user_msa
Drosophila_yakuba_Drosophila_yakuba__LOC6537169__XP_002097730.1	361	361	361	296	GCC	0.06920766085386276	1	moderate	moderate	0.022	False	user_msa
Drosophila_ananassae_Drosophila_ananassae__LOC6501076__XP_001954513.1	362	362	362	297	AAC	0.061448562890291214	1	moderate	moderate	0.022	False	user_msa
Drosophila_biarmipes_Drosophila_biarmipes__LOC108026160__XP_016952383.1	362	362	362	297	AAC	0.061448562890291214	1	moderate	moderate	0.022	False	user_msa
Drosophila_mauritiana_Drosophila_mauritiana__LOC117145868__XP_033167581.1	362	362	362	297	AAC	0.061448562890291214	1	moderate	moderate	0.022	False	user_msa
Drosophila_melanogaster_Drosophila_melanogaster__Act88F__NP_524367.1	362	362	362	297	AAC	0.061448562890291214	1	moderate	moderate	0.022	False	user_msa
Drosophila_pseudoobscura_Drosophila_pseudoobscura__Act88F__XP_002137155.1	362	362	362	297	AAC	0.061448562890291214	1	moderate	moderate	0.022	False	user_msa
Drosophila_sechellia_Drosophila_sechellia__Act88F__XP_002031056.2	362	362	362	297	AAC	0.061448562890291214	1	moderate	moderate	0.022	False	user_msa
Drosophila_simulans_Drosophila_simulans__LOC6727955__XP_016034553.1	362	362	362	297	AAC	0.061448562890291214	1	moderate	moderate	0.022	False	user_msa
Drosophila_subobscura_Drosophila_subobscura__LOC117898432__XP_034663715.1	362	362	362	297	AAC	0.061448562890291214	1	moderate	moderate	0.022	False	user_msa
Drosophila_suzukii_Drosophila_suzukii__Act88F__XP_016925443.1	362	362	362	297	AAC	0.061448562890291214	1	moderate	moderate	0.022	False	user_msa
Drosophila_virilis_Drosophila_virilis__Act88F__XP_002054294.1	362	362	362	297	AAC	0.061448562890291214	1	moderate	moderate	0.022	False	user_msa
Drosophila_willistoni_Drosophila_willistoni__LOC6646901__XP_002069647.1	362	362	362	297	AAC	0.061448562890291214	1	moderate	moderate	0.022	False	user_msa
Drosophila_yakuba_Drosophila_yakuba__LOC6537169__XP_002097730.1	362	362	362	297	AAC	0.061448562890291214	1	moderate	moderate	0.022	False	user_msa
Drosophila_ananassae_Drosophila_ananassae__LOC6501076__XP_001954513.1	363	363	363	298	TCT	0.0891006663441658	1	moderate	moderate	0.022	False	user_msa
Drosophila_biarmipes_Drosophila_biarmipes__LOC108026160__XP_016952383.1	363	363	363	298	TCT	0.0891006663441658	1	moderate	moderate	0.022	False	user_msa
Drosophila_mauritiana_Drosophila_mauritiana__LOC117145868__XP_033167581.1	363	363	363	298	TCC	0.08150280267000198	1	moderate	moderate	0.022	False	user_msa
Drosophila_melanogaster_Drosophila_melanogaster__Act88F__NP_524367.1	363	363	363	298	TCT	0.0891006663441658	1	moderate	moderate	0.022	False	user_msa
Drosophila_pseudoobscura_Drosophila_pseudoobscura__Act88F__XP_002137155.1	363	363	363	298	TCT	0.0891006663441658	1	moderate	moderate	0.022	False	user_msa
Drosophila_sechellia_Drosophila_sechellia__Act88F__XP_002031056.2	363	363	363	298	TCC	0.08150280267000198	1	moderate	moderate	0.022	False	user_msa
Drosophila_simulans_Drosophila_simulans__LOC6727955__XP_016034553.1	363	363	363	298	TCC	0.08150280267000198	1	moderate	moderate	0.022	False	user_msa
Drosophila_subobscura_Drosophila_subobscura__LOC117898432__XP_034663715.1	363	363	363	298	TCT	0.0891006663441658	1	moderate	moderate	0.022	False	user_msa
Drosophila_suzukii_Drosophila_suzukii__Act88F__XP_016925443.1	363	363	363	298	TCT	0.0891006663441658	1	moderate	moderate	0.022	False	user_msa
Drosophila_virilis_Drosophila_virilis__Act88F__XP_002054294.1	363	363	363	298	TCT	0.0891006663441658	1	moderate	moderate	0.022	False	user_msa
Drosophila_willistoni_Drosophila_willistoni__LOC6646901__XP_002069647.1	363	363	363	298	TCT	0.0891006663441658	1	moderate	moderate	0.022	False	user_msa
Drosophila_yakuba_Drosophila_yakuba__LOC6537169__XP_002097730.1	363	363	363	298	TCC	0.08150280267000198	1	moderate	moderate	0.022	False	user_msa
Drosophila_ananassae_Drosophila_ananassae__LOC6501076__XP_001954513.1	364	364	364	299	GTG	0.071640245616436	1	moderate	moderate	0.022	False	user_msa
Drosophila_biarmipes_Drosophila_biarmipes__LOC108026160__XP_016952383.1	364	364	364	299	GTG	0.071640245616436	1	moderate	moderate	0.022	False	user_msa
Drosophila_mauritiana_Drosophila_mauritiana__LOC117145868__XP_033167581.1	364	364	364	299	GTG	0.071640245616436	1	moderate	moderate	0.022	False	user_msa
Drosophila_melanogaster_Drosophila_melanogaster__Act88F__NP_524367.1	364	364	364	299	GTG	0.071640245616436	1	moderate	moderate	0.022	False	user_msa
Drosophila_pseudoobscura_Drosophila_pseudoobscura__Act88F__XP_002137155.1	364	364	364	299	GTG	0.071640245616436	1	moderate	moderate	0.022	False	user_msa
Drosophila_sechellia_Drosophila_sechellia__Act88F__XP_002031056.2	364	364	364	299	GTG	0.071640245616436	1	moderate	moderate	0.022	False	user_msa
Drosophila_simulans_Drosophila_simulans__LOC6727955__XP_016034553.1	364	364	364	299	GTG	0.071640245616436	1	moderate	moderate	0.022	False	user_msa
Drosophila_subobscura_Drosophila_subobscura__LOC117898432__XP_034663715.1	364	364	364	299	GTG	0.071640245616436	1	moderate	moderate	0.022	False	user_msa
Drosophila_suzukii_Drosophila_suzukii__Act88F__XP_016925443.1	364	364	364	299	GTG	0.071640245616436	1	moderate	moderate	0.022	False	user_msa
Drosophila_virilis_Drosophila_virilis__Act88F__XP_002054294.1	364	364	364	299	GTG	0.071640245616436	1	moderate	moderate	0.022	False	user_msa
Drosophila_willistoni_Drosophila_willistoni__LOC6646901__XP_002069647.1	364	364	364	299	GTG	0.071640245616436	1	moderate	moderate	0.022	False	user_msa
Drosophila_yakuba_Drosophila_yakuba__LOC6537169__XP_002097730.1	364	364	364	299	GTG	0.071640245616436	1	moderate	moderate	0.022	False	user_msa
Drosophila_ananassae_Drosophila_ananassae__LOC6501076__XP_001954513.1	365	365	365	300	CTG	0.07518001645803452	1	moderate	moderate	0.022	False	user_msa
Drosophila_biarmipes_Drosophila_biarmipes__LOC108026160__XP_016952383.1	365	365	365	300	CTG	0.07518001645803452	1	moderate	moderate	0.022	False	user_msa
Drosophila_mauritiana_Drosophila_mauritiana__LOC117145868__XP_033167581.1	365	365	365	300	TTG	0.4040266275405884	1	moderate	moderate	0.022	False	user_msa
Drosophila_melanogaster_Drosophila_melanogaster__Act88F__NP_524367.1	365	365	365	300	CTG	0.07518001645803452	1	moderate	moderate	0.022	False	user_msa
Drosophila_pseudoobscura_Drosophila_pseudoobscura__Act88F__XP_002137155.1	365	365	365	300	CTG	0.07518001645803452	1	moderate	moderate	0.022	False	user_msa
Drosophila_sechellia_Drosophila_sechellia__Act88F__XP_002031056.2	365	365	365	300	CTG	0.07518001645803452	1	moderate	moderate	0.022	False	user_msa
Drosophila_simulans_Drosophila_simulans__LOC6727955__XP_016034553.1	365	365	365	300	CTG	0.07518001645803452	1	moderate	moderate	0.022	False	user_msa
Drosophila_subobscura_Drosophila_subobscura__LOC117898432__XP_034663715.1	365	365	365	300	CTG	0.07518001645803452	1	moderate	moderate	0.022	False	user_msa
Drosophila_suzukii_Drosophila_suzukii__Act88F__XP_016925443.1	365	365	365	300	CTG	0.07518001645803452	1	moderate	moderate	0.022	False	user_msa
Drosophila_virilis_Drosophila_virilis__Act88F__XP_002054294.1	365	365	365	300	CTA	0.0716073140501976	1	moderate	moderate	0.022	False	user_msa
Drosophila_willistoni_Drosophila_willistoni__LOC6646901__XP_002069647.1	365	365	365	300	CTG	0.07518001645803452	1	moderate	moderate	0.022	False	user_msa
Drosophila_yakuba_Drosophila_yakuba__LOC6537169__XP_002097730.1	365	365	365	300	CTG	0.07518001645803452	1	moderate	moderate	0.022	False	user_msa
Drosophila_ananassae_Drosophila_ananassae__LOC6501076__XP_001954513.1	366	366	366	301	TCC	0.07379559427499771	1	moderate	moderate	0.022	False	user_msa
Drosophila_biarmipes_Drosophila_biarmipes__LOC108026160__XP_016952383.1	366	366	366	301	TCC	0.07379559427499771	1	moderate	moderate	0.022	False	user_msa
Drosophila_mauritiana_Drosophila_mauritiana__LOC117145868__XP_033167581.1	366	366	366	301	TCC	0.07379559427499771	1	moderate	moderate	0.022	False	user_msa
Drosophila_melanogaster_Drosophila_melanogaster__Act88F__NP_524367.1	366	366	366	301	TCC	0.07379559427499771	1	moderate	moderate	0.022	False	user_msa
Drosophila_pseudoobscura_Drosophila_pseudoobscura__Act88F__XP_002137155.1	366	366	366	301	TCC	0.07379559427499771	1	moderate	moderate	0.022	False	user_msa
Drosophila_sechellia_Drosophila_sechellia__Act88F__XP_002031056.2	366	366	366	301	TCC	0.07379559427499771	1	moderate	moderate	0.022	False	user_msa
Drosophila_simulans_Drosophila_simulans__LOC6727955__XP_016034553.1	366	366	366	301	TCC	0.07379559427499771	1	moderate	moderate	0.022	False	user_msa
Drosophila_subobscura_Drosophila_subobscura__LOC117898432__XP_034663715.1	366	366	366	301	TCC	0.07379559427499771	1	moderate	moderate	0.022	False	user_msa
Drosophila_suzukii_Drosophila_suzukii__Act88F__XP_016925443.1	366	366	366	301	TCC	0.07379559427499771	1	moderate	moderate	0.022	False	user_msa
Drosophila_virilis_Drosophila_virilis__Act88F__XP_002054294.1	366	366	366	301	TCC	0.07379559427499771	1	moderate	moderate	0.022	False	user_msa
Drosophila_willistoni_Drosophila_willistoni__LOC6646901__XP_002069647.1	366	366	366	301	TCC	0.07379559427499771	1	moderate	moderate	0.022	False	user_msa
Drosophila_yakuba_Drosophila_yakuba__LOC6537169__XP_002097730.1	366	366	366	301	TCC	0.07379559427499771	1	moderate	moderate	0.022	False	user_msa
Drosophila_ananassae_Drosophila_ananassae__LOC6501076__XP_001954513.1	367	367	367	302	GGT	0.08782416582107544	1	moderate	moderate	0.022	False	user_msa
Drosophila_biarmipes_Drosophila_biarmipes__LOC108026160__XP_016952383.1	367	367	367	302	GGC	0.0803256556391716	1	moderate	moderate	0.022	False	user_msa
Drosophila_mauritiana_Drosophila_mauritiana__LOC117145868__XP_033167581.1	367	367	367	302	GGC	0.0803256556391716	1	moderate	moderate	0.022	False	user_msa
Drosophila_melanogaster_Drosophila_melanogaster__Act88F__NP_524367.1	367	367	367	302	GGC	0.0803256556391716	1	moderate	moderate	0.022	False	user_msa
Drosophila_pseudoobscura_Drosophila_pseudoobscura__Act88F__XP_002137155.1	367	367	367	302	GGC	0.0803256556391716	1	moderate	moderate	0.022	False	user_msa
Drosophila_sechellia_Drosophila_sechellia__Act88F__XP_002031056.2	367	367	367	302	GGC	0.0803256556391716	1	moderate	moderate	0.022	False	user_msa
Drosophila_simulans_Drosophila_simulans__LOC6727955__XP_016034553.1	367	367	367	302	GGC	0.0803256556391716	1	moderate	moderate	0.022	False	user_msa
Drosophila_subobscura_Drosophila_subobscura__LOC117898432__XP_034663715.1	367	367	367	302	GGC	0.0803256556391716	1	moderate	moderate	0.022	False	user_msa
Drosophila_suzukii_Drosophila_suzukii__Act88F__XP_016925443.1	367	367	367	302	GGT	0.08782416582107544	1	moderate	moderate	0.022	False	user_msa
Drosophila_virilis_Drosophila_virilis__Act88F__XP_002054294.1	367	367	367	302	GGC	0.0803256556391716	1	moderate	moderate	0.022	False	user_msa
Drosophila_willistoni_Drosophila_willistoni__LOC6646901__XP_002069647.1	367	367	367	302	GGT	0.08782416582107544	1	moderate	moderate	0.022	False	user_msa
Drosophila_yakuba_Drosophila_yakuba__LOC6537169__XP_002097730.1	367	367	367	302	GGC	0.0803256556391716	1	moderate	moderate	0.022	False	user_msa
Drosophila_ananassae_Drosophila_ananassae__LOC6501076__XP_001954513.1	368	368	368	303	GGT	0.07075861841440201	1	moderate	moderate	0.022	False	user_msa
Drosophila_biarmipes_Drosophila_biarmipes__LOC108026160__XP_016952383.1	368	368	368	303	GGT	0.07075861841440201	1	moderate	moderate	0.022	False	user_msa
Drosophila_mauritiana_Drosophila_mauritiana__LOC117145868__XP_033167581.1	368	368	368	303	GGT	0.07075861841440201	1	moderate	moderate	0.022	False	user_msa
Drosophila_melanogaster_Drosophila_melanogaster__Act88F__NP_524367.1	368	368	368	303	GGT	0.07075861841440201	1	moderate	moderate	0.022	False	user_msa
Drosophila_pseudoobscura_Drosophila_pseudoobscura__Act88F__XP_002137155.1	368	368	368	303	GGT	0.07075861841440201	1	moderate	moderate	0.022	False	user_msa
Drosophila_sechellia_Drosophila_sechellia__Act88F__XP_002031056.2	368	368	368	303	GGT	0.07075861841440201	1	moderate	moderate	0.022	False	user_msa
Drosophila_simulans_Drosophila_simulans__LOC6727955__XP_016034553.1	368	368	368	303	GGT	0.07075861841440201	1	moderate	moderate	0.022	False	user_msa
Drosophila_subobscura_Drosophila_subobscura__LOC117898432__XP_034663715.1	368	368	368	303	GGT	0.07075861841440201	1	moderate	moderate	0.022	False	user_msa
Drosophila_suzukii_Drosophila_suzukii__Act88F__XP_016925443.1	368	368	368	303	GGT	0.07075861841440201	1	moderate	moderate	0.022	False	user_msa
Drosophila_virilis_Drosophila_virilis__Act88F__XP_002054294.1	368	368	368	303	GGT	0.07075861841440201	1	moderate	moderate	0.022	False	user_msa
Drosophila_willistoni_Drosophila_willistoni__LOC6646901__XP_002069647.1	368	368	368	303	GGT	0.07075861841440201	1	moderate	moderate	0.022	False	user_msa
Drosophila_yakuba_Drosophila_yakuba__LOC6537169__XP_002097730.1	368	368	368	303	GGT	0.07075861841440201	1	moderate	moderate	0.022	False	user_msa
Drosophila_ananassae_Drosophila_ananassae__LOC6501076__XP_001954513.1	369	369	369	304	ACC	0.062327172607183456	1	moderate	moderate	0.022	False	user_msa
Drosophila_biarmipes_Drosophila_biarmipes__LOC108026160__XP_016952383.1	369	369	369	304	ACC	0.062327172607183456	1	moderate	moderate	0.022	False	user_msa
Drosophila_mauritiana_Drosophila_mauritiana__LOC117145868__XP_033167581.1	369	369	369	304	ACC	0.062327172607183456	1	moderate	moderate	0.022	False	user_msa
Drosophila_melanogaster_Drosophila_melanogaster__Act88F__NP_524367.1	369	369	369	304	ACC	0.062327172607183456	1	moderate	moderate	0.022	False	user_msa
Drosophila_pseudoobscura_Drosophila_pseudoobscura__Act88F__XP_002137155.1	369	369	369	304	ACC	0.062327172607183456	1	moderate	moderate	0.022	False	user_msa
Drosophila_sechellia_Drosophila_sechellia__Act88F__XP_002031056.2	369	369	369	304	ACC	0.062327172607183456	1	moderate	moderate	0.022	False	user_msa
Drosophila_simulans_Drosophila_simulans__LOC6727955__XP_016034553.1	369	369	369	304	ACC	0.062327172607183456	1	moderate	moderate	0.022	False	user_msa
Drosophila_subobscura_Drosophila_subobscura__LOC117898432__XP_034663715.1	369	369	369	304	ACC	0.062327172607183456	1	moderate	moderate	0.022	False	user_msa
Drosophila_suzukii_Drosophila_suzukii__Act88F__XP_016925443.1	369	369	369	304	ACC	0.062327172607183456	1	moderate	moderate	0.022	False	user_msa
Drosophila_virilis_Drosophila_virilis__Act88F__XP_002054294.1	369	369	369	304	ACC	0.062327172607183456	1	moderate	moderate	0.022	False	user_msa
Drosophila_willistoni_Drosophila_willistoni__LOC6646901__XP_002069647.1	369	369	369	304	ACC	0.062327172607183456	1	moderate	moderate	0.022	False	user_msa
Drosophila_yakuba_Drosophila_yakuba__LOC6537169__XP_002097730.1	369	369	369	304	ACC	0.062327172607183456	1	moderate	moderate	0.022	False	user_msa
Drosophila_ananassae_Drosophila_ananassae__LOC6501076__XP_001954513.1	370	370	370	305	ACC	0.07203628122806549	1	moderate	moderate	0.022	False	user_msa
Drosophila_biarmipes_Drosophila_biarmipes__LOC108026160__XP_016952383.1	370	370	370	305	ACC	0.07203628122806549	1	moderate	moderate	0.022	False	user_msa
Drosophila_mauritiana_Drosophila_mauritiana__LOC117145868__XP_033167581.1	370	370	370	305	ACC	0.07203628122806549	1	moderate	moderate	0.022	False	user_msa
Drosophila_melanogaster_Drosophila_melanogaster__Act88F__NP_524367.1	370	370	370	305	ACC	0.07203628122806549	1	moderate	moderate	0.022	False	user_msa
Drosophila_pseudoobscura_Drosophila_pseudoobscura__Act88F__XP_002137155.1	370	370	370	305	ACC	0.07203628122806549	1	moderate	moderate	0.022	False	user_msa
Drosophila_sechellia_Drosophila_sechellia__Act88F__XP_002031056.2	370	370	370	305	ACC	0.07203628122806549	1	moderate	moderate	0.022	False	user_msa
Drosophila_simulans_Drosophila_simulans__LOC6727955__XP_016034553.1	370	370	370	305	ACC	0.07203628122806549	1	moderate	moderate	0.022	False	user_msa
Drosophila_subobscura_Drosophila_subobscura__LOC117898432__XP_034663715.1	370	370	370	305	ACC	0.07203628122806549	1	moderate	moderate	0.022	False	user_msa
Drosophila_suzukii_Drosophila_suzukii__Act88F__XP_016925443.1	370	370	370	305	ACT	0.07731550186872482	1	moderate	moderate	0.022	False	user_msa
Drosophila_virilis_Drosophila_virilis__Act88F__XP_002054294.1	370	370	370	305	ACC	0.07203628122806549	1	moderate	moderate	0.022	False	user_msa
Drosophila_willistoni_Drosophila_willistoni__LOC6646901__XP_002069647.1	370	370	370	305	ACC	0.07203628122806549	1	moderate	moderate	0.022	False	user_msa
Drosophila_yakuba_Drosophila_yakuba__LOC6537169__XP_002097730.1	370	370	370	305	ACC	0.07203628122806549	1	moderate	moderate	0.022	False	user_msa
Drosophila_ananassae_Drosophila_ananassae__LOC6501076__XP_001954513.1	371	371	371	306	ATG	0.06423087418079376	1	moderate	moderate	0.022	False	user_msa
Drosophila_biarmipes_Drosophila_biarmipes__LOC108026160__XP_016952383.1	371	371	371	306	ATG	0.06423087418079376	1	moderate	moderate	0.022	False	user_msa
Drosophila_mauritiana_Drosophila_mauritiana__LOC117145868__XP_033167581.1	371	371	371	306	ATG	0.06423087418079376	1	moderate	moderate	0.022	False	user_msa
Drosophila_melanogaster_Drosophila_melanogaster__Act88F__NP_524367.1	371	371	371	306	ATG	0.06423087418079376	1	moderate	moderate	0.022	False	user_msa
Drosophila_pseudoobscura_Drosophila_pseudoobscura__Act88F__XP_002137155.1	371	371	371	306	ATG	0.06423087418079376	1	moderate	moderate	0.022	False	user_msa
Drosophila_sechellia_Drosophila_sechellia__Act88F__XP_002031056.2	371	371	371	306	ATG	0.06423087418079376	1	moderate	moderate	0.022	False	user_msa
Drosophila_simulans_Drosophila_simulans__LOC6727955__XP_016034553.1	371	371	371	306	ATG	0.06423087418079376	1	moderate	moderate	0.022	False	user_msa
Drosophila_subobscura_Drosophila_subobscura__LOC117898432__XP_034663715.1	371	371	371	306	ATG	0.06423087418079376	1	moderate	moderate	0.022	False	user_msa
Drosophila_suzukii_Drosophila_suzukii__Act88F__XP_016925443.1	371	371	371	306	ATG	0.06423087418079376	1	moderate	moderate	0.022	False	user_msa
Drosophila_virilis_Drosophila_virilis__Act88F__XP_002054294.1	371	371	371	306	ATG	0.06423087418079376	1	moderate	moderate	0.022	False	user_msa
Drosophila_willistoni_Drosophila_willistoni__LOC6646901__XP_002069647.1	371	371	371	306	ATG	0.06423087418079376	1	moderate	moderate	0.022	False	user_msa
Drosophila_yakuba_Drosophila_yakuba__LOC6537169__XP_002097730.1	371	371	371	306	ATG	0.06423087418079376	1	moderate	moderate	0.022	False	user_msa
Drosophila_ananassae_Drosophila_ananassae__LOC6501076__XP_001954513.1	372	372	372	307	TAC	0.08308202773332596	1	moderate	moderate	0.022	False	user_msa
Drosophila_biarmipes_Drosophila_biarmipes__LOC108026160__XP_016952383.1	372	372	372	307	TAC	0.08308202773332596	1	moderate	moderate	0.022	False	user_msa
Drosophila_mauritiana_Drosophila_mauritiana__LOC117145868__XP_033167581.1	372	372	372	307	TAC	0.08308202773332596	1	moderate	moderate	0.022	False	user_msa
Drosophila_melanogaster_Drosophila_melanogaster__Act88F__NP_524367.1	372	372	372	307	TAC	0.08308202773332596	1	moderate	moderate	0.022	False	user_msa
Drosophila_pseudoobscura_Drosophila_pseudoobscura__Act88F__XP_002137155.1	372	372	372	307	TAT	0.09081242978572845	1	moderate	moderate	0.022	False	user_msa
Drosophila_sechellia_Drosophila_sechellia__Act88F__XP_002031056.2	372	372	372	307	TAC	0.08308202773332596	1	moderate	moderate	0.022	False	user_msa
Drosophila_simulans_Drosophila_simulans__LOC6727955__XP_016034553.1	372	372	372	307	TAC	0.08308202773332596	1	moderate	moderate	0.022	False	user_msa
Drosophila_subobscura_Drosophila_subobscura__LOC117898432__XP_034663715.1	372	372	372	307	TAT	0.09081242978572845	1	moderate	moderate	0.022	False	user_msa
Drosophila_suzukii_Drosophila_suzukii__Act88F__XP_016925443.1	372	372	372	307	TAC	0.08308202773332596	1	moderate	moderate	0.022	False	user_msa
Drosophila_virilis_Drosophila_virilis__Act88F__XP_002054294.1	372	372	372	307	TAC	0.08308202773332596	1	moderate	moderate	0.022	False	user_msa
Drosophila_willistoni_Drosophila_willistoni__LOC6646901__XP_002069647.1	372	372	372	307	TAT	0.09081242978572845	1	moderate	moderate	0.022	False	user_msa
Drosophila_yakuba_Drosophila_yakuba__LOC6537169__XP_002097730.1	372	372	372	307	TAC	0.08308202773332596	1	moderate	moderate	0.022	False	user_msa
Drosophila_ananassae_Drosophila_ananassae__LOC6501076__XP_001954513.1	373	373	373	308	CCA	0.08536681532859802	1	moderate	moderate	0.022	False	user_msa
Drosophila_biarmipes_Drosophila_biarmipes__LOC108026160__XP_016952383.1	373	373	373	308	CCA	0.08536681532859802	1	moderate	moderate	0.022	False	user_msa
Drosophila_mauritiana_Drosophila_mauritiana__LOC117145868__XP_033167581.1	373	373	373	308	CCT	0.09734253585338593	1	moderate	moderate	0.022	False	user_msa
Drosophila_melanogaster_Drosophila_melanogaster__Act88F__NP_524367.1	373	373	373	308	CCT	0.09734253585338593	1	moderate	moderate	0.022	False	user_msa
Drosophila_pseudoobscura_Drosophila_pseudoobscura__Act88F__XP_002137155.1	373	373	373	308	CCA	0.08536681532859802	1	moderate	moderate	0.022	False	user_msa
Drosophila_sechellia_Drosophila_sechellia__Act88F__XP_002031056.2	373	373	373	308	CCT	0.09734253585338593	1	moderate	moderate	0.022	False	user_msa
Drosophila_simulans_Drosophila_simulans__LOC6727955__XP_016034553.1	373	373	373	308	CCT	0.09734253585338593	1	moderate	moderate	0.022	False	user_msa
Drosophila_subobscura_Drosophila_subobscura__LOC117898432__XP_034663715.1	373	373	373	308	CCA	0.08536681532859802	1	moderate	moderate	0.022	False	user_msa
Drosophila_suzukii_Drosophila_suzukii__Act88F__XP_016925443.1	373	373	373	308	CCA	0.08536681532859802	1	moderate	moderate	0.022	False	user_msa
Drosophila_virilis_Drosophila_virilis__Act88F__XP_002054294.1	373	373	373	308	CCA	0.08536681532859802	1	moderate	moderate	0.022	False	user_msa
Drosophila_willistoni_Drosophila_willistoni__LOC6646901__XP_002069647.1	373	373	373	308	CCA	0.08536681532859802	1	moderate	moderate	0.022	False	user_msa
Drosophila_yakuba_Drosophila_yakuba__LOC6537169__XP_002097730.1	373	373	373	308	CCC	0.08911073952913284	1	moderate	moderate	0.022	False	user_msa
Drosophila_ananassae_Drosophila_ananassae__LOC6501076__XP_001954513.1	374	374	374	309	GGT	0.07078860700130463	1	moderate	moderate	0.022	False	user_msa
Drosophila_biarmipes_Drosophila_biarmipes__LOC108026160__XP_016952383.1	374	374	374	309	GGT	0.07078860700130463	1	moderate	moderate	0.022	False	user_msa
Drosophila_mauritiana_Drosophila_mauritiana__LOC117145868__XP_033167581.1	374	374	374	309	GGT	0.07078860700130463	1	moderate	moderate	0.022	False	user_msa
Drosophila_melanogaster_Drosophila_melanogaster__Act88F__NP_524367.1	374	374	374	309	GGT	0.07078860700130463	1	moderate	moderate	0.022	False	user_msa
Drosophila_pseudoobscura_Drosophila_pseudoobscura__Act88F__XP_002137155.1	374	374	374	309	GGT	0.07078860700130463	1	moderate	moderate	0.022	False	user_msa
Drosophila_sechellia_Drosophila_sechellia__Act88F__XP_002031056.2	374	374	374	309	GGT	0.07078860700130463	1	moderate	moderate	0.022	False	user_msa
Drosophila_simulans_Drosophila_simulans__LOC6727955__XP_016034553.1	374	374	374	309	GGT	0.07078860700130463	1	moderate	moderate	0.022	False	user_msa
Drosophila_subobscura_Drosophila_subobscura__LOC117898432__XP_034663715.1	374	374	374	309	GGT	0.07078860700130463	1	moderate	moderate	0.022	False	user_msa
Drosophila_suzukii_Drosophila_suzukii__Act88F__XP_016925443.1	374	374	374	309	GGT	0.07078860700130463	1	moderate	moderate	0.022	False	user_msa
Drosophila_virilis_Drosophila_virilis__Act88F__XP_002054294.1	374	374	374	309	GGT	0.07078860700130463	1	moderate	moderate	0.022	False	user_msa
Drosophila_willistoni_Drosophila_willistoni__LOC6646901__XP_002069647.1	374	374	374	309	GGT	0.07078860700130463	1	moderate	moderate	0.022	False	user_msa
Drosophila_yakuba_Drosophila_yakuba__LOC6537169__XP_002097730.1	374	374	374	309	GGT	0.07078860700130463	1	moderate	moderate	0.022	False	user_msa
Drosophila_ananassae_Drosophila_ananassae__LOC6501076__XP_001954513.1	375	375	375	310	ATT	0.06447771191596985	1	moderate	moderate	0.022	False	user_msa
Drosophila_biarmipes_Drosophila_biarmipes__LOC108026160__XP_016952383.1	375	375	375	310	ATT	0.06447771191596985	1	moderate	moderate	0.022	False	user_msa
Drosophila_mauritiana_Drosophila_mauritiana__LOC117145868__XP_033167581.1	375	375	375	310	ATT	0.06447771191596985	1	moderate	moderate	0.022	False	user_msa
Drosophila_melanogaster_Drosophila_melanogaster__Act88F__NP_524367.1	375	375	375	310	ATT	0.06447771191596985	1	moderate	moderate	0.022	False	user_msa
Drosophila_pseudoobscura_Drosophila_pseudoobscura__Act88F__XP_002137155.1	375	375	375	310	ATT	0.06447771191596985	1	moderate	moderate	0.022	False	user_msa
Drosophila_sechellia_Drosophila_sechellia__Act88F__XP_002031056.2	375	375	375	310	ATT	0.06447771191596985	1	moderate	moderate	0.022	False	user_msa
Drosophila_simulans_Drosophila_simulans__LOC6727955__XP_016034553.1	375	375	375	310	ATT	0.06447771191596985	1	moderate	moderate	0.022	False	user_msa
Drosophila_subobscura_Drosophila_subobscura__LOC117898432__XP_034663715.1	375	375	375	310	ATT	0.06447771191596985	1	moderate	moderate	0.022	False	user_msa
Drosophila_suzukii_Drosophila_suzukii__Act88F__XP_016925443.1	375	375	375	310	ATT	0.06447771191596985	1	moderate	moderate	0.022	False	user_msa
Drosophila_virilis_Drosophila_virilis__Act88F__XP_002054294.1	375	375	375	310	ATT	0.06447771191596985	1	moderate	moderate	0.022	False	user_msa
Drosophila_willistoni_Drosophila_willistoni__LOC6646901__XP_002069647.1	375	375	375	310	ATT	0.06447771191596985	1	moderate	moderate	0.022	False	user_msa
Drosophila_yakuba_Drosophila_yakuba__LOC6537169__XP_002097730.1	375	375	375	310	ATT	0.06447771191596985	1	moderate	moderate	0.022	False	user_msa
Drosophila_ananassae_Drosophila_ananassae__LOC6501076__XP_001954513.1	376	376	376	311	GCT	0.08344775438308716	1	moderate	moderate	0.022	False	user_msa
Drosophila_biarmipes_Drosophila_biarmipes__LOC108026160__XP_016952383.1	376	376	376	311	GCT	0.08344775438308716	1	moderate	moderate	0.022	False	user_msa
Drosophila_mauritiana_Drosophila_mauritiana__LOC117145868__XP_033167581.1	376	376	376	311	GCC	0.07679305225610733	1	moderate	moderate	0.022	False	user_msa
Drosophila_melanogaster_Drosophila_melanogaster__Act88F__NP_524367.1	376	376	376	311	GCC	0.07679305225610733	1	moderate	moderate	0.022	False	user_msa
Drosophila_pseudoobscura_Drosophila_pseudoobscura__Act88F__XP_002137155.1	376	376	376	311	GCT	0.08344775438308716	1	moderate	moderate	0.022	False	user_msa
Drosophila_sechellia_Drosophila_sechellia__Act88F__XP_002031056.2	376	376	376	311	GCC	0.07679305225610733	1	moderate	moderate	0.022	False	user_msa
Drosophila_simulans_Drosophila_simulans__LOC6727955__XP_016034553.1	376	376	376	311	GCC	0.07679305225610733	1	moderate	moderate	0.022	False	user_msa
Drosophila_subobscura_Drosophila_subobscura__LOC117898432__XP_034663715.1	376	376	376	311	GCT	0.08344775438308716	1	moderate	moderate	0.022	False	user_msa
Drosophila_suzukii_Drosophila_suzukii__Act88F__XP_016925443.1	376	376	376	311	GCT	0.08344775438308716	1	moderate	moderate	0.022	False	user_msa
Drosophila_virilis_Drosophila_virilis__Act88F__XP_002054294.1	376	376	376	311	GCT	0.08344775438308716	1	moderate	moderate	0.022	False	user_msa
Drosophila_willistoni_Drosophila_willistoni__LOC6646901__XP_002069647.1	376	376	376	311	GCT	0.08344775438308716	1	moderate	moderate	0.022	False	user_msa
Drosophila_yakuba_Drosophila_yakuba__LOC6537169__XP_002097730.1	376	376	376	311	GCT	0.08344775438308716	1	moderate	moderate	0.022	False	user_msa
Drosophila_ananassae_Drosophila_ananassae__LOC6501076__XP_001954513.1	377	377	377	312	GAC	0.07519322633743286	1	moderate	moderate	0.022	False	user_msa
Drosophila_biarmipes_Drosophila_biarmipes__LOC108026160__XP_016952383.1	377	377	377	312	GAT	0.08140198886394501	1	moderate	moderate	0.022	False	user_msa
Drosophila_mauritiana_Drosophila_mauritiana__LOC117145868__XP_033167581.1	377	377	377	312	GAT	0.08140198886394501	1	moderate	moderate	0.022	False	user_msa
Drosophila_melanogaster_Drosophila_melanogaster__Act88F__NP_524367.1	377	377	377	312	GAT	0.08140198886394501	1	moderate	moderate	0.022	False	user_msa
Drosophila_pseudoobscura_Drosophila_pseudoobscura__Act88F__XP_002137155.1	377	377	377	312	GAT	0.08140198886394501	1	moderate	moderate	0.022	False	user_msa
Drosophila_sechellia_Drosophila_sechellia__Act88F__XP_002031056.2	377	377	377	312	GAT	0.08140198886394501	1	moderate	moderate	0.022	False	user_msa
Drosophila_simulans_Drosophila_simulans__LOC6727955__XP_016034553.1	377	377	377	312	GAT	0.08140198886394501	1	moderate	moderate	0.022	False	user_msa
Drosophila_subobscura_Drosophila_subobscura__LOC117898432__XP_034663715.1	377	377	377	312	GAT	0.08140198886394501	1	moderate	moderate	0.022	False	user_msa
Drosophila_suzukii_Drosophila_suzukii__Act88F__XP_016925443.1	377	377	377	312	GAT	0.08140198886394501	1	moderate	moderate	0.022	False	user_msa
Drosophila_virilis_Drosophila_virilis__Act88F__XP_002054294.1	377	377	377	312	GAT	0.08140198886394501	1	moderate	moderate	0.022	False	user_msa
Drosophila_willistoni_Drosophila_willistoni__LOC6646901__XP_002069647.1	377	377	377	312	GAT	0.08140198886394501	1	moderate	moderate	0.022	False	user_msa
Drosophila_yakuba_Drosophila_yakuba__LOC6537169__XP_002097730.1	377	377	377	312	GAT	0.08140198886394501	1	moderate	moderate	0.022	False	user_msa
Drosophila_ananassae_Drosophila_ananassae__LOC6501076__XP_001954513.1	378	378	378	313	CGT	0.06711265444755554	1	moderate	moderate	0.022	False	user_msa
Drosophila_biarmipes_Drosophila_biarmipes__LOC108026160__XP_016952383.1	378	378	378	313	CGT	0.06711265444755554	1	moderate	moderate	0.022	False	user_msa
Drosophila_mauritiana_Drosophila_mauritiana__LOC117145868__XP_033167581.1	378	378	378	313	CGT	0.06711265444755554	1	moderate	moderate	0.022	False	user_msa
Drosophila_melanogaster_Drosophila_melanogaster__Act88F__NP_524367.1	378	378	378	313	CGT	0.06711265444755554	1	moderate	moderate	0.022	False	user_msa
Drosophila_pseudoobscura_Drosophila_pseudoobscura__Act88F__XP_002137155.1	378	378	378	313	CGT	0.06711265444755554	1	moderate	moderate	0.022	False	user_msa
Drosophila_sechellia_Drosophila_sechellia__Act88F__XP_002031056.2	378	378	378	313	CGT	0.06711265444755554	1	moderate	moderate	0.022	False	user_msa
Drosophila_simulans_Drosophila_simulans__LOC6727955__XP_016034553.1	378	378	378	313	CGT	0.06711265444755554	1	moderate	moderate	0.022	False	user_msa
Drosophila_subobscura_Drosophila_subobscura__LOC117898432__XP_034663715.1	378	378	378	313	CGT	0.06711265444755554	1	moderate	moderate	0.022	False	user_msa
Drosophila_suzukii_Drosophila_suzukii__Act88F__XP_016925443.1	378	378	378	313	CGT	0.06711265444755554	1	moderate	moderate	0.022	False	user_msa
Drosophila_virilis_Drosophila_virilis__Act88F__XP_002054294.1	378	378	378	313	CGT	0.06711265444755554	1	moderate	moderate	0.022	False	user_msa
Drosophila_willistoni_Drosophila_willistoni__LOC6646901__XP_002069647.1	378	378	378	313	CGT	0.06711265444755554	1	moderate	moderate	0.022	False	user_msa
Drosophila_yakuba_Drosophila_yakuba__LOC6537169__XP_002097730.1	378	378	378	313	CGT	0.06711265444755554	1	moderate	moderate	0.022	False	user_msa
Drosophila_ananassae_Drosophila_ananassae__LOC6501076__XP_001954513.1	379	379	379	314	ATG	0.06429844349622726	1	moderate	moderate	0.022	False	user_msa
Drosophila_biarmipes_Drosophila_biarmipes__LOC108026160__XP_016952383.1	379	379	379	314	ATG	0.06429844349622726	1	moderate	moderate	0.022	False	user_msa
Drosophila_mauritiana_Drosophila_mauritiana__LOC117145868__XP_033167581.1	379	379	379	314	ATG	0.06429844349622726	1	moderate	moderate	0.022	False	user_msa
Drosophila_melanogaster_Drosophila_melanogaster__Act88F__NP_524367.1	379	379	379	314	ATG	0.06429844349622726	1	moderate	moderate	0.022	False	user_msa
Drosophila_pseudoobscura_Drosophila_pseudoobscura__Act88F__XP_002137155.1	379	379	379	314	ATG	0.06429844349622726	1	moderate	moderate	0.022	False	user_msa
Drosophila_sechellia_Drosophila_sechellia__Act88F__XP_002031056.2	379	379	379	314	ATG	0.06429844349622726	1	moderate	moderate	0.022	False	user_msa
Drosophila_simulans_Drosophila_simulans__LOC6727955__XP_016034553.1	379	379	379	314	ATG	0.06429844349622726	1	moderate	moderate	0.022	False	user_msa
Drosophila_subobscura_Drosophila_subobscura__LOC117898432__XP_034663715.1	379	379	379	314	ATG	0.06429844349622726	1	moderate	moderate	0.022	False	user_msa
Drosophila_suzukii_Drosophila_suzukii__Act88F__XP_016925443.1	379	379	379	314	ATG	0.06429844349622726	1	moderate	moderate	0.022	False	user_msa
Drosophila_virilis_Drosophila_virilis__Act88F__XP_002054294.1	379	379	379	314	ATG	0.06429844349622726	1	moderate	moderate	0.022	False	user_msa
Drosophila_willistoni_Drosophila_willistoni__LOC6646901__XP_002069647.1	379	379	379	314	ATG	0.06429844349622726	1	moderate	moderate	0.022	False	user_msa
Drosophila_yakuba_Drosophila_yakuba__LOC6537169__XP_002097730.1	379	379	379	314	ATG	0.06429844349622726	1	moderate	moderate	0.022	False	user_msa
Drosophila_ananassae_Drosophila_ananassae__LOC6501076__XP_001954513.1	380	380	380	315	CAG	0.07669955492019653	1	moderate	moderate	0.022	False	user_msa
Drosophila_biarmipes_Drosophila_biarmipes__LOC108026160__XP_016952383.1	380	380	380	315	CAG	0.07669955492019653	1	moderate	moderate	0.022	False	user_msa
Drosophila_mauritiana_Drosophila_mauritiana__LOC117145868__XP_033167581.1	380	380	380	315	CAG	0.07669955492019653	1	moderate	moderate	0.022	False	user_msa
Drosophila_melanogaster_Drosophila_melanogaster__Act88F__NP_524367.1	380	380	380	315	CAG	0.07669955492019653	1	moderate	moderate	0.022	False	user_msa
Drosophila_pseudoobscura_Drosophila_pseudoobscura__Act88F__XP_002137155.1	380	380	380	315	CAA	0.07172638922929764	1	moderate	moderate	0.022	False	user_msa
Drosophila_sechellia_Drosophila_sechellia__Act88F__XP_002031056.2	380	380	380	315	CAG	0.07669955492019653	1	moderate	moderate	0.022	False	user_msa
Drosophila_simulans_Drosophila_simulans__LOC6727955__XP_016034553.1	380	380	380	315	CAG	0.07669955492019653	1	moderate	moderate	0.022	False	user_msa
Drosophila_subobscura_Drosophila_subobscura__LOC117898432__XP_034663715.1	380	380	380	315	CAA	0.07172638922929764	1	moderate	moderate	0.022	False	user_msa
Drosophila_suzukii_Drosophila_suzukii__Act88F__XP_016925443.1	380	380	380	315	CAG	0.07669955492019653	1	moderate	moderate	0.022	False	user_msa
Drosophila_virilis_Drosophila_virilis__Act88F__XP_002054294.1	380	380	380	315	CAA	0.07172638922929764	1	moderate	moderate	0.022	False	user_msa
Drosophila_willistoni_Drosophila_willistoni__LOC6646901__XP_002069647.1	380	380	380	315	CAA	0.07172638922929764	1	moderate	moderate	0.022	False	user_msa
Drosophila_yakuba_Drosophila_yakuba__LOC6537169__XP_002097730.1	380	380	380	315	CAG	0.07669955492019653	1	moderate	moderate	0.022	False	user_msa
Drosophila_ananassae_Drosophila_ananassae__LOC6501076__XP_001954513.1	381	381	381	316	AAG	0.06180744245648384	1	moderate	moderate	0.022	False	user_msa
Drosophila_biarmipes_Drosophila_biarmipes__LOC108026160__XP_016952383.1	381	381	381	316	AAG	0.06180744245648384	1	moderate	moderate	0.022	False	user_msa
Drosophila_mauritiana_Drosophila_mauritiana__LOC117145868__XP_033167581.1	381	381	381	316	AAG	0.06180744245648384	1	moderate	moderate	0.022	False	user_msa
Drosophila_melanogaster_Drosophila_melanogaster__Act88F__NP_524367.1	381	381	381	316	AAG	0.06180744245648384	1	moderate	moderate	0.022	False	user_msa
Drosophila_pseudoobscura_Drosophila_pseudoobscura__Act88F__XP_002137155.1	381	381	381	316	AAG	0.06180744245648384	1	moderate	moderate	0.022	False	user_msa
Drosophila_sechellia_Drosophila_sechellia__Act88F__XP_002031056.2	381	381	381	316	AAG	0.06180744245648384	1	moderate	moderate	0.022	False	user_msa
Drosophila_simulans_Drosophila_simulans__LOC6727955__XP_016034553.1	381	381	381	316	AAG	0.06180744245648384	1	moderate	moderate	0.022	False	user_msa
Drosophila_subobscura_Drosophila_subobscura__LOC117898432__XP_034663715.1	381	381	381	316	AAG	0.06180744245648384	1	moderate	moderate	0.022	False	user_msa
Drosophila_suzukii_Drosophila_suzukii__Act88F__XP_016925443.1	381	381	381	316	AAG	0.06180744245648384	1	moderate	moderate	0.022	False	user_msa
Drosophila_virilis_Drosophila_virilis__Act88F__XP_002054294.1	381	381	381	316	AAG	0.06180744245648384	1	moderate	moderate	0.022	False	user_msa
Drosophila_willistoni_Drosophila_willistoni__LOC6646901__XP_002069647.1	381	381	381	316	AAG	0.06180744245648384	1	moderate	moderate	0.022	False	user_msa
Drosophila_yakuba_Drosophila_yakuba__LOC6537169__XP_002097730.1	381	381	381	316	AAG	0.06180744245648384	1	moderate	moderate	0.022	False	user_msa
Drosophila_ananassae_Drosophila_ananassae__LOC6501076__XP_001954513.1	382	382	382	317	GAA	0.0756072998046875	1	moderate	moderate	0.022	False	user_msa
Drosophila_biarmipes_Drosophila_biarmipes__LOC108026160__XP_016952383.1	382	382	382	317	GAG	0.08176028728485107	1	moderate	moderate	0.022	False	user_msa
Drosophila_mauritiana_Drosophila_mauritiana__LOC117145868__XP_033167581.1	382	382	382	317	GAG	0.08176028728485107	1	moderate	moderate	0.022	False	user_msa
Drosophila_melanogaster_Drosophila_melanogaster__Act88F__NP_524367.1	382	382	382	317	GAG	0.08176028728485107	1	moderate	moderate	0.022	False	user_msa
Drosophila_pseudoobscura_Drosophila_pseudoobscura__Act88F__XP_002137155.1	382	382	382	317	GAG	0.08176028728485107	1	moderate	moderate	0.022	False	user_msa
Drosophila_sechellia_Drosophila_sechellia__Act88F__XP_002031056.2	382	382	382	317	GAG	0.08176028728485107	1	moderate	moderate	0.022	False	user_msa
Drosophila_simulans_Drosophila_simulans__LOC6727955__XP_016034553.1	382	382	382	317	GAG	0.08176028728485107	1	moderate	moderate	0.022	False	user_msa
Drosophila_subobscura_Drosophila_subobscura__LOC117898432__XP_034663715.1	382	382	382	317	GAA	0.0756072998046875	1	moderate	moderate	0.022	False	user_msa
Drosophila_suzukii_Drosophila_suzukii__Act88F__XP_016925443.1	382	382	382	317	GAG	0.08176028728485107	1	moderate	moderate	0.022	False	user_msa
Drosophila_virilis_Drosophila_virilis__Act88F__XP_002054294.1	382	382	382	317	GAA	0.0756072998046875	1	moderate	moderate	0.022	False	user_msa
Drosophila_willistoni_Drosophila_willistoni__LOC6646901__XP_002069647.1	382	382	382	317	GAA	0.0756072998046875	1	moderate	moderate	0.022	False	user_msa
Drosophila_yakuba_Drosophila_yakuba__LOC6537169__XP_002097730.1	382	382	382	317	GAG	0.08176028728485107	1	moderate	moderate	0.022	False	user_msa
Drosophila_ananassae_Drosophila_ananassae__LOC6501076__XP_001954513.1	383	383	383	318	ATC	0.07407637685537338	1	moderate	moderate	0.022	False	user_msa
Drosophila_biarmipes_Drosophila_biarmipes__LOC108026160__XP_016952383.1	383	383	383	318	ATC	0.07407637685537338	1	moderate	moderate	0.022	False	user_msa
Drosophila_mauritiana_Drosophila_mauritiana__LOC117145868__XP_033167581.1	383	383	383	318	ATC	0.07407637685537338	1	moderate	moderate	0.022	False	user_msa
Drosophila_melanogaster_Drosophila_melanogaster__Act88F__NP_524367.1	383	383	383	318	ATC	0.07407637685537338	1	moderate	moderate	0.022	False	user_msa
Drosophila_pseudoobscura_Drosophila_pseudoobscura__Act88F__XP_002137155.1	383	383	383	318	ATC	0.07407637685537338	1	moderate	moderate	0.022	False	user_msa
Drosophila_sechellia_Drosophila_sechellia__Act88F__XP_002031056.2	383	383	383	318	ATC	0.07407637685537338	1	moderate	moderate	0.022	False	user_msa
Drosophila_simulans_Drosophila_simulans__LOC6727955__XP_016034553.1	383	383	383	318	ATC	0.07407637685537338	1	moderate	moderate	0.022	False	user_msa
Drosophila_subobscura_Drosophila_subobscura__LOC117898432__XP_034663715.1	383	383	383	318	ATC	0.07407637685537338	1	moderate	moderate	0.022	False	user_msa
Drosophila_suzukii_Drosophila_suzukii__Act88F__XP_016925443.1	383	383	383	318	ATC	0.07407637685537338	1	moderate	moderate	0.022	False	user_msa
Drosophila_virilis_Drosophila_virilis__Act88F__XP_002054294.1	383	383	383	318	ATC	0.07407637685537338	1	moderate	moderate	0.022	False	user_msa
Drosophila_willistoni_Drosophila_willistoni__LOC6646901__XP_002069647.1	383	383	383	318	ATT	0.08002232015132904	1	moderate	moderate	0.022	False	user_msa
Drosophila_yakuba_Drosophila_yakuba__LOC6537169__XP_002097730.1	383	383	383	318	ATC	0.07407637685537338	1	moderate	moderate	0.022	False	user_msa
Drosophila_ananassae_Drosophila_ananassae__LOC6501076__XP_001954513.1	384	384	384	319	ACT	0.07342810183763504	1	moderate	moderate	0.022	False	user_msa
Drosophila_biarmipes_Drosophila_biarmipes__LOC108026160__XP_016952383.1	384	384	384	319	ACT	0.07342810183763504	1	moderate	moderate	0.022	False	user_msa
Drosophila_mauritiana_Drosophila_mauritiana__LOC117145868__XP_033167581.1	384	384	384	319	ACT	0.07342810183763504	1	moderate	moderate	0.022	False	user_msa
Drosophila_melanogaster_Drosophila_melanogaster__Act88F__NP_524367.1	384	384	384	319	ACT	0.07342810183763504	1	moderate	moderate	0.022	False	user_msa
Drosophila_pseudoobscura_Drosophila_pseudoobscura__Act88F__XP_002137155.1	384	384	384	319	ACT	0.07342810183763504	1	moderate	moderate	0.022	False	user_msa
Drosophila_sechellia_Drosophila_sechellia__Act88F__XP_002031056.2	384	384	384	319	ACT	0.07342810183763504	1	moderate	moderate	0.022	False	user_msa
Drosophila_simulans_Drosophila_simulans__LOC6727955__XP_016034553.1	384	384	384	319	ACT	0.07342810183763504	1	moderate	moderate	0.022	False	user_msa
Drosophila_subobscura_Drosophila_subobscura__LOC117898432__XP_034663715.1	384	384	384	319	ACT	0.07342810183763504	1	moderate	moderate	0.022	False	user_msa
Drosophila_suzukii_Drosophila_suzukii__Act88F__XP_016925443.1	384	384	384	319	ACT	0.07342810183763504	1	moderate	moderate	0.022	False	user_msa
Drosophila_virilis_Drosophila_virilis__Act88F__XP_002054294.1	384	384	384	319	ACC	0.06865127384662628	1	moderate	moderate	0.022	False	user_msa
Drosophila_willistoni_Drosophila_willistoni__LOC6646901__XP_002069647.1	384	384	384	319	ACT	0.07342810183763504	1	moderate	moderate	0.022	False	user_msa
Drosophila_yakuba_Drosophila_yakuba__LOC6537169__XP_002097730.1	384	384	384	319	ACT	0.07342810183763504	1	moderate	moderate	0.022	False	user_msa
Drosophila_ananassae_Drosophila_ananassae__LOC6501076__XP_001954513.1	385	385	385	320	GCC	0.06942517310380936	1	moderate	moderate	0.022	False	user_msa
Drosophila_biarmipes_Drosophila_biarmipes__LOC108026160__XP_016952383.1	385	385	385	320	GCC	0.06942517310380936	1	moderate	moderate	0.022	False	user_msa
Drosophila_mauritiana_Drosophila_mauritiana__LOC117145868__XP_033167581.1	385	385	385	320	GCC	0.06942517310380936	1	moderate	moderate	0.022	False	user_msa
Drosophila_melanogaster_Drosophila_melanogaster__Act88F__NP_524367.1	385	385	385	320	GCC	0.06942517310380936	1	moderate	moderate	0.022	False	user_msa
Drosophila_pseudoobscura_Drosophila_pseudoobscura__Act88F__XP_002137155.1	385	385	385	320	GCC	0.06942517310380936	1	moderate	moderate	0.022	False	user_msa
Drosophila_sechellia_Drosophila_sechellia__Act88F__XP_002031056.2	385	385	385	320	GCC	0.06942517310380936	1	moderate	moderate	0.022	False	user_msa
Drosophila_simulans_Drosophila_simulans__LOC6727955__XP_016034553.1	385	385	385	320	GCC	0.06942517310380936	1	moderate	moderate	0.022	False	user_msa
Drosophila_subobscura_Drosophila_subobscura__LOC117898432__XP_034663715.1	385	385	385	320	GCC	0.06942517310380936	1	moderate	moderate	0.022	False	user_msa
Drosophila_suzukii_Drosophila_suzukii__Act88F__XP_016925443.1	385	385	385	320	GCC	0.06942517310380936	1	moderate	moderate	0.022	False	user_msa
Drosophila_virilis_Drosophila_virilis__Act88F__XP_002054294.1	385	385	385	320	GCC	0.06942517310380936	1	moderate	moderate	0.022	False	user_msa
Drosophila_willistoni_Drosophila_willistoni__LOC6646901__XP_002069647.1	385	385	385	320	GCC	0.06942517310380936	1	moderate	moderate	0.022	False	user_msa
Drosophila_yakuba_Drosophila_yakuba__LOC6537169__XP_002097730.1	385	385	385	320	GCC	0.06942517310380936	1	moderate	moderate	0.022	False	user_msa
Drosophila_ananassae_Drosophila_ananassae__LOC6501076__XP_001954513.1	386	386	386	321	CTG	0.06785121560096741	1	moderate	moderate	0.022	False	user_msa
Drosophila_biarmipes_Drosophila_biarmipes__LOC108026160__XP_016952383.1	386	386	386	321	CTG	0.06785121560096741	1	moderate	moderate	0.022	False	user_msa
Drosophila_mauritiana_Drosophila_mauritiana__LOC117145868__XP_033167581.1	386	386	386	321	CTG	0.06785121560096741	1	moderate	moderate	0.022	False	user_msa
Drosophila_melanogaster_Drosophila_melanogaster__Act88F__NP_524367.1	386	386	386	321	CTG	0.06785121560096741	1	moderate	moderate	0.022	False	user_msa
Drosophila_pseudoobscura_Drosophila_pseudoobscura__Act88F__XP_002137155.1	386	386	386	321	CTG	0.06785121560096741	1	moderate	moderate	0.022	False	user_msa
Drosophila_sechellia_Drosophila_sechellia__Act88F__XP_002031056.2	386	386	386	321	CTG	0.06785121560096741	1	moderate	moderate	0.022	False	user_msa
Drosophila_simulans_Drosophila_simulans__LOC6727955__XP_016034553.1	386	386	386	321	CTG	0.06785121560096741	1	moderate	moderate	0.022	False	user_msa
Drosophila_subobscura_Drosophila_subobscura__LOC117898432__XP_034663715.1	386	386	386	321	CTG	0.06785121560096741	1	moderate	moderate	0.022	False	user_msa
Drosophila_suzukii_Drosophila_suzukii__Act88F__XP_016925443.1	386	386	386	321	CTG	0.06785121560096741	1	moderate	moderate	0.022	False	user_msa
Drosophila_virilis_Drosophila_virilis__Act88F__XP_002054294.1	386	386	386	321	CTG	0.06785121560096741	1	moderate	moderate	0.022	False	user_msa
Drosophila_willistoni_Drosophila_willistoni__LOC6646901__XP_002069647.1	386	386	386	321	CTG	0.06785121560096741	1	moderate	moderate	0.022	False	user_msa
Drosophila_yakuba_Drosophila_yakuba__LOC6537169__XP_002097730.1	386	386	386	321	CTG	0.06785121560096741	1	moderate	moderate	0.022	False	user_msa
Drosophila_ananassae_Drosophila_ananassae__LOC6501076__XP_001954513.1	387	387	387	322	GCT	0.0873785987496376	1	moderate	moderate	0.022	False	user_msa
Drosophila_biarmipes_Drosophila_biarmipes__LOC108026160__XP_016952383.1	387	387	387	322	GCC	0.07991489768028259	1	moderate	moderate	0.022	False	user_msa
Drosophila_mauritiana_Drosophila_mauritiana__LOC117145868__XP_033167581.1	387	387	387	322	GCC	0.07991489768028259	1	moderate	moderate	0.022	False	user_msa
Drosophila_melanogaster_Drosophila_melanogaster__Act88F__NP_524367.1	387	387	387	322	GCC	0.07991489768028259	1	moderate	moderate	0.022	False	user_msa
Drosophila_pseudoobscura_Drosophila_pseudoobscura__Act88F__XP_002137155.1	387	387	387	322	GCC	0.07991489768028259	1	moderate	moderate	0.022	False	user_msa
Drosophila_sechellia_Drosophila_sechellia__Act88F__XP_002031056.2	387	387	387	322	GCT	0.0873785987496376	1	moderate	moderate	0.022	False	user_msa
Drosophila_simulans_Drosophila_simulans__LOC6727955__XP_016034553.1	387	387	387	322	GCC	0.07991489768028259	1	moderate	moderate	0.022	False	user_msa
Drosophila_subobscura_Drosophila_subobscura__LOC117898432__XP_034663715.1	387	387	387	322	GCC	0.07991489768028259	1	moderate	moderate	0.022	False	user_msa
Drosophila_suzukii_Drosophila_suzukii__Act88F__XP_016925443.1	387	387	387	322	GCC	0.07991489768028259	1	moderate	moderate	0.022	False	user_msa
Drosophila_virilis_Drosophila_virilis__Act88F__XP_002054294.1	387	387	387	322	GCC	0.07991489768028259	1	moderate	moderate	0.022	False	user_msa
Drosophila_willistoni_Drosophila_willistoni__LOC6646901__XP_002069647.1	387	387	387	322	GCC	0.07991489768028259	1	moderate	moderate	0.022	False	user_msa
Drosophila_yakuba_Drosophila_yakuba__LOC6537169__XP_002097730.1	387	387	387	322	GCC	0.07991489768028259	1	moderate	moderate	0.022	False	user_msa
Drosophila_ananassae_Drosophila_ananassae__LOC6501076__XP_001954513.1	388	388	388	323	CCA	0.06566484272480011	1	moderate	moderate	0.022	False	user_msa
Drosophila_biarmipes_Drosophila_biarmipes__LOC108026160__XP_016952383.1	388	388	388	323	CCA	0.06566484272480011	1	moderate	moderate	0.022	False	user_msa
Drosophila_mauritiana_Drosophila_mauritiana__LOC117145868__XP_033167581.1	388	388	388	323	CCA	0.06566484272480011	1	moderate	moderate	0.022	False	user_msa
Drosophila_melanogaster_Drosophila_melanogaster__Act88F__NP_524367.1	388	388	388	323	CCA	0.06566484272480011	1	moderate	moderate	0.022	False	user_msa
Drosophila_pseudoobscura_Drosophila_pseudoobscura__Act88F__XP_002137155.1	388	388	388	323	CCA	0.06566484272480011	1	moderate	moderate	0.022	False	user_msa
Drosophila_sechellia_Drosophila_sechellia__Act88F__XP_002031056.2	388	388	388	323	CCA	0.06566484272480011	1	moderate	moderate	0.022	False	user_msa
Drosophila_simulans_Drosophila_simulans__LOC6727955__XP_016034553.1	388	388	388	323	CCA	0.06566484272480011	1	moderate	moderate	0.022	False	user_msa
Drosophila_subobscura_Drosophila_subobscura__LOC117898432__XP_034663715.1	388	388	388	323	CCA	0.06566484272480011	1	moderate	moderate	0.022	False	user_msa
Drosophila_suzukii_Drosophila_suzukii__Act88F__XP_016925443.1	388	388	388	323	CCA	0.06566484272480011	1	moderate	moderate	0.022	False	user_msa
Drosophila_virilis_Drosophila_virilis__Act88F__XP_002054294.1	388	388	388	323	CCA	0.06566484272480011	1	moderate	moderate	0.022	False	user_msa
Drosophila_willistoni_Drosophila_willistoni__LOC6646901__XP_002069647.1	388	388	388	323	CCA	0.06566484272480011	1	moderate	moderate	0.022	False	user_msa
Drosophila_yakuba_Drosophila_yakuba__LOC6537169__XP_002097730.1	388	388	388	323	CCA	0.06566484272480011	1	moderate	moderate	0.022	False	user_msa
Drosophila_ananassae_Drosophila_ananassae__LOC6501076__XP_001954513.1	389	389	389	324	TCC	0.10196444392204285	1	moderate	moderate	0.022	False	user_msa
Drosophila_biarmipes_Drosophila_biarmipes__LOC108026160__XP_016952383.1	389	389	389	324	TCG	0.1065126582980156	1	moderate	moderate	0.022	False	user_msa
Drosophila_mauritiana_Drosophila_mauritiana__LOC117145868__XP_033167581.1	389	389	389	324	TCG	0.1065126582980156	1	moderate	moderate	0.022	False	user_msa
Drosophila_melanogaster_Drosophila_melanogaster__Act88F__NP_524367.1	389	389	389	324	TCG	0.1065126582980156	1	moderate	moderate	0.022	False	user_msa
Drosophila_pseudoobscura_Drosophila_pseudoobscura__Act88F__XP_002137155.1	389	389	389	324	TCG	0.1065126582980156	1	moderate	moderate	0.022	False	user_msa
Drosophila_sechellia_Drosophila_sechellia__Act88F__XP_002031056.2	389	389	389	324	TCG	0.1065126582980156	1	moderate	moderate	0.022	False	user_msa
Drosophila_simulans_Drosophila_simulans__LOC6727955__XP_016034553.1	389	389	389	324	TCG	0.1065126582980156	1	moderate	moderate	0.022	False	user_msa
Drosophila_subobscura_Drosophila_subobscura__LOC117898432__XP_034663715.1	389	389	389	324	TCG	0.1065126582980156	1	moderate	moderate	0.022	False	user_msa
Drosophila_suzukii_Drosophila_suzukii__Act88F__XP_016925443.1	389	389	389	324	TCG	0.1065126582980156	1	moderate	moderate	0.022	False	user_msa
Drosophila_virilis_Drosophila_virilis__Act88F__XP_002054294.1	389	389	389	324	TCG	0.1065126582980156	1	moderate	moderate	0.022	False	user_msa
Drosophila_willistoni_Drosophila_willistoni__LOC6646901__XP_002069647.1	389	389	389	324	TCA	0.09758923947811127	1	moderate	moderate	0.022	False	user_msa
Drosophila_yakuba_Drosophila_yakuba__LOC6537169__XP_002097730.1	389	389	389	324	TCG	0.1065126582980156	1	moderate	moderate	0.022	False	user_msa
Drosophila_ananassae_Drosophila_ananassae__LOC6501076__XP_001954513.1	390	390	390	325	ACC	0.062499746680259705	1	moderate	moderate	0.022	False	user_msa
Drosophila_biarmipes_Drosophila_biarmipes__LOC108026160__XP_016952383.1	390	390	390	325	ACC	0.062499746680259705	1	moderate	moderate	0.022	False	user_msa
Drosophila_mauritiana_Drosophila_mauritiana__LOC117145868__XP_033167581.1	390	390	390	325	ACC	0.062499746680259705	1	moderate	moderate	0.022	False	user_msa
Drosophila_melanogaster_Drosophila_melanogaster__Act88F__NP_524367.1	390	390	390	325	ACC	0.062499746680259705	1	moderate	moderate	0.022	False	user_msa
Drosophila_pseudoobscura_Drosophila_pseudoobscura__Act88F__XP_002137155.1	390	390	390	325	ACC	0.062499746680259705	1	moderate	moderate	0.022	False	user_msa
Drosophila_sechellia_Drosophila_sechellia__Act88F__XP_002031056.2	390	390	390	325	ACC	0.062499746680259705	1	moderate	moderate	0.022	False	user_msa
Drosophila_simulans_Drosophila_simulans__LOC6727955__XP_016034553.1	390	390	390	325	ACC	0.062499746680259705	1	moderate	moderate	0.022	False	user_msa
Drosophila_subobscura_Drosophila_subobscura__LOC117898432__XP_034663715.1	390	390	390	325	ACC	0.062499746680259705	1	moderate	moderate	0.022	False	user_msa
Drosophila_suzukii_Drosophila_suzukii__Act88F__XP_016925443.1	390	390	390	325	ACC	0.062499746680259705	1	moderate	moderate	0.022	False	user_msa
Drosophila_virilis_Drosophila_virilis__Act88F__XP_002054294.1	390	390	390	325	ACC	0.062499746680259705	1	moderate	moderate	0.022	False	user_msa
Drosophila_willistoni_Drosophila_willistoni__LOC6646901__XP_002069647.1	390	390	390	325	ACC	0.062499746680259705	1	moderate	moderate	0.022	False	user_msa
Drosophila_yakuba_Drosophila_yakuba__LOC6537169__XP_002097730.1	390	390	390	325	ACC	0.062499746680259705	1	moderate	moderate	0.022	False	user_msa
Drosophila_ananassae_Drosophila_ananassae__LOC6501076__XP_001954513.1	391	391	391	326	ATC	0.07353788614273071	1	moderate	moderate	0.022	False	user_msa
Drosophila_biarmipes_Drosophila_biarmipes__LOC108026160__XP_016952383.1	391	391	391	326	ATC	0.07353788614273071	1	moderate	moderate	0.022	False	user_msa
Drosophila_mauritiana_Drosophila_mauritiana__LOC117145868__XP_033167581.1	391	391	391	326	ATC	0.07353788614273071	1	moderate	moderate	0.022	False	user_msa
Drosophila_melanogaster_Drosophila_melanogaster__Act88F__NP_524367.1	391	391	391	326	ATC	0.07353788614273071	1	moderate	moderate	0.022	False	user_msa
Drosophila_pseudoobscura_Drosophila_pseudoobscura__Act88F__XP_002137155.1	391	391	391	326	ATC	0.07353788614273071	1	moderate	moderate	0.022	False	user_msa
Drosophila_sechellia_Drosophila_sechellia__Act88F__XP_002031056.2	391	391	391	326	ATC	0.07353788614273071	1	moderate	moderate	0.022	False	user_msa
Drosophila_simulans_Drosophila_simulans__LOC6727955__XP_016034553.1	391	391	391	326	ATC	0.07353788614273071	1	moderate	moderate	0.022	False	user_msa
Drosophila_subobscura_Drosophila_subobscura__LOC117898432__XP_034663715.1	391	391	391	326	ATC	0.07353788614273071	1	moderate	moderate	0.022	False	user_msa
Drosophila_suzukii_Drosophila_suzukii__Act88F__XP_016925443.1	391	391	391	326	ATC	0.07353788614273071	1	moderate	moderate	0.022	False	user_msa
Drosophila_virilis_Drosophila_virilis__Act88F__XP_002054294.1	391	391	391	326	ATT	0.07908489555120468	1	moderate	moderate	0.022	False	user_msa
Drosophila_willistoni_Drosophila_willistoni__LOC6646901__XP_002069647.1	391	391	391	326	ATT	0.07908489555120468	1	moderate	moderate	0.022	False	user_msa
Drosophila_yakuba_Drosophila_yakuba__LOC6537169__XP_002097730.1	391	391	391	326	ATC	0.07353788614273071	1	moderate	moderate	0.022	False	user_msa
Drosophila_ananassae_Drosophila_ananassae__LOC6501076__XP_001954513.1	392	392	392	327	AAG	0.061897099018096924	1	moderate	moderate	0.022	False	user_msa
Drosophila_biarmipes_Drosophila_biarmipes__LOC108026160__XP_016952383.1	392	392	392	327	AAG	0.061897099018096924	1	moderate	moderate	0.022	False	user_msa
Drosophila_mauritiana_Drosophila_mauritiana__LOC117145868__XP_033167581.1	392	392	392	327	AAG	0.061897099018096924	1	moderate	moderate	0.022	False	user_msa
Drosophila_melanogaster_Drosophila_melanogaster__Act88F__NP_524367.1	392	392	392	327	AAG	0.061897099018096924	1	moderate	moderate	0.022	False	user_msa
Drosophila_pseudoobscura_Drosophila_pseudoobscura__Act88F__XP_002137155.1	392	392	392	327	AAG	0.061897099018096924	1	moderate	moderate	0.022	False	user_msa
Drosophila_sechellia_Drosophila_sechellia__Act88F__XP_002031056.2	392	392	392	327	AAG	0.061897099018096924	1	moderate	moderate	0.022	False	user_msa
Drosophila_simulans_Drosophila_simulans__LOC6727955__XP_016034553.1	392	392	392	327	AAG	0.061897099018096924	1	moderate	moderate	0.022	False	user_msa
Drosophila_subobscura_Drosophila_subobscura__LOC117898432__XP_034663715.1	392	392	392	327	AAG	0.061897099018096924	1	moderate	moderate	0.022	False	user_msa
Drosophila_suzukii_Drosophila_suzukii__Act88F__XP_016925443.1	392	392	392	327	AAG	0.061897099018096924	1	moderate	moderate	0.022	False	user_msa
Drosophila_virilis_Drosophila_virilis__Act88F__XP_002054294.1	392	392	392	327	AAG	0.061897099018096924	1	moderate	moderate	0.022	False	user_msa
Drosophila_willistoni_Drosophila_willistoni__LOC6646901__XP_002069647.1	392	392	392	327	AAG	0.061897099018096924	1	moderate	moderate	0.022	False	user_msa
Drosophila_yakuba_Drosophila_yakuba__LOC6537169__XP_002097730.1	392	392	392	327	AAG	0.061897099018096924	1	moderate	moderate	0.022	False	user_msa
Drosophila_ananassae_Drosophila_ananassae__LOC6501076__XP_001954513.1	393	393	393	328	ATC	0.06420397758483887	1	moderate	moderate	0.022	False	user_msa
Drosophila_biarmipes_Drosophila_biarmipes__LOC108026160__XP_016952383.1	393	393	393	328	ATC	0.06420397758483887	1	moderate	moderate	0.022	False	user_msa
Drosophila_mauritiana_Drosophila_mauritiana__LOC117145868__XP_033167581.1	393	393	393	328	ATC	0.06420397758483887	1	moderate	moderate	0.022	False	user_msa
Drosophila_melanogaster_Drosophila_melanogaster__Act88F__NP_524367.1	393	393	393	328	ATC	0.06420397758483887	1	moderate	moderate	0.022	False	user_msa
Drosophila_pseudoobscura_Drosophila_pseudoobscura__Act88F__XP_002137155.1	393	393	393	328	ATC	0.06420397758483887	1	moderate	moderate	0.022	False	user_msa
Drosophila_sechellia_Drosophila_sechellia__Act88F__XP_002031056.2	393	393	393	328	ATC	0.06420397758483887	1	moderate	moderate	0.022	False	user_msa
Drosophila_simulans_Drosophila_simulans__LOC6727955__XP_016034553.1	393	393	393	328	ATC	0.06420397758483887	1	moderate	moderate	0.022	False	user_msa
Drosophila_subobscura_Drosophila_subobscura__LOC117898432__XP_034663715.1	393	393	393	328	ATC	0.06420397758483887	1	moderate	moderate	0.022	False	user_msa
Drosophila_suzukii_Drosophila_suzukii__Act88F__XP_016925443.1	393	393	393	328	ATC	0.06420397758483887	1	moderate	moderate	0.022	False	user_msa
Drosophila_virilis_Drosophila_virilis__Act88F__XP_002054294.1	393	393	393	328	ATC	0.06420397758483887	1	moderate	moderate	0.022	False	user_msa
Drosophila_willistoni_Drosophila_willistoni__LOC6646901__XP_002069647.1	393	393	393	328	ATC	0.06420397758483887	1	moderate	moderate	0.022	False	user_msa
Drosophila_yakuba_Drosophila_yakuba__LOC6537169__XP_002097730.1	393	393	393	328	ATC	0.06420397758483887	1	moderate	moderate	0.022	False	user_msa
Drosophila_ananassae_Drosophila_ananassae__LOC6501076__XP_001954513.1	394	394	394	329	AAG	0.06191340088844299	1	moderate	moderate	0.022	False	user_msa
Drosophila_biarmipes_Drosophila_biarmipes__LOC108026160__XP_016952383.1	394	394	394	329	AAG	0.06191340088844299	1	moderate	moderate	0.022	False	user_msa
Drosophila_mauritiana_Drosophila_mauritiana__LOC117145868__XP_033167581.1	394	394	394	329	AAG	0.06191340088844299	1	moderate	moderate	0.022	False	user_msa
Drosophila_melanogaster_Drosophila_melanogaster__Act88F__NP_524367.1	394	394	394	329	AAG	0.06191340088844299	1	moderate	moderate	0.022	False	user_msa
Drosophila_pseudoobscura_Drosophila_pseudoobscura__Act88F__XP_002137155.1	394	394	394	329	AAG	0.06191340088844299	1	moderate	moderate	0.022	False	user_msa
Drosophila_sechellia_Drosophila_sechellia__Act88F__XP_002031056.2	394	394	394	329	AAG	0.06191340088844299	1	moderate	moderate	0.022	False	user_msa
Drosophila_simulans_Drosophila_simulans__LOC6727955__XP_016034553.1	394	394	394	329	AAG	0.06191340088844299	1	moderate	moderate	0.022	False	user_msa
Drosophila_subobscura_Drosophila_subobscura__LOC117898432__XP_034663715.1	394	394	394	329	AAG	0.06191340088844299	1	moderate	moderate	0.022	False	user_msa
Drosophila_suzukii_Drosophila_suzukii__Act88F__XP_016925443.1	394	394	394	329	AAG	0.06191340088844299	1	moderate	moderate	0.022	False	user_msa
Drosophila_virilis_Drosophila_virilis__Act88F__XP_002054294.1	394	394	394	329	AAG	0.06191340088844299	1	moderate	moderate	0.022	False	user_msa
Drosophila_willistoni_Drosophila_willistoni__LOC6646901__XP_002069647.1	394	394	394	329	AAG	0.06191340088844299	1	moderate	moderate	0.022	False	user_msa
Drosophila_yakuba_Drosophila_yakuba__LOC6537169__XP_002097730.1	394	394	394	329	AAG	0.06191340088844299	1	moderate	moderate	0.022	False	user_msa
Drosophila_ananassae_Drosophila_ananassae__LOC6501076__XP_001954513.1	395	395	395	330	ATC	0.06422088295221329	1	moderate	moderate	0.022	False	user_msa
Drosophila_biarmipes_Drosophila_biarmipes__LOC108026160__XP_016952383.1	395	395	395	330	ATC	0.06422088295221329	1	moderate	moderate	0.022	False	user_msa
Drosophila_mauritiana_Drosophila_mauritiana__LOC117145868__XP_033167581.1	395	395	395	330	ATC	0.06422088295221329	1	moderate	moderate	0.022	False	user_msa
Drosophila_melanogaster_Drosophila_melanogaster__Act88F__NP_524367.1	395	395	395	330	ATC	0.06422088295221329	1	moderate	moderate	0.022	False	user_msa
Drosophila_pseudoobscura_Drosophila_pseudoobscura__Act88F__XP_002137155.1	395	395	395	330	ATC	0.06422088295221329	1	moderate	moderate	0.022	False	user_msa
Drosophila_sechellia_Drosophila_sechellia__Act88F__XP_002031056.2	395	395	395	330	ATC	0.06422088295221329	1	moderate	moderate	0.022	False	user_msa
Drosophila_simulans_Drosophila_simulans__LOC6727955__XP_016034553.1	395	395	395	330	ATC	0.06422088295221329	1	moderate	moderate	0.022	False	user_msa
Drosophila_subobscura_Drosophila_subobscura__LOC117898432__XP_034663715.1	395	395	395	330	ATC	0.06422088295221329	1	moderate	moderate	0.022	False	user_msa
Drosophila_suzukii_Drosophila_suzukii__Act88F__XP_016925443.1	395	395	395	330	ATC	0.06422088295221329	1	moderate	moderate	0.022	False	user_msa
Drosophila_virilis_Drosophila_virilis__Act88F__XP_002054294.1	395	395	395	330	ATC	0.06422088295221329	1	moderate	moderate	0.022	False	user_msa
Drosophila_willistoni_Drosophila_willistoni__LOC6646901__XP_002069647.1	395	395	395	330	ATC	0.06422088295221329	1	moderate	moderate	0.022	False	user_msa
Drosophila_yakuba_Drosophila_yakuba__LOC6537169__XP_002097730.1	395	395	395	330	ATC	0.06422088295221329	1	moderate	moderate	0.022	False	user_msa
Drosophila_ananassae_Drosophila_ananassae__LOC6501076__XP_001954513.1	396	396	396	331	ATT	0.07549463212490082	1	moderate	moderate	0.022	False	user_msa
Drosophila_biarmipes_Drosophila_biarmipes__LOC108026160__XP_016952383.1	396	396	396	331	ATT	0.07549463212490082	1	moderate	moderate	0.022	False	user_msa
Drosophila_mauritiana_Drosophila_mauritiana__LOC117145868__XP_033167581.1	396	396	396	331	ATT	0.07549463212490082	1	moderate	moderate	0.022	False	user_msa
Drosophila_melanogaster_Drosophila_melanogaster__Act88F__NP_524367.1	396	396	396	331	ATT	0.07549463212490082	1	moderate	moderate	0.022	False	user_msa
Drosophila_pseudoobscura_Drosophila_pseudoobscura__Act88F__XP_002137155.1	396	396	396	331	ATT	0.07549463212490082	1	moderate	moderate	0.022	False	user_msa
Drosophila_sechellia_Drosophila_sechellia__Act88F__XP_002031056.2	396	396	396	331	ATT	0.07549463212490082	1	moderate	moderate	0.022	False	user_msa
Drosophila_simulans_Drosophila_simulans__LOC6727955__XP_016034553.1	396	396	396	331	ATT	0.07549463212490082	1	moderate	moderate	0.022	False	user_msa
Drosophila_subobscura_Drosophila_subobscura__LOC117898432__XP_034663715.1	396	396	396	331	ATT	0.07549463212490082	1	moderate	moderate	0.022	False	user_msa
Drosophila_suzukii_Drosophila_suzukii__Act88F__XP_016925443.1	396	396	396	331	ATT	0.07549463212490082	1	moderate	moderate	0.022	False	user_msa
Drosophila_virilis_Drosophila_virilis__Act88F__XP_002054294.1	396	396	396	331	ATT	0.07549463212490082	1	moderate	moderate	0.022	False	user_msa
Drosophila_willistoni_Drosophila_willistoni__LOC6646901__XP_002069647.1	396	396	396	331	ATT	0.07549463212490082	1	moderate	moderate	0.022	False	user_msa
Drosophila_yakuba_Drosophila_yakuba__LOC6537169__XP_002097730.1	396	396	396	331	ATC	0.07059357315301895	1	moderate	moderate	0.022	False	user_msa
Drosophila_ananassae_Drosophila_ananassae__LOC6501076__XP_001954513.1	397	397	397	332	GCC	0.1137714833021164	1	moderate	moderate	0.022	False	user_msa
Drosophila_biarmipes_Drosophila_biarmipes__LOC108026160__XP_016952383.1	397	397	397	332	GCG	0.11877680569887161	1	moderate	moderate	0.022	False	user_msa
Drosophila_mauritiana_Drosophila_mauritiana__LOC117145868__XP_033167581.1	397	397	397	332	GCG	0.11877680569887161	1	moderate	moderate	0.022	False	user_msa
Drosophila_melanogaster_Drosophila_melanogaster__Act88F__NP_524367.1	397	397	397	332	GCG	0.11877680569887161	1	moderate	moderate	0.022	False	user_msa
Drosophila_pseudoobscura_Drosophila_pseudoobscura__Act88F__XP_002137155.1	397	397	397	332	GCG	0.11877680569887161	1	moderate	moderate	0.022	False	user_msa
Drosophila_sechellia_Drosophila_sechellia__Act88F__XP_002031056.2	397	397	397	332	GCG	0.11877680569887161	1	moderate	moderate	0.022	False	user_msa
Drosophila_simulans_Drosophila_simulans__LOC6727955__XP_016034553.1	397	397	397	332	GCG	0.11877680569887161	1	moderate	moderate	0.022	False	user_msa
Drosophila_subobscura_Drosophila_subobscura__LOC117898432__XP_034663715.1	397	397	397	332	GCG	0.11877680569887161	1	moderate	moderate	0.022	False	user_msa
Drosophila_suzukii_Drosophila_suzukii__Act88F__XP_016925443.1	397	397	397	332	GCG	0.11877680569887161	1	moderate	moderate	0.022	False	user_msa
Drosophila_virilis_Drosophila_virilis__Act88F__XP_002054294.1	397	397	397	332	GCA	0.10895106941461563	1	moderate	moderate	0.022	False	user_msa
Drosophila_willistoni_Drosophila_willistoni__LOC6646901__XP_002069647.1	397	397	397	332	GCT	0.12397132813930511	1	moderate	moderate	0.022	False	user_msa
Drosophila_yakuba_Drosophila_yakuba__LOC6537169__XP_002097730.1	397	397	397	332	GCG	0.11877680569887161	1	moderate	moderate	0.022	False	user_msa
Drosophila_ananassae_Drosophila_ananassae__LOC6501076__XP_001954513.1	398	398	398	333	CCA	0.06575112789869308	1	moderate	moderate	0.022	False	user_msa
Drosophila_biarmipes_Drosophila_biarmipes__LOC108026160__XP_016952383.1	398	398	398	333	CCA	0.06575112789869308	1	moderate	moderate	0.022	False	user_msa
Drosophila_mauritiana_Drosophila_mauritiana__LOC117145868__XP_033167581.1	398	398	398	333	CCA	0.06575112789869308	1	moderate	moderate	0.022	False	user_msa
Drosophila_melanogaster_Drosophila_melanogaster__Act88F__NP_524367.1	398	398	398	333	CCA	0.06575112789869308	1	moderate	moderate	0.022	False	user_msa
Drosophila_pseudoobscura_Drosophila_pseudoobscura__Act88F__XP_002137155.1	398	398	398	333	CCA	0.06575112789869308	1	moderate	moderate	0.022	False	user_msa
Drosophila_sechellia_Drosophila_sechellia__Act88F__XP_002031056.2	398	398	398	333	CCA	0.06575112789869308	1	moderate	moderate	0.022	False	user_msa
Drosophila_simulans_Drosophila_simulans__LOC6727955__XP_016034553.1	398	398	398	333	CCA	0.06575112789869308	1	moderate	moderate	0.022	False	user_msa
Drosophila_subobscura_Drosophila_subobscura__LOC117898432__XP_034663715.1	398	398	398	333	CCA	0.06575112789869308	1	moderate	moderate	0.022	False	user_msa
Drosophila_suzukii_Drosophila_suzukii__Act88F__XP_016925443.1	398	398	398	333	CCA	0.06575112789869308	1	moderate	moderate	0.022	False	user_msa
Drosophila_virilis_Drosophila_virilis__Act88F__XP_002054294.1	398	398	398	333	CCA	0.06575112789869308	1	moderate	moderate	0.022	False	user_msa
Drosophila_willistoni_Drosophila_willistoni__LOC6646901__XP_002069647.1	398	398	398	333	CCA	0.06575112789869308	1	moderate	moderate	0.022	False	user_msa
Drosophila_yakuba_Drosophila_yakuba__LOC6537169__XP_002097730.1	398	398	398	333	CCA	0.06575112789869308	1	moderate	moderate	0.022	False	user_msa
Drosophila_ananassae_Drosophila_ananassae__LOC6501076__XP_001954513.1	399	399	399	334	CCT	0.0790845975279808	1	moderate	moderate	0.022	False	user_msa
Drosophila_biarmipes_Drosophila_biarmipes__LOC108026160__XP_016952383.1	399	399	399	334	CCC	0.07375174015760422	1	moderate	moderate	0.022	False	user_msa
Drosophila_mauritiana_Drosophila_mauritiana__LOC117145868__XP_033167581.1	399	399	399	334	CCC	0.07375174015760422	1	moderate	moderate	0.022	False	user_msa
Drosophila_melanogaster_Drosophila_melanogaster__Act88F__NP_524367.1	399	399	399	334	CCC	0.07375174015760422	1	moderate	moderate	0.022	False	user_msa
Drosophila_pseudoobscura_Drosophila_pseudoobscura__Act88F__XP_002137155.1	399	399	399	334	CCT	0.0790845975279808	1	moderate	moderate	0.022	False	user_msa
Drosophila_sechellia_Drosophila_sechellia__Act88F__XP_002031056.2	399	399	399	334	CCC	0.07375174015760422	1	moderate	moderate	0.022	False	user_msa
Drosophila_simulans_Drosophila_simulans__LOC6727955__XP_016034553.1	399	399	399	334	CCC	0.07375174015760422	1	moderate	moderate	0.022	False	user_msa
Drosophila_subobscura_Drosophila_subobscura__LOC117898432__XP_034663715.1	399	399	399	334	CCT	0.0790845975279808	1	moderate	moderate	0.022	False	user_msa
Drosophila_suzukii_Drosophila_suzukii__Act88F__XP_016925443.1	399	399	399	334	CCT	0.0790845975279808	1	moderate	moderate	0.022	False	user_msa
Drosophila_virilis_Drosophila_virilis__Act88F__XP_002054294.1	399	399	399	334	CCT	0.0790845975279808	1	moderate	moderate	0.022	False	user_msa
Drosophila_willistoni_Drosophila_willistoni__LOC6646901__XP_002069647.1	399	399	399	334	CCT	0.0790845975279808	1	moderate	moderate	0.022	False	user_msa
Drosophila_yakuba_Drosophila_yakuba__LOC6537169__XP_002097730.1	399	399	399	334	CCC	0.07375174015760422	1	moderate	moderate	0.022	False	user_msa
Drosophila_ananassae_Drosophila_ananassae__LOC6501076__XP_001954513.1	400	400	400	335	GAG	0.06887772679328918	1	moderate	moderate	0.022	False	user_msa
Drosophila_biarmipes_Drosophila_biarmipes__LOC108026160__XP_016952383.1	400	400	400	335	GAG	0.06887772679328918	1	moderate	moderate	0.022	False	user_msa
Drosophila_mauritiana_Drosophila_mauritiana__LOC117145868__XP_033167581.1	400	400	400	335	GAG	0.06887772679328918	1	moderate	moderate	0.022	False	user_msa
Drosophila_melanogaster_Drosophila_melanogaster__Act88F__NP_524367.1	400	400	400	335	GAG	0.06887772679328918	1	moderate	moderate	0.022	False	user_msa
Drosophila_pseudoobscura_Drosophila_pseudoobscura__Act88F__XP_002137155.1	400	400	400	335	GAG	0.06887772679328918	1	moderate	moderate	0.022	False	user_msa
Drosophila_sechellia_Drosophila_sechellia__Act88F__XP_002031056.2	400	400	400	335	GAG	0.06887772679328918	1	moderate	moderate	0.022	False	user_msa
Drosophila_simulans_Drosophila_simulans__LOC6727955__XP_016034553.1	400	400	400	335	GAG	0.06887772679328918	1	moderate	moderate	0.022	False	user_msa
Drosophila_subobscura_Drosophila_subobscura__LOC117898432__XP_034663715.1	400	400	400	335	GAG	0.06887772679328918	1	moderate	moderate	0.022	False	user_msa
Drosophila_suzukii_Drosophila_suzukii__Act88F__XP_016925443.1	400	400	400	335	GAG	0.06887772679328918	1	moderate	moderate	0.022	False	user_msa
Drosophila_virilis_Drosophila_virilis__Act88F__XP_002054294.1	400	400	400	335	GAG	0.06887772679328918	1	moderate	moderate	0.022	False	user_msa
Drosophila_willistoni_Drosophila_willistoni__LOC6646901__XP_002069647.1	400	400	400	335	GAG	0.06887772679328918	1	moderate	moderate	0.022	False	user_msa
Drosophila_yakuba_Drosophila_yakuba__LOC6537169__XP_002097730.1	400	400	400	335	GAG	0.06887772679328918	1	moderate	moderate	0.022	False	user_msa
Drosophila_ananassae_Drosophila_ananassae__LOC6501076__XP_001954513.1	401	401	401	336	CGT	0.1439027637243271	1	moderate	moderate	0.022	False	user_msa
Drosophila_biarmipes_Drosophila_biarmipes__LOC108026160__XP_016952383.1	401	401	401	336	AGG	0.07493367046117783	1	moderate	moderate	0.022	False	user_msa
Drosophila_mauritiana_Drosophila_mauritiana__LOC117145868__XP_033167581.1	401	401	401	336	AGG	0.07493367046117783	1	moderate	moderate	0.022	False	user_msa
Drosophila_melanogaster_Drosophila_melanogaster__Act88F__NP_524367.1	401	401	401	336	AGG	0.07493367046117783	1	moderate	moderate	0.022	False	user_msa
Drosophila_pseudoobscura_Drosophila_pseudoobscura__Act88F__XP_002137155.1	401	401	401	336	AGA	0.07137182354927063	1	moderate	moderate	0.022	False	user_msa
Drosophila_sechellia_Drosophila_sechellia__Act88F__XP_002031056.2	401	401	401	336	AGG	0.07493367046117783	1	moderate	moderate	0.022	False	user_msa
Drosophila_simulans_Drosophila_simulans__LOC6727955__XP_016034553.1	401	401	401	336	AGG	0.07493367046117783	1	moderate	moderate	0.022	False	user_msa
Drosophila_subobscura_Drosophila_subobscura__LOC117898432__XP_034663715.1	401	401	401	336	AGG	0.07493367046117783	1	moderate	moderate	0.022	False	user_msa
Drosophila_suzukii_Drosophila_suzukii__Act88F__XP_016925443.1	401	401	401	336	AGG	0.07493367046117783	1	moderate	moderate	0.022	False	user_msa
Drosophila_virilis_Drosophila_virilis__Act88F__XP_002054294.1	401	401	401	336	AGA	0.07137182354927063	1	moderate	moderate	0.022	False	user_msa
Drosophila_willistoni_Drosophila_willistoni__LOC6646901__XP_002069647.1	401	401	401	336	AGA	0.07137182354927063	1	moderate	moderate	0.022	False	user_msa
Drosophila_yakuba_Drosophila_yakuba__LOC6537169__XP_002097730.1	401	401	401	336	AGG	0.07493367046117783	1	moderate	moderate	0.022	False	user_msa
Drosophila_ananassae_Drosophila_ananassae__LOC6501076__XP_001954513.1	402	402	402	337	AAA	0.06768833845853806	1	moderate	moderate	0.022	False	user_msa
Drosophila_biarmipes_Drosophila_biarmipes__LOC108026160__XP_016952383.1	402	402	402	337	AAG	0.0724034383893013	1	moderate	moderate	0.022	False	user_msa
Drosophila_mauritiana_Drosophila_mauritiana__LOC117145868__XP_033167581.1	402	402	402	337	AAG	0.0724034383893013	1	moderate	moderate	0.022	False	user_msa
Drosophila_melanogaster_Drosophila_melanogaster__Act88F__NP_524367.1	402	402	402	337	AAG	0.0724034383893013	1	moderate	moderate	0.022	False	user_msa
Drosophila_pseudoobscura_Drosophila_pseudoobscura__Act88F__XP_002137155.1	402	402	402	337	AAG	0.0724034383893013	1	moderate	moderate	0.022	False	user_msa
Drosophila_sechellia_Drosophila_sechellia__Act88F__XP_002031056.2	402	402	402	337	AAG	0.0724034383893013	1	moderate	moderate	0.022	False	user_msa
Drosophila_simulans_Drosophila_simulans__LOC6727955__XP_016034553.1	402	402	402	337	AAG	0.0724034383893013	1	moderate	moderate	0.022	False	user_msa
Drosophila_subobscura_Drosophila_subobscura__LOC117898432__XP_034663715.1	402	402	402	337	AAG	0.0724034383893013	1	moderate	moderate	0.022	False	user_msa
Drosophila_suzukii_Drosophila_suzukii__Act88F__XP_016925443.1	402	402	402	337	AAG	0.0724034383893013	1	moderate	moderate	0.022	False	user_msa
Drosophila_virilis_Drosophila_virilis__Act88F__XP_002054294.1	402	402	402	337	AAG	0.0724034383893013	1	moderate	moderate	0.022	False	user_msa
Drosophila_willistoni_Drosophila_willistoni__LOC6646901__XP_002069647.1	402	402	402	337	AAG	0.0724034383893013	1	moderate	moderate	0.022	False	user_msa
Drosophila_yakuba_Drosophila_yakuba__LOC6537169__XP_002097730.1	402	402	402	337	AAG	0.0724034383893013	1	moderate	moderate	0.022	False	user_msa
Drosophila_ananassae_Drosophila_ananassae__LOC6501076__XP_001954513.1	403	403	403	338	TAC	0.07275199145078659	1	moderate	moderate	0.022	False	user_msa
Drosophila_biarmipes_Drosophila_biarmipes__LOC108026160__XP_016952383.1	403	403	403	338	TAC	0.07275199145078659	1	moderate	moderate	0.022	False	user_msa
Drosophila_mauritiana_Drosophila_mauritiana__LOC117145868__XP_033167581.1	403	403	403	338	TAC	0.07275199145078659	1	moderate	moderate	0.022	False	user_msa
Drosophila_melanogaster_Drosophila_melanogaster__Act88F__NP_524367.1	403	403	403	338	TAC	0.07275199145078659	1	moderate	moderate	0.022	False	user_msa
Drosophila_pseudoobscura_Drosophila_pseudoobscura__Act88F__XP_002137155.1	403	403	403	338	TAC	0.07275199145078659	1	moderate	moderate	0.022	False	user_msa
Drosophila_sechellia_Drosophila_sechellia__Act88F__XP_002031056.2	403	403	403	338	TAC	0.07275199145078659	1	moderate	moderate	0.022	False	user_msa
Drosophila_simulans_Drosophila_simulans__LOC6727955__XP_016034553.1	403	403	403	338	TAC	0.07275199145078659	1	moderate	moderate	0.022	False	user_msa
Drosophila_subobscura_Drosophila_subobscura__LOC117898432__XP_034663715.1	403	403	403	338	TAC	0.07275199145078659	1	moderate	moderate	0.022	False	user_msa
Drosophila_suzukii_Drosophila_suzukii__Act88F__XP_016925443.1	403	403	403	338	TAC	0.07275199145078659	1	moderate	moderate	0.022	False	user_msa
Drosophila_virilis_Drosophila_virilis__Act88F__XP_002054294.1	403	403	403	338	TAC	0.07275199145078659	1	moderate	moderate	0.022	False	user_msa
Drosophila_willistoni_Drosophila_willistoni__LOC6646901__XP_002069647.1	403	403	403	338	TAC	0.07275199145078659	1	moderate	moderate	0.022	False	user_msa
Drosophila_yakuba_Drosophila_yakuba__LOC6537169__XP_002097730.1	403	403	403	338	TAC	0.07275199145078659	1	moderate	moderate	0.022	False	user_msa
Drosophila_ananassae_Drosophila_ananassae__LOC6501076__XP_001954513.1	404	404	404	339	TCC	0.07399323582649231	1	moderate	moderate	0.022	False	user_msa
Drosophila_biarmipes_Drosophila_biarmipes__LOC108026160__XP_016952383.1	404	404	404	339	TCC	0.07399323582649231	1	moderate	moderate	0.022	False	user_msa
Drosophila_mauritiana_Drosophila_mauritiana__LOC117145868__XP_033167581.1	404	404	404	339	TCC	0.07399323582649231	1	moderate	moderate	0.022	False	user_msa
Drosophila_melanogaster_Drosophila_melanogaster__Act88F__NP_524367.1	404	404	404	339	TCC	0.07399323582649231	1	moderate	moderate	0.022	False	user_msa
Drosophila_pseudoobscura_Drosophila_pseudoobscura__Act88F__XP_002137155.1	404	404	404	339	TCC	0.07399323582649231	1	moderate	moderate	0.022	False	user_msa
Drosophila_sechellia_Drosophila_sechellia__Act88F__XP_002031056.2	404	404	404	339	TCC	0.07399323582649231	1	moderate	moderate	0.022	False	user_msa
Drosophila_simulans_Drosophila_simulans__LOC6727955__XP_016034553.1	404	404	404	339	TCC	0.07399323582649231	1	moderate	moderate	0.022	False	user_msa
Drosophila_subobscura_Drosophila_subobscura__LOC117898432__XP_034663715.1	404	404	404	339	TCC	0.07399323582649231	1	moderate	moderate	0.022	False	user_msa
Drosophila_suzukii_Drosophila_suzukii__Act88F__XP_016925443.1	404	404	404	339	TCC	0.07399323582649231	1	moderate	moderate	0.022	False	user_msa
Drosophila_virilis_Drosophila_virilis__Act88F__XP_002054294.1	404	404	404	339	TCC	0.07399323582649231	1	moderate	moderate	0.022	False	user_msa
Drosophila_willistoni_Drosophila_willistoni__LOC6646901__XP_002069647.1	404	404	404	339	TCC	0.07399323582649231	1	moderate	moderate	0.022	False	user_msa
Drosophila_yakuba_Drosophila_yakuba__LOC6537169__XP_002097730.1	404	404	404	339	TCC	0.07399323582649231	1	moderate	moderate	0.022	False	user_msa
Drosophila_ananassae_Drosophila_ananassae__LOC6501076__XP_001954513.1	405	405	405	340	GTC	0.08580337464809418	1	moderate	moderate	0.022	False	user_msa
Drosophila_biarmipes_Drosophila_biarmipes__LOC108026160__XP_016952383.1	405	405	405	340	GTC	0.08580337464809418	1	moderate	moderate	0.022	False	user_msa
Drosophila_mauritiana_Drosophila_mauritiana__LOC117145868__XP_033167581.1	405	405	405	340	GTC	0.08580337464809418	1	moderate	moderate	0.022	False	user_msa
Drosophila_melanogaster_Drosophila_melanogaster__Act88F__NP_524367.1	405	405	405	340	GTC	0.08580337464809418	1	moderate	moderate	0.022	False	user_msa
Drosophila_pseudoobscura_Drosophila_pseudoobscura__Act88F__XP_002137155.1	405	405	405	340	GTA	0.08205825090408325	1	moderate	moderate	0.022	False	user_msa
Drosophila_sechellia_Drosophila_sechellia__Act88F__XP_002031056.2	405	405	405	340	GTC	0.08580337464809418	1	moderate	moderate	0.022	False	user_msa
Drosophila_simulans_Drosophila_simulans__LOC6727955__XP_016034553.1	405	405	405	340	GTC	0.08580337464809418	1	moderate	moderate	0.022	False	user_msa
Drosophila_subobscura_Drosophila_subobscura__LOC117898432__XP_034663715.1	405	405	405	340	GTC	0.08580337464809418	1	moderate	moderate	0.022	False	user_msa
Drosophila_suzukii_Drosophila_suzukii__Act88F__XP_016925443.1	405	405	405	340	GTC	0.08580337464809418	1	moderate	moderate	0.022	False	user_msa
Drosophila_virilis_Drosophila_virilis__Act88F__XP_002054294.1	405	405	405	340	GTC	0.08580337464809418	1	moderate	moderate	0.022	False	user_msa
Drosophila_willistoni_Drosophila_willistoni__LOC6646901__XP_002069647.1	405	405	405	340	GTC	0.08580337464809418	1	moderate	moderate	0.022	False	user_msa
Drosophila_yakuba_Drosophila_yakuba__LOC6537169__XP_002097730.1	405	405	405	340	GTC	0.08580337464809418	1	moderate	moderate	0.022	False	user_msa
Drosophila_ananassae_Drosophila_ananassae__LOC6501076__XP_001954513.1	406	406	406	341	TGG	0.07557599246501923	1	moderate	moderate	0.022	False	user_msa
Drosophila_biarmipes_Drosophila_biarmipes__LOC108026160__XP_016952383.1	406	406	406	341	TGG	0.07557599246501923	1	moderate	moderate	0.022	False	user_msa
Drosophila_mauritiana_Drosophila_mauritiana__LOC117145868__XP_033167581.1	406	406	406	341	TGG	0.07557599246501923	1	moderate	moderate	0.022	False	user_msa
Drosophila_melanogaster_Drosophila_melanogaster__Act88F__NP_524367.1	406	406	406	341	TGG	0.07557599246501923	1	moderate	moderate	0.022	False	user_msa
Drosophila_pseudoobscura_Drosophila_pseudoobscura__Act88F__XP_002137155.1	406	406	406	341	TGG	0.07557599246501923	1	moderate	moderate	0.022	False	user_msa
Drosophila_sechellia_Drosophila_sechellia__Act88F__XP_002031056.2	406	406	406	341	TGG	0.07557599246501923	1	moderate	moderate	0.022	False	user_msa
Drosophila_simulans_Drosophila_simulans__LOC6727955__XP_016034553.1	406	406	406	341	TGG	0.07557599246501923	1	moderate	moderate	0.022	False	user_msa
Drosophila_subobscura_Drosophila_subobscura__LOC117898432__XP_034663715.1	406	406	406	341	TGG	0.07557599246501923	1	moderate	moderate	0.022	False	user_msa
Drosophila_suzukii_Drosophila_suzukii__Act88F__XP_016925443.1	406	406	406	341	TGG	0.07557599246501923	1	moderate	moderate	0.022	False	user_msa
Drosophila_virilis_Drosophila_virilis__Act88F__XP_002054294.1	406	406	406	341	TGG	0.07557599246501923	1	moderate	moderate	0.022	False	user_msa
Drosophila_willistoni_Drosophila_willistoni__LOC6646901__XP_002069647.1	406	406	406	341	TGG	0.07557599246501923	1	moderate	moderate	0.022	False	user_msa
Drosophila_yakuba_Drosophila_yakuba__LOC6537169__XP_002097730.1	406	406	406	341	TGG	0.07557599246501923	1	moderate	moderate	0.022	False	user_msa
Drosophila_ananassae_Drosophila_ananassae__LOC6501076__XP_001954513.1	407	407	407	342	ATC	0.07430791854858398	1	moderate	moderate	0.022	False	user_msa
Drosophila_biarmipes_Drosophila_biarmipes__LOC108026160__XP_016952383.1	407	407	407	342	ATC	0.07430791854858398	1	moderate	moderate	0.022	False	user_msa
Drosophila_mauritiana_Drosophila_mauritiana__LOC117145868__XP_033167581.1	407	407	407	342	ATC	0.07430791854858398	1	moderate	moderate	0.022	False	user_msa
Drosophila_melanogaster_Drosophila_melanogaster__Act88F__NP_524367.1	407	407	407	342	ATC	0.07430791854858398	1	moderate	moderate	0.022	False	user_msa
Drosophila_pseudoobscura_Drosophila_pseudoobscura__Act88F__XP_002137155.1	407	407	407	342	ATC	0.07430791854858398	1	moderate	moderate	0.022	False	user_msa
Drosophila_sechellia_Drosophila_sechellia__Act88F__XP_002031056.2	407	407	407	342	ATC	0.07430791854858398	1	moderate	moderate	0.022	False	user_msa
Drosophila_simulans_Drosophila_simulans__LOC6727955__XP_016034553.1	407	407	407	342	ATC	0.07430791854858398	1	moderate	moderate	0.022	False	user_msa
Drosophila_subobscura_Drosophila_subobscura__LOC117898432__XP_034663715.1	407	407	407	342	ATC	0.07430791854858398	1	moderate	moderate	0.022	False	user_msa
Drosophila_suzukii_Drosophila_suzukii__Act88F__XP_016925443.1	407	407	407	342	ATC	0.07430791854858398	1	moderate	moderate	0.022	False	user_msa
Drosophila_virilis_Drosophila_virilis__Act88F__XP_002054294.1	407	407	407	342	ATT	0.08015667647123337	1	moderate	moderate	0.022	False	user_msa
Drosophila_willistoni_Drosophila_willistoni__LOC6646901__XP_002069647.1	407	407	407	342	ATC	0.07430791854858398	1	moderate	moderate	0.022	False	user_msa
Drosophila_yakuba_Drosophila_yakuba__LOC6537169__XP_002097730.1	407	407	407	342	ATC	0.07430791854858398	1	moderate	moderate	0.022	False	user_msa
Drosophila_ananassae_Drosophila_ananassae__LOC6501076__XP_001954513.1	408	408	408	343	GGT	0.07102195173501968	1	moderate	moderate	0.022	False	user_msa
Drosophila_biarmipes_Drosophila_biarmipes__LOC108026160__XP_016952383.1	408	408	408	343	GGT	0.07102195173501968	1	moderate	moderate	0.022	False	user_msa
Drosophila_mauritiana_Drosophila_mauritiana__LOC117145868__XP_033167581.1	408	408	408	343	GGT	0.07102195173501968	1	moderate	moderate	0.022	False	user_msa
Drosophila_melanogaster_Drosophila_melanogaster__Act88F__NP_524367.1	408	408	408	343	GGT	0.07102195173501968	1	moderate	moderate	0.022	False	user_msa
Drosophila_pseudoobscura_Drosophila_pseudoobscura__Act88F__XP_002137155.1	408	408	408	343	GGT	0.07102195173501968	1	moderate	moderate	0.022	False	user_msa
Drosophila_sechellia_Drosophila_sechellia__Act88F__XP_002031056.2	408	408	408	343	GGT	0.07102195173501968	1	moderate	moderate	0.022	False	user_msa
Drosophila_simulans_Drosophila_simulans__LOC6727955__XP_016034553.1	408	408	408	343	GGT	0.07102195173501968	1	moderate	moderate	0.022	False	user_msa
Drosophila_subobscura_Drosophila_subobscura__LOC117898432__XP_034663715.1	408	408	408	343	GGT	0.07102195173501968	1	moderate	moderate	0.022	False	user_msa
Drosophila_suzukii_Drosophila_suzukii__Act88F__XP_016925443.1	408	408	408	343	GGT	0.07102195173501968	1	moderate	moderate	0.022	False	user_msa
Drosophila_virilis_Drosophila_virilis__Act88F__XP_002054294.1	408	408	408	343	GGT	0.07102195173501968	1	moderate	moderate	0.022	False	user_msa
Drosophila_willistoni_Drosophila_willistoni__LOC6646901__XP_002069647.1	408	408	408	343	GGT	0.07102195173501968	1	moderate	moderate	0.022	False	user_msa
Drosophila_yakuba_Drosophila_yakuba__LOC6537169__XP_002097730.1	408	408	408	343	GGT	0.07102195173501968	1	moderate	moderate	0.022	False	user_msa
Drosophila_ananassae_Drosophila_ananassae__LOC6501076__XP_001954513.1	409	409	409	344	GGC	0.07056572288274765	1	moderate	moderate	0.022	False	user_msa
Drosophila_biarmipes_Drosophila_biarmipes__LOC108026160__XP_016952383.1	409	409	409	344	GGC	0.07056572288274765	1	moderate	moderate	0.022	False	user_msa
Drosophila_mauritiana_Drosophila_mauritiana__LOC117145868__XP_033167581.1	409	409	409	344	GGC	0.07056572288274765	1	moderate	moderate	0.022	False	user_msa
Drosophila_melanogaster_Drosophila_melanogaster__Act88F__NP_524367.1	409	409	409	344	GGC	0.07056572288274765	1	moderate	moderate	0.022	False	user_msa
Drosophila_pseudoobscura_Drosophila_pseudoobscura__Act88F__XP_002137155.1	409	409	409	344	GGC	0.07056572288274765	1	moderate	moderate	0.022	False	user_msa
Drosophila_sechellia_Drosophila_sechellia__Act88F__XP_002031056.2	409	409	409	344	GGC	0.07056572288274765	1	moderate	moderate	0.022	False	user_msa
Drosophila_simulans_Drosophila_simulans__LOC6727955__XP_016034553.1	409	409	409	344	GGC	0.07056572288274765	1	moderate	moderate	0.022	False	user_msa
Drosophila_subobscura_Drosophila_subobscura__LOC117898432__XP_034663715.1	409	409	409	344	GGC	0.07056572288274765	1	moderate	moderate	0.022	False	user_msa
Drosophila_suzukii_Drosophila_suzukii__Act88F__XP_016925443.1	409	409	409	344	GGC	0.07056572288274765	1	moderate	moderate	0.022	False	user_msa
Drosophila_virilis_Drosophila_virilis__Act88F__XP_002054294.1	409	409	409	344	GGC	0.07056572288274765	1	moderate	moderate	0.022	False	user_msa
Drosophila_willistoni_Drosophila_willistoni__LOC6646901__XP_002069647.1	409	409	409	344	GGC	0.07056572288274765	1	moderate	moderate	0.022	False	user_msa
Drosophila_yakuba_Drosophila_yakuba__LOC6537169__XP_002097730.1	409	409	409	344	GGC	0.07056572288274765	1	moderate	moderate	0.022	False	user_msa
Drosophila_ananassae_Drosophila_ananassae__LOC6501076__XP_001954513.1	410	410	410	345	TCC	0.07402446866035461	1	moderate	moderate	0.022	False	user_msa
Drosophila_biarmipes_Drosophila_biarmipes__LOC108026160__XP_016952383.1	410	410	410	345	TCC	0.07402446866035461	1	moderate	moderate	0.022	False	user_msa
Drosophila_mauritiana_Drosophila_mauritiana__LOC117145868__XP_033167581.1	410	410	410	345	TCC	0.07402446866035461	1	moderate	moderate	0.022	False	user_msa
Drosophila_melanogaster_Drosophila_melanogaster__Act88F__NP_524367.1	410	410	410	345	TCC	0.07402446866035461	1	moderate	moderate	0.022	False	user_msa
Drosophila_pseudoobscura_Drosophila_pseudoobscura__Act88F__XP_002137155.1	410	410	410	345	TCC	0.07402446866035461	1	moderate	moderate	0.022	False	user_msa
Drosophila_sechellia_Drosophila_sechellia__Act88F__XP_002031056.2	410	410	410	345	TCC	0.07402446866035461	1	moderate	moderate	0.022	False	user_msa
Drosophila_simulans_Drosophila_simulans__LOC6727955__XP_016034553.1	410	410	410	345	TCC	0.07402446866035461	1	moderate	moderate	0.022	False	user_msa
Drosophila_subobscura_Drosophila_subobscura__LOC117898432__XP_034663715.1	410	410	410	345	TCC	0.07402446866035461	1	moderate	moderate	0.022	False	user_msa
Drosophila_suzukii_Drosophila_suzukii__Act88F__XP_016925443.1	410	410	410	345	TCC	0.07402446866035461	1	moderate	moderate	0.022	False	user_msa
Drosophila_virilis_Drosophila_virilis__Act88F__XP_002054294.1	410	410	410	345	TCC	0.07402446866035461	1	moderate	moderate	0.022	False	user_msa
Drosophila_willistoni_Drosophila_willistoni__LOC6646901__XP_002069647.1	410	410	410	345	TCC	0.07402446866035461	1	moderate	moderate	0.022	False	user_msa
Drosophila_yakuba_Drosophila_yakuba__LOC6537169__XP_002097730.1	410	410	410	345	TCC	0.07402446866035461	1	moderate	moderate	0.022	False	user_msa
Drosophila_ananassae_Drosophila_ananassae__LOC6501076__XP_001954513.1	411	411	411	346	ATC	0.07434655725955963	1	moderate	moderate	0.022	False	user_msa
Drosophila_biarmipes_Drosophila_biarmipes__LOC108026160__XP_016952383.1	411	411	411	346	ATC	0.07434655725955963	1	moderate	moderate	0.022	False	user_msa
Drosophila_mauritiana_Drosophila_mauritiana__LOC117145868__XP_033167581.1	411	411	411	346	ATC	0.07434655725955963	1	moderate	moderate	0.022	False	user_msa
Drosophila_melanogaster_Drosophila_melanogaster__Act88F__NP_524367.1	411	411	411	346	ATC	0.07434655725955963	1	moderate	moderate	0.022	False	user_msa
Drosophila_pseudoobscura_Drosophila_pseudoobscura__Act88F__XP_002137155.1	411	411	411	346	ATC	0.07434655725955963	1	moderate	moderate	0.022	False	user_msa
Drosophila_sechellia_Drosophila_sechellia__Act88F__XP_002031056.2	411	411	411	346	ATC	0.07434655725955963	1	moderate	moderate	0.022	False	user_msa
Drosophila_simulans_Drosophila_simulans__LOC6727955__XP_016034553.1	411	411	411	346	ATC	0.07434655725955963	1	moderate	moderate	0.022	False	user_msa
Drosophila_subobscura_Drosophila_subobscura__LOC117898432__XP_034663715.1	411	411	411	346	ATC	0.07434655725955963	1	moderate	moderate	0.022	False	user_msa
Drosophila_suzukii_Drosophila_suzukii__Act88F__XP_016925443.1	411	411	411	346	ATC	0.07434655725955963	1	moderate	moderate	0.022	False	user_msa
Drosophila_virilis_Drosophila_virilis__Act88F__XP_002054294.1	411	411	411	346	ATC	0.07434655725955963	1	moderate	moderate	0.022	False	user_msa
Drosophila_willistoni_Drosophila_willistoni__LOC6646901__XP_002069647.1	411	411	411	346	ATT	0.08017905801534653	1	moderate	moderate	0.022	False	user_msa
Drosophila_yakuba_Drosophila_yakuba__LOC6537169__XP_002097730.1	411	411	411	346	ATC	0.07434655725955963	1	moderate	moderate	0.022	False	user_msa
Drosophila_ananassae_Drosophila_ananassae__LOC6501076__XP_001954513.1	412	412	412	347	CTG	0.06365133076906204	1	moderate	moderate	0.022	False	user_msa
Drosophila_biarmipes_Drosophila_biarmipes__LOC108026160__XP_016952383.1	412	412	412	347	CTG	0.06365133076906204	1	moderate	moderate	0.022	False	user_msa
Drosophila_mauritiana_Drosophila_mauritiana__LOC117145868__XP_033167581.1	412	412	412	347	CTG	0.06365133076906204	1	moderate	moderate	0.022	False	user_msa
Drosophila_melanogaster_Drosophila_melanogaster__Act88F__NP_524367.1	412	412	412	347	CTG	0.06365133076906204	1	moderate	moderate	0.022	False	user_msa
Drosophila_pseudoobscura_Drosophila_pseudoobscura__Act88F__XP_002137155.1	412	412	412	347	CTG	0.06365133076906204	1	moderate	moderate	0.022	False	user_msa
Drosophila_sechellia_Drosophila_sechellia__Act88F__XP_002031056.2	412	412	412	347	CTG	0.06365133076906204	1	moderate	moderate	0.022	False	user_msa
Drosophila_simulans_Drosophila_simulans__LOC6727955__XP_016034553.1	412	412	412	347	CTG	0.06365133076906204	1	moderate	moderate	0.022	False	user_msa
Drosophila_subobscura_Drosophila_subobscura__LOC117898432__XP_034663715.1	412	412	412	347	CTG	0.06365133076906204	1	moderate	moderate	0.022	False	user_msa
Drosophila_suzukii_Drosophila_suzukii__Act88F__XP_016925443.1	412	412	412	347	CTG	0.06365133076906204	1	moderate	moderate	0.022	False	user_msa
Drosophila_virilis_Drosophila_virilis__Act88F__XP_002054294.1	412	412	412	347	TTG	0.2543693482875824	1	moderate	moderate	0.022	False	user_msa
Drosophila_willistoni_Drosophila_willistoni__LOC6646901__XP_002069647.1	412	412	412	347	CTG	0.06365133076906204	1	moderate	moderate	0.022	False	user_msa
Drosophila_yakuba_Drosophila_yakuba__LOC6537169__XP_002097730.1	412	412	412	347	CTG	0.06365133076906204	1	moderate	moderate	0.022	False	user_msa
Drosophila_ananassae_Drosophila_ananassae__LOC6501076__XP_001954513.1	413	413	413	348	GCC	0.09754519164562225	1	moderate	moderate	0.022	False	user_msa
Drosophila_biarmipes_Drosophila_biarmipes__LOC108026160__XP_016952383.1	413	413	413	348	GCC	0.09754519164562225	1	moderate	moderate	0.022	False	user_msa
Drosophila_mauritiana_Drosophila_mauritiana__LOC117145868__XP_033167581.1	413	413	413	348	GCC	0.09754519164562225	1	moderate	moderate	0.022	False	user_msa
Drosophila_melanogaster_Drosophila_melanogaster__Act88F__NP_524367.1	413	413	413	348	GCC	0.09754519164562225	1	moderate	moderate	0.022	False	user_msa
Drosophila_pseudoobscura_Drosophila_pseudoobscura__Act88F__XP_002137155.1	413	413	413	348	GCC	0.09754519164562225	1	moderate	moderate	0.022	False	user_msa
Drosophila_sechellia_Drosophila_sechellia__Act88F__XP_002031056.2	413	413	413	348	GCC	0.09754519164562225	1	moderate	moderate	0.022	False	user_msa
Drosophila_simulans_Drosophila_simulans__LOC6727955__XP_016034553.1	413	413	413	348	GCC	0.09754519164562225	1	moderate	moderate	0.022	False	user_msa
Drosophila_subobscura_Drosophila_subobscura__LOC117898432__XP_034663715.1	413	413	413	348	GCC	0.09754519164562225	1	moderate	moderate	0.022	False	user_msa
Drosophila_suzukii_Drosophila_suzukii__Act88F__XP_016925443.1	413	413	413	348	GCC	0.09754519164562225	1	moderate	moderate	0.022	False	user_msa
Drosophila_virilis_Drosophila_virilis__Act88F__XP_002054294.1	413	413	413	348	GCA	0.09333991259336472	1	moderate	moderate	0.022	False	user_msa
Drosophila_willistoni_Drosophila_willistoni__LOC6646901__XP_002069647.1	413	413	413	348	GCT	0.10646509379148483	1	moderate	moderate	0.022	False	user_msa
Drosophila_yakuba_Drosophila_yakuba__LOC6537169__XP_002097730.1	413	413	413	348	GCC	0.09754519164562225	1	moderate	moderate	0.022	False	user_msa
Drosophila_ananassae_Drosophila_ananassae__LOC6501076__XP_001954513.1	414	414	414	349	TCG	0.10554274171590805	1	moderate	moderate	0.022	False	user_msa
Drosophila_biarmipes_Drosophila_biarmipes__LOC108026160__XP_016952383.1	414	414	414	349	TCG	0.10554274171590805	1	moderate	moderate	0.022	False	user_msa
Drosophila_mauritiana_Drosophila_mauritiana__LOC117145868__XP_033167581.1	414	414	414	349	TCG	0.10554274171590805	1	moderate	moderate	0.022	False	user_msa
Drosophila_melanogaster_Drosophila_melanogaster__Act88F__NP_524367.1	414	414	414	349	TCG	0.10554274171590805	1	moderate	moderate	0.022	False	user_msa
Drosophila_pseudoobscura_Drosophila_pseudoobscura__Act88F__XP_002137155.1	414	414	414	349	TCT	0.11023097485303879	1	moderate	moderate	0.022	False	user_msa
Drosophila_sechellia_Drosophila_sechellia__Act88F__XP_002031056.2	414	414	414	349	TCG	0.10554274171590805	1	moderate	moderate	0.022	False	user_msa
Drosophila_simulans_Drosophila_simulans__LOC6727955__XP_016034553.1	414	414	414	349	TCG	0.10554274171590805	1	moderate	moderate	0.022	False	user_msa
Drosophila_subobscura_Drosophila_subobscura__LOC117898432__XP_034663715.1	414	414	414	349	TCT	0.11023097485303879	1	moderate	moderate	0.022	False	user_msa
Drosophila_suzukii_Drosophila_suzukii__Act88F__XP_016925443.1	414	414	414	349	TCG	0.10554274171590805	1	moderate	moderate	0.022	False	user_msa
Drosophila_virilis_Drosophila_virilis__Act88F__XP_002054294.1	414	414	414	349	TCG	0.10554274171590805	1	moderate	moderate	0.022	False	user_msa
Drosophila_willistoni_Drosophila_willistoni__LOC6646901__XP_002069647.1	414	414	414	349	TCC	0.1010313332080841	1	moderate	moderate	0.022	False	user_msa
Drosophila_yakuba_Drosophila_yakuba__LOC6537169__XP_002097730.1	414	414	414	349	TCG	0.10554274171590805	1	moderate	moderate	0.022	False	user_msa
Drosophila_ananassae_Drosophila_ananassae__LOC6501076__XP_001954513.1	415	415	415	350	TTG	0.40325409173965454	1	moderate	moderate	0.022	False	user_msa
Drosophila_biarmipes_Drosophila_biarmipes__LOC108026160__XP_016952383.1	415	415	415	350	CTG	0.07593060284852982	1	moderate	moderate	0.022	False	user_msa
Drosophila_mauritiana_Drosophila_mauritiana__LOC117145868__XP_033167581.1	415	415	415	350	CTG	0.07593060284852982	1	moderate	moderate	0.022	False	user_msa
Drosophila_melanogaster_Drosophila_melanogaster__Act88F__NP_524367.1	415	415	415	350	CTG	0.07593060284852982	1	moderate	moderate	0.022	False	user_msa
Drosophila_pseudoobscura_Drosophila_pseudoobscura__Act88F__XP_002137155.1	415	415	415	350	CTC	0.07410763204097748	1	moderate	moderate	0.022	False	user_msa
Drosophila_sechellia_Drosophila_sechellia__Act88F__XP_002031056.2	415	415	415	350	CTG	0.07593060284852982	1	moderate	moderate	0.022	False	user_msa
Drosophila_simulans_Drosophila_simulans__LOC6727955__XP_016034553.1	415	415	415	350	CTG	0.07593060284852982	1	moderate	moderate	0.022	False	user_msa
Drosophila_subobscura_Drosophila_subobscura__LOC117898432__XP_034663715.1	415	415	415	350	CTC	0.07410763204097748	1	moderate	moderate	0.022	False	user_msa
Drosophila_suzukii_Drosophila_suzukii__Act88F__XP_016925443.1	415	415	415	350	CTG	0.07593060284852982	1	moderate	moderate	0.022	False	user_msa
Drosophila_virilis_Drosophila_virilis__Act88F__XP_002054294.1	415	415	415	350	CTG	0.07593060284852982	1	moderate	moderate	0.022	False	user_msa
Drosophila_willistoni_Drosophila_willistoni__LOC6646901__XP_002069647.1	415	415	415	350	CTG	0.07593060284852982	1	moderate	moderate	0.022	False	user_msa
Drosophila_yakuba_Drosophila_yakuba__LOC6537169__XP_002097730.1	415	415	415	350	CTG	0.07593060284852982	1	moderate	moderate	0.022	False	user_msa
Drosophila_ananassae_Drosophila_ananassae__LOC6501076__XP_001954513.1	416	416	416	351	TCC	0.08665568381547928	1	moderate	moderate	0.022	False	user_msa
Drosophila_biarmipes_Drosophila_biarmipes__LOC108026160__XP_016952383.1	416	416	416	351	TCC	0.08665568381547928	1	moderate	moderate	0.022	False	user_msa
Drosophila_mauritiana_Drosophila_mauritiana__LOC117145868__XP_033167581.1	416	416	416	351	TCC	0.08665568381547928	1	moderate	moderate	0.022	False	user_msa
Drosophila_melanogaster_Drosophila_melanogaster__Act88F__NP_524367.1	416	416	416	351	TCC	0.08665568381547928	1	moderate	moderate	0.022	False	user_msa
Drosophila_pseudoobscura_Drosophila_pseudoobscura__Act88F__XP_002137155.1	416	416	416	351	TCC	0.08665568381547928	1	moderate	moderate	0.022	False	user_msa
Drosophila_sechellia_Drosophila_sechellia__Act88F__XP_002031056.2	416	416	416	351	TCC	0.08665568381547928	1	moderate	moderate	0.022	False	user_msa
Drosophila_simulans_Drosophila_simulans__LOC6727955__XP_016034553.1	416	416	416	351	TCC	0.08665568381547928	1	moderate	moderate	0.022	False	user_msa
Drosophila_subobscura_Drosophila_subobscura__LOC117898432__XP_034663715.1	416	416	416	351	TCC	0.08665568381547928	1	moderate	moderate	0.022	False	user_msa
Drosophila_suzukii_Drosophila_suzukii__Act88F__XP_016925443.1	416	416	416	351	TCC	0.08665568381547928	1	moderate	moderate	0.022	False	user_msa
Drosophila_virilis_Drosophila_virilis__Act88F__XP_002054294.1	416	416	416	351	TCC	0.08665568381547928	1	moderate	moderate	0.022	False	user_msa
Drosophila_willistoni_Drosophila_willistoni__LOC6646901__XP_002069647.1	416	416	416	351	TCT	0.09468419849872589	1	moderate	moderate	0.022	False	user_msa
Drosophila_yakuba_Drosophila_yakuba__LOC6537169__XP_002097730.1	416	416	416	351	TCC	0.08665568381547928	1	moderate	moderate	0.022	False	user_msa
Drosophila_ananassae_Drosophila_ananassae__LOC6501076__XP_001954513.1	417	417	417	352	ACC	0.07187600433826447	1	moderate	moderate	0.022	False	user_msa
Drosophila_biarmipes_Drosophila_biarmipes__LOC108026160__XP_016952383.1	417	417	417	352	ACC	0.07187600433826447	1	moderate	moderate	0.022	False	user_msa
Drosophila_mauritiana_Drosophila_mauritiana__LOC117145868__XP_033167581.1	417	417	417	352	ACC	0.07187600433826447	1	moderate	moderate	0.022	False	user_msa
Drosophila_melanogaster_Drosophila_melanogaster__Act88F__NP_524367.1	417	417	417	352	ACC	0.07187600433826447	1	moderate	moderate	0.022	False	user_msa
Drosophila_pseudoobscura_Drosophila_pseudoobscura__Act88F__XP_002137155.1	417	417	417	352	ACT	0.07685870677232742	1	moderate	moderate	0.022	False	user_msa
Drosophila_sechellia_Drosophila_sechellia__Act88F__XP_002031056.2	417	417	417	352	ACC	0.07187600433826447	1	moderate	moderate	0.022	False	user_msa
Drosophila_simulans_Drosophila_simulans__LOC6727955__XP_016034553.1	417	417	417	352	ACC	0.07187600433826447	1	moderate	moderate	0.022	False	user_msa
Drosophila_subobscura_Drosophila_subobscura__LOC117898432__XP_034663715.1	417	417	417	352	ACT	0.07685870677232742	1	moderate	moderate	0.022	False	user_msa
Drosophila_suzukii_Drosophila_suzukii__Act88F__XP_016925443.1	417	417	417	352	ACC	0.07187600433826447	1	moderate	moderate	0.022	False	user_msa
Drosophila_virilis_Drosophila_virilis__Act88F__XP_002054294.1	417	417	417	352	ACC	0.07187600433826447	1	moderate	moderate	0.022	False	user_msa
Drosophila_willistoni_Drosophila_willistoni__LOC6646901__XP_002069647.1	417	417	417	352	ACC	0.07187600433826447	1	moderate	moderate	0.022	False	user_msa
Drosophila_yakuba_Drosophila_yakuba__LOC6537169__XP_002097730.1	417	417	417	352	ACC	0.07187600433826447	1	moderate	moderate	0.022	False	user_msa
Drosophila_ananassae_Drosophila_ananassae__LOC6501076__XP_001954513.1	418	418	418	353	TTC	0.07659865915775299	1	moderate	moderate	0.022	False	user_msa
Drosophila_biarmipes_Drosophila_biarmipes__LOC108026160__XP_016952383.1	418	418	418	353	TTC	0.07659865915775299	1	moderate	moderate	0.022	False	user_msa
Drosophila_mauritiana_Drosophila_mauritiana__LOC117145868__XP_033167581.1	418	418	418	353	TTC	0.07659865915775299	1	moderate	moderate	0.022	False	user_msa
Drosophila_melanogaster_Drosophila_melanogaster__Act88F__NP_524367.1	418	418	418	353	TTC	0.07659865915775299	1	moderate	moderate	0.022	False	user_msa
Drosophila_pseudoobscura_Drosophila_pseudoobscura__Act88F__XP_002137155.1	418	418	418	353	TTC	0.07659865915775299	1	moderate	moderate	0.022	False	user_msa
Drosophila_sechellia_Drosophila_sechellia__Act88F__XP_002031056.2	418	418	418	353	TTC	0.07659865915775299	1	moderate	moderate	0.022	False	user_msa
Drosophila_simulans_Drosophila_simulans__LOC6727955__XP_016034553.1	418	418	418	353	TTC	0.07659865915775299	1	moderate	moderate	0.022	False	user_msa
Drosophila_subobscura_Drosophila_subobscura__LOC117898432__XP_034663715.1	418	418	418	353	TTC	0.07659865915775299	1	moderate	moderate	0.022	False	user_msa
Drosophila_suzukii_Drosophila_suzukii__Act88F__XP_016925443.1	418	418	418	353	TTC	0.07659865915775299	1	moderate	moderate	0.022	False	user_msa
Drosophila_virilis_Drosophila_virilis__Act88F__XP_002054294.1	418	418	418	353	TTC	0.07659865915775299	1	moderate	moderate	0.022	False	user_msa
Drosophila_willistoni_Drosophila_willistoni__LOC6646901__XP_002069647.1	418	418	418	353	TTC	0.07659865915775299	1	moderate	moderate	0.022	False	user_msa
Drosophila_yakuba_Drosophila_yakuba__LOC6537169__XP_002097730.1	418	418	418	353	TTC	0.07659865915775299	1	moderate	moderate	0.022	False	user_msa
Drosophila_ananassae_Drosophila_ananassae__LOC6501076__XP_001954513.1	419	419	419	354	CAG	0.07646647095680237	1	moderate	moderate	0.022	False	user_msa
Drosophila_biarmipes_Drosophila_biarmipes__LOC108026160__XP_016952383.1	419	419	419	354	CAG	0.07646647095680237	1	moderate	moderate	0.022	False	user_msa
Drosophila_mauritiana_Drosophila_mauritiana__LOC117145868__XP_033167581.1	419	419	419	354	CAG	0.07646647095680237	1	moderate	moderate	0.022	False	user_msa
Drosophila_melanogaster_Drosophila_melanogaster__Act88F__NP_524367.1	419	419	419	354	CAG	0.07646647095680237	1	moderate	moderate	0.022	False	user_msa
Drosophila_pseudoobscura_Drosophila_pseudoobscura__Act88F__XP_002137155.1	419	419	419	354	CAG	0.07646647095680237	1	moderate	moderate	0.022	False	user_msa
Drosophila_sechellia_Drosophila_sechellia__Act88F__XP_002031056.2	419	419	419	354	CAG	0.07646647095680237	1	moderate	moderate	0.022	False	user_msa
Drosophila_simulans_Drosophila_simulans__LOC6727955__XP_016034553.1	419	419	419	354	CAG	0.07646647095680237	1	moderate	moderate	0.022	False	user_msa
Drosophila_subobscura_Drosophila_subobscura__LOC117898432__XP_034663715.1	419	419	419	354	CAG	0.07646647095680237	1	moderate	moderate	0.022	False	user_msa
Drosophila_suzukii_Drosophila_suzukii__Act88F__XP_016925443.1	419	419	419	354	CAG	0.07646647095680237	1	moderate	moderate	0.022	False	user_msa
Drosophila_virilis_Drosophila_virilis__Act88F__XP_002054294.1	419	419	419	354	CAG	0.07646647095680237	1	moderate	moderate	0.022	False	user_msa
Drosophila_willistoni_Drosophila_willistoni__LOC6646901__XP_002069647.1	419	419	419	354	CAA	0.07150722295045853	1	moderate	moderate	0.022	False	user_msa
Drosophila_yakuba_Drosophila_yakuba__LOC6537169__XP_002097730.1	419	419	419	354	CAG	0.07646647095680237	1	moderate	moderate	0.022	False	user_msa
Drosophila_ananassae_Drosophila_ananassae__LOC6501076__XP_001954513.1	420	420	420	355	CAG	0.06550667434930801	1	moderate	moderate	0.022	False	user_msa
Drosophila_biarmipes_Drosophila_biarmipes__LOC108026160__XP_016952383.1	420	420	420	355	CAG	0.06550667434930801	1	moderate	moderate	0.022	False	user_msa
Drosophila_mauritiana_Drosophila_mauritiana__LOC117145868__XP_033167581.1	420	420	420	355	CAG	0.06550667434930801	1	moderate	moderate	0.022	False	user_msa
Drosophila_melanogaster_Drosophila_melanogaster__Act88F__NP_524367.1	420	420	420	355	CAG	0.06550667434930801	1	moderate	moderate	0.022	False	user_msa
Drosophila_pseudoobscura_Drosophila_pseudoobscura__Act88F__XP_002137155.1	420	420	420	355	CAG	0.06550667434930801	1	moderate	moderate	0.022	False	user_msa
Drosophila_sechellia_Drosophila_sechellia__Act88F__XP_002031056.2	420	420	420	355	CAG	0.06550667434930801	1	moderate	moderate	0.022	False	user_msa
Drosophila_simulans_Drosophila_simulans__LOC6727955__XP_016034553.1	420	420	420	355	CAG	0.06550667434930801	1	moderate	moderate	0.022	False	user_msa
Drosophila_subobscura_Drosophila_subobscura__LOC117898432__XP_034663715.1	420	420	420	355	CAG	0.06550667434930801	1	moderate	moderate	0.022	False	user_msa
Drosophila_suzukii_Drosophila_suzukii__Act88F__XP_016925443.1	420	420	420	355	CAG	0.06550667434930801	1	moderate	moderate	0.022	False	user_msa
Drosophila_virilis_Drosophila_virilis__Act88F__XP_002054294.1	420	420	420	355	CAG	0.06550667434930801	1	moderate	moderate	0.022	False	user_msa
Drosophila_willistoni_Drosophila_willistoni__LOC6646901__XP_002069647.1	420	420	420	355	CAG	0.06550667434930801	1	moderate	moderate	0.022	False	user_msa
Drosophila_yakuba_Drosophila_yakuba__LOC6537169__XP_002097730.1	420	420	420	355	CAG	0.06550667434930801	1	moderate	moderate	0.022	False	user_msa
Drosophila_ananassae_Drosophila_ananassae__LOC6501076__XP_001954513.1	421	421	421	356	ATG	0.06465430557727814	1	moderate	moderate	0.022	False	user_msa
Drosophila_biarmipes_Drosophila_biarmipes__LOC108026160__XP_016952383.1	421	421	421	356	ATG	0.06465430557727814	1	moderate	moderate	0.022	False	user_msa
Drosophila_mauritiana_Drosophila_mauritiana__LOC117145868__XP_033167581.1	421	421	421	356	ATG	0.06465430557727814	1	moderate	moderate	0.022	False	user_msa
Drosophila_melanogaster_Drosophila_melanogaster__Act88F__NP_524367.1	421	421	421	356	ATG	0.06465430557727814	1	moderate	moderate	0.022	False	user_msa
Drosophila_pseudoobscura_Drosophila_pseudoobscura__Act88F__XP_002137155.1	421	421	421	356	ATG	0.06465430557727814	1	moderate	moderate	0.022	False	user_msa
Drosophila_sechellia_Drosophila_sechellia__Act88F__XP_002031056.2	421	421	421	356	ATG	0.06465430557727814	1	moderate	moderate	0.022	False	user_msa
Drosophila_simulans_Drosophila_simulans__LOC6727955__XP_016034553.1	421	421	421	356	ATG	0.06465430557727814	1	moderate	moderate	0.022	False	user_msa
Drosophila_subobscura_Drosophila_subobscura__LOC117898432__XP_034663715.1	421	421	421	356	ATG	0.06465430557727814	1	moderate	moderate	0.022	False	user_msa
Drosophila_suzukii_Drosophila_suzukii__Act88F__XP_016925443.1	421	421	421	356	ATG	0.06465430557727814	1	moderate	moderate	0.022	False	user_msa
Drosophila_virilis_Drosophila_virilis__Act88F__XP_002054294.1	421	421	421	356	ATG	0.06465430557727814	1	moderate	moderate	0.022	False	user_msa
Drosophila_willistoni_Drosophila_willistoni__LOC6646901__XP_002069647.1	421	421	421	356	ATG	0.06465430557727814	1	moderate	moderate	0.022	False	user_msa
Drosophila_yakuba_Drosophila_yakuba__LOC6537169__XP_002097730.1	421	421	421	356	ATG	0.06465430557727814	1	moderate	moderate	0.022	False	user_msa
Drosophila_ananassae_Drosophila_ananassae__LOC6501076__XP_001954513.1	422	422	422	357	TGG	0.07566096633672714	1	moderate	moderate	0.022	False	user_msa
Drosophila_biarmipes_Drosophila_biarmipes__LOC108026160__XP_016952383.1	422	422	422	357	TGG	0.07566096633672714	1	moderate	moderate	0.022	False	user_msa
Drosophila_mauritiana_Drosophila_mauritiana__LOC117145868__XP_033167581.1	422	422	422	357	TGG	0.07566096633672714	1	moderate	moderate	0.022	False	user_msa
Drosophila_melanogaster_Drosophila_melanogaster__Act88F__NP_524367.1	422	422	422	357	TGG	0.07566096633672714	1	moderate	moderate	0.022	False	user_msa
Drosophila_pseudoobscura_Drosophila_pseudoobscura__Act88F__XP_002137155.1	422	422	422	357	TGG	0.07566096633672714	1	moderate	moderate	0.022	False	user_msa
Drosophila_sechellia_Drosophila_sechellia__Act88F__XP_002031056.2	422	422	422	357	TGG	0.07566096633672714	1	moderate	moderate	0.022	False	user_msa
Drosophila_simulans_Drosophila_simulans__LOC6727955__XP_016034553.1	422	422	422	357	TGG	0.07566096633672714	1	moderate	moderate	0.022	False	user_msa
Drosophila_subobscura_Drosophila_subobscura__LOC117898432__XP_034663715.1	422	422	422	357	TGG	0.07566096633672714	1	moderate	moderate	0.022	False	user_msa
Drosophila_suzukii_Drosophila_suzukii__Act88F__XP_016925443.1	422	422	422	357	TGG	0.07566096633672714	1	moderate	moderate	0.022	False	user_msa
Drosophila_virilis_Drosophila_virilis__Act88F__XP_002054294.1	422	422	422	357	TGG	0.07566096633672714	1	moderate	moderate	0.022	False	user_msa
Drosophila_willistoni_Drosophila_willistoni__LOC6646901__XP_002069647.1	422	422	422	357	TGG	0.07566096633672714	1	moderate	moderate	0.022	False	user_msa
Drosophila_yakuba_Drosophila_yakuba__LOC6537169__XP_002097730.1	422	422	422	357	TGG	0.07566096633672714	1	moderate	moderate	0.022	False	user_msa
Drosophila_ananassae_Drosophila_ananassae__LOC6501076__XP_001954513.1	423	423	423	358	ATC	0.06445766985416412	1	moderate	moderate	0.022	False	user_msa
Drosophila_biarmipes_Drosophila_biarmipes__LOC108026160__XP_016952383.1	423	423	423	358	ATC	0.06445766985416412	1	moderate	moderate	0.022	False	user_msa
Drosophila_mauritiana_Drosophila_mauritiana__LOC117145868__XP_033167581.1	423	423	423	358	ATC	0.06445766985416412	1	moderate	moderate	0.022	False	user_msa
Drosophila_melanogaster_Drosophila_melanogaster__Act88F__NP_524367.1	423	423	423	358	ATC	0.06445766985416412	1	moderate	moderate	0.022	False	user_msa
Drosophila_pseudoobscura_Drosophila_pseudoobscura__Act88F__XP_002137155.1	423	423	423	358	ATC	0.06445766985416412	1	moderate	moderate	0.022	False	user_msa
Drosophila_sechellia_Drosophila_sechellia__Act88F__XP_002031056.2	423	423	423	358	ATC	0.06445766985416412	1	moderate	moderate	0.022	False	user_msa
Drosophila_simulans_Drosophila_simulans__LOC6727955__XP_016034553.1	423	423	423	358	ATC	0.06445766985416412	1	moderate	moderate	0.022	False	user_msa
Drosophila_subobscura_Drosophila_subobscura__LOC117898432__XP_034663715.1	423	423	423	358	ATC	0.06445766985416412	1	moderate	moderate	0.022	False	user_msa
Drosophila_suzukii_Drosophila_suzukii__Act88F__XP_016925443.1	423	423	423	358	ATC	0.06445766985416412	1	moderate	moderate	0.022	False	user_msa
Drosophila_virilis_Drosophila_virilis__Act88F__XP_002054294.1	423	423	423	358	ATC	0.06445766985416412	1	moderate	moderate	0.022	False	user_msa
Drosophila_willistoni_Drosophila_willistoni__LOC6646901__XP_002069647.1	423	423	423	358	ATC	0.06445766985416412	1	moderate	moderate	0.022	False	user_msa
Drosophila_yakuba_Drosophila_yakuba__LOC6537169__XP_002097730.1	423	423	423	358	ATC	0.06445766985416412	1	moderate	moderate	0.022	False	user_msa
Drosophila_ananassae_Drosophila_ananassae__LOC6501076__XP_001954513.1	424	424	424	359	TCG	0.08935660123825073	1	moderate	moderate	0.022	False	user_msa
Drosophila_biarmipes_Drosophila_biarmipes__LOC108026160__XP_016952383.1	424	424	424	359	TCC	0.08547091484069824	1	moderate	moderate	0.022	False	user_msa
Drosophila_mauritiana_Drosophila_mauritiana__LOC117145868__XP_033167581.1	424	424	424	359	TCG	0.08935660123825073	1	moderate	moderate	0.022	False	user_msa
Drosophila_melanogaster_Drosophila_melanogaster__Act88F__NP_524367.1	424	424	424	359	TCG	0.08935660123825073	1	moderate	moderate	0.022	False	user_msa
Drosophila_pseudoobscura_Drosophila_pseudoobscura__Act88F__XP_002137155.1	424	424	424	359	TCG	0.08935660123825073	1	moderate	moderate	0.022	False	user_msa
Drosophila_sechellia_Drosophila_sechellia__Act88F__XP_002031056.2	424	424	424	359	TCG	0.08935660123825073	1	moderate	moderate	0.022	False	user_msa
Drosophila_simulans_Drosophila_simulans__LOC6727955__XP_016034553.1	424	424	424	359	TCG	0.08935660123825073	1	moderate	moderate	0.022	False	user_msa
Drosophila_subobscura_Drosophila_subobscura__LOC117898432__XP_034663715.1	424	424	424	359	TCG	0.08935660123825073	1	moderate	moderate	0.022	False	user_msa
Drosophila_suzukii_Drosophila_suzukii__Act88F__XP_016925443.1	424	424	424	359	TCC	0.08547091484069824	1	moderate	moderate	0.022	False	user_msa
Drosophila_virilis_Drosophila_virilis__Act88F__XP_002054294.1	424	424	424	359	TCC	0.08547091484069824	1	moderate	moderate	0.022	False	user_msa
Drosophila_willistoni_Drosophila_willistoni__LOC6646901__XP_002069647.1	424	424	424	359	TCG	0.08935660123825073	1	moderate	moderate	0.022	False	user_msa
Drosophila_yakuba_Drosophila_yakuba__LOC6537169__XP_002097730.1	424	424	424	359	TCG	0.08935660123825073	1	moderate	moderate	0.022	False	user_msa
Drosophila_ananassae_Drosophila_ananassae__LOC6501076__XP_001954513.1	425	425	425	360	AAG	0.07273834943771362	1	moderate	moderate	0.022	False	user_msa
Drosophila_biarmipes_Drosophila_biarmipes__LOC108026160__XP_016952383.1	425	425	425	360	AAG	0.07273834943771362	1	moderate	moderate	0.022	False	user_msa
Drosophila_mauritiana_Drosophila_mauritiana__LOC117145868__XP_033167581.1	425	425	425	360	AAG	0.07273834943771362	1	moderate	moderate	0.022	False	user_msa
Drosophila_melanogaster_Drosophila_melanogaster__Act88F__NP_524367.1	425	425	425	360	AAG	0.07273834943771362	1	moderate	moderate	0.022	False	user_msa
Drosophila_pseudoobscura_Drosophila_pseudoobscura__Act88F__XP_002137155.1	425	425	425	360	AAA	0.06800313293933868	1	moderate	moderate	0.022	False	user_msa
Drosophila_sechellia_Drosophila_sechellia__Act88F__XP_002031056.2	425	425	425	360	AAG	0.07273834943771362	1	moderate	moderate	0.022	False	user_msa
Drosophila_simulans_Drosophila_simulans__LOC6727955__XP_016034553.1	425	425	425	360	AAG	0.07273834943771362	1	moderate	moderate	0.022	False	user_msa
Drosophila_subobscura_Drosophila_subobscura__LOC117898432__XP_034663715.1	425	425	425	360	AAA	0.06800313293933868	1	moderate	moderate	0.022	False	user_msa
Drosophila_suzukii_Drosophila_suzukii__Act88F__XP_016925443.1	425	425	425	360	AAG	0.07273834943771362	1	moderate	moderate	0.022	False	user_msa
Drosophila_virilis_Drosophila_virilis__Act88F__XP_002054294.1	425	425	425	360	AAG	0.07273834943771362	1	moderate	moderate	0.022	False	user_msa
Drosophila_willistoni_Drosophila_willistoni__LOC6646901__XP_002069647.1	425	425	425	360	AAG	0.07273834943771362	1	moderate	moderate	0.022	False	user_msa
Drosophila_yakuba_Drosophila_yakuba__LOC6537169__XP_002097730.1	425	425	425	360	AAG	0.07273834943771362	1	moderate	moderate	0.022	False	user_msa
Drosophila_ananassae_Drosophila_ananassae__LOC6501076__XP_001954513.1	426	426	426	361	CAG	0.0655582994222641	1	moderate	moderate	0.022	False	user_msa
Drosophila_biarmipes_Drosophila_biarmipes__LOC108026160__XP_016952383.1	426	426	426	361	CAG	0.0655582994222641	1	moderate	moderate	0.022	False	user_msa
Drosophila_mauritiana_Drosophila_mauritiana__LOC117145868__XP_033167581.1	426	426	426	361	CAG	0.0655582994222641	1	moderate	moderate	0.022	False	user_msa
Drosophila_melanogaster_Drosophila_melanogaster__Act88F__NP_524367.1	426	426	426	361	CAG	0.0655582994222641	1	moderate	moderate	0.022	False	user_msa
Drosophila_pseudoobscura_Drosophila_pseudoobscura__Act88F__XP_002137155.1	426	426	426	361	CAG	0.0655582994222641	1	moderate	moderate	0.022	False	user_msa
Drosophila_sechellia_Drosophila_sechellia__Act88F__XP_002031056.2	426	426	426	361	CAG	0.0655582994222641	1	moderate	moderate	0.022	False	user_msa
Drosophila_simulans_Drosophila_simulans__LOC6727955__XP_016034553.1	426	426	426	361	CAG	0.0655582994222641	1	moderate	moderate	0.022	False	user_msa
Drosophila_subobscura_Drosophila_subobscura__LOC117898432__XP_034663715.1	426	426	426	361	CAG	0.0655582994222641	1	moderate	moderate	0.022	False	user_msa
Drosophila_suzukii_Drosophila_suzukii__Act88F__XP_016925443.1	426	426	426	361	CAG	0.0655582994222641	1	moderate	moderate	0.022	False	user_msa
Drosophila_virilis_Drosophila_virilis__Act88F__XP_002054294.1	426	426	426	361	CAG	0.0655582994222641	1	moderate	moderate	0.022	False	user_msa
Drosophila_willistoni_Drosophila_willistoni__LOC6646901__XP_002069647.1	426	426	426	361	CAG	0.0655582994222641	1	moderate	moderate	0.022	False	user_msa
Drosophila_yakuba_Drosophila_yakuba__LOC6537169__XP_002097730.1	426	426	426	361	CAG	0.0655582994222641	1	moderate	moderate	0.022	False	user_msa
Drosophila_ananassae_Drosophila_ananassae__LOC6501076__XP_001954513.1	427	427	427	362	GAG	0.08134634792804718	1	moderate	moderate	0.022	False	user_msa
Drosophila_biarmipes_Drosophila_biarmipes__LOC108026160__XP_016952383.1	427	427	427	362	GAG	0.08134634792804718	1	moderate	moderate	0.022	False	user_msa
Drosophila_mauritiana_Drosophila_mauritiana__LOC117145868__XP_033167581.1	427	427	427	362	GAG	0.08134634792804718	1	moderate	moderate	0.022	False	user_msa
Drosophila_melanogaster_Drosophila_melanogaster__Act88F__NP_524367.1	427	427	427	362	GAG	0.08134634792804718	1	moderate	moderate	0.022	False	user_msa
Drosophila_pseudoobscura_Drosophila_pseudoobscura__Act88F__XP_002137155.1	427	427	427	362	GAG	0.08134634792804718	1	moderate	moderate	0.022	False	user_msa
Drosophila_sechellia_Drosophila_sechellia__Act88F__XP_002031056.2	427	427	427	362	GAG	0.08134634792804718	1	moderate	moderate	0.022	False	user_msa
Drosophila_simulans_Drosophila_simulans__LOC6727955__XP_016034553.1	427	427	427	362	GAG	0.08134634792804718	1	moderate	moderate	0.022	False	user_msa
Drosophila_subobscura_Drosophila_subobscura__LOC117898432__XP_034663715.1	427	427	427	362	GAG	0.08134634792804718	1	moderate	moderate	0.022	False	user_msa
Drosophila_suzukii_Drosophila_suzukii__Act88F__XP_016925443.1	427	427	427	362	GAG	0.08134634792804718	1	moderate	moderate	0.022	False	user_msa
Drosophila_virilis_Drosophila_virilis__Act88F__XP_002054294.1	427	427	427	362	GAG	0.08134634792804718	1	moderate	moderate	0.022	False	user_msa
Drosophila_willistoni_Drosophila_willistoni__LOC6646901__XP_002069647.1	427	427	427	362	GAA	0.07543599605560303	1	moderate	moderate	0.022	False	user_msa
Drosophila_yakuba_Drosophila_yakuba__LOC6537169__XP_002097730.1	427	427	427	362	GAG	0.08134634792804718	1	moderate	moderate	0.022	False	user_msa
Drosophila_ananassae_Drosophila_ananassae__LOC6501076__XP_001954513.1	428	428	428	363	TAC	0.07288020849227905	1	moderate	moderate	0.022	False	user_msa
Drosophila_biarmipes_Drosophila_biarmipes__LOC108026160__XP_016952383.1	428	428	428	363	TAC	0.07288020849227905	1	moderate	moderate	0.022	False	user_msa
Drosophila_mauritiana_Drosophila_mauritiana__LOC117145868__XP_033167581.1	428	428	428	363	TAC	0.07288020849227905	1	moderate	moderate	0.022	False	user_msa
Drosophila_melanogaster_Drosophila_melanogaster__Act88F__NP_524367.1	428	428	428	363	TAC	0.07288020849227905	1	moderate	moderate	0.022	False	user_msa
Drosophila_pseudoobscura_Drosophila_pseudoobscura__Act88F__XP_002137155.1	428	428	428	363	TAC	0.07288020849227905	1	moderate	moderate	0.022	False	user_msa
Drosophila_sechellia_Drosophila_sechellia__Act88F__XP_002031056.2	428	428	428	363	TAC	0.07288020849227905	1	moderate	moderate	0.022	False	user_msa
Drosophila_simulans_Drosophila_simulans__LOC6727955__XP_016034553.1	428	428	428	363	TAC	0.07288020849227905	1	moderate	moderate	0.022	False	user_msa
Drosophila_subobscura_Drosophila_subobscura__LOC117898432__XP_034663715.1	428	428	428	363	TAC	0.07288020849227905	1	moderate	moderate	0.022	False	user_msa
Drosophila_suzukii_Drosophila_suzukii__Act88F__XP_016925443.1	428	428	428	363	TAC	0.07288020849227905	1	moderate	moderate	0.022	False	user_msa
Drosophila_virilis_Drosophila_virilis__Act88F__XP_002054294.1	428	428	428	363	TAC	0.07288020849227905	1	moderate	moderate	0.022	False	user_msa
Drosophila_willistoni_Drosophila_willistoni__LOC6646901__XP_002069647.1	428	428	428	363	TAC	0.07288020849227905	1	moderate	moderate	0.022	False	user_msa
Drosophila_yakuba_Drosophila_yakuba__LOC6537169__XP_002097730.1	428	428	428	363	TAC	0.07288020849227905	1	moderate	moderate	0.022	False	user_msa
Drosophila_ananassae_Drosophila_ananassae__LOC6501076__XP_001954513.1	429	429	429	364	GAC	0.07833914458751678	1	moderate	moderate	0.022	False	user_msa
Drosophila_biarmipes_Drosophila_biarmipes__LOC108026160__XP_016952383.1	429	429	429	364	GAC	0.07833914458751678	1	moderate	moderate	0.022	False	user_msa
Drosophila_mauritiana_Drosophila_mauritiana__LOC117145868__XP_033167581.1	429	429	429	364	GAC	0.07833914458751678	1	moderate	moderate	0.022	False	user_msa
Drosophila_melanogaster_Drosophila_melanogaster__Act88F__NP_524367.1	429	429	429	364	GAC	0.07833914458751678	1	moderate	moderate	0.022	False	user_msa
Drosophila_pseudoobscura_Drosophila_pseudoobscura__Act88F__XP_002137155.1	429	429	429	364	GAT	0.08532163500785828	1	moderate	moderate	0.022	False	user_msa
Drosophila_sechellia_Drosophila_sechellia__Act88F__XP_002031056.2	429	429	429	364	GAC	0.07833914458751678	1	moderate	moderate	0.022	False	user_msa
Drosophila_simulans_Drosophila_simulans__LOC6727955__XP_016034553.1	429	429	429	364	GAC	0.07833914458751678	1	moderate	moderate	0.022	False	user_msa
Drosophila_subobscura_Drosophila_subobscura__LOC117898432__XP_034663715.1	429	429	429	364	GAC	0.07833914458751678	1	moderate	moderate	0.022	False	user_msa
Drosophila_suzukii_Drosophila_suzukii__Act88F__XP_016925443.1	429	429	429	364	GAC	0.07833914458751678	1	moderate	moderate	0.022	False	user_msa
Drosophila_virilis_Drosophila_virilis__Act88F__XP_002054294.1	429	429	429	364	GAT	0.08532163500785828	1	moderate	moderate	0.022	False	user_msa
Drosophila_willistoni_Drosophila_willistoni__LOC6646901__XP_002069647.1	429	429	429	364	GAT	0.08532163500785828	1	moderate	moderate	0.022	False	user_msa
Drosophila_yakuba_Drosophila_yakuba__LOC6537169__XP_002097730.1	429	429	429	364	GAC	0.07833914458751678	1	moderate	moderate	0.022	False	user_msa
Drosophila_ananassae_Drosophila_ananassae__LOC6501076__XP_001954513.1	430	430	430	365	GAG	0.08136333525180817	1	moderate	moderate	0.022	False	user_msa
Drosophila_biarmipes_Drosophila_biarmipes__LOC108026160__XP_016952383.1	430	430	430	365	GAG	0.08136333525180817	1	moderate	moderate	0.022	False	user_msa
Drosophila_mauritiana_Drosophila_mauritiana__LOC117145868__XP_033167581.1	430	430	430	365	GAG	0.08136333525180817	1	moderate	moderate	0.022	False	user_msa
Drosophila_melanogaster_Drosophila_melanogaster__Act88F__NP_524367.1	430	430	430	365	GAG	0.08136333525180817	1	moderate	moderate	0.022	False	user_msa
Drosophila_pseudoobscura_Drosophila_pseudoobscura__Act88F__XP_002137155.1	430	430	430	365	GAG	0.08136333525180817	1	moderate	moderate	0.022	False	user_msa
Drosophila_sechellia_Drosophila_sechellia__Act88F__XP_002031056.2	430	430	430	365	GAG	0.08136333525180817	1	moderate	moderate	0.022	False	user_msa
Drosophila_simulans_Drosophila_simulans__LOC6727955__XP_016034553.1	430	430	430	365	GAG	0.08136333525180817	1	moderate	moderate	0.022	False	user_msa
Drosophila_subobscura_Drosophila_subobscura__LOC117898432__XP_034663715.1	430	430	430	365	GAG	0.08136333525180817	1	moderate	moderate	0.022	False	user_msa
Drosophila_suzukii_Drosophila_suzukii__Act88F__XP_016925443.1	430	430	430	365	GAG	0.08136333525180817	1	moderate	moderate	0.022	False	user_msa
Drosophila_virilis_Drosophila_virilis__Act88F__XP_002054294.1	430	430	430	365	GAG	0.08136333525180817	1	moderate	moderate	0.022	False	user_msa
Drosophila_willistoni_Drosophila_willistoni__LOC6646901__XP_002069647.1	430	430	430	365	GAA	0.07546532899141312	1	moderate	moderate	0.022	False	user_msa
Drosophila_yakuba_Drosophila_yakuba__LOC6537169__XP_002097730.1	430	430	430	365	GAG	0.08136333525180817	1	moderate	moderate	0.022	False	user_msa
Drosophila_ananassae_Drosophila_ananassae__LOC6501076__XP_001954513.1	431	431	431	366	TCC	0.0741339698433876	1	moderate	moderate	0.022	False	user_msa
Drosophila_biarmipes_Drosophila_biarmipes__LOC108026160__XP_016952383.1	431	431	431	366	TCC	0.0741339698433876	1	moderate	moderate	0.022	False	user_msa
Drosophila_mauritiana_Drosophila_mauritiana__LOC117145868__XP_033167581.1	431	431	431	366	TCC	0.0741339698433876	1	moderate	moderate	0.022	False	user_msa
Drosophila_melanogaster_Drosophila_melanogaster__Act88F__NP_524367.1	431	431	431	366	TCC	0.0741339698433876	1	moderate	moderate	0.022	False	user_msa
Drosophila_pseudoobscura_Drosophila_pseudoobscura__Act88F__XP_002137155.1	431	431	431	366	TCC	0.0741339698433876	1	moderate	moderate	0.022	False	user_msa
Drosophila_sechellia_Drosophila_sechellia__Act88F__XP_002031056.2	431	431	431	366	TCC	0.0741339698433876	1	moderate	moderate	0.022	False	user_msa
Drosophila_simulans_Drosophila_simulans__LOC6727955__XP_016034553.1	431	431	431	366	TCC	0.0741339698433876	1	moderate	moderate	0.022	False	user_msa
Drosophila_subobscura_Drosophila_subobscura__LOC117898432__XP_034663715.1	431	431	431	366	TCC	0.0741339698433876	1	moderate	moderate	0.022	False	user_msa
Drosophila_suzukii_Drosophila_suzukii__Act88F__XP_016925443.1	431	431	431	366	TCC	0.0741339698433876	1	moderate	moderate	0.022	False	user_msa
Drosophila_virilis_Drosophila_virilis__Act88F__XP_002054294.1	431	431	431	366	TCC	0.0741339698433876	1	moderate	moderate	0.022	False	user_msa
Drosophila_willistoni_Drosophila_willistoni__LOC6646901__XP_002069647.1	431	431	431	366	TCC	0.0741339698433876	1	moderate	moderate	0.022	False	user_msa
Drosophila_yakuba_Drosophila_yakuba__LOC6537169__XP_002097730.1	431	431	431	366	TCC	0.0741339698433876	1	moderate	moderate	0.022	False	user_msa
Drosophila_ananassae_Drosophila_ananassae__LOC6501076__XP_001954513.1	432	432	432	367	GGC	0.08151750266551971	1	moderate	moderate	0.022	False	user_msa
Drosophila_biarmipes_Drosophila_biarmipes__LOC108026160__XP_016952383.1	432	432	432	367	GGC	0.08151750266551971	1	moderate	moderate	0.022	False	user_msa
Drosophila_mauritiana_Drosophila_mauritiana__LOC117145868__XP_033167581.1	432	432	432	367	GGC	0.08151750266551971	1	moderate	moderate	0.022	False	user_msa
Drosophila_melanogaster_Drosophila_melanogaster__Act88F__NP_524367.1	432	432	432	367	GGC	0.08151750266551971	1	moderate	moderate	0.022	False	user_msa
Drosophila_pseudoobscura_Drosophila_pseudoobscura__Act88F__XP_002137155.1	432	432	432	367	GGC	0.08151750266551971	1	moderate	moderate	0.022	False	user_msa
Drosophila_sechellia_Drosophila_sechellia__Act88F__XP_002031056.2	432	432	432	367	GGC	0.08151750266551971	1	moderate	moderate	0.022	False	user_msa
Drosophila_simulans_Drosophila_simulans__LOC6727955__XP_016034553.1	432	432	432	367	GGC	0.08151750266551971	1	moderate	moderate	0.022	False	user_msa
Drosophila_subobscura_Drosophila_subobscura__LOC117898432__XP_034663715.1	432	432	432	367	GGC	0.08151750266551971	1	moderate	moderate	0.022	False	user_msa
Drosophila_suzukii_Drosophila_suzukii__Act88F__XP_016925443.1	432	432	432	367	GGC	0.08151750266551971	1	moderate	moderate	0.022	False	user_msa
Drosophila_virilis_Drosophila_virilis__Act88F__XP_002054294.1	432	432	432	367	GGT	0.08911652863025665	1	moderate	moderate	0.022	False	user_msa
Drosophila_willistoni_Drosophila_willistoni__LOC6646901__XP_002069647.1	432	432	432	367	GGT	0.08911652863025665	1	moderate	moderate	0.022	False	user_msa
Drosophila_yakuba_Drosophila_yakuba__LOC6537169__XP_002097730.1	432	432	432	367	GGC	0.08151750266551971	1	moderate	moderate	0.022	False	user_msa
Drosophila_ananassae_Drosophila_ananassae__LOC6501076__XP_001954513.1	433	433	433	368	CCC	0.07653588801622391	1	moderate	moderate	0.022	False	user_msa
Drosophila_biarmipes_Drosophila_biarmipes__LOC108026160__XP_016952383.1	433	433	433	368	CCC	0.07653588801622391	1	moderate	moderate	0.022	False	user_msa
Drosophila_mauritiana_Drosophila_mauritiana__LOC117145868__XP_033167581.1	433	433	433	368	CCC	0.07653588801622391	1	moderate	moderate	0.022	False	user_msa
Drosophila_melanogaster_Drosophila_melanogaster__Act88F__NP_524367.1	433	433	433	368	CCC	0.07653588801622391	1	moderate	moderate	0.022	False	user_msa
Drosophila_pseudoobscura_Drosophila_pseudoobscura__Act88F__XP_002137155.1	433	433	433	368	CCC	0.07653588801622391	1	moderate	moderate	0.022	False	user_msa
Drosophila_sechellia_Drosophila_sechellia__Act88F__XP_002031056.2	433	433	433	368	CCC	0.07653588801622391	1	moderate	moderate	0.022	False	user_msa
Drosophila_simulans_Drosophila_simulans__LOC6727955__XP_016034553.1	433	433	433	368	CCC	0.07653588801622391	1	moderate	moderate	0.022	False	user_msa
Drosophila_subobscura_Drosophila_subobscura__LOC117898432__XP_034663715.1	433	433	433	368	CCC	0.07653588801622391	1	moderate	moderate	0.022	False	user_msa
Drosophila_suzukii_Drosophila_suzukii__Act88F__XP_016925443.1	433	433	433	368	CCT	0.08302899450063705	1	moderate	moderate	0.022	False	user_msa
Drosophila_virilis_Drosophila_virilis__Act88F__XP_002054294.1	433	433	433	368	CCC	0.07653588801622391	1	moderate	moderate	0.022	False	user_msa
Drosophila_willistoni_Drosophila_willistoni__LOC6646901__XP_002069647.1	433	433	433	368	CCC	0.07653588801622391	1	moderate	moderate	0.022	False	user_msa
Drosophila_yakuba_Drosophila_yakuba__LOC6537169__XP_002097730.1	433	433	433	368	CCC	0.07653588801622391	1	moderate	moderate	0.022	False	user_msa
Drosophila_ananassae_Drosophila_ananassae__LOC6501076__XP_001954513.1	434	434	434	369	GGC	0.08569173514842987	1	moderate	moderate	0.022	False	user_msa
Drosophila_biarmipes_Drosophila_biarmipes__LOC108026160__XP_016952383.1	434	434	434	369	GGA	0.08195104449987411	1	moderate	moderate	0.022	False	user_msa
Drosophila_mauritiana_Drosophila_mauritiana__LOC117145868__XP_033167581.1	434	434	434	369	GGA	0.08195104449987411	1	moderate	moderate	0.022	False	user_msa
Drosophila_melanogaster_Drosophila_melanogaster__Act88F__NP_524367.1	434	434	434	369	GGA	0.08195104449987411	1	moderate	moderate	0.022	False	user_msa
Drosophila_pseudoobscura_Drosophila_pseudoobscura__Act88F__XP_002137155.1	434	434	434	369	GGC	0.08569173514842987	1	moderate	moderate	0.022	False	user_msa
Drosophila_sechellia_Drosophila_sechellia__Act88F__XP_002031056.2	434	434	434	369	GGA	0.08195104449987411	1	moderate	moderate	0.022	False	user_msa
Drosophila_simulans_Drosophila_simulans__LOC6727955__XP_016034553.1	434	434	434	369	GGA	0.08195104449987411	1	moderate	moderate	0.022	False	user_msa
Drosophila_subobscura_Drosophila_subobscura__LOC117898432__XP_034663715.1	434	434	434	369	GGC	0.08569173514842987	1	moderate	moderate	0.022	False	user_msa
Drosophila_suzukii_Drosophila_suzukii__Act88F__XP_016925443.1	434	434	434	369	GGA	0.08195104449987411	1	moderate	moderate	0.022	False	user_msa
Drosophila_virilis_Drosophila_virilis__Act88F__XP_002054294.1	434	434	434	369	GGC	0.08569173514842987	1	moderate	moderate	0.022	False	user_msa
Drosophila_willistoni_Drosophila_willistoni__LOC6646901__XP_002069647.1	434	434	434	369	GGC	0.08569173514842987	1	moderate	moderate	0.022	False	user_msa
Drosophila_yakuba_Drosophila_yakuba__LOC6537169__XP_002097730.1	434	434	434	369	GGA	0.08195104449987411	1	moderate	moderate	0.022	False	user_msa
Drosophila_ananassae_Drosophila_ananassae__LOC6501076__XP_001954513.1	435	435	435	370	ATT	0.07758384943008423	1	moderate	moderate	0.022	False	user_msa
Drosophila_biarmipes_Drosophila_biarmipes__LOC108026160__XP_016952383.1	435	435	435	370	ATC	0.07255782932043076	1	moderate	moderate	0.022	False	user_msa
Drosophila_mauritiana_Drosophila_mauritiana__LOC117145868__XP_033167581.1	435	435	435	370	ATC	0.07255782932043076	1	moderate	moderate	0.022	False	user_msa
Drosophila_melanogaster_Drosophila_melanogaster__Act88F__NP_524367.1	435	435	435	370	ATC	0.07255782932043076	1	moderate	moderate	0.022	False	user_msa
Drosophila_pseudoobscura_Drosophila_pseudoobscura__Act88F__XP_002137155.1	435	435	435	370	ATT	0.07758384943008423	1	moderate	moderate	0.022	False	user_msa
Drosophila_sechellia_Drosophila_sechellia__Act88F__XP_002031056.2	435	435	435	370	ATC	0.07255782932043076	1	moderate	moderate	0.022	False	user_msa
Drosophila_simulans_Drosophila_simulans__LOC6727955__XP_016034553.1	435	435	435	370	ATC	0.07255782932043076	1	moderate	moderate	0.022	False	user_msa
Drosophila_subobscura_Drosophila_subobscura__LOC117898432__XP_034663715.1	435	435	435	370	ATT	0.07758384943008423	1	moderate	moderate	0.022	False	user_msa
Drosophila_suzukii_Drosophila_suzukii__Act88F__XP_016925443.1	435	435	435	370	ATC	0.07255782932043076	1	moderate	moderate	0.022	False	user_msa
Drosophila_virilis_Drosophila_virilis__Act88F__XP_002054294.1	435	435	435	370	ATT	0.07758384943008423	1	moderate	moderate	0.022	False	user_msa
Drosophila_willistoni_Drosophila_willistoni__LOC6646901__XP_002069647.1	435	435	435	370	ATT	0.07758384943008423	1	moderate	moderate	0.022	False	user_msa
Drosophila_yakuba_Drosophila_yakuba__LOC6537169__XP_002097730.1	435	435	435	370	ATC	0.07255782932043076	1	moderate	moderate	0.022	False	user_msa
Drosophila_ananassae_Drosophila_ananassae__LOC6501076__XP_001954513.1	436	436	436	371	GTC	0.10043536871671677	1	moderate	moderate	0.022	False	user_msa
Drosophila_biarmipes_Drosophila_biarmipes__LOC108026160__XP_016952383.1	436	436	436	371	GTC	0.10043536871671677	1	moderate	moderate	0.022	False	user_msa
Drosophila_mauritiana_Drosophila_mauritiana__LOC117145868__XP_033167581.1	436	436	436	371	GTC	0.10043536871671677	1	moderate	moderate	0.022	False	user_msa
Drosophila_melanogaster_Drosophila_melanogaster__Act88F__NP_524367.1	436	436	436	371	GTT	0.10958752781152725	1	moderate	moderate	0.022	False	user_msa
Drosophila_pseudoobscura_Drosophila_pseudoobscura__Act88F__XP_002137155.1	436	436	436	371	GTC	0.10043536871671677	1	moderate	moderate	0.022	False	user_msa
Drosophila_sechellia_Drosophila_sechellia__Act88F__XP_002031056.2	436	436	436	371	GTC	0.10043536871671677	1	moderate	moderate	0.022	False	user_msa
Drosophila_simulans_Drosophila_simulans__LOC6727955__XP_016034553.1	436	436	436	371	GTC	0.10043536871671677	1	moderate	moderate	0.022	False	user_msa
Drosophila_subobscura_Drosophila_subobscura__LOC117898432__XP_034663715.1	436	436	436	371	GTC	0.10043536871671677	1	moderate	moderate	0.022	False	user_msa
Drosophila_suzukii_Drosophila_suzukii__Act88F__XP_016925443.1	436	436	436	371	GTC	0.10043536871671677	1	moderate	moderate	0.022	False	user_msa
Drosophila_virilis_Drosophila_virilis__Act88F__XP_002054294.1	436	436	436	371	GTG	0.10492342710494995	1	moderate	moderate	0.022	False	user_msa
Drosophila_willistoni_Drosophila_willistoni__LOC6646901__XP_002069647.1	436	436	436	371	GTG	0.10492342710494995	1	moderate	moderate	0.022	False	user_msa
Drosophila_yakuba_Drosophila_yakuba__LOC6537169__XP_002097730.1	436	436	436	371	GTC	0.10043536871671677	1	moderate	moderate	0.022	False	user_msa
Drosophila_ananassae_Drosophila_ananassae__LOC6501076__XP_001954513.1	437	437	437	372	CAC	0.06543636322021484	1	moderate	moderate	0.022	False	user_msa
Drosophila_biarmipes_Drosophila_biarmipes__LOC108026160__XP_016952383.1	437	437	437	372	CAC	0.06543636322021484	1	moderate	moderate	0.022	False	user_msa
Drosophila_mauritiana_Drosophila_mauritiana__LOC117145868__XP_033167581.1	437	437	437	372	CAC	0.06543636322021484	1	moderate	moderate	0.022	False	user_msa
Drosophila_melanogaster_Drosophila_melanogaster__Act88F__NP_524367.1	437	437	437	372	CAC	0.06543636322021484	1	moderate	moderate	0.022	False	user_msa
Drosophila_pseudoobscura_Drosophila_pseudoobscura__Act88F__XP_002137155.1	437	437	437	372	CAC	0.06543636322021484	1	moderate	moderate	0.022	False	user_msa
Drosophila_sechellia_Drosophila_sechellia__Act88F__XP_002031056.2	437	437	437	372	CAC	0.06543636322021484	1	moderate	moderate	0.022	False	user_msa
Drosophila_simulans_Drosophila_simulans__LOC6727955__XP_016034553.1	437	437	437	372	CAC	0.06543636322021484	1	moderate	moderate	0.022	False	user_msa
Drosophila_subobscura_Drosophila_subobscura__LOC117898432__XP_034663715.1	437	437	437	372	CAC	0.06543636322021484	1	moderate	moderate	0.022	False	user_msa
Drosophila_suzukii_Drosophila_suzukii__Act88F__XP_016925443.1	437	437	437	372	CAC	0.06543636322021484	1	moderate	moderate	0.022	False	user_msa
Drosophila_virilis_Drosophila_virilis__Act88F__XP_002054294.1	437	437	437	372	CAC	0.06543636322021484	1	moderate	moderate	0.022	False	user_msa
Drosophila_willistoni_Drosophila_willistoni__LOC6646901__XP_002069647.1	437	437	437	372	CAC	0.06543636322021484	1	moderate	moderate	0.022	False	user_msa
Drosophila_yakuba_Drosophila_yakuba__LOC6537169__XP_002097730.1	437	437	437	372	CAC	0.06543636322021484	1	moderate	moderate	0.022	False	user_msa
Drosophila_ananassae_Drosophila_ananassae__LOC6501076__XP_001954513.1	438	438	438	373	CGC	0.06719733774662018	1	moderate	moderate	0.022	False	user_msa
Drosophila_biarmipes_Drosophila_biarmipes__LOC108026160__XP_016952383.1	438	438	438	373	CGC	0.06719733774662018	1	moderate	moderate	0.022	False	user_msa
Drosophila_mauritiana_Drosophila_mauritiana__LOC117145868__XP_033167581.1	438	438	438	373	CGC	0.06719733774662018	1	moderate	moderate	0.022	False	user_msa
Drosophila_melanogaster_Drosophila_melanogaster__Act88F__NP_524367.1	438	438	438	373	CGC	0.06719733774662018	1	moderate	moderate	0.022	False	user_msa
Drosophila_pseudoobscura_Drosophila_pseudoobscura__Act88F__XP_002137155.1	438	438	438	373	CGC	0.06719733774662018	1	moderate	moderate	0.022	False	user_msa
Drosophila_sechellia_Drosophila_sechellia__Act88F__XP_002031056.2	438	438	438	373	CGC	0.06719733774662018	1	moderate	moderate	0.022	False	user_msa
Drosophila_simulans_Drosophila_simulans__LOC6727955__XP_016034553.1	438	438	438	373	CGC	0.06719733774662018	1	moderate	moderate	0.022	False	user_msa
Drosophila_subobscura_Drosophila_subobscura__LOC117898432__XP_034663715.1	438	438	438	373	CGC	0.06719733774662018	1	moderate	moderate	0.022	False	user_msa
Drosophila_suzukii_Drosophila_suzukii__Act88F__XP_016925443.1	438	438	438	373	CGC	0.06719733774662018	1	moderate	moderate	0.022	False	user_msa
Drosophila_virilis_Drosophila_virilis__Act88F__XP_002054294.1	438	438	438	373	CGC	0.06719733774662018	1	moderate	moderate	0.022	False	user_msa
Drosophila_willistoni_Drosophila_willistoni__LOC6646901__XP_002069647.1	438	438	438	373	CGC	0.06719733774662018	1	moderate	moderate	0.022	False	user_msa
Drosophila_yakuba_Drosophila_yakuba__LOC6537169__XP_002097730.1	438	438	438	373	CGC	0.06719733774662018	1	moderate	moderate	0.022	False	user_msa
Drosophila_ananassae_Drosophila_ananassae__LOC6501076__XP_001954513.1	439	439	439	374	AAG	0.07365795224905014	1	moderate	moderate	0.022	False	user_msa
Drosophila_biarmipes_Drosophila_biarmipes__LOC108026160__XP_016952383.1	439	439	439	374	AAG	0.07365795224905014	1	moderate	moderate	0.022	False	user_msa
Drosophila_mauritiana_Drosophila_mauritiana__LOC117145868__XP_033167581.1	439	439	439	374	AAG	0.07365795224905014	1	moderate	moderate	0.022	False	user_msa
Drosophila_melanogaster_Drosophila_melanogaster__Act88F__NP_524367.1	439	439	439	374	AAA	0.06886725127696991	1	moderate	moderate	0.022	False	user_msa
Drosophila_pseudoobscura_Drosophila_pseudoobscura__Act88F__XP_002137155.1	439	439	439	374	AAA	0.06886725127696991	1	moderate	moderate	0.022	False	user_msa
Drosophila_sechellia_Drosophila_sechellia__Act88F__XP_002031056.2	439	439	439	374	AAG	0.07365795224905014	1	moderate	moderate	0.022	False	user_msa
Drosophila_simulans_Drosophila_simulans__LOC6727955__XP_016034553.1	439	439	439	374	AAG	0.07365795224905014	1	moderate	moderate	0.022	False	user_msa
Drosophila_subobscura_Drosophila_subobscura__LOC117898432__XP_034663715.1	439	439	439	374	AAA	0.06886725127696991	1	moderate	moderate	0.022	False	user_msa
Drosophila_suzukii_Drosophila_suzukii__Act88F__XP_016925443.1	439	439	439	374	AAG	0.07365795224905014	1	moderate	moderate	0.022	False	user_msa
Drosophila_virilis_Drosophila_virilis__Act88F__XP_002054294.1	439	439	439	374	AAG	0.07365795224905014	1	moderate	moderate	0.022	False	user_msa
Drosophila_willistoni_Drosophila_willistoni__LOC6646901__XP_002069647.1	439	439	439	374	AAA	0.06886725127696991	1	moderate	moderate	0.022	False	user_msa
Drosophila_yakuba_Drosophila_yakuba__LOC6537169__XP_002097730.1	439	439	439	374	AAA	0.06886725127696991	1	moderate	moderate	0.022	False	user_msa
Drosophila_ananassae_Drosophila_ananassae__LOC6501076__XP_001954513.1	440	440	440	375	TGC	0.07543910294771194	1	moderate	moderate	0.022	False	user_msa
Drosophila_biarmipes_Drosophila_biarmipes__LOC108026160__XP_016952383.1	440	440	440	375	TGC	0.07543910294771194	1	moderate	moderate	0.022	False	user_msa
Drosophila_mauritiana_Drosophila_mauritiana__LOC117145868__XP_033167581.1	440	440	440	375	TGC	0.07543910294771194	1	moderate	moderate	0.022	False	user_msa
Drosophila_melanogaster_Drosophila_melanogaster__Act88F__NP_524367.1	440	440	440	375	TGC	0.07543910294771194	1	moderate	moderate	0.022	False	user_msa
Drosophila_pseudoobscura_Drosophila_pseudoobscura__Act88F__XP_002137155.1	440	440	440	375	TGC	0.07543910294771194	1	moderate	moderate	0.022	False	user_msa
Drosophila_sechellia_Drosophila_sechellia__Act88F__XP_002031056.2	440	440	440	375	TGC	0.07543910294771194	1	moderate	moderate	0.022	False	user_msa
Drosophila_simulans_Drosophila_simulans__LOC6727955__XP_016034553.1	440	440	440	375	TGC	0.07543910294771194	1	moderate	moderate	0.022	False	user_msa
Drosophila_subobscura_Drosophila_subobscura__LOC117898432__XP_034663715.1	440	440	440	375	TGC	0.07543910294771194	1	moderate	moderate	0.022	False	user_msa
Drosophila_suzukii_Drosophila_suzukii__Act88F__XP_016925443.1	440	440	440	375	TGC	0.07543910294771194	1	moderate	moderate	0.022	False	user_msa
Drosophila_virilis_Drosophila_virilis__Act88F__XP_002054294.1	440	440	440	375	TGC	0.07543910294771194	1	moderate	moderate	0.022	False	user_msa
Drosophila_willistoni_Drosophila_willistoni__LOC6646901__XP_002069647.1	440	440	440	375	TGC	0.07543910294771194	1	moderate	moderate	0.022	False	user_msa
Drosophila_yakuba_Drosophila_yakuba__LOC6537169__XP_002097730.1	440	440	440	375	TGC	0.07543910294771194	1	moderate	moderate	0.022	False	user_msa
Drosophila_ananassae_Drosophila_ananassae__LOC6501076__XP_001954513.1	441	441	441	376	TTT	0.07736865431070328	1	moderate	moderate	0.022	False	user_msa
Drosophila_biarmipes_Drosophila_biarmipes__LOC108026160__XP_016952383.1	441	441	441	376	TTT	0.07736865431070328	1	moderate	moderate	0.022	False	user_msa
Drosophila_mauritiana_Drosophila_mauritiana__LOC117145868__XP_033167581.1	441	441	441	376	TTT	0.07736865431070328	1	moderate	moderate	0.022	False	user_msa
Drosophila_melanogaster_Drosophila_melanogaster__Act88F__NP_524367.1	441	441	441	376	TTT	0.07736865431070328	1	moderate	moderate	0.022	False	user_msa
Drosophila_pseudoobscura_Drosophila_pseudoobscura__Act88F__XP_002137155.1	441	441	441	376	TTT	0.07736865431070328	1	moderate	moderate	0.022	False	user_msa
Drosophila_sechellia_Drosophila_sechellia__Act88F__XP_002031056.2	441	441	441	376	TTT	0.07736865431070328	1	moderate	moderate	0.022	False	user_msa
Drosophila_simulans_Drosophila_simulans__LOC6727955__XP_016034553.1	441	441	441	376	TTT	0.07736865431070328	1	moderate	moderate	0.022	False	user_msa
Drosophila_subobscura_Drosophila_subobscura__LOC117898432__XP_034663715.1	441	441	441	376	TTT	0.07736865431070328	1	moderate	moderate	0.022	False	user_msa
Drosophila_suzukii_Drosophila_suzukii__Act88F__XP_016925443.1	441	441	441	376	TTT	0.07736865431070328	1	moderate	moderate	0.022	False	user_msa
Drosophila_virilis_Drosophila_virilis__Act88F__XP_002054294.1	441	441	441	376	TTT	0.07736865431070328	1	moderate	moderate	0.022	False	user_msa
Drosophila_willistoni_Drosophila_willistoni__LOC6646901__XP_002069647.1	441	441	441	376	TTT	0.07736865431070328	1	moderate	moderate	0.022	False	user_msa
Drosophila_yakuba_Drosophila_yakuba__LOC6537169__XP_002097730.1	441	441	441	376	TTT	0.07736865431070328	1	moderate	moderate	0.022	False	user_msa
