family_id	method	branch_id	foreground_taxon	aligned_site_index_zero	original_site_index_zero	mapping_status	site_index_zero	aligned_site_index_zero	original_site_index_zero	site_relative_position	n_taxa	n_codons	codon_id_mean	codon_id_std	codon_id_min	codon_id_max	codon_id_range	codon_id_unique_count	gap_fraction	non_gap_fraction	taxon_codon_variability	foreground_codon_id	foreground_gap	branch_codon_id	branch_gap	background_mean_codon_id	foreground_background_codon_delta	branch_background_codon_delta
empirical	user_msa	LOC_Os02g07490_LOC_Os02g07490.1	LOC_Os02g07490_LOC_Os02g07490.1	0	0	unique	0	0	0	0.0	9	419	16.0	0.0	16.0	16.0	0.0	1	0.0	1.0	0.0	16	0	16	0	16.0	0.0	0.0
empirical	user_msa	Oropetium_20150105_02675_Oropetium_20150105_02675A	Oropetium_20150105_02675_Oropetium_20150105_02675A	0	0	unique	0	0	0	0.0	9	419	16.0	0.0	16.0	16.0	0.0	1	0.0	1.0	0.0	16	0	16	0	16.0	0.0	0.0
empirical	user_msa	ELECO.r07.2AG0102970_ELECO.r07.2AG0102970.1	ELECO.r07.2AG0102970_ELECO.r07.2AG0102970.1	0	0	unique	0	0	0	0.0	9	419	16.0	0.0	16.0	16.0	0.0	1	0.0	1.0	0.0	16	0	16	0	16.0	0.0	0.0
empirical	user_msa	Phala.08G200500_Phala.08G200500.1	Phala.08G200500_Phala.08G200500.1	0	0	unique	0	0	0	0.0	9	419	16.0	0.0	16.0	16.0	0.0	1	0.0	1.0	0.0	16	0	16	0	16.0	0.0	0.0
empirical	user_msa	Phala.08G200500_Phala.08G200500.3	Phala.08G200500_Phala.08G200500.3	0	0	unique	0	0	0	0.0	9	419	16.0	0.0	16.0	16.0	0.0	1	0.0	1.0	0.0	16	0	16	0	16.0	0.0	0.0
empirical	user_msa	Phala.08G200500_Phala.08G200500.2	Phala.08G200500_Phala.08G200500.2	0	0	unique	0	0	0	0.0	9	419	16.0	0.0	16.0	16.0	0.0	1	0.0	1.0	0.0	16	0	16	0	16.0	0.0	0.0
empirical	user_msa	HORVU.MOREX.r3.6HG0571560_HORVU.MOREX.r3.6HG0571560.1	HORVU.MOREX.r3.6HG0571560_HORVU.MOREX.r3.6HG0571560.1	0	0	unique	0	0	0	0.0	9	419	16.0	0.0	16.0	16.0	0.0	1	0.0	1.0	0.0	16	0	16	0	16.0	0.0	0.0
empirical	user_msa	TraesCS6A03G0381800_TraesCS6A03G0381800.1	TraesCS6A03G0381800_TraesCS6A03G0381800.1	0	0	unique	0	0	0	0.0	9	419	16.0	0.0	16.0	16.0	0.0	1	0.0	1.0	0.0	16	0	16	0	16.0	0.0	0.0
empirical	user_msa	Thint.S06G201700_Thint.S06G201700.1	Thint.S06G201700_Thint.S06G201700.1	0	0	unique	0	0	0	0.0	9	419	16.0	0.0	16.0	16.0	0.0	1	0.0	1.0	0.0	16	0	16	0	16.0	0.0	0.0
empirical	user_msa	LOC_Os02g07490_LOC_Os02g07490.1	LOC_Os02g07490_LOC_Os02g07490.1	1	1	unique	1	1	1	0.0023923444976076554	9	419	31.11111111111111	18.776134050345487	1.0	61.0	60.0	4	0.1111111111111111	0.8888888888888888	18.776134050345487	40	0	40	0	30.0	10.0	10.0
empirical	user_msa	Oropetium_20150105_02675_Oropetium_20150105_02675A	Oropetium_20150105_02675_Oropetium_20150105_02675A	1	1	unique	1	1	1	0.0023923444976076554	9	419	31.11111111111111	18.776134050345487	1.0	61.0	60.0	4	0.1111111111111111	0.8888888888888888	18.776134050345487	40	0	40	0	30.0	10.0	10.0
empirical	user_msa	ELECO.r07.2AG0102970_ELECO.r07.2AG0102970.1	ELECO.r07.2AG0102970_ELECO.r07.2AG0102970.1	1	1	unique	1	1	1	0.0023923444976076554	9	419	31.11111111111111	18.776134050345487	1.0	61.0	60.0	4	0.1111111111111111	0.8888888888888888	18.776134050345487	61	0	61	0	27.375	33.625	33.625
empirical	user_msa	Phala.08G200500_Phala.08G200500.1	Phala.08G200500_Phala.08G200500.1	1	1	unique	1	1	1	0.0023923444976076554	9	419	31.11111111111111	18.776134050345487	1.0	61.0	60.0	4	0.1111111111111111	0.8888888888888888	18.776134050345487	9	0	9	0	33.875	-24.875	-24.875
empirical	user_msa	Phala.08G200500_Phala.08G200500.3	Phala.08G200500_Phala.08G200500.3	1	1	unique	1	1	1	0.0023923444976076554	9	419	31.11111111111111	18.776134050345487	1.0	61.0	60.0	4	0.1111111111111111	0.8888888888888888	18.776134050345487	9	0	9	0	33.875	-24.875	-24.875
empirical	user_msa	Phala.08G200500_Phala.08G200500.2	Phala.08G200500_Phala.08G200500.2	1	1	unique	1	1	1	0.0023923444976076554	9	419	31.11111111111111	18.776134050345487	1.0	61.0	60.0	4	0.1111111111111111	0.8888888888888888	18.776134050345487	1	1	1	1	34.875	-33.875	-33.875
empirical	user_msa	HORVU.MOREX.r3.6HG0571560_HORVU.MOREX.r3.6HG0571560.1	HORVU.MOREX.r3.6HG0571560_HORVU.MOREX.r3.6HG0571560.1	1	1	unique	1	1	1	0.0023923444976076554	9	419	31.11111111111111	18.776134050345487	1.0	61.0	60.0	4	0.1111111111111111	0.8888888888888888	18.776134050345487	40	0	40	0	30.0	10.0	10.0
empirical	user_msa	TraesCS6A03G0381800_TraesCS6A03G0381800.1	TraesCS6A03G0381800_TraesCS6A03G0381800.1	1	1	unique	1	1	1	0.0023923444976076554	9	419	31.11111111111111	18.776134050345487	1.0	61.0	60.0	4	0.1111111111111111	0.8888888888888888	18.776134050345487	40	0	40	0	30.0	10.0	10.0
empirical	user_msa	Thint.S06G201700_Thint.S06G201700.1	Thint.S06G201700_Thint.S06G201700.1	1	1	unique	1	1	1	0.0023923444976076554	9	419	31.11111111111111	18.776134050345487	1.0	61.0	60.0	4	0.1111111111111111	0.8888888888888888	18.776134050345487	40	0	40	0	30.0	10.0	10.0
empirical	user_msa	LOC_Os02g07490_LOC_Os02g07490.1	LOC_Os02g07490_LOC_Os02g07490.1	2	2	unique	2	2	2	0.004784688995215311	9	419	18.22222222222222	17.04750081245393	1.0	40.0	39.0	3	0.4444444444444444	0.5555555555555556	17.04750081245393	20	0	20	0	18.0	2.0	2.0
empirical	user_msa	Oropetium_20150105_02675_Oropetium_20150105_02675A	Oropetium_20150105_02675_Oropetium_20150105_02675A	2	2	unique	2	2	2	0.004784688995215311	9	419	18.22222222222222	17.04750081245393	1.0	40.0	39.0	3	0.4444444444444444	0.5555555555555556	17.04750081245393	1	1	1	1	20.375	-19.375	-19.375
empirical	user_msa	ELECO.r07.2AG0102970_ELECO.r07.2AG0102970.1	ELECO.r07.2AG0102970_ELECO.r07.2AG0102970.1	2	2	unique	2	2	2	0.004784688995215311	9	419	18.22222222222222	17.04750081245393	1.0	40.0	39.0	3	0.4444444444444444	0.5555555555555556	17.04750081245393	20	0	20	0	18.0	2.0	2.0
empirical	user_msa	Phala.08G200500_Phala.08G200500.1	Phala.08G200500_Phala.08G200500.1	2	2	unique	2	2	2	0.004784688995215311	9	419	18.22222222222222	17.04750081245393	1.0	40.0	39.0	3	0.4444444444444444	0.5555555555555556	17.04750081245393	1	1	1	1	20.375	-19.375	-19.375
empirical	user_msa	Phala.08G200500_Phala.08G200500.3	Phala.08G200500_Phala.08G200500.3	2	2	unique	2	2	2	0.004784688995215311	9	419	18.22222222222222	17.04750081245393	1.0	40.0	39.0	3	0.4444444444444444	0.5555555555555556	17.04750081245393	1	1	1	1	20.375	-19.375	-19.375
empirical	user_msa	Phala.08G200500_Phala.08G200500.2	Phala.08G200500_Phala.08G200500.2	2	2	unique	2	2	2	0.004784688995215311	9	419	18.22222222222222	17.04750081245393	1.0	40.0	39.0	3	0.4444444444444444	0.5555555555555556	17.04750081245393	1	1	1	1	20.375	-19.375	-19.375
empirical	user_msa	HORVU.MOREX.r3.6HG0571560_HORVU.MOREX.r3.6HG0571560.1	HORVU.MOREX.r3.6HG0571560_HORVU.MOREX.r3.6HG0571560.1	2	2	unique	2	2	2	0.004784688995215311	9	419	18.22222222222222	17.04750081245393	1.0	40.0	39.0	3	0.4444444444444444	0.5555555555555556	17.04750081245393	40	0	40	0	15.5	24.5	24.5
empirical	user_msa	TraesCS6A03G0381800_TraesCS6A03G0381800.1	TraesCS6A03G0381800_TraesCS6A03G0381800.1	2	2	unique	2	2	2	0.004784688995215311	9	419	18.22222222222222	17.04750081245393	1.0	40.0	39.0	3	0.4444444444444444	0.5555555555555556	17.04750081245393	40	0	40	0	15.5	24.5	24.5
empirical	user_msa	Thint.S06G201700_Thint.S06G201700.1	Thint.S06G201700_Thint.S06G201700.1	2	2	unique	2	2	2	0.004784688995215311	9	419	18.22222222222222	17.04750081245393	1.0	40.0	39.0	3	0.4444444444444444	0.5555555555555556	17.04750081245393	40	0	40	0	15.5	24.5	24.5
empirical	user_msa	LOC_Os02g07490_LOC_Os02g07490.1	LOC_Os02g07490_LOC_Os02g07490.1	3	3	unique	3	3	3	0.007177033492822967	9	419	18.22222222222222	16.69183285174571	1.0	47.0	46.0	4	0.4444444444444444	0.5555555555555556	16.69183285174571	20	0	20	0	18.0	2.0	2.0
empirical	user_msa	Oropetium_20150105_02675_Oropetium_20150105_02675A	Oropetium_20150105_02675_Oropetium_20150105_02675A	3	3	unique	3	3	3	0.007177033492822967	9	419	18.22222222222222	16.69183285174571	1.0	47.0	46.0	4	0.4444444444444444	0.5555555555555556	16.69183285174571	1	1	1	1	20.375	-19.375	-19.375
empirical	user_msa	ELECO.r07.2AG0102970_ELECO.r07.2AG0102970.1	ELECO.r07.2AG0102970_ELECO.r07.2AG0102970.1	3	3	unique	3	3	3	0.007177033492822967	9	419	18.22222222222222	16.69183285174571	1.0	47.0	46.0	4	0.4444444444444444	0.5555555555555556	16.69183285174571	47	0	47	0	14.625	32.375	32.375
empirical	user_msa	Phala.08G200500_Phala.08G200500.1	Phala.08G200500_Phala.08G200500.1	3	3	unique	3	3	3	0.007177033492822967	9	419	18.22222222222222	16.69183285174571	1.0	47.0	46.0	4	0.4444444444444444	0.5555555555555556	16.69183285174571	1	1	1	1	20.375	-19.375	-19.375
empirical	user_msa	Phala.08G200500_Phala.08G200500.3	Phala.08G200500_Phala.08G200500.3	3	3	unique	3	3	3	0.007177033492822967	9	419	18.22222222222222	16.69183285174571	1.0	47.0	46.0	4	0.4444444444444444	0.5555555555555556	16.69183285174571	1	1	1	1	20.375	-19.375	-19.375
empirical	user_msa	Phala.08G200500_Phala.08G200500.2	Phala.08G200500_Phala.08G200500.2	3	3	unique	3	3	3	0.007177033492822967	9	419	18.22222222222222	16.69183285174571	1.0	47.0	46.0	4	0.4444444444444444	0.5555555555555556	16.69183285174571	1	1	1	1	20.375	-19.375	-19.375
empirical	user_msa	HORVU.MOREX.r3.6HG0571560_HORVU.MOREX.r3.6HG0571560.1	HORVU.MOREX.r3.6HG0571560_HORVU.MOREX.r3.6HG0571560.1	3	3	unique	3	3	3	0.007177033492822967	9	419	18.22222222222222	16.69183285174571	1.0	47.0	46.0	4	0.4444444444444444	0.5555555555555556	16.69183285174571	31	0	31	0	16.625	14.375	14.375
empirical	user_msa	TraesCS6A03G0381800_TraesCS6A03G0381800.1	TraesCS6A03G0381800_TraesCS6A03G0381800.1	3	3	unique	3	3	3	0.007177033492822967	9	419	18.22222222222222	16.69183285174571	1.0	47.0	46.0	4	0.4444444444444444	0.5555555555555556	16.69183285174571	31	0	31	0	16.625	14.375	14.375
empirical	user_msa	Thint.S06G201700_Thint.S06G201700.1	Thint.S06G201700_Thint.S06G201700.1	3	3	unique	3	3	3	0.007177033492822967	9	419	18.22222222222222	16.69183285174571	1.0	47.0	46.0	4	0.4444444444444444	0.5555555555555556	16.69183285174571	31	0	31	0	16.625	14.375	14.375
empirical	user_msa	LOC_Os02g07490_LOC_Os02g07490.1	LOC_Os02g07490_LOC_Os02g07490.1	4	4	unique	4	4	4	0.009569377990430622	9	419	27.555555555555557	24.662662337635954	1.0	54.0	53.0	4	0.4444444444444444	0.5555555555555556	24.662662337635954	31	0	31	0	27.125	3.875	3.875
empirical	user_msa	Oropetium_20150105_02675_Oropetium_20150105_02675A	Oropetium_20150105_02675_Oropetium_20150105_02675A	4	4	unique	4	4	4	0.009569377990430622	9	419	27.555555555555557	24.662662337635954	1.0	54.0	53.0	4	0.4444444444444444	0.5555555555555556	24.662662337635954	1	1	1	1	30.875	-29.875	-29.875
empirical	user_msa	ELECO.r07.2AG0102970_ELECO.r07.2AG0102970.1	ELECO.r07.2AG0102970_ELECO.r07.2AG0102970.1	4	4	unique	4	4	4	0.009569377990430622	9	419	27.555555555555557	24.662662337635954	1.0	54.0	53.0	4	0.4444444444444444	0.5555555555555556	24.662662337635954	54	0	54	0	24.25	29.75	29.75
empirical	user_msa	Phala.08G200500_Phala.08G200500.1	Phala.08G200500_Phala.08G200500.1	4	4	unique	4	4	4	0.009569377990430622	9	419	27.555555555555557	24.662662337635954	1.0	54.0	53.0	4	0.4444444444444444	0.5555555555555556	24.662662337635954	1	1	1	1	30.875	-29.875	-29.875
empirical	user_msa	Phala.08G200500_Phala.08G200500.3	Phala.08G200500_Phala.08G200500.3	4	4	unique	4	4	4	0.009569377990430622	9	419	27.555555555555557	24.662662337635954	1.0	54.0	53.0	4	0.4444444444444444	0.5555555555555556	24.662662337635954	1	1	1	1	30.875	-29.875	-29.875
empirical	user_msa	Phala.08G200500_Phala.08G200500.2	Phala.08G200500_Phala.08G200500.2	4	4	unique	4	4	4	0.009569377990430622	9	419	27.555555555555557	24.662662337635954	1.0	54.0	53.0	4	0.4444444444444444	0.5555555555555556	24.662662337635954	1	1	1	1	30.875	-29.875	-29.875
empirical	user_msa	HORVU.MOREX.r3.6HG0571560_HORVU.MOREX.r3.6HG0571560.1	HORVU.MOREX.r3.6HG0571560_HORVU.MOREX.r3.6HG0571560.1	4	4	unique	4	4	4	0.009569377990430622	9	419	27.555555555555557	24.662662337635954	1.0	54.0	53.0	4	0.4444444444444444	0.5555555555555556	24.662662337635954	53	0	53	0	24.375	28.625	28.625
empirical	user_msa	TraesCS6A03G0381800_TraesCS6A03G0381800.1	TraesCS6A03G0381800_TraesCS6A03G0381800.1	4	4	unique	4	4	4	0.009569377990430622	9	419	27.555555555555557	24.662662337635954	1.0	54.0	53.0	4	0.4444444444444444	0.5555555555555556	24.662662337635954	53	0	53	0	24.375	28.625	28.625
empirical	user_msa	Thint.S06G201700_Thint.S06G201700.1	Thint.S06G201700_Thint.S06G201700.1	4	4	unique	4	4	4	0.009569377990430622	9	419	27.555555555555557	24.662662337635954	1.0	54.0	53.0	4	0.4444444444444444	0.5555555555555556	24.662662337635954	53	0	53	0	24.375	28.625	28.625
empirical	user_msa	LOC_Os02g07490_LOC_Os02g07490.1	LOC_Os02g07490_LOC_Os02g07490.1	5	5	unique	5	5	5	0.011961722488038277	9	419	28.555555555555557	24.770552010675505	1.0	56.0	55.0	4	0.4444444444444444	0.5555555555555556	24.770552010675505	53	0	53	0	25.5	27.5	27.5
empirical	user_msa	Oropetium_20150105_02675_Oropetium_20150105_02675A	Oropetium_20150105_02675_Oropetium_20150105_02675A	5	5	unique	5	5	5	0.011961722488038277	9	419	28.555555555555557	24.770552010675505	1.0	56.0	55.0	4	0.4444444444444444	0.5555555555555556	24.770552010675505	1	1	1	1	32.0	-31.0	-31.0
empirical	user_msa	ELECO.r07.2AG0102970_ELECO.r07.2AG0102970.1	ELECO.r07.2AG0102970_ELECO.r07.2AG0102970.1	5	5	unique	5	5	5	0.011961722488038277	9	419	28.555555555555557	24.770552010675505	1.0	56.0	55.0	4	0.4444444444444444	0.5555555555555556	24.770552010675505	56	0	56	0	25.125	30.875	30.875
empirical	user_msa	Phala.08G200500_Phala.08G200500.1	Phala.08G200500_Phala.08G200500.1	5	5	unique	5	5	5	0.011961722488038277	9	419	28.555555555555557	24.770552010675505	1.0	56.0	55.0	4	0.4444444444444444	0.5555555555555556	24.770552010675505	1	1	1	1	32.0	-31.0	-31.0
empirical	user_msa	Phala.08G200500_Phala.08G200500.3	Phala.08G200500_Phala.08G200500.3	5	5	unique	5	5	5	0.011961722488038277	9	419	28.555555555555557	24.770552010675505	1.0	56.0	55.0	4	0.4444444444444444	0.5555555555555556	24.770552010675505	1	1	1	1	32.0	-31.0	-31.0
empirical	user_msa	Phala.08G200500_Phala.08G200500.2	Phala.08G200500_Phala.08G200500.2	5	5	unique	5	5	5	0.011961722488038277	9	419	28.555555555555557	24.770552010675505	1.0	56.0	55.0	4	0.4444444444444444	0.5555555555555556	24.770552010675505	1	1	1	1	32.0	-31.0	-31.0
empirical	user_msa	HORVU.MOREX.r3.6HG0571560_HORVU.MOREX.r3.6HG0571560.1	HORVU.MOREX.r3.6HG0571560_HORVU.MOREX.r3.6HG0571560.1	5	5	unique	5	5	5	0.011961722488038277	9	419	28.555555555555557	24.770552010675505	1.0	56.0	55.0	4	0.4444444444444444	0.5555555555555556	24.770552010675505	48	0	48	0	26.125	21.875	21.875
empirical	user_msa	TraesCS6A03G0381800_TraesCS6A03G0381800.1	TraesCS6A03G0381800_TraesCS6A03G0381800.1	5	5	unique	5	5	5	0.011961722488038277	9	419	28.555555555555557	24.770552010675505	1.0	56.0	55.0	4	0.4444444444444444	0.5555555555555556	24.770552010675505	48	0	48	0	26.125	21.875	21.875
empirical	user_msa	Thint.S06G201700_Thint.S06G201700.1	Thint.S06G201700_Thint.S06G201700.1	5	5	unique	5	5	5	0.011961722488038277	9	419	28.555555555555557	24.770552010675505	1.0	56.0	55.0	4	0.4444444444444444	0.5555555555555556	24.770552010675505	48	0	48	0	26.125	21.875	21.875
empirical	user_msa	LOC_Os02g07490_LOC_Os02g07490.1	LOC_Os02g07490_LOC_Os02g07490.1	6	6	unique	6	6	6	0.014354066985645933	9	419	18.444444444444443	17.134183578845544	1.0	48.0	47.0	4	0.4444444444444444	0.5555555555555556	17.134183578845544	39	0	39	0	15.875	23.125	23.125
empirical	user_msa	Oropetium_20150105_02675_Oropetium_20150105_02675A	Oropetium_20150105_02675_Oropetium_20150105_02675A	6	6	unique	6	6	6	0.014354066985645933	9	419	18.444444444444443	17.134183578845544	1.0	48.0	47.0	4	0.4444444444444444	0.5555555555555556	17.134183578845544	1	1	1	1	20.625	-19.625	-19.625
empirical	user_msa	ELECO.r07.2AG0102970_ELECO.r07.2AG0102970.1	ELECO.r07.2AG0102970_ELECO.r07.2AG0102970.1	6	6	unique	6	6	6	0.014354066985645933	9	419	18.444444444444443	17.134183578845544	1.0	48.0	47.0	4	0.4444444444444444	0.5555555555555556	17.134183578845544	48	0	48	0	14.75	33.25	33.25
empirical	user_msa	Phala.08G200500_Phala.08G200500.1	Phala.08G200500_Phala.08G200500.1	6	6	unique	6	6	6	0.014354066985645933	9	419	18.444444444444443	17.134183578845544	1.0	48.0	47.0	4	0.4444444444444444	0.5555555555555556	17.134183578845544	1	1	1	1	20.625	-19.625	-19.625
empirical	user_msa	Phala.08G200500_Phala.08G200500.3	Phala.08G200500_Phala.08G200500.3	6	6	unique	6	6	6	0.014354066985645933	9	419	18.444444444444443	17.134183578845544	1.0	48.0	47.0	4	0.4444444444444444	0.5555555555555556	17.134183578845544	1	1	1	1	20.625	-19.625	-19.625
empirical	user_msa	Phala.08G200500_Phala.08G200500.2	Phala.08G200500_Phala.08G200500.2	6	6	unique	6	6	6	0.014354066985645933	9	419	18.444444444444443	17.134183578845544	1.0	48.0	47.0	4	0.4444444444444444	0.5555555555555556	17.134183578845544	1	1	1	1	20.625	-19.625	-19.625
empirical	user_msa	HORVU.MOREX.r3.6HG0571560_HORVU.MOREX.r3.6HG0571560.1	HORVU.MOREX.r3.6HG0571560_HORVU.MOREX.r3.6HG0571560.1	6	6	unique	6	6	6	0.014354066985645933	9	419	18.444444444444443	17.134183578845544	1.0	48.0	47.0	4	0.4444444444444444	0.5555555555555556	17.134183578845544	25	0	25	0	17.625	7.375	7.375
empirical	user_msa	TraesCS6A03G0381800_TraesCS6A03G0381800.1	TraesCS6A03G0381800_TraesCS6A03G0381800.1	6	6	unique	6	6	6	0.014354066985645933	9	419	18.444444444444443	17.134183578845544	1.0	48.0	47.0	4	0.4444444444444444	0.5555555555555556	17.134183578845544	25	0	25	0	17.625	7.375	7.375
empirical	user_msa	Thint.S06G201700_Thint.S06G201700.1	Thint.S06G201700_Thint.S06G201700.1	6	6	unique	6	6	6	0.014354066985645933	9	419	18.444444444444443	17.134183578845544	1.0	48.0	47.0	4	0.4444444444444444	0.5555555555555556	17.134183578845544	25	0	25	0	17.625	7.375	7.375
empirical	user_msa	LOC_Os02g07490_LOC_Os02g07490.1	LOC_Os02g07490_LOC_Os02g07490.1	7	7	unique	7	7	7	0.01674641148325359	9	419	14.666666666666666	13.432961119739923	1.0	31.0	30.0	4	0.4444444444444444	0.5555555555555556	13.432961119739923	23	0	23	0	13.625	9.375	9.375
empirical	user_msa	Oropetium_20150105_02675_Oropetium_20150105_02675A	Oropetium_20150105_02675_Oropetium_20150105_02675A	7	7	unique	7	7	7	0.01674641148325359	9	419	14.666666666666666	13.432961119739923	1.0	31.0	30.0	4	0.4444444444444444	0.5555555555555556	13.432961119739923	1	1	1	1	16.375	-15.375	-15.375
empirical	user_msa	ELECO.r07.2AG0102970_ELECO.r07.2AG0102970.1	ELECO.r07.2AG0102970_ELECO.r07.2AG0102970.1	7	7	unique	7	7	7	0.01674641148325359	9	419	14.666666666666666	13.432961119739923	1.0	31.0	30.0	4	0.4444444444444444	0.5555555555555556	13.432961119739923	12	0	12	0	15.0	-3.0	-3.0
empirical	user_msa	Phala.08G200500_Phala.08G200500.1	Phala.08G200500_Phala.08G200500.1	7	7	unique	7	7	7	0.01674641148325359	9	419	14.666666666666666	13.432961119739923	1.0	31.0	30.0	4	0.4444444444444444	0.5555555555555556	13.432961119739923	1	1	1	1	16.375	-15.375	-15.375
empirical	user_msa	Phala.08G200500_Phala.08G200500.3	Phala.08G200500_Phala.08G200500.3	7	7	unique	7	7	7	0.01674641148325359	9	419	14.666666666666666	13.432961119739923	1.0	31.0	30.0	4	0.4444444444444444	0.5555555555555556	13.432961119739923	1	1	1	1	16.375	-15.375	-15.375
empirical	user_msa	Phala.08G200500_Phala.08G200500.2	Phala.08G200500_Phala.08G200500.2	7	7	unique	7	7	7	0.01674641148325359	9	419	14.666666666666666	13.432961119739923	1.0	31.0	30.0	4	0.4444444444444444	0.5555555555555556	13.432961119739923	1	1	1	1	16.375	-15.375	-15.375
empirical	user_msa	HORVU.MOREX.r3.6HG0571560_HORVU.MOREX.r3.6HG0571560.1	HORVU.MOREX.r3.6HG0571560_HORVU.MOREX.r3.6HG0571560.1	7	7	unique	7	7	7	0.01674641148325359	9	419	14.666666666666666	13.432961119739923	1.0	31.0	30.0	4	0.4444444444444444	0.5555555555555556	13.432961119739923	31	0	31	0	12.625	18.375	18.375
empirical	user_msa	TraesCS6A03G0381800_TraesCS6A03G0381800.1	TraesCS6A03G0381800_TraesCS6A03G0381800.1	7	7	unique	7	7	7	0.01674641148325359	9	419	14.666666666666666	13.432961119739923	1.0	31.0	30.0	4	0.4444444444444444	0.5555555555555556	13.432961119739923	31	0	31	0	12.625	18.375	18.375
empirical	user_msa	Thint.S06G201700_Thint.S06G201700.1	Thint.S06G201700_Thint.S06G201700.1	7	7	unique	7	7	7	0.01674641148325359	9	419	14.666666666666666	13.432961119739923	1.0	31.0	30.0	4	0.4444444444444444	0.5555555555555556	13.432961119739923	31	0	31	0	12.625	18.375	18.375
empirical	user_msa	LOC_Os02g07490_LOC_Os02g07490.1	LOC_Os02g07490_LOC_Os02g07490.1	8	8	unique	8	8	8	0.019138755980861243	9	419	17.333333333333332	18.879736344675063	1.0	60.0	59.0	4	0.4444444444444444	0.5555555555555556	18.879736344675063	60	0	60	0	12.0	48.0	48.0
empirical	user_msa	Oropetium_20150105_02675_Oropetium_20150105_02675A	Oropetium_20150105_02675_Oropetium_20150105_02675A	8	8	unique	8	8	8	0.019138755980861243	9	419	17.333333333333332	18.879736344675063	1.0	60.0	59.0	4	0.4444444444444444	0.5555555555555556	18.879736344675063	1	1	1	1	19.375	-18.375	-18.375
empirical	user_msa	ELECO.r07.2AG0102970_ELECO.r07.2AG0102970.1	ELECO.r07.2AG0102970_ELECO.r07.2AG0102970.1	8	8	unique	8	8	8	0.019138755980861243	9	419	17.333333333333332	18.879736344675063	1.0	60.0	59.0	4	0.4444444444444444	0.5555555555555556	18.879736344675063	11	0	11	0	18.125	-7.125	-7.125
empirical	user_msa	Phala.08G200500_Phala.08G200500.1	Phala.08G200500_Phala.08G200500.1	8	8	unique	8	8	8	0.019138755980861243	9	419	17.333333333333332	18.879736344675063	1.0	60.0	59.0	4	0.4444444444444444	0.5555555555555556	18.879736344675063	1	1	1	1	19.375	-18.375	-18.375
empirical	user_msa	Phala.08G200500_Phala.08G200500.3	Phala.08G200500_Phala.08G200500.3	8	8	unique	8	8	8	0.019138755980861243	9	419	17.333333333333332	18.879736344675063	1.0	60.0	59.0	4	0.4444444444444444	0.5555555555555556	18.879736344675063	1	1	1	1	19.375	-18.375	-18.375
empirical	user_msa	Phala.08G200500_Phala.08G200500.2	Phala.08G200500_Phala.08G200500.2	8	8	unique	8	8	8	0.019138755980861243	9	419	17.333333333333332	18.879736344675063	1.0	60.0	59.0	4	0.4444444444444444	0.5555555555555556	18.879736344675063	1	1	1	1	19.375	-18.375	-18.375
empirical	user_msa	HORVU.MOREX.r3.6HG0571560_HORVU.MOREX.r3.6HG0571560.1	HORVU.MOREX.r3.6HG0571560_HORVU.MOREX.r3.6HG0571560.1	8	8	unique	8	8	8	0.019138755980861243	9	419	17.333333333333332	18.879736344675063	1.0	60.0	59.0	4	0.4444444444444444	0.5555555555555556	18.879736344675063	27	0	27	0	16.125	10.875	10.875
empirical	user_msa	TraesCS6A03G0381800_TraesCS6A03G0381800.1	TraesCS6A03G0381800_TraesCS6A03G0381800.1	8	8	unique	8	8	8	0.019138755980861243	9	419	17.333333333333332	18.879736344675063	1.0	60.0	59.0	4	0.4444444444444444	0.5555555555555556	18.879736344675063	27	0	27	0	16.125	10.875	10.875
empirical	user_msa	Thint.S06G201700_Thint.S06G201700.1	Thint.S06G201700_Thint.S06G201700.1	8	8	unique	8	8	8	0.019138755980861243	9	419	17.333333333333332	18.879736344675063	1.0	60.0	59.0	4	0.4444444444444444	0.5555555555555556	18.879736344675063	27	0	27	0	16.125	10.875	10.875
empirical	user_msa	LOC_Os02g07490_LOC_Os02g07490.1	LOC_Os02g07490_LOC_Os02g07490.1	9	9	unique	9	9	9	0.0215311004784689	9	419	6.555555555555555	7.7618885318102135	1.0	27.0	26.0	3	0.4444444444444444	0.5555555555555556	7.7618885318102135	27	0	27	0	4.0	23.0	23.0
empirical	user_msa	Oropetium_20150105_02675_Oropetium_20150105_02675A	Oropetium_20150105_02675_Oropetium_20150105_02675A	9	9	unique	9	9	9	0.0215311004784689	9	419	6.555555555555555	7.7618885318102135	1.0	27.0	26.0	3	0.4444444444444444	0.5555555555555556	7.7618885318102135	1	1	1	1	7.25	-6.25	-6.25
empirical	user_msa	ELECO.r07.2AG0102970_ELECO.r07.2AG0102970.1	ELECO.r07.2AG0102970_ELECO.r07.2AG0102970.1	9	9	unique	9	9	9	0.0215311004784689	9	419	6.555555555555555	7.7618885318102135	1.0	27.0	26.0	3	0.4444444444444444	0.5555555555555556	7.7618885318102135	7	0	7	0	6.5	0.5	0.5
empirical	user_msa	Phala.08G200500_Phala.08G200500.1	Phala.08G200500_Phala.08G200500.1	9	9	unique	9	9	9	0.0215311004784689	9	419	6.555555555555555	7.7618885318102135	1.0	27.0	26.0	3	0.4444444444444444	0.5555555555555556	7.7618885318102135	1	1	1	1	7.25	-6.25	-6.25
empirical	user_msa	Phala.08G200500_Phala.08G200500.3	Phala.08G200500_Phala.08G200500.3	9	9	unique	9	9	9	0.0215311004784689	9	419	6.555555555555555	7.7618885318102135	1.0	27.0	26.0	3	0.4444444444444444	0.5555555555555556	7.7618885318102135	1	1	1	1	7.25	-6.25	-6.25
empirical	user_msa	Phala.08G200500_Phala.08G200500.2	Phala.08G200500_Phala.08G200500.2	9	9	unique	9	9	9	0.0215311004784689	9	419	6.555555555555555	7.7618885318102135	1.0	27.0	26.0	3	0.4444444444444444	0.5555555555555556	7.7618885318102135	1	1	1	1	7.25	-6.25	-6.25
empirical	user_msa	HORVU.MOREX.r3.6HG0571560_HORVU.MOREX.r3.6HG0571560.1	HORVU.MOREX.r3.6HG0571560_HORVU.MOREX.r3.6HG0571560.1	9	9	unique	9	9	9	0.0215311004784689	9	419	6.555555555555555	7.7618885318102135	1.0	27.0	26.0	3	0.4444444444444444	0.5555555555555556	7.7618885318102135	7	0	7	0	6.5	0.5	0.5
empirical	user_msa	TraesCS6A03G0381800_TraesCS6A03G0381800.1	TraesCS6A03G0381800_TraesCS6A03G0381800.1	9	9	unique	9	9	9	0.0215311004784689	9	419	6.555555555555555	7.7618885318102135	1.0	27.0	26.0	3	0.4444444444444444	0.5555555555555556	7.7618885318102135	7	0	7	0	6.5	0.5	0.5
empirical	user_msa	Thint.S06G201700_Thint.S06G201700.1	Thint.S06G201700_Thint.S06G201700.1	9	9	unique	9	9	9	0.0215311004784689	9	419	6.555555555555555	7.7618885318102135	1.0	27.0	26.0	3	0.4444444444444444	0.5555555555555556	7.7618885318102135	7	0	7	0	6.5	0.5	0.5
empirical	user_msa	LOC_Os02g07490_LOC_Os02g07490.1	LOC_Os02g07490_LOC_Os02g07490.1	10	10	unique	10	10	10	0.023923444976076555	9	419	22.88888888888889	19.604106397750474	1.0	43.0	42.0	4	0.4444444444444444	0.5555555555555556	19.604106397750474	39	0	39	0	20.875	18.125	18.125
empirical	user_msa	Oropetium_20150105_02675_Oropetium_20150105_02675A	Oropetium_20150105_02675_Oropetium_20150105_02675A	10	10	unique	10	10	10	0.023923444976076555	9	419	22.88888888888889	19.604106397750474	1.0	43.0	42.0	4	0.4444444444444444	0.5555555555555556	19.604106397750474	1	1	1	1	25.625	-24.625	-24.625
empirical	user_msa	ELECO.r07.2AG0102970_ELECO.r07.2AG0102970.1	ELECO.r07.2AG0102970_ELECO.r07.2AG0102970.1	10	10	unique	10	10	10	0.023923444976076555	9	419	22.88888888888889	19.604106397750474	1.0	43.0	42.0	4	0.4444444444444444	0.5555555555555556	19.604106397750474	43	0	43	0	20.375	22.625	22.625
empirical	user_msa	Phala.08G200500_Phala.08G200500.1	Phala.08G200500_Phala.08G200500.1	10	10	unique	10	10	10	0.023923444976076555	9	419	22.88888888888889	19.604106397750474	1.0	43.0	42.0	4	0.4444444444444444	0.5555555555555556	19.604106397750474	1	1	1	1	25.625	-24.625	-24.625
empirical	user_msa	Phala.08G200500_Phala.08G200500.3	Phala.08G200500_Phala.08G200500.3	10	10	unique	10	10	10	0.023923444976076555	9	419	22.88888888888889	19.604106397750474	1.0	43.0	42.0	4	0.4444444444444444	0.5555555555555556	19.604106397750474	1	1	1	1	25.625	-24.625	-24.625
empirical	user_msa	Phala.08G200500_Phala.08G200500.2	Phala.08G200500_Phala.08G200500.2	10	10	unique	10	10	10	0.023923444976076555	9	419	22.88888888888889	19.604106397750474	1.0	43.0	42.0	4	0.4444444444444444	0.5555555555555556	19.604106397750474	1	1	1	1	25.625	-24.625	-24.625
empirical	user_msa	HORVU.MOREX.r3.6HG0571560_HORVU.MOREX.r3.6HG0571560.1	HORVU.MOREX.r3.6HG0571560_HORVU.MOREX.r3.6HG0571560.1	10	10	unique	10	10	10	0.023923444976076555	9	419	22.88888888888889	19.604106397750474	1.0	43.0	42.0	4	0.4444444444444444	0.5555555555555556	19.604106397750474	40	0	40	0	20.75	19.25	19.25
empirical	user_msa	TraesCS6A03G0381800_TraesCS6A03G0381800.1	TraesCS6A03G0381800_TraesCS6A03G0381800.1	10	10	unique	10	10	10	0.023923444976076555	9	419	22.88888888888889	19.604106397750474	1.0	43.0	42.0	4	0.4444444444444444	0.5555555555555556	19.604106397750474	40	0	40	0	20.75	19.25	19.25
empirical	user_msa	Thint.S06G201700_Thint.S06G201700.1	Thint.S06G201700_Thint.S06G201700.1	10	10	unique	10	10	10	0.023923444976076555	9	419	22.88888888888889	19.604106397750474	1.0	43.0	42.0	4	0.4444444444444444	0.5555555555555556	19.604106397750474	40	0	40	0	20.75	19.25	19.25
empirical	user_msa	LOC_Os02g07490_LOC_Os02g07490.1	LOC_Os02g07490_LOC_Os02g07490.1	11	11	unique	11	11	11	0.02631578947368421	9	419	23.88888888888889	20.797673184194025	1.0	52.0	51.0	4	0.4444444444444444	0.5555555555555556	20.797673184194025	39	0	39	0	22.0	17.0	17.0
empirical	user_msa	Oropetium_20150105_02675_Oropetium_20150105_02675A	Oropetium_20150105_02675_Oropetium_20150105_02675A	11	11	unique	11	11	11	0.02631578947368421	9	419	23.88888888888889	20.797673184194025	1.0	52.0	51.0	4	0.4444444444444444	0.5555555555555556	20.797673184194025	1	1	1	1	26.75	-25.75	-25.75
empirical	user_msa	ELECO.r07.2AG0102970_ELECO.r07.2AG0102970.1	ELECO.r07.2AG0102970_ELECO.r07.2AG0102970.1	11	11	unique	11	11	11	0.02631578947368421	9	419	23.88888888888889	20.797673184194025	1.0	52.0	51.0	4	0.4444444444444444	0.5555555555555556	20.797673184194025	52	0	52	0	20.375	31.625	31.625
empirical	user_msa	Phala.08G200500_Phala.08G200500.1	Phala.08G200500_Phala.08G200500.1	11	11	unique	11	11	11	0.02631578947368421	9	419	23.88888888888889	20.797673184194025	1.0	52.0	51.0	4	0.4444444444444444	0.5555555555555556	20.797673184194025	1	1	1	1	26.75	-25.75	-25.75
empirical	user_msa	Phala.08G200500_Phala.08G200500.3	Phala.08G200500_Phala.08G200500.3	11	11	unique	11	11	11	0.02631578947368421	9	419	23.88888888888889	20.797673184194025	1.0	52.0	51.0	4	0.4444444444444444	0.5555555555555556	20.797673184194025	1	1	1	1	26.75	-25.75	-25.75
empirical	user_msa	Phala.08G200500_Phala.08G200500.2	Phala.08G200500_Phala.08G200500.2	11	11	unique	11	11	11	0.02631578947368421	9	419	23.88888888888889	20.797673184194025	1.0	52.0	51.0	4	0.4444444444444444	0.5555555555555556	20.797673184194025	1	1	1	1	26.75	-25.75	-25.75
empirical	user_msa	HORVU.MOREX.r3.6HG0571560_HORVU.MOREX.r3.6HG0571560.1	HORVU.MOREX.r3.6HG0571560_HORVU.MOREX.r3.6HG0571560.1	11	11	unique	11	11	11	0.02631578947368421	9	419	23.88888888888889	20.797673184194025	1.0	52.0	51.0	4	0.4444444444444444	0.5555555555555556	20.797673184194025	40	0	40	0	21.875	18.125	18.125
empirical	user_msa	TraesCS6A03G0381800_TraesCS6A03G0381800.1	TraesCS6A03G0381800_TraesCS6A03G0381800.1	11	11	unique	11	11	11	0.02631578947368421	9	419	23.88888888888889	20.797673184194025	1.0	52.0	51.0	4	0.4444444444444444	0.5555555555555556	20.797673184194025	40	0	40	0	21.875	18.125	18.125
empirical	user_msa	Thint.S06G201700_Thint.S06G201700.1	Thint.S06G201700_Thint.S06G201700.1	11	11	unique	11	11	11	0.02631578947368421	9	419	23.88888888888889	20.797673184194025	1.0	52.0	51.0	4	0.4444444444444444	0.5555555555555556	20.797673184194025	40	0	40	0	21.875	18.125	18.125
empirical	user_msa	LOC_Os02g07490_LOC_Os02g07490.1	LOC_Os02g07490_LOC_Os02g07490.1	12	12	unique	12	12	12	0.028708133971291867	9	419	22.444444444444443	19.189760644162472	1.0	41.0	40.0	4	0.4444444444444444	0.5555555555555556	19.189760644162472	40	0	40	0	20.25	19.75	19.75
empirical	user_msa	Oropetium_20150105_02675_Oropetium_20150105_02675A	Oropetium_20150105_02675_Oropetium_20150105_02675A	12	12	unique	12	12	12	0.028708133971291867	9	419	22.444444444444443	19.189760644162472	1.0	41.0	40.0	4	0.4444444444444444	0.5555555555555556	19.189760644162472	1	1	1	1	25.125	-24.125	-24.125
empirical	user_msa	ELECO.r07.2AG0102970_ELECO.r07.2AG0102970.1	ELECO.r07.2AG0102970_ELECO.r07.2AG0102970.1	12	12	unique	12	12	12	0.028708133971291867	9	419	22.444444444444443	19.189760644162472	1.0	41.0	40.0	4	0.4444444444444444	0.5555555555555556	19.189760644162472	41	0	41	0	20.125	20.875	20.875
empirical	user_msa	Phala.08G200500_Phala.08G200500.1	Phala.08G200500_Phala.08G200500.1	12	12	unique	12	12	12	0.028708133971291867	9	419	22.444444444444443	19.189760644162472	1.0	41.0	40.0	4	0.4444444444444444	0.5555555555555556	19.189760644162472	1	1	1	1	25.125	-24.125	-24.125
empirical	user_msa	Phala.08G200500_Phala.08G200500.3	Phala.08G200500_Phala.08G200500.3	12	12	unique	12	12	12	0.028708133971291867	9	419	22.444444444444443	19.189760644162472	1.0	41.0	40.0	4	0.4444444444444444	0.5555555555555556	19.189760644162472	1	1	1	1	25.125	-24.125	-24.125
empirical	user_msa	Phala.08G200500_Phala.08G200500.2	Phala.08G200500_Phala.08G200500.2	12	12	unique	12	12	12	0.028708133971291867	9	419	22.444444444444443	19.189760644162472	1.0	41.0	40.0	4	0.4444444444444444	0.5555555555555556	19.189760644162472	1	1	1	1	25.125	-24.125	-24.125
empirical	user_msa	HORVU.MOREX.r3.6HG0571560_HORVU.MOREX.r3.6HG0571560.1	HORVU.MOREX.r3.6HG0571560_HORVU.MOREX.r3.6HG0571560.1	12	12	unique	12	12	12	0.028708133971291867	9	419	22.444444444444443	19.189760644162472	1.0	41.0	40.0	4	0.4444444444444444	0.5555555555555556	19.189760644162472	39	0	39	0	20.375	18.625	18.625
empirical	user_msa	TraesCS6A03G0381800_TraesCS6A03G0381800.1	TraesCS6A03G0381800_TraesCS6A03G0381800.1	12	12	unique	12	12	12	0.028708133971291867	9	419	22.444444444444443	19.189760644162472	1.0	41.0	40.0	4	0.4444444444444444	0.5555555555555556	19.189760644162472	39	0	39	0	20.375	18.625	18.625
empirical	user_msa	Thint.S06G201700_Thint.S06G201700.1	Thint.S06G201700_Thint.S06G201700.1	12	12	unique	12	12	12	0.028708133971291867	9	419	22.444444444444443	19.189760644162472	1.0	41.0	40.0	4	0.4444444444444444	0.5555555555555556	19.189760644162472	39	0	39	0	20.375	18.625	18.625
empirical	user_msa	LOC_Os02g07490_LOC_Os02g07490.1	LOC_Os02g07490_LOC_Os02g07490.1	13	13	unique	13	13	13	0.03110047846889952	9	419	15.777777777777779	14.226561837928202	1.0	39.0	38.0	5	0.4444444444444444	0.5555555555555556	14.226561837928202	39	0	39	0	12.875	26.125	26.125
empirical	user_msa	Oropetium_20150105_02675_Oropetium_20150105_02675A	Oropetium_20150105_02675_Oropetium_20150105_02675A	13	13	unique	13	13	13	0.03110047846889952	9	419	15.777777777777779	14.226561837928202	1.0	39.0	38.0	5	0.4444444444444444	0.5555555555555556	14.226561837928202	1	1	1	1	17.625	-16.625	-16.625
empirical	user_msa	ELECO.r07.2AG0102970_ELECO.r07.2AG0102970.1	ELECO.r07.2AG0102970_ELECO.r07.2AG0102970.1	13	13	unique	13	13	13	0.03110047846889952	9	419	15.777777777777779	14.226561837928202	1.0	39.0	38.0	5	0.4444444444444444	0.5555555555555556	14.226561837928202	19	0	19	0	15.375	3.625	3.625
empirical	user_msa	Phala.08G200500_Phala.08G200500.1	Phala.08G200500_Phala.08G200500.1	13	13	unique	13	13	13	0.03110047846889952	9	419	15.777777777777779	14.226561837928202	1.0	39.0	38.0	5	0.4444444444444444	0.5555555555555556	14.226561837928202	1	1	1	1	17.625	-16.625	-16.625
empirical	user_msa	Phala.08G200500_Phala.08G200500.3	Phala.08G200500_Phala.08G200500.3	13	13	unique	13	13	13	0.03110047846889952	9	419	15.777777777777779	14.226561837928202	1.0	39.0	38.0	5	0.4444444444444444	0.5555555555555556	14.226561837928202	1	1	1	1	17.625	-16.625	-16.625
empirical	user_msa	Phala.08G200500_Phala.08G200500.2	Phala.08G200500_Phala.08G200500.2	13	13	unique	13	13	13	0.03110047846889952	9	419	15.777777777777779	14.226561837928202	1.0	39.0	38.0	5	0.4444444444444444	0.5555555555555556	14.226561837928202	1	1	1	1	17.625	-16.625	-16.625
empirical	user_msa	HORVU.MOREX.r3.6HG0571560_HORVU.MOREX.r3.6HG0571560.1	HORVU.MOREX.r3.6HG0571560_HORVU.MOREX.r3.6HG0571560.1	13	13	unique	13	13	13	0.03110047846889952	9	419	15.777777777777779	14.226561837928202	1.0	39.0	38.0	5	0.4444444444444444	0.5555555555555556	14.226561837928202	24	0	24	0	14.75	9.25	9.25
empirical	user_msa	TraesCS6A03G0381800_TraesCS6A03G0381800.1	TraesCS6A03G0381800_TraesCS6A03G0381800.1	13	13	unique	13	13	13	0.03110047846889952	9	419	15.777777777777779	14.226561837928202	1.0	39.0	38.0	5	0.4444444444444444	0.5555555555555556	14.226561837928202	32	0	32	0	13.75	18.25	18.25
empirical	user_msa	Thint.S06G201700_Thint.S06G201700.1	Thint.S06G201700_Thint.S06G201700.1	13	13	unique	13	13	13	0.03110047846889952	9	419	15.777777777777779	14.226561837928202	1.0	39.0	38.0	5	0.4444444444444444	0.5555555555555556	14.226561837928202	24	0	24	0	14.75	9.25	9.25
empirical	user_msa	LOC_Os02g07490_LOC_Os02g07490.1	LOC_Os02g07490_LOC_Os02g07490.1	14	14	unique	14	14	14	0.03349282296650718	9	419	29.11111111111111	25.65776661469819	1.0	60.0	59.0	4	0.4444444444444444	0.5555555555555556	25.65776661469819	39	0	39	0	27.875	11.125	11.125
empirical	user_msa	Oropetium_20150105_02675_Oropetium_20150105_02675A	Oropetium_20150105_02675_Oropetium_20150105_02675A	14	14	unique	14	14	14	0.03349282296650718	9	419	29.11111111111111	25.65776661469819	1.0	60.0	59.0	4	0.4444444444444444	0.5555555555555556	25.65776661469819	1	1	1	1	32.625	-31.625	-31.625
empirical	user_msa	ELECO.r07.2AG0102970_ELECO.r07.2AG0102970.1	ELECO.r07.2AG0102970_ELECO.r07.2AG0102970.1	14	14	unique	14	14	14	0.03349282296650718	9	419	29.11111111111111	25.65776661469819	1.0	60.0	59.0	4	0.4444444444444444	0.5555555555555556	25.65776661469819	60	0	60	0	25.25	34.75	34.75
empirical	user_msa	Phala.08G200500_Phala.08G200500.1	Phala.08G200500_Phala.08G200500.1	14	14	unique	14	14	14	0.03349282296650718	9	419	29.11111111111111	25.65776661469819	1.0	60.0	59.0	4	0.4444444444444444	0.5555555555555556	25.65776661469819	1	1	1	1	32.625	-31.625	-31.625
empirical	user_msa	Phala.08G200500_Phala.08G200500.3	Phala.08G200500_Phala.08G200500.3	14	14	unique	14	14	14	0.03349282296650718	9	419	29.11111111111111	25.65776661469819	1.0	60.0	59.0	4	0.4444444444444444	0.5555555555555556	25.65776661469819	1	1	1	1	32.625	-31.625	-31.625
empirical	user_msa	Phala.08G200500_Phala.08G200500.2	Phala.08G200500_Phala.08G200500.2	14	14	unique	14	14	14	0.03349282296650718	9	419	29.11111111111111	25.65776661469819	1.0	60.0	59.0	4	0.4444444444444444	0.5555555555555556	25.65776661469819	1	1	1	1	32.625	-31.625	-31.625
empirical	user_msa	HORVU.MOREX.r3.6HG0571560_HORVU.MOREX.r3.6HG0571560.1	HORVU.MOREX.r3.6HG0571560_HORVU.MOREX.r3.6HG0571560.1	14	14	unique	14	14	14	0.03349282296650718	9	419	29.11111111111111	25.65776661469819	1.0	60.0	59.0	4	0.4444444444444444	0.5555555555555556	25.65776661469819	53	0	53	0	26.125	26.875	26.875
empirical	user_msa	TraesCS6A03G0381800_TraesCS6A03G0381800.1	TraesCS6A03G0381800_TraesCS6A03G0381800.1	14	14	unique	14	14	14	0.03349282296650718	9	419	29.11111111111111	25.65776661469819	1.0	60.0	59.0	4	0.4444444444444444	0.5555555555555556	25.65776661469819	53	0	53	0	26.125	26.875	26.875
empirical	user_msa	Thint.S06G201700_Thint.S06G201700.1	Thint.S06G201700_Thint.S06G201700.1	14	14	unique	14	14	14	0.03349282296650718	9	419	29.11111111111111	25.65776661469819	1.0	60.0	59.0	4	0.4444444444444444	0.5555555555555556	25.65776661469819	53	0	53	0	26.125	26.875	26.875
empirical	user_msa	LOC_Os02g07490_LOC_Os02g07490.1	LOC_Os02g07490_LOC_Os02g07490.1	15	15	unique	15	15	15	0.03588516746411483	9	419	27.88888888888889	24.415133942538564	1.0	54.0	53.0	4	0.4444444444444444	0.5555555555555556	24.415133942538564	42	0	42	0	26.125	15.875	15.875
empirical	user_msa	Oropetium_20150105_02675_Oropetium_20150105_02675A	Oropetium_20150105_02675_Oropetium_20150105_02675A	15	15	unique	15	15	15	0.03588516746411483	9	419	27.88888888888889	24.415133942538564	1.0	54.0	53.0	4	0.4444444444444444	0.5555555555555556	24.415133942538564	1	1	1	1	31.25	-30.25	-30.25
empirical	user_msa	ELECO.r07.2AG0102970_ELECO.r07.2AG0102970.1	ELECO.r07.2AG0102970_ELECO.r07.2AG0102970.1	15	15	unique	15	15	15	0.03588516746411483	9	419	27.88888888888889	24.415133942538564	1.0	54.0	53.0	4	0.4444444444444444	0.5555555555555556	24.415133942538564	43	0	43	0	26.0	17.0	17.0
empirical	user_msa	Phala.08G200500_Phala.08G200500.1	Phala.08G200500_Phala.08G200500.1	15	15	unique	15	15	15	0.03588516746411483	9	419	27.88888888888889	24.415133942538564	1.0	54.0	53.0	4	0.4444444444444444	0.5555555555555556	24.415133942538564	1	1	1	1	31.25	-30.25	-30.25
empirical	user_msa	Phala.08G200500_Phala.08G200500.3	Phala.08G200500_Phala.08G200500.3	15	15	unique	15	15	15	0.03588516746411483	9	419	27.88888888888889	24.415133942538564	1.0	54.0	53.0	4	0.4444444444444444	0.5555555555555556	24.415133942538564	1	1	1	1	31.25	-30.25	-30.25
empirical	user_msa	Phala.08G200500_Phala.08G200500.2	Phala.08G200500_Phala.08G200500.2	15	15	unique	15	15	15	0.03588516746411483	9	419	27.88888888888889	24.415133942538564	1.0	54.0	53.0	4	0.4444444444444444	0.5555555555555556	24.415133942538564	1	1	1	1	31.25	-30.25	-30.25
empirical	user_msa	HORVU.MOREX.r3.6HG0571560_HORVU.MOREX.r3.6HG0571560.1	HORVU.MOREX.r3.6HG0571560_HORVU.MOREX.r3.6HG0571560.1	15	15	unique	15	15	15	0.03588516746411483	9	419	27.88888888888889	24.415133942538564	1.0	54.0	53.0	4	0.4444444444444444	0.5555555555555556	24.415133942538564	54	0	54	0	24.625	29.375	29.375
empirical	user_msa	TraesCS6A03G0381800_TraesCS6A03G0381800.1	TraesCS6A03G0381800_TraesCS6A03G0381800.1	15	15	unique	15	15	15	0.03588516746411483	9	419	27.88888888888889	24.415133942538564	1.0	54.0	53.0	4	0.4444444444444444	0.5555555555555556	24.415133942538564	54	0	54	0	24.625	29.375	29.375
empirical	user_msa	Thint.S06G201700_Thint.S06G201700.1	Thint.S06G201700_Thint.S06G201700.1	15	15	unique	15	15	15	0.03588516746411483	9	419	27.88888888888889	24.415133942538564	1.0	54.0	53.0	4	0.4444444444444444	0.5555555555555556	24.415133942538564	54	0	54	0	24.625	29.375	29.375
empirical	user_msa	LOC_Os02g07490_LOC_Os02g07490.1	LOC_Os02g07490_LOC_Os02g07490.1	16	16	unique	16	16	16	0.03827751196172249	9	419	24.11111111111111	25.83900773999757	1.0	53.0	52.0	2	0.5555555555555556	0.4444444444444444	25.83900773999757	53	0	53	0	20.5	32.5	32.5
empirical	user_msa	Oropetium_20150105_02675_Oropetium_20150105_02675A	Oropetium_20150105_02675_Oropetium_20150105_02675A	16	16	unique	16	16	16	0.03827751196172249	9	419	24.11111111111111	25.83900773999757	1.0	53.0	52.0	2	0.5555555555555556	0.4444444444444444	25.83900773999757	1	1	1	1	27.0	-26.0	-26.0
empirical	user_msa	ELECO.r07.2AG0102970_ELECO.r07.2AG0102970.1	ELECO.r07.2AG0102970_ELECO.r07.2AG0102970.1	16	16	unique	16	16	16	0.03827751196172249	9	419	24.11111111111111	25.83900773999757	1.0	53.0	52.0	2	0.5555555555555556	0.4444444444444444	25.83900773999757	1	1	1	1	27.0	-26.0	-26.0
empirical	user_msa	Phala.08G200500_Phala.08G200500.1	Phala.08G200500_Phala.08G200500.1	16	16	unique	16	16	16	0.03827751196172249	9	419	24.11111111111111	25.83900773999757	1.0	53.0	52.0	2	0.5555555555555556	0.4444444444444444	25.83900773999757	1	1	1	1	27.0	-26.0	-26.0
empirical	user_msa	Phala.08G200500_Phala.08G200500.3	Phala.08G200500_Phala.08G200500.3	16	16	unique	16	16	16	0.03827751196172249	9	419	24.11111111111111	25.83900773999757	1.0	53.0	52.0	2	0.5555555555555556	0.4444444444444444	25.83900773999757	1	1	1	1	27.0	-26.0	-26.0
empirical	user_msa	Phala.08G200500_Phala.08G200500.2	Phala.08G200500_Phala.08G200500.2	16	16	unique	16	16	16	0.03827751196172249	9	419	24.11111111111111	25.83900773999757	1.0	53.0	52.0	2	0.5555555555555556	0.4444444444444444	25.83900773999757	1	1	1	1	27.0	-26.0	-26.0
empirical	user_msa	HORVU.MOREX.r3.6HG0571560_HORVU.MOREX.r3.6HG0571560.1	HORVU.MOREX.r3.6HG0571560_HORVU.MOREX.r3.6HG0571560.1	16	16	unique	16	16	16	0.03827751196172249	9	419	24.11111111111111	25.83900773999757	1.0	53.0	52.0	2	0.5555555555555556	0.4444444444444444	25.83900773999757	53	0	53	0	20.5	32.5	32.5
empirical	user_msa	TraesCS6A03G0381800_TraesCS6A03G0381800.1	TraesCS6A03G0381800_TraesCS6A03G0381800.1	16	16	unique	16	16	16	0.03827751196172249	9	419	24.11111111111111	25.83900773999757	1.0	53.0	52.0	2	0.5555555555555556	0.4444444444444444	25.83900773999757	53	0	53	0	20.5	32.5	32.5
empirical	user_msa	Thint.S06G201700_Thint.S06G201700.1	Thint.S06G201700_Thint.S06G201700.1	16	16	unique	16	16	16	0.03827751196172249	9	419	24.11111111111111	25.83900773999757	1.0	53.0	52.0	2	0.5555555555555556	0.4444444444444444	25.83900773999757	53	0	53	0	20.5	32.5	32.5
empirical	user_msa	LOC_Os02g07490_LOC_Os02g07490.1	LOC_Os02g07490_LOC_Os02g07490.1	17	17	unique	17	17	17	0.04066985645933014	9	419	15.222222222222221	16.39632599617486	1.0	43.0	42.0	4	0.5555555555555556	0.4444444444444444	16.39632599617486	27	0	27	0	13.75	13.25	13.25
empirical	user_msa	Oropetium_20150105_02675_Oropetium_20150105_02675A	Oropetium_20150105_02675_Oropetium_20150105_02675A	17	17	unique	17	17	17	0.04066985645933014	9	419	15.222222222222221	16.39632599617486	1.0	43.0	42.0	4	0.5555555555555556	0.4444444444444444	16.39632599617486	1	1	1	1	17.0	-16.0	-16.0
empirical	user_msa	ELECO.r07.2AG0102970_ELECO.r07.2AG0102970.1	ELECO.r07.2AG0102970_ELECO.r07.2AG0102970.1	17	17	unique	17	17	17	0.04066985645933014	9	419	15.222222222222221	16.39632599617486	1.0	43.0	42.0	4	0.5555555555555556	0.4444444444444444	16.39632599617486	1	1	1	1	17.0	-16.0	-16.0
empirical	user_msa	Phala.08G200500_Phala.08G200500.1	Phala.08G200500_Phala.08G200500.1	17	17	unique	17	17	17	0.04066985645933014	9	419	15.222222222222221	16.39632599617486	1.0	43.0	42.0	4	0.5555555555555556	0.4444444444444444	16.39632599617486	1	1	1	1	17.0	-16.0	-16.0
empirical	user_msa	Phala.08G200500_Phala.08G200500.3	Phala.08G200500_Phala.08G200500.3	17	17	unique	17	17	17	0.04066985645933014	9	419	15.222222222222221	16.39632599617486	1.0	43.0	42.0	4	0.5555555555555556	0.4444444444444444	16.39632599617486	1	1	1	1	17.0	-16.0	-16.0
empirical	user_msa	Phala.08G200500_Phala.08G200500.2	Phala.08G200500_Phala.08G200500.2	17	17	unique	17	17	17	0.04066985645933014	9	419	15.222222222222221	16.39632599617486	1.0	43.0	42.0	4	0.5555555555555556	0.4444444444444444	16.39632599617486	1	1	1	1	17.0	-16.0	-16.0
empirical	user_msa	HORVU.MOREX.r3.6HG0571560_HORVU.MOREX.r3.6HG0571560.1	HORVU.MOREX.r3.6HG0571560_HORVU.MOREX.r3.6HG0571560.1	17	17	unique	17	17	17	0.04066985645933014	9	419	15.222222222222221	16.39632599617486	1.0	43.0	42.0	4	0.5555555555555556	0.4444444444444444	16.39632599617486	31	0	31	0	13.25	17.75	17.75
empirical	user_msa	TraesCS6A03G0381800_TraesCS6A03G0381800.1	TraesCS6A03G0381800_TraesCS6A03G0381800.1	17	17	unique	17	17	17	0.04066985645933014	9	419	15.222222222222221	16.39632599617486	1.0	43.0	42.0	4	0.5555555555555556	0.4444444444444444	16.39632599617486	43	0	43	0	11.75	31.25	31.25
empirical	user_msa	Thint.S06G201700_Thint.S06G201700.1	Thint.S06G201700_Thint.S06G201700.1	17	17	unique	17	17	17	0.04066985645933014	9	419	15.222222222222221	16.39632599617486	1.0	43.0	42.0	4	0.5555555555555556	0.4444444444444444	16.39632599617486	31	0	31	0	13.25	17.75	17.75
empirical	user_msa	LOC_Os02g07490_LOC_Os02g07490.1	LOC_Os02g07490_LOC_Os02g07490.1	18	18	unique	18	18	18	0.0430622009569378	9	419	17.88888888888889	18.882351809998227	1.0	39.0	38.0	2	0.5555555555555556	0.4444444444444444	18.882351809998227	39	0	39	0	15.25	23.75	23.75
empirical	user_msa	Oropetium_20150105_02675_Oropetium_20150105_02675A	Oropetium_20150105_02675_Oropetium_20150105_02675A	18	18	unique	18	18	18	0.0430622009569378	9	419	17.88888888888889	18.882351809998227	1.0	39.0	38.0	2	0.5555555555555556	0.4444444444444444	18.882351809998227	1	1	1	1	20.0	-19.0	-19.0
empirical	user_msa	ELECO.r07.2AG0102970_ELECO.r07.2AG0102970.1	ELECO.r07.2AG0102970_ELECO.r07.2AG0102970.1	18	18	unique	18	18	18	0.0430622009569378	9	419	17.88888888888889	18.882351809998227	1.0	39.0	38.0	2	0.5555555555555556	0.4444444444444444	18.882351809998227	1	1	1	1	20.0	-19.0	-19.0
empirical	user_msa	Phala.08G200500_Phala.08G200500.1	Phala.08G200500_Phala.08G200500.1	18	18	unique	18	18	18	0.0430622009569378	9	419	17.88888888888889	18.882351809998227	1.0	39.0	38.0	2	0.5555555555555556	0.4444444444444444	18.882351809998227	1	1	1	1	20.0	-19.0	-19.0
empirical	user_msa	Phala.08G200500_Phala.08G200500.3	Phala.08G200500_Phala.08G200500.3	18	18	unique	18	18	18	0.0430622009569378	9	419	17.88888888888889	18.882351809998227	1.0	39.0	38.0	2	0.5555555555555556	0.4444444444444444	18.882351809998227	1	1	1	1	20.0	-19.0	-19.0
empirical	user_msa	Phala.08G200500_Phala.08G200500.2	Phala.08G200500_Phala.08G200500.2	18	18	unique	18	18	18	0.0430622009569378	9	419	17.88888888888889	18.882351809998227	1.0	39.0	38.0	2	0.5555555555555556	0.4444444444444444	18.882351809998227	1	1	1	1	20.0	-19.0	-19.0
empirical	user_msa	HORVU.MOREX.r3.6HG0571560_HORVU.MOREX.r3.6HG0571560.1	HORVU.MOREX.r3.6HG0571560_HORVU.MOREX.r3.6HG0571560.1	18	18	unique	18	18	18	0.0430622009569378	9	419	17.88888888888889	18.882351809998227	1.0	39.0	38.0	2	0.5555555555555556	0.4444444444444444	18.882351809998227	39	0	39	0	15.25	23.75	23.75
empirical	user_msa	TraesCS6A03G0381800_TraesCS6A03G0381800.1	TraesCS6A03G0381800_TraesCS6A03G0381800.1	18	18	unique	18	18	18	0.0430622009569378	9	419	17.88888888888889	18.882351809998227	1.0	39.0	38.0	2	0.5555555555555556	0.4444444444444444	18.882351809998227	39	0	39	0	15.25	23.75	23.75
empirical	user_msa	Thint.S06G201700_Thint.S06G201700.1	Thint.S06G201700_Thint.S06G201700.1	18	18	unique	18	18	18	0.0430622009569378	9	419	17.88888888888889	18.882351809998227	1.0	39.0	38.0	2	0.5555555555555556	0.4444444444444444	18.882351809998227	39	0	39	0	15.25	23.75	23.75
empirical	user_msa	LOC_Os02g07490_LOC_Os02g07490.1	LOC_Os02g07490_LOC_Os02g07490.1	19	19	unique	19	19	19	0.045454545454545456	9	419	14.666666666666666	19.327585352432298	1.0	42.0	41.0	2	0.6666666666666666	0.3333333333333333	19.327585352432298	1	1	1	1	16.375	-15.375	-15.375
empirical	user_msa	Oropetium_20150105_02675_Oropetium_20150105_02675A	Oropetium_20150105_02675_Oropetium_20150105_02675A	19	19	unique	19	19	19	0.045454545454545456	9	419	14.666666666666666	19.327585352432298	1.0	42.0	41.0	2	0.6666666666666666	0.3333333333333333	19.327585352432298	1	1	1	1	16.375	-15.375	-15.375
empirical	user_msa	ELECO.r07.2AG0102970_ELECO.r07.2AG0102970.1	ELECO.r07.2AG0102970_ELECO.r07.2AG0102970.1	19	19	unique	19	19	19	0.045454545454545456	9	419	14.666666666666666	19.327585352432298	1.0	42.0	41.0	2	0.6666666666666666	0.3333333333333333	19.327585352432298	1	1	1	1	16.375	-15.375	-15.375
empirical	user_msa	Phala.08G200500_Phala.08G200500.1	Phala.08G200500_Phala.08G200500.1	19	19	unique	19	19	19	0.045454545454545456	9	419	14.666666666666666	19.327585352432298	1.0	42.0	41.0	2	0.6666666666666666	0.3333333333333333	19.327585352432298	1	1	1	1	16.375	-15.375	-15.375
empirical	user_msa	Phala.08G200500_Phala.08G200500.3	Phala.08G200500_Phala.08G200500.3	19	19	unique	19	19	19	0.045454545454545456	9	419	14.666666666666666	19.327585352432298	1.0	42.0	41.0	2	0.6666666666666666	0.3333333333333333	19.327585352432298	1	1	1	1	16.375	-15.375	-15.375
empirical	user_msa	Phala.08G200500_Phala.08G200500.2	Phala.08G200500_Phala.08G200500.2	19	19	unique	19	19	19	0.045454545454545456	9	419	14.666666666666666	19.327585352432298	1.0	42.0	41.0	2	0.6666666666666666	0.3333333333333333	19.327585352432298	1	1	1	1	16.375	-15.375	-15.375
empirical	user_msa	HORVU.MOREX.r3.6HG0571560_HORVU.MOREX.r3.6HG0571560.1	HORVU.MOREX.r3.6HG0571560_HORVU.MOREX.r3.6HG0571560.1	19	19	unique	19	19	19	0.045454545454545456	9	419	14.666666666666666	19.327585352432298	1.0	42.0	41.0	2	0.6666666666666666	0.3333333333333333	19.327585352432298	42	0	42	0	11.25	30.75	30.75
empirical	user_msa	TraesCS6A03G0381800_TraesCS6A03G0381800.1	TraesCS6A03G0381800_TraesCS6A03G0381800.1	19	19	unique	19	19	19	0.045454545454545456	9	419	14.666666666666666	19.327585352432298	1.0	42.0	41.0	2	0.6666666666666666	0.3333333333333333	19.327585352432298	42	0	42	0	11.25	30.75	30.75
empirical	user_msa	Thint.S06G201700_Thint.S06G201700.1	Thint.S06G201700_Thint.S06G201700.1	19	19	unique	19	19	19	0.045454545454545456	9	419	14.666666666666666	19.327585352432298	1.0	42.0	41.0	2	0.6666666666666666	0.3333333333333333	19.327585352432298	42	0	42	0	11.25	30.75	30.75
empirical	user_msa	LOC_Os02g07490_LOC_Os02g07490.1	LOC_Os02g07490_LOC_Os02g07490.1	20	20	unique	20	20	20	0.04784688995215311	9	419	24.11111111111111	25.83900773999757	1.0	53.0	52.0	2	0.5555555555555556	0.4444444444444444	25.83900773999757	53	0	53	0	20.5	32.5	32.5
empirical	user_msa	Oropetium_20150105_02675_Oropetium_20150105_02675A	Oropetium_20150105_02675_Oropetium_20150105_02675A	20	20	unique	20	20	20	0.04784688995215311	9	419	24.11111111111111	25.83900773999757	1.0	53.0	52.0	2	0.5555555555555556	0.4444444444444444	25.83900773999757	1	1	1	1	27.0	-26.0	-26.0
empirical	user_msa	ELECO.r07.2AG0102970_ELECO.r07.2AG0102970.1	ELECO.r07.2AG0102970_ELECO.r07.2AG0102970.1	20	20	unique	20	20	20	0.04784688995215311	9	419	24.11111111111111	25.83900773999757	1.0	53.0	52.0	2	0.5555555555555556	0.4444444444444444	25.83900773999757	1	1	1	1	27.0	-26.0	-26.0
empirical	user_msa	Phala.08G200500_Phala.08G200500.1	Phala.08G200500_Phala.08G200500.1	20	20	unique	20	20	20	0.04784688995215311	9	419	24.11111111111111	25.83900773999757	1.0	53.0	52.0	2	0.5555555555555556	0.4444444444444444	25.83900773999757	1	1	1	1	27.0	-26.0	-26.0
empirical	user_msa	Phala.08G200500_Phala.08G200500.3	Phala.08G200500_Phala.08G200500.3	20	20	unique	20	20	20	0.04784688995215311	9	419	24.11111111111111	25.83900773999757	1.0	53.0	52.0	2	0.5555555555555556	0.4444444444444444	25.83900773999757	1	1	1	1	27.0	-26.0	-26.0
empirical	user_msa	Phala.08G200500_Phala.08G200500.2	Phala.08G200500_Phala.08G200500.2	20	20	unique	20	20	20	0.04784688995215311	9	419	24.11111111111111	25.83900773999757	1.0	53.0	52.0	2	0.5555555555555556	0.4444444444444444	25.83900773999757	1	1	1	1	27.0	-26.0	-26.0
empirical	user_msa	HORVU.MOREX.r3.6HG0571560_HORVU.MOREX.r3.6HG0571560.1	HORVU.MOREX.r3.6HG0571560_HORVU.MOREX.r3.6HG0571560.1	20	20	unique	20	20	20	0.04784688995215311	9	419	24.11111111111111	25.83900773999757	1.0	53.0	52.0	2	0.5555555555555556	0.4444444444444444	25.83900773999757	53	0	53	0	20.5	32.5	32.5
empirical	user_msa	TraesCS6A03G0381800_TraesCS6A03G0381800.1	TraesCS6A03G0381800_TraesCS6A03G0381800.1	20	20	unique	20	20	20	0.04784688995215311	9	419	24.11111111111111	25.83900773999757	1.0	53.0	52.0	2	0.5555555555555556	0.4444444444444444	25.83900773999757	53	0	53	0	20.5	32.5	32.5
empirical	user_msa	Thint.S06G201700_Thint.S06G201700.1	Thint.S06G201700_Thint.S06G201700.1	20	20	unique	20	20	20	0.04784688995215311	9	419	24.11111111111111	25.83900773999757	1.0	53.0	52.0	2	0.5555555555555556	0.4444444444444444	25.83900773999757	53	0	53	0	20.5	32.5	32.5
empirical	user_msa	LOC_Os02g07490_LOC_Os02g07490.1	LOC_Os02g07490_LOC_Os02g07490.1	21	21	unique	21	21	21	0.050239234449760764	9	419	13.88888888888889	14.820739556029393	1.0	39.0	38.0	3	0.5555555555555556	0.4444444444444444	14.820739556029393	39	0	39	0	10.75	28.25	28.25
empirical	user_msa	Oropetium_20150105_02675_Oropetium_20150105_02675A	Oropetium_20150105_02675_Oropetium_20150105_02675A	21	21	unique	21	21	21	0.050239234449760764	9	419	13.88888888888889	14.820739556029393	1.0	39.0	38.0	3	0.5555555555555556	0.4444444444444444	14.820739556029393	1	1	1	1	15.5	-14.5	-14.5
empirical	user_msa	ELECO.r07.2AG0102970_ELECO.r07.2AG0102970.1	ELECO.r07.2AG0102970_ELECO.r07.2AG0102970.1	21	21	unique	21	21	21	0.050239234449760764	9	419	13.88888888888889	14.820739556029393	1.0	39.0	38.0	3	0.5555555555555556	0.4444444444444444	14.820739556029393	1	1	1	1	15.5	-14.5	-14.5
empirical	user_msa	Phala.08G200500_Phala.08G200500.1	Phala.08G200500_Phala.08G200500.1	21	21	unique	21	21	21	0.050239234449760764	9	419	13.88888888888889	14.820739556029393	1.0	39.0	38.0	3	0.5555555555555556	0.4444444444444444	14.820739556029393	1	1	1	1	15.5	-14.5	-14.5
empirical	user_msa	Phala.08G200500_Phala.08G200500.3	Phala.08G200500_Phala.08G200500.3	21	21	unique	21	21	21	0.050239234449760764	9	419	13.88888888888889	14.820739556029393	1.0	39.0	38.0	3	0.5555555555555556	0.4444444444444444	14.820739556029393	1	1	1	1	15.5	-14.5	-14.5
empirical	user_msa	Phala.08G200500_Phala.08G200500.2	Phala.08G200500_Phala.08G200500.2	21	21	unique	21	21	21	0.050239234449760764	9	419	13.88888888888889	14.820739556029393	1.0	39.0	38.0	3	0.5555555555555556	0.4444444444444444	14.820739556029393	1	1	1	1	15.5	-14.5	-14.5
empirical	user_msa	HORVU.MOREX.r3.6HG0571560_HORVU.MOREX.r3.6HG0571560.1	HORVU.MOREX.r3.6HG0571560_HORVU.MOREX.r3.6HG0571560.1	21	21	unique	21	21	21	0.050239234449760764	9	419	13.88888888888889	14.820739556029393	1.0	39.0	38.0	3	0.5555555555555556	0.4444444444444444	14.820739556029393	27	0	27	0	12.25	14.75	14.75
empirical	user_msa	TraesCS6A03G0381800_TraesCS6A03G0381800.1	TraesCS6A03G0381800_TraesCS6A03G0381800.1	21	21	unique	21	21	21	0.050239234449760764	9	419	13.88888888888889	14.820739556029393	1.0	39.0	38.0	3	0.5555555555555556	0.4444444444444444	14.820739556029393	27	0	27	0	12.25	14.75	14.75
empirical	user_msa	Thint.S06G201700_Thint.S06G201700.1	Thint.S06G201700_Thint.S06G201700.1	21	21	unique	21	21	21	0.050239234449760764	9	419	13.88888888888889	14.820739556029393	1.0	39.0	38.0	3	0.5555555555555556	0.4444444444444444	14.820739556029393	27	0	27	0	12.25	14.75	14.75
empirical	user_msa	LOC_Os02g07490_LOC_Os02g07490.1	LOC_Os02g07490_LOC_Os02g07490.1	22	22	unique	22	22	22	0.05263157894736842	9	419	18.11111111111111	19.13951377789731	1.0	41.0	40.0	3	0.5555555555555556	0.4444444444444444	19.13951377789731	39	0	39	0	15.5	23.5	23.5
empirical	user_msa	Oropetium_20150105_02675_Oropetium_20150105_02675A	Oropetium_20150105_02675_Oropetium_20150105_02675A	22	22	unique	22	22	22	0.05263157894736842	9	419	18.11111111111111	19.13951377789731	1.0	41.0	40.0	3	0.5555555555555556	0.4444444444444444	19.13951377789731	1	1	1	1	20.25	-19.25	-19.25
empirical	user_msa	ELECO.r07.2AG0102970_ELECO.r07.2AG0102970.1	ELECO.r07.2AG0102970_ELECO.r07.2AG0102970.1	22	22	unique	22	22	22	0.05263157894736842	9	419	18.11111111111111	19.13951377789731	1.0	41.0	40.0	3	0.5555555555555556	0.4444444444444444	19.13951377789731	1	1	1	1	20.25	-19.25	-19.25
empirical	user_msa	Phala.08G200500_Phala.08G200500.1	Phala.08G200500_Phala.08G200500.1	22	22	unique	22	22	22	0.05263157894736842	9	419	18.11111111111111	19.13951377789731	1.0	41.0	40.0	3	0.5555555555555556	0.4444444444444444	19.13951377789731	1	1	1	1	20.25	-19.25	-19.25
empirical	user_msa	Phala.08G200500_Phala.08G200500.3	Phala.08G200500_Phala.08G200500.3	22	22	unique	22	22	22	0.05263157894736842	9	419	18.11111111111111	19.13951377789731	1.0	41.0	40.0	3	0.5555555555555556	0.4444444444444444	19.13951377789731	1	1	1	1	20.25	-19.25	-19.25
empirical	user_msa	Phala.08G200500_Phala.08G200500.2	Phala.08G200500_Phala.08G200500.2	22	22	unique	22	22	22	0.05263157894736842	9	419	18.11111111111111	19.13951377789731	1.0	41.0	40.0	3	0.5555555555555556	0.4444444444444444	19.13951377789731	1	1	1	1	20.25	-19.25	-19.25
empirical	user_msa	HORVU.MOREX.r3.6HG0571560_HORVU.MOREX.r3.6HG0571560.1	HORVU.MOREX.r3.6HG0571560_HORVU.MOREX.r3.6HG0571560.1	22	22	unique	22	22	22	0.05263157894736842	9	419	18.11111111111111	19.13951377789731	1.0	41.0	40.0	3	0.5555555555555556	0.4444444444444444	19.13951377789731	41	0	41	0	15.25	25.75	25.75
empirical	user_msa	TraesCS6A03G0381800_TraesCS6A03G0381800.1	TraesCS6A03G0381800_TraesCS6A03G0381800.1	22	22	unique	22	22	22	0.05263157894736842	9	419	18.11111111111111	19.13951377789731	1.0	41.0	40.0	3	0.5555555555555556	0.4444444444444444	19.13951377789731	39	0	39	0	15.5	23.5	23.5
empirical	user_msa	Thint.S06G201700_Thint.S06G201700.1	Thint.S06G201700_Thint.S06G201700.1	22	22	unique	22	22	22	0.05263157894736842	9	419	18.11111111111111	19.13951377789731	1.0	41.0	40.0	3	0.5555555555555556	0.4444444444444444	19.13951377789731	39	0	39	0	15.5	23.5	23.5
empirical	user_msa	LOC_Os02g07490_LOC_Os02g07490.1	LOC_Os02g07490_LOC_Os02g07490.1	23	23	unique	23	23	23	0.05502392344497608	9	419	13.666666666666666	17.913371790059205	1.0	39.0	38.0	2	0.6666666666666666	0.3333333333333333	17.913371790059205	39	0	39	0	10.5	28.5	28.5
empirical	user_msa	Oropetium_20150105_02675_Oropetium_20150105_02675A	Oropetium_20150105_02675_Oropetium_20150105_02675A	23	23	unique	23	23	23	0.05502392344497608	9	419	13.666666666666666	17.913371790059205	1.0	39.0	38.0	2	0.6666666666666666	0.3333333333333333	17.913371790059205	1	1	1	1	15.25	-14.25	-14.25
empirical	user_msa	ELECO.r07.2AG0102970_ELECO.r07.2AG0102970.1	ELECO.r07.2AG0102970_ELECO.r07.2AG0102970.1	23	23	unique	23	23	23	0.05502392344497608	9	419	13.666666666666666	17.913371790059205	1.0	39.0	38.0	2	0.6666666666666666	0.3333333333333333	17.913371790059205	1	1	1	1	15.25	-14.25	-14.25
empirical	user_msa	Phala.08G200500_Phala.08G200500.1	Phala.08G200500_Phala.08G200500.1	23	23	unique	23	23	23	0.05502392344497608	9	419	13.666666666666666	17.913371790059205	1.0	39.0	38.0	2	0.6666666666666666	0.3333333333333333	17.913371790059205	1	1	1	1	15.25	-14.25	-14.25
empirical	user_msa	Phala.08G200500_Phala.08G200500.3	Phala.08G200500_Phala.08G200500.3	23	23	unique	23	23	23	0.05502392344497608	9	419	13.666666666666666	17.913371790059205	1.0	39.0	38.0	2	0.6666666666666666	0.3333333333333333	17.913371790059205	1	1	1	1	15.25	-14.25	-14.25
empirical	user_msa	Phala.08G200500_Phala.08G200500.2	Phala.08G200500_Phala.08G200500.2	23	23	unique	23	23	23	0.05502392344497608	9	419	13.666666666666666	17.913371790059205	1.0	39.0	38.0	2	0.6666666666666666	0.3333333333333333	17.913371790059205	1	1	1	1	15.25	-14.25	-14.25
empirical	user_msa	HORVU.MOREX.r3.6HG0571560_HORVU.MOREX.r3.6HG0571560.1	HORVU.MOREX.r3.6HG0571560_HORVU.MOREX.r3.6HG0571560.1	23	23	unique	23	23	23	0.05502392344497608	9	419	13.666666666666666	17.913371790059205	1.0	39.0	38.0	2	0.6666666666666666	0.3333333333333333	17.913371790059205	39	0	39	0	10.5	28.5	28.5
empirical	user_msa	TraesCS6A03G0381800_TraesCS6A03G0381800.1	TraesCS6A03G0381800_TraesCS6A03G0381800.1	23	23	unique	23	23	23	0.05502392344497608	9	419	13.666666666666666	17.913371790059205	1.0	39.0	38.0	2	0.6666666666666666	0.3333333333333333	17.913371790059205	39	0	39	0	10.5	28.5	28.5
empirical	user_msa	Thint.S06G201700_Thint.S06G201700.1	Thint.S06G201700_Thint.S06G201700.1	23	23	unique	23	23	23	0.05502392344497608	9	419	13.666666666666666	17.913371790059205	1.0	39.0	38.0	2	0.6666666666666666	0.3333333333333333	17.913371790059205	1	1	1	1	15.25	-14.25	-14.25
empirical	user_msa	LOC_Os02g07490_LOC_Os02g07490.1	LOC_Os02g07490_LOC_Os02g07490.1	24	24	unique	24	24	24	0.05741626794258373	9	419	13.666666666666666	17.913371790059205	1.0	39.0	38.0	2	0.6666666666666666	0.3333333333333333	17.913371790059205	39	0	39	0	10.5	28.5	28.5
empirical	user_msa	Oropetium_20150105_02675_Oropetium_20150105_02675A	Oropetium_20150105_02675_Oropetium_20150105_02675A	24	24	unique	24	24	24	0.05741626794258373	9	419	13.666666666666666	17.913371790059205	1.0	39.0	38.0	2	0.6666666666666666	0.3333333333333333	17.913371790059205	1	1	1	1	15.25	-14.25	-14.25
empirical	user_msa	ELECO.r07.2AG0102970_ELECO.r07.2AG0102970.1	ELECO.r07.2AG0102970_ELECO.r07.2AG0102970.1	24	24	unique	24	24	24	0.05741626794258373	9	419	13.666666666666666	17.913371790059205	1.0	39.0	38.0	2	0.6666666666666666	0.3333333333333333	17.913371790059205	1	1	1	1	15.25	-14.25	-14.25
empirical	user_msa	Phala.08G200500_Phala.08G200500.1	Phala.08G200500_Phala.08G200500.1	24	24	unique	24	24	24	0.05741626794258373	9	419	13.666666666666666	17.913371790059205	1.0	39.0	38.0	2	0.6666666666666666	0.3333333333333333	17.913371790059205	1	1	1	1	15.25	-14.25	-14.25
empirical	user_msa	Phala.08G200500_Phala.08G200500.3	Phala.08G200500_Phala.08G200500.3	24	24	unique	24	24	24	0.05741626794258373	9	419	13.666666666666666	17.913371790059205	1.0	39.0	38.0	2	0.6666666666666666	0.3333333333333333	17.913371790059205	1	1	1	1	15.25	-14.25	-14.25
empirical	user_msa	Phala.08G200500_Phala.08G200500.2	Phala.08G200500_Phala.08G200500.2	24	24	unique	24	24	24	0.05741626794258373	9	419	13.666666666666666	17.913371790059205	1.0	39.0	38.0	2	0.6666666666666666	0.3333333333333333	17.913371790059205	1	1	1	1	15.25	-14.25	-14.25
empirical	user_msa	HORVU.MOREX.r3.6HG0571560_HORVU.MOREX.r3.6HG0571560.1	HORVU.MOREX.r3.6HG0571560_HORVU.MOREX.r3.6HG0571560.1	24	24	unique	24	24	24	0.05741626794258373	9	419	13.666666666666666	17.913371790059205	1.0	39.0	38.0	2	0.6666666666666666	0.3333333333333333	17.913371790059205	39	0	39	0	10.5	28.5	28.5
empirical	user_msa	TraesCS6A03G0381800_TraesCS6A03G0381800.1	TraesCS6A03G0381800_TraesCS6A03G0381800.1	24	24	unique	24	24	24	0.05741626794258373	9	419	13.666666666666666	17.913371790059205	1.0	39.0	38.0	2	0.6666666666666666	0.3333333333333333	17.913371790059205	39	0	39	0	10.5	28.5	28.5
empirical	user_msa	Thint.S06G201700_Thint.S06G201700.1	Thint.S06G201700_Thint.S06G201700.1	24	24	unique	24	24	24	0.05741626794258373	9	419	13.666666666666666	17.913371790059205	1.0	39.0	38.0	2	0.6666666666666666	0.3333333333333333	17.913371790059205	1	1	1	1	15.25	-14.25	-14.25
empirical	user_msa	LOC_Os02g07490_LOC_Os02g07490.1	LOC_Os02g07490_LOC_Os02g07490.1	25	25	unique	25	25	25	0.05980861244019139	9	419	16.333333333333332	17.15290710702481	1.0	37.0	36.0	3	0.5555555555555556	0.4444444444444444	17.15290710702481	37	0	37	0	13.75	23.25	23.25
empirical	user_msa	Oropetium_20150105_02675_Oropetium_20150105_02675A	Oropetium_20150105_02675_Oropetium_20150105_02675A	25	25	unique	25	25	25	0.05980861244019139	9	419	16.333333333333332	17.15290710702481	1.0	37.0	36.0	3	0.5555555555555556	0.4444444444444444	17.15290710702481	1	1	1	1	18.25	-17.25	-17.25
empirical	user_msa	ELECO.r07.2AG0102970_ELECO.r07.2AG0102970.1	ELECO.r07.2AG0102970_ELECO.r07.2AG0102970.1	25	25	unique	25	25	25	0.05980861244019139	9	419	16.333333333333332	17.15290710702481	1.0	37.0	36.0	3	0.5555555555555556	0.4444444444444444	17.15290710702481	1	1	1	1	18.25	-17.25	-17.25
empirical	user_msa	Phala.08G200500_Phala.08G200500.1	Phala.08G200500_Phala.08G200500.1	25	25	unique	25	25	25	0.05980861244019139	9	419	16.333333333333332	17.15290710702481	1.0	37.0	36.0	3	0.5555555555555556	0.4444444444444444	17.15290710702481	1	1	1	1	18.25	-17.25	-17.25
empirical	user_msa	Phala.08G200500_Phala.08G200500.3	Phala.08G200500_Phala.08G200500.3	25	25	unique	25	25	25	0.05980861244019139	9	419	16.333333333333332	17.15290710702481	1.0	37.0	36.0	3	0.5555555555555556	0.4444444444444444	17.15290710702481	1	1	1	1	18.25	-17.25	-17.25
empirical	user_msa	Phala.08G200500_Phala.08G200500.2	Phala.08G200500_Phala.08G200500.2	25	25	unique	25	25	25	0.05980861244019139	9	419	16.333333333333332	17.15290710702481	1.0	37.0	36.0	3	0.5555555555555556	0.4444444444444444	17.15290710702481	1	1	1	1	18.25	-17.25	-17.25
empirical	user_msa	HORVU.MOREX.r3.6HG0571560_HORVU.MOREX.r3.6HG0571560.1	HORVU.MOREX.r3.6HG0571560_HORVU.MOREX.r3.6HG0571560.1	25	25	unique	25	25	25	0.05980861244019139	9	419	16.333333333333332	17.15290710702481	1.0	37.0	36.0	3	0.5555555555555556	0.4444444444444444	17.15290710702481	35	0	35	0	14.0	21.0	21.0
empirical	user_msa	TraesCS6A03G0381800_TraesCS6A03G0381800.1	TraesCS6A03G0381800_TraesCS6A03G0381800.1	25	25	unique	25	25	25	0.05980861244019139	9	419	16.333333333333332	17.15290710702481	1.0	37.0	36.0	3	0.5555555555555556	0.4444444444444444	17.15290710702481	35	0	35	0	14.0	21.0	21.0
empirical	user_msa	Thint.S06G201700_Thint.S06G201700.1	Thint.S06G201700_Thint.S06G201700.1	25	25	unique	25	25	25	0.05980861244019139	9	419	16.333333333333332	17.15290710702481	1.0	37.0	36.0	3	0.5555555555555556	0.4444444444444444	17.15290710702481	35	0	35	0	14.0	21.0	21.0
empirical	user_msa	LOC_Os02g07490_LOC_Os02g07490.1	LOC_Os02g07490_LOC_Os02g07490.1	26	26	unique	26	26	26	0.06220095693779904	9	419	10.777777777777779	10.931887889998972	1.0	23.0	22.0	2	0.5555555555555556	0.4444444444444444	10.931887889998972	23	0	23	0	9.25	13.75	13.75
empirical	user_msa	Oropetium_20150105_02675_Oropetium_20150105_02675A	Oropetium_20150105_02675_Oropetium_20150105_02675A	26	26	unique	26	26	26	0.06220095693779904	9	419	10.777777777777779	10.931887889998972	1.0	23.0	22.0	2	0.5555555555555556	0.4444444444444444	10.931887889998972	1	1	1	1	12.0	-11.0	-11.0
empirical	user_msa	ELECO.r07.2AG0102970_ELECO.r07.2AG0102970.1	ELECO.r07.2AG0102970_ELECO.r07.2AG0102970.1	26	26	unique	26	26	26	0.06220095693779904	9	419	10.777777777777779	10.931887889998972	1.0	23.0	22.0	2	0.5555555555555556	0.4444444444444444	10.931887889998972	1	1	1	1	12.0	-11.0	-11.0
empirical	user_msa	Phala.08G200500_Phala.08G200500.1	Phala.08G200500_Phala.08G200500.1	26	26	unique	26	26	26	0.06220095693779904	9	419	10.777777777777779	10.931887889998972	1.0	23.0	22.0	2	0.5555555555555556	0.4444444444444444	10.931887889998972	1	1	1	1	12.0	-11.0	-11.0
empirical	user_msa	Phala.08G200500_Phala.08G200500.3	Phala.08G200500_Phala.08G200500.3	26	26	unique	26	26	26	0.06220095693779904	9	419	10.777777777777779	10.931887889998972	1.0	23.0	22.0	2	0.5555555555555556	0.4444444444444444	10.931887889998972	1	1	1	1	12.0	-11.0	-11.0
empirical	user_msa	Phala.08G200500_Phala.08G200500.2	Phala.08G200500_Phala.08G200500.2	26	26	unique	26	26	26	0.06220095693779904	9	419	10.777777777777779	10.931887889998972	1.0	23.0	22.0	2	0.5555555555555556	0.4444444444444444	10.931887889998972	1	1	1	1	12.0	-11.0	-11.0
empirical	user_msa	HORVU.MOREX.r3.6HG0571560_HORVU.MOREX.r3.6HG0571560.1	HORVU.MOREX.r3.6HG0571560_HORVU.MOREX.r3.6HG0571560.1	26	26	unique	26	26	26	0.06220095693779904	9	419	10.777777777777779	10.931887889998972	1.0	23.0	22.0	2	0.5555555555555556	0.4444444444444444	10.931887889998972	23	0	23	0	9.25	13.75	13.75
empirical	user_msa	TraesCS6A03G0381800_TraesCS6A03G0381800.1	TraesCS6A03G0381800_TraesCS6A03G0381800.1	26	26	unique	26	26	26	0.06220095693779904	9	419	10.777777777777779	10.931887889998972	1.0	23.0	22.0	2	0.5555555555555556	0.4444444444444444	10.931887889998972	23	0	23	0	9.25	13.75	13.75
empirical	user_msa	Thint.S06G201700_Thint.S06G201700.1	Thint.S06G201700_Thint.S06G201700.1	26	26	unique	26	26	26	0.06220095693779904	9	419	10.777777777777779	10.931887889998972	1.0	23.0	22.0	2	0.5555555555555556	0.4444444444444444	10.931887889998972	23	0	23	0	9.25	13.75	13.75
empirical	user_msa	LOC_Os02g07490_LOC_Os02g07490.1	LOC_Os02g07490_LOC_Os02g07490.1	27	27	unique	27	27	27	0.0645933014354067	9	419	22.555555555555557	24.43636230025115	1.0	53.0	52.0	3	0.5555555555555556	0.4444444444444444	24.43636230025115	39	0	39	0	20.5	18.5	18.5
empirical	user_msa	Oropetium_20150105_02675_Oropetium_20150105_02675A	Oropetium_20150105_02675_Oropetium_20150105_02675A	27	27	unique	27	27	27	0.0645933014354067	9	419	22.555555555555557	24.43636230025115	1.0	53.0	52.0	3	0.5555555555555556	0.4444444444444444	24.43636230025115	1	1	1	1	25.25	-24.25	-24.25
empirical	user_msa	ELECO.r07.2AG0102970_ELECO.r07.2AG0102970.1	ELECO.r07.2AG0102970_ELECO.r07.2AG0102970.1	27	27	unique	27	27	27	0.0645933014354067	9	419	22.555555555555557	24.43636230025115	1.0	53.0	52.0	3	0.5555555555555556	0.4444444444444444	24.43636230025115	1	1	1	1	25.25	-24.25	-24.25
empirical	user_msa	Phala.08G200500_Phala.08G200500.1	Phala.08G200500_Phala.08G200500.1	27	27	unique	27	27	27	0.0645933014354067	9	419	22.555555555555557	24.43636230025115	1.0	53.0	52.0	3	0.5555555555555556	0.4444444444444444	24.43636230025115	1	1	1	1	25.25	-24.25	-24.25
empirical	user_msa	Phala.08G200500_Phala.08G200500.3	Phala.08G200500_Phala.08G200500.3	27	27	unique	27	27	27	0.0645933014354067	9	419	22.555555555555557	24.43636230025115	1.0	53.0	52.0	3	0.5555555555555556	0.4444444444444444	24.43636230025115	1	1	1	1	25.25	-24.25	-24.25
empirical	user_msa	Phala.08G200500_Phala.08G200500.2	Phala.08G200500_Phala.08G200500.2	27	27	unique	27	27	27	0.0645933014354067	9	419	22.555555555555557	24.43636230025115	1.0	53.0	52.0	3	0.5555555555555556	0.4444444444444444	24.43636230025115	1	1	1	1	25.25	-24.25	-24.25
empirical	user_msa	HORVU.MOREX.r3.6HG0571560_HORVU.MOREX.r3.6HG0571560.1	HORVU.MOREX.r3.6HG0571560_HORVU.MOREX.r3.6HG0571560.1	27	27	unique	27	27	27	0.0645933014354067	9	419	22.555555555555557	24.43636230025115	1.0	53.0	52.0	3	0.5555555555555556	0.4444444444444444	24.43636230025115	53	0	53	0	18.75	34.25	34.25
empirical	user_msa	TraesCS6A03G0381800_TraesCS6A03G0381800.1	TraesCS6A03G0381800_TraesCS6A03G0381800.1	27	27	unique	27	27	27	0.0645933014354067	9	419	22.555555555555557	24.43636230025115	1.0	53.0	52.0	3	0.5555555555555556	0.4444444444444444	24.43636230025115	53	0	53	0	18.75	34.25	34.25
empirical	user_msa	Thint.S06G201700_Thint.S06G201700.1	Thint.S06G201700_Thint.S06G201700.1	27	27	unique	27	27	27	0.0645933014354067	9	419	22.555555555555557	24.43636230025115	1.0	53.0	52.0	3	0.5555555555555556	0.4444444444444444	24.43636230025115	53	0	53	0	18.75	34.25	34.25
empirical	user_msa	LOC_Os02g07490_LOC_Os02g07490.1	LOC_Os02g07490_LOC_Os02g07490.1	28	28	unique	28	28	28	0.06698564593301436	9	419	2.3333333333333335	1.4907119849998598	1.0	4.0	3.0	2	0.5555555555555556	0.4444444444444444	1.4907119849998598	4	0	4	0	2.125	1.875	1.875
empirical	user_msa	Oropetium_20150105_02675_Oropetium_20150105_02675A	Oropetium_20150105_02675_Oropetium_20150105_02675A	28	28	unique	28	28	28	0.06698564593301436	9	419	2.3333333333333335	1.4907119849998598	1.0	4.0	3.0	2	0.5555555555555556	0.4444444444444444	1.4907119849998598	1	1	1	1	2.5	-1.5	-1.5
empirical	user_msa	ELECO.r07.2AG0102970_ELECO.r07.2AG0102970.1	ELECO.r07.2AG0102970_ELECO.r07.2AG0102970.1	28	28	unique	28	28	28	0.06698564593301436	9	419	2.3333333333333335	1.4907119849998598	1.0	4.0	3.0	2	0.5555555555555556	0.4444444444444444	1.4907119849998598	1	1	1	1	2.5	-1.5	-1.5
empirical	user_msa	Phala.08G200500_Phala.08G200500.1	Phala.08G200500_Phala.08G200500.1	28	28	unique	28	28	28	0.06698564593301436	9	419	2.3333333333333335	1.4907119849998598	1.0	4.0	3.0	2	0.5555555555555556	0.4444444444444444	1.4907119849998598	1	1	1	1	2.5	-1.5	-1.5
empirical	user_msa	Phala.08G200500_Phala.08G200500.3	Phala.08G200500_Phala.08G200500.3	28	28	unique	28	28	28	0.06698564593301436	9	419	2.3333333333333335	1.4907119849998598	1.0	4.0	3.0	2	0.5555555555555556	0.4444444444444444	1.4907119849998598	1	1	1	1	2.5	-1.5	-1.5
empirical	user_msa	Phala.08G200500_Phala.08G200500.2	Phala.08G200500_Phala.08G200500.2	28	28	unique	28	28	28	0.06698564593301436	9	419	2.3333333333333335	1.4907119849998598	1.0	4.0	3.0	2	0.5555555555555556	0.4444444444444444	1.4907119849998598	1	1	1	1	2.5	-1.5	-1.5
empirical	user_msa	HORVU.MOREX.r3.6HG0571560_HORVU.MOREX.r3.6HG0571560.1	HORVU.MOREX.r3.6HG0571560_HORVU.MOREX.r3.6HG0571560.1	28	28	unique	28	28	28	0.06698564593301436	9	419	2.3333333333333335	1.4907119849998598	1.0	4.0	3.0	2	0.5555555555555556	0.4444444444444444	1.4907119849998598	4	0	4	0	2.125	1.875	1.875
empirical	user_msa	TraesCS6A03G0381800_TraesCS6A03G0381800.1	TraesCS6A03G0381800_TraesCS6A03G0381800.1	28	28	unique	28	28	28	0.06698564593301436	9	419	2.3333333333333335	1.4907119849998598	1.0	4.0	3.0	2	0.5555555555555556	0.4444444444444444	1.4907119849998598	4	0	4	0	2.125	1.875	1.875
empirical	user_msa	Thint.S06G201700_Thint.S06G201700.1	Thint.S06G201700_Thint.S06G201700.1	28	28	unique	28	28	28	0.06698564593301436	9	419	2.3333333333333335	1.4907119849998598	1.0	4.0	3.0	2	0.5555555555555556	0.4444444444444444	1.4907119849998598	4	0	4	0	2.125	1.875	1.875
empirical	user_msa	LOC_Os02g07490_LOC_Os02g07490.1	LOC_Os02g07490_LOC_Os02g07490.1	29	29	unique	29	29	29	0.06937799043062201	9	419	21.88888888888889	23.354487764997803	1.0	48.0	47.0	2	0.5555555555555556	0.4444444444444444	23.354487764997803	48	0	48	0	18.625	29.375	29.375
empirical	user_msa	Oropetium_20150105_02675_Oropetium_20150105_02675A	Oropetium_20150105_02675_Oropetium_20150105_02675A	29	29	unique	29	29	29	0.06937799043062201	9	419	21.88888888888889	23.354487764997803	1.0	48.0	47.0	2	0.5555555555555556	0.4444444444444444	23.354487764997803	1	1	1	1	24.5	-23.5	-23.5
empirical	user_msa	ELECO.r07.2AG0102970_ELECO.r07.2AG0102970.1	ELECO.r07.2AG0102970_ELECO.r07.2AG0102970.1	29	29	unique	29	29	29	0.06937799043062201	9	419	21.88888888888889	23.354487764997803	1.0	48.0	47.0	2	0.5555555555555556	0.4444444444444444	23.354487764997803	1	1	1	1	24.5	-23.5	-23.5
empirical	user_msa	Phala.08G200500_Phala.08G200500.1	Phala.08G200500_Phala.08G200500.1	29	29	unique	29	29	29	0.06937799043062201	9	419	21.88888888888889	23.354487764997803	1.0	48.0	47.0	2	0.5555555555555556	0.4444444444444444	23.354487764997803	1	1	1	1	24.5	-23.5	-23.5
empirical	user_msa	Phala.08G200500_Phala.08G200500.3	Phala.08G200500_Phala.08G200500.3	29	29	unique	29	29	29	0.06937799043062201	9	419	21.88888888888889	23.354487764997803	1.0	48.0	47.0	2	0.5555555555555556	0.4444444444444444	23.354487764997803	1	1	1	1	24.5	-23.5	-23.5
empirical	user_msa	Phala.08G200500_Phala.08G200500.2	Phala.08G200500_Phala.08G200500.2	29	29	unique	29	29	29	0.06937799043062201	9	419	21.88888888888889	23.354487764997803	1.0	48.0	47.0	2	0.5555555555555556	0.4444444444444444	23.354487764997803	1	1	1	1	24.5	-23.5	-23.5
empirical	user_msa	HORVU.MOREX.r3.6HG0571560_HORVU.MOREX.r3.6HG0571560.1	HORVU.MOREX.r3.6HG0571560_HORVU.MOREX.r3.6HG0571560.1	29	29	unique	29	29	29	0.06937799043062201	9	419	21.88888888888889	23.354487764997803	1.0	48.0	47.0	2	0.5555555555555556	0.4444444444444444	23.354487764997803	48	0	48	0	18.625	29.375	29.375
empirical	user_msa	TraesCS6A03G0381800_TraesCS6A03G0381800.1	TraesCS6A03G0381800_TraesCS6A03G0381800.1	29	29	unique	29	29	29	0.06937799043062201	9	419	21.88888888888889	23.354487764997803	1.0	48.0	47.0	2	0.5555555555555556	0.4444444444444444	23.354487764997803	48	0	48	0	18.625	29.375	29.375
empirical	user_msa	Thint.S06G201700_Thint.S06G201700.1	Thint.S06G201700_Thint.S06G201700.1	29	29	unique	29	29	29	0.06937799043062201	9	419	21.88888888888889	23.354487764997803	1.0	48.0	47.0	2	0.5555555555555556	0.4444444444444444	23.354487764997803	48	0	48	0	18.625	29.375	29.375
empirical	user_msa	LOC_Os02g07490_LOC_Os02g07490.1	LOC_Os02g07490_LOC_Os02g07490.1	30	30	unique	30	30	30	0.07177033492822966	9	419	24.444444444444443	26.289461813988048	1.0	59.0	58.0	3	0.5555555555555556	0.4444444444444444	26.289461813988048	59	0	59	0	20.125	38.875	38.875
empirical	user_msa	Oropetium_20150105_02675_Oropetium_20150105_02675A	Oropetium_20150105_02675_Oropetium_20150105_02675A	30	30	unique	30	30	30	0.07177033492822966	9	419	24.444444444444443	26.289461813988048	1.0	59.0	58.0	3	0.5555555555555556	0.4444444444444444	26.289461813988048	1	1	1	1	27.375	-26.375	-26.375
empirical	user_msa	ELECO.r07.2AG0102970_ELECO.r07.2AG0102970.1	ELECO.r07.2AG0102970_ELECO.r07.2AG0102970.1	30	30	unique	30	30	30	0.07177033492822966	9	419	24.444444444444443	26.289461813988048	1.0	59.0	58.0	3	0.5555555555555556	0.4444444444444444	26.289461813988048	1	1	1	1	27.375	-26.375	-26.375
empirical	user_msa	Phala.08G200500_Phala.08G200500.1	Phala.08G200500_Phala.08G200500.1	30	30	unique	30	30	30	0.07177033492822966	9	419	24.444444444444443	26.289461813988048	1.0	59.0	58.0	3	0.5555555555555556	0.4444444444444444	26.289461813988048	1	1	1	1	27.375	-26.375	-26.375
empirical	user_msa	Phala.08G200500_Phala.08G200500.3	Phala.08G200500_Phala.08G200500.3	30	30	unique	30	30	30	0.07177033492822966	9	419	24.444444444444443	26.289461813988048	1.0	59.0	58.0	3	0.5555555555555556	0.4444444444444444	26.289461813988048	1	1	1	1	27.375	-26.375	-26.375
empirical	user_msa	Phala.08G200500_Phala.08G200500.2	Phala.08G200500_Phala.08G200500.2	30	30	unique	30	30	30	0.07177033492822966	9	419	24.444444444444443	26.289461813988048	1.0	59.0	58.0	3	0.5555555555555556	0.4444444444444444	26.289461813988048	1	1	1	1	27.375	-26.375	-26.375
empirical	user_msa	HORVU.MOREX.r3.6HG0571560_HORVU.MOREX.r3.6HG0571560.1	HORVU.MOREX.r3.6HG0571560_HORVU.MOREX.r3.6HG0571560.1	30	30	unique	30	30	30	0.07177033492822966	9	419	24.444444444444443	26.289461813988048	1.0	59.0	58.0	3	0.5555555555555556	0.4444444444444444	26.289461813988048	52	0	52	0	21.0	31.0	31.0
empirical	user_msa	TraesCS6A03G0381800_TraesCS6A03G0381800.1	TraesCS6A03G0381800_TraesCS6A03G0381800.1	30	30	unique	30	30	30	0.07177033492822966	9	419	24.444444444444443	26.289461813988048	1.0	59.0	58.0	3	0.5555555555555556	0.4444444444444444	26.289461813988048	52	0	52	0	21.0	31.0	31.0
empirical	user_msa	Thint.S06G201700_Thint.S06G201700.1	Thint.S06G201700_Thint.S06G201700.1	30	30	unique	30	30	30	0.07177033492822966	9	419	24.444444444444443	26.289461813988048	1.0	59.0	58.0	3	0.5555555555555556	0.4444444444444444	26.289461813988048	52	0	52	0	21.0	31.0	31.0
empirical	user_msa	LOC_Os02g07490_LOC_Os02g07490.1	LOC_Os02g07490_LOC_Os02g07490.1	31	31	unique	31	31	31	0.07416267942583732	9	419	22.22222222222222	25.16071796263099	1.0	56.0	55.0	3	0.5555555555555556	0.4444444444444444	25.16071796263099	27	0	27	0	21.625	5.375	5.375
empirical	user_msa	Oropetium_20150105_02675_Oropetium_20150105_02675A	Oropetium_20150105_02675_Oropetium_20150105_02675A	31	31	unique	31	31	31	0.07416267942583732	9	419	22.22222222222222	25.16071796263099	1.0	56.0	55.0	3	0.5555555555555556	0.4444444444444444	25.16071796263099	1	1	1	1	24.875	-23.875	-23.875
empirical	user_msa	ELECO.r07.2AG0102970_ELECO.r07.2AG0102970.1	ELECO.r07.2AG0102970_ELECO.r07.2AG0102970.1	31	31	unique	31	31	31	0.07416267942583732	9	419	22.22222222222222	25.16071796263099	1.0	56.0	55.0	3	0.5555555555555556	0.4444444444444444	25.16071796263099	1	1	1	1	24.875	-23.875	-23.875
empirical	user_msa	Phala.08G200500_Phala.08G200500.1	Phala.08G200500_Phala.08G200500.1	31	31	unique	31	31	31	0.07416267942583732	9	419	22.22222222222222	25.16071796263099	1.0	56.0	55.0	3	0.5555555555555556	0.4444444444444444	25.16071796263099	1	1	1	1	24.875	-23.875	-23.875
empirical	user_msa	Phala.08G200500_Phala.08G200500.3	Phala.08G200500_Phala.08G200500.3	31	31	unique	31	31	31	0.07416267942583732	9	419	22.22222222222222	25.16071796263099	1.0	56.0	55.0	3	0.5555555555555556	0.4444444444444444	25.16071796263099	1	1	1	1	24.875	-23.875	-23.875
empirical	user_msa	Phala.08G200500_Phala.08G200500.2	Phala.08G200500_Phala.08G200500.2	31	31	unique	31	31	31	0.07416267942583732	9	419	22.22222222222222	25.16071796263099	1.0	56.0	55.0	3	0.5555555555555556	0.4444444444444444	25.16071796263099	1	1	1	1	24.875	-23.875	-23.875
empirical	user_msa	HORVU.MOREX.r3.6HG0571560_HORVU.MOREX.r3.6HG0571560.1	HORVU.MOREX.r3.6HG0571560_HORVU.MOREX.r3.6HG0571560.1	31	31	unique	31	31	31	0.07416267942583732	9	419	22.22222222222222	25.16071796263099	1.0	56.0	55.0	3	0.5555555555555556	0.4444444444444444	25.16071796263099	56	0	56	0	18.0	38.0	38.0
empirical	user_msa	TraesCS6A03G0381800_TraesCS6A03G0381800.1	TraesCS6A03G0381800_TraesCS6A03G0381800.1	31	31	unique	31	31	31	0.07416267942583732	9	419	22.22222222222222	25.16071796263099	1.0	56.0	55.0	3	0.5555555555555556	0.4444444444444444	25.16071796263099	56	0	56	0	18.0	38.0	38.0
empirical	user_msa	Thint.S06G201700_Thint.S06G201700.1	Thint.S06G201700_Thint.S06G201700.1	31	31	unique	31	31	31	0.07416267942583732	9	419	22.22222222222222	25.16071796263099	1.0	56.0	55.0	3	0.5555555555555556	0.4444444444444444	25.16071796263099	56	0	56	0	18.0	38.0	38.0
empirical	user_msa	LOC_Os02g07490_LOC_Os02g07490.1	LOC_Os02g07490_LOC_Os02g07490.1	32	32	unique	32	32	32	0.07655502392344497	9	419	24.77777777777778	26.935221789313452	1.0	61.0	60.0	3	0.5555555555555556	0.4444444444444444	26.935221789313452	61	0	61	0	20.25	40.75	40.75
empirical	user_msa	Oropetium_20150105_02675_Oropetium_20150105_02675A	Oropetium_20150105_02675_Oropetium_20150105_02675A	32	32	unique	32	32	32	0.07655502392344497	9	419	24.77777777777778	26.935221789313452	1.0	61.0	60.0	3	0.5555555555555556	0.4444444444444444	26.935221789313452	1	1	1	1	27.75	-26.75	-26.75
empirical	user_msa	ELECO.r07.2AG0102970_ELECO.r07.2AG0102970.1	ELECO.r07.2AG0102970_ELECO.r07.2AG0102970.1	32	32	unique	32	32	32	0.07655502392344497	9	419	24.77777777777778	26.935221789313452	1.0	61.0	60.0	3	0.5555555555555556	0.4444444444444444	26.935221789313452	1	1	1	1	27.75	-26.75	-26.75
empirical	user_msa	Phala.08G200500_Phala.08G200500.1	Phala.08G200500_Phala.08G200500.1	32	32	unique	32	32	32	0.07655502392344497	9	419	24.77777777777778	26.935221789313452	1.0	61.0	60.0	3	0.5555555555555556	0.4444444444444444	26.935221789313452	1	1	1	1	27.75	-26.75	-26.75
empirical	user_msa	Phala.08G200500_Phala.08G200500.3	Phala.08G200500_Phala.08G200500.3	32	32	unique	32	32	32	0.07655502392344497	9	419	24.77777777777778	26.935221789313452	1.0	61.0	60.0	3	0.5555555555555556	0.4444444444444444	26.935221789313452	1	1	1	1	27.75	-26.75	-26.75
empirical	user_msa	Phala.08G200500_Phala.08G200500.2	Phala.08G200500_Phala.08G200500.2	32	32	unique	32	32	32	0.07655502392344497	9	419	24.77777777777778	26.935221789313452	1.0	61.0	60.0	3	0.5555555555555556	0.4444444444444444	26.935221789313452	1	1	1	1	27.75	-26.75	-26.75
empirical	user_msa	HORVU.MOREX.r3.6HG0571560_HORVU.MOREX.r3.6HG0571560.1	HORVU.MOREX.r3.6HG0571560_HORVU.MOREX.r3.6HG0571560.1	32	32	unique	32	32	32	0.07655502392344497	9	419	24.77777777777778	26.935221789313452	1.0	61.0	60.0	3	0.5555555555555556	0.4444444444444444	26.935221789313452	61	0	61	0	20.25	40.75	40.75
empirical	user_msa	TraesCS6A03G0381800_TraesCS6A03G0381800.1	TraesCS6A03G0381800_TraesCS6A03G0381800.1	32	32	unique	32	32	32	0.07655502392344497	9	419	24.77777777777778	26.935221789313452	1.0	61.0	60.0	3	0.5555555555555556	0.4444444444444444	26.935221789313452	48	0	48	0	21.875	26.125	26.125
empirical	user_msa	Thint.S06G201700_Thint.S06G201700.1	Thint.S06G201700_Thint.S06G201700.1	32	32	unique	32	32	32	0.07655502392344497	9	419	24.77777777777778	26.935221789313452	1.0	61.0	60.0	3	0.5555555555555556	0.4444444444444444	26.935221789313452	48	0	48	0	21.875	26.125	26.125
empirical	user_msa	LOC_Os02g07490_LOC_Os02g07490.1	LOC_Os02g07490_LOC_Os02g07490.1	33	33	unique	33	33	33	0.07894736842105263	9	419	5.666666666666667	5.2493385826745405	1.0	12.0	11.0	3	0.5555555555555556	0.4444444444444444	5.2493385826745405	10	0	10	0	5.125	4.875	4.875
empirical	user_msa	Oropetium_20150105_02675_Oropetium_20150105_02675A	Oropetium_20150105_02675_Oropetium_20150105_02675A	33	33	unique	33	33	33	0.07894736842105263	9	419	5.666666666666667	5.2493385826745405	1.0	12.0	11.0	3	0.5555555555555556	0.4444444444444444	5.2493385826745405	1	1	1	1	6.25	-5.25	-5.25
empirical	user_msa	ELECO.r07.2AG0102970_ELECO.r07.2AG0102970.1	ELECO.r07.2AG0102970_ELECO.r07.2AG0102970.1	33	33	unique	33	33	33	0.07894736842105263	9	419	5.666666666666667	5.2493385826745405	1.0	12.0	11.0	3	0.5555555555555556	0.4444444444444444	5.2493385826745405	1	1	1	1	6.25	-5.25	-5.25
empirical	user_msa	Phala.08G200500_Phala.08G200500.1	Phala.08G200500_Phala.08G200500.1	33	33	unique	33	33	33	0.07894736842105263	9	419	5.666666666666667	5.2493385826745405	1.0	12.0	11.0	3	0.5555555555555556	0.4444444444444444	5.2493385826745405	1	1	1	1	6.25	-5.25	-5.25
empirical	user_msa	Phala.08G200500_Phala.08G200500.3	Phala.08G200500_Phala.08G200500.3	33	33	unique	33	33	33	0.07894736842105263	9	419	5.666666666666667	5.2493385826745405	1.0	12.0	11.0	3	0.5555555555555556	0.4444444444444444	5.2493385826745405	1	1	1	1	6.25	-5.25	-5.25
empirical	user_msa	Phala.08G200500_Phala.08G200500.2	Phala.08G200500_Phala.08G200500.2	33	33	unique	33	33	33	0.07894736842105263	9	419	5.666666666666667	5.2493385826745405	1.0	12.0	11.0	3	0.5555555555555556	0.4444444444444444	5.2493385826745405	1	1	1	1	6.25	-5.25	-5.25
empirical	user_msa	HORVU.MOREX.r3.6HG0571560_HORVU.MOREX.r3.6HG0571560.1	HORVU.MOREX.r3.6HG0571560_HORVU.MOREX.r3.6HG0571560.1	33	33	unique	33	33	33	0.07894736842105263	9	419	5.666666666666667	5.2493385826745405	1.0	12.0	11.0	3	0.5555555555555556	0.4444444444444444	5.2493385826745405	12	0	12	0	4.875	7.125	7.125
empirical	user_msa	TraesCS6A03G0381800_TraesCS6A03G0381800.1	TraesCS6A03G0381800_TraesCS6A03G0381800.1	33	33	unique	33	33	33	0.07894736842105263	9	419	5.666666666666667	5.2493385826745405	1.0	12.0	11.0	3	0.5555555555555556	0.4444444444444444	5.2493385826745405	12	0	12	0	4.875	7.125	7.125
empirical	user_msa	Thint.S06G201700_Thint.S06G201700.1	Thint.S06G201700_Thint.S06G201700.1	33	33	unique	33	33	33	0.07894736842105263	9	419	5.666666666666667	5.2493385826745405	1.0	12.0	11.0	3	0.5555555555555556	0.4444444444444444	5.2493385826745405	12	0	12	0	4.875	7.125	7.125
empirical	user_msa	LOC_Os02g07490_LOC_Os02g07490.1	LOC_Os02g07490_LOC_Os02g07490.1	34	34	unique	34	34	34	0.08133971291866028	9	419	5.444444444444445	4.969039949999533	1.0	11.0	10.0	2	0.5555555555555556	0.4444444444444444	4.969039949999533	11	0	11	0	4.75	6.25	6.25
empirical	user_msa	Oropetium_20150105_02675_Oropetium_20150105_02675A	Oropetium_20150105_02675_Oropetium_20150105_02675A	34	34	unique	34	34	34	0.08133971291866028	9	419	5.444444444444445	4.969039949999533	1.0	11.0	10.0	2	0.5555555555555556	0.4444444444444444	4.969039949999533	1	1	1	1	6.0	-5.0	-5.0
empirical	user_msa	ELECO.r07.2AG0102970_ELECO.r07.2AG0102970.1	ELECO.r07.2AG0102970_ELECO.r07.2AG0102970.1	34	34	unique	34	34	34	0.08133971291866028	9	419	5.444444444444445	4.969039949999533	1.0	11.0	10.0	2	0.5555555555555556	0.4444444444444444	4.969039949999533	1	1	1	1	6.0	-5.0	-5.0
empirical	user_msa	Phala.08G200500_Phala.08G200500.1	Phala.08G200500_Phala.08G200500.1	34	34	unique	34	34	34	0.08133971291866028	9	419	5.444444444444445	4.969039949999533	1.0	11.0	10.0	2	0.5555555555555556	0.4444444444444444	4.969039949999533	1	1	1	1	6.0	-5.0	-5.0
empirical	user_msa	Phala.08G200500_Phala.08G200500.3	Phala.08G200500_Phala.08G200500.3	34	34	unique	34	34	34	0.08133971291866028	9	419	5.444444444444445	4.969039949999533	1.0	11.0	10.0	2	0.5555555555555556	0.4444444444444444	4.969039949999533	1	1	1	1	6.0	-5.0	-5.0
empirical	user_msa	Phala.08G200500_Phala.08G200500.2	Phala.08G200500_Phala.08G200500.2	34	34	unique	34	34	34	0.08133971291866028	9	419	5.444444444444445	4.969039949999533	1.0	11.0	10.0	2	0.5555555555555556	0.4444444444444444	4.969039949999533	1	1	1	1	6.0	-5.0	-5.0
empirical	user_msa	HORVU.MOREX.r3.6HG0571560_HORVU.MOREX.r3.6HG0571560.1	HORVU.MOREX.r3.6HG0571560_HORVU.MOREX.r3.6HG0571560.1	34	34	unique	34	34	34	0.08133971291866028	9	419	5.444444444444445	4.969039949999533	1.0	11.0	10.0	2	0.5555555555555556	0.4444444444444444	4.969039949999533	11	0	11	0	4.75	6.25	6.25
empirical	user_msa	TraesCS6A03G0381800_TraesCS6A03G0381800.1	TraesCS6A03G0381800_TraesCS6A03G0381800.1	34	34	unique	34	34	34	0.08133971291866028	9	419	5.444444444444445	4.969039949999533	1.0	11.0	10.0	2	0.5555555555555556	0.4444444444444444	4.969039949999533	11	0	11	0	4.75	6.25	6.25
empirical	user_msa	Thint.S06G201700_Thint.S06G201700.1	Thint.S06G201700_Thint.S06G201700.1	34	34	unique	34	34	34	0.08133971291866028	9	419	5.444444444444445	4.969039949999533	1.0	11.0	10.0	2	0.5555555555555556	0.4444444444444444	4.969039949999533	11	0	11	0	4.75	6.25	6.25
empirical	user_msa	LOC_Os02g07490_LOC_Os02g07490.1	LOC_Os02g07490_LOC_Os02g07490.1	35	35	unique	35	35	35	0.08373205741626795	9	419	7.666666666666667	12.174654911833118	1.0	41.0	40.0	4	0.5555555555555556	0.4444444444444444	12.174654911833118	41	0	41	0	3.5	37.5	37.5
empirical	user_msa	Oropetium_20150105_02675_Oropetium_20150105_02675A	Oropetium_20150105_02675_Oropetium_20150105_02675A	35	35	unique	35	35	35	0.08373205741626795	9	419	7.666666666666667	12.174654911833118	1.0	41.0	40.0	4	0.5555555555555556	0.4444444444444444	12.174654911833118	1	1	1	1	8.5	-7.5	-7.5
empirical	user_msa	ELECO.r07.2AG0102970_ELECO.r07.2AG0102970.1	ELECO.r07.2AG0102970_ELECO.r07.2AG0102970.1	35	35	unique	35	35	35	0.08373205741626795	9	419	7.666666666666667	12.174654911833118	1.0	41.0	40.0	4	0.5555555555555556	0.4444444444444444	12.174654911833118	1	1	1	1	8.5	-7.5	-7.5
empirical	user_msa	Phala.08G200500_Phala.08G200500.1	Phala.08G200500_Phala.08G200500.1	35	35	unique	35	35	35	0.08373205741626795	9	419	7.666666666666667	12.174654911833118	1.0	41.0	40.0	4	0.5555555555555556	0.4444444444444444	12.174654911833118	1	1	1	1	8.5	-7.5	-7.5
empirical	user_msa	Phala.08G200500_Phala.08G200500.3	Phala.08G200500_Phala.08G200500.3	35	35	unique	35	35	35	0.08373205741626795	9	419	7.666666666666667	12.174654911833118	1.0	41.0	40.0	4	0.5555555555555556	0.4444444444444444	12.174654911833118	1	1	1	1	8.5	-7.5	-7.5
empirical	user_msa	Phala.08G200500_Phala.08G200500.2	Phala.08G200500_Phala.08G200500.2	35	35	unique	35	35	35	0.08373205741626795	9	419	7.666666666666667	12.174654911833118	1.0	41.0	40.0	4	0.5555555555555556	0.4444444444444444	12.174654911833118	1	1	1	1	8.5	-7.5	-7.5
empirical	user_msa	HORVU.MOREX.r3.6HG0571560_HORVU.MOREX.r3.6HG0571560.1	HORVU.MOREX.r3.6HG0571560_HORVU.MOREX.r3.6HG0571560.1	35	35	unique	35	35	35	0.08373205741626795	9	419	7.666666666666667	12.174654911833118	1.0	41.0	40.0	4	0.5555555555555556	0.4444444444444444	12.174654911833118	8	0	8	0	7.625	0.375	0.375
empirical	user_msa	TraesCS6A03G0381800_TraesCS6A03G0381800.1	TraesCS6A03G0381800_TraesCS6A03G0381800.1	35	35	unique	35	35	35	0.08373205741626795	9	419	7.666666666666667	12.174654911833118	1.0	41.0	40.0	4	0.5555555555555556	0.4444444444444444	12.174654911833118	7	0	7	0	7.75	-0.75	-0.75
empirical	user_msa	Thint.S06G201700_Thint.S06G201700.1	Thint.S06G201700_Thint.S06G201700.1	35	35	unique	35	35	35	0.08373205741626795	9	419	7.666666666666667	12.174654911833118	1.0	41.0	40.0	4	0.5555555555555556	0.4444444444444444	12.174654911833118	8	0	8	0	7.625	0.375	0.375
empirical	user_msa	LOC_Os02g07490_LOC_Os02g07490.1	LOC_Os02g07490_LOC_Os02g07490.1	36	36	unique	36	36	36	0.0861244019138756	9	419	18.0	19.595917942265423	1.0	45.0	44.0	5	0.5555555555555556	0.4444444444444444	19.595917942265423	43	0	43	0	14.875	28.125	28.125
empirical	user_msa	Oropetium_20150105_02675_Oropetium_20150105_02675A	Oropetium_20150105_02675_Oropetium_20150105_02675A	36	36	unique	36	36	36	0.0861244019138756	9	419	18.0	19.595917942265423	1.0	45.0	44.0	5	0.5555555555555556	0.4444444444444444	19.595917942265423	1	1	1	1	20.125	-19.125	-19.125
empirical	user_msa	ELECO.r07.2AG0102970_ELECO.r07.2AG0102970.1	ELECO.r07.2AG0102970_ELECO.r07.2AG0102970.1	36	36	unique	36	36	36	0.0861244019138756	9	419	18.0	19.595917942265423	1.0	45.0	44.0	5	0.5555555555555556	0.4444444444444444	19.595917942265423	1	1	1	1	20.125	-19.125	-19.125
empirical	user_msa	Phala.08G200500_Phala.08G200500.1	Phala.08G200500_Phala.08G200500.1	36	36	unique	36	36	36	0.0861244019138756	9	419	18.0	19.595917942265423	1.0	45.0	44.0	5	0.5555555555555556	0.4444444444444444	19.595917942265423	1	1	1	1	20.125	-19.125	-19.125
empirical	user_msa	Phala.08G200500_Phala.08G200500.3	Phala.08G200500_Phala.08G200500.3	36	36	unique	36	36	36	0.0861244019138756	9	419	18.0	19.595917942265423	1.0	45.0	44.0	5	0.5555555555555556	0.4444444444444444	19.595917942265423	1	1	1	1	20.125	-19.125	-19.125
empirical	user_msa	Phala.08G200500_Phala.08G200500.2	Phala.08G200500_Phala.08G200500.2	36	36	unique	36	36	36	0.0861244019138756	9	419	18.0	19.595917942265423	1.0	45.0	44.0	5	0.5555555555555556	0.4444444444444444	19.595917942265423	1	1	1	1	20.125	-19.125	-19.125
empirical	user_msa	HORVU.MOREX.r3.6HG0571560_HORVU.MOREX.r3.6HG0571560.1	HORVU.MOREX.r3.6HG0571560_HORVU.MOREX.r3.6HG0571560.1	36	36	unique	36	36	36	0.0861244019138756	9	419	18.0	19.595917942265423	1.0	45.0	44.0	5	0.5555555555555556	0.4444444444444444	19.595917942265423	45	0	45	0	14.625	30.375	30.375
empirical	user_msa	TraesCS6A03G0381800_TraesCS6A03G0381800.1	TraesCS6A03G0381800_TraesCS6A03G0381800.1	36	36	unique	36	36	36	0.0861244019138756	9	419	18.0	19.595917942265423	1.0	45.0	44.0	5	0.5555555555555556	0.4444444444444444	19.595917942265423	27	0	27	0	16.875	10.125	10.125
empirical	user_msa	Thint.S06G201700_Thint.S06G201700.1	Thint.S06G201700_Thint.S06G201700.1	36	36	unique	36	36	36	0.0861244019138756	9	419	18.0	19.595917942265423	1.0	45.0	44.0	5	0.5555555555555556	0.4444444444444444	19.595917942265423	42	0	42	0	15.0	27.0	27.0
empirical	user_msa	LOC_Os02g07490_LOC_Os02g07490.1	LOC_Os02g07490_LOC_Os02g07490.1	37	37	unique	37	37	37	0.08851674641148326	9	419	20.444444444444443	23.43838784326597	1.0	53.0	52.0	4	0.5555555555555556	0.4444444444444444	23.43838784326597	52	0	52	0	16.5	35.5	35.5
empirical	user_msa	Oropetium_20150105_02675_Oropetium_20150105_02675A	Oropetium_20150105_02675_Oropetium_20150105_02675A	37	37	unique	37	37	37	0.08851674641148326	9	419	20.444444444444443	23.43838784326597	1.0	53.0	52.0	4	0.5555555555555556	0.4444444444444444	23.43838784326597	1	1	1	1	22.875	-21.875	-21.875
empirical	user_msa	ELECO.r07.2AG0102970_ELECO.r07.2AG0102970.1	ELECO.r07.2AG0102970_ELECO.r07.2AG0102970.1	37	37	unique	37	37	37	0.08851674641148326	9	419	20.444444444444443	23.43838784326597	1.0	53.0	52.0	4	0.5555555555555556	0.4444444444444444	23.43838784326597	1	1	1	1	22.875	-21.875	-21.875
empirical	user_msa	Phala.08G200500_Phala.08G200500.1	Phala.08G200500_Phala.08G200500.1	37	37	unique	37	37	37	0.08851674641148326	9	419	20.444444444444443	23.43838784326597	1.0	53.0	52.0	4	0.5555555555555556	0.4444444444444444	23.43838784326597	1	1	1	1	22.875	-21.875	-21.875
empirical	user_msa	Phala.08G200500_Phala.08G200500.3	Phala.08G200500_Phala.08G200500.3	37	37	unique	37	37	37	0.08851674641148326	9	419	20.444444444444443	23.43838784326597	1.0	53.0	52.0	4	0.5555555555555556	0.4444444444444444	23.43838784326597	1	1	1	1	22.875	-21.875	-21.875
empirical	user_msa	Phala.08G200500_Phala.08G200500.2	Phala.08G200500_Phala.08G200500.2	37	37	unique	37	37	37	0.08851674641148326	9	419	20.444444444444443	23.43838784326597	1.0	53.0	52.0	4	0.5555555555555556	0.4444444444444444	23.43838784326597	1	1	1	1	22.875	-21.875	-21.875
empirical	user_msa	HORVU.MOREX.r3.6HG0571560_HORVU.MOREX.r3.6HG0571560.1	HORVU.MOREX.r3.6HG0571560_HORVU.MOREX.r3.6HG0571560.1	37	37	unique	37	37	37	0.08851674641148326	9	419	20.444444444444443	23.43838784326597	1.0	53.0	52.0	4	0.5555555555555556	0.4444444444444444	23.43838784326597	22	0	22	0	20.25	1.75	1.75
empirical	user_msa	TraesCS6A03G0381800_TraesCS6A03G0381800.1	TraesCS6A03G0381800_TraesCS6A03G0381800.1	37	37	unique	37	37	37	0.08851674641148326	9	419	20.444444444444443	23.43838784326597	1.0	53.0	52.0	4	0.5555555555555556	0.4444444444444444	23.43838784326597	53	0	53	0	16.375	36.625	36.625
empirical	user_msa	Thint.S06G201700_Thint.S06G201700.1	Thint.S06G201700_Thint.S06G201700.1	37	37	unique	37	37	37	0.08851674641148326	9	419	20.444444444444443	23.43838784326597	1.0	53.0	52.0	4	0.5555555555555556	0.4444444444444444	23.43838784326597	52	0	52	0	16.5	35.5	35.5
empirical	user_msa	LOC_Os02g07490_LOC_Os02g07490.1	LOC_Os02g07490_LOC_Os02g07490.1	38	38	unique	38	38	38	0.09090909090909091	9	419	14.333333333333334	18.856180831641264	1.0	41.0	40.0	2	0.6666666666666666	0.3333333333333333	18.856180831641264	1	1	1	1	16.0	-15.0	-15.0
empirical	user_msa	Oropetium_20150105_02675_Oropetium_20150105_02675A	Oropetium_20150105_02675_Oropetium_20150105_02675A	38	38	unique	38	38	38	0.09090909090909091	9	419	14.333333333333334	18.856180831641264	1.0	41.0	40.0	2	0.6666666666666666	0.3333333333333333	18.856180831641264	1	1	1	1	16.0	-15.0	-15.0
empirical	user_msa	ELECO.r07.2AG0102970_ELECO.r07.2AG0102970.1	ELECO.r07.2AG0102970_ELECO.r07.2AG0102970.1	38	38	unique	38	38	38	0.09090909090909091	9	419	14.333333333333334	18.856180831641264	1.0	41.0	40.0	2	0.6666666666666666	0.3333333333333333	18.856180831641264	1	1	1	1	16.0	-15.0	-15.0
empirical	user_msa	Phala.08G200500_Phala.08G200500.1	Phala.08G200500_Phala.08G200500.1	38	38	unique	38	38	38	0.09090909090909091	9	419	14.333333333333334	18.856180831641264	1.0	41.0	40.0	2	0.6666666666666666	0.3333333333333333	18.856180831641264	1	1	1	1	16.0	-15.0	-15.0
empirical	user_msa	Phala.08G200500_Phala.08G200500.3	Phala.08G200500_Phala.08G200500.3	38	38	unique	38	38	38	0.09090909090909091	9	419	14.333333333333334	18.856180831641264	1.0	41.0	40.0	2	0.6666666666666666	0.3333333333333333	18.856180831641264	1	1	1	1	16.0	-15.0	-15.0
empirical	user_msa	Phala.08G200500_Phala.08G200500.2	Phala.08G200500_Phala.08G200500.2	38	38	unique	38	38	38	0.09090909090909091	9	419	14.333333333333334	18.856180831641264	1.0	41.0	40.0	2	0.6666666666666666	0.3333333333333333	18.856180831641264	1	1	1	1	16.0	-15.0	-15.0
empirical	user_msa	HORVU.MOREX.r3.6HG0571560_HORVU.MOREX.r3.6HG0571560.1	HORVU.MOREX.r3.6HG0571560_HORVU.MOREX.r3.6HG0571560.1	38	38	unique	38	38	38	0.09090909090909091	9	419	14.333333333333334	18.856180831641264	1.0	41.0	40.0	2	0.6666666666666666	0.3333333333333333	18.856180831641264	41	0	41	0	11.0	30.0	30.0
empirical	user_msa	TraesCS6A03G0381800_TraesCS6A03G0381800.1	TraesCS6A03G0381800_TraesCS6A03G0381800.1	38	38	unique	38	38	38	0.09090909090909091	9	419	14.333333333333334	18.856180831641264	1.0	41.0	40.0	2	0.6666666666666666	0.3333333333333333	18.856180831641264	41	0	41	0	11.0	30.0	30.0
empirical	user_msa	Thint.S06G201700_Thint.S06G201700.1	Thint.S06G201700_Thint.S06G201700.1	38	38	unique	38	38	38	0.09090909090909091	9	419	14.333333333333334	18.856180831641264	1.0	41.0	40.0	2	0.6666666666666666	0.3333333333333333	18.856180831641264	41	0	41	0	11.0	30.0	30.0
empirical	user_msa	LOC_Os02g07490_LOC_Os02g07490.1	LOC_Os02g07490_LOC_Os02g07490.1	39	39	unique	39	39	39	0.09330143540669857	9	419	7.444444444444445	9.130061592966284	1.0	21.0	20.0	3	0.6666666666666666	0.3333333333333333	9.130061592966284	1	1	1	1	8.25	-7.25	-7.25
empirical	user_msa	Oropetium_20150105_02675_Oropetium_20150105_02675A	Oropetium_20150105_02675_Oropetium_20150105_02675A	39	39	unique	39	39	39	0.09330143540669857	9	419	7.444444444444445	9.130061592966284	1.0	21.0	20.0	3	0.6666666666666666	0.3333333333333333	9.130061592966284	1	1	1	1	8.25	-7.25	-7.25
empirical	user_msa	ELECO.r07.2AG0102970_ELECO.r07.2AG0102970.1	ELECO.r07.2AG0102970_ELECO.r07.2AG0102970.1	39	39	unique	39	39	39	0.09330143540669857	9	419	7.444444444444445	9.130061592966284	1.0	21.0	20.0	3	0.6666666666666666	0.3333333333333333	9.130061592966284	1	1	1	1	8.25	-7.25	-7.25
empirical	user_msa	Phala.08G200500_Phala.08G200500.1	Phala.08G200500_Phala.08G200500.1	39	39	unique	39	39	39	0.09330143540669857	9	419	7.444444444444445	9.130061592966284	1.0	21.0	20.0	3	0.6666666666666666	0.3333333333333333	9.130061592966284	1	1	1	1	8.25	-7.25	-7.25
empirical	user_msa	Phala.08G200500_Phala.08G200500.3	Phala.08G200500_Phala.08G200500.3	39	39	unique	39	39	39	0.09330143540669857	9	419	7.444444444444445	9.130061592966284	1.0	21.0	20.0	3	0.6666666666666666	0.3333333333333333	9.130061592966284	1	1	1	1	8.25	-7.25	-7.25
empirical	user_msa	Phala.08G200500_Phala.08G200500.2	Phala.08G200500_Phala.08G200500.2	39	39	unique	39	39	39	0.09330143540669857	9	419	7.444444444444445	9.130061592966284	1.0	21.0	20.0	3	0.6666666666666666	0.3333333333333333	9.130061592966284	1	1	1	1	8.25	-7.25	-7.25
empirical	user_msa	HORVU.MOREX.r3.6HG0571560_HORVU.MOREX.r3.6HG0571560.1	HORVU.MOREX.r3.6HG0571560_HORVU.MOREX.r3.6HG0571560.1	39	39	unique	39	39	39	0.09330143540669857	9	419	7.444444444444445	9.130061592966284	1.0	21.0	20.0	3	0.6666666666666666	0.3333333333333333	9.130061592966284	19	0	19	0	6.0	13.0	13.0
empirical	user_msa	TraesCS6A03G0381800_TraesCS6A03G0381800.1	TraesCS6A03G0381800_TraesCS6A03G0381800.1	39	39	unique	39	39	39	0.09330143540669857	9	419	7.444444444444445	9.130061592966284	1.0	21.0	20.0	3	0.6666666666666666	0.3333333333333333	9.130061592966284	21	0	21	0	5.75	15.25	15.25
empirical	user_msa	Thint.S06G201700_Thint.S06G201700.1	Thint.S06G201700_Thint.S06G201700.1	39	39	unique	39	39	39	0.09330143540669857	9	419	7.444444444444445	9.130061592966284	1.0	21.0	20.0	3	0.6666666666666666	0.3333333333333333	9.130061592966284	21	0	21	0	5.75	15.25	15.25
empirical	user_msa	LOC_Os02g07490_LOC_Os02g07490.1	LOC_Os02g07490_LOC_Os02g07490.1	40	40	unique	40	40	40	0.09569377990430622	9	419	21.0	28.288199345702832	1.0	62.0	61.0	4	0.6666666666666666	0.3333333333333333	28.288199345702832	1	1	1	1	23.5	-22.5	-22.5
empirical	user_msa	Oropetium_20150105_02675_Oropetium_20150105_02675A	Oropetium_20150105_02675_Oropetium_20150105_02675A	40	40	unique	40	40	40	0.09569377990430622	9	419	21.0	28.288199345702832	1.0	62.0	61.0	4	0.6666666666666666	0.3333333333333333	28.288199345702832	1	1	1	1	23.5	-22.5	-22.5
empirical	user_msa	ELECO.r07.2AG0102970_ELECO.r07.2AG0102970.1	ELECO.r07.2AG0102970_ELECO.r07.2AG0102970.1	40	40	unique	40	40	40	0.09569377990430622	9	419	21.0	28.288199345702832	1.0	62.0	61.0	4	0.6666666666666666	0.3333333333333333	28.288199345702832	1	1	1	1	23.5	-22.5	-22.5
empirical	user_msa	Phala.08G200500_Phala.08G200500.1	Phala.08G200500_Phala.08G200500.1	40	40	unique	40	40	40	0.09569377990430622	9	419	21.0	28.288199345702832	1.0	62.0	61.0	4	0.6666666666666666	0.3333333333333333	28.288199345702832	1	1	1	1	23.5	-22.5	-22.5
empirical	user_msa	Phala.08G200500_Phala.08G200500.3	Phala.08G200500_Phala.08G200500.3	40	40	unique	40	40	40	0.09569377990430622	9	419	21.0	28.288199345702832	1.0	62.0	61.0	4	0.6666666666666666	0.3333333333333333	28.288199345702832	1	1	1	1	23.5	-22.5	-22.5
empirical	user_msa	Phala.08G200500_Phala.08G200500.2	Phala.08G200500_Phala.08G200500.2	40	40	unique	40	40	40	0.09569377990430622	9	419	21.0	28.288199345702832	1.0	62.0	61.0	4	0.6666666666666666	0.3333333333333333	28.288199345702832	1	1	1	1	23.5	-22.5	-22.5
empirical	user_msa	HORVU.MOREX.r3.6HG0571560_HORVU.MOREX.r3.6HG0571560.1	HORVU.MOREX.r3.6HG0571560_HORVU.MOREX.r3.6HG0571560.1	40	40	unique	40	40	40	0.09569377990430622	9	419	21.0	28.288199345702832	1.0	62.0	61.0	4	0.6666666666666666	0.3333333333333333	28.288199345702832	61	0	61	0	16.0	45.0	45.0
empirical	user_msa	TraesCS6A03G0381800_TraesCS6A03G0381800.1	TraesCS6A03G0381800_TraesCS6A03G0381800.1	40	40	unique	40	40	40	0.09569377990430622	9	419	21.0	28.288199345702832	1.0	62.0	61.0	4	0.6666666666666666	0.3333333333333333	28.288199345702832	62	0	62	0	15.875	46.125	46.125
empirical	user_msa	Thint.S06G201700_Thint.S06G201700.1	Thint.S06G201700_Thint.S06G201700.1	40	40	unique	40	40	40	0.09569377990430622	9	419	21.0	28.288199345702832	1.0	62.0	61.0	4	0.6666666666666666	0.3333333333333333	28.288199345702832	60	0	60	0	16.125	43.875	43.875
empirical	user_msa	LOC_Os02g07490_LOC_Os02g07490.1	LOC_Os02g07490_LOC_Os02g07490.1	41	41	unique	41	41	41	0.09808612440191387	9	419	13.666666666666666	18.01234144814173	1.0	43.0	42.0	4	0.6666666666666666	0.3333333333333333	18.01234144814173	1	1	1	1	15.25	-14.25	-14.25
empirical	user_msa	Oropetium_20150105_02675_Oropetium_20150105_02675A	Oropetium_20150105_02675_Oropetium_20150105_02675A	41	41	unique	41	41	41	0.09808612440191387	9	419	13.666666666666666	18.01234144814173	1.0	43.0	42.0	4	0.6666666666666666	0.3333333333333333	18.01234144814173	1	1	1	1	15.25	-14.25	-14.25
empirical	user_msa	ELECO.r07.2AG0102970_ELECO.r07.2AG0102970.1	ELECO.r07.2AG0102970_ELECO.r07.2AG0102970.1	41	41	unique	41	41	41	0.09808612440191387	9	419	13.666666666666666	18.01234144814173	1.0	43.0	42.0	4	0.6666666666666666	0.3333333333333333	18.01234144814173	1	1	1	1	15.25	-14.25	-14.25
empirical	user_msa	Phala.08G200500_Phala.08G200500.1	Phala.08G200500_Phala.08G200500.1	41	41	unique	41	41	41	0.09808612440191387	9	419	13.666666666666666	18.01234144814173	1.0	43.0	42.0	4	0.6666666666666666	0.3333333333333333	18.01234144814173	1	1	1	1	15.25	-14.25	-14.25
empirical	user_msa	Phala.08G200500_Phala.08G200500.3	Phala.08G200500_Phala.08G200500.3	41	41	unique	41	41	41	0.09808612440191387	9	419	13.666666666666666	18.01234144814173	1.0	43.0	42.0	4	0.6666666666666666	0.3333333333333333	18.01234144814173	1	1	1	1	15.25	-14.25	-14.25
empirical	user_msa	Phala.08G200500_Phala.08G200500.2	Phala.08G200500_Phala.08G200500.2	41	41	unique	41	41	41	0.09808612440191387	9	419	13.666666666666666	18.01234144814173	1.0	43.0	42.0	4	0.6666666666666666	0.3333333333333333	18.01234144814173	1	1	1	1	15.25	-14.25	-14.25
empirical	user_msa	HORVU.MOREX.r3.6HG0571560_HORVU.MOREX.r3.6HG0571560.1	HORVU.MOREX.r3.6HG0571560_HORVU.MOREX.r3.6HG0571560.1	41	41	unique	41	41	41	0.09808612440191387	9	419	13.666666666666666	18.01234144814173	1.0	43.0	42.0	4	0.6666666666666666	0.3333333333333333	18.01234144814173	39	0	39	0	10.5	28.5	28.5
empirical	user_msa	TraesCS6A03G0381800_TraesCS6A03G0381800.1	TraesCS6A03G0381800_TraesCS6A03G0381800.1	41	41	unique	41	41	41	0.09808612440191387	9	419	13.666666666666666	18.01234144814173	1.0	43.0	42.0	4	0.6666666666666666	0.3333333333333333	18.01234144814173	35	0	35	0	11.0	24.0	24.0
empirical	user_msa	Thint.S06G201700_Thint.S06G201700.1	Thint.S06G201700_Thint.S06G201700.1	41	41	unique	41	41	41	0.09808612440191387	9	419	13.666666666666666	18.01234144814173	1.0	43.0	42.0	4	0.6666666666666666	0.3333333333333333	18.01234144814173	43	0	43	0	10.0	33.0	33.0
empirical	user_msa	LOC_Os02g07490_LOC_Os02g07490.1	LOC_Os02g07490_LOC_Os02g07490.1	42	42	unique	42	42	42	0.10047846889952153	9	419	29.88888888888889	26.2231638249021	1.0	56.0	55.0	3	0.4444444444444444	0.5555555555555556	26.2231638249021	41	0	41	0	28.5	12.5	12.5
empirical	user_msa	Oropetium_20150105_02675_Oropetium_20150105_02675A	Oropetium_20150105_02675_Oropetium_20150105_02675A	42	42	unique	42	42	42	0.10047846889952153	9	419	29.88888888888889	26.2231638249021	1.0	56.0	55.0	3	0.4444444444444444	0.5555555555555556	26.2231638249021	1	1	1	1	33.5	-32.5	-32.5
empirical	user_msa	ELECO.r07.2AG0102970_ELECO.r07.2AG0102970.1	ELECO.r07.2AG0102970_ELECO.r07.2AG0102970.1	42	42	unique	42	42	42	0.10047846889952153	9	419	29.88888888888889	26.2231638249021	1.0	56.0	55.0	3	0.4444444444444444	0.5555555555555556	26.2231638249021	56	0	56	0	26.625	29.375	29.375
empirical	user_msa	Phala.08G200500_Phala.08G200500.1	Phala.08G200500_Phala.08G200500.1	42	42	unique	42	42	42	0.10047846889952153	9	419	29.88888888888889	26.2231638249021	1.0	56.0	55.0	3	0.4444444444444444	0.5555555555555556	26.2231638249021	1	1	1	1	33.5	-32.5	-32.5
empirical	user_msa	Phala.08G200500_Phala.08G200500.3	Phala.08G200500_Phala.08G200500.3	42	42	unique	42	42	42	0.10047846889952153	9	419	29.88888888888889	26.2231638249021	1.0	56.0	55.0	3	0.4444444444444444	0.5555555555555556	26.2231638249021	1	1	1	1	33.5	-32.5	-32.5
empirical	user_msa	Phala.08G200500_Phala.08G200500.2	Phala.08G200500_Phala.08G200500.2	42	42	unique	42	42	42	0.10047846889952153	9	419	29.88888888888889	26.2231638249021	1.0	56.0	55.0	3	0.4444444444444444	0.5555555555555556	26.2231638249021	1	1	1	1	33.5	-32.5	-32.5
empirical	user_msa	HORVU.MOREX.r3.6HG0571560_HORVU.MOREX.r3.6HG0571560.1	HORVU.MOREX.r3.6HG0571560_HORVU.MOREX.r3.6HG0571560.1	42	42	unique	42	42	42	0.10047846889952153	9	419	29.88888888888889	26.2231638249021	1.0	56.0	55.0	3	0.4444444444444444	0.5555555555555556	26.2231638249021	56	0	56	0	26.625	29.375	29.375
empirical	user_msa	TraesCS6A03G0381800_TraesCS6A03G0381800.1	TraesCS6A03G0381800_TraesCS6A03G0381800.1	42	42	unique	42	42	42	0.10047846889952153	9	419	29.88888888888889	26.2231638249021	1.0	56.0	55.0	3	0.4444444444444444	0.5555555555555556	26.2231638249021	56	0	56	0	26.625	29.375	29.375
empirical	user_msa	Thint.S06G201700_Thint.S06G201700.1	Thint.S06G201700_Thint.S06G201700.1	42	42	unique	42	42	42	0.10047846889952153	9	419	29.88888888888889	26.2231638249021	1.0	56.0	55.0	3	0.4444444444444444	0.5555555555555556	26.2231638249021	56	0	56	0	26.625	29.375	29.375
empirical	user_msa	LOC_Os02g07490_LOC_Os02g07490.1	LOC_Os02g07490_LOC_Os02g07490.1	43	43	unique	43	43	43	0.10287081339712918	9	419	8.0	6.733003292241386	1.0	20.0	19.0	4	0.4444444444444444	0.5555555555555556	6.733003292241386	20	0	20	0	6.5	13.5	13.5
empirical	user_msa	Oropetium_20150105_02675_Oropetium_20150105_02675A	Oropetium_20150105_02675_Oropetium_20150105_02675A	43	43	unique	43	43	43	0.10287081339712918	9	419	8.0	6.733003292241386	1.0	20.0	19.0	4	0.4444444444444444	0.5555555555555556	6.733003292241386	1	1	1	1	8.875	-7.875	-7.875
empirical	user_msa	ELECO.r07.2AG0102970_ELECO.r07.2AG0102970.1	ELECO.r07.2AG0102970_ELECO.r07.2AG0102970.1	43	43	unique	43	43	43	0.10287081339712918	9	419	8.0	6.733003292241386	1.0	20.0	19.0	4	0.4444444444444444	0.5555555555555556	6.733003292241386	11	0	11	0	7.625	3.375	3.375
empirical	user_msa	Phala.08G200500_Phala.08G200500.1	Phala.08G200500_Phala.08G200500.1	43	43	unique	43	43	43	0.10287081339712918	9	419	8.0	6.733003292241386	1.0	20.0	19.0	4	0.4444444444444444	0.5555555555555556	6.733003292241386	1	1	1	1	8.875	-7.875	-7.875
empirical	user_msa	Phala.08G200500_Phala.08G200500.3	Phala.08G200500_Phala.08G200500.3	43	43	unique	43	43	43	0.10287081339712918	9	419	8.0	6.733003292241386	1.0	20.0	19.0	4	0.4444444444444444	0.5555555555555556	6.733003292241386	1	1	1	1	8.875	-7.875	-7.875
empirical	user_msa	Phala.08G200500_Phala.08G200500.2	Phala.08G200500_Phala.08G200500.2	43	43	unique	43	43	43	0.10287081339712918	9	419	8.0	6.733003292241386	1.0	20.0	19.0	4	0.4444444444444444	0.5555555555555556	6.733003292241386	1	1	1	1	8.875	-7.875	-7.875
empirical	user_msa	HORVU.MOREX.r3.6HG0571560_HORVU.MOREX.r3.6HG0571560.1	HORVU.MOREX.r3.6HG0571560_HORVU.MOREX.r3.6HG0571560.1	43	43	unique	43	43	43	0.10287081339712918	9	419	8.0	6.733003292241386	1.0	20.0	19.0	4	0.4444444444444444	0.5555555555555556	6.733003292241386	13	0	13	0	7.375	5.625	5.625
empirical	user_msa	TraesCS6A03G0381800_TraesCS6A03G0381800.1	TraesCS6A03G0381800_TraesCS6A03G0381800.1	43	43	unique	43	43	43	0.10287081339712918	9	419	8.0	6.733003292241386	1.0	20.0	19.0	4	0.4444444444444444	0.5555555555555556	6.733003292241386	11	0	11	0	7.625	3.375	3.375
empirical	user_msa	Thint.S06G201700_Thint.S06G201700.1	Thint.S06G201700_Thint.S06G201700.1	43	43	unique	43	43	43	0.10287081339712918	9	419	8.0	6.733003292241386	1.0	20.0	19.0	4	0.4444444444444444	0.5555555555555556	6.733003292241386	13	0	13	0	7.375	5.625	5.625
empirical	user_msa	LOC_Os02g07490_LOC_Os02g07490.1	LOC_Os02g07490_LOC_Os02g07490.1	44	44	unique	44	44	44	0.10526315789473684	9	419	33.77777777777778	29.31733570499724	1.0	60.0	59.0	2	0.4444444444444444	0.5555555555555556	29.31733570499724	60	0	60	0	30.5	29.5	29.5
empirical	user_msa	Oropetium_20150105_02675_Oropetium_20150105_02675A	Oropetium_20150105_02675_Oropetium_20150105_02675A	44	44	unique	44	44	44	0.10526315789473684	9	419	33.77777777777778	29.31733570499724	1.0	60.0	59.0	2	0.4444444444444444	0.5555555555555556	29.31733570499724	1	1	1	1	37.875	-36.875	-36.875
empirical	user_msa	ELECO.r07.2AG0102970_ELECO.r07.2AG0102970.1	ELECO.r07.2AG0102970_ELECO.r07.2AG0102970.1	44	44	unique	44	44	44	0.10526315789473684	9	419	33.77777777777778	29.31733570499724	1.0	60.0	59.0	2	0.4444444444444444	0.5555555555555556	29.31733570499724	60	0	60	0	30.5	29.5	29.5
empirical	user_msa	Phala.08G200500_Phala.08G200500.1	Phala.08G200500_Phala.08G200500.1	44	44	unique	44	44	44	0.10526315789473684	9	419	33.77777777777778	29.31733570499724	1.0	60.0	59.0	2	0.4444444444444444	0.5555555555555556	29.31733570499724	1	1	1	1	37.875	-36.875	-36.875
empirical	user_msa	Phala.08G200500_Phala.08G200500.3	Phala.08G200500_Phala.08G200500.3	44	44	unique	44	44	44	0.10526315789473684	9	419	33.77777777777778	29.31733570499724	1.0	60.0	59.0	2	0.4444444444444444	0.5555555555555556	29.31733570499724	1	1	1	1	37.875	-36.875	-36.875
empirical	user_msa	Phala.08G200500_Phala.08G200500.2	Phala.08G200500_Phala.08G200500.2	44	44	unique	44	44	44	0.10526315789473684	9	419	33.77777777777778	29.31733570499724	1.0	60.0	59.0	2	0.4444444444444444	0.5555555555555556	29.31733570499724	1	1	1	1	37.875	-36.875	-36.875
empirical	user_msa	HORVU.MOREX.r3.6HG0571560_HORVU.MOREX.r3.6HG0571560.1	HORVU.MOREX.r3.6HG0571560_HORVU.MOREX.r3.6HG0571560.1	44	44	unique	44	44	44	0.10526315789473684	9	419	33.77777777777778	29.31733570499724	1.0	60.0	59.0	2	0.4444444444444444	0.5555555555555556	29.31733570499724	60	0	60	0	30.5	29.5	29.5
empirical	user_msa	TraesCS6A03G0381800_TraesCS6A03G0381800.1	TraesCS6A03G0381800_TraesCS6A03G0381800.1	44	44	unique	44	44	44	0.10526315789473684	9	419	33.77777777777778	29.31733570499724	1.0	60.0	59.0	2	0.4444444444444444	0.5555555555555556	29.31733570499724	60	0	60	0	30.5	29.5	29.5
empirical	user_msa	Thint.S06G201700_Thint.S06G201700.1	Thint.S06G201700_Thint.S06G201700.1	44	44	unique	44	44	44	0.10526315789473684	9	419	33.77777777777778	29.31733570499724	1.0	60.0	59.0	2	0.4444444444444444	0.5555555555555556	29.31733570499724	60	0	60	0	30.5	29.5	29.5
empirical	user_msa	LOC_Os02g07490_LOC_Os02g07490.1	LOC_Os02g07490_LOC_Os02g07490.1	45	45	unique	45	45	45	0.1076555023923445	9	419	11.666666666666666	10.749676997731399	1.0	25.0	24.0	4	0.4444444444444444	0.5555555555555556	10.749676997731399	7	0	7	0	12.25	-5.25	-5.25
empirical	user_msa	Oropetium_20150105_02675_Oropetium_20150105_02675A	Oropetium_20150105_02675_Oropetium_20150105_02675A	45	45	unique	45	45	45	0.1076555023923445	9	419	11.666666666666666	10.749676997731399	1.0	25.0	24.0	4	0.4444444444444444	0.5555555555555556	10.749676997731399	1	1	1	1	13.0	-12.0	-12.0
empirical	user_msa	ELECO.r07.2AG0102970_ELECO.r07.2AG0102970.1	ELECO.r07.2AG0102970_ELECO.r07.2AG0102970.1	45	45	unique	45	45	45	0.1076555023923445	9	419	11.666666666666666	10.749676997731399	1.0	25.0	24.0	4	0.4444444444444444	0.5555555555555556	10.749676997731399	25	0	25	0	10.0	15.0	15.0
empirical	user_msa	Phala.08G200500_Phala.08G200500.1	Phala.08G200500_Phala.08G200500.1	45	45	unique	45	45	45	0.1076555023923445	9	419	11.666666666666666	10.749676997731399	1.0	25.0	24.0	4	0.4444444444444444	0.5555555555555556	10.749676997731399	1	1	1	1	13.0	-12.0	-12.0
empirical	user_msa	Phala.08G200500_Phala.08G200500.3	Phala.08G200500_Phala.08G200500.3	45	45	unique	45	45	45	0.1076555023923445	9	419	11.666666666666666	10.749676997731399	1.0	25.0	24.0	4	0.4444444444444444	0.5555555555555556	10.749676997731399	1	1	1	1	13.0	-12.0	-12.0
empirical	user_msa	Phala.08G200500_Phala.08G200500.2	Phala.08G200500_Phala.08G200500.2	45	45	unique	45	45	45	0.1076555023923445	9	419	11.666666666666666	10.749676997731399	1.0	25.0	24.0	4	0.4444444444444444	0.5555555555555556	10.749676997731399	1	1	1	1	13.0	-12.0	-12.0
empirical	user_msa	HORVU.MOREX.r3.6HG0571560_HORVU.MOREX.r3.6HG0571560.1	HORVU.MOREX.r3.6HG0571560_HORVU.MOREX.r3.6HG0571560.1	45	45	unique	45	45	45	0.1076555023923445	9	419	11.666666666666666	10.749676997731399	1.0	25.0	24.0	4	0.4444444444444444	0.5555555555555556	10.749676997731399	23	0	23	0	10.25	12.75	12.75
empirical	user_msa	TraesCS6A03G0381800_TraesCS6A03G0381800.1	TraesCS6A03G0381800_TraesCS6A03G0381800.1	45	45	unique	45	45	45	0.1076555023923445	9	419	11.666666666666666	10.749676997731399	1.0	25.0	24.0	4	0.4444444444444444	0.5555555555555556	10.749676997731399	23	0	23	0	10.25	12.75	12.75
empirical	user_msa	Thint.S06G201700_Thint.S06G201700.1	Thint.S06G201700_Thint.S06G201700.1	45	45	unique	45	45	45	0.1076555023923445	9	419	11.666666666666666	10.749676997731399	1.0	25.0	24.0	4	0.4444444444444444	0.5555555555555556	10.749676997731399	23	0	23	0	10.25	12.75	12.75
empirical	user_msa	LOC_Os02g07490_LOC_Os02g07490.1	LOC_Os02g07490_LOC_Os02g07490.1	46	46	unique	46	46	46	0.11004784688995216	9	419	29.77777777777778	25.741353576504427	1.0	53.0	52.0	3	0.4444444444444444	0.5555555555555556	25.741353576504427	53	0	53	0	26.875	26.125	26.125
empirical	user_msa	Oropetium_20150105_02675_Oropetium_20150105_02675A	Oropetium_20150105_02675_Oropetium_20150105_02675A	46	46	unique	46	46	46	0.11004784688995216	9	419	29.77777777777778	25.741353576504427	1.0	53.0	52.0	3	0.4444444444444444	0.5555555555555556	25.741353576504427	1	1	1	1	33.375	-32.375	-32.375
empirical	user_msa	ELECO.r07.2AG0102970_ELECO.r07.2AG0102970.1	ELECO.r07.2AG0102970_ELECO.r07.2AG0102970.1	46	46	unique	46	46	46	0.11004784688995216	9	419	29.77777777777778	25.741353576504427	1.0	53.0	52.0	3	0.4444444444444444	0.5555555555555556	25.741353576504427	52	0	52	0	27.0	25.0	25.0
empirical	user_msa	Phala.08G200500_Phala.08G200500.1	Phala.08G200500_Phala.08G200500.1	46	46	unique	46	46	46	0.11004784688995216	9	419	29.77777777777778	25.741353576504427	1.0	53.0	52.0	3	0.4444444444444444	0.5555555555555556	25.741353576504427	1	1	1	1	33.375	-32.375	-32.375
empirical	user_msa	Phala.08G200500_Phala.08G200500.3	Phala.08G200500_Phala.08G200500.3	46	46	unique	46	46	46	0.11004784688995216	9	419	29.77777777777778	25.741353576504427	1.0	53.0	52.0	3	0.4444444444444444	0.5555555555555556	25.741353576504427	1	1	1	1	33.375	-32.375	-32.375
empirical	user_msa	Phala.08G200500_Phala.08G200500.2	Phala.08G200500_Phala.08G200500.2	46	46	unique	46	46	46	0.11004784688995216	9	419	29.77777777777778	25.741353576504427	1.0	53.0	52.0	3	0.4444444444444444	0.5555555555555556	25.741353576504427	1	1	1	1	33.375	-32.375	-32.375
empirical	user_msa	HORVU.MOREX.r3.6HG0571560_HORVU.MOREX.r3.6HG0571560.1	HORVU.MOREX.r3.6HG0571560_HORVU.MOREX.r3.6HG0571560.1	46	46	unique	46	46	46	0.11004784688995216	9	419	29.77777777777778	25.741353576504427	1.0	53.0	52.0	3	0.4444444444444444	0.5555555555555556	25.741353576504427	53	0	53	0	26.875	26.125	26.125
empirical	user_msa	TraesCS6A03G0381800_TraesCS6A03G0381800.1	TraesCS6A03G0381800_TraesCS6A03G0381800.1	46	46	unique	46	46	46	0.11004784688995216	9	419	29.77777777777778	25.741353576504427	1.0	53.0	52.0	3	0.4444444444444444	0.5555555555555556	25.741353576504427	53	0	53	0	26.875	26.125	26.125
empirical	user_msa	Thint.S06G201700_Thint.S06G201700.1	Thint.S06G201700_Thint.S06G201700.1	46	46	unique	46	46	46	0.11004784688995216	9	419	29.77777777777778	25.741353576504427	1.0	53.0	52.0	3	0.4444444444444444	0.5555555555555556	25.741353576504427	53	0	53	0	26.875	26.125	26.125
empirical	user_msa	LOC_Os02g07490_LOC_Os02g07490.1	LOC_Os02g07490_LOC_Os02g07490.1	47	47	unique	47	47	47	0.11244019138755981	9	419	14.666666666666666	18.269586141392963	1.0	62.0	61.0	4	0.4444444444444444	0.5555555555555556	18.269586141392963	15	0	15	0	14.625	0.375	0.375
empirical	user_msa	Oropetium_20150105_02675_Oropetium_20150105_02675A	Oropetium_20150105_02675_Oropetium_20150105_02675A	47	47	unique	47	47	47	0.11244019138755981	9	419	14.666666666666666	18.269586141392963	1.0	62.0	61.0	4	0.4444444444444444	0.5555555555555556	18.269586141392963	1	1	1	1	16.375	-15.375	-15.375
empirical	user_msa	ELECO.r07.2AG0102970_ELECO.r07.2AG0102970.1	ELECO.r07.2AG0102970_ELECO.r07.2AG0102970.1	47	47	unique	47	47	47	0.11244019138755981	9	419	14.666666666666666	18.269586141392963	1.0	62.0	61.0	4	0.4444444444444444	0.5555555555555556	18.269586141392963	62	0	62	0	8.75	53.25	53.25
empirical	user_msa	Phala.08G200500_Phala.08G200500.1	Phala.08G200500_Phala.08G200500.1	47	47	unique	47	47	47	0.11244019138755981	9	419	14.666666666666666	18.269586141392963	1.0	62.0	61.0	4	0.4444444444444444	0.5555555555555556	18.269586141392963	1	1	1	1	16.375	-15.375	-15.375
empirical	user_msa	Phala.08G200500_Phala.08G200500.3	Phala.08G200500_Phala.08G200500.3	47	47	unique	47	47	47	0.11244019138755981	9	419	14.666666666666666	18.269586141392963	1.0	62.0	61.0	4	0.4444444444444444	0.5555555555555556	18.269586141392963	1	1	1	1	16.375	-15.375	-15.375
empirical	user_msa	Phala.08G200500_Phala.08G200500.2	Phala.08G200500_Phala.08G200500.2	47	47	unique	47	47	47	0.11244019138755981	9	419	14.666666666666666	18.269586141392963	1.0	62.0	61.0	4	0.4444444444444444	0.5555555555555556	18.269586141392963	1	1	1	1	16.375	-15.375	-15.375
empirical	user_msa	HORVU.MOREX.r3.6HG0571560_HORVU.MOREX.r3.6HG0571560.1	HORVU.MOREX.r3.6HG0571560_HORVU.MOREX.r3.6HG0571560.1	47	47	unique	47	47	47	0.11244019138755981	9	419	14.666666666666666	18.269586141392963	1.0	62.0	61.0	4	0.4444444444444444	0.5555555555555556	18.269586141392963	17	0	17	0	14.375	2.625	2.625
empirical	user_msa	TraesCS6A03G0381800_TraesCS6A03G0381800.1	TraesCS6A03G0381800_TraesCS6A03G0381800.1	47	47	unique	47	47	47	0.11244019138755981	9	419	14.666666666666666	18.269586141392963	1.0	62.0	61.0	4	0.4444444444444444	0.5555555555555556	18.269586141392963	17	0	17	0	14.375	2.625	2.625
empirical	user_msa	Thint.S06G201700_Thint.S06G201700.1	Thint.S06G201700_Thint.S06G201700.1	47	47	unique	47	47	47	0.11244019138755981	9	419	14.666666666666666	18.269586141392963	1.0	62.0	61.0	4	0.4444444444444444	0.5555555555555556	18.269586141392963	17	0	17	0	14.375	2.625	2.625
empirical	user_msa	LOC_Os02g07490_LOC_Os02g07490.1	LOC_Os02g07490_LOC_Os02g07490.1	48	48	unique	48	48	48	0.11483253588516747	9	419	23.22222222222222	20.065325413524132	1.0	48.0	47.0	5	0.4444444444444444	0.5555555555555556	20.065325413524132	38	0	38	0	21.375	16.625	16.625
empirical	user_msa	Oropetium_20150105_02675_Oropetium_20150105_02675A	Oropetium_20150105_02675_Oropetium_20150105_02675A	48	48	unique	48	48	48	0.11483253588516747	9	419	23.22222222222222	20.065325413524132	1.0	48.0	47.0	5	0.4444444444444444	0.5555555555555556	20.065325413524132	1	1	1	1	26.0	-25.0	-25.0
empirical	user_msa	ELECO.r07.2AG0102970_ELECO.r07.2AG0102970.1	ELECO.r07.2AG0102970_ELECO.r07.2AG0102970.1	48	48	unique	48	48	48	0.11483253588516747	9	419	23.22222222222222	20.065325413524132	1.0	48.0	47.0	5	0.4444444444444444	0.5555555555555556	20.065325413524132	38	0	38	0	21.375	16.625	16.625
empirical	user_msa	Phala.08G200500_Phala.08G200500.1	Phala.08G200500_Phala.08G200500.1	48	48	unique	48	48	48	0.11483253588516747	9	419	23.22222222222222	20.065325413524132	1.0	48.0	47.0	5	0.4444444444444444	0.5555555555555556	20.065325413524132	1	1	1	1	26.0	-25.0	-25.0
empirical	user_msa	Phala.08G200500_Phala.08G200500.3	Phala.08G200500_Phala.08G200500.3	48	48	unique	48	48	48	0.11483253588516747	9	419	23.22222222222222	20.065325413524132	1.0	48.0	47.0	5	0.4444444444444444	0.5555555555555556	20.065325413524132	1	1	1	1	26.0	-25.0	-25.0
empirical	user_msa	Phala.08G200500_Phala.08G200500.2	Phala.08G200500_Phala.08G200500.2	48	48	unique	48	48	48	0.11483253588516747	9	419	23.22222222222222	20.065325413524132	1.0	48.0	47.0	5	0.4444444444444444	0.5555555555555556	20.065325413524132	1	1	1	1	26.0	-25.0	-25.0
empirical	user_msa	HORVU.MOREX.r3.6HG0571560_HORVU.MOREX.r3.6HG0571560.1	HORVU.MOREX.r3.6HG0571560_HORVU.MOREX.r3.6HG0571560.1	48	48	unique	48	48	48	0.11483253588516747	9	419	23.22222222222222	20.065325413524132	1.0	48.0	47.0	5	0.4444444444444444	0.5555555555555556	20.065325413524132	41	0	41	0	21.0	20.0	20.0
empirical	user_msa	TraesCS6A03G0381800_TraesCS6A03G0381800.1	TraesCS6A03G0381800_TraesCS6A03G0381800.1	48	48	unique	48	48	48	0.11483253588516747	9	419	23.22222222222222	20.065325413524132	1.0	48.0	47.0	5	0.4444444444444444	0.5555555555555556	20.065325413524132	40	0	40	0	21.125	18.875	18.875
empirical	user_msa	Thint.S06G201700_Thint.S06G201700.1	Thint.S06G201700_Thint.S06G201700.1	48	48	unique	48	48	48	0.11483253588516747	9	419	23.22222222222222	20.065325413524132	1.0	48.0	47.0	5	0.4444444444444444	0.5555555555555556	20.065325413524132	48	0	48	0	20.125	27.875	27.875
empirical	user_msa	LOC_Os02g07490_LOC_Os02g07490.1	LOC_Os02g07490_LOC_Os02g07490.1	49	49	unique	49	49	49	0.11722488038277512	9	419	23.0	19.686430746977866	1.0	41.0	40.0	3	0.4444444444444444	0.5555555555555556	19.686430746977866	41	0	41	0	20.75	20.25	20.25
empirical	user_msa	Oropetium_20150105_02675_Oropetium_20150105_02675A	Oropetium_20150105_02675_Oropetium_20150105_02675A	49	49	unique	49	49	49	0.11722488038277512	9	419	23.0	19.686430746977866	1.0	41.0	40.0	3	0.4444444444444444	0.5555555555555556	19.686430746977866	1	1	1	1	25.75	-24.75	-24.75
empirical	user_msa	ELECO.r07.2AG0102970_ELECO.r07.2AG0102970.1	ELECO.r07.2AG0102970_ELECO.r07.2AG0102970.1	49	49	unique	49	49	49	0.11722488038277512	9	419	23.0	19.686430746977866	1.0	41.0	40.0	3	0.4444444444444444	0.5555555555555556	19.686430746977866	39	0	39	0	21.0	18.0	18.0
empirical	user_msa	Phala.08G200500_Phala.08G200500.1	Phala.08G200500_Phala.08G200500.1	49	49	unique	49	49	49	0.11722488038277512	9	419	23.0	19.686430746977866	1.0	41.0	40.0	3	0.4444444444444444	0.5555555555555556	19.686430746977866	1	1	1	1	25.75	-24.75	-24.75
empirical	user_msa	Phala.08G200500_Phala.08G200500.3	Phala.08G200500_Phala.08G200500.3	49	49	unique	49	49	49	0.11722488038277512	9	419	23.0	19.686430746977866	1.0	41.0	40.0	3	0.4444444444444444	0.5555555555555556	19.686430746977866	1	1	1	1	25.75	-24.75	-24.75
empirical	user_msa	Phala.08G200500_Phala.08G200500.2	Phala.08G200500_Phala.08G200500.2	49	49	unique	49	49	49	0.11722488038277512	9	419	23.0	19.686430746977866	1.0	41.0	40.0	3	0.4444444444444444	0.5555555555555556	19.686430746977866	1	1	1	1	25.75	-24.75	-24.75
empirical	user_msa	HORVU.MOREX.r3.6HG0571560_HORVU.MOREX.r3.6HG0571560.1	HORVU.MOREX.r3.6HG0571560_HORVU.MOREX.r3.6HG0571560.1	49	49	unique	49	49	49	0.11722488038277512	9	419	23.0	19.686430746977866	1.0	41.0	40.0	3	0.4444444444444444	0.5555555555555556	19.686430746977866	41	0	41	0	20.75	20.25	20.25
empirical	user_msa	TraesCS6A03G0381800_TraesCS6A03G0381800.1	TraesCS6A03G0381800_TraesCS6A03G0381800.1	49	49	unique	49	49	49	0.11722488038277512	9	419	23.0	19.686430746977866	1.0	41.0	40.0	3	0.4444444444444444	0.5555555555555556	19.686430746977866	41	0	41	0	20.75	20.25	20.25
empirical	user_msa	Thint.S06G201700_Thint.S06G201700.1	Thint.S06G201700_Thint.S06G201700.1	49	49	unique	49	49	49	0.11722488038277512	9	419	23.0	19.686430746977866	1.0	41.0	40.0	3	0.4444444444444444	0.5555555555555556	19.686430746977866	41	0	41	0	20.75	20.25	20.25
empirical	user_msa	LOC_Os02g07490_LOC_Os02g07490.1	LOC_Os02g07490_LOC_Os02g07490.1	50	50	unique	50	50	50	0.11961722488038277	9	419	29.88888888888889	25.83900773999757	1.0	53.0	52.0	2	0.4444444444444444	0.5555555555555556	25.83900773999757	53	0	53	0	27.0	26.0	26.0
empirical	user_msa	Oropetium_20150105_02675_Oropetium_20150105_02675A	Oropetium_20150105_02675_Oropetium_20150105_02675A	50	50	unique	50	50	50	0.11961722488038277	9	419	29.88888888888889	25.83900773999757	1.0	53.0	52.0	2	0.4444444444444444	0.5555555555555556	25.83900773999757	1	1	1	1	33.5	-32.5	-32.5
empirical	user_msa	ELECO.r07.2AG0102970_ELECO.r07.2AG0102970.1	ELECO.r07.2AG0102970_ELECO.r07.2AG0102970.1	50	50	unique	50	50	50	0.11961722488038277	9	419	29.88888888888889	25.83900773999757	1.0	53.0	52.0	2	0.4444444444444444	0.5555555555555556	25.83900773999757	53	0	53	0	27.0	26.0	26.0
empirical	user_msa	Phala.08G200500_Phala.08G200500.1	Phala.08G200500_Phala.08G200500.1	50	50	unique	50	50	50	0.11961722488038277	9	419	29.88888888888889	25.83900773999757	1.0	53.0	52.0	2	0.4444444444444444	0.5555555555555556	25.83900773999757	1	1	1	1	33.5	-32.5	-32.5
empirical	user_msa	Phala.08G200500_Phala.08G200500.3	Phala.08G200500_Phala.08G200500.3	50	50	unique	50	50	50	0.11961722488038277	9	419	29.88888888888889	25.83900773999757	1.0	53.0	52.0	2	0.4444444444444444	0.5555555555555556	25.83900773999757	1	1	1	1	33.5	-32.5	-32.5
empirical	user_msa	Phala.08G200500_Phala.08G200500.2	Phala.08G200500_Phala.08G200500.2	50	50	unique	50	50	50	0.11961722488038277	9	419	29.88888888888889	25.83900773999757	1.0	53.0	52.0	2	0.4444444444444444	0.5555555555555556	25.83900773999757	1	1	1	1	33.5	-32.5	-32.5
empirical	user_msa	HORVU.MOREX.r3.6HG0571560_HORVU.MOREX.r3.6HG0571560.1	HORVU.MOREX.r3.6HG0571560_HORVU.MOREX.r3.6HG0571560.1	50	50	unique	50	50	50	0.11961722488038277	9	419	29.88888888888889	25.83900773999757	1.0	53.0	52.0	2	0.4444444444444444	0.5555555555555556	25.83900773999757	53	0	53	0	27.0	26.0	26.0
empirical	user_msa	TraesCS6A03G0381800_TraesCS6A03G0381800.1	TraesCS6A03G0381800_TraesCS6A03G0381800.1	50	50	unique	50	50	50	0.11961722488038277	9	419	29.88888888888889	25.83900773999757	1.0	53.0	52.0	2	0.4444444444444444	0.5555555555555556	25.83900773999757	53	0	53	0	27.0	26.0	26.0
empirical	user_msa	Thint.S06G201700_Thint.S06G201700.1	Thint.S06G201700_Thint.S06G201700.1	50	50	unique	50	50	50	0.11961722488038277	9	419	29.88888888888889	25.83900773999757	1.0	53.0	52.0	2	0.4444444444444444	0.5555555555555556	25.83900773999757	53	0	53	0	27.0	26.0	26.0
empirical	user_msa	LOC_Os02g07490_LOC_Os02g07490.1	LOC_Os02g07490_LOC_Os02g07490.1	51	51	unique	51	51	51	0.12200956937799043	9	419	31.0	26.832815729997478	1.0	55.0	54.0	2	0.4444444444444444	0.5555555555555556	26.832815729997478	55	0	55	0	28.0	27.0	27.0
empirical	user_msa	Oropetium_20150105_02675_Oropetium_20150105_02675A	Oropetium_20150105_02675_Oropetium_20150105_02675A	51	51	unique	51	51	51	0.12200956937799043	9	419	31.0	26.832815729997478	1.0	55.0	54.0	2	0.4444444444444444	0.5555555555555556	26.832815729997478	1	1	1	1	34.75	-33.75	-33.75
empirical	user_msa	ELECO.r07.2AG0102970_ELECO.r07.2AG0102970.1	ELECO.r07.2AG0102970_ELECO.r07.2AG0102970.1	51	51	unique	51	51	51	0.12200956937799043	9	419	31.0	26.832815729997478	1.0	55.0	54.0	2	0.4444444444444444	0.5555555555555556	26.832815729997478	55	0	55	0	28.0	27.0	27.0
empirical	user_msa	Phala.08G200500_Phala.08G200500.1	Phala.08G200500_Phala.08G200500.1	51	51	unique	51	51	51	0.12200956937799043	9	419	31.0	26.832815729997478	1.0	55.0	54.0	2	0.4444444444444444	0.5555555555555556	26.832815729997478	1	1	1	1	34.75	-33.75	-33.75
empirical	user_msa	Phala.08G200500_Phala.08G200500.3	Phala.08G200500_Phala.08G200500.3	51	51	unique	51	51	51	0.12200956937799043	9	419	31.0	26.832815729997478	1.0	55.0	54.0	2	0.4444444444444444	0.5555555555555556	26.832815729997478	1	1	1	1	34.75	-33.75	-33.75
empirical	user_msa	Phala.08G200500_Phala.08G200500.2	Phala.08G200500_Phala.08G200500.2	51	51	unique	51	51	51	0.12200956937799043	9	419	31.0	26.832815729997478	1.0	55.0	54.0	2	0.4444444444444444	0.5555555555555556	26.832815729997478	1	1	1	1	34.75	-33.75	-33.75
empirical	user_msa	HORVU.MOREX.r3.6HG0571560_HORVU.MOREX.r3.6HG0571560.1	HORVU.MOREX.r3.6HG0571560_HORVU.MOREX.r3.6HG0571560.1	51	51	unique	51	51	51	0.12200956937799043	9	419	31.0	26.832815729997478	1.0	55.0	54.0	2	0.4444444444444444	0.5555555555555556	26.832815729997478	55	0	55	0	28.0	27.0	27.0
empirical	user_msa	TraesCS6A03G0381800_TraesCS6A03G0381800.1	TraesCS6A03G0381800_TraesCS6A03G0381800.1	51	51	unique	51	51	51	0.12200956937799043	9	419	31.0	26.832815729997478	1.0	55.0	54.0	2	0.4444444444444444	0.5555555555555556	26.832815729997478	55	0	55	0	28.0	27.0	27.0
empirical	user_msa	Thint.S06G201700_Thint.S06G201700.1	Thint.S06G201700_Thint.S06G201700.1	51	51	unique	51	51	51	0.12200956937799043	9	419	31.0	26.832815729997478	1.0	55.0	54.0	2	0.4444444444444444	0.5555555555555556	26.832815729997478	55	0	55	0	28.0	27.0	27.0
empirical	user_msa	LOC_Os02g07490_LOC_Os02g07490.1	LOC_Os02g07490_LOC_Os02g07490.1	52	52	unique	52	52	52	0.12440191387559808	9	419	29.555555555555557	25.547824917685094	1.0	54.0	53.0	3	0.4444444444444444	0.5555555555555556	25.547824917685094	52	0	52	0	26.75	25.25	25.25
empirical	user_msa	Oropetium_20150105_02675_Oropetium_20150105_02675A	Oropetium_20150105_02675_Oropetium_20150105_02675A	52	52	unique	52	52	52	0.12440191387559808	9	419	29.555555555555557	25.547824917685094	1.0	54.0	53.0	3	0.4444444444444444	0.5555555555555556	25.547824917685094	1	1	1	1	33.125	-32.125	-32.125
empirical	user_msa	ELECO.r07.2AG0102970_ELECO.r07.2AG0102970.1	ELECO.r07.2AG0102970_ELECO.r07.2AG0102970.1	52	52	unique	52	52	52	0.12440191387559808	9	419	29.555555555555557	25.547824917685094	1.0	54.0	53.0	3	0.4444444444444444	0.5555555555555556	25.547824917685094	54	0	54	0	26.5	27.5	27.5
empirical	user_msa	Phala.08G200500_Phala.08G200500.1	Phala.08G200500_Phala.08G200500.1	52	52	unique	52	52	52	0.12440191387559808	9	419	29.555555555555557	25.547824917685094	1.0	54.0	53.0	3	0.4444444444444444	0.5555555555555556	25.547824917685094	1	1	1	1	33.125	-32.125	-32.125
empirical	user_msa	Phala.08G200500_Phala.08G200500.3	Phala.08G200500_Phala.08G200500.3	52	52	unique	52	52	52	0.12440191387559808	9	419	29.555555555555557	25.547824917685094	1.0	54.0	53.0	3	0.4444444444444444	0.5555555555555556	25.547824917685094	1	1	1	1	33.125	-32.125	-32.125
empirical	user_msa	Phala.08G200500_Phala.08G200500.2	Phala.08G200500_Phala.08G200500.2	52	52	unique	52	52	52	0.12440191387559808	9	419	29.555555555555557	25.547824917685094	1.0	54.0	53.0	3	0.4444444444444444	0.5555555555555556	25.547824917685094	1	1	1	1	33.125	-32.125	-32.125
empirical	user_msa	HORVU.MOREX.r3.6HG0571560_HORVU.MOREX.r3.6HG0571560.1	HORVU.MOREX.r3.6HG0571560_HORVU.MOREX.r3.6HG0571560.1	52	52	unique	52	52	52	0.12440191387559808	9	419	29.555555555555557	25.547824917685094	1.0	54.0	53.0	3	0.4444444444444444	0.5555555555555556	25.547824917685094	52	0	52	0	26.75	25.25	25.25
empirical	user_msa	TraesCS6A03G0381800_TraesCS6A03G0381800.1	TraesCS6A03G0381800_TraesCS6A03G0381800.1	52	52	unique	52	52	52	0.12440191387559808	9	419	29.555555555555557	25.547824917685094	1.0	54.0	53.0	3	0.4444444444444444	0.5555555555555556	25.547824917685094	52	0	52	0	26.75	25.25	25.25
empirical	user_msa	Thint.S06G201700_Thint.S06G201700.1	Thint.S06G201700_Thint.S06G201700.1	52	52	unique	52	52	52	0.12440191387559808	9	419	29.555555555555557	25.547824917685094	1.0	54.0	53.0	3	0.4444444444444444	0.5555555555555556	25.547824917685094	52	0	52	0	26.75	25.25	25.25
empirical	user_msa	LOC_Os02g07490_LOC_Os02g07490.1	LOC_Os02g07490_LOC_Os02g07490.1	53	53	unique	53	53	53	0.12679425837320574	9	419	26.666666666666668	27.08833287188006	1.0	62.0	61.0	4	0.4444444444444444	0.5555555555555556	27.08833287188006	62	0	62	0	22.25	39.75	39.75
empirical	user_msa	Oropetium_20150105_02675_Oropetium_20150105_02675A	Oropetium_20150105_02675_Oropetium_20150105_02675A	53	53	unique	53	53	53	0.12679425837320574	9	419	26.666666666666668	27.08833287188006	1.0	62.0	61.0	4	0.4444444444444444	0.5555555555555556	27.08833287188006	1	1	1	1	29.875	-28.875	-28.875
empirical	user_msa	ELECO.r07.2AG0102970_ELECO.r07.2AG0102970.1	ELECO.r07.2AG0102970_ELECO.r07.2AG0102970.1	53	53	unique	53	53	53	0.12679425837320574	9	419	26.666666666666668	27.08833287188006	1.0	62.0	61.0	4	0.4444444444444444	0.5555555555555556	27.08833287188006	9	0	9	0	28.875	-19.875	-19.875
empirical	user_msa	Phala.08G200500_Phala.08G200500.1	Phala.08G200500_Phala.08G200500.1	53	53	unique	53	53	53	0.12679425837320574	9	419	26.666666666666668	27.08833287188006	1.0	62.0	61.0	4	0.4444444444444444	0.5555555555555556	27.08833287188006	1	1	1	1	29.875	-28.875	-28.875
empirical	user_msa	Phala.08G200500_Phala.08G200500.3	Phala.08G200500_Phala.08G200500.3	53	53	unique	53	53	53	0.12679425837320574	9	419	26.666666666666668	27.08833287188006	1.0	62.0	61.0	4	0.4444444444444444	0.5555555555555556	27.08833287188006	1	1	1	1	29.875	-28.875	-28.875
empirical	user_msa	Phala.08G200500_Phala.08G200500.2	Phala.08G200500_Phala.08G200500.2	53	53	unique	53	53	53	0.12679425837320574	9	419	26.666666666666668	27.08833287188006	1.0	62.0	61.0	4	0.4444444444444444	0.5555555555555556	27.08833287188006	1	1	1	1	29.875	-28.875	-28.875
empirical	user_msa	HORVU.MOREX.r3.6HG0571560_HORVU.MOREX.r3.6HG0571560.1	HORVU.MOREX.r3.6HG0571560_HORVU.MOREX.r3.6HG0571560.1	53	53	unique	53	53	53	0.12679425837320574	9	419	26.666666666666668	27.08833287188006	1.0	62.0	61.0	4	0.4444444444444444	0.5555555555555556	27.08833287188006	55	0	55	0	23.125	31.875	31.875
empirical	user_msa	TraesCS6A03G0381800_TraesCS6A03G0381800.1	TraesCS6A03G0381800_TraesCS6A03G0381800.1	53	53	unique	53	53	53	0.12679425837320574	9	419	26.666666666666668	27.08833287188006	1.0	62.0	61.0	4	0.4444444444444444	0.5555555555555556	27.08833287188006	55	0	55	0	23.125	31.875	31.875
empirical	user_msa	Thint.S06G201700_Thint.S06G201700.1	Thint.S06G201700_Thint.S06G201700.1	53	53	unique	53	53	53	0.12679425837320574	9	419	26.666666666666668	27.08833287188006	1.0	62.0	61.0	4	0.4444444444444444	0.5555555555555556	27.08833287188006	55	0	55	0	23.125	31.875	31.875
empirical	user_msa	LOC_Os02g07490_LOC_Os02g07490.1	LOC_Os02g07490_LOC_Os02g07490.1	54	54	unique	54	54	54	0.1291866028708134	9	419	23.444444444444443	20.19411966726459	1.0	47.0	46.0	4	0.4444444444444444	0.5555555555555556	20.19411966726459	41	0	41	0	21.25	19.75	19.75
empirical	user_msa	Oropetium_20150105_02675_Oropetium_20150105_02675A	Oropetium_20150105_02675_Oropetium_20150105_02675A	54	54	unique	54	54	54	0.1291866028708134	9	419	23.444444444444443	20.19411966726459	1.0	47.0	46.0	4	0.4444444444444444	0.5555555555555556	20.19411966726459	1	1	1	1	26.25	-25.25	-25.25
empirical	user_msa	ELECO.r07.2AG0102970_ELECO.r07.2AG0102970.1	ELECO.r07.2AG0102970_ELECO.r07.2AG0102970.1	54	54	unique	54	54	54	0.1291866028708134	9	419	23.444444444444443	20.19411966726459	1.0	47.0	46.0	4	0.4444444444444444	0.5555555555555556	20.19411966726459	41	0	41	0	21.25	19.75	19.75
empirical	user_msa	Phala.08G200500_Phala.08G200500.1	Phala.08G200500_Phala.08G200500.1	54	54	unique	54	54	54	0.1291866028708134	9	419	23.444444444444443	20.19411966726459	1.0	47.0	46.0	4	0.4444444444444444	0.5555555555555556	20.19411966726459	1	1	1	1	26.25	-25.25	-25.25
empirical	user_msa	Phala.08G200500_Phala.08G200500.3	Phala.08G200500_Phala.08G200500.3	54	54	unique	54	54	54	0.1291866028708134	9	419	23.444444444444443	20.19411966726459	1.0	47.0	46.0	4	0.4444444444444444	0.5555555555555556	20.19411966726459	1	1	1	1	26.25	-25.25	-25.25
empirical	user_msa	Phala.08G200500_Phala.08G200500.2	Phala.08G200500_Phala.08G200500.2	54	54	unique	54	54	54	0.1291866028708134	9	419	23.444444444444443	20.19411966726459	1.0	47.0	46.0	4	0.4444444444444444	0.5555555555555556	20.19411966726459	1	1	1	1	26.25	-25.25	-25.25
empirical	user_msa	HORVU.MOREX.r3.6HG0571560_HORVU.MOREX.r3.6HG0571560.1	HORVU.MOREX.r3.6HG0571560_HORVU.MOREX.r3.6HG0571560.1	54	54	unique	54	54	54	0.1291866028708134	9	419	23.444444444444443	20.19411966726459	1.0	47.0	46.0	4	0.4444444444444444	0.5555555555555556	20.19411966726459	47	0	47	0	20.5	26.5	26.5
empirical	user_msa	TraesCS6A03G0381800_TraesCS6A03G0381800.1	TraesCS6A03G0381800_TraesCS6A03G0381800.1	54	54	unique	54	54	54	0.1291866028708134	9	419	23.444444444444443	20.19411966726459	1.0	47.0	46.0	4	0.4444444444444444	0.5555555555555556	20.19411966726459	39	0	39	0	21.5	17.5	17.5
empirical	user_msa	Thint.S06G201700_Thint.S06G201700.1	Thint.S06G201700_Thint.S06G201700.1	54	54	unique	54	54	54	0.1291866028708134	9	419	23.444444444444443	20.19411966726459	1.0	47.0	46.0	4	0.4444444444444444	0.5555555555555556	20.19411966726459	39	0	39	0	21.5	17.5	17.5
empirical	user_msa	LOC_Os02g07490_LOC_Os02g07490.1	LOC_Os02g07490_LOC_Os02g07490.1	55	55	unique	55	55	55	0.13157894736842105	9	419	7.111111111111111	5.465943944999486	1.0	12.0	11.0	2	0.4444444444444444	0.5555555555555556	5.465943944999486	12	0	12	0	6.5	5.5	5.5
empirical	user_msa	Oropetium_20150105_02675_Oropetium_20150105_02675A	Oropetium_20150105_02675_Oropetium_20150105_02675A	55	55	unique	55	55	55	0.13157894736842105	9	419	7.111111111111111	5.465943944999486	1.0	12.0	11.0	2	0.4444444444444444	0.5555555555555556	5.465943944999486	1	1	1	1	7.875	-6.875	-6.875
empirical	user_msa	ELECO.r07.2AG0102970_ELECO.r07.2AG0102970.1	ELECO.r07.2AG0102970_ELECO.r07.2AG0102970.1	55	55	unique	55	55	55	0.13157894736842105	9	419	7.111111111111111	5.465943944999486	1.0	12.0	11.0	2	0.4444444444444444	0.5555555555555556	5.465943944999486	12	0	12	0	6.5	5.5	5.5
empirical	user_msa	Phala.08G200500_Phala.08G200500.1	Phala.08G200500_Phala.08G200500.1	55	55	unique	55	55	55	0.13157894736842105	9	419	7.111111111111111	5.465943944999486	1.0	12.0	11.0	2	0.4444444444444444	0.5555555555555556	5.465943944999486	1	1	1	1	7.875	-6.875	-6.875
empirical	user_msa	Phala.08G200500_Phala.08G200500.3	Phala.08G200500_Phala.08G200500.3	55	55	unique	55	55	55	0.13157894736842105	9	419	7.111111111111111	5.465943944999486	1.0	12.0	11.0	2	0.4444444444444444	0.5555555555555556	5.465943944999486	1	1	1	1	7.875	-6.875	-6.875
empirical	user_msa	Phala.08G200500_Phala.08G200500.2	Phala.08G200500_Phala.08G200500.2	55	55	unique	55	55	55	0.13157894736842105	9	419	7.111111111111111	5.465943944999486	1.0	12.0	11.0	2	0.4444444444444444	0.5555555555555556	5.465943944999486	1	1	1	1	7.875	-6.875	-6.875
empirical	user_msa	HORVU.MOREX.r3.6HG0571560_HORVU.MOREX.r3.6HG0571560.1	HORVU.MOREX.r3.6HG0571560_HORVU.MOREX.r3.6HG0571560.1	55	55	unique	55	55	55	0.13157894736842105	9	419	7.111111111111111	5.465943944999486	1.0	12.0	11.0	2	0.4444444444444444	0.5555555555555556	5.465943944999486	12	0	12	0	6.5	5.5	5.5
empirical	user_msa	TraesCS6A03G0381800_TraesCS6A03G0381800.1	TraesCS6A03G0381800_TraesCS6A03G0381800.1	55	55	unique	55	55	55	0.13157894736842105	9	419	7.111111111111111	5.465943944999486	1.0	12.0	11.0	2	0.4444444444444444	0.5555555555555556	5.465943944999486	12	0	12	0	6.5	5.5	5.5
empirical	user_msa	Thint.S06G201700_Thint.S06G201700.1	Thint.S06G201700_Thint.S06G201700.1	55	55	unique	55	55	55	0.13157894736842105	9	419	7.111111111111111	5.465943944999486	1.0	12.0	11.0	2	0.4444444444444444	0.5555555555555556	5.465943944999486	12	0	12	0	6.5	5.5	5.5
empirical	user_msa	LOC_Os02g07490_LOC_Os02g07490.1	LOC_Os02g07490_LOC_Os02g07490.1	56	56	unique	56	56	56	0.1339712918660287	9	419	3.0	2.9814239699997196	1.0	11.0	10.0	3	0.4444444444444444	0.5555555555555556	2.9814239699997196	3	0	3	0	3.0	0.0	0.0
empirical	user_msa	Oropetium_20150105_02675_Oropetium_20150105_02675A	Oropetium_20150105_02675_Oropetium_20150105_02675A	56	56	unique	56	56	56	0.1339712918660287	9	419	3.0	2.9814239699997196	1.0	11.0	10.0	3	0.4444444444444444	0.5555555555555556	2.9814239699997196	1	1	1	1	3.25	-2.25	-2.25
empirical	user_msa	ELECO.r07.2AG0102970_ELECO.r07.2AG0102970.1	ELECO.r07.2AG0102970_ELECO.r07.2AG0102970.1	56	56	unique	56	56	56	0.1339712918660287	9	419	3.0	2.9814239699997196	1.0	11.0	10.0	3	0.4444444444444444	0.5555555555555556	2.9814239699997196	11	0	11	0	2.0	9.0	9.0
empirical	user_msa	Phala.08G200500_Phala.08G200500.1	Phala.08G200500_Phala.08G200500.1	56	56	unique	56	56	56	0.1339712918660287	9	419	3.0	2.9814239699997196	1.0	11.0	10.0	3	0.4444444444444444	0.5555555555555556	2.9814239699997196	1	1	1	1	3.25	-2.25	-2.25
empirical	user_msa	Phala.08G200500_Phala.08G200500.3	Phala.08G200500_Phala.08G200500.3	56	56	unique	56	56	56	0.1339712918660287	9	419	3.0	2.9814239699997196	1.0	11.0	10.0	3	0.4444444444444444	0.5555555555555556	2.9814239699997196	1	1	1	1	3.25	-2.25	-2.25
empirical	user_msa	Phala.08G200500_Phala.08G200500.2	Phala.08G200500_Phala.08G200500.2	56	56	unique	56	56	56	0.1339712918660287	9	419	3.0	2.9814239699997196	1.0	11.0	10.0	3	0.4444444444444444	0.5555555555555556	2.9814239699997196	1	1	1	1	3.25	-2.25	-2.25
empirical	user_msa	HORVU.MOREX.r3.6HG0571560_HORVU.MOREX.r3.6HG0571560.1	HORVU.MOREX.r3.6HG0571560_HORVU.MOREX.r3.6HG0571560.1	56	56	unique	56	56	56	0.1339712918660287	9	419	3.0	2.9814239699997196	1.0	11.0	10.0	3	0.4444444444444444	0.5555555555555556	2.9814239699997196	3	0	3	0	3.0	0.0	0.0
empirical	user_msa	TraesCS6A03G0381800_TraesCS6A03G0381800.1	TraesCS6A03G0381800_TraesCS6A03G0381800.1	56	56	unique	56	56	56	0.1339712918660287	9	419	3.0	2.9814239699997196	1.0	11.0	10.0	3	0.4444444444444444	0.5555555555555556	2.9814239699997196	3	0	3	0	3.0	0.0	0.0
empirical	user_msa	Thint.S06G201700_Thint.S06G201700.1	Thint.S06G201700_Thint.S06G201700.1	56	56	unique	56	56	56	0.1339712918660287	9	419	3.0	2.9814239699997196	1.0	11.0	10.0	3	0.4444444444444444	0.5555555555555556	2.9814239699997196	3	0	3	0	3.0	0.0	0.0
empirical	user_msa	LOC_Os02g07490_LOC_Os02g07490.1	LOC_Os02g07490_LOC_Os02g07490.1	57	57	unique	57	57	57	0.13636363636363635	9	419	9.666666666666666	7.7746025264604	1.0	17.0	16.0	3	0.4444444444444444	0.5555555555555556	7.7746025264604	17	0	17	0	8.75	8.25	8.25
empirical	user_msa	Oropetium_20150105_02675_Oropetium_20150105_02675A	Oropetium_20150105_02675_Oropetium_20150105_02675A	57	57	unique	57	57	57	0.13636363636363635	9	419	9.666666666666666	7.7746025264604	1.0	17.0	16.0	3	0.4444444444444444	0.5555555555555556	7.7746025264604	1	1	1	1	10.75	-9.75	-9.75
empirical	user_msa	ELECO.r07.2AG0102970_ELECO.r07.2AG0102970.1	ELECO.r07.2AG0102970_ELECO.r07.2AG0102970.1	57	57	unique	57	57	57	0.13636363636363635	9	419	9.666666666666666	7.7746025264604	1.0	17.0	16.0	3	0.4444444444444444	0.5555555555555556	7.7746025264604	15	0	15	0	9.0	6.0	6.0
empirical	user_msa	Phala.08G200500_Phala.08G200500.1	Phala.08G200500_Phala.08G200500.1	57	57	unique	57	57	57	0.13636363636363635	9	419	9.666666666666666	7.7746025264604	1.0	17.0	16.0	3	0.4444444444444444	0.5555555555555556	7.7746025264604	1	1	1	1	10.75	-9.75	-9.75
empirical	user_msa	Phala.08G200500_Phala.08G200500.3	Phala.08G200500_Phala.08G200500.3	57	57	unique	57	57	57	0.13636363636363635	9	419	9.666666666666666	7.7746025264604	1.0	17.0	16.0	3	0.4444444444444444	0.5555555555555556	7.7746025264604	1	1	1	1	10.75	-9.75	-9.75
empirical	user_msa	Phala.08G200500_Phala.08G200500.2	Phala.08G200500_Phala.08G200500.2	57	57	unique	57	57	57	0.13636363636363635	9	419	9.666666666666666	7.7746025264604	1.0	17.0	16.0	3	0.4444444444444444	0.5555555555555556	7.7746025264604	1	1	1	1	10.75	-9.75	-9.75
empirical	user_msa	HORVU.MOREX.r3.6HG0571560_HORVU.MOREX.r3.6HG0571560.1	HORVU.MOREX.r3.6HG0571560_HORVU.MOREX.r3.6HG0571560.1	57	57	unique	57	57	57	0.13636363636363635	9	419	9.666666666666666	7.7746025264604	1.0	17.0	16.0	3	0.4444444444444444	0.5555555555555556	7.7746025264604	17	0	17	0	8.75	8.25	8.25
empirical	user_msa	TraesCS6A03G0381800_TraesCS6A03G0381800.1	TraesCS6A03G0381800_TraesCS6A03G0381800.1	57	57	unique	57	57	57	0.13636363636363635	9	419	9.666666666666666	7.7746025264604	1.0	17.0	16.0	3	0.4444444444444444	0.5555555555555556	7.7746025264604	17	0	17	0	8.75	8.25	8.25
empirical	user_msa	Thint.S06G201700_Thint.S06G201700.1	Thint.S06G201700_Thint.S06G201700.1	57	57	unique	57	57	57	0.13636363636363635	9	419	9.666666666666666	7.7746025264604	1.0	17.0	16.0	3	0.4444444444444444	0.5555555555555556	7.7746025264604	17	0	17	0	8.75	8.25	8.25
empirical	user_msa	LOC_Os02g07490_LOC_Os02g07490.1	LOC_Os02g07490_LOC_Os02g07490.1	58	58	unique	58	58	58	0.13875598086124402	9	419	21.77777777777778	18.92545480315263	1.0	48.0	47.0	3	0.4444444444444444	0.5555555555555556	18.92545480315263	36	0	36	0	20.0	16.0	16.0
empirical	user_msa	Oropetium_20150105_02675_Oropetium_20150105_02675A	Oropetium_20150105_02675_Oropetium_20150105_02675A	58	58	unique	58	58	58	0.13875598086124402	9	419	21.77777777777778	18.92545480315263	1.0	48.0	47.0	3	0.4444444444444444	0.5555555555555556	18.92545480315263	1	1	1	1	24.375	-23.375	-23.375
empirical	user_msa	ELECO.r07.2AG0102970_ELECO.r07.2AG0102970.1	ELECO.r07.2AG0102970_ELECO.r07.2AG0102970.1	58	58	unique	58	58	58	0.13875598086124402	9	419	21.77777777777778	18.92545480315263	1.0	48.0	47.0	3	0.4444444444444444	0.5555555555555556	18.92545480315263	36	0	36	0	20.0	16.0	16.0
empirical	user_msa	Phala.08G200500_Phala.08G200500.1	Phala.08G200500_Phala.08G200500.1	58	58	unique	58	58	58	0.13875598086124402	9	419	21.77777777777778	18.92545480315263	1.0	48.0	47.0	3	0.4444444444444444	0.5555555555555556	18.92545480315263	1	1	1	1	24.375	-23.375	-23.375
empirical	user_msa	Phala.08G200500_Phala.08G200500.3	Phala.08G200500_Phala.08G200500.3	58	58	unique	58	58	58	0.13875598086124402	9	419	21.77777777777778	18.92545480315263	1.0	48.0	47.0	3	0.4444444444444444	0.5555555555555556	18.92545480315263	1	1	1	1	24.375	-23.375	-23.375
empirical	user_msa	Phala.08G200500_Phala.08G200500.2	Phala.08G200500_Phala.08G200500.2	58	58	unique	58	58	58	0.13875598086124402	9	419	21.77777777777778	18.92545480315263	1.0	48.0	47.0	3	0.4444444444444444	0.5555555555555556	18.92545480315263	1	1	1	1	24.375	-23.375	-23.375
empirical	user_msa	HORVU.MOREX.r3.6HG0571560_HORVU.MOREX.r3.6HG0571560.1	HORVU.MOREX.r3.6HG0571560_HORVU.MOREX.r3.6HG0571560.1	58	58	unique	58	58	58	0.13875598086124402	9	419	21.77777777777778	18.92545480315263	1.0	48.0	47.0	3	0.4444444444444444	0.5555555555555556	18.92545480315263	48	0	48	0	18.5	29.5	29.5
empirical	user_msa	TraesCS6A03G0381800_TraesCS6A03G0381800.1	TraesCS6A03G0381800_TraesCS6A03G0381800.1	58	58	unique	58	58	58	0.13875598086124402	9	419	21.77777777777778	18.92545480315263	1.0	48.0	47.0	3	0.4444444444444444	0.5555555555555556	18.92545480315263	36	0	36	0	20.0	16.0	16.0
empirical	user_msa	Thint.S06G201700_Thint.S06G201700.1	Thint.S06G201700_Thint.S06G201700.1	58	58	unique	58	58	58	0.13875598086124402	9	419	21.77777777777778	18.92545480315263	1.0	48.0	47.0	3	0.4444444444444444	0.5555555555555556	18.92545480315263	36	0	36	0	20.0	16.0	16.0
empirical	user_msa	LOC_Os02g07490_LOC_Os02g07490.1	LOC_Os02g07490_LOC_Os02g07490.1	59	59	unique	59	59	59	0.14114832535885166	9	419	13.11111111111111	10.857096444716541	1.0	24.0	23.0	3	0.4444444444444444	0.5555555555555556	10.857096444716541	24	0	24	0	11.75	12.25	12.25
empirical	user_msa	Oropetium_20150105_02675_Oropetium_20150105_02675A	Oropetium_20150105_02675_Oropetium_20150105_02675A	59	59	unique	59	59	59	0.14114832535885166	9	419	13.11111111111111	10.857096444716541	1.0	24.0	23.0	3	0.4444444444444444	0.5555555555555556	10.857096444716541	1	1	1	1	14.625	-13.625	-13.625
empirical	user_msa	ELECO.r07.2AG0102970_ELECO.r07.2AG0102970.1	ELECO.r07.2AG0102970_ELECO.r07.2AG0102970.1	59	59	unique	59	59	59	0.14114832535885166	9	419	13.11111111111111	10.857096444716541	1.0	24.0	23.0	3	0.4444444444444444	0.5555555555555556	10.857096444716541	24	0	24	0	11.75	12.25	12.25
empirical	user_msa	Phala.08G200500_Phala.08G200500.1	Phala.08G200500_Phala.08G200500.1	59	59	unique	59	59	59	0.14114832535885166	9	419	13.11111111111111	10.857096444716541	1.0	24.0	23.0	3	0.4444444444444444	0.5555555555555556	10.857096444716541	1	1	1	1	14.625	-13.625	-13.625
empirical	user_msa	Phala.08G200500_Phala.08G200500.3	Phala.08G200500_Phala.08G200500.3	59	59	unique	59	59	59	0.14114832535885166	9	419	13.11111111111111	10.857096444716541	1.0	24.0	23.0	3	0.4444444444444444	0.5555555555555556	10.857096444716541	1	1	1	1	14.625	-13.625	-13.625
empirical	user_msa	Phala.08G200500_Phala.08G200500.2	Phala.08G200500_Phala.08G200500.2	59	59	unique	59	59	59	0.14114832535885166	9	419	13.11111111111111	10.857096444716541	1.0	24.0	23.0	3	0.4444444444444444	0.5555555555555556	10.857096444716541	1	1	1	1	14.625	-13.625	-13.625
empirical	user_msa	HORVU.MOREX.r3.6HG0571560_HORVU.MOREX.r3.6HG0571560.1	HORVU.MOREX.r3.6HG0571560_HORVU.MOREX.r3.6HG0571560.1	59	59	unique	59	59	59	0.14114832535885166	9	419	13.11111111111111	10.857096444716541	1.0	24.0	23.0	3	0.4444444444444444	0.5555555555555556	10.857096444716541	22	0	22	0	12.0	10.0	10.0
empirical	user_msa	TraesCS6A03G0381800_TraesCS6A03G0381800.1	TraesCS6A03G0381800_TraesCS6A03G0381800.1	59	59	unique	59	59	59	0.14114832535885166	9	419	13.11111111111111	10.857096444716541	1.0	24.0	23.0	3	0.4444444444444444	0.5555555555555556	10.857096444716541	22	0	22	0	12.0	10.0	10.0
empirical	user_msa	Thint.S06G201700_Thint.S06G201700.1	Thint.S06G201700_Thint.S06G201700.1	59	59	unique	59	59	59	0.14114832535885166	9	419	13.11111111111111	10.857096444716541	1.0	24.0	23.0	3	0.4444444444444444	0.5555555555555556	10.857096444716541	22	0	22	0	12.0	10.0	10.0
empirical	user_msa	LOC_Os02g07490_LOC_Os02g07490.1	LOC_Os02g07490_LOC_Os02g07490.1	60	60	unique	60	60	60	0.14354066985645933	9	419	18.555555555555557	15.70641136684925	1.0	33.0	32.0	3	0.4444444444444444	0.5555555555555556	15.70641136684925	32	0	32	0	16.875	15.125	15.125
empirical	user_msa	Oropetium_20150105_02675_Oropetium_20150105_02675A	Oropetium_20150105_02675_Oropetium_20150105_02675A	60	60	unique	60	60	60	0.14354066985645933	9	419	18.555555555555557	15.70641136684925	1.0	33.0	32.0	3	0.4444444444444444	0.5555555555555556	15.70641136684925	1	1	1	1	20.75	-19.75	-19.75
empirical	user_msa	ELECO.r07.2AG0102970_ELECO.r07.2AG0102970.1	ELECO.r07.2AG0102970_ELECO.r07.2AG0102970.1	60	60	unique	60	60	60	0.14354066985645933	9	419	18.555555555555557	15.70641136684925	1.0	33.0	32.0	3	0.4444444444444444	0.5555555555555556	15.70641136684925	32	0	32	0	16.875	15.125	15.125
empirical	user_msa	Phala.08G200500_Phala.08G200500.1	Phala.08G200500_Phala.08G200500.1	60	60	unique	60	60	60	0.14354066985645933	9	419	18.555555555555557	15.70641136684925	1.0	33.0	32.0	3	0.4444444444444444	0.5555555555555556	15.70641136684925	1	1	1	1	20.75	-19.75	-19.75
empirical	user_msa	Phala.08G200500_Phala.08G200500.3	Phala.08G200500_Phala.08G200500.3	60	60	unique	60	60	60	0.14354066985645933	9	419	18.555555555555557	15.70641136684925	1.0	33.0	32.0	3	0.4444444444444444	0.5555555555555556	15.70641136684925	1	1	1	1	20.75	-19.75	-19.75
empirical	user_msa	Phala.08G200500_Phala.08G200500.2	Phala.08G200500_Phala.08G200500.2	60	60	unique	60	60	60	0.14354066985645933	9	419	18.555555555555557	15.70641136684925	1.0	33.0	32.0	3	0.4444444444444444	0.5555555555555556	15.70641136684925	1	1	1	1	20.75	-19.75	-19.75
empirical	user_msa	HORVU.MOREX.r3.6HG0571560_HORVU.MOREX.r3.6HG0571560.1	HORVU.MOREX.r3.6HG0571560_HORVU.MOREX.r3.6HG0571560.1	60	60	unique	60	60	60	0.14354066985645933	9	419	18.555555555555557	15.70641136684925	1.0	33.0	32.0	3	0.4444444444444444	0.5555555555555556	15.70641136684925	33	0	33	0	16.75	16.25	16.25
empirical	user_msa	TraesCS6A03G0381800_TraesCS6A03G0381800.1	TraesCS6A03G0381800_TraesCS6A03G0381800.1	60	60	unique	60	60	60	0.14354066985645933	9	419	18.555555555555557	15.70641136684925	1.0	33.0	32.0	3	0.4444444444444444	0.5555555555555556	15.70641136684925	33	0	33	0	16.75	16.25	16.25
empirical	user_msa	Thint.S06G201700_Thint.S06G201700.1	Thint.S06G201700_Thint.S06G201700.1	60	60	unique	60	60	60	0.14354066985645933	9	419	18.555555555555557	15.70641136684925	1.0	33.0	32.0	3	0.4444444444444444	0.5555555555555556	15.70641136684925	33	0	33	0	16.75	16.25	16.25
empirical	user_msa	LOC_Os02g07490_LOC_Os02g07490.1	LOC_Os02g07490_LOC_Os02g07490.1	61	61	unique	61	61	61	0.145933014354067	9	419	6.222222222222222	4.708804466759354	1.0	12.0	11.0	3	0.4444444444444444	0.5555555555555556	4.708804466759354	10	0	10	0	5.75	4.25	4.25
empirical	user_msa	Oropetium_20150105_02675_Oropetium_20150105_02675A	Oropetium_20150105_02675_Oropetium_20150105_02675A	61	61	unique	61	61	61	0.145933014354067	9	419	6.222222222222222	4.708804466759354	1.0	12.0	11.0	3	0.4444444444444444	0.5555555555555556	4.708804466759354	1	1	1	1	6.875	-5.875	-5.875
empirical	user_msa	ELECO.r07.2AG0102970_ELECO.r07.2AG0102970.1	ELECO.r07.2AG0102970_ELECO.r07.2AG0102970.1	61	61	unique	61	61	61	0.145933014354067	9	419	6.222222222222222	4.708804466759354	1.0	12.0	11.0	3	0.4444444444444444	0.5555555555555556	4.708804466759354	12	0	12	0	5.5	6.5	6.5
empirical	user_msa	Phala.08G200500_Phala.08G200500.1	Phala.08G200500_Phala.08G200500.1	61	61	unique	61	61	61	0.145933014354067	9	419	6.222222222222222	4.708804466759354	1.0	12.0	11.0	3	0.4444444444444444	0.5555555555555556	4.708804466759354	1	1	1	1	6.875	-5.875	-5.875
empirical	user_msa	Phala.08G200500_Phala.08G200500.3	Phala.08G200500_Phala.08G200500.3	61	61	unique	61	61	61	0.145933014354067	9	419	6.222222222222222	4.708804466759354	1.0	12.0	11.0	3	0.4444444444444444	0.5555555555555556	4.708804466759354	1	1	1	1	6.875	-5.875	-5.875
empirical	user_msa	Phala.08G200500_Phala.08G200500.2	Phala.08G200500_Phala.08G200500.2	61	61	unique	61	61	61	0.145933014354067	9	419	6.222222222222222	4.708804466759354	1.0	12.0	11.0	3	0.4444444444444444	0.5555555555555556	4.708804466759354	1	1	1	1	6.875	-5.875	-5.875
empirical	user_msa	HORVU.MOREX.r3.6HG0571560_HORVU.MOREX.r3.6HG0571560.1	HORVU.MOREX.r3.6HG0571560_HORVU.MOREX.r3.6HG0571560.1	61	61	unique	61	61	61	0.145933014354067	9	419	6.222222222222222	4.708804466759354	1.0	12.0	11.0	3	0.4444444444444444	0.5555555555555556	4.708804466759354	10	0	10	0	5.75	4.25	4.25
empirical	user_msa	TraesCS6A03G0381800_TraesCS6A03G0381800.1	TraesCS6A03G0381800_TraesCS6A03G0381800.1	61	61	unique	61	61	61	0.145933014354067	9	419	6.222222222222222	4.708804466759354	1.0	12.0	11.0	3	0.4444444444444444	0.5555555555555556	4.708804466759354	10	0	10	0	5.75	4.25	4.25
empirical	user_msa	Thint.S06G201700_Thint.S06G201700.1	Thint.S06G201700_Thint.S06G201700.1	61	61	unique	61	61	61	0.145933014354067	9	419	6.222222222222222	4.708804466759354	1.0	12.0	11.0	3	0.4444444444444444	0.5555555555555556	4.708804466759354	10	0	10	0	5.75	4.25	4.25
empirical	user_msa	LOC_Os02g07490_LOC_Os02g07490.1	LOC_Os02g07490_LOC_Os02g07490.1	62	62	unique	62	62	62	0.14832535885167464	9	419	23.0	19.680785892167346	1.0	41.0	40.0	3	0.4444444444444444	0.5555555555555556	19.680785892167346	40	0	40	0	20.875	19.125	19.125
empirical	user_msa	Oropetium_20150105_02675_Oropetium_20150105_02675A	Oropetium_20150105_02675_Oropetium_20150105_02675A	62	62	unique	62	62	62	0.14832535885167464	9	419	23.0	19.680785892167346	1.0	41.0	40.0	3	0.4444444444444444	0.5555555555555556	19.680785892167346	1	1	1	1	25.75	-24.75	-24.75
empirical	user_msa	ELECO.r07.2AG0102970_ELECO.r07.2AG0102970.1	ELECO.r07.2AG0102970_ELECO.r07.2AG0102970.1	62	62	unique	62	62	62	0.14832535885167464	9	419	23.0	19.680785892167346	1.0	41.0	40.0	3	0.4444444444444444	0.5555555555555556	19.680785892167346	40	0	40	0	20.875	19.125	19.125
empirical	user_msa	Phala.08G200500_Phala.08G200500.1	Phala.08G200500_Phala.08G200500.1	62	62	unique	62	62	62	0.14832535885167464	9	419	23.0	19.680785892167346	1.0	41.0	40.0	3	0.4444444444444444	0.5555555555555556	19.680785892167346	1	1	1	1	25.75	-24.75	-24.75
empirical	user_msa	Phala.08G200500_Phala.08G200500.3	Phala.08G200500_Phala.08G200500.3	62	62	unique	62	62	62	0.14832535885167464	9	419	23.0	19.680785892167346	1.0	41.0	40.0	3	0.4444444444444444	0.5555555555555556	19.680785892167346	1	1	1	1	25.75	-24.75	-24.75
empirical	user_msa	Phala.08G200500_Phala.08G200500.2	Phala.08G200500_Phala.08G200500.2	62	62	unique	62	62	62	0.14832535885167464	9	419	23.0	19.680785892167346	1.0	41.0	40.0	3	0.4444444444444444	0.5555555555555556	19.680785892167346	1	1	1	1	25.75	-24.75	-24.75
empirical	user_msa	HORVU.MOREX.r3.6HG0571560_HORVU.MOREX.r3.6HG0571560.1	HORVU.MOREX.r3.6HG0571560_HORVU.MOREX.r3.6HG0571560.1	62	62	unique	62	62	62	0.14832535885167464	9	419	23.0	19.680785892167346	1.0	41.0	40.0	3	0.4444444444444444	0.5555555555555556	19.680785892167346	41	0	41	0	20.75	20.25	20.25
empirical	user_msa	TraesCS6A03G0381800_TraesCS6A03G0381800.1	TraesCS6A03G0381800_TraesCS6A03G0381800.1	62	62	unique	62	62	62	0.14832535885167464	9	419	23.0	19.680785892167346	1.0	41.0	40.0	3	0.4444444444444444	0.5555555555555556	19.680785892167346	41	0	41	0	20.75	20.25	20.25
empirical	user_msa	Thint.S06G201700_Thint.S06G201700.1	Thint.S06G201700_Thint.S06G201700.1	62	62	unique	62	62	62	0.14832535885167464	9	419	23.0	19.680785892167346	1.0	41.0	40.0	3	0.4444444444444444	0.5555555555555556	19.680785892167346	41	0	41	0	20.75	20.25	20.25
empirical	user_msa	LOC_Os02g07490_LOC_Os02g07490.1	LOC_Os02g07490_LOC_Os02g07490.1	63	63	unique	63	63	63	0.1507177033492823	9	419	8.222222222222221	6.459751934999392	1.0	14.0	13.0	2	0.4444444444444444	0.5555555555555556	6.459751934999392	14	0	14	0	7.5	6.5	6.5
empirical	user_msa	Oropetium_20150105_02675_Oropetium_20150105_02675A	Oropetium_20150105_02675_Oropetium_20150105_02675A	63	63	unique	63	63	63	0.1507177033492823	9	419	8.222222222222221	6.459751934999392	1.0	14.0	13.0	2	0.4444444444444444	0.5555555555555556	6.459751934999392	1	1	1	1	9.125	-8.125	-8.125
empirical	user_msa	ELECO.r07.2AG0102970_ELECO.r07.2AG0102970.1	ELECO.r07.2AG0102970_ELECO.r07.2AG0102970.1	63	63	unique	63	63	63	0.1507177033492823	9	419	8.222222222222221	6.459751934999392	1.0	14.0	13.0	2	0.4444444444444444	0.5555555555555556	6.459751934999392	14	0	14	0	7.5	6.5	6.5
empirical	user_msa	Phala.08G200500_Phala.08G200500.1	Phala.08G200500_Phala.08G200500.1	63	63	unique	63	63	63	0.1507177033492823	9	419	8.222222222222221	6.459751934999392	1.0	14.0	13.0	2	0.4444444444444444	0.5555555555555556	6.459751934999392	1	1	1	1	9.125	-8.125	-8.125
empirical	user_msa	Phala.08G200500_Phala.08G200500.3	Phala.08G200500_Phala.08G200500.3	63	63	unique	63	63	63	0.1507177033492823	9	419	8.222222222222221	6.459751934999392	1.0	14.0	13.0	2	0.4444444444444444	0.5555555555555556	6.459751934999392	1	1	1	1	9.125	-8.125	-8.125
empirical	user_msa	Phala.08G200500_Phala.08G200500.2	Phala.08G200500_Phala.08G200500.2	63	63	unique	63	63	63	0.1507177033492823	9	419	8.222222222222221	6.459751934999392	1.0	14.0	13.0	2	0.4444444444444444	0.5555555555555556	6.459751934999392	1	1	1	1	9.125	-8.125	-8.125
empirical	user_msa	HORVU.MOREX.r3.6HG0571560_HORVU.MOREX.r3.6HG0571560.1	HORVU.MOREX.r3.6HG0571560_HORVU.MOREX.r3.6HG0571560.1	63	63	unique	63	63	63	0.1507177033492823	9	419	8.222222222222221	6.459751934999392	1.0	14.0	13.0	2	0.4444444444444444	0.5555555555555556	6.459751934999392	14	0	14	0	7.5	6.5	6.5
empirical	user_msa	TraesCS6A03G0381800_TraesCS6A03G0381800.1	TraesCS6A03G0381800_TraesCS6A03G0381800.1	63	63	unique	63	63	63	0.1507177033492823	9	419	8.222222222222221	6.459751934999392	1.0	14.0	13.0	2	0.4444444444444444	0.5555555555555556	6.459751934999392	14	0	14	0	7.5	6.5	6.5
empirical	user_msa	Thint.S06G201700_Thint.S06G201700.1	Thint.S06G201700_Thint.S06G201700.1	63	63	unique	63	63	63	0.1507177033492823	9	419	8.222222222222221	6.459751934999392	1.0	14.0	13.0	2	0.4444444444444444	0.5555555555555556	6.459751934999392	14	0	14	0	7.5	6.5	6.5
empirical	user_msa	LOC_Os02g07490_LOC_Os02g07490.1	LOC_Os02g07490_LOC_Os02g07490.1	64	64	unique	64	64	64	0.15311004784688995	9	419	23.22222222222222	19.87615979999813	1.0	41.0	40.0	2	0.4444444444444444	0.5555555555555556	19.87615979999813	41	0	41	0	21.0	20.0	20.0
empirical	user_msa	Oropetium_20150105_02675_Oropetium_20150105_02675A	Oropetium_20150105_02675_Oropetium_20150105_02675A	64	64	unique	64	64	64	0.15311004784688995	9	419	23.22222222222222	19.87615979999813	1.0	41.0	40.0	2	0.4444444444444444	0.5555555555555556	19.87615979999813	1	1	1	1	26.0	-25.0	-25.0
empirical	user_msa	ELECO.r07.2AG0102970_ELECO.r07.2AG0102970.1	ELECO.r07.2AG0102970_ELECO.r07.2AG0102970.1	64	64	unique	64	64	64	0.15311004784688995	9	419	23.22222222222222	19.87615979999813	1.0	41.0	40.0	2	0.4444444444444444	0.5555555555555556	19.87615979999813	41	0	41	0	21.0	20.0	20.0
empirical	user_msa	Phala.08G200500_Phala.08G200500.1	Phala.08G200500_Phala.08G200500.1	64	64	unique	64	64	64	0.15311004784688995	9	419	23.22222222222222	19.87615979999813	1.0	41.0	40.0	2	0.4444444444444444	0.5555555555555556	19.87615979999813	1	1	1	1	26.0	-25.0	-25.0
empirical	user_msa	Phala.08G200500_Phala.08G200500.3	Phala.08G200500_Phala.08G200500.3	64	64	unique	64	64	64	0.15311004784688995	9	419	23.22222222222222	19.87615979999813	1.0	41.0	40.0	2	0.4444444444444444	0.5555555555555556	19.87615979999813	1	1	1	1	26.0	-25.0	-25.0
empirical	user_msa	Phala.08G200500_Phala.08G200500.2	Phala.08G200500_Phala.08G200500.2	64	64	unique	64	64	64	0.15311004784688995	9	419	23.22222222222222	19.87615979999813	1.0	41.0	40.0	2	0.4444444444444444	0.5555555555555556	19.87615979999813	1	1	1	1	26.0	-25.0	-25.0
empirical	user_msa	HORVU.MOREX.r3.6HG0571560_HORVU.MOREX.r3.6HG0571560.1	HORVU.MOREX.r3.6HG0571560_HORVU.MOREX.r3.6HG0571560.1	64	64	unique	64	64	64	0.15311004784688995	9	419	23.22222222222222	19.87615979999813	1.0	41.0	40.0	2	0.4444444444444444	0.5555555555555556	19.87615979999813	41	0	41	0	21.0	20.0	20.0
empirical	user_msa	TraesCS6A03G0381800_TraesCS6A03G0381800.1	TraesCS6A03G0381800_TraesCS6A03G0381800.1	64	64	unique	64	64	64	0.15311004784688995	9	419	23.22222222222222	19.87615979999813	1.0	41.0	40.0	2	0.4444444444444444	0.5555555555555556	19.87615979999813	41	0	41	0	21.0	20.0	20.0
empirical	user_msa	Thint.S06G201700_Thint.S06G201700.1	Thint.S06G201700_Thint.S06G201700.1	64	64	unique	64	64	64	0.15311004784688995	9	419	23.22222222222222	19.87615979999813	1.0	41.0	40.0	2	0.4444444444444444	0.5555555555555556	19.87615979999813	41	0	41	0	21.0	20.0	20.0
empirical	user_msa	LOC_Os02g07490_LOC_Os02g07490.1	LOC_Os02g07490_LOC_Os02g07490.1	65	65	unique	65	65	65	0.15550239234449761	9	419	4.111111111111111	2.9228769862146455	1.0	9.0	8.0	3	0.4444444444444444	0.5555555555555556	2.9228769862146455	9	0	9	0	3.5	5.5	5.5
empirical	user_msa	Oropetium_20150105_02675_Oropetium_20150105_02675A	Oropetium_20150105_02675_Oropetium_20150105_02675A	65	65	unique	65	65	65	0.15550239234449761	9	419	4.111111111111111	2.9228769862146455	1.0	9.0	8.0	3	0.4444444444444444	0.5555555555555556	2.9228769862146455	1	1	1	1	4.5	-3.5	-3.5
empirical	user_msa	ELECO.r07.2AG0102970_ELECO.r07.2AG0102970.1	ELECO.r07.2AG0102970_ELECO.r07.2AG0102970.1	65	65	unique	65	65	65	0.15550239234449761	9	419	4.111111111111111	2.9228769862146455	1.0	9.0	8.0	3	0.4444444444444444	0.5555555555555556	2.9228769862146455	6	0	6	0	3.875	2.125	2.125
empirical	user_msa	Phala.08G200500_Phala.08G200500.1	Phala.08G200500_Phala.08G200500.1	65	65	unique	65	65	65	0.15550239234449761	9	419	4.111111111111111	2.9228769862146455	1.0	9.0	8.0	3	0.4444444444444444	0.5555555555555556	2.9228769862146455	1	1	1	1	4.5	-3.5	-3.5
empirical	user_msa	Phala.08G200500_Phala.08G200500.3	Phala.08G200500_Phala.08G200500.3	65	65	unique	65	65	65	0.15550239234449761	9	419	4.111111111111111	2.9228769862146455	1.0	9.0	8.0	3	0.4444444444444444	0.5555555555555556	2.9228769862146455	1	1	1	1	4.5	-3.5	-3.5
empirical	user_msa	Phala.08G200500_Phala.08G200500.2	Phala.08G200500_Phala.08G200500.2	65	65	unique	65	65	65	0.15550239234449761	9	419	4.111111111111111	2.9228769862146455	1.0	9.0	8.0	3	0.4444444444444444	0.5555555555555556	2.9228769862146455	1	1	1	1	4.5	-3.5	-3.5
empirical	user_msa	HORVU.MOREX.r3.6HG0571560_HORVU.MOREX.r3.6HG0571560.1	HORVU.MOREX.r3.6HG0571560_HORVU.MOREX.r3.6HG0571560.1	65	65	unique	65	65	65	0.15550239234449761	9	419	4.111111111111111	2.9228769862146455	1.0	9.0	8.0	3	0.4444444444444444	0.5555555555555556	2.9228769862146455	6	0	6	0	3.875	2.125	2.125
empirical	user_msa	TraesCS6A03G0381800_TraesCS6A03G0381800.1	TraesCS6A03G0381800_TraesCS6A03G0381800.1	65	65	unique	65	65	65	0.15550239234449761	9	419	4.111111111111111	2.9228769862146455	1.0	9.0	8.0	3	0.4444444444444444	0.5555555555555556	2.9228769862146455	6	0	6	0	3.875	2.125	2.125
empirical	user_msa	Thint.S06G201700_Thint.S06G201700.1	Thint.S06G201700_Thint.S06G201700.1	65	65	unique	65	65	65	0.15550239234449761	9	419	4.111111111111111	2.9228769862146455	1.0	9.0	8.0	3	0.4444444444444444	0.5555555555555556	2.9228769862146455	6	0	6	0	3.875	2.125	2.125
empirical	user_msa	LOC_Os02g07490_LOC_Os02g07490.1	LOC_Os02g07490_LOC_Os02g07490.1	66	66	unique	66	66	66	0.15789473684210525	9	419	11.555555555555555	9.441175904999113	1.0	20.0	19.0	2	0.4444444444444444	0.5555555555555556	9.441175904999113	20	0	20	0	10.5	9.5	9.5
empirical	user_msa	Oropetium_20150105_02675_Oropetium_20150105_02675A	Oropetium_20150105_02675_Oropetium_20150105_02675A	66	66	unique	66	66	66	0.15789473684210525	9	419	11.555555555555555	9.441175904999113	1.0	20.0	19.0	2	0.4444444444444444	0.5555555555555556	9.441175904999113	1	1	1	1	12.875	-11.875	-11.875
empirical	user_msa	ELECO.r07.2AG0102970_ELECO.r07.2AG0102970.1	ELECO.r07.2AG0102970_ELECO.r07.2AG0102970.1	66	66	unique	66	66	66	0.15789473684210525	9	419	11.555555555555555	9.441175904999113	1.0	20.0	19.0	2	0.4444444444444444	0.5555555555555556	9.441175904999113	20	0	20	0	10.5	9.5	9.5
empirical	user_msa	Phala.08G200500_Phala.08G200500.1	Phala.08G200500_Phala.08G200500.1	66	66	unique	66	66	66	0.15789473684210525	9	419	11.555555555555555	9.441175904999113	1.0	20.0	19.0	2	0.4444444444444444	0.5555555555555556	9.441175904999113	1	1	1	1	12.875	-11.875	-11.875
empirical	user_msa	Phala.08G200500_Phala.08G200500.3	Phala.08G200500_Phala.08G200500.3	66	66	unique	66	66	66	0.15789473684210525	9	419	11.555555555555555	9.441175904999113	1.0	20.0	19.0	2	0.4444444444444444	0.5555555555555556	9.441175904999113	1	1	1	1	12.875	-11.875	-11.875
empirical	user_msa	Phala.08G200500_Phala.08G200500.2	Phala.08G200500_Phala.08G200500.2	66	66	unique	66	66	66	0.15789473684210525	9	419	11.555555555555555	9.441175904999113	1.0	20.0	19.0	2	0.4444444444444444	0.5555555555555556	9.441175904999113	1	1	1	1	12.875	-11.875	-11.875
empirical	user_msa	HORVU.MOREX.r3.6HG0571560_HORVU.MOREX.r3.6HG0571560.1	HORVU.MOREX.r3.6HG0571560_HORVU.MOREX.r3.6HG0571560.1	66	66	unique	66	66	66	0.15789473684210525	9	419	11.555555555555555	9.441175904999113	1.0	20.0	19.0	2	0.4444444444444444	0.5555555555555556	9.441175904999113	20	0	20	0	10.5	9.5	9.5
empirical	user_msa	TraesCS6A03G0381800_TraesCS6A03G0381800.1	TraesCS6A03G0381800_TraesCS6A03G0381800.1	66	66	unique	66	66	66	0.15789473684210525	9	419	11.555555555555555	9.441175904999113	1.0	20.0	19.0	2	0.4444444444444444	0.5555555555555556	9.441175904999113	20	0	20	0	10.5	9.5	9.5
empirical	user_msa	Thint.S06G201700_Thint.S06G201700.1	Thint.S06G201700_Thint.S06G201700.1	66	66	unique	66	66	66	0.15789473684210525	9	419	11.555555555555555	9.441175904999113	1.0	20.0	19.0	2	0.4444444444444444	0.5555555555555556	9.441175904999113	20	0	20	0	10.5	9.5	9.5
empirical	user_msa	LOC_Os02g07490_LOC_Os02g07490.1	LOC_Os02g07490_LOC_Os02g07490.1	67	67	unique	67	67	67	0.16028708133971292	9	419	21.555555555555557	18.385447814998273	1.0	38.0	37.0	2	0.4444444444444444	0.5555555555555556	18.385447814998273	38	0	38	0	19.5	18.5	18.5
empirical	user_msa	Oropetium_20150105_02675_Oropetium_20150105_02675A	Oropetium_20150105_02675_Oropetium_20150105_02675A	67	67	unique	67	67	67	0.16028708133971292	9	419	21.555555555555557	18.385447814998273	1.0	38.0	37.0	2	0.4444444444444444	0.5555555555555556	18.385447814998273	1	1	1	1	24.125	-23.125	-23.125
empirical	user_msa	ELECO.r07.2AG0102970_ELECO.r07.2AG0102970.1	ELECO.r07.2AG0102970_ELECO.r07.2AG0102970.1	67	67	unique	67	67	67	0.16028708133971292	9	419	21.555555555555557	18.385447814998273	1.0	38.0	37.0	2	0.4444444444444444	0.5555555555555556	18.385447814998273	38	0	38	0	19.5	18.5	18.5
empirical	user_msa	Phala.08G200500_Phala.08G200500.1	Phala.08G200500_Phala.08G200500.1	67	67	unique	67	67	67	0.16028708133971292	9	419	21.555555555555557	18.385447814998273	1.0	38.0	37.0	2	0.4444444444444444	0.5555555555555556	18.385447814998273	1	1	1	1	24.125	-23.125	-23.125
empirical	user_msa	Phala.08G200500_Phala.08G200500.3	Phala.08G200500_Phala.08G200500.3	67	67	unique	67	67	67	0.16028708133971292	9	419	21.555555555555557	18.385447814998273	1.0	38.0	37.0	2	0.4444444444444444	0.5555555555555556	18.385447814998273	1	1	1	1	24.125	-23.125	-23.125
empirical	user_msa	Phala.08G200500_Phala.08G200500.2	Phala.08G200500_Phala.08G200500.2	67	67	unique	67	67	67	0.16028708133971292	9	419	21.555555555555557	18.385447814998273	1.0	38.0	37.0	2	0.4444444444444444	0.5555555555555556	18.385447814998273	1	1	1	1	24.125	-23.125	-23.125
empirical	user_msa	HORVU.MOREX.r3.6HG0571560_HORVU.MOREX.r3.6HG0571560.1	HORVU.MOREX.r3.6HG0571560_HORVU.MOREX.r3.6HG0571560.1	67	67	unique	67	67	67	0.16028708133971292	9	419	21.555555555555557	18.385447814998273	1.0	38.0	37.0	2	0.4444444444444444	0.5555555555555556	18.385447814998273	38	0	38	0	19.5	18.5	18.5
empirical	user_msa	TraesCS6A03G0381800_TraesCS6A03G0381800.1	TraesCS6A03G0381800_TraesCS6A03G0381800.1	67	67	unique	67	67	67	0.16028708133971292	9	419	21.555555555555557	18.385447814998273	1.0	38.0	37.0	2	0.4444444444444444	0.5555555555555556	18.385447814998273	38	0	38	0	19.5	18.5	18.5
empirical	user_msa	Thint.S06G201700_Thint.S06G201700.1	Thint.S06G201700_Thint.S06G201700.1	67	67	unique	67	67	67	0.16028708133971292	9	419	21.555555555555557	18.385447814998273	1.0	38.0	37.0	2	0.4444444444444444	0.5555555555555556	18.385447814998273	38	0	38	0	19.5	18.5	18.5
empirical	user_msa	LOC_Os02g07490_LOC_Os02g07490.1	LOC_Os02g07490_LOC_Os02g07490.1	68	68	unique	68	68	68	0.16267942583732056	9	419	13.222222222222221	10.931887889998972	1.0	23.0	22.0	2	0.4444444444444444	0.5555555555555556	10.931887889998972	23	0	23	0	12.0	11.0	11.0
empirical	user_msa	Oropetium_20150105_02675_Oropetium_20150105_02675A	Oropetium_20150105_02675_Oropetium_20150105_02675A	68	68	unique	68	68	68	0.16267942583732056	9	419	13.222222222222221	10.931887889998972	1.0	23.0	22.0	2	0.4444444444444444	0.5555555555555556	10.931887889998972	1	1	1	1	14.75	-13.75	-13.75
empirical	user_msa	ELECO.r07.2AG0102970_ELECO.r07.2AG0102970.1	ELECO.r07.2AG0102970_ELECO.r07.2AG0102970.1	68	68	unique	68	68	68	0.16267942583732056	9	419	13.222222222222221	10.931887889998972	1.0	23.0	22.0	2	0.4444444444444444	0.5555555555555556	10.931887889998972	23	0	23	0	12.0	11.0	11.0
empirical	user_msa	Phala.08G200500_Phala.08G200500.1	Phala.08G200500_Phala.08G200500.1	68	68	unique	68	68	68	0.16267942583732056	9	419	13.222222222222221	10.931887889998972	1.0	23.0	22.0	2	0.4444444444444444	0.5555555555555556	10.931887889998972	1	1	1	1	14.75	-13.75	-13.75
empirical	user_msa	Phala.08G200500_Phala.08G200500.3	Phala.08G200500_Phala.08G200500.3	68	68	unique	68	68	68	0.16267942583732056	9	419	13.222222222222221	10.931887889998972	1.0	23.0	22.0	2	0.4444444444444444	0.5555555555555556	10.931887889998972	1	1	1	1	14.75	-13.75	-13.75
empirical	user_msa	Phala.08G200500_Phala.08G200500.2	Phala.08G200500_Phala.08G200500.2	68	68	unique	68	68	68	0.16267942583732056	9	419	13.222222222222221	10.931887889998972	1.0	23.0	22.0	2	0.4444444444444444	0.5555555555555556	10.931887889998972	1	1	1	1	14.75	-13.75	-13.75
empirical	user_msa	HORVU.MOREX.r3.6HG0571560_HORVU.MOREX.r3.6HG0571560.1	HORVU.MOREX.r3.6HG0571560_HORVU.MOREX.r3.6HG0571560.1	68	68	unique	68	68	68	0.16267942583732056	9	419	13.222222222222221	10.931887889998972	1.0	23.0	22.0	2	0.4444444444444444	0.5555555555555556	10.931887889998972	23	0	23	0	12.0	11.0	11.0
empirical	user_msa	TraesCS6A03G0381800_TraesCS6A03G0381800.1	TraesCS6A03G0381800_TraesCS6A03G0381800.1	68	68	unique	68	68	68	0.16267942583732056	9	419	13.222222222222221	10.931887889998972	1.0	23.0	22.0	2	0.4444444444444444	0.5555555555555556	10.931887889998972	23	0	23	0	12.0	11.0	11.0
empirical	user_msa	Thint.S06G201700_Thint.S06G201700.1	Thint.S06G201700_Thint.S06G201700.1	68	68	unique	68	68	68	0.16267942583732056	9	419	13.222222222222221	10.931887889998972	1.0	23.0	22.0	2	0.4444444444444444	0.5555555555555556	10.931887889998972	23	0	23	0	12.0	11.0	11.0
empirical	user_msa	LOC_Os02g07490_LOC_Os02g07490.1	LOC_Os02g07490_LOC_Os02g07490.1	69	69	unique	69	69	69	0.16507177033492823	9	419	14.11111111111111	11.732617823301599	1.0	25.0	24.0	3	0.4444444444444444	0.5555555555555556	11.732617823301599	25	0	25	0	12.75	12.25	12.25
empirical	user_msa	Oropetium_20150105_02675_Oropetium_20150105_02675A	Oropetium_20150105_02675_Oropetium_20150105_02675A	69	69	unique	69	69	69	0.16507177033492823	9	419	14.11111111111111	11.732617823301599	1.0	25.0	24.0	3	0.4444444444444444	0.5555555555555556	11.732617823301599	1	1	1	1	15.75	-14.75	-14.75
empirical	user_msa	ELECO.r07.2AG0102970_ELECO.r07.2AG0102970.1	ELECO.r07.2AG0102970_ELECO.r07.2AG0102970.1	69	69	unique	69	69	69	0.16507177033492823	9	419	14.11111111111111	11.732617823301599	1.0	25.0	24.0	3	0.4444444444444444	0.5555555555555556	11.732617823301599	25	0	25	0	12.75	12.25	12.25
empirical	user_msa	Phala.08G200500_Phala.08G200500.1	Phala.08G200500_Phala.08G200500.1	69	69	unique	69	69	69	0.16507177033492823	9	419	14.11111111111111	11.732617823301599	1.0	25.0	24.0	3	0.4444444444444444	0.5555555555555556	11.732617823301599	1	1	1	1	15.75	-14.75	-14.75
empirical	user_msa	Phala.08G200500_Phala.08G200500.3	Phala.08G200500_Phala.08G200500.3	69	69	unique	69	69	69	0.16507177033492823	9	419	14.11111111111111	11.732617823301599	1.0	25.0	24.0	3	0.4444444444444444	0.5555555555555556	11.732617823301599	1	1	1	1	15.75	-14.75	-14.75
empirical	user_msa	Phala.08G200500_Phala.08G200500.2	Phala.08G200500_Phala.08G200500.2	69	69	unique	69	69	69	0.16507177033492823	9	419	14.11111111111111	11.732617823301599	1.0	25.0	24.0	3	0.4444444444444444	0.5555555555555556	11.732617823301599	1	1	1	1	15.75	-14.75	-14.75
empirical	user_msa	HORVU.MOREX.r3.6HG0571560_HORVU.MOREX.r3.6HG0571560.1	HORVU.MOREX.r3.6HG0571560_HORVU.MOREX.r3.6HG0571560.1	69	69	unique	69	69	69	0.16507177033492823	9	419	14.11111111111111	11.732617823301599	1.0	25.0	24.0	3	0.4444444444444444	0.5555555555555556	11.732617823301599	24	0	24	0	12.875	11.125	11.125
empirical	user_msa	TraesCS6A03G0381800_TraesCS6A03G0381800.1	TraesCS6A03G0381800_TraesCS6A03G0381800.1	69	69	unique	69	69	69	0.16507177033492823	9	419	14.11111111111111	11.732617823301599	1.0	25.0	24.0	3	0.4444444444444444	0.5555555555555556	11.732617823301599	24	0	24	0	12.875	11.125	11.125
empirical	user_msa	Thint.S06G201700_Thint.S06G201700.1	Thint.S06G201700_Thint.S06G201700.1	69	69	unique	69	69	69	0.16507177033492823	9	419	14.11111111111111	11.732617823301599	1.0	25.0	24.0	3	0.4444444444444444	0.5555555555555556	11.732617823301599	25	0	25	0	12.75	12.25	12.25
empirical	user_msa	LOC_Os02g07490_LOC_Os02g07490.1	LOC_Os02g07490_LOC_Os02g07490.1	70	70	unique	70	70	70	0.1674641148325359	9	419	24.77777777777778	21.795910818203073	1.0	55.0	54.0	4	0.4444444444444444	0.5555555555555556	21.795910818203073	39	0	39	0	23.0	16.0	16.0
empirical	user_msa	Oropetium_20150105_02675_Oropetium_20150105_02675A	Oropetium_20150105_02675_Oropetium_20150105_02675A	70	70	unique	70	70	70	0.1674641148325359	9	419	24.77777777777778	21.795910818203073	1.0	55.0	54.0	4	0.4444444444444444	0.5555555555555556	21.795910818203073	1	1	1	1	27.75	-26.75	-26.75
empirical	user_msa	ELECO.r07.2AG0102970_ELECO.r07.2AG0102970.1	ELECO.r07.2AG0102970_ELECO.r07.2AG0102970.1	70	70	unique	70	70	70	0.1674641148325359	9	419	24.77777777777778	21.795910818203073	1.0	55.0	54.0	4	0.4444444444444444	0.5555555555555556	21.795910818203073	55	0	55	0	21.0	34.0	34.0
empirical	user_msa	Phala.08G200500_Phala.08G200500.1	Phala.08G200500_Phala.08G200500.1	70	70	unique	70	70	70	0.1674641148325359	9	419	24.77777777777778	21.795910818203073	1.0	55.0	54.0	4	0.4444444444444444	0.5555555555555556	21.795910818203073	1	1	1	1	27.75	-26.75	-26.75
empirical	user_msa	Phala.08G200500_Phala.08G200500.3	Phala.08G200500_Phala.08G200500.3	70	70	unique	70	70	70	0.1674641148325359	9	419	24.77777777777778	21.795910818203073	1.0	55.0	54.0	4	0.4444444444444444	0.5555555555555556	21.795910818203073	1	1	1	1	27.75	-26.75	-26.75
empirical	user_msa	Phala.08G200500_Phala.08G200500.2	Phala.08G200500_Phala.08G200500.2	70	70	unique	70	70	70	0.1674641148325359	9	419	24.77777777777778	21.795910818203073	1.0	55.0	54.0	4	0.4444444444444444	0.5555555555555556	21.795910818203073	1	1	1	1	27.75	-26.75	-26.75
empirical	user_msa	HORVU.MOREX.r3.6HG0571560_HORVU.MOREX.r3.6HG0571560.1	HORVU.MOREX.r3.6HG0571560_HORVU.MOREX.r3.6HG0571560.1	70	70	unique	70	70	70	0.1674641148325359	9	419	24.77777777777778	21.795910818203073	1.0	55.0	54.0	4	0.4444444444444444	0.5555555555555556	21.795910818203073	47	0	47	0	22.0	25.0	25.0
empirical	user_msa	TraesCS6A03G0381800_TraesCS6A03G0381800.1	TraesCS6A03G0381800_TraesCS6A03G0381800.1	70	70	unique	70	70	70	0.1674641148325359	9	419	24.77777777777778	21.795910818203073	1.0	55.0	54.0	4	0.4444444444444444	0.5555555555555556	21.795910818203073	39	0	39	0	23.0	16.0	16.0
empirical	user_msa	Thint.S06G201700_Thint.S06G201700.1	Thint.S06G201700_Thint.S06G201700.1	70	70	unique	70	70	70	0.1674641148325359	9	419	24.77777777777778	21.795910818203073	1.0	55.0	54.0	4	0.4444444444444444	0.5555555555555556	21.795910818203073	39	0	39	0	23.0	16.0	16.0
empirical	user_msa	LOC_Os02g07490_LOC_Os02g07490.1	LOC_Os02g07490_LOC_Os02g07490.1	71	71	unique	71	71	71	0.16985645933014354	9	419	26.77777777777778	23.064054658362885	1.0	49.0	48.0	3	0.4444444444444444	0.5555555555555556	23.064054658362885	47	0	47	0	24.25	22.75	22.75
empirical	user_msa	Oropetium_20150105_02675_Oropetium_20150105_02675A	Oropetium_20150105_02675_Oropetium_20150105_02675A	71	71	unique	71	71	71	0.16985645933014354	9	419	26.77777777777778	23.064054658362885	1.0	49.0	48.0	3	0.4444444444444444	0.5555555555555556	23.064054658362885	1	1	1	1	30.0	-29.0	-29.0
empirical	user_msa	ELECO.r07.2AG0102970_ELECO.r07.2AG0102970.1	ELECO.r07.2AG0102970_ELECO.r07.2AG0102970.1	71	71	unique	71	71	71	0.16985645933014354	9	419	26.77777777777778	23.064054658362885	1.0	49.0	48.0	3	0.4444444444444444	0.5555555555555556	23.064054658362885	49	0	49	0	24.0	25.0	25.0
empirical	user_msa	Phala.08G200500_Phala.08G200500.1	Phala.08G200500_Phala.08G200500.1	71	71	unique	71	71	71	0.16985645933014354	9	419	26.77777777777778	23.064054658362885	1.0	49.0	48.0	3	0.4444444444444444	0.5555555555555556	23.064054658362885	1	1	1	1	30.0	-29.0	-29.0
empirical	user_msa	Phala.08G200500_Phala.08G200500.3	Phala.08G200500_Phala.08G200500.3	71	71	unique	71	71	71	0.16985645933014354	9	419	26.77777777777778	23.064054658362885	1.0	49.0	48.0	3	0.4444444444444444	0.5555555555555556	23.064054658362885	1	1	1	1	30.0	-29.0	-29.0
empirical	user_msa	Phala.08G200500_Phala.08G200500.2	Phala.08G200500_Phala.08G200500.2	71	71	unique	71	71	71	0.16985645933014354	9	419	26.77777777777778	23.064054658362885	1.0	49.0	48.0	3	0.4444444444444444	0.5555555555555556	23.064054658362885	1	1	1	1	30.0	-29.0	-29.0
empirical	user_msa	HORVU.MOREX.r3.6HG0571560_HORVU.MOREX.r3.6HG0571560.1	HORVU.MOREX.r3.6HG0571560_HORVU.MOREX.r3.6HG0571560.1	71	71	unique	71	71	71	0.16985645933014354	9	419	26.77777777777778	23.064054658362885	1.0	49.0	48.0	3	0.4444444444444444	0.5555555555555556	23.064054658362885	47	0	47	0	24.25	22.75	22.75
empirical	user_msa	TraesCS6A03G0381800_TraesCS6A03G0381800.1	TraesCS6A03G0381800_TraesCS6A03G0381800.1	71	71	unique	71	71	71	0.16985645933014354	9	419	26.77777777777778	23.064054658362885	1.0	49.0	48.0	3	0.4444444444444444	0.5555555555555556	23.064054658362885	47	0	47	0	24.25	22.75	22.75
empirical	user_msa	Thint.S06G201700_Thint.S06G201700.1	Thint.S06G201700_Thint.S06G201700.1	71	71	unique	71	71	71	0.16985645933014354	9	419	26.77777777777778	23.064054658362885	1.0	49.0	48.0	3	0.4444444444444444	0.5555555555555556	23.064054658362885	47	0	47	0	24.25	22.75	22.75
empirical	user_msa	LOC_Os02g07490_LOC_Os02g07490.1	LOC_Os02g07490_LOC_Os02g07490.1	72	72	unique	72	72	72	0.1722488038277512	9	419	13.11111111111111	10.86732558783893	1.0	25.0	24.0	4	0.4444444444444444	0.5555555555555556	10.86732558783893	22	0	22	0	12.0	10.0	10.0
empirical	user_msa	Oropetium_20150105_02675_Oropetium_20150105_02675A	Oropetium_20150105_02675_Oropetium_20150105_02675A	72	72	unique	72	72	72	0.1722488038277512	9	419	13.11111111111111	10.86732558783893	1.0	25.0	24.0	4	0.4444444444444444	0.5555555555555556	10.86732558783893	1	1	1	1	14.625	-13.625	-13.625
empirical	user_msa	ELECO.r07.2AG0102970_ELECO.r07.2AG0102970.1	ELECO.r07.2AG0102970_ELECO.r07.2AG0102970.1	72	72	unique	72	72	72	0.1722488038277512	9	419	13.11111111111111	10.86732558783893	1.0	25.0	24.0	4	0.4444444444444444	0.5555555555555556	10.86732558783893	23	0	23	0	11.875	11.125	11.125
empirical	user_msa	Phala.08G200500_Phala.08G200500.1	Phala.08G200500_Phala.08G200500.1	72	72	unique	72	72	72	0.1722488038277512	9	419	13.11111111111111	10.86732558783893	1.0	25.0	24.0	4	0.4444444444444444	0.5555555555555556	10.86732558783893	1	1	1	1	14.625	-13.625	-13.625
empirical	user_msa	Phala.08G200500_Phala.08G200500.3	Phala.08G200500_Phala.08G200500.3	72	72	unique	72	72	72	0.1722488038277512	9	419	13.11111111111111	10.86732558783893	1.0	25.0	24.0	4	0.4444444444444444	0.5555555555555556	10.86732558783893	1	1	1	1	14.625	-13.625	-13.625
empirical	user_msa	Phala.08G200500_Phala.08G200500.2	Phala.08G200500_Phala.08G200500.2	72	72	unique	72	72	72	0.1722488038277512	9	419	13.11111111111111	10.86732558783893	1.0	25.0	24.0	4	0.4444444444444444	0.5555555555555556	10.86732558783893	1	1	1	1	14.625	-13.625	-13.625
empirical	user_msa	HORVU.MOREX.r3.6HG0571560_HORVU.MOREX.r3.6HG0571560.1	HORVU.MOREX.r3.6HG0571560_HORVU.MOREX.r3.6HG0571560.1	72	72	unique	72	72	72	0.1722488038277512	9	419	13.11111111111111	10.86732558783893	1.0	25.0	24.0	4	0.4444444444444444	0.5555555555555556	10.86732558783893	25	0	25	0	11.625	13.375	13.375
empirical	user_msa	TraesCS6A03G0381800_TraesCS6A03G0381800.1	TraesCS6A03G0381800_TraesCS6A03G0381800.1	72	72	unique	72	72	72	0.1722488038277512	9	419	13.11111111111111	10.86732558783893	1.0	25.0	24.0	4	0.4444444444444444	0.5555555555555556	10.86732558783893	22	0	22	0	12.0	10.0	10.0
empirical	user_msa	Thint.S06G201700_Thint.S06G201700.1	Thint.S06G201700_Thint.S06G201700.1	72	72	unique	72	72	72	0.1722488038277512	9	419	13.11111111111111	10.86732558783893	1.0	25.0	24.0	4	0.4444444444444444	0.5555555555555556	10.86732558783893	22	0	22	0	12.0	10.0	10.0
empirical	user_msa	LOC_Os02g07490_LOC_Os02g07490.1	LOC_Os02g07490_LOC_Os02g07490.1	73	73	unique	73	73	73	0.17464114832535885	9	419	10.88888888888889	8.87498913231816	1.0	20.0	19.0	3	0.4444444444444444	0.5555555555555556	8.87498913231816	18	0	18	0	10.0	8.0	8.0
empirical	user_msa	Oropetium_20150105_02675_Oropetium_20150105_02675A	Oropetium_20150105_02675_Oropetium_20150105_02675A	73	73	unique	73	73	73	0.17464114832535885	9	419	10.88888888888889	8.87498913231816	1.0	20.0	19.0	3	0.4444444444444444	0.5555555555555556	8.87498913231816	1	1	1	1	12.125	-11.125	-11.125
empirical	user_msa	ELECO.r07.2AG0102970_ELECO.r07.2AG0102970.1	ELECO.r07.2AG0102970_ELECO.r07.2AG0102970.1	73	73	unique	73	73	73	0.17464114832535885	9	419	10.88888888888889	8.87498913231816	1.0	20.0	19.0	3	0.4444444444444444	0.5555555555555556	8.87498913231816	20	0	20	0	9.75	10.25	10.25
empirical	user_msa	Phala.08G200500_Phala.08G200500.1	Phala.08G200500_Phala.08G200500.1	73	73	unique	73	73	73	0.17464114832535885	9	419	10.88888888888889	8.87498913231816	1.0	20.0	19.0	3	0.4444444444444444	0.5555555555555556	8.87498913231816	1	1	1	1	12.125	-11.125	-11.125
empirical	user_msa	Phala.08G200500_Phala.08G200500.3	Phala.08G200500_Phala.08G200500.3	73	73	unique	73	73	73	0.17464114832535885	9	419	10.88888888888889	8.87498913231816	1.0	20.0	19.0	3	0.4444444444444444	0.5555555555555556	8.87498913231816	1	1	1	1	12.125	-11.125	-11.125
empirical	user_msa	Phala.08G200500_Phala.08G200500.2	Phala.08G200500_Phala.08G200500.2	73	73	unique	73	73	73	0.17464114832535885	9	419	10.88888888888889	8.87498913231816	1.0	20.0	19.0	3	0.4444444444444444	0.5555555555555556	8.87498913231816	1	1	1	1	12.125	-11.125	-11.125
empirical	user_msa	HORVU.MOREX.r3.6HG0571560_HORVU.MOREX.r3.6HG0571560.1	HORVU.MOREX.r3.6HG0571560_HORVU.MOREX.r3.6HG0571560.1	73	73	unique	73	73	73	0.17464114832535885	9	419	10.88888888888889	8.87498913231816	1.0	20.0	19.0	3	0.4444444444444444	0.5555555555555556	8.87498913231816	20	0	20	0	9.75	10.25	10.25
empirical	user_msa	TraesCS6A03G0381800_TraesCS6A03G0381800.1	TraesCS6A03G0381800_TraesCS6A03G0381800.1	73	73	unique	73	73	73	0.17464114832535885	9	419	10.88888888888889	8.87498913231816	1.0	20.0	19.0	3	0.4444444444444444	0.5555555555555556	8.87498913231816	18	0	18	0	10.0	8.0	8.0
empirical	user_msa	Thint.S06G201700_Thint.S06G201700.1	Thint.S06G201700_Thint.S06G201700.1	73	73	unique	73	73	73	0.17464114832535885	9	419	10.88888888888889	8.87498913231816	1.0	20.0	19.0	3	0.4444444444444444	0.5555555555555556	8.87498913231816	18	0	18	0	10.0	8.0	8.0
empirical	user_msa	LOC_Os02g07490_LOC_Os02g07490.1	LOC_Os02g07490_LOC_Os02g07490.1	74	74	unique	74	74	74	0.17703349282296652	9	419	28.666666666666668	24.747614924360782	1.0	51.0	50.0	3	0.4444444444444444	0.5555555555555556	24.747614924360782	51	0	51	0	25.875	25.125	25.125
empirical	user_msa	Oropetium_20150105_02675_Oropetium_20150105_02675A	Oropetium_20150105_02675_Oropetium_20150105_02675A	74	74	unique	74	74	74	0.17703349282296652	9	419	28.666666666666668	24.747614924360782	1.0	51.0	50.0	3	0.4444444444444444	0.5555555555555556	24.747614924360782	1	1	1	1	32.125	-31.125	-31.125
empirical	user_msa	ELECO.r07.2AG0102970_ELECO.r07.2AG0102970.1	ELECO.r07.2AG0102970_ELECO.r07.2AG0102970.1	74	74	unique	74	74	74	0.17703349282296652	9	419	28.666666666666668	24.747614924360782	1.0	51.0	50.0	3	0.4444444444444444	0.5555555555555556	24.747614924360782	50	0	50	0	26.0	24.0	24.0
empirical	user_msa	Phala.08G200500_Phala.08G200500.1	Phala.08G200500_Phala.08G200500.1	74	74	unique	74	74	74	0.17703349282296652	9	419	28.666666666666668	24.747614924360782	1.0	51.0	50.0	3	0.4444444444444444	0.5555555555555556	24.747614924360782	1	1	1	1	32.125	-31.125	-31.125
empirical	user_msa	Phala.08G200500_Phala.08G200500.3	Phala.08G200500_Phala.08G200500.3	74	74	unique	74	74	74	0.17703349282296652	9	419	28.666666666666668	24.747614924360782	1.0	51.0	50.0	3	0.4444444444444444	0.5555555555555556	24.747614924360782	1	1	1	1	32.125	-31.125	-31.125
empirical	user_msa	Phala.08G200500_Phala.08G200500.2	Phala.08G200500_Phala.08G200500.2	74	74	unique	74	74	74	0.17703349282296652	9	419	28.666666666666668	24.747614924360782	1.0	51.0	50.0	3	0.4444444444444444	0.5555555555555556	24.747614924360782	1	1	1	1	32.125	-31.125	-31.125
empirical	user_msa	HORVU.MOREX.r3.6HG0571560_HORVU.MOREX.r3.6HG0571560.1	HORVU.MOREX.r3.6HG0571560_HORVU.MOREX.r3.6HG0571560.1	74	74	unique	74	74	74	0.17703349282296652	9	419	28.666666666666668	24.747614924360782	1.0	51.0	50.0	3	0.4444444444444444	0.5555555555555556	24.747614924360782	51	0	51	0	25.875	25.125	25.125
empirical	user_msa	TraesCS6A03G0381800_TraesCS6A03G0381800.1	TraesCS6A03G0381800_TraesCS6A03G0381800.1	74	74	unique	74	74	74	0.17703349282296652	9	419	28.666666666666668	24.747614924360782	1.0	51.0	50.0	3	0.4444444444444444	0.5555555555555556	24.747614924360782	51	0	51	0	25.875	25.125	25.125
empirical	user_msa	Thint.S06G201700_Thint.S06G201700.1	Thint.S06G201700_Thint.S06G201700.1	74	74	unique	74	74	74	0.17703349282296652	9	419	28.666666666666668	24.747614924360782	1.0	51.0	50.0	3	0.4444444444444444	0.5555555555555556	24.747614924360782	51	0	51	0	25.875	25.125	25.125
empirical	user_msa	LOC_Os02g07490_LOC_Os02g07490.1	LOC_Os02g07490_LOC_Os02g07490.1	75	75	unique	75	75	75	0.17942583732057416	9	419	31.0	26.932013168965543	1.0	61.0	60.0	4	0.4444444444444444	0.5555555555555556	26.932013168965543	54	0	54	0	28.125	25.875	25.875
empirical	user_msa	Oropetium_20150105_02675_Oropetium_20150105_02675A	Oropetium_20150105_02675_Oropetium_20150105_02675A	75	75	unique	75	75	75	0.17942583732057416	9	419	31.0	26.932013168965543	1.0	61.0	60.0	4	0.4444444444444444	0.5555555555555556	26.932013168965543	1	1	1	1	34.75	-33.75	-33.75
empirical	user_msa	ELECO.r07.2AG0102970_ELECO.r07.2AG0102970.1	ELECO.r07.2AG0102970_ELECO.r07.2AG0102970.1	75	75	unique	75	75	75	0.17942583732057416	9	419	31.0	26.932013168965543	1.0	61.0	60.0	4	0.4444444444444444	0.5555555555555556	26.932013168965543	52	0	52	0	28.375	23.625	23.625
empirical	user_msa	Phala.08G200500_Phala.08G200500.1	Phala.08G200500_Phala.08G200500.1	75	75	unique	75	75	75	0.17942583732057416	9	419	31.0	26.932013168965543	1.0	61.0	60.0	4	0.4444444444444444	0.5555555555555556	26.932013168965543	1	1	1	1	34.75	-33.75	-33.75
empirical	user_msa	Phala.08G200500_Phala.08G200500.3	Phala.08G200500_Phala.08G200500.3	75	75	unique	75	75	75	0.17942583732057416	9	419	31.0	26.932013168965543	1.0	61.0	60.0	4	0.4444444444444444	0.5555555555555556	26.932013168965543	1	1	1	1	34.75	-33.75	-33.75
empirical	user_msa	Phala.08G200500_Phala.08G200500.2	Phala.08G200500_Phala.08G200500.2	75	75	unique	75	75	75	0.17942583732057416	9	419	31.0	26.932013168965543	1.0	61.0	60.0	4	0.4444444444444444	0.5555555555555556	26.932013168965543	1	1	1	1	34.75	-33.75	-33.75
empirical	user_msa	HORVU.MOREX.r3.6HG0571560_HORVU.MOREX.r3.6HG0571560.1	HORVU.MOREX.r3.6HG0571560_HORVU.MOREX.r3.6HG0571560.1	75	75	unique	75	75	75	0.17942583732057416	9	419	31.0	26.932013168965543	1.0	61.0	60.0	4	0.4444444444444444	0.5555555555555556	26.932013168965543	54	0	54	0	28.125	25.875	25.875
empirical	user_msa	TraesCS6A03G0381800_TraesCS6A03G0381800.1	TraesCS6A03G0381800_TraesCS6A03G0381800.1	75	75	unique	75	75	75	0.17942583732057416	9	419	31.0	26.932013168965543	1.0	61.0	60.0	4	0.4444444444444444	0.5555555555555556	26.932013168965543	61	0	61	0	27.25	33.75	33.75
empirical	user_msa	Thint.S06G201700_Thint.S06G201700.1	Thint.S06G201700_Thint.S06G201700.1	75	75	unique	75	75	75	0.17942583732057416	9	419	31.0	26.932013168965543	1.0	61.0	60.0	4	0.4444444444444444	0.5555555555555556	26.932013168965543	54	0	54	0	28.125	25.875	25.875
empirical	user_msa	LOC_Os02g07490_LOC_Os02g07490.1	LOC_Os02g07490_LOC_Os02g07490.1	76	76	unique	76	76	76	0.18181818181818182	9	419	7.444444444444445	5.7948465824023545	1.0	13.0	12.0	3	0.4444444444444444	0.5555555555555556	5.7948465824023545	13	0	13	0	6.75	6.25	6.25
empirical	user_msa	Oropetium_20150105_02675_Oropetium_20150105_02675A	Oropetium_20150105_02675_Oropetium_20150105_02675A	76	76	unique	76	76	76	0.18181818181818182	9	419	7.444444444444445	5.7948465824023545	1.0	13.0	12.0	3	0.4444444444444444	0.5555555555555556	5.7948465824023545	1	1	1	1	8.25	-7.25	-7.25
empirical	user_msa	ELECO.r07.2AG0102970_ELECO.r07.2AG0102970.1	ELECO.r07.2AG0102970_ELECO.r07.2AG0102970.1	76	76	unique	76	76	76	0.18181818181818182	9	419	7.444444444444445	5.7948465824023545	1.0	13.0	12.0	3	0.4444444444444444	0.5555555555555556	5.7948465824023545	11	0	11	0	7.0	4.0	4.0
empirical	user_msa	Phala.08G200500_Phala.08G200500.1	Phala.08G200500_Phala.08G200500.1	76	76	unique	76	76	76	0.18181818181818182	9	419	7.444444444444445	5.7948465824023545	1.0	13.0	12.0	3	0.4444444444444444	0.5555555555555556	5.7948465824023545	1	1	1	1	8.25	-7.25	-7.25
empirical	user_msa	Phala.08G200500_Phala.08G200500.3	Phala.08G200500_Phala.08G200500.3	76	76	unique	76	76	76	0.18181818181818182	9	419	7.444444444444445	5.7948465824023545	1.0	13.0	12.0	3	0.4444444444444444	0.5555555555555556	5.7948465824023545	1	1	1	1	8.25	-7.25	-7.25
empirical	user_msa	Phala.08G200500_Phala.08G200500.2	Phala.08G200500_Phala.08G200500.2	76	76	unique	76	76	76	0.18181818181818182	9	419	7.444444444444445	5.7948465824023545	1.0	13.0	12.0	3	0.4444444444444444	0.5555555555555556	5.7948465824023545	1	1	1	1	8.25	-7.25	-7.25
empirical	user_msa	HORVU.MOREX.r3.6HG0571560_HORVU.MOREX.r3.6HG0571560.1	HORVU.MOREX.r3.6HG0571560_HORVU.MOREX.r3.6HG0571560.1	76	76	unique	76	76	76	0.18181818181818182	9	419	7.444444444444445	5.7948465824023545	1.0	13.0	12.0	3	0.4444444444444444	0.5555555555555556	5.7948465824023545	13	0	13	0	6.75	6.25	6.25
empirical	user_msa	TraesCS6A03G0381800_TraesCS6A03G0381800.1	TraesCS6A03G0381800_TraesCS6A03G0381800.1	76	76	unique	76	76	76	0.18181818181818182	9	419	7.444444444444445	5.7948465824023545	1.0	13.0	12.0	3	0.4444444444444444	0.5555555555555556	5.7948465824023545	13	0	13	0	6.75	6.25	6.25
empirical	user_msa	Thint.S06G201700_Thint.S06G201700.1	Thint.S06G201700_Thint.S06G201700.1	76	76	unique	76	76	76	0.18181818181818182	9	419	7.444444444444445	5.7948465824023545	1.0	13.0	12.0	3	0.4444444444444444	0.5555555555555556	5.7948465824023545	13	0	13	0	6.75	6.25	6.25
empirical	user_msa	LOC_Os02g07490_LOC_Os02g07490.1	LOC_Os02g07490_LOC_Os02g07490.1	77	77	unique	77	77	77	0.18421052631578946	9	419	25.0	21.520016522091964	1.0	48.0	47.0	5	0.4444444444444444	0.5555555555555556	21.520016522091964	43	0	43	0	22.75	20.25	20.25
empirical	user_msa	Oropetium_20150105_02675_Oropetium_20150105_02675A	Oropetium_20150105_02675_Oropetium_20150105_02675A	77	77	unique	77	77	77	0.18421052631578946	9	419	25.0	21.520016522091964	1.0	48.0	47.0	5	0.4444444444444444	0.5555555555555556	21.520016522091964	1	1	1	1	28.0	-27.0	-27.0
empirical	user_msa	ELECO.r07.2AG0102970_ELECO.r07.2AG0102970.1	ELECO.r07.2AG0102970_ELECO.r07.2AG0102970.1	77	77	unique	77	77	77	0.18421052631578946	9	419	25.0	21.520016522091964	1.0	48.0	47.0	5	0.4444444444444444	0.5555555555555556	21.520016522091964	44	0	44	0	22.625	21.375	21.375
empirical	user_msa	Phala.08G200500_Phala.08G200500.1	Phala.08G200500_Phala.08G200500.1	77	77	unique	77	77	77	0.18421052631578946	9	419	25.0	21.520016522091964	1.0	48.0	47.0	5	0.4444444444444444	0.5555555555555556	21.520016522091964	1	1	1	1	28.0	-27.0	-27.0
empirical	user_msa	Phala.08G200500_Phala.08G200500.3	Phala.08G200500_Phala.08G200500.3	77	77	unique	77	77	77	0.18421052631578946	9	419	25.0	21.520016522091964	1.0	48.0	47.0	5	0.4444444444444444	0.5555555555555556	21.520016522091964	1	1	1	1	28.0	-27.0	-27.0
empirical	user_msa	Phala.08G200500_Phala.08G200500.2	Phala.08G200500_Phala.08G200500.2	77	77	unique	77	77	77	0.18421052631578946	9	419	25.0	21.520016522091964	1.0	48.0	47.0	5	0.4444444444444444	0.5555555555555556	21.520016522091964	1	1	1	1	28.0	-27.0	-27.0
empirical	user_msa	HORVU.MOREX.r3.6HG0571560_HORVU.MOREX.r3.6HG0571560.1	HORVU.MOREX.r3.6HG0571560_HORVU.MOREX.r3.6HG0571560.1	77	77	unique	77	77	77	0.18421052631578946	9	419	25.0	21.520016522091964	1.0	48.0	47.0	5	0.4444444444444444	0.5555555555555556	21.520016522091964	48	0	48	0	22.125	25.875	25.875
empirical	user_msa	TraesCS6A03G0381800_TraesCS6A03G0381800.1	TraesCS6A03G0381800_TraesCS6A03G0381800.1	77	77	unique	77	77	77	0.18421052631578946	9	419	25.0	21.520016522091964	1.0	48.0	47.0	5	0.4444444444444444	0.5555555555555556	21.520016522091964	42	0	42	0	22.875	19.125	19.125
empirical	user_msa	Thint.S06G201700_Thint.S06G201700.1	Thint.S06G201700_Thint.S06G201700.1	77	77	unique	77	77	77	0.18421052631578946	9	419	25.0	21.520016522091964	1.0	48.0	47.0	5	0.4444444444444444	0.5555555555555556	21.520016522091964	44	0	44	0	22.625	21.375	21.375
empirical	user_msa	LOC_Os02g07490_LOC_Os02g07490.1	LOC_Os02g07490_LOC_Os02g07490.1	78	78	unique	78	78	78	0.18660287081339713	9	419	20.444444444444443	17.391639824998364	1.0	36.0	35.0	2	0.4444444444444444	0.5555555555555556	17.391639824998364	36	0	36	0	18.5	17.5	17.5
empirical	user_msa	Oropetium_20150105_02675_Oropetium_20150105_02675A	Oropetium_20150105_02675_Oropetium_20150105_02675A	78	78	unique	78	78	78	0.18660287081339713	9	419	20.444444444444443	17.391639824998364	1.0	36.0	35.0	2	0.4444444444444444	0.5555555555555556	17.391639824998364	1	1	1	1	22.875	-21.875	-21.875
empirical	user_msa	ELECO.r07.2AG0102970_ELECO.r07.2AG0102970.1	ELECO.r07.2AG0102970_ELECO.r07.2AG0102970.1	78	78	unique	78	78	78	0.18660287081339713	9	419	20.444444444444443	17.391639824998364	1.0	36.0	35.0	2	0.4444444444444444	0.5555555555555556	17.391639824998364	36	0	36	0	18.5	17.5	17.5
empirical	user_msa	Phala.08G200500_Phala.08G200500.1	Phala.08G200500_Phala.08G200500.1	78	78	unique	78	78	78	0.18660287081339713	9	419	20.444444444444443	17.391639824998364	1.0	36.0	35.0	2	0.4444444444444444	0.5555555555555556	17.391639824998364	1	1	1	1	22.875	-21.875	-21.875
empirical	user_msa	Phala.08G200500_Phala.08G200500.3	Phala.08G200500_Phala.08G200500.3	78	78	unique	78	78	78	0.18660287081339713	9	419	20.444444444444443	17.391639824998364	1.0	36.0	35.0	2	0.4444444444444444	0.5555555555555556	17.391639824998364	1	1	1	1	22.875	-21.875	-21.875
empirical	user_msa	Phala.08G200500_Phala.08G200500.2	Phala.08G200500_Phala.08G200500.2	78	78	unique	78	78	78	0.18660287081339713	9	419	20.444444444444443	17.391639824998364	1.0	36.0	35.0	2	0.4444444444444444	0.5555555555555556	17.391639824998364	1	1	1	1	22.875	-21.875	-21.875
empirical	user_msa	HORVU.MOREX.r3.6HG0571560_HORVU.MOREX.r3.6HG0571560.1	HORVU.MOREX.r3.6HG0571560_HORVU.MOREX.r3.6HG0571560.1	78	78	unique	78	78	78	0.18660287081339713	9	419	20.444444444444443	17.391639824998364	1.0	36.0	35.0	2	0.4444444444444444	0.5555555555555556	17.391639824998364	36	0	36	0	18.5	17.5	17.5
empirical	user_msa	TraesCS6A03G0381800_TraesCS6A03G0381800.1	TraesCS6A03G0381800_TraesCS6A03G0381800.1	78	78	unique	78	78	78	0.18660287081339713	9	419	20.444444444444443	17.391639824998364	1.0	36.0	35.0	2	0.4444444444444444	0.5555555555555556	17.391639824998364	36	0	36	0	18.5	17.5	17.5
empirical	user_msa	Thint.S06G201700_Thint.S06G201700.1	Thint.S06G201700_Thint.S06G201700.1	78	78	unique	78	78	78	0.18660287081339713	9	419	20.444444444444443	17.391639824998364	1.0	36.0	35.0	2	0.4444444444444444	0.5555555555555556	17.391639824998364	36	0	36	0	18.5	17.5	17.5
empirical	user_msa	LOC_Os02g07490_LOC_Os02g07490.1	LOC_Os02g07490_LOC_Os02g07490.1	79	79	unique	79	79	79	0.18899521531100477	9	419	3.6666666666666665	0.9428090415820634	1.0	4.0	3.0	2	0.1111111111111111	0.8888888888888888	0.9428090415820634	4	0	4	0	3.625	0.375	0.375
empirical	user_msa	Oropetium_20150105_02675_Oropetium_20150105_02675A	Oropetium_20150105_02675_Oropetium_20150105_02675A	79	79	unique	79	79	79	0.18899521531100477	9	419	3.6666666666666665	0.9428090415820634	1.0	4.0	3.0	2	0.1111111111111111	0.8888888888888888	0.9428090415820634	4	0	4	0	3.625	0.375	0.375
empirical	user_msa	ELECO.r07.2AG0102970_ELECO.r07.2AG0102970.1	ELECO.r07.2AG0102970_ELECO.r07.2AG0102970.1	79	79	unique	79	79	79	0.18899521531100477	9	419	3.6666666666666665	0.9428090415820634	1.0	4.0	3.0	2	0.1111111111111111	0.8888888888888888	0.9428090415820634	4	0	4	0	3.625	0.375	0.375
empirical	user_msa	Phala.08G200500_Phala.08G200500.1	Phala.08G200500_Phala.08G200500.1	79	79	unique	79	79	79	0.18899521531100477	9	419	3.6666666666666665	0.9428090415820634	1.0	4.0	3.0	2	0.1111111111111111	0.8888888888888888	0.9428090415820634	4	0	4	0	3.625	0.375	0.375
empirical	user_msa	Phala.08G200500_Phala.08G200500.3	Phala.08G200500_Phala.08G200500.3	79	79	unique	79	79	79	0.18899521531100477	9	419	3.6666666666666665	0.9428090415820634	1.0	4.0	3.0	2	0.1111111111111111	0.8888888888888888	0.9428090415820634	4	0	4	0	3.625	0.375	0.375
empirical	user_msa	Phala.08G200500_Phala.08G200500.2	Phala.08G200500_Phala.08G200500.2	79	79	unique	79	79	79	0.18899521531100477	9	419	3.6666666666666665	0.9428090415820634	1.0	4.0	3.0	2	0.1111111111111111	0.8888888888888888	0.9428090415820634	1	1	1	1	4.0	-3.0	-3.0
empirical	user_msa	HORVU.MOREX.r3.6HG0571560_HORVU.MOREX.r3.6HG0571560.1	HORVU.MOREX.r3.6HG0571560_HORVU.MOREX.r3.6HG0571560.1	79	79	unique	79	79	79	0.18899521531100477	9	419	3.6666666666666665	0.9428090415820634	1.0	4.0	3.0	2	0.1111111111111111	0.8888888888888888	0.9428090415820634	4	0	4	0	3.625	0.375	0.375
empirical	user_msa	TraesCS6A03G0381800_TraesCS6A03G0381800.1	TraesCS6A03G0381800_TraesCS6A03G0381800.1	79	79	unique	79	79	79	0.18899521531100477	9	419	3.6666666666666665	0.9428090415820634	1.0	4.0	3.0	2	0.1111111111111111	0.8888888888888888	0.9428090415820634	4	0	4	0	3.625	0.375	0.375
empirical	user_msa	Thint.S06G201700_Thint.S06G201700.1	Thint.S06G201700_Thint.S06G201700.1	79	79	unique	79	79	79	0.18899521531100477	9	419	3.6666666666666665	0.9428090415820634	1.0	4.0	3.0	2	0.1111111111111111	0.8888888888888888	0.9428090415820634	4	0	4	0	3.625	0.375	0.375
empirical	user_msa	LOC_Os02g07490_LOC_Os02g07490.1	LOC_Os02g07490_LOC_Os02g07490.1	80	80	unique	80	80	80	0.19138755980861244	9	419	13.11111111111111	12.930965800867693	1.0	47.0	46.0	5	0.1111111111111111	0.8888888888888888	12.930965800867693	6	0	6	0	14.0	-8.0	-8.0
empirical	user_msa	Oropetium_20150105_02675_Oropetium_20150105_02675A	Oropetium_20150105_02675_Oropetium_20150105_02675A	80	80	unique	80	80	80	0.19138755980861244	9	419	13.11111111111111	12.930965800867693	1.0	47.0	46.0	5	0.1111111111111111	0.8888888888888888	12.930965800867693	47	0	47	0	8.875	38.125	38.125
empirical	user_msa	ELECO.r07.2AG0102970_ELECO.r07.2AG0102970.1	ELECO.r07.2AG0102970_ELECO.r07.2AG0102970.1	80	80	unique	80	80	80	0.19138755980861244	9	419	13.11111111111111	12.930965800867693	1.0	47.0	46.0	5	0.1111111111111111	0.8888888888888888	12.930965800867693	8	0	8	0	13.75	-5.75	-5.75
empirical	user_msa	Phala.08G200500_Phala.08G200500.1	Phala.08G200500_Phala.08G200500.1	80	80	unique	80	80	80	0.19138755980861244	9	419	13.11111111111111	12.930965800867693	1.0	47.0	46.0	5	0.1111111111111111	0.8888888888888888	12.930965800867693	17	0	17	0	12.625	4.375	4.375
empirical	user_msa	Phala.08G200500_Phala.08G200500.3	Phala.08G200500_Phala.08G200500.3	80	80	unique	80	80	80	0.19138755980861244	9	419	13.11111111111111	12.930965800867693	1.0	47.0	46.0	5	0.1111111111111111	0.8888888888888888	12.930965800867693	17	0	17	0	12.625	4.375	4.375
empirical	user_msa	Phala.08G200500_Phala.08G200500.2	Phala.08G200500_Phala.08G200500.2	80	80	unique	80	80	80	0.19138755980861244	9	419	13.11111111111111	12.930965800867693	1.0	47.0	46.0	5	0.1111111111111111	0.8888888888888888	12.930965800867693	1	1	1	1	14.625	-13.625	-13.625
empirical	user_msa	HORVU.MOREX.r3.6HG0571560_HORVU.MOREX.r3.6HG0571560.1	HORVU.MOREX.r3.6HG0571560_HORVU.MOREX.r3.6HG0571560.1	80	80	unique	80	80	80	0.19138755980861244	9	419	13.11111111111111	12.930965800867693	1.0	47.0	46.0	5	0.1111111111111111	0.8888888888888888	12.930965800867693	8	0	8	0	13.75	-5.75	-5.75
empirical	user_msa	TraesCS6A03G0381800_TraesCS6A03G0381800.1	TraesCS6A03G0381800_TraesCS6A03G0381800.1	80	80	unique	80	80	80	0.19138755980861244	9	419	13.11111111111111	12.930965800867693	1.0	47.0	46.0	5	0.1111111111111111	0.8888888888888888	12.930965800867693	8	0	8	0	13.75	-5.75	-5.75
empirical	user_msa	Thint.S06G201700_Thint.S06G201700.1	Thint.S06G201700_Thint.S06G201700.1	80	80	unique	80	80	80	0.19138755980861244	9	419	13.11111111111111	12.930965800867693	1.0	47.0	46.0	5	0.1111111111111111	0.8888888888888888	12.930965800867693	6	0	6	0	14.0	-8.0	-8.0
empirical	user_msa	LOC_Os02g07490_LOC_Os02g07490.1	LOC_Os02g07490_LOC_Os02g07490.1	81	81	unique	81	81	81	0.1937799043062201	9	419	3.6666666666666665	0.9428090415820634	1.0	4.0	3.0	2	0.1111111111111111	0.8888888888888888	0.9428090415820634	4	0	4	0	3.625	0.375	0.375
empirical	user_msa	Oropetium_20150105_02675_Oropetium_20150105_02675A	Oropetium_20150105_02675_Oropetium_20150105_02675A	81	81	unique	81	81	81	0.1937799043062201	9	419	3.6666666666666665	0.9428090415820634	1.0	4.0	3.0	2	0.1111111111111111	0.8888888888888888	0.9428090415820634	4	0	4	0	3.625	0.375	0.375
empirical	user_msa	ELECO.r07.2AG0102970_ELECO.r07.2AG0102970.1	ELECO.r07.2AG0102970_ELECO.r07.2AG0102970.1	81	81	unique	81	81	81	0.1937799043062201	9	419	3.6666666666666665	0.9428090415820634	1.0	4.0	3.0	2	0.1111111111111111	0.8888888888888888	0.9428090415820634	4	0	4	0	3.625	0.375	0.375
empirical	user_msa	Phala.08G200500_Phala.08G200500.1	Phala.08G200500_Phala.08G200500.1	81	81	unique	81	81	81	0.1937799043062201	9	419	3.6666666666666665	0.9428090415820634	1.0	4.0	3.0	2	0.1111111111111111	0.8888888888888888	0.9428090415820634	4	0	4	0	3.625	0.375	0.375
empirical	user_msa	Phala.08G200500_Phala.08G200500.3	Phala.08G200500_Phala.08G200500.3	81	81	unique	81	81	81	0.1937799043062201	9	419	3.6666666666666665	0.9428090415820634	1.0	4.0	3.0	2	0.1111111111111111	0.8888888888888888	0.9428090415820634	4	0	4	0	3.625	0.375	0.375
empirical	user_msa	Phala.08G200500_Phala.08G200500.2	Phala.08G200500_Phala.08G200500.2	81	81	unique	81	81	81	0.1937799043062201	9	419	3.6666666666666665	0.9428090415820634	1.0	4.0	3.0	2	0.1111111111111111	0.8888888888888888	0.9428090415820634	1	1	1	1	4.0	-3.0	-3.0
empirical	user_msa	HORVU.MOREX.r3.6HG0571560_HORVU.MOREX.r3.6HG0571560.1	HORVU.MOREX.r3.6HG0571560_HORVU.MOREX.r3.6HG0571560.1	81	81	unique	81	81	81	0.1937799043062201	9	419	3.6666666666666665	0.9428090415820634	1.0	4.0	3.0	2	0.1111111111111111	0.8888888888888888	0.9428090415820634	4	0	4	0	3.625	0.375	0.375
empirical	user_msa	TraesCS6A03G0381800_TraesCS6A03G0381800.1	TraesCS6A03G0381800_TraesCS6A03G0381800.1	81	81	unique	81	81	81	0.1937799043062201	9	419	3.6666666666666665	0.9428090415820634	1.0	4.0	3.0	2	0.1111111111111111	0.8888888888888888	0.9428090415820634	4	0	4	0	3.625	0.375	0.375
empirical	user_msa	Thint.S06G201700_Thint.S06G201700.1	Thint.S06G201700_Thint.S06G201700.1	81	81	unique	81	81	81	0.1937799043062201	9	419	3.6666666666666665	0.9428090415820634	1.0	4.0	3.0	2	0.1111111111111111	0.8888888888888888	0.9428090415820634	4	0	4	0	3.625	0.375	0.375
empirical	user_msa	LOC_Os02g07490_LOC_Os02g07490.1	LOC_Os02g07490_LOC_Os02g07490.1	82	82	unique	82	82	82	0.19617224880382775	9	419	32.333333333333336	17.101007117840883	1.0	49.0	48.0	5	0.1111111111111111	0.8888888888888888	17.101007117840883	49	0	49	0	30.25	18.75	18.75
empirical	user_msa	Oropetium_20150105_02675_Oropetium_20150105_02675A	Oropetium_20150105_02675_Oropetium_20150105_02675A	82	82	unique	82	82	82	0.19617224880382775	9	419	32.333333333333336	17.101007117840883	1.0	49.0	48.0	5	0.1111111111111111	0.8888888888888888	17.101007117840883	15	0	15	0	34.5	-19.5	-19.5
empirical	user_msa	ELECO.r07.2AG0102970_ELECO.r07.2AG0102970.1	ELECO.r07.2AG0102970_ELECO.r07.2AG0102970.1	82	82	unique	82	82	82	0.19617224880382775	9	419	32.333333333333336	17.101007117840883	1.0	49.0	48.0	5	0.1111111111111111	0.8888888888888888	17.101007117840883	17	0	17	0	34.25	-17.25	-17.25
empirical	user_msa	Phala.08G200500_Phala.08G200500.1	Phala.08G200500_Phala.08G200500.1	82	82	unique	82	82	82	0.19617224880382775	9	419	32.333333333333336	17.101007117840883	1.0	49.0	48.0	5	0.1111111111111111	0.8888888888888888	17.101007117840883	31	0	31	0	32.5	-1.5	-1.5
empirical	user_msa	Phala.08G200500_Phala.08G200500.3	Phala.08G200500_Phala.08G200500.3	82	82	unique	82	82	82	0.19617224880382775	9	419	32.333333333333336	17.101007117840883	1.0	49.0	48.0	5	0.1111111111111111	0.8888888888888888	17.101007117840883	31	0	31	0	32.5	-1.5	-1.5
empirical	user_msa	Phala.08G200500_Phala.08G200500.2	Phala.08G200500_Phala.08G200500.2	82	82	unique	82	82	82	0.19617224880382775	9	419	32.333333333333336	17.101007117840883	1.0	49.0	48.0	5	0.1111111111111111	0.8888888888888888	17.101007117840883	1	1	1	1	36.25	-35.25	-35.25
empirical	user_msa	HORVU.MOREX.r3.6HG0571560_HORVU.MOREX.r3.6HG0571560.1	HORVU.MOREX.r3.6HG0571560_HORVU.MOREX.r3.6HG0571560.1	82	82	unique	82	82	82	0.19617224880382775	9	419	32.333333333333336	17.101007117840883	1.0	49.0	48.0	5	0.1111111111111111	0.8888888888888888	17.101007117840883	49	0	49	0	30.25	18.75	18.75
empirical	user_msa	TraesCS6A03G0381800_TraesCS6A03G0381800.1	TraesCS6A03G0381800_TraesCS6A03G0381800.1	82	82	unique	82	82	82	0.19617224880382775	9	419	32.333333333333336	17.101007117840883	1.0	49.0	48.0	5	0.1111111111111111	0.8888888888888888	17.101007117840883	49	0	49	0	30.25	18.75	18.75
empirical	user_msa	Thint.S06G201700_Thint.S06G201700.1	Thint.S06G201700_Thint.S06G201700.1	82	82	unique	82	82	82	0.19617224880382775	9	419	32.333333333333336	17.101007117840883	1.0	49.0	48.0	5	0.1111111111111111	0.8888888888888888	17.101007117840883	49	0	49	0	30.25	18.75	18.75
empirical	user_msa	LOC_Os02g07490_LOC_Os02g07490.1	LOC_Os02g07490_LOC_Os02g07490.1	83	83	unique	83	83	83	0.19856459330143542	9	419	38.22222222222222	13.189033978421264	1.0	45.0	44.0	4	0.1111111111111111	0.8888888888888888	13.189033978421264	43	0	43	0	37.625	5.375	5.375
empirical	user_msa	Oropetium_20150105_02675_Oropetium_20150105_02675A	Oropetium_20150105_02675_Oropetium_20150105_02675A	83	83	unique	83	83	83	0.19856459330143542	9	419	38.22222222222222	13.189033978421264	1.0	45.0	44.0	4	0.1111111111111111	0.8888888888888888	13.189033978421264	42	0	42	0	37.75	4.25	4.25
empirical	user_msa	ELECO.r07.2AG0102970_ELECO.r07.2AG0102970.1	ELECO.r07.2AG0102970_ELECO.r07.2AG0102970.1	83	83	unique	83	83	83	0.19856459330143542	9	419	38.22222222222222	13.189033978421264	1.0	45.0	44.0	4	0.1111111111111111	0.8888888888888888	13.189033978421264	45	0	45	0	37.375	7.625	7.625
empirical	user_msa	Phala.08G200500_Phala.08G200500.1	Phala.08G200500_Phala.08G200500.1	83	83	unique	83	83	83	0.19856459330143542	9	419	38.22222222222222	13.189033978421264	1.0	45.0	44.0	4	0.1111111111111111	0.8888888888888888	13.189033978421264	42	0	42	0	37.75	4.25	4.25
empirical	user_msa	Phala.08G200500_Phala.08G200500.3	Phala.08G200500_Phala.08G200500.3	83	83	unique	83	83	83	0.19856459330143542	9	419	38.22222222222222	13.189033978421264	1.0	45.0	44.0	4	0.1111111111111111	0.8888888888888888	13.189033978421264	42	0	42	0	37.75	4.25	4.25
empirical	user_msa	Phala.08G200500_Phala.08G200500.2	Phala.08G200500_Phala.08G200500.2	83	83	unique	83	83	83	0.19856459330143542	9	419	38.22222222222222	13.189033978421264	1.0	45.0	44.0	4	0.1111111111111111	0.8888888888888888	13.189033978421264	1	1	1	1	42.875	-41.875	-41.875
empirical	user_msa	HORVU.MOREX.r3.6HG0571560_HORVU.MOREX.r3.6HG0571560.1	HORVU.MOREX.r3.6HG0571560_HORVU.MOREX.r3.6HG0571560.1	83	83	unique	83	83	83	0.19856459330143542	9	419	38.22222222222222	13.189033978421264	1.0	45.0	44.0	4	0.1111111111111111	0.8888888888888888	13.189033978421264	43	0	43	0	37.625	5.375	5.375
empirical	user_msa	TraesCS6A03G0381800_TraesCS6A03G0381800.1	TraesCS6A03G0381800_TraesCS6A03G0381800.1	83	83	unique	83	83	83	0.19856459330143542	9	419	38.22222222222222	13.189033978421264	1.0	45.0	44.0	4	0.1111111111111111	0.8888888888888888	13.189033978421264	43	0	43	0	37.625	5.375	5.375
empirical	user_msa	Thint.S06G201700_Thint.S06G201700.1	Thint.S06G201700_Thint.S06G201700.1	83	83	unique	83	83	83	0.19856459330143542	9	419	38.22222222222222	13.189033978421264	1.0	45.0	44.0	4	0.1111111111111111	0.8888888888888888	13.189033978421264	43	0	43	0	37.625	5.375	5.375
empirical	user_msa	LOC_Os02g07490_LOC_Os02g07490.1	LOC_Os02g07490_LOC_Os02g07490.1	84	84	unique	84	84	84	0.20095693779904306	9	419	13.444444444444445	4.399775527382962	1.0	15.0	14.0	2	0.1111111111111111	0.8888888888888888	4.399775527382962	15	0	15	0	13.25	1.75	1.75
empirical	user_msa	Oropetium_20150105_02675_Oropetium_20150105_02675A	Oropetium_20150105_02675_Oropetium_20150105_02675A	84	84	unique	84	84	84	0.20095693779904306	9	419	13.444444444444445	4.399775527382962	1.0	15.0	14.0	2	0.1111111111111111	0.8888888888888888	4.399775527382962	15	0	15	0	13.25	1.75	1.75
empirical	user_msa	ELECO.r07.2AG0102970_ELECO.r07.2AG0102970.1	ELECO.r07.2AG0102970_ELECO.r07.2AG0102970.1	84	84	unique	84	84	84	0.20095693779904306	9	419	13.444444444444445	4.399775527382962	1.0	15.0	14.0	2	0.1111111111111111	0.8888888888888888	4.399775527382962	15	0	15	0	13.25	1.75	1.75
empirical	user_msa	Phala.08G200500_Phala.08G200500.1	Phala.08G200500_Phala.08G200500.1	84	84	unique	84	84	84	0.20095693779904306	9	419	13.444444444444445	4.399775527382962	1.0	15.0	14.0	2	0.1111111111111111	0.8888888888888888	4.399775527382962	15	0	15	0	13.25	1.75	1.75
empirical	user_msa	Phala.08G200500_Phala.08G200500.3	Phala.08G200500_Phala.08G200500.3	84	84	unique	84	84	84	0.20095693779904306	9	419	13.444444444444445	4.399775527382962	1.0	15.0	14.0	2	0.1111111111111111	0.8888888888888888	4.399775527382962	15	0	15	0	13.25	1.75	1.75
empirical	user_msa	Phala.08G200500_Phala.08G200500.2	Phala.08G200500_Phala.08G200500.2	84	84	unique	84	84	84	0.20095693779904306	9	419	13.444444444444445	4.399775527382962	1.0	15.0	14.0	2	0.1111111111111111	0.8888888888888888	4.399775527382962	1	1	1	1	15.0	-14.0	-14.0
empirical	user_msa	HORVU.MOREX.r3.6HG0571560_HORVU.MOREX.r3.6HG0571560.1	HORVU.MOREX.r3.6HG0571560_HORVU.MOREX.r3.6HG0571560.1	84	84	unique	84	84	84	0.20095693779904306	9	419	13.444444444444445	4.399775527382962	1.0	15.0	14.0	2	0.1111111111111111	0.8888888888888888	4.399775527382962	15	0	15	0	13.25	1.75	1.75
empirical	user_msa	TraesCS6A03G0381800_TraesCS6A03G0381800.1	TraesCS6A03G0381800_TraesCS6A03G0381800.1	84	84	unique	84	84	84	0.20095693779904306	9	419	13.444444444444445	4.399775527382962	1.0	15.0	14.0	2	0.1111111111111111	0.8888888888888888	4.399775527382962	15	0	15	0	13.25	1.75	1.75
empirical	user_msa	Thint.S06G201700_Thint.S06G201700.1	Thint.S06G201700_Thint.S06G201700.1	84	84	unique	84	84	84	0.20095693779904306	9	419	13.444444444444445	4.399775527382962	1.0	15.0	14.0	2	0.1111111111111111	0.8888888888888888	4.399775527382962	15	0	15	0	13.25	1.75	1.75
empirical	user_msa	LOC_Os02g07490_LOC_Os02g07490.1	LOC_Os02g07490_LOC_Os02g07490.1	85	85	unique	85	85	85	0.20334928229665072	9	419	3.888888888888889	1.3698697784375504	1.0	5.0	4.0	3	0.1111111111111111	0.8888888888888888	1.3698697784375504	5	0	5	0	3.75	1.25	1.25
empirical	user_msa	Oropetium_20150105_02675_Oropetium_20150105_02675A	Oropetium_20150105_02675_Oropetium_20150105_02675A	85	85	unique	85	85	85	0.20334928229665072	9	419	3.888888888888889	1.3698697784375504	1.0	5.0	4.0	3	0.1111111111111111	0.8888888888888888	1.3698697784375504	3	0	3	0	4.0	-1.0	-1.0
empirical	user_msa	ELECO.r07.2AG0102970_ELECO.r07.2AG0102970.1	ELECO.r07.2AG0102970_ELECO.r07.2AG0102970.1	85	85	unique	85	85	85	0.20334928229665072	9	419	3.888888888888889	1.3698697784375504	1.0	5.0	4.0	3	0.1111111111111111	0.8888888888888888	1.3698697784375504	5	0	5	0	3.75	1.25	1.25
empirical	user_msa	Phala.08G200500_Phala.08G200500.1	Phala.08G200500_Phala.08G200500.1	85	85	unique	85	85	85	0.20334928229665072	9	419	3.888888888888889	1.3698697784375504	1.0	5.0	4.0	3	0.1111111111111111	0.8888888888888888	1.3698697784375504	3	0	3	0	4.0	-1.0	-1.0
empirical	user_msa	Phala.08G200500_Phala.08G200500.3	Phala.08G200500_Phala.08G200500.3	85	85	unique	85	85	85	0.20334928229665072	9	419	3.888888888888889	1.3698697784375504	1.0	5.0	4.0	3	0.1111111111111111	0.8888888888888888	1.3698697784375504	3	0	3	0	4.0	-1.0	-1.0
empirical	user_msa	Phala.08G200500_Phala.08G200500.2	Phala.08G200500_Phala.08G200500.2	85	85	unique	85	85	85	0.20334928229665072	9	419	3.888888888888889	1.3698697784375504	1.0	5.0	4.0	3	0.1111111111111111	0.8888888888888888	1.3698697784375504	1	1	1	1	4.25	-3.25	-3.25
empirical	user_msa	HORVU.MOREX.r3.6HG0571560_HORVU.MOREX.r3.6HG0571560.1	HORVU.MOREX.r3.6HG0571560_HORVU.MOREX.r3.6HG0571560.1	85	85	unique	85	85	85	0.20334928229665072	9	419	3.888888888888889	1.3698697784375504	1.0	5.0	4.0	3	0.1111111111111111	0.8888888888888888	1.3698697784375504	5	0	5	0	3.75	1.25	1.25
empirical	user_msa	TraesCS6A03G0381800_TraesCS6A03G0381800.1	TraesCS6A03G0381800_TraesCS6A03G0381800.1	85	85	unique	85	85	85	0.20334928229665072	9	419	3.888888888888889	1.3698697784375504	1.0	5.0	4.0	3	0.1111111111111111	0.8888888888888888	1.3698697784375504	5	0	5	0	3.75	1.25	1.25
empirical	user_msa	Thint.S06G201700_Thint.S06G201700.1	Thint.S06G201700_Thint.S06G201700.1	85	85	unique	85	85	85	0.20334928229665072	9	419	3.888888888888889	1.3698697784375504	1.0	5.0	4.0	3	0.1111111111111111	0.8888888888888888	1.3698697784375504	5	0	5	0	3.75	1.25	1.25
empirical	user_msa	LOC_Os02g07490_LOC_Os02g07490.1	LOC_Os02g07490_LOC_Os02g07490.1	86	86	unique	86	86	86	0.20574162679425836	9	419	39.44444444444444	13.598293284339531	1.0	45.0	44.0	3	0.1111111111111111	0.8888888888888888	13.598293284339531	44	0	44	0	38.875	5.125	5.125
empirical	user_msa	Oropetium_20150105_02675_Oropetium_20150105_02675A	Oropetium_20150105_02675_Oropetium_20150105_02675A	86	86	unique	86	86	86	0.20574162679425836	9	419	39.44444444444444	13.598293284339531	1.0	45.0	44.0	3	0.1111111111111111	0.8888888888888888	13.598293284339531	44	0	44	0	38.875	5.125	5.125
empirical	user_msa	ELECO.r07.2AG0102970_ELECO.r07.2AG0102970.1	ELECO.r07.2AG0102970_ELECO.r07.2AG0102970.1	86	86	unique	86	86	86	0.20574162679425836	9	419	39.44444444444444	13.598293284339531	1.0	45.0	44.0	3	0.1111111111111111	0.8888888888888888	13.598293284339531	44	0	44	0	38.875	5.125	5.125
empirical	user_msa	Phala.08G200500_Phala.08G200500.1	Phala.08G200500_Phala.08G200500.1	86	86	unique	86	86	86	0.20574162679425836	9	419	39.44444444444444	13.598293284339531	1.0	45.0	44.0	3	0.1111111111111111	0.8888888888888888	13.598293284339531	45	0	45	0	38.75	6.25	6.25
empirical	user_msa	Phala.08G200500_Phala.08G200500.3	Phala.08G200500_Phala.08G200500.3	86	86	unique	86	86	86	0.20574162679425836	9	419	39.44444444444444	13.598293284339531	1.0	45.0	44.0	3	0.1111111111111111	0.8888888888888888	13.598293284339531	45	0	45	0	38.75	6.25	6.25
empirical	user_msa	Phala.08G200500_Phala.08G200500.2	Phala.08G200500_Phala.08G200500.2	86	86	unique	86	86	86	0.20574162679425836	9	419	39.44444444444444	13.598293284339531	1.0	45.0	44.0	3	0.1111111111111111	0.8888888888888888	13.598293284339531	1	1	1	1	44.25	-43.25	-43.25
empirical	user_msa	HORVU.MOREX.r3.6HG0571560_HORVU.MOREX.r3.6HG0571560.1	HORVU.MOREX.r3.6HG0571560_HORVU.MOREX.r3.6HG0571560.1	86	86	unique	86	86	86	0.20574162679425836	9	419	39.44444444444444	13.598293284339531	1.0	45.0	44.0	3	0.1111111111111111	0.8888888888888888	13.598293284339531	44	0	44	0	38.875	5.125	5.125
empirical	user_msa	TraesCS6A03G0381800_TraesCS6A03G0381800.1	TraesCS6A03G0381800_TraesCS6A03G0381800.1	86	86	unique	86	86	86	0.20574162679425836	9	419	39.44444444444444	13.598293284339531	1.0	45.0	44.0	3	0.1111111111111111	0.8888888888888888	13.598293284339531	44	0	44	0	38.875	5.125	5.125
empirical	user_msa	Thint.S06G201700_Thint.S06G201700.1	Thint.S06G201700_Thint.S06G201700.1	86	86	unique	86	86	86	0.20574162679425836	9	419	39.44444444444444	13.598293284339531	1.0	45.0	44.0	3	0.1111111111111111	0.8888888888888888	13.598293284339531	44	0	44	0	38.875	5.125	5.125
empirical	user_msa	LOC_Os02g07490_LOC_Os02g07490.1	LOC_Os02g07490_LOC_Os02g07490.1	87	87	unique	87	87	87	0.20813397129186603	9	419	53.888888888888886	18.716863723773834	1.0	62.0	61.0	3	0.1111111111111111	0.8888888888888888	18.716863723773834	62	0	62	0	52.875	9.125	9.125
empirical	user_msa	Oropetium_20150105_02675_Oropetium_20150105_02675A	Oropetium_20150105_02675_Oropetium_20150105_02675A	87	87	unique	87	87	87	0.20813397129186603	9	419	53.888888888888886	18.716863723773834	1.0	62.0	61.0	3	0.1111111111111111	0.8888888888888888	18.716863723773834	60	0	60	0	53.125	6.875	6.875
empirical	user_msa	ELECO.r07.2AG0102970_ELECO.r07.2AG0102970.1	ELECO.r07.2AG0102970_ELECO.r07.2AG0102970.1	87	87	unique	87	87	87	0.20813397129186603	9	419	53.888888888888886	18.716863723773834	1.0	62.0	61.0	3	0.1111111111111111	0.8888888888888888	18.716863723773834	62	0	62	0	52.875	9.125	9.125
empirical	user_msa	Phala.08G200500_Phala.08G200500.1	Phala.08G200500_Phala.08G200500.1	87	87	unique	87	87	87	0.20813397129186603	9	419	53.888888888888886	18.716863723773834	1.0	62.0	61.0	3	0.1111111111111111	0.8888888888888888	18.716863723773834	60	0	60	0	53.125	6.875	6.875
empirical	user_msa	Phala.08G200500_Phala.08G200500.3	Phala.08G200500_Phala.08G200500.3	87	87	unique	87	87	87	0.20813397129186603	9	419	53.888888888888886	18.716863723773834	1.0	62.0	61.0	3	0.1111111111111111	0.8888888888888888	18.716863723773834	60	0	60	0	53.125	6.875	6.875
empirical	user_msa	Phala.08G200500_Phala.08G200500.2	Phala.08G200500_Phala.08G200500.2	87	87	unique	87	87	87	0.20813397129186603	9	419	53.888888888888886	18.716863723773834	1.0	62.0	61.0	3	0.1111111111111111	0.8888888888888888	18.716863723773834	1	1	1	1	60.5	-59.5	-59.5
empirical	user_msa	HORVU.MOREX.r3.6HG0571560_HORVU.MOREX.r3.6HG0571560.1	HORVU.MOREX.r3.6HG0571560_HORVU.MOREX.r3.6HG0571560.1	87	87	unique	87	87	87	0.20813397129186603	9	419	53.888888888888886	18.716863723773834	1.0	62.0	61.0	3	0.1111111111111111	0.8888888888888888	18.716863723773834	60	0	60	0	53.125	6.875	6.875
empirical	user_msa	TraesCS6A03G0381800_TraesCS6A03G0381800.1	TraesCS6A03G0381800_TraesCS6A03G0381800.1	87	87	unique	87	87	87	0.20813397129186603	9	419	53.888888888888886	18.716863723773834	1.0	62.0	61.0	3	0.1111111111111111	0.8888888888888888	18.716863723773834	60	0	60	0	53.125	6.875	6.875
empirical	user_msa	Thint.S06G201700_Thint.S06G201700.1	Thint.S06G201700_Thint.S06G201700.1	87	87	unique	87	87	87	0.20813397129186603	9	419	53.888888888888886	18.716863723773834	1.0	62.0	61.0	3	0.1111111111111111	0.8888888888888888	18.716863723773834	60	0	60	0	53.125	6.875	6.875
empirical	user_msa	LOC_Os02g07490_LOC_Os02g07490.1	LOC_Os02g07490_LOC_Os02g07490.1	88	88	unique	88	88	88	0.21052631578947367	9	419	37.77777777777778	13.019453630606248	1.0	44.0	43.0	4	0.1111111111111111	0.8888888888888888	13.019453630606248	44	0	44	0	37.0	7.0	7.0
empirical	user_msa	Oropetium_20150105_02675_Oropetium_20150105_02675A	Oropetium_20150105_02675_Oropetium_20150105_02675A	88	88	unique	88	88	88	0.21052631578947367	9	419	37.77777777777778	13.019453630606248	1.0	44.0	43.0	4	0.1111111111111111	0.8888888888888888	13.019453630606248	43	0	43	0	37.125	5.875	5.875
empirical	user_msa	ELECO.r07.2AG0102970_ELECO.r07.2AG0102970.1	ELECO.r07.2AG0102970_ELECO.r07.2AG0102970.1	88	88	unique	88	88	88	0.21052631578947367	9	419	37.77777777777778	13.019453630606248	1.0	44.0	43.0	4	0.1111111111111111	0.8888888888888888	13.019453630606248	42	0	42	0	37.25	4.75	4.75
empirical	user_msa	Phala.08G200500_Phala.08G200500.1	Phala.08G200500_Phala.08G200500.1	88	88	unique	88	88	88	0.21052631578947367	9	419	37.77777777777778	13.019453630606248	1.0	44.0	43.0	4	0.1111111111111111	0.8888888888888888	13.019453630606248	42	0	42	0	37.25	4.75	4.75
empirical	user_msa	Phala.08G200500_Phala.08G200500.3	Phala.08G200500_Phala.08G200500.3	88	88	unique	88	88	88	0.21052631578947367	9	419	37.77777777777778	13.019453630606248	1.0	44.0	43.0	4	0.1111111111111111	0.8888888888888888	13.019453630606248	42	0	42	0	37.25	4.75	4.75
empirical	user_msa	Phala.08G200500_Phala.08G200500.2	Phala.08G200500_Phala.08G200500.2	88	88	unique	88	88	88	0.21052631578947367	9	419	37.77777777777778	13.019453630606248	1.0	44.0	43.0	4	0.1111111111111111	0.8888888888888888	13.019453630606248	1	1	1	1	42.375	-41.375	-41.375
empirical	user_msa	HORVU.MOREX.r3.6HG0571560_HORVU.MOREX.r3.6HG0571560.1	HORVU.MOREX.r3.6HG0571560_HORVU.MOREX.r3.6HG0571560.1	88	88	unique	88	88	88	0.21052631578947367	9	419	37.77777777777778	13.019453630606248	1.0	44.0	43.0	4	0.1111111111111111	0.8888888888888888	13.019453630606248	42	0	42	0	37.25	4.75	4.75
empirical	user_msa	TraesCS6A03G0381800_TraesCS6A03G0381800.1	TraesCS6A03G0381800_TraesCS6A03G0381800.1	88	88	unique	88	88	88	0.21052631578947367	9	419	37.77777777777778	13.019453630606248	1.0	44.0	43.0	4	0.1111111111111111	0.8888888888888888	13.019453630606248	42	0	42	0	37.25	4.75	4.75
empirical	user_msa	Thint.S06G201700_Thint.S06G201700.1	Thint.S06G201700_Thint.S06G201700.1	88	88	unique	88	88	88	0.21052631578947367	9	419	37.77777777777778	13.019453630606248	1.0	44.0	43.0	4	0.1111111111111111	0.8888888888888888	13.019453630606248	42	0	42	0	37.25	4.75	4.75
empirical	user_msa	LOC_Os02g07490_LOC_Os02g07490.1	LOC_Os02g07490_LOC_Os02g07490.1	89	89	unique	89	89	89	0.21291866028708134	9	419	19.444444444444443	9.673688382079519	1.0	28.0	27.0	4	0.1111111111111111	0.8888888888888888	9.673688382079519	26	0	26	0	18.625	7.375	7.375
empirical	user_msa	Oropetium_20150105_02675_Oropetium_20150105_02675A	Oropetium_20150105_02675_Oropetium_20150105_02675A	89	89	unique	89	89	89	0.21291866028708134	9	419	19.444444444444443	9.673688382079519	1.0	28.0	27.0	4	0.1111111111111111	0.8888888888888888	9.673688382079519	12	0	12	0	20.375	-8.375	-8.375
empirical	user_msa	ELECO.r07.2AG0102970_ELECO.r07.2AG0102970.1	ELECO.r07.2AG0102970_ELECO.r07.2AG0102970.1	89	89	unique	89	89	89	0.21291866028708134	9	419	19.444444444444443	9.673688382079519	1.0	28.0	27.0	4	0.1111111111111111	0.8888888888888888	9.673688382079519	28	0	28	0	18.375	9.625	9.625
empirical	user_msa	Phala.08G200500_Phala.08G200500.1	Phala.08G200500_Phala.08G200500.1	89	89	unique	89	89	89	0.21291866028708134	9	419	19.444444444444443	9.673688382079519	1.0	28.0	27.0	4	0.1111111111111111	0.8888888888888888	9.673688382079519	12	0	12	0	20.375	-8.375	-8.375
empirical	user_msa	Phala.08G200500_Phala.08G200500.3	Phala.08G200500_Phala.08G200500.3	89	89	unique	89	89	89	0.21291866028708134	9	419	19.444444444444443	9.673688382079519	1.0	28.0	27.0	4	0.1111111111111111	0.8888888888888888	9.673688382079519	12	0	12	0	20.375	-8.375	-8.375
empirical	user_msa	Phala.08G200500_Phala.08G200500.2	Phala.08G200500_Phala.08G200500.2	89	89	unique	89	89	89	0.21291866028708134	9	419	19.444444444444443	9.673688382079519	1.0	28.0	27.0	4	0.1111111111111111	0.8888888888888888	9.673688382079519	1	1	1	1	21.75	-20.75	-20.75
empirical	user_msa	HORVU.MOREX.r3.6HG0571560_HORVU.MOREX.r3.6HG0571560.1	HORVU.MOREX.r3.6HG0571560_HORVU.MOREX.r3.6HG0571560.1	89	89	unique	89	89	89	0.21291866028708134	9	419	19.444444444444443	9.673688382079519	1.0	28.0	27.0	4	0.1111111111111111	0.8888888888888888	9.673688382079519	28	0	28	0	18.375	9.625	9.625
empirical	user_msa	TraesCS6A03G0381800_TraesCS6A03G0381800.1	TraesCS6A03G0381800_TraesCS6A03G0381800.1	89	89	unique	89	89	89	0.21291866028708134	9	419	19.444444444444443	9.673688382079519	1.0	28.0	27.0	4	0.1111111111111111	0.8888888888888888	9.673688382079519	28	0	28	0	18.375	9.625	9.625
empirical	user_msa	Thint.S06G201700_Thint.S06G201700.1	Thint.S06G201700_Thint.S06G201700.1	89	89	unique	89	89	89	0.21291866028708134	9	419	19.444444444444443	9.673688382079519	1.0	28.0	27.0	4	0.1111111111111111	0.8888888888888888	9.673688382079519	28	0	28	0	18.375	9.625	9.625
empirical	user_msa	LOC_Os02g07490_LOC_Os02g07490.1	LOC_Os02g07490_LOC_Os02g07490.1	90	90	unique	90	90	90	0.215311004784689	9	419	14.555555555555555	4.878777422244477	1.0	17.0	16.0	3	0.1111111111111111	0.8888888888888888	4.878777422244477	17	0	17	0	14.25	2.75	2.75
empirical	user_msa	Oropetium_20150105_02675_Oropetium_20150105_02675A	Oropetium_20150105_02675_Oropetium_20150105_02675A	90	90	unique	90	90	90	0.215311004784689	9	419	14.555555555555555	4.878777422244477	1.0	17.0	16.0	3	0.1111111111111111	0.8888888888888888	4.878777422244477	15	0	15	0	14.5	0.5	0.5
empirical	user_msa	ELECO.r07.2AG0102970_ELECO.r07.2AG0102970.1	ELECO.r07.2AG0102970_ELECO.r07.2AG0102970.1	90	90	unique	90	90	90	0.215311004784689	9	419	14.555555555555555	4.878777422244477	1.0	17.0	16.0	3	0.1111111111111111	0.8888888888888888	4.878777422244477	17	0	17	0	14.25	2.75	2.75
empirical	user_msa	Phala.08G200500_Phala.08G200500.1	Phala.08G200500_Phala.08G200500.1	90	90	unique	90	90	90	0.215311004784689	9	419	14.555555555555555	4.878777422244477	1.0	17.0	16.0	3	0.1111111111111111	0.8888888888888888	4.878777422244477	15	0	15	0	14.5	0.5	0.5
empirical	user_msa	Phala.08G200500_Phala.08G200500.3	Phala.08G200500_Phala.08G200500.3	90	90	unique	90	90	90	0.215311004784689	9	419	14.555555555555555	4.878777422244477	1.0	17.0	16.0	3	0.1111111111111111	0.8888888888888888	4.878777422244477	15	0	15	0	14.5	0.5	0.5
empirical	user_msa	Phala.08G200500_Phala.08G200500.2	Phala.08G200500_Phala.08G200500.2	90	90	unique	90	90	90	0.215311004784689	9	419	14.555555555555555	4.878777422244477	1.0	17.0	16.0	3	0.1111111111111111	0.8888888888888888	4.878777422244477	1	1	1	1	16.25	-15.25	-15.25
empirical	user_msa	HORVU.MOREX.r3.6HG0571560_HORVU.MOREX.r3.6HG0571560.1	HORVU.MOREX.r3.6HG0571560_HORVU.MOREX.r3.6HG0571560.1	90	90	unique	90	90	90	0.215311004784689	9	419	14.555555555555555	4.878777422244477	1.0	17.0	16.0	3	0.1111111111111111	0.8888888888888888	4.878777422244477	17	0	17	0	14.25	2.75	2.75
empirical	user_msa	TraesCS6A03G0381800_TraesCS6A03G0381800.1	TraesCS6A03G0381800_TraesCS6A03G0381800.1	90	90	unique	90	90	90	0.215311004784689	9	419	14.555555555555555	4.878777422244477	1.0	17.0	16.0	3	0.1111111111111111	0.8888888888888888	4.878777422244477	17	0	17	0	14.25	2.75	2.75
empirical	user_msa	Thint.S06G201700_Thint.S06G201700.1	Thint.S06G201700_Thint.S06G201700.1	90	90	unique	90	90	90	0.215311004784689	9	419	14.555555555555555	4.878777422244477	1.0	17.0	16.0	3	0.1111111111111111	0.8888888888888888	4.878777422244477	17	0	17	0	14.25	2.75	2.75
empirical	user_msa	LOC_Os02g07490_LOC_Os02g07490.1	LOC_Os02g07490_LOC_Os02g07490.1	91	91	unique	91	91	91	0.21770334928229665	9	419	39.0	13.4412301024373	1.0	44.0	43.0	3	0.1111111111111111	0.8888888888888888	13.4412301024373	44	0	44	0	38.375	5.625	5.625
empirical	user_msa	Oropetium_20150105_02675_Oropetium_20150105_02675A	Oropetium_20150105_02675_Oropetium_20150105_02675A	91	91	unique	91	91	91	0.21770334928229665	9	419	39.0	13.4412301024373	1.0	44.0	43.0	3	0.1111111111111111	0.8888888888888888	13.4412301024373	43	0	43	0	38.5	4.5	4.5
empirical	user_msa	ELECO.r07.2AG0102970_ELECO.r07.2AG0102970.1	ELECO.r07.2AG0102970_ELECO.r07.2AG0102970.1	91	91	unique	91	91	91	0.21770334928229665	9	419	39.0	13.4412301024373	1.0	44.0	43.0	3	0.1111111111111111	0.8888888888888888	13.4412301024373	43	0	43	0	38.5	4.5	4.5
empirical	user_msa	Phala.08G200500_Phala.08G200500.1	Phala.08G200500_Phala.08G200500.1	91	91	unique	91	91	91	0.21770334928229665	9	419	39.0	13.4412301024373	1.0	44.0	43.0	3	0.1111111111111111	0.8888888888888888	13.4412301024373	44	0	44	0	38.375	5.625	5.625
empirical	user_msa	Phala.08G200500_Phala.08G200500.3	Phala.08G200500_Phala.08G200500.3	91	91	unique	91	91	91	0.21770334928229665	9	419	39.0	13.4412301024373	1.0	44.0	43.0	3	0.1111111111111111	0.8888888888888888	13.4412301024373	44	0	44	0	38.375	5.625	5.625
empirical	user_msa	Phala.08G200500_Phala.08G200500.2	Phala.08G200500_Phala.08G200500.2	91	91	unique	91	91	91	0.21770334928229665	9	419	39.0	13.4412301024373	1.0	44.0	43.0	3	0.1111111111111111	0.8888888888888888	13.4412301024373	1	1	1	1	43.75	-42.75	-42.75
empirical	user_msa	HORVU.MOREX.r3.6HG0571560_HORVU.MOREX.r3.6HG0571560.1	HORVU.MOREX.r3.6HG0571560_HORVU.MOREX.r3.6HG0571560.1	91	91	unique	91	91	91	0.21770334928229665	9	419	39.0	13.4412301024373	1.0	44.0	43.0	3	0.1111111111111111	0.8888888888888888	13.4412301024373	44	0	44	0	38.375	5.625	5.625
empirical	user_msa	TraesCS6A03G0381800_TraesCS6A03G0381800.1	TraesCS6A03G0381800_TraesCS6A03G0381800.1	91	91	unique	91	91	91	0.21770334928229665	9	419	39.0	13.4412301024373	1.0	44.0	43.0	3	0.1111111111111111	0.8888888888888888	13.4412301024373	44	0	44	0	38.375	5.625	5.625
empirical	user_msa	Thint.S06G201700_Thint.S06G201700.1	Thint.S06G201700_Thint.S06G201700.1	91	91	unique	91	91	91	0.21770334928229665	9	419	39.0	13.4412301024373	1.0	44.0	43.0	3	0.1111111111111111	0.8888888888888888	13.4412301024373	44	0	44	0	38.375	5.625	5.625
empirical	user_msa	LOC_Os02g07490_LOC_Os02g07490.1	LOC_Os02g07490_LOC_Os02g07490.1	92	92	unique	92	92	92	0.22009569377990432	9	419	10.333333333333334	3.39934634239519	1.0	12.0	11.0	3	0.1111111111111111	0.8888888888888888	3.39934634239519	12	0	12	0	10.125	1.875	1.875
empirical	user_msa	Oropetium_20150105_02675_Oropetium_20150105_02675A	Oropetium_20150105_02675_Oropetium_20150105_02675A	92	92	unique	92	92	92	0.22009569377990432	9	419	10.333333333333334	3.39934634239519	1.0	12.0	11.0	3	0.1111111111111111	0.8888888888888888	3.39934634239519	12	0	12	0	10.125	1.875	1.875
empirical	user_msa	ELECO.r07.2AG0102970_ELECO.r07.2AG0102970.1	ELECO.r07.2AG0102970_ELECO.r07.2AG0102970.1	92	92	unique	92	92	92	0.22009569377990432	9	419	10.333333333333334	3.39934634239519	1.0	12.0	11.0	3	0.1111111111111111	0.8888888888888888	3.39934634239519	12	0	12	0	10.125	1.875	1.875
empirical	user_msa	Phala.08G200500_Phala.08G200500.1	Phala.08G200500_Phala.08G200500.1	92	92	unique	92	92	92	0.22009569377990432	9	419	10.333333333333334	3.39934634239519	1.0	12.0	11.0	3	0.1111111111111111	0.8888888888888888	3.39934634239519	12	0	12	0	10.125	1.875	1.875
empirical	user_msa	Phala.08G200500_Phala.08G200500.3	Phala.08G200500_Phala.08G200500.3	92	92	unique	92	92	92	0.22009569377990432	9	419	10.333333333333334	3.39934634239519	1.0	12.0	11.0	3	0.1111111111111111	0.8888888888888888	3.39934634239519	12	0	12	0	10.125	1.875	1.875
empirical	user_msa	Phala.08G200500_Phala.08G200500.2	Phala.08G200500_Phala.08G200500.2	92	92	unique	92	92	92	0.22009569377990432	9	419	10.333333333333334	3.39934634239519	1.0	12.0	11.0	3	0.1111111111111111	0.8888888888888888	3.39934634239519	1	1	1	1	11.5	-10.5	-10.5
empirical	user_msa	HORVU.MOREX.r3.6HG0571560_HORVU.MOREX.r3.6HG0571560.1	HORVU.MOREX.r3.6HG0571560_HORVU.MOREX.r3.6HG0571560.1	92	92	unique	92	92	92	0.22009569377990432	9	419	10.333333333333334	3.39934634239519	1.0	12.0	11.0	3	0.1111111111111111	0.8888888888888888	3.39934634239519	10	0	10	0	10.375	-0.375	-0.375
empirical	user_msa	TraesCS6A03G0381800_TraesCS6A03G0381800.1	TraesCS6A03G0381800_TraesCS6A03G0381800.1	92	92	unique	92	92	92	0.22009569377990432	9	419	10.333333333333334	3.39934634239519	1.0	12.0	11.0	3	0.1111111111111111	0.8888888888888888	3.39934634239519	12	0	12	0	10.125	1.875	1.875
empirical	user_msa	Thint.S06G201700_Thint.S06G201700.1	Thint.S06G201700_Thint.S06G201700.1	92	92	unique	92	92	92	0.22009569377990432	9	419	10.333333333333334	3.39934634239519	1.0	12.0	11.0	3	0.1111111111111111	0.8888888888888888	3.39934634239519	10	0	10	0	10.375	-0.375	-0.375
empirical	user_msa	LOC_Os02g07490_LOC_Os02g07490.1	LOC_Os02g07490_LOC_Os02g07490.1	93	93	unique	93	93	93	0.22248803827751196	9	419	44.333333333333336	20.548046676563256	1.0	61.0	60.0	3	0.1111111111111111	0.8888888888888888	20.548046676563256	61	0	61	0	42.25	18.75	18.75
empirical	user_msa	Oropetium_20150105_02675_Oropetium_20150105_02675A	Oropetium_20150105_02675_Oropetium_20150105_02675A	93	93	unique	93	93	93	0.22248803827751196	9	419	44.333333333333336	20.548046676563256	1.0	61.0	60.0	3	0.1111111111111111	0.8888888888888888	20.548046676563256	31	0	31	0	46.0	-15.0	-15.0
empirical	user_msa	ELECO.r07.2AG0102970_ELECO.r07.2AG0102970.1	ELECO.r07.2AG0102970_ELECO.r07.2AG0102970.1	93	93	unique	93	93	93	0.22248803827751196	9	419	44.333333333333336	20.548046676563256	1.0	61.0	60.0	3	0.1111111111111111	0.8888888888888888	20.548046676563256	61	0	61	0	42.25	18.75	18.75
empirical	user_msa	Phala.08G200500_Phala.08G200500.1	Phala.08G200500_Phala.08G200500.1	93	93	unique	93	93	93	0.22248803827751196	9	419	44.333333333333336	20.548046676563256	1.0	61.0	60.0	3	0.1111111111111111	0.8888888888888888	20.548046676563256	31	0	31	0	46.0	-15.0	-15.0
empirical	user_msa	Phala.08G200500_Phala.08G200500.3	Phala.08G200500_Phala.08G200500.3	93	93	unique	93	93	93	0.22248803827751196	9	419	44.333333333333336	20.548046676563256	1.0	61.0	60.0	3	0.1111111111111111	0.8888888888888888	20.548046676563256	31	0	31	0	46.0	-15.0	-15.0
empirical	user_msa	Phala.08G200500_Phala.08G200500.2	Phala.08G200500_Phala.08G200500.2	93	93	unique	93	93	93	0.22248803827751196	9	419	44.333333333333336	20.548046676563256	1.0	61.0	60.0	3	0.1111111111111111	0.8888888888888888	20.548046676563256	1	1	1	1	49.75	-48.75	-48.75
empirical	user_msa	HORVU.MOREX.r3.6HG0571560_HORVU.MOREX.r3.6HG0571560.1	HORVU.MOREX.r3.6HG0571560_HORVU.MOREX.r3.6HG0571560.1	93	93	unique	93	93	93	0.22248803827751196	9	419	44.333333333333336	20.548046676563256	1.0	61.0	60.0	3	0.1111111111111111	0.8888888888888888	20.548046676563256	61	0	61	0	42.25	18.75	18.75
empirical	user_msa	TraesCS6A03G0381800_TraesCS6A03G0381800.1	TraesCS6A03G0381800_TraesCS6A03G0381800.1	93	93	unique	93	93	93	0.22248803827751196	9	419	44.333333333333336	20.548046676563256	1.0	61.0	60.0	3	0.1111111111111111	0.8888888888888888	20.548046676563256	61	0	61	0	42.25	18.75	18.75
empirical	user_msa	Thint.S06G201700_Thint.S06G201700.1	Thint.S06G201700_Thint.S06G201700.1	93	93	unique	93	93	93	0.22248803827751196	9	419	44.333333333333336	20.548046676563256	1.0	61.0	60.0	3	0.1111111111111111	0.8888888888888888	20.548046676563256	61	0	61	0	42.25	18.75	18.75
empirical	user_msa	LOC_Os02g07490_LOC_Os02g07490.1	LOC_Os02g07490_LOC_Os02g07490.1	94	94	unique	94	94	94	0.22488038277511962	9	419	42.77777777777778	14.793225009200647	1.0	49.0	48.0	4	0.1111111111111111	0.8888888888888888	14.793225009200647	47	0	47	0	42.25	4.75	4.75
empirical	user_msa	Oropetium_20150105_02675_Oropetium_20150105_02675A	Oropetium_20150105_02675_Oropetium_20150105_02675A	94	94	unique	94	94	94	0.22488038277511962	9	419	42.77777777777778	14.793225009200647	1.0	49.0	48.0	4	0.1111111111111111	0.8888888888888888	14.793225009200647	49	0	49	0	42.0	7.0	7.0
empirical	user_msa	ELECO.r07.2AG0102970_ELECO.r07.2AG0102970.1	ELECO.r07.2AG0102970_ELECO.r07.2AG0102970.1	94	94	unique	94	94	94	0.22488038277511962	9	419	42.77777777777778	14.793225009200647	1.0	49.0	48.0	4	0.1111111111111111	0.8888888888888888	14.793225009200647	47	0	47	0	42.25	4.75	4.75
empirical	user_msa	Phala.08G200500_Phala.08G200500.1	Phala.08G200500_Phala.08G200500.1	94	94	unique	94	94	94	0.22488038277511962	9	419	42.77777777777778	14.793225009200647	1.0	49.0	48.0	4	0.1111111111111111	0.8888888888888888	14.793225009200647	48	0	48	0	42.125	5.875	5.875
empirical	user_msa	Phala.08G200500_Phala.08G200500.3	Phala.08G200500_Phala.08G200500.3	94	94	unique	94	94	94	0.22488038277511962	9	419	42.77777777777778	14.793225009200647	1.0	49.0	48.0	4	0.1111111111111111	0.8888888888888888	14.793225009200647	48	0	48	0	42.125	5.875	5.875
empirical	user_msa	Phala.08G200500_Phala.08G200500.2	Phala.08G200500_Phala.08G200500.2	94	94	unique	94	94	94	0.22488038277511962	9	419	42.77777777777778	14.793225009200647	1.0	49.0	48.0	4	0.1111111111111111	0.8888888888888888	14.793225009200647	1	1	1	1	48.0	-47.0	-47.0
empirical	user_msa	HORVU.MOREX.r3.6HG0571560_HORVU.MOREX.r3.6HG0571560.1	HORVU.MOREX.r3.6HG0571560_HORVU.MOREX.r3.6HG0571560.1	94	94	unique	94	94	94	0.22488038277511962	9	419	42.77777777777778	14.793225009200647	1.0	49.0	48.0	4	0.1111111111111111	0.8888888888888888	14.793225009200647	47	0	47	0	42.25	4.75	4.75
empirical	user_msa	TraesCS6A03G0381800_TraesCS6A03G0381800.1	TraesCS6A03G0381800_TraesCS6A03G0381800.1	94	94	unique	94	94	94	0.22488038277511962	9	419	42.77777777777778	14.793225009200647	1.0	49.0	48.0	4	0.1111111111111111	0.8888888888888888	14.793225009200647	49	0	49	0	42.0	7.0	7.0
empirical	user_msa	Thint.S06G201700_Thint.S06G201700.1	Thint.S06G201700_Thint.S06G201700.1	94	94	unique	94	94	94	0.22488038277511962	9	419	42.77777777777778	14.793225009200647	1.0	49.0	48.0	4	0.1111111111111111	0.8888888888888888	14.793225009200647	49	0	49	0	42.0	7.0	7.0
empirical	user_msa	LOC_Os02g07490_LOC_Os02g07490.1	LOC_Os02g07490_LOC_Os02g07490.1	95	95	unique	95	95	95	0.22727272727272727	9	419	34.111111111111114	14.563611002498616	1.0	61.0	60.0	4	0.1111111111111111	0.8888888888888888	14.563611002498616	32	0	32	0	34.375	-2.375	-2.375
empirical	user_msa	Oropetium_20150105_02675_Oropetium_20150105_02675A	Oropetium_20150105_02675_Oropetium_20150105_02675A	95	95	unique	95	95	95	0.22727272727272727	9	419	34.111111111111114	14.563611002498616	1.0	61.0	60.0	4	0.1111111111111111	0.8888888888888888	14.563611002498616	39	0	39	0	33.5	5.5	5.5
empirical	user_msa	ELECO.r07.2AG0102970_ELECO.r07.2AG0102970.1	ELECO.r07.2AG0102970_ELECO.r07.2AG0102970.1	95	95	unique	95	95	95	0.22727272727272727	9	419	34.111111111111114	14.563611002498616	1.0	61.0	60.0	4	0.1111111111111111	0.8888888888888888	14.563611002498616	61	0	61	0	30.75	30.25	30.25
empirical	user_msa	Phala.08G200500_Phala.08G200500.1	Phala.08G200500_Phala.08G200500.1	95	95	unique	95	95	95	0.22727272727272727	9	419	34.111111111111114	14.563611002498616	1.0	61.0	60.0	4	0.1111111111111111	0.8888888888888888	14.563611002498616	39	0	39	0	33.5	5.5	5.5
empirical	user_msa	Phala.08G200500_Phala.08G200500.3	Phala.08G200500_Phala.08G200500.3	95	95	unique	95	95	95	0.22727272727272727	9	419	34.111111111111114	14.563611002498616	1.0	61.0	60.0	4	0.1111111111111111	0.8888888888888888	14.563611002498616	39	0	39	0	33.5	5.5	5.5
empirical	user_msa	Phala.08G200500_Phala.08G200500.2	Phala.08G200500_Phala.08G200500.2	95	95	unique	95	95	95	0.22727272727272727	9	419	34.111111111111114	14.563611002498616	1.0	61.0	60.0	4	0.1111111111111111	0.8888888888888888	14.563611002498616	1	1	1	1	38.25	-37.25	-37.25
empirical	user_msa	HORVU.MOREX.r3.6HG0571560_HORVU.MOREX.r3.6HG0571560.1	HORVU.MOREX.r3.6HG0571560_HORVU.MOREX.r3.6HG0571560.1	95	95	unique	95	95	95	0.22727272727272727	9	419	34.111111111111114	14.563611002498616	1.0	61.0	60.0	4	0.1111111111111111	0.8888888888888888	14.563611002498616	32	0	32	0	34.375	-2.375	-2.375
empirical	user_msa	TraesCS6A03G0381800_TraesCS6A03G0381800.1	TraesCS6A03G0381800_TraesCS6A03G0381800.1	95	95	unique	95	95	95	0.22727272727272727	9	419	34.111111111111114	14.563611002498616	1.0	61.0	60.0	4	0.1111111111111111	0.8888888888888888	14.563611002498616	32	0	32	0	34.375	-2.375	-2.375
empirical	user_msa	Thint.S06G201700_Thint.S06G201700.1	Thint.S06G201700_Thint.S06G201700.1	95	95	unique	95	95	95	0.22727272727272727	9	419	34.111111111111114	14.563611002498616	1.0	61.0	60.0	4	0.1111111111111111	0.8888888888888888	14.563611002498616	32	0	32	0	34.375	-2.375	-2.375
empirical	user_msa	LOC_Os02g07490_LOC_Os02g07490.1	LOC_Os02g07490_LOC_Os02g07490.1	96	96	unique	96	96	96	0.22966507177033493	9	419	13.555555555555555	8.139220698583305	1.0	29.0	28.0	5	0.1111111111111111	0.8888888888888888	8.139220698583305	29	0	29	0	11.625	17.375	17.375
empirical	user_msa	Oropetium_20150105_02675_Oropetium_20150105_02675A	Oropetium_20150105_02675_Oropetium_20150105_02675A	96	96	unique	96	96	96	0.22966507177033493	9	419	13.555555555555555	8.139220698583305	1.0	29.0	28.0	5	0.1111111111111111	0.8888888888888888	8.139220698583305	12	0	12	0	13.75	-1.75	-1.75
empirical	user_msa	ELECO.r07.2AG0102970_ELECO.r07.2AG0102970.1	ELECO.r07.2AG0102970_ELECO.r07.2AG0102970.1	96	96	unique	96	96	96	0.22966507177033493	9	419	13.555555555555555	8.139220698583305	1.0	29.0	28.0	5	0.1111111111111111	0.8888888888888888	8.139220698583305	26	0	26	0	12.0	14.0	14.0
empirical	user_msa	Phala.08G200500_Phala.08G200500.1	Phala.08G200500_Phala.08G200500.1	96	96	unique	96	96	96	0.22966507177033493	9	419	13.555555555555555	8.139220698583305	1.0	29.0	28.0	5	0.1111111111111111	0.8888888888888888	8.139220698583305	12	0	12	0	13.75	-1.75	-1.75
empirical	user_msa	Phala.08G200500_Phala.08G200500.3	Phala.08G200500_Phala.08G200500.3	96	96	unique	96	96	96	0.22966507177033493	9	419	13.555555555555555	8.139220698583305	1.0	29.0	28.0	5	0.1111111111111111	0.8888888888888888	8.139220698583305	12	0	12	0	13.75	-1.75	-1.75
empirical	user_msa	Phala.08G200500_Phala.08G200500.2	Phala.08G200500_Phala.08G200500.2	96	96	unique	96	96	96	0.22966507177033493	9	419	13.555555555555555	8.139220698583305	1.0	29.0	28.0	5	0.1111111111111111	0.8888888888888888	8.139220698583305	1	1	1	1	15.125	-14.125	-14.125
empirical	user_msa	HORVU.MOREX.r3.6HG0571560_HORVU.MOREX.r3.6HG0571560.1	HORVU.MOREX.r3.6HG0571560_HORVU.MOREX.r3.6HG0571560.1	96	96	unique	96	96	96	0.22966507177033493	9	419	13.555555555555555	8.139220698583305	1.0	29.0	28.0	5	0.1111111111111111	0.8888888888888888	8.139220698583305	10	0	10	0	14.0	-4.0	-4.0
empirical	user_msa	TraesCS6A03G0381800_TraesCS6A03G0381800.1	TraesCS6A03G0381800_TraesCS6A03G0381800.1	96	96	unique	96	96	96	0.22966507177033493	9	419	13.555555555555555	8.139220698583305	1.0	29.0	28.0	5	0.1111111111111111	0.8888888888888888	8.139220698583305	10	0	10	0	14.0	-4.0	-4.0
empirical	user_msa	Thint.S06G201700_Thint.S06G201700.1	Thint.S06G201700_Thint.S06G201700.1	96	96	unique	96	96	96	0.22966507177033493	9	419	13.555555555555555	8.139220698583305	1.0	29.0	28.0	5	0.1111111111111111	0.8888888888888888	8.139220698583305	10	0	10	0	14.0	-4.0	-4.0
empirical	user_msa	LOC_Os02g07490_LOC_Os02g07490.1	LOC_Os02g07490_LOC_Os02g07490.1	97	97	unique	97	97	97	0.23205741626794257	9	419	25.333333333333332	16.302692347516643	1.0	48.0	47.0	4	0.1111111111111111	0.8888888888888888	16.302692347516643	17	0	17	0	26.375	-9.375	-9.375
empirical	user_msa	Oropetium_20150105_02675_Oropetium_20150105_02675A	Oropetium_20150105_02675_Oropetium_20150105_02675A	97	97	unique	97	97	97	0.23205741626794257	9	419	25.333333333333332	16.302692347516643	1.0	48.0	47.0	4	0.1111111111111111	0.8888888888888888	16.302692347516643	48	0	48	0	22.5	25.5	25.5
empirical	user_msa	ELECO.r07.2AG0102970_ELECO.r07.2AG0102970.1	ELECO.r07.2AG0102970_ELECO.r07.2AG0102970.1	97	97	unique	97	97	97	0.23205741626794257	9	419	25.333333333333332	16.302692347516643	1.0	48.0	47.0	4	0.1111111111111111	0.8888888888888888	16.302692347516643	17	0	17	0	26.375	-9.375	-9.375
empirical	user_msa	Phala.08G200500_Phala.08G200500.1	Phala.08G200500_Phala.08G200500.1	97	97	unique	97	97	97	0.23205741626794257	9	419	25.333333333333332	16.302692347516643	1.0	48.0	47.0	4	0.1111111111111111	0.8888888888888888	16.302692347516643	47	0	47	0	22.625	24.375	24.375
empirical	user_msa	Phala.08G200500_Phala.08G200500.3	Phala.08G200500_Phala.08G200500.3	97	97	unique	97	97	97	0.23205741626794257	9	419	25.333333333333332	16.302692347516643	1.0	48.0	47.0	4	0.1111111111111111	0.8888888888888888	16.302692347516643	47	0	47	0	22.625	24.375	24.375
empirical	user_msa	Phala.08G200500_Phala.08G200500.2	Phala.08G200500_Phala.08G200500.2	97	97	unique	97	97	97	0.23205741626794257	9	419	25.333333333333332	16.302692347516643	1.0	48.0	47.0	4	0.1111111111111111	0.8888888888888888	16.302692347516643	1	1	1	1	28.375	-27.375	-27.375
empirical	user_msa	HORVU.MOREX.r3.6HG0571560_HORVU.MOREX.r3.6HG0571560.1	HORVU.MOREX.r3.6HG0571560_HORVU.MOREX.r3.6HG0571560.1	97	97	unique	97	97	97	0.23205741626794257	9	419	25.333333333333332	16.302692347516643	1.0	48.0	47.0	4	0.1111111111111111	0.8888888888888888	16.302692347516643	17	0	17	0	26.375	-9.375	-9.375
empirical	user_msa	TraesCS6A03G0381800_TraesCS6A03G0381800.1	TraesCS6A03G0381800_TraesCS6A03G0381800.1	97	97	unique	97	97	97	0.23205741626794257	9	419	25.333333333333332	16.302692347516643	1.0	48.0	47.0	4	0.1111111111111111	0.8888888888888888	16.302692347516643	17	0	17	0	26.375	-9.375	-9.375
empirical	user_msa	Thint.S06G201700_Thint.S06G201700.1	Thint.S06G201700_Thint.S06G201700.1	97	97	unique	97	97	97	0.23205741626794257	9	419	25.333333333333332	16.302692347516643	1.0	48.0	47.0	4	0.1111111111111111	0.8888888888888888	16.302692347516643	17	0	17	0	26.375	-9.375	-9.375
empirical	user_msa	LOC_Os02g07490_LOC_Os02g07490.1	LOC_Os02g07490_LOC_Os02g07490.1	98	98	unique	98	98	98	0.23444976076555024	9	419	34.22222222222222	11.764143051170155	1.0	40.0	39.0	4	0.1111111111111111	0.8888888888888888	11.764143051170155	38	0	38	0	33.75	4.25	4.25
empirical	user_msa	Oropetium_20150105_02675_Oropetium_20150105_02675A	Oropetium_20150105_02675_Oropetium_20150105_02675A	98	98	unique	98	98	98	0.23444976076555024	9	419	34.22222222222222	11.764143051170155	1.0	40.0	39.0	4	0.1111111111111111	0.8888888888888888	11.764143051170155	39	0	39	0	33.625	5.375	5.375
empirical	user_msa	ELECO.r07.2AG0102970_ELECO.r07.2AG0102970.1	ELECO.r07.2AG0102970_ELECO.r07.2AG0102970.1	98	98	unique	98	98	98	0.23444976076555024	9	419	34.22222222222222	11.764143051170155	1.0	40.0	39.0	4	0.1111111111111111	0.8888888888888888	11.764143051170155	38	0	38	0	33.75	4.25	4.25
empirical	user_msa	Phala.08G200500_Phala.08G200500.1	Phala.08G200500_Phala.08G200500.1	98	98	unique	98	98	98	0.23444976076555024	9	419	34.22222222222222	11.764143051170155	1.0	40.0	39.0	4	0.1111111111111111	0.8888888888888888	11.764143051170155	38	0	38	0	33.75	4.25	4.25
empirical	user_msa	Phala.08G200500_Phala.08G200500.3	Phala.08G200500_Phala.08G200500.3	98	98	unique	98	98	98	0.23444976076555024	9	419	34.22222222222222	11.764143051170155	1.0	40.0	39.0	4	0.1111111111111111	0.8888888888888888	11.764143051170155	38	0	38	0	33.75	4.25	4.25
empirical	user_msa	Phala.08G200500_Phala.08G200500.2	Phala.08G200500_Phala.08G200500.2	98	98	unique	98	98	98	0.23444976076555024	9	419	34.22222222222222	11.764143051170155	1.0	40.0	39.0	4	0.1111111111111111	0.8888888888888888	11.764143051170155	1	1	1	1	38.375	-37.375	-37.375
empirical	user_msa	HORVU.MOREX.r3.6HG0571560_HORVU.MOREX.r3.6HG0571560.1	HORVU.MOREX.r3.6HG0571560_HORVU.MOREX.r3.6HG0571560.1	98	98	unique	98	98	98	0.23444976076555024	9	419	34.22222222222222	11.764143051170155	1.0	40.0	39.0	4	0.1111111111111111	0.8888888888888888	11.764143051170155	40	0	40	0	33.5	6.5	6.5
empirical	user_msa	TraesCS6A03G0381800_TraesCS6A03G0381800.1	TraesCS6A03G0381800_TraesCS6A03G0381800.1	98	98	unique	98	98	98	0.23444976076555024	9	419	34.22222222222222	11.764143051170155	1.0	40.0	39.0	4	0.1111111111111111	0.8888888888888888	11.764143051170155	38	0	38	0	33.75	4.25	4.25
empirical	user_msa	Thint.S06G201700_Thint.S06G201700.1	Thint.S06G201700_Thint.S06G201700.1	98	98	unique	98	98	98	0.23444976076555024	9	419	34.22222222222222	11.764143051170155	1.0	40.0	39.0	4	0.1111111111111111	0.8888888888888888	11.764143051170155	38	0	38	0	33.75	4.25	4.25
empirical	user_msa	LOC_Os02g07490_LOC_Os02g07490.1	LOC_Os02g07490_LOC_Os02g07490.1	99	99	unique	99	99	99	0.23684210526315788	9	419	14.88888888888889	12.705593207931384	1.0	33.0	32.0	4	0.1111111111111111	0.8888888888888888	12.705593207931384	7	0	7	0	15.875	-8.875	-8.875
empirical	user_msa	Oropetium_20150105_02675_Oropetium_20150105_02675A	Oropetium_20150105_02675_Oropetium_20150105_02675A	99	99	unique	99	99	99	0.23684210526315788	9	419	14.88888888888889	12.705593207931384	1.0	33.0	32.0	4	0.1111111111111111	0.8888888888888888	12.705593207931384	32	0	32	0	12.75	19.25	19.25
empirical	user_msa	ELECO.r07.2AG0102970_ELECO.r07.2AG0102970.1	ELECO.r07.2AG0102970_ELECO.r07.2AG0102970.1	99	99	unique	99	99	99	0.23684210526315788	9	419	14.88888888888889	12.705593207931384	1.0	33.0	32.0	4	0.1111111111111111	0.8888888888888888	12.705593207931384	7	0	7	0	15.875	-8.875	-8.875
empirical	user_msa	Phala.08G200500_Phala.08G200500.1	Phala.08G200500_Phala.08G200500.1	99	99	unique	99	99	99	0.23684210526315788	9	419	14.88888888888889	12.705593207931384	1.0	33.0	32.0	4	0.1111111111111111	0.8888888888888888	12.705593207931384	33	0	33	0	12.625	20.375	20.375
empirical	user_msa	Phala.08G200500_Phala.08G200500.3	Phala.08G200500_Phala.08G200500.3	99	99	unique	99	99	99	0.23684210526315788	9	419	14.88888888888889	12.705593207931384	1.0	33.0	32.0	4	0.1111111111111111	0.8888888888888888	12.705593207931384	33	0	33	0	12.625	20.375	20.375
empirical	user_msa	Phala.08G200500_Phala.08G200500.2	Phala.08G200500_Phala.08G200500.2	99	99	unique	99	99	99	0.23684210526315788	9	419	14.88888888888889	12.705593207931384	1.0	33.0	32.0	4	0.1111111111111111	0.8888888888888888	12.705593207931384	1	1	1	1	16.625	-15.625	-15.625
empirical	user_msa	HORVU.MOREX.r3.6HG0571560_HORVU.MOREX.r3.6HG0571560.1	HORVU.MOREX.r3.6HG0571560_HORVU.MOREX.r3.6HG0571560.1	99	99	unique	99	99	99	0.23684210526315788	9	419	14.88888888888889	12.705593207931384	1.0	33.0	32.0	4	0.1111111111111111	0.8888888888888888	12.705593207931384	7	0	7	0	15.875	-8.875	-8.875
empirical	user_msa	TraesCS6A03G0381800_TraesCS6A03G0381800.1	TraesCS6A03G0381800_TraesCS6A03G0381800.1	99	99	unique	99	99	99	0.23684210526315788	9	419	14.88888888888889	12.705593207931384	1.0	33.0	32.0	4	0.1111111111111111	0.8888888888888888	12.705593207931384	7	0	7	0	15.875	-8.875	-8.875
empirical	user_msa	Thint.S06G201700_Thint.S06G201700.1	Thint.S06G201700_Thint.S06G201700.1	99	99	unique	99	99	99	0.23684210526315788	9	419	14.88888888888889	12.705593207931384	1.0	33.0	32.0	4	0.1111111111111111	0.8888888888888888	12.705593207931384	7	0	7	0	15.875	-8.875	-8.875
empirical	user_msa	LOC_Os02g07490_LOC_Os02g07490.1	LOC_Os02g07490_LOC_Os02g07490.1	100	100	unique	100	100	100	0.23923444976076555	9	419	13.777777777777779	5.672110674711208	1.0	20.0	19.0	4	0.1111111111111111	0.8888888888888888	5.672110674711208	13	0	13	0	13.875	-0.875	-0.875
empirical	user_msa	Oropetium_20150105_02675_Oropetium_20150105_02675A	Oropetium_20150105_02675_Oropetium_20150105_02675A	100	100	unique	100	100	100	0.23923444976076555	9	419	13.777777777777779	5.672110674711208	1.0	20.0	19.0	4	0.1111111111111111	0.8888888888888888	5.672110674711208	20	0	20	0	13.0	7.0	7.0
empirical	user_msa	ELECO.r07.2AG0102970_ELECO.r07.2AG0102970.1	ELECO.r07.2AG0102970_ELECO.r07.2AG0102970.1	100	100	unique	100	100	100	0.23923444976076555	9	419	13.777777777777779	5.672110674711208	1.0	20.0	19.0	4	0.1111111111111111	0.8888888888888888	5.672110674711208	11	0	11	0	14.125	-3.125	-3.125
empirical	user_msa	Phala.08G200500_Phala.08G200500.1	Phala.08G200500_Phala.08G200500.1	100	100	unique	100	100	100	0.23923444976076555	9	419	13.777777777777779	5.672110674711208	1.0	20.0	19.0	4	0.1111111111111111	0.8888888888888888	5.672110674711208	20	0	20	0	13.0	7.0	7.0
empirical	user_msa	Phala.08G200500_Phala.08G200500.3	Phala.08G200500_Phala.08G200500.3	100	100	unique	100	100	100	0.23923444976076555	9	419	13.777777777777779	5.672110674711208	1.0	20.0	19.0	4	0.1111111111111111	0.8888888888888888	5.672110674711208	20	0	20	0	13.0	7.0	7.0
empirical	user_msa	Phala.08G200500_Phala.08G200500.2	Phala.08G200500_Phala.08G200500.2	100	100	unique	100	100	100	0.23923444976076555	9	419	13.777777777777779	5.672110674711208	1.0	20.0	19.0	4	0.1111111111111111	0.8888888888888888	5.672110674711208	1	1	1	1	15.375	-14.375	-14.375
empirical	user_msa	HORVU.MOREX.r3.6HG0571560_HORVU.MOREX.r3.6HG0571560.1	HORVU.MOREX.r3.6HG0571560_HORVU.MOREX.r3.6HG0571560.1	100	100	unique	100	100	100	0.23923444976076555	9	419	13.777777777777779	5.672110674711208	1.0	20.0	19.0	4	0.1111111111111111	0.8888888888888888	5.672110674711208	13	0	13	0	13.875	-0.875	-0.875
empirical	user_msa	TraesCS6A03G0381800_TraesCS6A03G0381800.1	TraesCS6A03G0381800_TraesCS6A03G0381800.1	100	100	unique	100	100	100	0.23923444976076555	9	419	13.777777777777779	5.672110674711208	1.0	20.0	19.0	4	0.1111111111111111	0.8888888888888888	5.672110674711208	13	0	13	0	13.875	-0.875	-0.875
empirical	user_msa	Thint.S06G201700_Thint.S06G201700.1	Thint.S06G201700_Thint.S06G201700.1	100	100	unique	100	100	100	0.23923444976076555	9	419	13.777777777777779	5.672110674711208	1.0	20.0	19.0	4	0.1111111111111111	0.8888888888888888	5.672110674711208	13	0	13	0	13.875	-0.875	-0.875
empirical	user_msa	LOC_Os02g07490_LOC_Os02g07490.1	LOC_Os02g07490_LOC_Os02g07490.1	101	101	unique	101	101	101	0.24162679425837322	9	419	9.444444444444445	3.0590888662080453	1.0	12.0	11.0	4	0.1111111111111111	0.8888888888888888	3.0590888662080453	10	0	10	0	9.375	0.625	0.625
empirical	user_msa	Oropetium_20150105_02675_Oropetium_20150105_02675A	Oropetium_20150105_02675_Oropetium_20150105_02675A	101	101	unique	101	101	101	0.24162679425837322	9	419	9.444444444444445	3.0590888662080453	1.0	12.0	11.0	4	0.1111111111111111	0.8888888888888888	3.0590888662080453	12	0	12	0	9.125	2.875	2.875
empirical	user_msa	ELECO.r07.2AG0102970_ELECO.r07.2AG0102970.1	ELECO.r07.2AG0102970_ELECO.r07.2AG0102970.1	101	101	unique	101	101	101	0.24162679425837322	9	419	9.444444444444445	3.0590888662080453	1.0	12.0	11.0	4	0.1111111111111111	0.8888888888888888	3.0590888662080453	10	0	10	0	9.375	0.625	0.625
empirical	user_msa	Phala.08G200500_Phala.08G200500.1	Phala.08G200500_Phala.08G200500.1	101	101	unique	101	101	101	0.24162679425837322	9	419	9.444444444444445	3.0590888662080453	1.0	12.0	11.0	4	0.1111111111111111	0.8888888888888888	3.0590888662080453	11	0	11	0	9.25	1.75	1.75
empirical	user_msa	Phala.08G200500_Phala.08G200500.3	Phala.08G200500_Phala.08G200500.3	101	101	unique	101	101	101	0.24162679425837322	9	419	9.444444444444445	3.0590888662080453	1.0	12.0	11.0	4	0.1111111111111111	0.8888888888888888	3.0590888662080453	11	0	11	0	9.25	1.75	1.75
empirical	user_msa	Phala.08G200500_Phala.08G200500.2	Phala.08G200500_Phala.08G200500.2	101	101	unique	101	101	101	0.24162679425837322	9	419	9.444444444444445	3.0590888662080453	1.0	12.0	11.0	4	0.1111111111111111	0.8888888888888888	3.0590888662080453	1	1	1	1	10.5	-9.5	-9.5
empirical	user_msa	HORVU.MOREX.r3.6HG0571560_HORVU.MOREX.r3.6HG0571560.1	HORVU.MOREX.r3.6HG0571560_HORVU.MOREX.r3.6HG0571560.1	101	101	unique	101	101	101	0.24162679425837322	9	419	9.444444444444445	3.0590888662080453	1.0	12.0	11.0	4	0.1111111111111111	0.8888888888888888	3.0590888662080453	10	0	10	0	9.375	0.625	0.625
empirical	user_msa	TraesCS6A03G0381800_TraesCS6A03G0381800.1	TraesCS6A03G0381800_TraesCS6A03G0381800.1	101	101	unique	101	101	101	0.24162679425837322	9	419	9.444444444444445	3.0590888662080453	1.0	12.0	11.0	4	0.1111111111111111	0.8888888888888888	3.0590888662080453	10	0	10	0	9.375	0.625	0.625
empirical	user_msa	Thint.S06G201700_Thint.S06G201700.1	Thint.S06G201700_Thint.S06G201700.1	101	101	unique	101	101	101	0.24162679425837322	9	419	9.444444444444445	3.0590888662080453	1.0	12.0	11.0	4	0.1111111111111111	0.8888888888888888	3.0590888662080453	10	0	10	0	9.375	0.625	0.625
empirical	user_msa	LOC_Os02g07490_LOC_Os02g07490.1	LOC_Os02g07490_LOC_Os02g07490.1	102	102	unique	102	102	102	0.24401913875598086	9	419	32.333333333333336	11.105554165971787	1.0	37.0	36.0	4	0.1111111111111111	0.8888888888888888	11.105554165971787	37	0	37	0	31.75	5.25	5.25
empirical	user_msa	Oropetium_20150105_02675_Oropetium_20150105_02675A	Oropetium_20150105_02675_Oropetium_20150105_02675A	102	102	unique	102	102	102	0.24401913875598086	9	419	32.333333333333336	11.105554165971787	1.0	37.0	36.0	4	0.1111111111111111	0.8888888888888888	11.105554165971787	35	0	35	0	32.0	3.0	3.0
empirical	user_msa	ELECO.r07.2AG0102970_ELECO.r07.2AG0102970.1	ELECO.r07.2AG0102970_ELECO.r07.2AG0102970.1	102	102	unique	102	102	102	0.24401913875598086	9	419	32.333333333333336	11.105554165971787	1.0	37.0	36.0	4	0.1111111111111111	0.8888888888888888	11.105554165971787	35	0	35	0	32.0	3.0	3.0
empirical	user_msa	Phala.08G200500_Phala.08G200500.1	Phala.08G200500_Phala.08G200500.1	102	102	unique	102	102	102	0.24401913875598086	9	419	32.333333333333336	11.105554165971787	1.0	37.0	36.0	4	0.1111111111111111	0.8888888888888888	11.105554165971787	36	0	36	0	31.875	4.125	4.125
empirical	user_msa	Phala.08G200500_Phala.08G200500.3	Phala.08G200500_Phala.08G200500.3	102	102	unique	102	102	102	0.24401913875598086	9	419	32.333333333333336	11.105554165971787	1.0	37.0	36.0	4	0.1111111111111111	0.8888888888888888	11.105554165971787	36	0	36	0	31.875	4.125	4.125
empirical	user_msa	Phala.08G200500_Phala.08G200500.2	Phala.08G200500_Phala.08G200500.2	102	102	unique	102	102	102	0.24401913875598086	9	419	32.333333333333336	11.105554165971787	1.0	37.0	36.0	4	0.1111111111111111	0.8888888888888888	11.105554165971787	1	1	1	1	36.25	-35.25	-35.25
empirical	user_msa	HORVU.MOREX.r3.6HG0571560_HORVU.MOREX.r3.6HG0571560.1	HORVU.MOREX.r3.6HG0571560_HORVU.MOREX.r3.6HG0571560.1	102	102	unique	102	102	102	0.24401913875598086	9	419	32.333333333333336	11.105554165971787	1.0	37.0	36.0	4	0.1111111111111111	0.8888888888888888	11.105554165971787	37	0	37	0	31.75	5.25	5.25
empirical	user_msa	TraesCS6A03G0381800_TraesCS6A03G0381800.1	TraesCS6A03G0381800_TraesCS6A03G0381800.1	102	102	unique	102	102	102	0.24401913875598086	9	419	32.333333333333336	11.105554165971787	1.0	37.0	36.0	4	0.1111111111111111	0.8888888888888888	11.105554165971787	37	0	37	0	31.75	5.25	5.25
empirical	user_msa	Thint.S06G201700_Thint.S06G201700.1	Thint.S06G201700_Thint.S06G201700.1	102	102	unique	102	102	102	0.24401913875598086	9	419	32.333333333333336	11.105554165971787	1.0	37.0	36.0	4	0.1111111111111111	0.8888888888888888	11.105554165971787	37	0	37	0	31.75	5.25	5.25
empirical	user_msa	LOC_Os02g07490_LOC_Os02g07490.1	LOC_Os02g07490_LOC_Os02g07490.1	103	103	unique	103	103	103	0.24641148325358853	9	419	33.0	11.313708498984761	1.0	37.0	36.0	2	0.1111111111111111	0.8888888888888888	11.313708498984761	37	0	37	0	32.5	4.5	4.5
empirical	user_msa	Oropetium_20150105_02675_Oropetium_20150105_02675A	Oropetium_20150105_02675_Oropetium_20150105_02675A	103	103	unique	103	103	103	0.24641148325358853	9	419	33.0	11.313708498984761	1.0	37.0	36.0	2	0.1111111111111111	0.8888888888888888	11.313708498984761	37	0	37	0	32.5	4.5	4.5
empirical	user_msa	ELECO.r07.2AG0102970_ELECO.r07.2AG0102970.1	ELECO.r07.2AG0102970_ELECO.r07.2AG0102970.1	103	103	unique	103	103	103	0.24641148325358853	9	419	33.0	11.313708498984761	1.0	37.0	36.0	2	0.1111111111111111	0.8888888888888888	11.313708498984761	37	0	37	0	32.5	4.5	4.5
empirical	user_msa	Phala.08G200500_Phala.08G200500.1	Phala.08G200500_Phala.08G200500.1	103	103	unique	103	103	103	0.24641148325358853	9	419	33.0	11.313708498984761	1.0	37.0	36.0	2	0.1111111111111111	0.8888888888888888	11.313708498984761	37	0	37	0	32.5	4.5	4.5
empirical	user_msa	Phala.08G200500_Phala.08G200500.3	Phala.08G200500_Phala.08G200500.3	103	103	unique	103	103	103	0.24641148325358853	9	419	33.0	11.313708498984761	1.0	37.0	36.0	2	0.1111111111111111	0.8888888888888888	11.313708498984761	37	0	37	0	32.5	4.5	4.5
empirical	user_msa	Phala.08G200500_Phala.08G200500.2	Phala.08G200500_Phala.08G200500.2	103	103	unique	103	103	103	0.24641148325358853	9	419	33.0	11.313708498984761	1.0	37.0	36.0	2	0.1111111111111111	0.8888888888888888	11.313708498984761	1	1	1	1	37.0	-36.0	-36.0
empirical	user_msa	HORVU.MOREX.r3.6HG0571560_HORVU.MOREX.r3.6HG0571560.1	HORVU.MOREX.r3.6HG0571560_HORVU.MOREX.r3.6HG0571560.1	103	103	unique	103	103	103	0.24641148325358853	9	419	33.0	11.313708498984761	1.0	37.0	36.0	2	0.1111111111111111	0.8888888888888888	11.313708498984761	37	0	37	0	32.5	4.5	4.5
empirical	user_msa	TraesCS6A03G0381800_TraesCS6A03G0381800.1	TraesCS6A03G0381800_TraesCS6A03G0381800.1	103	103	unique	103	103	103	0.24641148325358853	9	419	33.0	11.313708498984761	1.0	37.0	36.0	2	0.1111111111111111	0.8888888888888888	11.313708498984761	37	0	37	0	32.5	4.5	4.5
empirical	user_msa	Thint.S06G201700_Thint.S06G201700.1	Thint.S06G201700_Thint.S06G201700.1	103	103	unique	103	103	103	0.24641148325358853	9	419	33.0	11.313708498984761	1.0	37.0	36.0	2	0.1111111111111111	0.8888888888888888	11.313708498984761	37	0	37	0	32.5	4.5	4.5
empirical	user_msa	LOC_Os02g07490_LOC_Os02g07490.1	LOC_Os02g07490_LOC_Os02g07490.1	104	104	unique	104	104	104	0.24880382775119617	9	419	25.444444444444443	16.45270063013034	1.0	48.0	47.0	4	0.1111111111111111	0.8888888888888888	16.45270063013034	17	0	17	0	26.5	-9.5	-9.5
empirical	user_msa	Oropetium_20150105_02675_Oropetium_20150105_02675A	Oropetium_20150105_02675_Oropetium_20150105_02675A	104	104	unique	104	104	104	0.24880382775119617	9	419	25.444444444444443	16.45270063013034	1.0	48.0	47.0	4	0.1111111111111111	0.8888888888888888	16.45270063013034	47	0	47	0	22.75	24.25	24.25
empirical	user_msa	ELECO.r07.2AG0102970_ELECO.r07.2AG0102970.1	ELECO.r07.2AG0102970_ELECO.r07.2AG0102970.1	104	104	unique	104	104	104	0.24880382775119617	9	419	25.444444444444443	16.45270063013034	1.0	48.0	47.0	4	0.1111111111111111	0.8888888888888888	16.45270063013034	17	0	17	0	26.5	-9.5	-9.5
empirical	user_msa	Phala.08G200500_Phala.08G200500.1	Phala.08G200500_Phala.08G200500.1	104	104	unique	104	104	104	0.24880382775119617	9	419	25.444444444444443	16.45270063013034	1.0	48.0	47.0	4	0.1111111111111111	0.8888888888888888	16.45270063013034	48	0	48	0	22.625	25.375	25.375
empirical	user_msa	Phala.08G200500_Phala.08G200500.3	Phala.08G200500_Phala.08G200500.3	104	104	unique	104	104	104	0.24880382775119617	9	419	25.444444444444443	16.45270063013034	1.0	48.0	47.0	4	0.1111111111111111	0.8888888888888888	16.45270063013034	48	0	48	0	22.625	25.375	25.375
empirical	user_msa	Phala.08G200500_Phala.08G200500.2	Phala.08G200500_Phala.08G200500.2	104	104	unique	104	104	104	0.24880382775119617	9	419	25.444444444444443	16.45270063013034	1.0	48.0	47.0	4	0.1111111111111111	0.8888888888888888	16.45270063013034	1	1	1	1	28.5	-27.5	-27.5
empirical	user_msa	HORVU.MOREX.r3.6HG0571560_HORVU.MOREX.r3.6HG0571560.1	HORVU.MOREX.r3.6HG0571560_HORVU.MOREX.r3.6HG0571560.1	104	104	unique	104	104	104	0.24880382775119617	9	419	25.444444444444443	16.45270063013034	1.0	48.0	47.0	4	0.1111111111111111	0.8888888888888888	16.45270063013034	17	0	17	0	26.5	-9.5	-9.5
empirical	user_msa	TraesCS6A03G0381800_TraesCS6A03G0381800.1	TraesCS6A03G0381800_TraesCS6A03G0381800.1	104	104	unique	104	104	104	0.24880382775119617	9	419	25.444444444444443	16.45270063013034	1.0	48.0	47.0	4	0.1111111111111111	0.8888888888888888	16.45270063013034	17	0	17	0	26.5	-9.5	-9.5
empirical	user_msa	Thint.S06G201700_Thint.S06G201700.1	Thint.S06G201700_Thint.S06G201700.1	104	104	unique	104	104	104	0.24880382775119617	9	419	25.444444444444443	16.45270063013034	1.0	48.0	47.0	4	0.1111111111111111	0.8888888888888888	16.45270063013034	17	0	17	0	26.5	-9.5	-9.5
empirical	user_msa	LOC_Os02g07490_LOC_Os02g07490.1	LOC_Os02g07490_LOC_Os02g07490.1	105	105	unique	105	105	105	0.2511961722488038	9	419	31.0	10.64581294844754	1.0	36.0	35.0	3	0.1111111111111111	0.8888888888888888	10.64581294844754	34	0	34	0	30.625	3.375	3.375
empirical	user_msa	Oropetium_20150105_02675_Oropetium_20150105_02675A	Oropetium_20150105_02675_Oropetium_20150105_02675A	105	105	unique	105	105	105	0.2511961722488038	9	419	31.0	10.64581294844754	1.0	36.0	35.0	3	0.1111111111111111	0.8888888888888888	10.64581294844754	36	0	36	0	30.375	5.625	5.625
empirical	user_msa	ELECO.r07.2AG0102970_ELECO.r07.2AG0102970.1	ELECO.r07.2AG0102970_ELECO.r07.2AG0102970.1	105	105	unique	105	105	105	0.2511961722488038	9	419	31.0	10.64581294844754	1.0	36.0	35.0	3	0.1111111111111111	0.8888888888888888	10.64581294844754	34	0	34	0	30.625	3.375	3.375
empirical	user_msa	Phala.08G200500_Phala.08G200500.1	Phala.08G200500_Phala.08G200500.1	105	105	unique	105	105	105	0.2511961722488038	9	419	31.0	10.64581294844754	1.0	36.0	35.0	3	0.1111111111111111	0.8888888888888888	10.64581294844754	36	0	36	0	30.375	5.625	5.625
empirical	user_msa	Phala.08G200500_Phala.08G200500.3	Phala.08G200500_Phala.08G200500.3	105	105	unique	105	105	105	0.2511961722488038	9	419	31.0	10.64581294844754	1.0	36.0	35.0	3	0.1111111111111111	0.8888888888888888	10.64581294844754	36	0	36	0	30.375	5.625	5.625
empirical	user_msa	Phala.08G200500_Phala.08G200500.2	Phala.08G200500_Phala.08G200500.2	105	105	unique	105	105	105	0.2511961722488038	9	419	31.0	10.64581294844754	1.0	36.0	35.0	3	0.1111111111111111	0.8888888888888888	10.64581294844754	1	1	1	1	34.75	-33.75	-33.75
empirical	user_msa	HORVU.MOREX.r3.6HG0571560_HORVU.MOREX.r3.6HG0571560.1	HORVU.MOREX.r3.6HG0571560_HORVU.MOREX.r3.6HG0571560.1	105	105	unique	105	105	105	0.2511961722488038	9	419	31.0	10.64581294844754	1.0	36.0	35.0	3	0.1111111111111111	0.8888888888888888	10.64581294844754	34	0	34	0	30.625	3.375	3.375
empirical	user_msa	TraesCS6A03G0381800_TraesCS6A03G0381800.1	TraesCS6A03G0381800_TraesCS6A03G0381800.1	105	105	unique	105	105	105	0.2511961722488038	9	419	31.0	10.64581294844754	1.0	36.0	35.0	3	0.1111111111111111	0.8888888888888888	10.64581294844754	34	0	34	0	30.625	3.375	3.375
empirical	user_msa	Thint.S06G201700_Thint.S06G201700.1	Thint.S06G201700_Thint.S06G201700.1	105	105	unique	105	105	105	0.2511961722488038	9	419	31.0	10.64581294844754	1.0	36.0	35.0	3	0.1111111111111111	0.8888888888888888	10.64581294844754	34	0	34	0	30.625	3.375	3.375
empirical	user_msa	LOC_Os02g07490_LOC_Os02g07490.1	LOC_Os02g07490_LOC_Os02g07490.1	106	106	unique	106	106	106	0.2535885167464115	9	419	37.666666666666664	15.347819244295117	1.0	49.0	48.0	3	0.1111111111111111	0.8888888888888888	15.347819244295117	49	0	49	0	36.25	12.75	12.75
empirical	user_msa	Oropetium_20150105_02675_Oropetium_20150105_02675A	Oropetium_20150105_02675_Oropetium_20150105_02675A	106	106	unique	106	106	106	0.2535885167464115	9	419	37.666666666666664	15.347819244295117	1.0	49.0	48.0	3	0.1111111111111111	0.8888888888888888	15.347819244295117	31	0	31	0	38.5	-7.5	-7.5
empirical	user_msa	ELECO.r07.2AG0102970_ELECO.r07.2AG0102970.1	ELECO.r07.2AG0102970_ELECO.r07.2AG0102970.1	106	106	unique	106	106	106	0.2535885167464115	9	419	37.666666666666664	15.347819244295117	1.0	49.0	48.0	3	0.1111111111111111	0.8888888888888888	15.347819244295117	49	0	49	0	36.25	12.75	12.75
empirical	user_msa	Phala.08G200500_Phala.08G200500.1	Phala.08G200500_Phala.08G200500.1	106	106	unique	106	106	106	0.2535885167464115	9	419	37.666666666666664	15.347819244295117	1.0	49.0	48.0	3	0.1111111111111111	0.8888888888888888	15.347819244295117	31	0	31	0	38.5	-7.5	-7.5
empirical	user_msa	Phala.08G200500_Phala.08G200500.3	Phala.08G200500_Phala.08G200500.3	106	106	unique	106	106	106	0.2535885167464115	9	419	37.666666666666664	15.347819244295117	1.0	49.0	48.0	3	0.1111111111111111	0.8888888888888888	15.347819244295117	31	0	31	0	38.5	-7.5	-7.5
empirical	user_msa	Phala.08G200500_Phala.08G200500.2	Phala.08G200500_Phala.08G200500.2	106	106	unique	106	106	106	0.2535885167464115	9	419	37.666666666666664	15.347819244295117	1.0	49.0	48.0	3	0.1111111111111111	0.8888888888888888	15.347819244295117	1	1	1	1	42.25	-41.25	-41.25
empirical	user_msa	HORVU.MOREX.r3.6HG0571560_HORVU.MOREX.r3.6HG0571560.1	HORVU.MOREX.r3.6HG0571560_HORVU.MOREX.r3.6HG0571560.1	106	106	unique	106	106	106	0.2535885167464115	9	419	37.666666666666664	15.347819244295117	1.0	49.0	48.0	3	0.1111111111111111	0.8888888888888888	15.347819244295117	49	0	49	0	36.25	12.75	12.75
empirical	user_msa	TraesCS6A03G0381800_TraesCS6A03G0381800.1	TraesCS6A03G0381800_TraesCS6A03G0381800.1	106	106	unique	106	106	106	0.2535885167464115	9	419	37.666666666666664	15.347819244295117	1.0	49.0	48.0	3	0.1111111111111111	0.8888888888888888	15.347819244295117	49	0	49	0	36.25	12.75	12.75
empirical	user_msa	Thint.S06G201700_Thint.S06G201700.1	Thint.S06G201700_Thint.S06G201700.1	106	106	unique	106	106	106	0.2535885167464115	9	419	37.666666666666664	15.347819244295117	1.0	49.0	48.0	3	0.1111111111111111	0.8888888888888888	15.347819244295117	49	0	49	0	36.25	12.75	12.75
empirical	user_msa	LOC_Os02g07490_LOC_Os02g07490.1	LOC_Os02g07490_LOC_Os02g07490.1	107	107	unique	107	107	107	0.25598086124401914	9	419	42.55555555555556	14.705336228058403	1.0	49.0	48.0	4	0.1111111111111111	0.8888888888888888	14.705336228058403	49	0	49	0	41.75	7.25	7.25
empirical	user_msa	Oropetium_20150105_02675_Oropetium_20150105_02675A	Oropetium_20150105_02675_Oropetium_20150105_02675A	107	107	unique	107	107	107	0.25598086124401914	9	419	42.55555555555556	14.705336228058403	1.0	49.0	48.0	4	0.1111111111111111	0.8888888888888888	14.705336228058403	47	0	47	0	42.0	5.0	5.0
empirical	user_msa	ELECO.r07.2AG0102970_ELECO.r07.2AG0102970.1	ELECO.r07.2AG0102970_ELECO.r07.2AG0102970.1	107	107	unique	107	107	107	0.25598086124401914	9	419	42.55555555555556	14.705336228058403	1.0	49.0	48.0	4	0.1111111111111111	0.8888888888888888	14.705336228058403	48	0	48	0	41.875	6.125	6.125
empirical	user_msa	Phala.08G200500_Phala.08G200500.1	Phala.08G200500_Phala.08G200500.1	107	107	unique	107	107	107	0.25598086124401914	9	419	42.55555555555556	14.705336228058403	1.0	49.0	48.0	4	0.1111111111111111	0.8888888888888888	14.705336228058403	47	0	47	0	42.0	5.0	5.0
empirical	user_msa	Phala.08G200500_Phala.08G200500.3	Phala.08G200500_Phala.08G200500.3	107	107	unique	107	107	107	0.25598086124401914	9	419	42.55555555555556	14.705336228058403	1.0	49.0	48.0	4	0.1111111111111111	0.8888888888888888	14.705336228058403	47	0	47	0	42.0	5.0	5.0
empirical	user_msa	Phala.08G200500_Phala.08G200500.2	Phala.08G200500_Phala.08G200500.2	107	107	unique	107	107	107	0.25598086124401914	9	419	42.55555555555556	14.705336228058403	1.0	49.0	48.0	4	0.1111111111111111	0.8888888888888888	14.705336228058403	1	1	1	1	47.75	-46.75	-46.75
empirical	user_msa	HORVU.MOREX.r3.6HG0571560_HORVU.MOREX.r3.6HG0571560.1	HORVU.MOREX.r3.6HG0571560_HORVU.MOREX.r3.6HG0571560.1	107	107	unique	107	107	107	0.25598086124401914	9	419	42.55555555555556	14.705336228058403	1.0	49.0	48.0	4	0.1111111111111111	0.8888888888888888	14.705336228058403	48	0	48	0	41.875	6.125	6.125
empirical	user_msa	TraesCS6A03G0381800_TraesCS6A03G0381800.1	TraesCS6A03G0381800_TraesCS6A03G0381800.1	107	107	unique	107	107	107	0.25598086124401914	9	419	42.55555555555556	14.705336228058403	1.0	49.0	48.0	4	0.1111111111111111	0.8888888888888888	14.705336228058403	48	0	48	0	41.875	6.125	6.125
empirical	user_msa	Thint.S06G201700_Thint.S06G201700.1	Thint.S06G201700_Thint.S06G201700.1	107	107	unique	107	107	107	0.25598086124401914	9	419	42.55555555555556	14.705336228058403	1.0	49.0	48.0	4	0.1111111111111111	0.8888888888888888	14.705336228058403	48	0	48	0	41.875	6.125	6.125
empirical	user_msa	LOC_Os02g07490_LOC_Os02g07490.1	LOC_Os02g07490_LOC_Os02g07490.1	108	108	unique	108	108	108	0.2583732057416268	9	419	35.666666666666664	12.31981240838422	1.0	41.0	40.0	4	0.1111111111111111	0.8888888888888888	12.31981240838422	41	0	41	0	35.0	6.0	6.0
empirical	user_msa	Oropetium_20150105_02675_Oropetium_20150105_02675A	Oropetium_20150105_02675_Oropetium_20150105_02675A	108	108	unique	108	108	108	0.2583732057416268	9	419	35.666666666666664	12.31981240838422	1.0	41.0	40.0	4	0.1111111111111111	0.8888888888888888	12.31981240838422	39	0	39	0	35.25	3.75	3.75
empirical	user_msa	ELECO.r07.2AG0102970_ELECO.r07.2AG0102970.1	ELECO.r07.2AG0102970_ELECO.r07.2AG0102970.1	108	108	unique	108	108	108	0.2583732057416268	9	419	35.666666666666664	12.31981240838422	1.0	41.0	40.0	4	0.1111111111111111	0.8888888888888888	12.31981240838422	41	0	41	0	35.0	6.0	6.0
empirical	user_msa	Phala.08G200500_Phala.08G200500.1	Phala.08G200500_Phala.08G200500.1	108	108	unique	108	108	108	0.2583732057416268	9	419	35.666666666666664	12.31981240838422	1.0	41.0	40.0	4	0.1111111111111111	0.8888888888888888	12.31981240838422	38	0	38	0	35.375	2.625	2.625
empirical	user_msa	Phala.08G200500_Phala.08G200500.3	Phala.08G200500_Phala.08G200500.3	108	108	unique	108	108	108	0.2583732057416268	9	419	35.666666666666664	12.31981240838422	1.0	41.0	40.0	4	0.1111111111111111	0.8888888888888888	12.31981240838422	38	0	38	0	35.375	2.625	2.625
empirical	user_msa	Phala.08G200500_Phala.08G200500.2	Phala.08G200500_Phala.08G200500.2	108	108	unique	108	108	108	0.2583732057416268	9	419	35.666666666666664	12.31981240838422	1.0	41.0	40.0	4	0.1111111111111111	0.8888888888888888	12.31981240838422	1	1	1	1	40.0	-39.0	-39.0
empirical	user_msa	HORVU.MOREX.r3.6HG0571560_HORVU.MOREX.r3.6HG0571560.1	HORVU.MOREX.r3.6HG0571560_HORVU.MOREX.r3.6HG0571560.1	108	108	unique	108	108	108	0.2583732057416268	9	419	35.666666666666664	12.31981240838422	1.0	41.0	40.0	4	0.1111111111111111	0.8888888888888888	12.31981240838422	41	0	41	0	35.0	6.0	6.0
empirical	user_msa	TraesCS6A03G0381800_TraesCS6A03G0381800.1	TraesCS6A03G0381800_TraesCS6A03G0381800.1	108	108	unique	108	108	108	0.2583732057416268	9	419	35.666666666666664	12.31981240838422	1.0	41.0	40.0	4	0.1111111111111111	0.8888888888888888	12.31981240838422	41	0	41	0	35.0	6.0	6.0
empirical	user_msa	Thint.S06G201700_Thint.S06G201700.1	Thint.S06G201700_Thint.S06G201700.1	108	108	unique	108	108	108	0.2583732057416268	9	419	35.666666666666664	12.31981240838422	1.0	41.0	40.0	4	0.1111111111111111	0.8888888888888888	12.31981240838422	41	0	41	0	35.0	6.0	6.0
empirical	user_msa	LOC_Os02g07490_LOC_Os02g07490.1	LOC_Os02g07490_LOC_Os02g07490.1	109	109	unique	109	109	109	0.2607655502392344	9	419	42.0	14.499042113954363	1.0	48.0	47.0	3	0.1111111111111111	0.8888888888888888	14.499042113954363	47	0	47	0	41.375	5.625	5.625
empirical	user_msa	Oropetium_20150105_02675_Oropetium_20150105_02675A	Oropetium_20150105_02675_Oropetium_20150105_02675A	109	109	unique	109	109	109	0.2607655502392344	9	419	42.0	14.499042113954363	1.0	48.0	47.0	3	0.1111111111111111	0.8888888888888888	14.499042113954363	47	0	47	0	41.375	5.625	5.625
empirical	user_msa	ELECO.r07.2AG0102970_ELECO.r07.2AG0102970.1	ELECO.r07.2AG0102970_ELECO.r07.2AG0102970.1	109	109	unique	109	109	109	0.2607655502392344	9	419	42.0	14.499042113954363	1.0	48.0	47.0	3	0.1111111111111111	0.8888888888888888	14.499042113954363	48	0	48	0	41.25	6.75	6.75
empirical	user_msa	Phala.08G200500_Phala.08G200500.1	Phala.08G200500_Phala.08G200500.1	109	109	unique	109	109	109	0.2607655502392344	9	419	42.0	14.499042113954363	1.0	48.0	47.0	3	0.1111111111111111	0.8888888888888888	14.499042113954363	47	0	47	0	41.375	5.625	5.625
empirical	user_msa	Phala.08G200500_Phala.08G200500.3	Phala.08G200500_Phala.08G200500.3	109	109	unique	109	109	109	0.2607655502392344	9	419	42.0	14.499042113954363	1.0	48.0	47.0	3	0.1111111111111111	0.8888888888888888	14.499042113954363	47	0	47	0	41.375	5.625	5.625
empirical	user_msa	Phala.08G200500_Phala.08G200500.2	Phala.08G200500_Phala.08G200500.2	109	109	unique	109	109	109	0.2607655502392344	9	419	42.0	14.499042113954363	1.0	48.0	47.0	3	0.1111111111111111	0.8888888888888888	14.499042113954363	1	1	1	1	47.125	-46.125	-46.125
empirical	user_msa	HORVU.MOREX.r3.6HG0571560_HORVU.MOREX.r3.6HG0571560.1	HORVU.MOREX.r3.6HG0571560_HORVU.MOREX.r3.6HG0571560.1	109	109	unique	109	109	109	0.2607655502392344	9	419	42.0	14.499042113954363	1.0	48.0	47.0	3	0.1111111111111111	0.8888888888888888	14.499042113954363	47	0	47	0	41.375	5.625	5.625
empirical	user_msa	TraesCS6A03G0381800_TraesCS6A03G0381800.1	TraesCS6A03G0381800_TraesCS6A03G0381800.1	109	109	unique	109	109	109	0.2607655502392344	9	419	42.0	14.499042113954363	1.0	48.0	47.0	3	0.1111111111111111	0.8888888888888888	14.499042113954363	47	0	47	0	41.375	5.625	5.625
empirical	user_msa	Thint.S06G201700_Thint.S06G201700.1	Thint.S06G201700_Thint.S06G201700.1	109	109	unique	109	109	109	0.2607655502392344	9	419	42.0	14.499042113954363	1.0	48.0	47.0	3	0.1111111111111111	0.8888888888888888	14.499042113954363	47	0	47	0	41.375	5.625	5.625
empirical	user_msa	LOC_Os02g07490_LOC_Os02g07490.1	LOC_Os02g07490_LOC_Os02g07490.1	110	110	unique	110	110	110	0.2631578947368421	9	419	3.888888888888889	1.3698697784375504	1.0	5.0	4.0	3	0.1111111111111111	0.8888888888888888	1.3698697784375504	5	0	5	0	3.75	1.25	1.25
empirical	user_msa	Oropetium_20150105_02675_Oropetium_20150105_02675A	Oropetium_20150105_02675_Oropetium_20150105_02675A	110	110	unique	110	110	110	0.2631578947368421	9	419	3.888888888888889	1.3698697784375504	1.0	5.0	4.0	3	0.1111111111111111	0.8888888888888888	1.3698697784375504	3	0	3	0	4.0	-1.0	-1.0
empirical	user_msa	ELECO.r07.2AG0102970_ELECO.r07.2AG0102970.1	ELECO.r07.2AG0102970_ELECO.r07.2AG0102970.1	110	110	unique	110	110	110	0.2631578947368421	9	419	3.888888888888889	1.3698697784375504	1.0	5.0	4.0	3	0.1111111111111111	0.8888888888888888	1.3698697784375504	5	0	5	0	3.75	1.25	1.25
empirical	user_msa	Phala.08G200500_Phala.08G200500.1	Phala.08G200500_Phala.08G200500.1	110	110	unique	110	110	110	0.2631578947368421	9	419	3.888888888888889	1.3698697784375504	1.0	5.0	4.0	3	0.1111111111111111	0.8888888888888888	1.3698697784375504	3	0	3	0	4.0	-1.0	-1.0
empirical	user_msa	Phala.08G200500_Phala.08G200500.3	Phala.08G200500_Phala.08G200500.3	110	110	unique	110	110	110	0.2631578947368421	9	419	3.888888888888889	1.3698697784375504	1.0	5.0	4.0	3	0.1111111111111111	0.8888888888888888	1.3698697784375504	3	0	3	0	4.0	-1.0	-1.0
empirical	user_msa	Phala.08G200500_Phala.08G200500.2	Phala.08G200500_Phala.08G200500.2	110	110	unique	110	110	110	0.2631578947368421	9	419	3.888888888888889	1.3698697784375504	1.0	5.0	4.0	3	0.1111111111111111	0.8888888888888888	1.3698697784375504	1	1	1	1	4.25	-3.25	-3.25
empirical	user_msa	HORVU.MOREX.r3.6HG0571560_HORVU.MOREX.r3.6HG0571560.1	HORVU.MOREX.r3.6HG0571560_HORVU.MOREX.r3.6HG0571560.1	110	110	unique	110	110	110	0.2631578947368421	9	419	3.888888888888889	1.3698697784375504	1.0	5.0	4.0	3	0.1111111111111111	0.8888888888888888	1.3698697784375504	5	0	5	0	3.75	1.25	1.25
empirical	user_msa	TraesCS6A03G0381800_TraesCS6A03G0381800.1	TraesCS6A03G0381800_TraesCS6A03G0381800.1	110	110	unique	110	110	110	0.2631578947368421	9	419	3.888888888888889	1.3698697784375504	1.0	5.0	4.0	3	0.1111111111111111	0.8888888888888888	1.3698697784375504	5	0	5	0	3.75	1.25	1.25
empirical	user_msa	Thint.S06G201700_Thint.S06G201700.1	Thint.S06G201700_Thint.S06G201700.1	110	110	unique	110	110	110	0.2631578947368421	9	419	3.888888888888889	1.3698697784375504	1.0	5.0	4.0	3	0.1111111111111111	0.8888888888888888	1.3698697784375504	5	0	5	0	3.75	1.25	1.25
empirical	user_msa	LOC_Os02g07490_LOC_Os02g07490.1	LOC_Os02g07490_LOC_Os02g07490.1	111	111	unique	111	111	111	0.26555023923444976	9	419	32.55555555555556	11.186411509913972	1.0	37.0	36.0	3	0.1111111111111111	0.8888888888888888	11.186411509913972	37	0	37	0	32.0	5.0	5.0
empirical	user_msa	Oropetium_20150105_02675_Oropetium_20150105_02675A	Oropetium_20150105_02675_Oropetium_20150105_02675A	111	111	unique	111	111	111	0.26555023923444976	9	419	32.55555555555556	11.186411509913972	1.0	37.0	36.0	3	0.1111111111111111	0.8888888888888888	11.186411509913972	37	0	37	0	32.0	5.0	5.0
empirical	user_msa	ELECO.r07.2AG0102970_ELECO.r07.2AG0102970.1	ELECO.r07.2AG0102970_ELECO.r07.2AG0102970.1	111	111	unique	111	111	111	0.26555023923444976	9	419	32.55555555555556	11.186411509913972	1.0	37.0	36.0	3	0.1111111111111111	0.8888888888888888	11.186411509913972	37	0	37	0	32.0	5.0	5.0
empirical	user_msa	Phala.08G200500_Phala.08G200500.1	Phala.08G200500_Phala.08G200500.1	111	111	unique	111	111	111	0.26555023923444976	9	419	32.55555555555556	11.186411509913972	1.0	37.0	36.0	3	0.1111111111111111	0.8888888888888888	11.186411509913972	35	0	35	0	32.25	2.75	2.75
empirical	user_msa	Phala.08G200500_Phala.08G200500.3	Phala.08G200500_Phala.08G200500.3	111	111	unique	111	111	111	0.26555023923444976	9	419	32.55555555555556	11.186411509913972	1.0	37.0	36.0	3	0.1111111111111111	0.8888888888888888	11.186411509913972	35	0	35	0	32.25	2.75	2.75
empirical	user_msa	Phala.08G200500_Phala.08G200500.2	Phala.08G200500_Phala.08G200500.2	111	111	unique	111	111	111	0.26555023923444976	9	419	32.55555555555556	11.186411509913972	1.0	37.0	36.0	3	0.1111111111111111	0.8888888888888888	11.186411509913972	1	1	1	1	36.5	-35.5	-35.5
empirical	user_msa	HORVU.MOREX.r3.6HG0571560_HORVU.MOREX.r3.6HG0571560.1	HORVU.MOREX.r3.6HG0571560_HORVU.MOREX.r3.6HG0571560.1	111	111	unique	111	111	111	0.26555023923444976	9	419	32.55555555555556	11.186411509913972	1.0	37.0	36.0	3	0.1111111111111111	0.8888888888888888	11.186411509913972	37	0	37	0	32.0	5.0	5.0
empirical	user_msa	TraesCS6A03G0381800_TraesCS6A03G0381800.1	TraesCS6A03G0381800_TraesCS6A03G0381800.1	111	111	unique	111	111	111	0.26555023923444976	9	419	32.55555555555556	11.186411509913972	1.0	37.0	36.0	3	0.1111111111111111	0.8888888888888888	11.186411509913972	37	0	37	0	32.0	5.0	5.0
empirical	user_msa	Thint.S06G201700_Thint.S06G201700.1	Thint.S06G201700_Thint.S06G201700.1	111	111	unique	111	111	111	0.26555023923444976	9	419	32.55555555555556	11.186411509913972	1.0	37.0	36.0	3	0.1111111111111111	0.8888888888888888	11.186411509913972	37	0	37	0	32.0	5.0	5.0
empirical	user_msa	LOC_Os02g07490_LOC_Os02g07490.1	LOC_Os02g07490_LOC_Os02g07490.1	112	112	unique	112	112	112	0.2679425837320574	9	419	21.666666666666668	7.363574011458174	1.0	25.0	24.0	3	0.1111111111111111	0.8888888888888888	7.363574011458174	25	0	25	0	21.25	3.75	3.75
empirical	user_msa	Oropetium_20150105_02675_Oropetium_20150105_02675A	Oropetium_20150105_02675_Oropetium_20150105_02675A	112	112	unique	112	112	112	0.2679425837320574	9	419	21.666666666666668	7.363574011458174	1.0	25.0	24.0	3	0.1111111111111111	0.8888888888888888	7.363574011458174	23	0	23	0	21.5	1.5	1.5
empirical	user_msa	ELECO.r07.2AG0102970_ELECO.r07.2AG0102970.1	ELECO.r07.2AG0102970_ELECO.r07.2AG0102970.1	112	112	unique	112	112	112	0.2679425837320574	9	419	21.666666666666668	7.363574011458174	1.0	25.0	24.0	3	0.1111111111111111	0.8888888888888888	7.363574011458174	25	0	25	0	21.25	3.75	3.75
empirical	user_msa	Phala.08G200500_Phala.08G200500.1	Phala.08G200500_Phala.08G200500.1	112	112	unique	112	112	112	0.2679425837320574	9	419	21.666666666666668	7.363574011458174	1.0	25.0	24.0	3	0.1111111111111111	0.8888888888888888	7.363574011458174	23	0	23	0	21.5	1.5	1.5
empirical	user_msa	Phala.08G200500_Phala.08G200500.3	Phala.08G200500_Phala.08G200500.3	112	112	unique	112	112	112	0.2679425837320574	9	419	21.666666666666668	7.363574011458174	1.0	25.0	24.0	3	0.1111111111111111	0.8888888888888888	7.363574011458174	23	0	23	0	21.5	1.5	1.5
empirical	user_msa	Phala.08G200500_Phala.08G200500.2	Phala.08G200500_Phala.08G200500.2	112	112	unique	112	112	112	0.2679425837320574	9	419	21.666666666666668	7.363574011458174	1.0	25.0	24.0	3	0.1111111111111111	0.8888888888888888	7.363574011458174	1	1	1	1	24.25	-23.25	-23.25
empirical	user_msa	HORVU.MOREX.r3.6HG0571560_HORVU.MOREX.r3.6HG0571560.1	HORVU.MOREX.r3.6HG0571560_HORVU.MOREX.r3.6HG0571560.1	112	112	unique	112	112	112	0.2679425837320574	9	419	21.666666666666668	7.363574011458174	1.0	25.0	24.0	3	0.1111111111111111	0.8888888888888888	7.363574011458174	25	0	25	0	21.25	3.75	3.75
empirical	user_msa	TraesCS6A03G0381800_TraesCS6A03G0381800.1	TraesCS6A03G0381800_TraesCS6A03G0381800.1	112	112	unique	112	112	112	0.2679425837320574	9	419	21.666666666666668	7.363574011458174	1.0	25.0	24.0	3	0.1111111111111111	0.8888888888888888	7.363574011458174	25	0	25	0	21.25	3.75	3.75
empirical	user_msa	Thint.S06G201700_Thint.S06G201700.1	Thint.S06G201700_Thint.S06G201700.1	112	112	unique	112	112	112	0.2679425837320574	9	419	21.666666666666668	7.363574011458174	1.0	25.0	24.0	3	0.1111111111111111	0.8888888888888888	7.363574011458174	25	0	25	0	21.25	3.75	3.75
empirical	user_msa	LOC_Os02g07490_LOC_Os02g07490.1	LOC_Os02g07490_LOC_Os02g07490.1	113	113	unique	113	113	113	0.2703349282296651	9	419	53.44444444444444	18.541911151113915	1.0	60.0	59.0	2	0.1111111111111111	0.8888888888888888	18.541911151113915	60	0	60	0	52.625	7.375	7.375
empirical	user_msa	Oropetium_20150105_02675_Oropetium_20150105_02675A	Oropetium_20150105_02675_Oropetium_20150105_02675A	113	113	unique	113	113	113	0.2703349282296651	9	419	53.44444444444444	18.541911151113915	1.0	60.0	59.0	2	0.1111111111111111	0.8888888888888888	18.541911151113915	60	0	60	0	52.625	7.375	7.375
empirical	user_msa	ELECO.r07.2AG0102970_ELECO.r07.2AG0102970.1	ELECO.r07.2AG0102970_ELECO.r07.2AG0102970.1	113	113	unique	113	113	113	0.2703349282296651	9	419	53.44444444444444	18.541911151113915	1.0	60.0	59.0	2	0.1111111111111111	0.8888888888888888	18.541911151113915	60	0	60	0	52.625	7.375	7.375
empirical	user_msa	Phala.08G200500_Phala.08G200500.1	Phala.08G200500_Phala.08G200500.1	113	113	unique	113	113	113	0.2703349282296651	9	419	53.44444444444444	18.541911151113915	1.0	60.0	59.0	2	0.1111111111111111	0.8888888888888888	18.541911151113915	60	0	60	0	52.625	7.375	7.375
empirical	user_msa	Phala.08G200500_Phala.08G200500.3	Phala.08G200500_Phala.08G200500.3	113	113	unique	113	113	113	0.2703349282296651	9	419	53.44444444444444	18.541911151113915	1.0	60.0	59.0	2	0.1111111111111111	0.8888888888888888	18.541911151113915	60	0	60	0	52.625	7.375	7.375
empirical	user_msa	Phala.08G200500_Phala.08G200500.2	Phala.08G200500_Phala.08G200500.2	113	113	unique	113	113	113	0.2703349282296651	9	419	53.44444444444444	18.541911151113915	1.0	60.0	59.0	2	0.1111111111111111	0.8888888888888888	18.541911151113915	1	1	1	1	60.0	-59.0	-59.0
empirical	user_msa	HORVU.MOREX.r3.6HG0571560_HORVU.MOREX.r3.6HG0571560.1	HORVU.MOREX.r3.6HG0571560_HORVU.MOREX.r3.6HG0571560.1	113	113	unique	113	113	113	0.2703349282296651	9	419	53.44444444444444	18.541911151113915	1.0	60.0	59.0	2	0.1111111111111111	0.8888888888888888	18.541911151113915	60	0	60	0	52.625	7.375	7.375
empirical	user_msa	TraesCS6A03G0381800_TraesCS6A03G0381800.1	TraesCS6A03G0381800_TraesCS6A03G0381800.1	113	113	unique	113	113	113	0.2703349282296651	9	419	53.44444444444444	18.541911151113915	1.0	60.0	59.0	2	0.1111111111111111	0.8888888888888888	18.541911151113915	60	0	60	0	52.625	7.375	7.375
empirical	user_msa	Thint.S06G201700_Thint.S06G201700.1	Thint.S06G201700_Thint.S06G201700.1	113	113	unique	113	113	113	0.2703349282296651	9	419	53.44444444444444	18.541911151113915	1.0	60.0	59.0	2	0.1111111111111111	0.8888888888888888	18.541911151113915	60	0	60	0	52.625	7.375	7.375
empirical	user_msa	LOC_Os02g07490_LOC_Os02g07490.1	LOC_Os02g07490_LOC_Os02g07490.1	114	114	unique	114	114	114	0.2727272727272727	9	419	14.555555555555555	4.878777422244477	1.0	17.0	16.0	3	0.1111111111111111	0.8888888888888888	4.878777422244477	17	0	17	0	14.25	2.75	2.75
empirical	user_msa	Oropetium_20150105_02675_Oropetium_20150105_02675A	Oropetium_20150105_02675_Oropetium_20150105_02675A	114	114	unique	114	114	114	0.2727272727272727	9	419	14.555555555555555	4.878777422244477	1.0	17.0	16.0	3	0.1111111111111111	0.8888888888888888	4.878777422244477	15	0	15	0	14.5	0.5	0.5
empirical	user_msa	ELECO.r07.2AG0102970_ELECO.r07.2AG0102970.1	ELECO.r07.2AG0102970_ELECO.r07.2AG0102970.1	114	114	unique	114	114	114	0.2727272727272727	9	419	14.555555555555555	4.878777422244477	1.0	17.0	16.0	3	0.1111111111111111	0.8888888888888888	4.878777422244477	17	0	17	0	14.25	2.75	2.75
empirical	user_msa	Phala.08G200500_Phala.08G200500.1	Phala.08G200500_Phala.08G200500.1	114	114	unique	114	114	114	0.2727272727272727	9	419	14.555555555555555	4.878777422244477	1.0	17.0	16.0	3	0.1111111111111111	0.8888888888888888	4.878777422244477	15	0	15	0	14.5	0.5	0.5
empirical	user_msa	Phala.08G200500_Phala.08G200500.3	Phala.08G200500_Phala.08G200500.3	114	114	unique	114	114	114	0.2727272727272727	9	419	14.555555555555555	4.878777422244477	1.0	17.0	16.0	3	0.1111111111111111	0.8888888888888888	4.878777422244477	15	0	15	0	14.5	0.5	0.5
empirical	user_msa	Phala.08G200500_Phala.08G200500.2	Phala.08G200500_Phala.08G200500.2	114	114	unique	114	114	114	0.2727272727272727	9	419	14.555555555555555	4.878777422244477	1.0	17.0	16.0	3	0.1111111111111111	0.8888888888888888	4.878777422244477	1	1	1	1	16.25	-15.25	-15.25
empirical	user_msa	HORVU.MOREX.r3.6HG0571560_HORVU.MOREX.r3.6HG0571560.1	HORVU.MOREX.r3.6HG0571560_HORVU.MOREX.r3.6HG0571560.1	114	114	unique	114	114	114	0.2727272727272727	9	419	14.555555555555555	4.878777422244477	1.0	17.0	16.0	3	0.1111111111111111	0.8888888888888888	4.878777422244477	17	0	17	0	14.25	2.75	2.75
empirical	user_msa	TraesCS6A03G0381800_TraesCS6A03G0381800.1	TraesCS6A03G0381800_TraesCS6A03G0381800.1	114	114	unique	114	114	114	0.2727272727272727	9	419	14.555555555555555	4.878777422244477	1.0	17.0	16.0	3	0.1111111111111111	0.8888888888888888	4.878777422244477	17	0	17	0	14.25	2.75	2.75
empirical	user_msa	Thint.S06G201700_Thint.S06G201700.1	Thint.S06G201700_Thint.S06G201700.1	114	114	unique	114	114	114	0.2727272727272727	9	419	14.555555555555555	4.878777422244477	1.0	17.0	16.0	3	0.1111111111111111	0.8888888888888888	4.878777422244477	17	0	17	0	14.25	2.75	2.75
empirical	user_msa	LOC_Os02g07490_LOC_Os02g07490.1	LOC_Os02g07490_LOC_Os02g07490.1	115	115	unique	115	115	115	0.2751196172248804	9	419	23.0	15.748015748023622	1.0	37.0	36.0	3	0.1111111111111111	0.8888888888888888	15.748015748023622	37	0	37	0	21.25	15.75	15.75
empirical	user_msa	Oropetium_20150105_02675_Oropetium_20150105_02675A	Oropetium_20150105_02675_Oropetium_20150105_02675A	115	115	unique	115	115	115	0.2751196172248804	9	419	23.0	15.748015748023622	1.0	37.0	36.0	3	0.1111111111111111	0.8888888888888888	15.748015748023622	7	0	7	0	25.0	-18.0	-18.0
empirical	user_msa	ELECO.r07.2AG0102970_ELECO.r07.2AG0102970.1	ELECO.r07.2AG0102970_ELECO.r07.2AG0102970.1	115	115	unique	115	115	115	0.2751196172248804	9	419	23.0	15.748015748023622	1.0	37.0	36.0	3	0.1111111111111111	0.8888888888888888	15.748015748023622	37	0	37	0	21.25	15.75	15.75
empirical	user_msa	Phala.08G200500_Phala.08G200500.1	Phala.08G200500_Phala.08G200500.1	115	115	unique	115	115	115	0.2751196172248804	9	419	23.0	15.748015748023622	1.0	37.0	36.0	3	0.1111111111111111	0.8888888888888888	15.748015748023622	7	0	7	0	25.0	-18.0	-18.0
empirical	user_msa	Phala.08G200500_Phala.08G200500.3	Phala.08G200500_Phala.08G200500.3	115	115	unique	115	115	115	0.2751196172248804	9	419	23.0	15.748015748023622	1.0	37.0	36.0	3	0.1111111111111111	0.8888888888888888	15.748015748023622	7	0	7	0	25.0	-18.0	-18.0
empirical	user_msa	Phala.08G200500_Phala.08G200500.2	Phala.08G200500_Phala.08G200500.2	115	115	unique	115	115	115	0.2751196172248804	9	419	23.0	15.748015748023622	1.0	37.0	36.0	3	0.1111111111111111	0.8888888888888888	15.748015748023622	1	1	1	1	25.75	-24.75	-24.75
empirical	user_msa	HORVU.MOREX.r3.6HG0571560_HORVU.MOREX.r3.6HG0571560.1	HORVU.MOREX.r3.6HG0571560_HORVU.MOREX.r3.6HG0571560.1	115	115	unique	115	115	115	0.2751196172248804	9	419	23.0	15.748015748023622	1.0	37.0	36.0	3	0.1111111111111111	0.8888888888888888	15.748015748023622	37	0	37	0	21.25	15.75	15.75
empirical	user_msa	TraesCS6A03G0381800_TraesCS6A03G0381800.1	TraesCS6A03G0381800_TraesCS6A03G0381800.1	115	115	unique	115	115	115	0.2751196172248804	9	419	23.0	15.748015748023622	1.0	37.0	36.0	3	0.1111111111111111	0.8888888888888888	15.748015748023622	37	0	37	0	21.25	15.75	15.75
empirical	user_msa	Thint.S06G201700_Thint.S06G201700.1	Thint.S06G201700_Thint.S06G201700.1	115	115	unique	115	115	115	0.2751196172248804	9	419	23.0	15.748015748023622	1.0	37.0	36.0	3	0.1111111111111111	0.8888888888888888	15.748015748023622	37	0	37	0	21.25	15.75	15.75
empirical	user_msa	LOC_Os02g07490_LOC_Os02g07490.1	LOC_Os02g07490_LOC_Os02g07490.1	116	116	unique	116	116	116	0.27751196172248804	9	419	25.22222222222222	17.72492142454157	1.0	41.0	40.0	3	0.1111111111111111	0.8888888888888888	17.72492142454157	41	0	41	0	23.25	17.75	17.75
empirical	user_msa	Oropetium_20150105_02675_Oropetium_20150105_02675A	Oropetium_20150105_02675_Oropetium_20150105_02675A	116	116	unique	116	116	116	0.27751196172248804	9	419	25.22222222222222	17.72492142454157	1.0	41.0	40.0	3	0.1111111111111111	0.8888888888888888	17.72492142454157	7	0	7	0	27.5	-20.5	-20.5
empirical	user_msa	ELECO.r07.2AG0102970_ELECO.r07.2AG0102970.1	ELECO.r07.2AG0102970_ELECO.r07.2AG0102970.1	116	116	unique	116	116	116	0.27751196172248804	9	419	25.22222222222222	17.72492142454157	1.0	41.0	40.0	3	0.1111111111111111	0.8888888888888888	17.72492142454157	41	0	41	0	23.25	17.75	17.75
empirical	user_msa	Phala.08G200500_Phala.08G200500.1	Phala.08G200500_Phala.08G200500.1	116	116	unique	116	116	116	0.27751196172248804	9	419	25.22222222222222	17.72492142454157	1.0	41.0	40.0	3	0.1111111111111111	0.8888888888888888	17.72492142454157	7	0	7	0	27.5	-20.5	-20.5
empirical	user_msa	Phala.08G200500_Phala.08G200500.3	Phala.08G200500_Phala.08G200500.3	116	116	unique	116	116	116	0.27751196172248804	9	419	25.22222222222222	17.72492142454157	1.0	41.0	40.0	3	0.1111111111111111	0.8888888888888888	17.72492142454157	7	0	7	0	27.5	-20.5	-20.5
empirical	user_msa	Phala.08G200500_Phala.08G200500.2	Phala.08G200500_Phala.08G200500.2	116	116	unique	116	116	116	0.27751196172248804	9	419	25.22222222222222	17.72492142454157	1.0	41.0	40.0	3	0.1111111111111111	0.8888888888888888	17.72492142454157	1	1	1	1	28.25	-27.25	-27.25
empirical	user_msa	HORVU.MOREX.r3.6HG0571560_HORVU.MOREX.r3.6HG0571560.1	HORVU.MOREX.r3.6HG0571560_HORVU.MOREX.r3.6HG0571560.1	116	116	unique	116	116	116	0.27751196172248804	9	419	25.22222222222222	17.72492142454157	1.0	41.0	40.0	3	0.1111111111111111	0.8888888888888888	17.72492142454157	41	0	41	0	23.25	17.75	17.75
empirical	user_msa	TraesCS6A03G0381800_TraesCS6A03G0381800.1	TraesCS6A03G0381800_TraesCS6A03G0381800.1	116	116	unique	116	116	116	0.27751196172248804	9	419	25.22222222222222	17.72492142454157	1.0	41.0	40.0	3	0.1111111111111111	0.8888888888888888	17.72492142454157	41	0	41	0	23.25	17.75	17.75
empirical	user_msa	Thint.S06G201700_Thint.S06G201700.1	Thint.S06G201700_Thint.S06G201700.1	116	116	unique	116	116	116	0.27751196172248804	9	419	25.22222222222222	17.72492142454157	1.0	41.0	40.0	3	0.1111111111111111	0.8888888888888888	17.72492142454157	41	0	41	0	23.25	17.75	17.75
empirical	user_msa	LOC_Os02g07490_LOC_Os02g07490.1	LOC_Os02g07490_LOC_Os02g07490.1	117	117	unique	117	117	117	0.2799043062200957	9	419	13.777777777777779	15.039043836167671	1.0	35.0	34.0	4	0.1111111111111111	0.8888888888888888	15.039043836167671	2	0	2	0	15.25	-13.25	-13.25
empirical	user_msa	Oropetium_20150105_02675_Oropetium_20150105_02675A	Oropetium_20150105_02675_Oropetium_20150105_02675A	117	117	unique	117	117	117	0.2799043062200957	9	419	13.777777777777779	15.039043836167671	1.0	35.0	34.0	4	0.1111111111111111	0.8888888888888888	15.039043836167671	35	0	35	0	11.125	23.875	23.875
empirical	user_msa	ELECO.r07.2AG0102970_ELECO.r07.2AG0102970.1	ELECO.r07.2AG0102970_ELECO.r07.2AG0102970.1	117	117	unique	117	117	117	0.2799043062200957	9	419	13.777777777777779	15.039043836167671	1.0	35.0	34.0	4	0.1111111111111111	0.8888888888888888	15.039043836167671	4	0	4	0	15.0	-11.0	-11.0
empirical	user_msa	Phala.08G200500_Phala.08G200500.1	Phala.08G200500_Phala.08G200500.1	117	117	unique	117	117	117	0.2799043062200957	9	419	13.777777777777779	15.039043836167671	1.0	35.0	34.0	4	0.1111111111111111	0.8888888888888888	15.039043836167671	35	0	35	0	11.125	23.875	23.875
empirical	user_msa	Phala.08G200500_Phala.08G200500.3	Phala.08G200500_Phala.08G200500.3	117	117	unique	117	117	117	0.2799043062200957	9	419	13.777777777777779	15.039043836167671	1.0	35.0	34.0	4	0.1111111111111111	0.8888888888888888	15.039043836167671	35	0	35	0	11.125	23.875	23.875
empirical	user_msa	Phala.08G200500_Phala.08G200500.2	Phala.08G200500_Phala.08G200500.2	117	117	unique	117	117	117	0.2799043062200957	9	419	13.777777777777779	15.039043836167671	1.0	35.0	34.0	4	0.1111111111111111	0.8888888888888888	15.039043836167671	1	1	1	1	15.375	-14.375	-14.375
empirical	user_msa	HORVU.MOREX.r3.6HG0571560_HORVU.MOREX.r3.6HG0571560.1	HORVU.MOREX.r3.6HG0571560_HORVU.MOREX.r3.6HG0571560.1	117	117	unique	117	117	117	0.2799043062200957	9	419	13.777777777777779	15.039043836167671	1.0	35.0	34.0	4	0.1111111111111111	0.8888888888888888	15.039043836167671	4	0	4	0	15.0	-11.0	-11.0
empirical	user_msa	TraesCS6A03G0381800_TraesCS6A03G0381800.1	TraesCS6A03G0381800_TraesCS6A03G0381800.1	117	117	unique	117	117	117	0.2799043062200957	9	419	13.777777777777779	15.039043836167671	1.0	35.0	34.0	4	0.1111111111111111	0.8888888888888888	15.039043836167671	4	0	4	0	15.0	-11.0	-11.0
empirical	user_msa	Thint.S06G201700_Thint.S06G201700.1	Thint.S06G201700_Thint.S06G201700.1	117	117	unique	117	117	117	0.2799043062200957	9	419	13.777777777777779	15.039043836167671	1.0	35.0	34.0	4	0.1111111111111111	0.8888888888888888	15.039043836167671	4	0	4	0	15.0	-11.0	-11.0
empirical	user_msa	LOC_Os02g07490_LOC_Os02g07490.1	LOC_Os02g07490_LOC_Os02g07490.1	118	118	unique	118	118	118	0.2822966507177033	9	419	44.55555555555556	15.399214345840369	1.0	50.0	49.0	2	0.1111111111111111	0.8888888888888888	15.399214345840369	50	0	50	0	43.875	6.125	6.125
empirical	user_msa	Oropetium_20150105_02675_Oropetium_20150105_02675A	Oropetium_20150105_02675_Oropetium_20150105_02675A	118	118	unique	118	118	118	0.2822966507177033	9	419	44.55555555555556	15.399214345840369	1.0	50.0	49.0	2	0.1111111111111111	0.8888888888888888	15.399214345840369	50	0	50	0	43.875	6.125	6.125
empirical	user_msa	ELECO.r07.2AG0102970_ELECO.r07.2AG0102970.1	ELECO.r07.2AG0102970_ELECO.r07.2AG0102970.1	118	118	unique	118	118	118	0.2822966507177033	9	419	44.55555555555556	15.399214345840369	1.0	50.0	49.0	2	0.1111111111111111	0.8888888888888888	15.399214345840369	50	0	50	0	43.875	6.125	6.125
empirical	user_msa	Phala.08G200500_Phala.08G200500.1	Phala.08G200500_Phala.08G200500.1	118	118	unique	118	118	118	0.2822966507177033	9	419	44.55555555555556	15.399214345840369	1.0	50.0	49.0	2	0.1111111111111111	0.8888888888888888	15.399214345840369	50	0	50	0	43.875	6.125	6.125
empirical	user_msa	Phala.08G200500_Phala.08G200500.3	Phala.08G200500_Phala.08G200500.3	118	118	unique	118	118	118	0.2822966507177033	9	419	44.55555555555556	15.399214345840369	1.0	50.0	49.0	2	0.1111111111111111	0.8888888888888888	15.399214345840369	50	0	50	0	43.875	6.125	6.125
empirical	user_msa	Phala.08G200500_Phala.08G200500.2	Phala.08G200500_Phala.08G200500.2	118	118	unique	118	118	118	0.2822966507177033	9	419	44.55555555555556	15.399214345840369	1.0	50.0	49.0	2	0.1111111111111111	0.8888888888888888	15.399214345840369	1	1	1	1	50.0	-49.0	-49.0
empirical	user_msa	HORVU.MOREX.r3.6HG0571560_HORVU.MOREX.r3.6HG0571560.1	HORVU.MOREX.r3.6HG0571560_HORVU.MOREX.r3.6HG0571560.1	118	118	unique	118	118	118	0.2822966507177033	9	419	44.55555555555556	15.399214345840369	1.0	50.0	49.0	2	0.1111111111111111	0.8888888888888888	15.399214345840369	50	0	50	0	43.875	6.125	6.125
empirical	user_msa	TraesCS6A03G0381800_TraesCS6A03G0381800.1	TraesCS6A03G0381800_TraesCS6A03G0381800.1	118	118	unique	118	118	118	0.2822966507177033	9	419	44.55555555555556	15.399214345840369	1.0	50.0	49.0	2	0.1111111111111111	0.8888888888888888	15.399214345840369	50	0	50	0	43.875	6.125	6.125
empirical	user_msa	Thint.S06G201700_Thint.S06G201700.1	Thint.S06G201700_Thint.S06G201700.1	118	118	unique	118	118	118	0.2822966507177033	9	419	44.55555555555556	15.399214345840369	1.0	50.0	49.0	2	0.1111111111111111	0.8888888888888888	15.399214345840369	50	0	50	0	43.875	6.125	6.125
empirical	user_msa	LOC_Os02g07490_LOC_Os02g07490.1	LOC_Os02g07490_LOC_Os02g07490.1	119	119	unique	119	119	119	0.284688995215311	9	419	14.333333333333334	4.714045207910317	1.0	16.0	15.0	2	0.1111111111111111	0.8888888888888888	4.714045207910317	16	0	16	0	14.125	1.875	1.875
empirical	user_msa	Oropetium_20150105_02675_Oropetium_20150105_02675A	Oropetium_20150105_02675_Oropetium_20150105_02675A	119	119	unique	119	119	119	0.284688995215311	9	419	14.333333333333334	4.714045207910317	1.0	16.0	15.0	2	0.1111111111111111	0.8888888888888888	4.714045207910317	16	0	16	0	14.125	1.875	1.875
empirical	user_msa	ELECO.r07.2AG0102970_ELECO.r07.2AG0102970.1	ELECO.r07.2AG0102970_ELECO.r07.2AG0102970.1	119	119	unique	119	119	119	0.284688995215311	9	419	14.333333333333334	4.714045207910317	1.0	16.0	15.0	2	0.1111111111111111	0.8888888888888888	4.714045207910317	16	0	16	0	14.125	1.875	1.875
empirical	user_msa	Phala.08G200500_Phala.08G200500.1	Phala.08G200500_Phala.08G200500.1	119	119	unique	119	119	119	0.284688995215311	9	419	14.333333333333334	4.714045207910317	1.0	16.0	15.0	2	0.1111111111111111	0.8888888888888888	4.714045207910317	16	0	16	0	14.125	1.875	1.875
empirical	user_msa	Phala.08G200500_Phala.08G200500.3	Phala.08G200500_Phala.08G200500.3	119	119	unique	119	119	119	0.284688995215311	9	419	14.333333333333334	4.714045207910317	1.0	16.0	15.0	2	0.1111111111111111	0.8888888888888888	4.714045207910317	16	0	16	0	14.125	1.875	1.875
empirical	user_msa	Phala.08G200500_Phala.08G200500.2	Phala.08G200500_Phala.08G200500.2	119	119	unique	119	119	119	0.284688995215311	9	419	14.333333333333334	4.714045207910317	1.0	16.0	15.0	2	0.1111111111111111	0.8888888888888888	4.714045207910317	1	1	1	1	16.0	-15.0	-15.0
empirical	user_msa	HORVU.MOREX.r3.6HG0571560_HORVU.MOREX.r3.6HG0571560.1	HORVU.MOREX.r3.6HG0571560_HORVU.MOREX.r3.6HG0571560.1	119	119	unique	119	119	119	0.284688995215311	9	419	14.333333333333334	4.714045207910317	1.0	16.0	15.0	2	0.1111111111111111	0.8888888888888888	4.714045207910317	16	0	16	0	14.125	1.875	1.875
empirical	user_msa	TraesCS6A03G0381800_TraesCS6A03G0381800.1	TraesCS6A03G0381800_TraesCS6A03G0381800.1	119	119	unique	119	119	119	0.284688995215311	9	419	14.333333333333334	4.714045207910317	1.0	16.0	15.0	2	0.1111111111111111	0.8888888888888888	4.714045207910317	16	0	16	0	14.125	1.875	1.875
empirical	user_msa	Thint.S06G201700_Thint.S06G201700.1	Thint.S06G201700_Thint.S06G201700.1	119	119	unique	119	119	119	0.284688995215311	9	419	14.333333333333334	4.714045207910317	1.0	16.0	15.0	2	0.1111111111111111	0.8888888888888888	4.714045207910317	16	0	16	0	14.125	1.875	1.875
empirical	user_msa	LOC_Os02g07490_LOC_Os02g07490.1	LOC_Os02g07490_LOC_Os02g07490.1	120	120	unique	120	120	120	0.28708133971291866	9	419	24.666666666666668	16.027753706895076	6.0	39.0	33.0	3	0.0	1.0	16.027753706895076	39	0	39	0	22.875	16.125	16.125
empirical	user_msa	Oropetium_20150105_02675_Oropetium_20150105_02675A	Oropetium_20150105_02675_Oropetium_20150105_02675A	120	120	unique	120	120	120	0.28708133971291866	9	419	24.666666666666668	16.027753706895076	6.0	39.0	33.0	3	0.0	1.0	16.027753706895076	6	0	6	0	27.0	-21.0	-21.0
empirical	user_msa	ELECO.r07.2AG0102970_ELECO.r07.2AG0102970.1	ELECO.r07.2AG0102970_ELECO.r07.2AG0102970.1	120	120	unique	120	120	120	0.28708133971291866	9	419	24.666666666666668	16.027753706895076	6.0	39.0	33.0	3	0.0	1.0	16.027753706895076	39	0	39	0	22.875	16.125	16.125
empirical	user_msa	Phala.08G200500_Phala.08G200500.1	Phala.08G200500_Phala.08G200500.1	120	120	unique	120	120	120	0.28708133971291866	9	419	24.666666666666668	16.027753706895076	6.0	39.0	33.0	3	0.0	1.0	16.027753706895076	7	0	7	0	26.875	-19.875	-19.875
empirical	user_msa	Phala.08G200500_Phala.08G200500.3	Phala.08G200500_Phala.08G200500.3	120	120	unique	120	120	120	0.28708133971291866	9	419	24.666666666666668	16.027753706895076	6.0	39.0	33.0	3	0.0	1.0	16.027753706895076	7	0	7	0	26.875	-19.875	-19.875
empirical	user_msa	Phala.08G200500_Phala.08G200500.2	Phala.08G200500_Phala.08G200500.2	120	120	unique	120	120	120	0.28708133971291866	9	419	24.666666666666668	16.027753706895076	6.0	39.0	33.0	3	0.0	1.0	16.027753706895076	7	0	7	0	26.875	-19.875	-19.875
empirical	user_msa	HORVU.MOREX.r3.6HG0571560_HORVU.MOREX.r3.6HG0571560.1	HORVU.MOREX.r3.6HG0571560_HORVU.MOREX.r3.6HG0571560.1	120	120	unique	120	120	120	0.28708133971291866	9	419	24.666666666666668	16.027753706895076	6.0	39.0	33.0	3	0.0	1.0	16.027753706895076	39	0	39	0	22.875	16.125	16.125
empirical	user_msa	TraesCS6A03G0381800_TraesCS6A03G0381800.1	TraesCS6A03G0381800_TraesCS6A03G0381800.1	120	120	unique	120	120	120	0.28708133971291866	9	419	24.666666666666668	16.027753706895076	6.0	39.0	33.0	3	0.0	1.0	16.027753706895076	39	0	39	0	22.875	16.125	16.125
empirical	user_msa	Thint.S06G201700_Thint.S06G201700.1	Thint.S06G201700_Thint.S06G201700.1	120	120	unique	120	120	120	0.28708133971291866	9	419	24.666666666666668	16.027753706895076	6.0	39.0	33.0	3	0.0	1.0	16.027753706895076	39	0	39	0	22.875	16.125	16.125
empirical	user_msa	LOC_Os02g07490_LOC_Os02g07490.1	LOC_Os02g07490_LOC_Os02g07490.1	121	121	unique	121	121	121	0.2894736842105263	9	419	50.333333333333336	0.4714045207910317	50.0	51.0	1.0	2	0.0	1.0	0.4714045207910317	50	0	50	0	50.375	-0.375	-0.375
empirical	user_msa	Oropetium_20150105_02675_Oropetium_20150105_02675A	Oropetium_20150105_02675_Oropetium_20150105_02675A	121	121	unique	121	121	121	0.2894736842105263	9	419	50.333333333333336	0.4714045207910317	50.0	51.0	1.0	2	0.0	1.0	0.4714045207910317	50	0	50	0	50.375	-0.375	-0.375
empirical	user_msa	ELECO.r07.2AG0102970_ELECO.r07.2AG0102970.1	ELECO.r07.2AG0102970_ELECO.r07.2AG0102970.1	121	121	unique	121	121	121	0.2894736842105263	9	419	50.333333333333336	0.4714045207910317	50.0	51.0	1.0	2	0.0	1.0	0.4714045207910317	51	0	51	0	50.25	0.75	0.75
empirical	user_msa	Phala.08G200500_Phala.08G200500.1	Phala.08G200500_Phala.08G200500.1	121	121	unique	121	121	121	0.2894736842105263	9	419	50.333333333333336	0.4714045207910317	50.0	51.0	1.0	2	0.0	1.0	0.4714045207910317	50	0	50	0	50.375	-0.375	-0.375
empirical	user_msa	Phala.08G200500_Phala.08G200500.3	Phala.08G200500_Phala.08G200500.3	121	121	unique	121	121	121	0.2894736842105263	9	419	50.333333333333336	0.4714045207910317	50.0	51.0	1.0	2	0.0	1.0	0.4714045207910317	50	0	50	0	50.375	-0.375	-0.375
empirical	user_msa	Phala.08G200500_Phala.08G200500.2	Phala.08G200500_Phala.08G200500.2	121	121	unique	121	121	121	0.2894736842105263	9	419	50.333333333333336	0.4714045207910317	50.0	51.0	1.0	2	0.0	1.0	0.4714045207910317	50	0	50	0	50.375	-0.375	-0.375
empirical	user_msa	HORVU.MOREX.r3.6HG0571560_HORVU.MOREX.r3.6HG0571560.1	HORVU.MOREX.r3.6HG0571560_HORVU.MOREX.r3.6HG0571560.1	121	121	unique	121	121	121	0.2894736842105263	9	419	50.333333333333336	0.4714045207910317	50.0	51.0	1.0	2	0.0	1.0	0.4714045207910317	50	0	50	0	50.375	-0.375	-0.375
empirical	user_msa	TraesCS6A03G0381800_TraesCS6A03G0381800.1	TraesCS6A03G0381800_TraesCS6A03G0381800.1	121	121	unique	121	121	121	0.2894736842105263	9	419	50.333333333333336	0.4714045207910317	50.0	51.0	1.0	2	0.0	1.0	0.4714045207910317	51	0	51	0	50.25	0.75	0.75
empirical	user_msa	Thint.S06G201700_Thint.S06G201700.1	Thint.S06G201700_Thint.S06G201700.1	121	121	unique	121	121	121	0.2894736842105263	9	419	50.333333333333336	0.4714045207910317	50.0	51.0	1.0	2	0.0	1.0	0.4714045207910317	51	0	51	0	50.25	0.75	0.75
empirical	user_msa	LOC_Os02g07490_LOC_Os02g07490.1	LOC_Os02g07490_LOC_Os02g07490.1	122	122	unique	122	122	122	0.291866028708134	9	419	16.0	0.0	16.0	16.0	0.0	1	0.0	1.0	0.0	16	0	16	0	16.0	0.0	0.0
empirical	user_msa	Oropetium_20150105_02675_Oropetium_20150105_02675A	Oropetium_20150105_02675_Oropetium_20150105_02675A	122	122	unique	122	122	122	0.291866028708134	9	419	16.0	0.0	16.0	16.0	0.0	1	0.0	1.0	0.0	16	0	16	0	16.0	0.0	0.0
empirical	user_msa	ELECO.r07.2AG0102970_ELECO.r07.2AG0102970.1	ELECO.r07.2AG0102970_ELECO.r07.2AG0102970.1	122	122	unique	122	122	122	0.291866028708134	9	419	16.0	0.0	16.0	16.0	0.0	1	0.0	1.0	0.0	16	0	16	0	16.0	0.0	0.0
empirical	user_msa	Phala.08G200500_Phala.08G200500.1	Phala.08G200500_Phala.08G200500.1	122	122	unique	122	122	122	0.291866028708134	9	419	16.0	0.0	16.0	16.0	0.0	1	0.0	1.0	0.0	16	0	16	0	16.0	0.0	0.0
empirical	user_msa	Phala.08G200500_Phala.08G200500.3	Phala.08G200500_Phala.08G200500.3	122	122	unique	122	122	122	0.291866028708134	9	419	16.0	0.0	16.0	16.0	0.0	1	0.0	1.0	0.0	16	0	16	0	16.0	0.0	0.0
empirical	user_msa	Phala.08G200500_Phala.08G200500.2	Phala.08G200500_Phala.08G200500.2	122	122	unique	122	122	122	0.291866028708134	9	419	16.0	0.0	16.0	16.0	0.0	1	0.0	1.0	0.0	16	0	16	0	16.0	0.0	0.0
empirical	user_msa	HORVU.MOREX.r3.6HG0571560_HORVU.MOREX.r3.6HG0571560.1	HORVU.MOREX.r3.6HG0571560_HORVU.MOREX.r3.6HG0571560.1	122	122	unique	122	122	122	0.291866028708134	9	419	16.0	0.0	16.0	16.0	0.0	1	0.0	1.0	0.0	16	0	16	0	16.0	0.0	0.0
empirical	user_msa	TraesCS6A03G0381800_TraesCS6A03G0381800.1	TraesCS6A03G0381800_TraesCS6A03G0381800.1	122	122	unique	122	122	122	0.291866028708134	9	419	16.0	0.0	16.0	16.0	0.0	1	0.0	1.0	0.0	16	0	16	0	16.0	0.0	0.0
empirical	user_msa	Thint.S06G201700_Thint.S06G201700.1	Thint.S06G201700_Thint.S06G201700.1	122	122	unique	122	122	122	0.291866028708134	9	419	16.0	0.0	16.0	16.0	0.0	1	0.0	1.0	0.0	16	0	16	0	16.0	0.0	0.0
empirical	user_msa	LOC_Os02g07490_LOC_Os02g07490.1	LOC_Os02g07490_LOC_Os02g07490.1	123	123	unique	123	123	123	0.2942583732057416	9	419	60.0	0.0	60.0	60.0	0.0	1	0.0	1.0	0.0	60	0	60	0	60.0	0.0	0.0
empirical	user_msa	Oropetium_20150105_02675_Oropetium_20150105_02675A	Oropetium_20150105_02675_Oropetium_20150105_02675A	123	123	unique	123	123	123	0.2942583732057416	9	419	60.0	0.0	60.0	60.0	0.0	1	0.0	1.0	0.0	60	0	60	0	60.0	0.0	0.0
empirical	user_msa	ELECO.r07.2AG0102970_ELECO.r07.2AG0102970.1	ELECO.r07.2AG0102970_ELECO.r07.2AG0102970.1	123	123	unique	123	123	123	0.2942583732057416	9	419	60.0	0.0	60.0	60.0	0.0	1	0.0	1.0	0.0	60	0	60	0	60.0	0.0	0.0
empirical	user_msa	Phala.08G200500_Phala.08G200500.1	Phala.08G200500_Phala.08G200500.1	123	123	unique	123	123	123	0.2942583732057416	9	419	60.0	0.0	60.0	60.0	0.0	1	0.0	1.0	0.0	60	0	60	0	60.0	0.0	0.0
empirical	user_msa	Phala.08G200500_Phala.08G200500.3	Phala.08G200500_Phala.08G200500.3	123	123	unique	123	123	123	0.2942583732057416	9	419	60.0	0.0	60.0	60.0	0.0	1	0.0	1.0	0.0	60	0	60	0	60.0	0.0	0.0
empirical	user_msa	Phala.08G200500_Phala.08G200500.2	Phala.08G200500_Phala.08G200500.2	123	123	unique	123	123	123	0.2942583732057416	9	419	60.0	0.0	60.0	60.0	0.0	1	0.0	1.0	0.0	60	0	60	0	60.0	0.0	0.0
empirical	user_msa	HORVU.MOREX.r3.6HG0571560_HORVU.MOREX.r3.6HG0571560.1	HORVU.MOREX.r3.6HG0571560_HORVU.MOREX.r3.6HG0571560.1	123	123	unique	123	123	123	0.2942583732057416	9	419	60.0	0.0	60.0	60.0	0.0	1	0.0	1.0	0.0	60	0	60	0	60.0	0.0	0.0
empirical	user_msa	TraesCS6A03G0381800_TraesCS6A03G0381800.1	TraesCS6A03G0381800_TraesCS6A03G0381800.1	123	123	unique	123	123	123	0.2942583732057416	9	419	60.0	0.0	60.0	60.0	0.0	1	0.0	1.0	0.0	60	0	60	0	60.0	0.0	0.0
empirical	user_msa	Thint.S06G201700_Thint.S06G201700.1	Thint.S06G201700_Thint.S06G201700.1	123	123	unique	123	123	123	0.2942583732057416	9	419	60.0	0.0	60.0	60.0	0.0	1	0.0	1.0	0.0	60	0	60	0	60.0	0.0	0.0
empirical	user_msa	LOC_Os02g07490_LOC_Os02g07490.1	LOC_Os02g07490_LOC_Os02g07490.1	124	124	unique	124	124	124	0.2966507177033493	9	419	4.0	0.0	4.0	4.0	0.0	1	0.0	1.0	0.0	4	0	4	0	4.0	0.0	0.0
empirical	user_msa	Oropetium_20150105_02675_Oropetium_20150105_02675A	Oropetium_20150105_02675_Oropetium_20150105_02675A	124	124	unique	124	124	124	0.2966507177033493	9	419	4.0	0.0	4.0	4.0	0.0	1	0.0	1.0	0.0	4	0	4	0	4.0	0.0	0.0
empirical	user_msa	ELECO.r07.2AG0102970_ELECO.r07.2AG0102970.1	ELECO.r07.2AG0102970_ELECO.r07.2AG0102970.1	124	124	unique	124	124	124	0.2966507177033493	9	419	4.0	0.0	4.0	4.0	0.0	1	0.0	1.0	0.0	4	0	4	0	4.0	0.0	0.0
empirical	user_msa	Phala.08G200500_Phala.08G200500.1	Phala.08G200500_Phala.08G200500.1	124	124	unique	124	124	124	0.2966507177033493	9	419	4.0	0.0	4.0	4.0	0.0	1	0.0	1.0	0.0	4	0	4	0	4.0	0.0	0.0
empirical	user_msa	Phala.08G200500_Phala.08G200500.3	Phala.08G200500_Phala.08G200500.3	124	124	unique	124	124	124	0.2966507177033493	9	419	4.0	0.0	4.0	4.0	0.0	1	0.0	1.0	0.0	4	0	4	0	4.0	0.0	0.0
empirical	user_msa	Phala.08G200500_Phala.08G200500.2	Phala.08G200500_Phala.08G200500.2	124	124	unique	124	124	124	0.2966507177033493	9	419	4.0	0.0	4.0	4.0	0.0	1	0.0	1.0	0.0	4	0	4	0	4.0	0.0	0.0
empirical	user_msa	HORVU.MOREX.r3.6HG0571560_HORVU.MOREX.r3.6HG0571560.1	HORVU.MOREX.r3.6HG0571560_HORVU.MOREX.r3.6HG0571560.1	124	124	unique	124	124	124	0.2966507177033493	9	419	4.0	0.0	4.0	4.0	0.0	1	0.0	1.0	0.0	4	0	4	0	4.0	0.0	0.0
empirical	user_msa	TraesCS6A03G0381800_TraesCS6A03G0381800.1	TraesCS6A03G0381800_TraesCS6A03G0381800.1	124	124	unique	124	124	124	0.2966507177033493	9	419	4.0	0.0	4.0	4.0	0.0	1	0.0	1.0	0.0	4	0	4	0	4.0	0.0	0.0
empirical	user_msa	Thint.S06G201700_Thint.S06G201700.1	Thint.S06G201700_Thint.S06G201700.1	124	124	unique	124	124	124	0.2966507177033493	9	419	4.0	0.0	4.0	4.0	0.0	1	0.0	1.0	0.0	4	0	4	0	4.0	0.0	0.0
empirical	user_msa	LOC_Os02g07490_LOC_Os02g07490.1	LOC_Os02g07490_LOC_Os02g07490.1	125	125	unique	125	125	125	0.29904306220095694	9	419	51.0	0.0	51.0	51.0	0.0	1	0.0	1.0	0.0	51	0	51	0	51.0	0.0	0.0
empirical	user_msa	Oropetium_20150105_02675_Oropetium_20150105_02675A	Oropetium_20150105_02675_Oropetium_20150105_02675A	125	125	unique	125	125	125	0.29904306220095694	9	419	51.0	0.0	51.0	51.0	0.0	1	0.0	1.0	0.0	51	0	51	0	51.0	0.0	0.0
empirical	user_msa	ELECO.r07.2AG0102970_ELECO.r07.2AG0102970.1	ELECO.r07.2AG0102970_ELECO.r07.2AG0102970.1	125	125	unique	125	125	125	0.29904306220095694	9	419	51.0	0.0	51.0	51.0	0.0	1	0.0	1.0	0.0	51	0	51	0	51.0	0.0	0.0
empirical	user_msa	Phala.08G200500_Phala.08G200500.1	Phala.08G200500_Phala.08G200500.1	125	125	unique	125	125	125	0.29904306220095694	9	419	51.0	0.0	51.0	51.0	0.0	1	0.0	1.0	0.0	51	0	51	0	51.0	0.0	0.0
empirical	user_msa	Phala.08G200500_Phala.08G200500.3	Phala.08G200500_Phala.08G200500.3	125	125	unique	125	125	125	0.29904306220095694	9	419	51.0	0.0	51.0	51.0	0.0	1	0.0	1.0	0.0	51	0	51	0	51.0	0.0	0.0
empirical	user_msa	Phala.08G200500_Phala.08G200500.2	Phala.08G200500_Phala.08G200500.2	125	125	unique	125	125	125	0.29904306220095694	9	419	51.0	0.0	51.0	51.0	0.0	1	0.0	1.0	0.0	51	0	51	0	51.0	0.0	0.0
empirical	user_msa	HORVU.MOREX.r3.6HG0571560_HORVU.MOREX.r3.6HG0571560.1	HORVU.MOREX.r3.6HG0571560_HORVU.MOREX.r3.6HG0571560.1	125	125	unique	125	125	125	0.29904306220095694	9	419	51.0	0.0	51.0	51.0	0.0	1	0.0	1.0	0.0	51	0	51	0	51.0	0.0	0.0
empirical	user_msa	TraesCS6A03G0381800_TraesCS6A03G0381800.1	TraesCS6A03G0381800_TraesCS6A03G0381800.1	125	125	unique	125	125	125	0.29904306220095694	9	419	51.0	0.0	51.0	51.0	0.0	1	0.0	1.0	0.0	51	0	51	0	51.0	0.0	0.0
empirical	user_msa	Thint.S06G201700_Thint.S06G201700.1	Thint.S06G201700_Thint.S06G201700.1	125	125	unique	125	125	125	0.29904306220095694	9	419	51.0	0.0	51.0	51.0	0.0	1	0.0	1.0	0.0	51	0	51	0	51.0	0.0	0.0
empirical	user_msa	LOC_Os02g07490_LOC_Os02g07490.1	LOC_Os02g07490_LOC_Os02g07490.1	126	126	unique	126	126	126	0.3014354066985646	9	419	35.0	0.0	35.0	35.0	0.0	1	0.0	1.0	0.0	35	0	35	0	35.0	0.0	0.0
empirical	user_msa	Oropetium_20150105_02675_Oropetium_20150105_02675A	Oropetium_20150105_02675_Oropetium_20150105_02675A	126	126	unique	126	126	126	0.3014354066985646	9	419	35.0	0.0	35.0	35.0	0.0	1	0.0	1.0	0.0	35	0	35	0	35.0	0.0	0.0
empirical	user_msa	ELECO.r07.2AG0102970_ELECO.r07.2AG0102970.1	ELECO.r07.2AG0102970_ELECO.r07.2AG0102970.1	126	126	unique	126	126	126	0.3014354066985646	9	419	35.0	0.0	35.0	35.0	0.0	1	0.0	1.0	0.0	35	0	35	0	35.0	0.0	0.0
empirical	user_msa	Phala.08G200500_Phala.08G200500.1	Phala.08G200500_Phala.08G200500.1	126	126	unique	126	126	126	0.3014354066985646	9	419	35.0	0.0	35.0	35.0	0.0	1	0.0	1.0	0.0	35	0	35	0	35.0	0.0	0.0
empirical	user_msa	Phala.08G200500_Phala.08G200500.3	Phala.08G200500_Phala.08G200500.3	126	126	unique	126	126	126	0.3014354066985646	9	419	35.0	0.0	35.0	35.0	0.0	1	0.0	1.0	0.0	35	0	35	0	35.0	0.0	0.0
empirical	user_msa	Phala.08G200500_Phala.08G200500.2	Phala.08G200500_Phala.08G200500.2	126	126	unique	126	126	126	0.3014354066985646	9	419	35.0	0.0	35.0	35.0	0.0	1	0.0	1.0	0.0	35	0	35	0	35.0	0.0	0.0
empirical	user_msa	HORVU.MOREX.r3.6HG0571560_HORVU.MOREX.r3.6HG0571560.1	HORVU.MOREX.r3.6HG0571560_HORVU.MOREX.r3.6HG0571560.1	126	126	unique	126	126	126	0.3014354066985646	9	419	35.0	0.0	35.0	35.0	0.0	1	0.0	1.0	0.0	35	0	35	0	35.0	0.0	0.0
empirical	user_msa	TraesCS6A03G0381800_TraesCS6A03G0381800.1	TraesCS6A03G0381800_TraesCS6A03G0381800.1	126	126	unique	126	126	126	0.3014354066985646	9	419	35.0	0.0	35.0	35.0	0.0	1	0.0	1.0	0.0	35	0	35	0	35.0	0.0	0.0
empirical	user_msa	Thint.S06G201700_Thint.S06G201700.1	Thint.S06G201700_Thint.S06G201700.1	126	126	unique	126	126	126	0.3014354066985646	9	419	35.0	0.0	35.0	35.0	0.0	1	0.0	1.0	0.0	35	0	35	0	35.0	0.0	0.0
empirical	user_msa	LOC_Os02g07490_LOC_Os02g07490.1	LOC_Os02g07490_LOC_Os02g07490.1	127	127	unique	127	127	127	0.3038277511961722	9	419	33.22222222222222	22.11976380111876	7.0	53.0	46.0	3	0.0	1.0	22.11976380111876	53	0	53	0	30.75	22.25	22.25
empirical	user_msa	Oropetium_20150105_02675_Oropetium_20150105_02675A	Oropetium_20150105_02675_Oropetium_20150105_02675A	127	127	unique	127	127	127	0.3038277511961722	9	419	33.22222222222222	22.11976380111876	7.0	53.0	46.0	3	0.0	1.0	22.11976380111876	7	0	7	0	36.5	-29.5	-29.5
empirical	user_msa	ELECO.r07.2AG0102970_ELECO.r07.2AG0102970.1	ELECO.r07.2AG0102970_ELECO.r07.2AG0102970.1	127	127	unique	127	127	127	0.3038277511961722	9	419	33.22222222222222	22.11976380111876	7.0	53.0	46.0	3	0.0	1.0	22.11976380111876	53	0	53	0	30.75	22.25	22.25
empirical	user_msa	Phala.08G200500_Phala.08G200500.1	Phala.08G200500_Phala.08G200500.1	127	127	unique	127	127	127	0.3038277511961722	9	419	33.22222222222222	22.11976380111876	7.0	53.0	46.0	3	0.0	1.0	22.11976380111876	9	0	9	0	36.25	-27.25	-27.25
empirical	user_msa	Phala.08G200500_Phala.08G200500.3	Phala.08G200500_Phala.08G200500.3	127	127	unique	127	127	127	0.3038277511961722	9	419	33.22222222222222	22.11976380111876	7.0	53.0	46.0	3	0.0	1.0	22.11976380111876	9	0	9	0	36.25	-27.25	-27.25
empirical	user_msa	Phala.08G200500_Phala.08G200500.2	Phala.08G200500_Phala.08G200500.2	127	127	unique	127	127	127	0.3038277511961722	9	419	33.22222222222222	22.11976380111876	7.0	53.0	46.0	3	0.0	1.0	22.11976380111876	9	0	9	0	36.25	-27.25	-27.25
empirical	user_msa	HORVU.MOREX.r3.6HG0571560_HORVU.MOREX.r3.6HG0571560.1	HORVU.MOREX.r3.6HG0571560_HORVU.MOREX.r3.6HG0571560.1	127	127	unique	127	127	127	0.3038277511961722	9	419	33.22222222222222	22.11976380111876	7.0	53.0	46.0	3	0.0	1.0	22.11976380111876	53	0	53	0	30.75	22.25	22.25
empirical	user_msa	TraesCS6A03G0381800_TraesCS6A03G0381800.1	TraesCS6A03G0381800_TraesCS6A03G0381800.1	127	127	unique	127	127	127	0.3038277511961722	9	419	33.22222222222222	22.11976380111876	7.0	53.0	46.0	3	0.0	1.0	22.11976380111876	53	0	53	0	30.75	22.25	22.25
empirical	user_msa	Thint.S06G201700_Thint.S06G201700.1	Thint.S06G201700_Thint.S06G201700.1	127	127	unique	127	127	127	0.3038277511961722	9	419	33.22222222222222	22.11976380111876	7.0	53.0	46.0	3	0.0	1.0	22.11976380111876	53	0	53	0	30.75	22.25	22.25
empirical	user_msa	LOC_Os02g07490_LOC_Os02g07490.1	LOC_Os02g07490_LOC_Os02g07490.1	128	128	unique	128	128	128	0.3062200956937799	9	419	26.22222222222222	19.257193621419493	9.0	48.0	39.0	3	0.0	1.0	19.257193621419493	9	0	9	0	28.375	-19.375	-19.375
empirical	user_msa	Oropetium_20150105_02675_Oropetium_20150105_02675A	Oropetium_20150105_02675_Oropetium_20150105_02675A	128	128	unique	128	128	128	0.3062200956937799	9	419	26.22222222222222	19.257193621419493	9.0	48.0	39.0	3	0.0	1.0	19.257193621419493	47	0	47	0	23.625	23.375	23.375
empirical	user_msa	ELECO.r07.2AG0102970_ELECO.r07.2AG0102970.1	ELECO.r07.2AG0102970_ELECO.r07.2AG0102970.1	128	128	unique	128	128	128	0.3062200956937799	9	419	26.22222222222222	19.257193621419493	9.0	48.0	39.0	3	0.0	1.0	19.257193621419493	9	0	9	0	28.375	-19.375	-19.375
empirical	user_msa	Phala.08G200500_Phala.08G200500.1	Phala.08G200500_Phala.08G200500.1	128	128	unique	128	128	128	0.3062200956937799	9	419	26.22222222222222	19.257193621419493	9.0	48.0	39.0	3	0.0	1.0	19.257193621419493	48	0	48	0	23.5	24.5	24.5
empirical	user_msa	Phala.08G200500_Phala.08G200500.3	Phala.08G200500_Phala.08G200500.3	128	128	unique	128	128	128	0.3062200956937799	9	419	26.22222222222222	19.257193621419493	9.0	48.0	39.0	3	0.0	1.0	19.257193621419493	48	0	48	0	23.5	24.5	24.5
empirical	user_msa	Phala.08G200500_Phala.08G200500.2	Phala.08G200500_Phala.08G200500.2	128	128	unique	128	128	128	0.3062200956937799	9	419	26.22222222222222	19.257193621419493	9.0	48.0	39.0	3	0.0	1.0	19.257193621419493	48	0	48	0	23.5	24.5	24.5
empirical	user_msa	HORVU.MOREX.r3.6HG0571560_HORVU.MOREX.r3.6HG0571560.1	HORVU.MOREX.r3.6HG0571560_HORVU.MOREX.r3.6HG0571560.1	128	128	unique	128	128	128	0.3062200956937799	9	419	26.22222222222222	19.257193621419493	9.0	48.0	39.0	3	0.0	1.0	19.257193621419493	9	0	9	0	28.375	-19.375	-19.375
empirical	user_msa	TraesCS6A03G0381800_TraesCS6A03G0381800.1	TraesCS6A03G0381800_TraesCS6A03G0381800.1	128	128	unique	128	128	128	0.3062200956937799	9	419	26.22222222222222	19.257193621419493	9.0	48.0	39.0	3	0.0	1.0	19.257193621419493	9	0	9	0	28.375	-19.375	-19.375
empirical	user_msa	Thint.S06G201700_Thint.S06G201700.1	Thint.S06G201700_Thint.S06G201700.1	128	128	unique	128	128	128	0.3062200956937799	9	419	26.22222222222222	19.257193621419493	9.0	48.0	39.0	3	0.0	1.0	19.257193621419493	9	0	9	0	28.375	-19.375	-19.375
empirical	user_msa	LOC_Os02g07490_LOC_Os02g07490.1	LOC_Os02g07490_LOC_Os02g07490.1	129	129	unique	129	129	129	0.30861244019138756	9	419	20.11111111111111	0.9938079899999065	19.0	21.0	2.0	2	0.0	1.0	0.9938079899999065	21	0	21	0	20.0	1.0	1.0
empirical	user_msa	Oropetium_20150105_02675_Oropetium_20150105_02675A	Oropetium_20150105_02675_Oropetium_20150105_02675A	129	129	unique	129	129	129	0.30861244019138756	9	419	20.11111111111111	0.9938079899999065	19.0	21.0	2.0	2	0.0	1.0	0.9938079899999065	19	0	19	0	20.25	-1.25	-1.25
empirical	user_msa	ELECO.r07.2AG0102970_ELECO.r07.2AG0102970.1	ELECO.r07.2AG0102970_ELECO.r07.2AG0102970.1	129	129	unique	129	129	129	0.30861244019138756	9	419	20.11111111111111	0.9938079899999065	19.0	21.0	2.0	2	0.0	1.0	0.9938079899999065	21	0	21	0	20.0	1.0	1.0
empirical	user_msa	Phala.08G200500_Phala.08G200500.1	Phala.08G200500_Phala.08G200500.1	129	129	unique	129	129	129	0.30861244019138756	9	419	20.11111111111111	0.9938079899999065	19.0	21.0	2.0	2	0.0	1.0	0.9938079899999065	19	0	19	0	20.25	-1.25	-1.25
empirical	user_msa	Phala.08G200500_Phala.08G200500.3	Phala.08G200500_Phala.08G200500.3	129	129	unique	129	129	129	0.30861244019138756	9	419	20.11111111111111	0.9938079899999065	19.0	21.0	2.0	2	0.0	1.0	0.9938079899999065	19	0	19	0	20.25	-1.25	-1.25
empirical	user_msa	Phala.08G200500_Phala.08G200500.2	Phala.08G200500_Phala.08G200500.2	129	129	unique	129	129	129	0.30861244019138756	9	419	20.11111111111111	0.9938079899999065	19.0	21.0	2.0	2	0.0	1.0	0.9938079899999065	19	0	19	0	20.25	-1.25	-1.25
empirical	user_msa	HORVU.MOREX.r3.6HG0571560_HORVU.MOREX.r3.6HG0571560.1	HORVU.MOREX.r3.6HG0571560_HORVU.MOREX.r3.6HG0571560.1	129	129	unique	129	129	129	0.30861244019138756	9	419	20.11111111111111	0.9938079899999065	19.0	21.0	2.0	2	0.0	1.0	0.9938079899999065	21	0	21	0	20.0	1.0	1.0
empirical	user_msa	TraesCS6A03G0381800_TraesCS6A03G0381800.1	TraesCS6A03G0381800_TraesCS6A03G0381800.1	129	129	unique	129	129	129	0.30861244019138756	9	419	20.11111111111111	0.9938079899999065	19.0	21.0	2.0	2	0.0	1.0	0.9938079899999065	21	0	21	0	20.0	1.0	1.0
empirical	user_msa	Thint.S06G201700_Thint.S06G201700.1	Thint.S06G201700_Thint.S06G201700.1	129	129	unique	129	129	129	0.30861244019138756	9	419	20.11111111111111	0.9938079899999065	19.0	21.0	2.0	2	0.0	1.0	0.9938079899999065	21	0	21	0	20.0	1.0	1.0
empirical	user_msa	LOC_Os02g07490_LOC_Os02g07490.1	LOC_Os02g07490_LOC_Os02g07490.1	130	130	unique	130	130	130	0.31100478468899523	9	419	43.333333333333336	0.9428090415820632	42.0	45.0	3.0	3	0.0	1.0	0.9428090415820632	45	0	45	0	43.125	1.875	1.875
empirical	user_msa	Oropetium_20150105_02675_Oropetium_20150105_02675A	Oropetium_20150105_02675_Oropetium_20150105_02675A	130	130	unique	130	130	130	0.31100478468899523	9	419	43.333333333333336	0.9428090415820632	42.0	45.0	3.0	3	0.0	1.0	0.9428090415820632	42	0	42	0	43.5	-1.5	-1.5
empirical	user_msa	ELECO.r07.2AG0102970_ELECO.r07.2AG0102970.1	ELECO.r07.2AG0102970_ELECO.r07.2AG0102970.1	130	130	unique	130	130	130	0.31100478468899523	9	419	43.333333333333336	0.9428090415820632	42.0	45.0	3.0	3	0.0	1.0	0.9428090415820632	43	0	43	0	43.375	-0.375	-0.375
empirical	user_msa	Phala.08G200500_Phala.08G200500.1	Phala.08G200500_Phala.08G200500.1	130	130	unique	130	130	130	0.31100478468899523	9	419	43.333333333333336	0.9428090415820632	42.0	45.0	3.0	3	0.0	1.0	0.9428090415820632	43	0	43	0	43.375	-0.375	-0.375
empirical	user_msa	Phala.08G200500_Phala.08G200500.3	Phala.08G200500_Phala.08G200500.3	130	130	unique	130	130	130	0.31100478468899523	9	419	43.333333333333336	0.9428090415820632	42.0	45.0	3.0	3	0.0	1.0	0.9428090415820632	43	0	43	0	43.375	-0.375	-0.375
empirical	user_msa	Phala.08G200500_Phala.08G200500.2	Phala.08G200500_Phala.08G200500.2	130	130	unique	130	130	130	0.31100478468899523	9	419	43.333333333333336	0.9428090415820632	42.0	45.0	3.0	3	0.0	1.0	0.9428090415820632	43	0	43	0	43.375	-0.375	-0.375
empirical	user_msa	HORVU.MOREX.r3.6HG0571560_HORVU.MOREX.r3.6HG0571560.1	HORVU.MOREX.r3.6HG0571560_HORVU.MOREX.r3.6HG0571560.1	130	130	unique	130	130	130	0.31100478468899523	9	419	43.333333333333336	0.9428090415820632	42.0	45.0	3.0	3	0.0	1.0	0.9428090415820632	45	0	45	0	43.125	1.875	1.875
empirical	user_msa	TraesCS6A03G0381800_TraesCS6A03G0381800.1	TraesCS6A03G0381800_TraesCS6A03G0381800.1	130	130	unique	130	130	130	0.31100478468899523	9	419	43.333333333333336	0.9428090415820632	42.0	45.0	3.0	3	0.0	1.0	0.9428090415820632	43	0	43	0	43.375	-0.375	-0.375
empirical	user_msa	Thint.S06G201700_Thint.S06G201700.1	Thint.S06G201700_Thint.S06G201700.1	130	130	unique	130	130	130	0.31100478468899523	9	419	43.333333333333336	0.9428090415820632	42.0	45.0	3.0	3	0.0	1.0	0.9428090415820632	43	0	43	0	43.375	-0.375	-0.375
empirical	user_msa	LOC_Os02g07490_LOC_Os02g07490.1	LOC_Os02g07490_LOC_Os02g07490.1	131	131	unique	131	131	131	0.3133971291866029	9	419	32.666666666666664	14.414498873626435	20.0	53.0	33.0	5	0.0	1.0	14.414498873626435	22	0	22	0	34.0	-12.0	-12.0
empirical	user_msa	Oropetium_20150105_02675_Oropetium_20150105_02675A	Oropetium_20150105_02675_Oropetium_20150105_02675A	131	131	unique	131	131	131	0.3133971291866029	9	419	32.666666666666664	14.414498873626435	20.0	53.0	33.0	5	0.0	1.0	14.414498873626435	20	0	20	0	34.25	-14.25	-14.25
empirical	user_msa	ELECO.r07.2AG0102970_ELECO.r07.2AG0102970.1	ELECO.r07.2AG0102970_ELECO.r07.2AG0102970.1	131	131	unique	131	131	131	0.3133971291866029	9	419	32.666666666666664	14.414498873626435	20.0	53.0	33.0	5	0.0	1.0	14.414498873626435	24	0	24	0	33.75	-9.75	-9.75
empirical	user_msa	Phala.08G200500_Phala.08G200500.1	Phala.08G200500_Phala.08G200500.1	131	131	unique	131	131	131	0.3133971291866029	9	419	32.666666666666664	14.414498873626435	20.0	53.0	33.0	5	0.0	1.0	14.414498873626435	53	0	53	0	30.125	22.875	22.875
empirical	user_msa	Phala.08G200500_Phala.08G200500.3	Phala.08G200500_Phala.08G200500.3	131	131	unique	131	131	131	0.3133971291866029	9	419	32.666666666666664	14.414498873626435	20.0	53.0	33.0	5	0.0	1.0	14.414498873626435	53	0	53	0	30.125	22.875	22.875
empirical	user_msa	Phala.08G200500_Phala.08G200500.2	Phala.08G200500_Phala.08G200500.2	131	131	unique	131	131	131	0.3133971291866029	9	419	32.666666666666664	14.414498873626435	20.0	53.0	33.0	5	0.0	1.0	14.414498873626435	53	0	53	0	30.125	22.875	22.875
empirical	user_msa	HORVU.MOREX.r3.6HG0571560_HORVU.MOREX.r3.6HG0571560.1	HORVU.MOREX.r3.6HG0571560_HORVU.MOREX.r3.6HG0571560.1	131	131	unique	131	131	131	0.3133971291866029	9	419	32.666666666666664	14.414498873626435	20.0	53.0	33.0	5	0.0	1.0	14.414498873626435	23	0	23	0	33.875	-10.875	-10.875
empirical	user_msa	TraesCS6A03G0381800_TraesCS6A03G0381800.1	TraesCS6A03G0381800_TraesCS6A03G0381800.1	131	131	unique	131	131	131	0.3133971291866029	9	419	32.666666666666664	14.414498873626435	20.0	53.0	33.0	5	0.0	1.0	14.414498873626435	23	0	23	0	33.875	-10.875	-10.875
empirical	user_msa	Thint.S06G201700_Thint.S06G201700.1	Thint.S06G201700_Thint.S06G201700.1	131	131	unique	131	131	131	0.3133971291866029	9	419	32.666666666666664	14.414498873626435	20.0	53.0	33.0	5	0.0	1.0	14.414498873626435	23	0	23	0	33.875	-10.875	-10.875
empirical	user_msa	LOC_Os02g07490_LOC_Os02g07490.1	LOC_Os02g07490_LOC_Os02g07490.1	132	132	unique	132	132	132	0.3157894736842105	9	419	59.55555555555556	2.3622546250521443	57.0	62.0	5.0	3	0.0	1.0	2.3622546250521443	62	0	62	0	59.25	2.75	2.75
empirical	user_msa	Oropetium_20150105_02675_Oropetium_20150105_02675A	Oropetium_20150105_02675_Oropetium_20150105_02675A	132	132	unique	132	132	132	0.3157894736842105	9	419	59.55555555555556	2.3622546250521443	57.0	62.0	5.0	3	0.0	1.0	2.3622546250521443	57	0	57	0	59.875	-2.875	-2.875
empirical	user_msa	ELECO.r07.2AG0102970_ELECO.r07.2AG0102970.1	ELECO.r07.2AG0102970_ELECO.r07.2AG0102970.1	132	132	unique	132	132	132	0.3157894736842105	9	419	59.55555555555556	2.3622546250521443	57.0	62.0	5.0	3	0.0	1.0	2.3622546250521443	62	0	62	0	59.25	2.75	2.75
empirical	user_msa	Phala.08G200500_Phala.08G200500.1	Phala.08G200500_Phala.08G200500.1	132	132	unique	132	132	132	0.3157894736842105	9	419	59.55555555555556	2.3622546250521443	57.0	62.0	5.0	3	0.0	1.0	2.3622546250521443	57	0	57	0	59.875	-2.875	-2.875
empirical	user_msa	Phala.08G200500_Phala.08G200500.3	Phala.08G200500_Phala.08G200500.3	132	132	unique	132	132	132	0.3157894736842105	9	419	59.55555555555556	2.3622546250521443	57.0	62.0	5.0	3	0.0	1.0	2.3622546250521443	57	0	57	0	59.875	-2.875	-2.875
empirical	user_msa	Phala.08G200500_Phala.08G200500.2	Phala.08G200500_Phala.08G200500.2	132	132	unique	132	132	132	0.3157894736842105	9	419	59.55555555555556	2.3622546250521443	57.0	62.0	5.0	3	0.0	1.0	2.3622546250521443	57	0	57	0	59.875	-2.875	-2.875
empirical	user_msa	HORVU.MOREX.r3.6HG0571560_HORVU.MOREX.r3.6HG0571560.1	HORVU.MOREX.r3.6HG0571560_HORVU.MOREX.r3.6HG0571560.1	132	132	unique	132	132	132	0.3157894736842105	9	419	59.55555555555556	2.3622546250521443	57.0	62.0	5.0	3	0.0	1.0	2.3622546250521443	60	0	60	0	59.5	0.5	0.5
empirical	user_msa	TraesCS6A03G0381800_TraesCS6A03G0381800.1	TraesCS6A03G0381800_TraesCS6A03G0381800.1	132	132	unique	132	132	132	0.3157894736842105	9	419	59.55555555555556	2.3622546250521443	57.0	62.0	5.0	3	0.0	1.0	2.3622546250521443	62	0	62	0	59.25	2.75	2.75
empirical	user_msa	Thint.S06G201700_Thint.S06G201700.1	Thint.S06G201700_Thint.S06G201700.1	132	132	unique	132	132	132	0.3157894736842105	9	419	59.55555555555556	2.3622546250521443	57.0	62.0	5.0	3	0.0	1.0	2.3622546250521443	62	0	62	0	59.25	2.75	2.75
empirical	user_msa	LOC_Os02g07490_LOC_Os02g07490.1	LOC_Os02g07490_LOC_Os02g07490.1	133	133	unique	133	133	133	0.3181818181818182	9	419	2.888888888888889	0.9938079899999066	2.0	4.0	2.0	2	0.0	1.0	0.9938079899999066	2	0	2	0	3.0	-1.0	-1.0
empirical	user_msa	Oropetium_20150105_02675_Oropetium_20150105_02675A	Oropetium_20150105_02675_Oropetium_20150105_02675A	133	133	unique	133	133	133	0.3181818181818182	9	419	2.888888888888889	0.9938079899999066	2.0	4.0	2.0	2	0.0	1.0	0.9938079899999066	4	0	4	0	2.75	1.25	1.25
empirical	user_msa	ELECO.r07.2AG0102970_ELECO.r07.2AG0102970.1	ELECO.r07.2AG0102970_ELECO.r07.2AG0102970.1	133	133	unique	133	133	133	0.3181818181818182	9	419	2.888888888888889	0.9938079899999066	2.0	4.0	2.0	2	0.0	1.0	0.9938079899999066	2	0	2	0	3.0	-1.0	-1.0
empirical	user_msa	Phala.08G200500_Phala.08G200500.1	Phala.08G200500_Phala.08G200500.1	133	133	unique	133	133	133	0.3181818181818182	9	419	2.888888888888889	0.9938079899999066	2.0	4.0	2.0	2	0.0	1.0	0.9938079899999066	4	0	4	0	2.75	1.25	1.25
empirical	user_msa	Phala.08G200500_Phala.08G200500.3	Phala.08G200500_Phala.08G200500.3	133	133	unique	133	133	133	0.3181818181818182	9	419	2.888888888888889	0.9938079899999066	2.0	4.0	2.0	2	0.0	1.0	0.9938079899999066	4	0	4	0	2.75	1.25	1.25
empirical	user_msa	Phala.08G200500_Phala.08G200500.2	Phala.08G200500_Phala.08G200500.2	133	133	unique	133	133	133	0.3181818181818182	9	419	2.888888888888889	0.9938079899999066	2.0	4.0	2.0	2	0.0	1.0	0.9938079899999066	4	0	4	0	2.75	1.25	1.25
empirical	user_msa	HORVU.MOREX.r3.6HG0571560_HORVU.MOREX.r3.6HG0571560.1	HORVU.MOREX.r3.6HG0571560_HORVU.MOREX.r3.6HG0571560.1	133	133	unique	133	133	133	0.3181818181818182	9	419	2.888888888888889	0.9938079899999066	2.0	4.0	2.0	2	0.0	1.0	0.9938079899999066	2	0	2	0	3.0	-1.0	-1.0
empirical	user_msa	TraesCS6A03G0381800_TraesCS6A03G0381800.1	TraesCS6A03G0381800_TraesCS6A03G0381800.1	133	133	unique	133	133	133	0.3181818181818182	9	419	2.888888888888889	0.9938079899999066	2.0	4.0	2.0	2	0.0	1.0	0.9938079899999066	2	0	2	0	3.0	-1.0	-1.0
empirical	user_msa	Thint.S06G201700_Thint.S06G201700.1	Thint.S06G201700_Thint.S06G201700.1	133	133	unique	133	133	133	0.3181818181818182	9	419	2.888888888888889	0.9938079899999066	2.0	4.0	2.0	2	0.0	1.0	0.9938079899999066	2	0	2	0	3.0	-1.0	-1.0
empirical	user_msa	LOC_Os02g07490_LOC_Os02g07490.1	LOC_Os02g07490_LOC_Os02g07490.1	134	134	unique	134	134	134	0.32057416267942584	9	419	9.0	8.94427190999916	1.0	19.0	18.0	2	0.5555555555555556	0.4444444444444444	8.94427190999916	1	1	1	1	10.0	-9.0	-9.0
empirical	user_msa	Oropetium_20150105_02675_Oropetium_20150105_02675A	Oropetium_20150105_02675_Oropetium_20150105_02675A	134	134	unique	134	134	134	0.32057416267942584	9	419	9.0	8.94427190999916	1.0	19.0	18.0	2	0.5555555555555556	0.4444444444444444	8.94427190999916	19	0	19	0	7.75	11.25	11.25
empirical	user_msa	ELECO.r07.2AG0102970_ELECO.r07.2AG0102970.1	ELECO.r07.2AG0102970_ELECO.r07.2AG0102970.1	134	134	unique	134	134	134	0.32057416267942584	9	419	9.0	8.94427190999916	1.0	19.0	18.0	2	0.5555555555555556	0.4444444444444444	8.94427190999916	1	1	1	1	10.0	-9.0	-9.0
empirical	user_msa	Phala.08G200500_Phala.08G200500.1	Phala.08G200500_Phala.08G200500.1	134	134	unique	134	134	134	0.32057416267942584	9	419	9.0	8.94427190999916	1.0	19.0	18.0	2	0.5555555555555556	0.4444444444444444	8.94427190999916	19	0	19	0	7.75	11.25	11.25
empirical	user_msa	Phala.08G200500_Phala.08G200500.3	Phala.08G200500_Phala.08G200500.3	134	134	unique	134	134	134	0.32057416267942584	9	419	9.0	8.94427190999916	1.0	19.0	18.0	2	0.5555555555555556	0.4444444444444444	8.94427190999916	19	0	19	0	7.75	11.25	11.25
empirical	user_msa	Phala.08G200500_Phala.08G200500.2	Phala.08G200500_Phala.08G200500.2	134	134	unique	134	134	134	0.32057416267942584	9	419	9.0	8.94427190999916	1.0	19.0	18.0	2	0.5555555555555556	0.4444444444444444	8.94427190999916	19	0	19	0	7.75	11.25	11.25
empirical	user_msa	HORVU.MOREX.r3.6HG0571560_HORVU.MOREX.r3.6HG0571560.1	HORVU.MOREX.r3.6HG0571560_HORVU.MOREX.r3.6HG0571560.1	134	134	unique	134	134	134	0.32057416267942584	9	419	9.0	8.94427190999916	1.0	19.0	18.0	2	0.5555555555555556	0.4444444444444444	8.94427190999916	1	1	1	1	10.0	-9.0	-9.0
empirical	user_msa	TraesCS6A03G0381800_TraesCS6A03G0381800.1	TraesCS6A03G0381800_TraesCS6A03G0381800.1	134	134	unique	134	134	134	0.32057416267942584	9	419	9.0	8.94427190999916	1.0	19.0	18.0	2	0.5555555555555556	0.4444444444444444	8.94427190999916	1	1	1	1	10.0	-9.0	-9.0
empirical	user_msa	Thint.S06G201700_Thint.S06G201700.1	Thint.S06G201700_Thint.S06G201700.1	134	134	unique	134	134	134	0.32057416267942584	9	419	9.0	8.94427190999916	1.0	19.0	18.0	2	0.5555555555555556	0.4444444444444444	8.94427190999916	1	1	1	1	10.0	-9.0	-9.0
empirical	user_msa	LOC_Os02g07490_LOC_Os02g07490.1	LOC_Os02g07490_LOC_Os02g07490.1	135	135	unique	135	135	135	0.3229665071770335	9	419	30.444444444444443	14.032589933683433	13.0	45.0	32.0	5	0.0	1.0	14.032589933683433	43	0	43	0	28.875	14.125	14.125
empirical	user_msa	Oropetium_20150105_02675_Oropetium_20150105_02675A	Oropetium_20150105_02675_Oropetium_20150105_02675A	135	135	unique	135	135	135	0.3229665071770335	9	419	30.444444444444443	14.032589933683433	13.0	45.0	32.0	5	0.0	1.0	14.032589933683433	21	0	21	0	31.625	-10.625	-10.625
empirical	user_msa	ELECO.r07.2AG0102970_ELECO.r07.2AG0102970.1	ELECO.r07.2AG0102970_ELECO.r07.2AG0102970.1	135	135	unique	135	135	135	0.3229665071770335	9	419	30.444444444444443	14.032589933683433	13.0	45.0	32.0	5	0.0	1.0	14.032589933683433	45	0	45	0	28.625	16.375	16.375
empirical	user_msa	Phala.08G200500_Phala.08G200500.1	Phala.08G200500_Phala.08G200500.1	135	135	unique	135	135	135	0.3229665071770335	9	419	30.444444444444443	14.032589933683433	13.0	45.0	32.0	5	0.0	1.0	14.032589933683433	13	0	13	0	32.625	-19.625	-19.625
empirical	user_msa	Phala.08G200500_Phala.08G200500.3	Phala.08G200500_Phala.08G200500.3	135	135	unique	135	135	135	0.3229665071770335	9	419	30.444444444444443	14.032589933683433	13.0	45.0	32.0	5	0.0	1.0	14.032589933683433	13	0	13	0	32.625	-19.625	-19.625
empirical	user_msa	Phala.08G200500_Phala.08G200500.2	Phala.08G200500_Phala.08G200500.2	135	135	unique	135	135	135	0.3229665071770335	9	419	30.444444444444443	14.032589933683433	13.0	45.0	32.0	5	0.0	1.0	14.032589933683433	13	0	13	0	32.625	-19.625	-19.625
empirical	user_msa	HORVU.MOREX.r3.6HG0571560_HORVU.MOREX.r3.6HG0571560.1	HORVU.MOREX.r3.6HG0571560_HORVU.MOREX.r3.6HG0571560.1	135	135	unique	135	135	135	0.3229665071770335	9	419	30.444444444444443	14.032589933683433	13.0	45.0	32.0	5	0.0	1.0	14.032589933683433	42	0	42	0	29.0	13.0	13.0
empirical	user_msa	TraesCS6A03G0381800_TraesCS6A03G0381800.1	TraesCS6A03G0381800_TraesCS6A03G0381800.1	135	135	unique	135	135	135	0.3229665071770335	9	419	30.444444444444443	14.032589933683433	13.0	45.0	32.0	5	0.0	1.0	14.032589933683433	42	0	42	0	29.0	13.0	13.0
empirical	user_msa	Thint.S06G201700_Thint.S06G201700.1	Thint.S06G201700_Thint.S06G201700.1	135	135	unique	135	135	135	0.3229665071770335	9	419	30.444444444444443	14.032589933683433	13.0	45.0	32.0	5	0.0	1.0	14.032589933683433	42	0	42	0	29.0	13.0	13.0
empirical	user_msa	LOC_Os02g07490_LOC_Os02g07490.1	LOC_Os02g07490_LOC_Os02g07490.1	136	136	unique	136	136	136	0.3253588516746411	9	419	45.44444444444444	8.93322277432968	35.0	55.0	20.0	4	0.0	1.0	8.93322277432968	53	0	53	0	44.5	8.5	8.5
empirical	user_msa	Oropetium_20150105_02675_Oropetium_20150105_02675A	Oropetium_20150105_02675_Oropetium_20150105_02675A	136	136	unique	136	136	136	0.3253588516746411	9	419	45.44444444444444	8.93322277432968	35.0	55.0	20.0	4	0.0	1.0	8.93322277432968	37	0	37	0	46.5	-9.5	-9.5
empirical	user_msa	ELECO.r07.2AG0102970_ELECO.r07.2AG0102970.1	ELECO.r07.2AG0102970_ELECO.r07.2AG0102970.1	136	136	unique	136	136	136	0.3253588516746411	9	419	45.44444444444444	8.93322277432968	35.0	55.0	20.0	4	0.0	1.0	8.93322277432968	55	0	55	0	44.25	10.75	10.75
empirical	user_msa	Phala.08G200500_Phala.08G200500.1	Phala.08G200500_Phala.08G200500.1	136	136	unique	136	136	136	0.3253588516746411	9	419	45.44444444444444	8.93322277432968	35.0	55.0	20.0	4	0.0	1.0	8.93322277432968	35	0	35	0	46.75	-11.75	-11.75
empirical	user_msa	Phala.08G200500_Phala.08G200500.3	Phala.08G200500_Phala.08G200500.3	136	136	unique	136	136	136	0.3253588516746411	9	419	45.44444444444444	8.93322277432968	35.0	55.0	20.0	4	0.0	1.0	8.93322277432968	35	0	35	0	46.75	-11.75	-11.75
empirical	user_msa	Phala.08G200500_Phala.08G200500.2	Phala.08G200500_Phala.08G200500.2	136	136	unique	136	136	136	0.3253588516746411	9	419	45.44444444444444	8.93322277432968	35.0	55.0	20.0	4	0.0	1.0	8.93322277432968	35	0	35	0	46.75	-11.75	-11.75
empirical	user_msa	HORVU.MOREX.r3.6HG0571560_HORVU.MOREX.r3.6HG0571560.1	HORVU.MOREX.r3.6HG0571560_HORVU.MOREX.r3.6HG0571560.1	136	136	unique	136	136	136	0.3253588516746411	9	419	45.44444444444444	8.93322277432968	35.0	55.0	20.0	4	0.0	1.0	8.93322277432968	53	0	53	0	44.5	8.5	8.5
empirical	user_msa	TraesCS6A03G0381800_TraesCS6A03G0381800.1	TraesCS6A03G0381800_TraesCS6A03G0381800.1	136	136	unique	136	136	136	0.3253588516746411	9	419	45.44444444444444	8.93322277432968	35.0	55.0	20.0	4	0.0	1.0	8.93322277432968	53	0	53	0	44.5	8.5	8.5
empirical	user_msa	Thint.S06G201700_Thint.S06G201700.1	Thint.S06G201700_Thint.S06G201700.1	136	136	unique	136	136	136	0.3253588516746411	9	419	45.44444444444444	8.93322277432968	35.0	55.0	20.0	4	0.0	1.0	8.93322277432968	53	0	53	0	44.5	8.5	8.5
empirical	user_msa	LOC_Os02g07490_LOC_Os02g07490.1	LOC_Os02g07490_LOC_Os02g07490.1	137	137	unique	137	137	137	0.3277511961722488	9	419	19.444444444444443	9.787873575797885	15.0	47.0	32.0	3	0.0	1.0	9.787873575797885	17	0	17	0	19.75	-2.75	-2.75
empirical	user_msa	Oropetium_20150105_02675_Oropetium_20150105_02675A	Oropetium_20150105_02675_Oropetium_20150105_02675A	137	137	unique	137	137	137	0.3277511961722488	9	419	19.444444444444443	9.787873575797885	15.0	47.0	32.0	3	0.0	1.0	9.787873575797885	47	0	47	0	16.0	31.0	31.0
empirical	user_msa	ELECO.r07.2AG0102970_ELECO.r07.2AG0102970.1	ELECO.r07.2AG0102970_ELECO.r07.2AG0102970.1	137	137	unique	137	137	137	0.3277511961722488	9	419	19.444444444444443	9.787873575797885	15.0	47.0	32.0	3	0.0	1.0	9.787873575797885	17	0	17	0	19.75	-2.75	-2.75
empirical	user_msa	Phala.08G200500_Phala.08G200500.1	Phala.08G200500_Phala.08G200500.1	137	137	unique	137	137	137	0.3277511961722488	9	419	19.444444444444443	9.787873575797885	15.0	47.0	32.0	3	0.0	1.0	9.787873575797885	15	0	15	0	20.0	-5.0	-5.0
empirical	user_msa	Phala.08G200500_Phala.08G200500.3	Phala.08G200500_Phala.08G200500.3	137	137	unique	137	137	137	0.3277511961722488	9	419	19.444444444444443	9.787873575797885	15.0	47.0	32.0	3	0.0	1.0	9.787873575797885	15	0	15	0	20.0	-5.0	-5.0
empirical	user_msa	Phala.08G200500_Phala.08G200500.2	Phala.08G200500_Phala.08G200500.2	137	137	unique	137	137	137	0.3277511961722488	9	419	19.444444444444443	9.787873575797885	15.0	47.0	32.0	3	0.0	1.0	9.787873575797885	15	0	15	0	20.0	-5.0	-5.0
empirical	user_msa	HORVU.MOREX.r3.6HG0571560_HORVU.MOREX.r3.6HG0571560.1	HORVU.MOREX.r3.6HG0571560_HORVU.MOREX.r3.6HG0571560.1	137	137	unique	137	137	137	0.3277511961722488	9	419	19.444444444444443	9.787873575797885	15.0	47.0	32.0	3	0.0	1.0	9.787873575797885	17	0	17	0	19.75	-2.75	-2.75
empirical	user_msa	TraesCS6A03G0381800_TraesCS6A03G0381800.1	TraesCS6A03G0381800_TraesCS6A03G0381800.1	137	137	unique	137	137	137	0.3277511961722488	9	419	19.444444444444443	9.787873575797885	15.0	47.0	32.0	3	0.0	1.0	9.787873575797885	15	0	15	0	20.0	-5.0	-5.0
empirical	user_msa	Thint.S06G201700_Thint.S06G201700.1	Thint.S06G201700_Thint.S06G201700.1	137	137	unique	137	137	137	0.3277511961722488	9	419	19.444444444444443	9.787873575797885	15.0	47.0	32.0	3	0.0	1.0	9.787873575797885	17	0	17	0	19.75	-2.75	-2.75
empirical	user_msa	LOC_Os02g07490_LOC_Os02g07490.1	LOC_Os02g07490_LOC_Os02g07490.1	138	138	unique	138	138	138	0.33014354066985646	9	419	4.333333333333333	0.4714045207910317	4.0	5.0	1.0	2	0.0	1.0	0.4714045207910317	4	0	4	0	4.375	-0.375	-0.375
empirical	user_msa	Oropetium_20150105_02675_Oropetium_20150105_02675A	Oropetium_20150105_02675_Oropetium_20150105_02675A	138	138	unique	138	138	138	0.33014354066985646	9	419	4.333333333333333	0.4714045207910317	4.0	5.0	1.0	2	0.0	1.0	0.4714045207910317	4	0	4	0	4.375	-0.375	-0.375
empirical	user_msa	ELECO.r07.2AG0102970_ELECO.r07.2AG0102970.1	ELECO.r07.2AG0102970_ELECO.r07.2AG0102970.1	138	138	unique	138	138	138	0.33014354066985646	9	419	4.333333333333333	0.4714045207910317	4.0	5.0	1.0	2	0.0	1.0	0.4714045207910317	4	0	4	0	4.375	-0.375	-0.375
empirical	user_msa	Phala.08G200500_Phala.08G200500.1	Phala.08G200500_Phala.08G200500.1	138	138	unique	138	138	138	0.33014354066985646	9	419	4.333333333333333	0.4714045207910317	4.0	5.0	1.0	2	0.0	1.0	0.4714045207910317	4	0	4	0	4.375	-0.375	-0.375
empirical	user_msa	Phala.08G200500_Phala.08G200500.3	Phala.08G200500_Phala.08G200500.3	138	138	unique	138	138	138	0.33014354066985646	9	419	4.333333333333333	0.4714045207910317	4.0	5.0	1.0	2	0.0	1.0	0.4714045207910317	4	0	4	0	4.375	-0.375	-0.375
empirical	user_msa	Phala.08G200500_Phala.08G200500.2	Phala.08G200500_Phala.08G200500.2	138	138	unique	138	138	138	0.33014354066985646	9	419	4.333333333333333	0.4714045207910317	4.0	5.0	1.0	2	0.0	1.0	0.4714045207910317	4	0	4	0	4.375	-0.375	-0.375
empirical	user_msa	HORVU.MOREX.r3.6HG0571560_HORVU.MOREX.r3.6HG0571560.1	HORVU.MOREX.r3.6HG0571560_HORVU.MOREX.r3.6HG0571560.1	138	138	unique	138	138	138	0.33014354066985646	9	419	4.333333333333333	0.4714045207910317	4.0	5.0	1.0	2	0.0	1.0	0.4714045207910317	5	0	5	0	4.25	0.75	0.75
empirical	user_msa	TraesCS6A03G0381800_TraesCS6A03G0381800.1	TraesCS6A03G0381800_TraesCS6A03G0381800.1	138	138	unique	138	138	138	0.33014354066985646	9	419	4.333333333333333	0.4714045207910317	4.0	5.0	1.0	2	0.0	1.0	0.4714045207910317	5	0	5	0	4.25	0.75	0.75
empirical	user_msa	Thint.S06G201700_Thint.S06G201700.1	Thint.S06G201700_Thint.S06G201700.1	138	138	unique	138	138	138	0.33014354066985646	9	419	4.333333333333333	0.4714045207910317	4.0	5.0	1.0	2	0.0	1.0	0.4714045207910317	5	0	5	0	4.25	0.75	0.75
empirical	user_msa	LOC_Os02g07490_LOC_Os02g07490.1	LOC_Os02g07490_LOC_Os02g07490.1	139	139	unique	139	139	139	0.33253588516746413	9	419	48.44444444444444	0.6849348892187752	47.0	49.0	2.0	3	0.0	1.0	0.6849348892187752	49	0	49	0	48.375	0.625	0.625
empirical	user_msa	Oropetium_20150105_02675_Oropetium_20150105_02675A	Oropetium_20150105_02675_Oropetium_20150105_02675A	139	139	unique	139	139	139	0.33253588516746413	9	419	48.44444444444444	0.6849348892187752	47.0	49.0	2.0	3	0.0	1.0	0.6849348892187752	47	0	47	0	48.625	-1.625	-1.625
empirical	user_msa	ELECO.r07.2AG0102970_ELECO.r07.2AG0102970.1	ELECO.r07.2AG0102970_ELECO.r07.2AG0102970.1	139	139	unique	139	139	139	0.33253588516746413	9	419	48.44444444444444	0.6849348892187752	47.0	49.0	2.0	3	0.0	1.0	0.6849348892187752	49	0	49	0	48.375	0.625	0.625
empirical	user_msa	Phala.08G200500_Phala.08G200500.1	Phala.08G200500_Phala.08G200500.1	139	139	unique	139	139	139	0.33253588516746413	9	419	48.44444444444444	0.6849348892187752	47.0	49.0	2.0	3	0.0	1.0	0.6849348892187752	48	0	48	0	48.5	-0.5	-0.5
empirical	user_msa	Phala.08G200500_Phala.08G200500.3	Phala.08G200500_Phala.08G200500.3	139	139	unique	139	139	139	0.33253588516746413	9	419	48.44444444444444	0.6849348892187752	47.0	49.0	2.0	3	0.0	1.0	0.6849348892187752	48	0	48	0	48.5	-0.5	-0.5
empirical	user_msa	Phala.08G200500_Phala.08G200500.2	Phala.08G200500_Phala.08G200500.2	139	139	unique	139	139	139	0.33253588516746413	9	419	48.44444444444444	0.6849348892187752	47.0	49.0	2.0	3	0.0	1.0	0.6849348892187752	48	0	48	0	48.5	-0.5	-0.5
empirical	user_msa	HORVU.MOREX.r3.6HG0571560_HORVU.MOREX.r3.6HG0571560.1	HORVU.MOREX.r3.6HG0571560_HORVU.MOREX.r3.6HG0571560.1	139	139	unique	139	139	139	0.33253588516746413	9	419	48.44444444444444	0.6849348892187752	47.0	49.0	2.0	3	0.0	1.0	0.6849348892187752	49	0	49	0	48.375	0.625	0.625
empirical	user_msa	TraesCS6A03G0381800_TraesCS6A03G0381800.1	TraesCS6A03G0381800_TraesCS6A03G0381800.1	139	139	unique	139	139	139	0.33253588516746413	9	419	48.44444444444444	0.6849348892187752	47.0	49.0	2.0	3	0.0	1.0	0.6849348892187752	49	0	49	0	48.375	0.625	0.625
empirical	user_msa	Thint.S06G201700_Thint.S06G201700.1	Thint.S06G201700_Thint.S06G201700.1	139	139	unique	139	139	139	0.33253588516746413	9	419	48.44444444444444	0.6849348892187752	47.0	49.0	2.0	3	0.0	1.0	0.6849348892187752	49	0	49	0	48.375	0.625	0.625
empirical	user_msa	LOC_Os02g07490_LOC_Os02g07490.1	LOC_Os02g07490_LOC_Os02g07490.1	140	140	unique	140	140	140	0.3349282296650718	9	419	29.88888888888889	23.477859283657228	4.0	61.0	57.0	3	0.0	1.0	23.477859283657228	48	0	48	0	27.625	20.375	20.375
empirical	user_msa	Oropetium_20150105_02675_Oropetium_20150105_02675A	Oropetium_20150105_02675_Oropetium_20150105_02675A	140	140	unique	140	140	140	0.3349282296650718	9	419	29.88888888888889	23.477859283657228	4.0	61.0	57.0	3	0.0	1.0	23.477859283657228	4	0	4	0	33.125	-29.125	-29.125
empirical	user_msa	ELECO.r07.2AG0102970_ELECO.r07.2AG0102970.1	ELECO.r07.2AG0102970_ELECO.r07.2AG0102970.1	140	140	unique	140	140	140	0.3349282296650718	9	419	29.88888888888889	23.477859283657228	4.0	61.0	57.0	3	0.0	1.0	23.477859283657228	61	0	61	0	26.0	35.0	35.0
empirical	user_msa	Phala.08G200500_Phala.08G200500.1	Phala.08G200500_Phala.08G200500.1	140	140	unique	140	140	140	0.3349282296650718	9	419	29.88888888888889	23.477859283657228	4.0	61.0	57.0	3	0.0	1.0	23.477859283657228	4	0	4	0	33.125	-29.125	-29.125
empirical	user_msa	Phala.08G200500_Phala.08G200500.3	Phala.08G200500_Phala.08G200500.3	140	140	unique	140	140	140	0.3349282296650718	9	419	29.88888888888889	23.477859283657228	4.0	61.0	57.0	3	0.0	1.0	23.477859283657228	4	0	4	0	33.125	-29.125	-29.125
empirical	user_msa	Phala.08G200500_Phala.08G200500.2	Phala.08G200500_Phala.08G200500.2	140	140	unique	140	140	140	0.3349282296650718	9	419	29.88888888888889	23.477859283657228	4.0	61.0	57.0	3	0.0	1.0	23.477859283657228	4	0	4	0	33.125	-29.125	-29.125
empirical	user_msa	HORVU.MOREX.r3.6HG0571560_HORVU.MOREX.r3.6HG0571560.1	HORVU.MOREX.r3.6HG0571560_HORVU.MOREX.r3.6HG0571560.1	140	140	unique	140	140	140	0.3349282296650718	9	419	29.88888888888889	23.477859283657228	4.0	61.0	57.0	3	0.0	1.0	23.477859283657228	48	0	48	0	27.625	20.375	20.375
empirical	user_msa	TraesCS6A03G0381800_TraesCS6A03G0381800.1	TraesCS6A03G0381800_TraesCS6A03G0381800.1	140	140	unique	140	140	140	0.3349282296650718	9	419	29.88888888888889	23.477859283657228	4.0	61.0	57.0	3	0.0	1.0	23.477859283657228	48	0	48	0	27.625	20.375	20.375
empirical	user_msa	Thint.S06G201700_Thint.S06G201700.1	Thint.S06G201700_Thint.S06G201700.1	140	140	unique	140	140	140	0.3349282296650718	9	419	29.88888888888889	23.477859283657228	4.0	61.0	57.0	3	0.0	1.0	23.477859283657228	48	0	48	0	27.625	20.375	20.375
empirical	user_msa	LOC_Os02g07490_LOC_Os02g07490.1	LOC_Os02g07490_LOC_Os02g07490.1	141	141	unique	141	141	141	0.3373205741626794	9	419	36.111111111111114	0.9938079899999066	35.0	37.0	2.0	2	0.0	1.0	0.9938079899999066	37	0	37	0	36.0	1.0	1.0
empirical	user_msa	Oropetium_20150105_02675_Oropetium_20150105_02675A	Oropetium_20150105_02675_Oropetium_20150105_02675A	141	141	unique	141	141	141	0.3373205741626794	9	419	36.111111111111114	0.9938079899999066	35.0	37.0	2.0	2	0.0	1.0	0.9938079899999066	35	0	35	0	36.25	-1.25	-1.25
empirical	user_msa	ELECO.r07.2AG0102970_ELECO.r07.2AG0102970.1	ELECO.r07.2AG0102970_ELECO.r07.2AG0102970.1	141	141	unique	141	141	141	0.3373205741626794	9	419	36.111111111111114	0.9938079899999066	35.0	37.0	2.0	2	0.0	1.0	0.9938079899999066	37	0	37	0	36.0	1.0	1.0
empirical	user_msa	Phala.08G200500_Phala.08G200500.1	Phala.08G200500_Phala.08G200500.1	141	141	unique	141	141	141	0.3373205741626794	9	419	36.111111111111114	0.9938079899999066	35.0	37.0	2.0	2	0.0	1.0	0.9938079899999066	35	0	35	0	36.25	-1.25	-1.25
empirical	user_msa	Phala.08G200500_Phala.08G200500.3	Phala.08G200500_Phala.08G200500.3	141	141	unique	141	141	141	0.3373205741626794	9	419	36.111111111111114	0.9938079899999066	35.0	37.0	2.0	2	0.0	1.0	0.9938079899999066	35	0	35	0	36.25	-1.25	-1.25
empirical	user_msa	Phala.08G200500_Phala.08G200500.2	Phala.08G200500_Phala.08G200500.2	141	141	unique	141	141	141	0.3373205741626794	9	419	36.111111111111114	0.9938079899999066	35.0	37.0	2.0	2	0.0	1.0	0.9938079899999066	35	0	35	0	36.25	-1.25	-1.25
empirical	user_msa	HORVU.MOREX.r3.6HG0571560_HORVU.MOREX.r3.6HG0571560.1	HORVU.MOREX.r3.6HG0571560_HORVU.MOREX.r3.6HG0571560.1	141	141	unique	141	141	141	0.3373205741626794	9	419	36.111111111111114	0.9938079899999066	35.0	37.0	2.0	2	0.0	1.0	0.9938079899999066	37	0	37	0	36.0	1.0	1.0
empirical	user_msa	TraesCS6A03G0381800_TraesCS6A03G0381800.1	TraesCS6A03G0381800_TraesCS6A03G0381800.1	141	141	unique	141	141	141	0.3373205741626794	9	419	36.111111111111114	0.9938079899999066	35.0	37.0	2.0	2	0.0	1.0	0.9938079899999066	37	0	37	0	36.0	1.0	1.0
empirical	user_msa	Thint.S06G201700_Thint.S06G201700.1	Thint.S06G201700_Thint.S06G201700.1	141	141	unique	141	141	141	0.3373205741626794	9	419	36.111111111111114	0.9938079899999066	35.0	37.0	2.0	2	0.0	1.0	0.9938079899999066	37	0	37	0	36.0	1.0	1.0
empirical	user_msa	LOC_Os02g07490_LOC_Os02g07490.1	LOC_Os02g07490_LOC_Os02g07490.1	142	142	unique	142	142	142	0.3397129186602871	9	419	30.11111111111111	14.363877876615389	11.0	53.0	42.0	3	0.0	1.0	14.363877876615389	37	0	37	0	29.25	7.75	7.75
empirical	user_msa	Oropetium_20150105_02675_Oropetium_20150105_02675A	Oropetium_20150105_02675_Oropetium_20150105_02675A	142	142	unique	142	142	142	0.3397129186602871	9	419	30.11111111111111	14.363877876615389	11.0	53.0	42.0	3	0.0	1.0	14.363877876615389	53	0	53	0	27.25	25.75	25.75
empirical	user_msa	ELECO.r07.2AG0102970_ELECO.r07.2AG0102970.1	ELECO.r07.2AG0102970_ELECO.r07.2AG0102970.1	142	142	unique	142	142	142	0.3397129186602871	9	419	30.11111111111111	14.363877876615389	11.0	53.0	42.0	3	0.0	1.0	14.363877876615389	37	0	37	0	29.25	7.75	7.75
empirical	user_msa	Phala.08G200500_Phala.08G200500.1	Phala.08G200500_Phala.08G200500.1	142	142	unique	142	142	142	0.3397129186602871	9	419	30.11111111111111	14.363877876615389	11.0	53.0	42.0	3	0.0	1.0	14.363877876615389	11	0	11	0	32.5	-21.5	-21.5
empirical	user_msa	Phala.08G200500_Phala.08G200500.3	Phala.08G200500_Phala.08G200500.3	142	142	unique	142	142	142	0.3397129186602871	9	419	30.11111111111111	14.363877876615389	11.0	53.0	42.0	3	0.0	1.0	14.363877876615389	11	0	11	0	32.5	-21.5	-21.5
empirical	user_msa	Phala.08G200500_Phala.08G200500.2	Phala.08G200500_Phala.08G200500.2	142	142	unique	142	142	142	0.3397129186602871	9	419	30.11111111111111	14.363877876615389	11.0	53.0	42.0	3	0.0	1.0	14.363877876615389	11	0	11	0	32.5	-21.5	-21.5
empirical	user_msa	HORVU.MOREX.r3.6HG0571560_HORVU.MOREX.r3.6HG0571560.1	HORVU.MOREX.r3.6HG0571560_HORVU.MOREX.r3.6HG0571560.1	142	142	unique	142	142	142	0.3397129186602871	9	419	30.11111111111111	14.363877876615389	11.0	53.0	42.0	3	0.0	1.0	14.363877876615389	37	0	37	0	29.25	7.75	7.75
empirical	user_msa	TraesCS6A03G0381800_TraesCS6A03G0381800.1	TraesCS6A03G0381800_TraesCS6A03G0381800.1	142	142	unique	142	142	142	0.3397129186602871	9	419	30.11111111111111	14.363877876615389	11.0	53.0	42.0	3	0.0	1.0	14.363877876615389	37	0	37	0	29.25	7.75	7.75
empirical	user_msa	Thint.S06G201700_Thint.S06G201700.1	Thint.S06G201700_Thint.S06G201700.1	142	142	unique	142	142	142	0.3397129186602871	9	419	30.11111111111111	14.363877876615389	11.0	53.0	42.0	3	0.0	1.0	14.363877876615389	37	0	37	0	29.25	7.75	7.75
empirical	user_msa	LOC_Os02g07490_LOC_Os02g07490.1	LOC_Os02g07490_LOC_Os02g07490.1	143	143	unique	143	143	143	0.34210526315789475	9	419	30.666666666666668	23.851391759997757	4.0	52.0	48.0	2	0.0	1.0	23.851391759997757	52	0	52	0	28.0	24.0	24.0
empirical	user_msa	Oropetium_20150105_02675_Oropetium_20150105_02675A	Oropetium_20150105_02675_Oropetium_20150105_02675A	143	143	unique	143	143	143	0.34210526315789475	9	419	30.666666666666668	23.851391759997757	4.0	52.0	48.0	2	0.0	1.0	23.851391759997757	4	0	4	0	34.0	-30.0	-30.0
empirical	user_msa	ELECO.r07.2AG0102970_ELECO.r07.2AG0102970.1	ELECO.r07.2AG0102970_ELECO.r07.2AG0102970.1	143	143	unique	143	143	143	0.34210526315789475	9	419	30.666666666666668	23.851391759997757	4.0	52.0	48.0	2	0.0	1.0	23.851391759997757	52	0	52	0	28.0	24.0	24.0
empirical	user_msa	Phala.08G200500_Phala.08G200500.1	Phala.08G200500_Phala.08G200500.1	143	143	unique	143	143	143	0.34210526315789475	9	419	30.666666666666668	23.851391759997757	4.0	52.0	48.0	2	0.0	1.0	23.851391759997757	4	0	4	0	34.0	-30.0	-30.0
empirical	user_msa	Phala.08G200500_Phala.08G200500.3	Phala.08G200500_Phala.08G200500.3	143	143	unique	143	143	143	0.34210526315789475	9	419	30.666666666666668	23.851391759997757	4.0	52.0	48.0	2	0.0	1.0	23.851391759997757	4	0	4	0	34.0	-30.0	-30.0
empirical	user_msa	Phala.08G200500_Phala.08G200500.2	Phala.08G200500_Phala.08G200500.2	143	143	unique	143	143	143	0.34210526315789475	9	419	30.666666666666668	23.851391759997757	4.0	52.0	48.0	2	0.0	1.0	23.851391759997757	4	0	4	0	34.0	-30.0	-30.0
empirical	user_msa	HORVU.MOREX.r3.6HG0571560_HORVU.MOREX.r3.6HG0571560.1	HORVU.MOREX.r3.6HG0571560_HORVU.MOREX.r3.6HG0571560.1	143	143	unique	143	143	143	0.34210526315789475	9	419	30.666666666666668	23.851391759997757	4.0	52.0	48.0	2	0.0	1.0	23.851391759997757	52	0	52	0	28.0	24.0	24.0
empirical	user_msa	TraesCS6A03G0381800_TraesCS6A03G0381800.1	TraesCS6A03G0381800_TraesCS6A03G0381800.1	143	143	unique	143	143	143	0.34210526315789475	9	419	30.666666666666668	23.851391759997757	4.0	52.0	48.0	2	0.0	1.0	23.851391759997757	52	0	52	0	28.0	24.0	24.0
empirical	user_msa	Thint.S06G201700_Thint.S06G201700.1	Thint.S06G201700_Thint.S06G201700.1	143	143	unique	143	143	143	0.34210526315789475	9	419	30.666666666666668	23.851391759997757	4.0	52.0	48.0	2	0.0	1.0	23.851391759997757	52	0	52	0	28.0	24.0	24.0
empirical	user_msa	LOC_Os02g07490_LOC_Os02g07490.1	LOC_Os02g07490_LOC_Os02g07490.1	144	144	unique	144	144	144	0.3444976076555024	9	419	12.777777777777779	14.249972926116797	7.0	53.0	46.0	3	0.0	1.0	14.249972926116797	7	0	7	0	13.5	-6.5	-6.5
empirical	user_msa	Oropetium_20150105_02675_Oropetium_20150105_02675A	Oropetium_20150105_02675_Oropetium_20150105_02675A	144	144	unique	144	144	144	0.3444976076555024	9	419	12.777777777777779	14.249972926116797	7.0	53.0	46.0	3	0.0	1.0	14.249972926116797	7	0	7	0	13.5	-6.5	-6.5
empirical	user_msa	ELECO.r07.2AG0102970_ELECO.r07.2AG0102970.1	ELECO.r07.2AG0102970_ELECO.r07.2AG0102970.1	144	144	unique	144	144	144	0.3444976076555024	9	419	12.777777777777779	14.249972926116797	7.0	53.0	46.0	3	0.0	1.0	14.249972926116797	53	0	53	0	7.75	45.25	45.25
empirical	user_msa	Phala.08G200500_Phala.08G200500.1	Phala.08G200500_Phala.08G200500.1	144	144	unique	144	144	144	0.3444976076555024	9	419	12.777777777777779	14.249972926116797	7.0	53.0	46.0	3	0.0	1.0	14.249972926116797	9	0	9	0	13.25	-4.25	-4.25
empirical	user_msa	Phala.08G200500_Phala.08G200500.3	Phala.08G200500_Phala.08G200500.3	144	144	unique	144	144	144	0.3444976076555024	9	419	12.777777777777779	14.249972926116797	7.0	53.0	46.0	3	0.0	1.0	14.249972926116797	9	0	9	0	13.25	-4.25	-4.25
empirical	user_msa	Phala.08G200500_Phala.08G200500.2	Phala.08G200500_Phala.08G200500.2	144	144	unique	144	144	144	0.3444976076555024	9	419	12.777777777777779	14.249972926116797	7.0	53.0	46.0	3	0.0	1.0	14.249972926116797	9	0	9	0	13.25	-4.25	-4.25
empirical	user_msa	HORVU.MOREX.r3.6HG0571560_HORVU.MOREX.r3.6HG0571560.1	HORVU.MOREX.r3.6HG0571560_HORVU.MOREX.r3.6HG0571560.1	144	144	unique	144	144	144	0.3444976076555024	9	419	12.777777777777779	14.249972926116797	7.0	53.0	46.0	3	0.0	1.0	14.249972926116797	7	0	7	0	13.5	-6.5	-6.5
empirical	user_msa	TraesCS6A03G0381800_TraesCS6A03G0381800.1	TraesCS6A03G0381800_TraesCS6A03G0381800.1	144	144	unique	144	144	144	0.3444976076555024	9	419	12.777777777777779	14.249972926116797	7.0	53.0	46.0	3	0.0	1.0	14.249972926116797	7	0	7	0	13.5	-6.5	-6.5
empirical	user_msa	Thint.S06G201700_Thint.S06G201700.1	Thint.S06G201700_Thint.S06G201700.1	144	144	unique	144	144	144	0.3444976076555024	9	419	12.777777777777779	14.249972926116797	7.0	53.0	46.0	3	0.0	1.0	14.249972926116797	7	0	7	0	13.5	-6.5	-6.5
empirical	user_msa	LOC_Os02g07490_LOC_Os02g07490.1	LOC_Os02g07490_LOC_Os02g07490.1	145	145	unique	145	145	145	0.34688995215311	9	419	32.22222222222222	0.9162456945817022	30.0	33.0	3.0	3	0.0	1.0	0.9162456945817022	32	0	32	0	32.25	-0.25	-0.25
empirical	user_msa	Oropetium_20150105_02675_Oropetium_20150105_02675A	Oropetium_20150105_02675_Oropetium_20150105_02675A	145	145	unique	145	145	145	0.34688995215311	9	419	32.22222222222222	0.9162456945817022	30.0	33.0	3.0	3	0.0	1.0	0.9162456945817022	33	0	33	0	32.125	0.875	0.875
empirical	user_msa	ELECO.r07.2AG0102970_ELECO.r07.2AG0102970.1	ELECO.r07.2AG0102970_ELECO.r07.2AG0102970.1	145	145	unique	145	145	145	0.34688995215311	9	419	32.22222222222222	0.9162456945817022	30.0	33.0	3.0	3	0.0	1.0	0.9162456945817022	30	0	30	0	32.5	-2.5	-2.5
empirical	user_msa	Phala.08G200500_Phala.08G200500.1	Phala.08G200500_Phala.08G200500.1	145	145	unique	145	145	145	0.34688995215311	9	419	32.22222222222222	0.9162456945817022	30.0	33.0	3.0	3	0.0	1.0	0.9162456945817022	33	0	33	0	32.125	0.875	0.875
empirical	user_msa	Phala.08G200500_Phala.08G200500.3	Phala.08G200500_Phala.08G200500.3	145	145	unique	145	145	145	0.34688995215311	9	419	32.22222222222222	0.9162456945817022	30.0	33.0	3.0	3	0.0	1.0	0.9162456945817022	33	0	33	0	32.125	0.875	0.875
empirical	user_msa	Phala.08G200500_Phala.08G200500.2	Phala.08G200500_Phala.08G200500.2	145	145	unique	145	145	145	0.34688995215311	9	419	32.22222222222222	0.9162456945817022	30.0	33.0	3.0	3	0.0	1.0	0.9162456945817022	33	0	33	0	32.125	0.875	0.875
empirical	user_msa	HORVU.MOREX.r3.6HG0571560_HORVU.MOREX.r3.6HG0571560.1	HORVU.MOREX.r3.6HG0571560_HORVU.MOREX.r3.6HG0571560.1	145	145	unique	145	145	145	0.34688995215311	9	419	32.22222222222222	0.9162456945817022	30.0	33.0	3.0	3	0.0	1.0	0.9162456945817022	32	0	32	0	32.25	-0.25	-0.25
empirical	user_msa	TraesCS6A03G0381800_TraesCS6A03G0381800.1	TraesCS6A03G0381800_TraesCS6A03G0381800.1	145	145	unique	145	145	145	0.34688995215311	9	419	32.22222222222222	0.9162456945817022	30.0	33.0	3.0	3	0.0	1.0	0.9162456945817022	32	0	32	0	32.25	-0.25	-0.25
empirical	user_msa	Thint.S06G201700_Thint.S06G201700.1	Thint.S06G201700_Thint.S06G201700.1	145	145	unique	145	145	145	0.34688995215311	9	419	32.22222222222222	0.9162456945817022	30.0	33.0	3.0	3	0.0	1.0	0.9162456945817022	32	0	32	0	32.25	-0.25	-0.25
empirical	user_msa	LOC_Os02g07490_LOC_Os02g07490.1	LOC_Os02g07490_LOC_Os02g07490.1	146	146	unique	146	146	146	0.3492822966507177	9	419	34.55555555555556	1.6405358955814888	32.0	36.0	4.0	3	0.0	1.0	1.6405358955814888	36	0	36	0	34.375	1.625	1.625
empirical	user_msa	Oropetium_20150105_02675_Oropetium_20150105_02675A	Oropetium_20150105_02675_Oropetium_20150105_02675A	146	146	unique	146	146	146	0.3492822966507177	9	419	34.55555555555556	1.6405358955814888	32.0	36.0	4.0	3	0.0	1.0	1.6405358955814888	32	0	32	0	34.875	-2.875	-2.875
empirical	user_msa	ELECO.r07.2AG0102970_ELECO.r07.2AG0102970.1	ELECO.r07.2AG0102970_ELECO.r07.2AG0102970.1	146	146	unique	146	146	146	0.3492822966507177	9	419	34.55555555555556	1.6405358955814888	32.0	36.0	4.0	3	0.0	1.0	1.6405358955814888	36	0	36	0	34.375	1.625	1.625
empirical	user_msa	Phala.08G200500_Phala.08G200500.1	Phala.08G200500_Phala.08G200500.1	146	146	unique	146	146	146	0.3492822966507177	9	419	34.55555555555556	1.6405358955814888	32.0	36.0	4.0	3	0.0	1.0	1.6405358955814888	33	0	33	0	34.75	-1.75	-1.75
empirical	user_msa	Phala.08G200500_Phala.08G200500.3	Phala.08G200500_Phala.08G200500.3	146	146	unique	146	146	146	0.3492822966507177	9	419	34.55555555555556	1.6405358955814888	32.0	36.0	4.0	3	0.0	1.0	1.6405358955814888	33	0	33	0	34.75	-1.75	-1.75
empirical	user_msa	Phala.08G200500_Phala.08G200500.2	Phala.08G200500_Phala.08G200500.2	146	146	unique	146	146	146	0.3492822966507177	9	419	34.55555555555556	1.6405358955814888	32.0	36.0	4.0	3	0.0	1.0	1.6405358955814888	33	0	33	0	34.75	-1.75	-1.75
empirical	user_msa	HORVU.MOREX.r3.6HG0571560_HORVU.MOREX.r3.6HG0571560.1	HORVU.MOREX.r3.6HG0571560_HORVU.MOREX.r3.6HG0571560.1	146	146	unique	146	146	146	0.3492822966507177	9	419	34.55555555555556	1.6405358955814888	32.0	36.0	4.0	3	0.0	1.0	1.6405358955814888	36	0	36	0	34.375	1.625	1.625
empirical	user_msa	TraesCS6A03G0381800_TraesCS6A03G0381800.1	TraesCS6A03G0381800_TraesCS6A03G0381800.1	146	146	unique	146	146	146	0.3492822966507177	9	419	34.55555555555556	1.6405358955814888	32.0	36.0	4.0	3	0.0	1.0	1.6405358955814888	36	0	36	0	34.375	1.625	1.625
empirical	user_msa	Thint.S06G201700_Thint.S06G201700.1	Thint.S06G201700_Thint.S06G201700.1	146	146	unique	146	146	146	0.3492822966507177	9	419	34.55555555555556	1.6405358955814888	32.0	36.0	4.0	3	0.0	1.0	1.6405358955814888	36	0	36	0	34.375	1.625	1.625
empirical	user_msa	LOC_Os02g07490_LOC_Os02g07490.1	LOC_Os02g07490_LOC_Os02g07490.1	147	147	unique	147	147	147	0.35167464114832536	9	419	35.666666666666664	23.11324776447962	15.0	62.0	47.0	3	0.0	1.0	23.11324776447962	15	0	15	0	38.25	-23.25	-23.25
empirical	user_msa	Oropetium_20150105_02675_Oropetium_20150105_02675A	Oropetium_20150105_02675_Oropetium_20150105_02675A	147	147	unique	147	147	147	0.35167464114832536	9	419	35.666666666666664	23.11324776447962	15.0	62.0	47.0	3	0.0	1.0	23.11324776447962	60	0	60	0	32.625	27.375	27.375
empirical	user_msa	ELECO.r07.2AG0102970_ELECO.r07.2AG0102970.1	ELECO.r07.2AG0102970_ELECO.r07.2AG0102970.1	147	147	unique	147	147	147	0.35167464114832536	9	419	35.666666666666664	23.11324776447962	15.0	62.0	47.0	3	0.0	1.0	23.11324776447962	15	0	15	0	38.25	-23.25	-23.25
empirical	user_msa	Phala.08G200500_Phala.08G200500.1	Phala.08G200500_Phala.08G200500.1	147	147	unique	147	147	147	0.35167464114832536	9	419	35.666666666666664	23.11324776447962	15.0	62.0	47.0	3	0.0	1.0	23.11324776447962	62	0	62	0	32.375	29.625	29.625
empirical	user_msa	Phala.08G200500_Phala.08G200500.3	Phala.08G200500_Phala.08G200500.3	147	147	unique	147	147	147	0.35167464114832536	9	419	35.666666666666664	23.11324776447962	15.0	62.0	47.0	3	0.0	1.0	23.11324776447962	62	0	62	0	32.375	29.625	29.625
empirical	user_msa	Phala.08G200500_Phala.08G200500.2	Phala.08G200500_Phala.08G200500.2	147	147	unique	147	147	147	0.35167464114832536	9	419	35.666666666666664	23.11324776447962	15.0	62.0	47.0	3	0.0	1.0	23.11324776447962	62	0	62	0	32.375	29.625	29.625
empirical	user_msa	HORVU.MOREX.r3.6HG0571560_HORVU.MOREX.r3.6HG0571560.1	HORVU.MOREX.r3.6HG0571560_HORVU.MOREX.r3.6HG0571560.1	147	147	unique	147	147	147	0.35167464114832536	9	419	35.666666666666664	23.11324776447962	15.0	62.0	47.0	3	0.0	1.0	23.11324776447962	15	0	15	0	38.25	-23.25	-23.25
empirical	user_msa	TraesCS6A03G0381800_TraesCS6A03G0381800.1	TraesCS6A03G0381800_TraesCS6A03G0381800.1	147	147	unique	147	147	147	0.35167464114832536	9	419	35.666666666666664	23.11324776447962	15.0	62.0	47.0	3	0.0	1.0	23.11324776447962	15	0	15	0	38.25	-23.25	-23.25
empirical	user_msa	Thint.S06G201700_Thint.S06G201700.1	Thint.S06G201700_Thint.S06G201700.1	147	147	unique	147	147	147	0.35167464114832536	9	419	35.666666666666664	23.11324776447962	15.0	62.0	47.0	3	0.0	1.0	23.11324776447962	15	0	15	0	38.25	-23.25	-23.25
empirical	user_msa	LOC_Os02g07490_LOC_Os02g07490.1	LOC_Os02g07490_LOC_Os02g07490.1	148	148	unique	148	148	148	0.35406698564593303	9	419	22.77777777777778	19.87615979999813	5.0	45.0	40.0	2	0.0	1.0	19.87615979999813	5	0	5	0	25.0	-20.0	-20.0
empirical	user_msa	Oropetium_20150105_02675_Oropetium_20150105_02675A	Oropetium_20150105_02675_Oropetium_20150105_02675A	148	148	unique	148	148	148	0.35406698564593303	9	419	22.77777777777778	19.87615979999813	5.0	45.0	40.0	2	0.0	1.0	19.87615979999813	45	0	45	0	20.0	25.0	25.0
empirical	user_msa	ELECO.r07.2AG0102970_ELECO.r07.2AG0102970.1	ELECO.r07.2AG0102970_ELECO.r07.2AG0102970.1	148	148	unique	148	148	148	0.35406698564593303	9	419	22.77777777777778	19.87615979999813	5.0	45.0	40.0	2	0.0	1.0	19.87615979999813	5	0	5	0	25.0	-20.0	-20.0
empirical	user_msa	Phala.08G200500_Phala.08G200500.1	Phala.08G200500_Phala.08G200500.1	148	148	unique	148	148	148	0.35406698564593303	9	419	22.77777777777778	19.87615979999813	5.0	45.0	40.0	2	0.0	1.0	19.87615979999813	45	0	45	0	20.0	25.0	25.0
empirical	user_msa	Phala.08G200500_Phala.08G200500.3	Phala.08G200500_Phala.08G200500.3	148	148	unique	148	148	148	0.35406698564593303	9	419	22.77777777777778	19.87615979999813	5.0	45.0	40.0	2	0.0	1.0	19.87615979999813	45	0	45	0	20.0	25.0	25.0
empirical	user_msa	Phala.08G200500_Phala.08G200500.2	Phala.08G200500_Phala.08G200500.2	148	148	unique	148	148	148	0.35406698564593303	9	419	22.77777777777778	19.87615979999813	5.0	45.0	40.0	2	0.0	1.0	19.87615979999813	45	0	45	0	20.0	25.0	25.0
empirical	user_msa	HORVU.MOREX.r3.6HG0571560_HORVU.MOREX.r3.6HG0571560.1	HORVU.MOREX.r3.6HG0571560_HORVU.MOREX.r3.6HG0571560.1	148	148	unique	148	148	148	0.35406698564593303	9	419	22.77777777777778	19.87615979999813	5.0	45.0	40.0	2	0.0	1.0	19.87615979999813	5	0	5	0	25.0	-20.0	-20.0
empirical	user_msa	TraesCS6A03G0381800_TraesCS6A03G0381800.1	TraesCS6A03G0381800_TraesCS6A03G0381800.1	148	148	unique	148	148	148	0.35406698564593303	9	419	22.77777777777778	19.87615979999813	5.0	45.0	40.0	2	0.0	1.0	19.87615979999813	5	0	5	0	25.0	-20.0	-20.0
empirical	user_msa	Thint.S06G201700_Thint.S06G201700.1	Thint.S06G201700_Thint.S06G201700.1	148	148	unique	148	148	148	0.35406698564593303	9	419	22.77777777777778	19.87615979999813	5.0	45.0	40.0	2	0.0	1.0	19.87615979999813	5	0	5	0	25.0	-20.0	-20.0
empirical	user_msa	LOC_Os02g07490_LOC_Os02g07490.1	LOC_Os02g07490_LOC_Os02g07490.1	149	149	unique	149	149	149	0.35645933014354064	9	419	40.22222222222222	3.8232556742411674	36.0	44.0	8.0	3	0.0	1.0	3.8232556742411674	42	0	42	0	40.0	2.0	2.0
empirical	user_msa	Oropetium_20150105_02675_Oropetium_20150105_02675A	Oropetium_20150105_02675_Oropetium_20150105_02675A	149	149	unique	149	149	149	0.35645933014354064	9	419	40.22222222222222	3.8232556742411674	36.0	44.0	8.0	3	0.0	1.0	3.8232556742411674	36	0	36	0	40.75	-4.75	-4.75
empirical	user_msa	ELECO.r07.2AG0102970_ELECO.r07.2AG0102970.1	ELECO.r07.2AG0102970_ELECO.r07.2AG0102970.1	149	149	unique	149	149	149	0.35645933014354064	9	419	40.22222222222222	3.8232556742411674	36.0	44.0	8.0	3	0.0	1.0	3.8232556742411674	44	0	44	0	39.75	4.25	4.25
empirical	user_msa	Phala.08G200500_Phala.08G200500.1	Phala.08G200500_Phala.08G200500.1	149	149	unique	149	149	149	0.35645933014354064	9	419	40.22222222222222	3.8232556742411674	36.0	44.0	8.0	3	0.0	1.0	3.8232556742411674	36	0	36	0	40.75	-4.75	-4.75
empirical	user_msa	Phala.08G200500_Phala.08G200500.3	Phala.08G200500_Phala.08G200500.3	149	149	unique	149	149	149	0.35645933014354064	9	419	40.22222222222222	3.8232556742411674	36.0	44.0	8.0	3	0.0	1.0	3.8232556742411674	36	0	36	0	40.75	-4.75	-4.75
empirical	user_msa	Phala.08G200500_Phala.08G200500.2	Phala.08G200500_Phala.08G200500.2	149	149	unique	149	149	149	0.35645933014354064	9	419	40.22222222222222	3.8232556742411674	36.0	44.0	8.0	3	0.0	1.0	3.8232556742411674	36	0	36	0	40.75	-4.75	-4.75
empirical	user_msa	HORVU.MOREX.r3.6HG0571560_HORVU.MOREX.r3.6HG0571560.1	HORVU.MOREX.r3.6HG0571560_HORVU.MOREX.r3.6HG0571560.1	149	149	unique	149	149	149	0.35645933014354064	9	419	40.22222222222222	3.8232556742411674	36.0	44.0	8.0	3	0.0	1.0	3.8232556742411674	44	0	44	0	39.75	4.25	4.25
empirical	user_msa	TraesCS6A03G0381800_TraesCS6A03G0381800.1	TraesCS6A03G0381800_TraesCS6A03G0381800.1	149	149	unique	149	149	149	0.35645933014354064	9	419	40.22222222222222	3.8232556742411674	36.0	44.0	8.0	3	0.0	1.0	3.8232556742411674	44	0	44	0	39.75	4.25	4.25
empirical	user_msa	Thint.S06G201700_Thint.S06G201700.1	Thint.S06G201700_Thint.S06G201700.1	149	149	unique	149	149	149	0.35645933014354064	9	419	40.22222222222222	3.8232556742411674	36.0	44.0	8.0	3	0.0	1.0	3.8232556742411674	44	0	44	0	39.75	4.25	4.25
empirical	user_msa	LOC_Os02g07490_LOC_Os02g07490.1	LOC_Os02g07490_LOC_Os02g07490.1	150	150	unique	150	150	150	0.3588516746411483	9	419	4.0	0.0	4.0	4.0	0.0	1	0.0	1.0	0.0	4	0	4	0	4.0	0.0	0.0
empirical	user_msa	Oropetium_20150105_02675_Oropetium_20150105_02675A	Oropetium_20150105_02675_Oropetium_20150105_02675A	150	150	unique	150	150	150	0.3588516746411483	9	419	4.0	0.0	4.0	4.0	0.0	1	0.0	1.0	0.0	4	0	4	0	4.0	0.0	0.0
empirical	user_msa	ELECO.r07.2AG0102970_ELECO.r07.2AG0102970.1	ELECO.r07.2AG0102970_ELECO.r07.2AG0102970.1	150	150	unique	150	150	150	0.3588516746411483	9	419	4.0	0.0	4.0	4.0	0.0	1	0.0	1.0	0.0	4	0	4	0	4.0	0.0	0.0
empirical	user_msa	Phala.08G200500_Phala.08G200500.1	Phala.08G200500_Phala.08G200500.1	150	150	unique	150	150	150	0.3588516746411483	9	419	4.0	0.0	4.0	4.0	0.0	1	0.0	1.0	0.0	4	0	4	0	4.0	0.0	0.0
empirical	user_msa	Phala.08G200500_Phala.08G200500.3	Phala.08G200500_Phala.08G200500.3	150	150	unique	150	150	150	0.3588516746411483	9	419	4.0	0.0	4.0	4.0	0.0	1	0.0	1.0	0.0	4	0	4	0	4.0	0.0	0.0
empirical	user_msa	Phala.08G200500_Phala.08G200500.2	Phala.08G200500_Phala.08G200500.2	150	150	unique	150	150	150	0.3588516746411483	9	419	4.0	0.0	4.0	4.0	0.0	1	0.0	1.0	0.0	4	0	4	0	4.0	0.0	0.0
empirical	user_msa	HORVU.MOREX.r3.6HG0571560_HORVU.MOREX.r3.6HG0571560.1	HORVU.MOREX.r3.6HG0571560_HORVU.MOREX.r3.6HG0571560.1	150	150	unique	150	150	150	0.3588516746411483	9	419	4.0	0.0	4.0	4.0	0.0	1	0.0	1.0	0.0	4	0	4	0	4.0	0.0	0.0
empirical	user_msa	TraesCS6A03G0381800_TraesCS6A03G0381800.1	TraesCS6A03G0381800_TraesCS6A03G0381800.1	150	150	unique	150	150	150	0.3588516746411483	9	419	4.0	0.0	4.0	4.0	0.0	1	0.0	1.0	0.0	4	0	4	0	4.0	0.0	0.0
empirical	user_msa	Thint.S06G201700_Thint.S06G201700.1	Thint.S06G201700_Thint.S06G201700.1	150	150	unique	150	150	150	0.3588516746411483	9	419	4.0	0.0	4.0	4.0	0.0	1	0.0	1.0	0.0	4	0	4	0	4.0	0.0	0.0
empirical	user_msa	LOC_Os02g07490_LOC_Os02g07490.1	LOC_Os02g07490_LOC_Os02g07490.1	151	151	unique	151	151	151	0.361244019138756	9	419	17.11111111111111	16.89473582999841	2.0	36.0	34.0	2	0.0	1.0	16.89473582999841	2	0	2	0	19.0	-17.0	-17.0
empirical	user_msa	Oropetium_20150105_02675_Oropetium_20150105_02675A	Oropetium_20150105_02675_Oropetium_20150105_02675A	151	151	unique	151	151	151	0.361244019138756	9	419	17.11111111111111	16.89473582999841	2.0	36.0	34.0	2	0.0	1.0	16.89473582999841	36	0	36	0	14.75	21.25	21.25
empirical	user_msa	ELECO.r07.2AG0102970_ELECO.r07.2AG0102970.1	ELECO.r07.2AG0102970_ELECO.r07.2AG0102970.1	151	151	unique	151	151	151	0.361244019138756	9	419	17.11111111111111	16.89473582999841	2.0	36.0	34.0	2	0.0	1.0	16.89473582999841	2	0	2	0	19.0	-17.0	-17.0
empirical	user_msa	Phala.08G200500_Phala.08G200500.1	Phala.08G200500_Phala.08G200500.1	151	151	unique	151	151	151	0.361244019138756	9	419	17.11111111111111	16.89473582999841	2.0	36.0	34.0	2	0.0	1.0	16.89473582999841	36	0	36	0	14.75	21.25	21.25
empirical	user_msa	Phala.08G200500_Phala.08G200500.3	Phala.08G200500_Phala.08G200500.3	151	151	unique	151	151	151	0.361244019138756	9	419	17.11111111111111	16.89473582999841	2.0	36.0	34.0	2	0.0	1.0	16.89473582999841	36	0	36	0	14.75	21.25	21.25
empirical	user_msa	Phala.08G200500_Phala.08G200500.2	Phala.08G200500_Phala.08G200500.2	151	151	unique	151	151	151	0.361244019138756	9	419	17.11111111111111	16.89473582999841	2.0	36.0	34.0	2	0.0	1.0	16.89473582999841	36	0	36	0	14.75	21.25	21.25
empirical	user_msa	HORVU.MOREX.r3.6HG0571560_HORVU.MOREX.r3.6HG0571560.1	HORVU.MOREX.r3.6HG0571560_HORVU.MOREX.r3.6HG0571560.1	151	151	unique	151	151	151	0.361244019138756	9	419	17.11111111111111	16.89473582999841	2.0	36.0	34.0	2	0.0	1.0	16.89473582999841	2	0	2	0	19.0	-17.0	-17.0
empirical	user_msa	TraesCS6A03G0381800_TraesCS6A03G0381800.1	TraesCS6A03G0381800_TraesCS6A03G0381800.1	151	151	unique	151	151	151	0.361244019138756	9	419	17.11111111111111	16.89473582999841	2.0	36.0	34.0	2	0.0	1.0	16.89473582999841	2	0	2	0	19.0	-17.0	-17.0
empirical	user_msa	Thint.S06G201700_Thint.S06G201700.1	Thint.S06G201700_Thint.S06G201700.1	151	151	unique	151	151	151	0.361244019138756	9	419	17.11111111111111	16.89473582999841	2.0	36.0	34.0	2	0.0	1.0	16.89473582999841	2	0	2	0	19.0	-17.0	-17.0
empirical	user_msa	LOC_Os02g07490_LOC_Os02g07490.1	LOC_Os02g07490_LOC_Os02g07490.1	152	152	unique	152	152	152	0.36363636363636365	9	419	33.22222222222222	15.872952380825398	15.0	49.0	34.0	4	0.0	1.0	15.872952380825398	47	0	47	0	31.5	15.5	15.5
empirical	user_msa	Oropetium_20150105_02675_Oropetium_20150105_02675A	Oropetium_20150105_02675_Oropetium_20150105_02675A	152	152	unique	152	152	152	0.36363636363636365	9	419	33.22222222222222	15.872952380825398	15.0	49.0	34.0	4	0.0	1.0	15.872952380825398	49	0	49	0	31.25	17.75	17.75
empirical	user_msa	ELECO.r07.2AG0102970_ELECO.r07.2AG0102970.1	ELECO.r07.2AG0102970_ELECO.r07.2AG0102970.1	152	152	unique	152	152	152	0.36363636363636365	9	419	33.22222222222222	15.872952380825398	15.0	49.0	34.0	4	0.0	1.0	15.872952380825398	15	0	15	0	35.5	-20.5	-20.5
empirical	user_msa	Phala.08G200500_Phala.08G200500.1	Phala.08G200500_Phala.08G200500.1	152	152	unique	152	152	152	0.36363636363636365	9	419	33.22222222222222	15.872952380825398	15.0	49.0	34.0	4	0.0	1.0	15.872952380825398	47	0	47	0	31.5	15.5	15.5
empirical	user_msa	Phala.08G200500_Phala.08G200500.3	Phala.08G200500_Phala.08G200500.3	152	152	unique	152	152	152	0.36363636363636365	9	419	33.22222222222222	15.872952380825398	15.0	49.0	34.0	4	0.0	1.0	15.872952380825398	47	0	47	0	31.5	15.5	15.5
empirical	user_msa	Phala.08G200500_Phala.08G200500.2	Phala.08G200500_Phala.08G200500.2	152	152	unique	152	152	152	0.36363636363636365	9	419	33.22222222222222	15.872952380825398	15.0	49.0	34.0	4	0.0	1.0	15.872952380825398	47	0	47	0	31.5	15.5	15.5
empirical	user_msa	HORVU.MOREX.r3.6HG0571560_HORVU.MOREX.r3.6HG0571560.1	HORVU.MOREX.r3.6HG0571560_HORVU.MOREX.r3.6HG0571560.1	152	152	unique	152	152	152	0.36363636363636365	9	419	33.22222222222222	15.872952380825398	15.0	49.0	34.0	4	0.0	1.0	15.872952380825398	15	0	15	0	35.5	-20.5	-20.5
empirical	user_msa	TraesCS6A03G0381800_TraesCS6A03G0381800.1	TraesCS6A03G0381800_TraesCS6A03G0381800.1	152	152	unique	152	152	152	0.36363636363636365	9	419	33.22222222222222	15.872952380825398	15.0	49.0	34.0	4	0.0	1.0	15.872952380825398	15	0	15	0	35.5	-20.5	-20.5
empirical	user_msa	Thint.S06G201700_Thint.S06G201700.1	Thint.S06G201700_Thint.S06G201700.1	152	152	unique	152	152	152	0.36363636363636365	9	419	33.22222222222222	15.872952380825398	15.0	49.0	34.0	4	0.0	1.0	15.872952380825398	17	0	17	0	35.25	-18.25	-18.25
empirical	user_msa	LOC_Os02g07490_LOC_Os02g07490.1	LOC_Os02g07490_LOC_Os02g07490.1	153	153	unique	153	153	153	0.3660287081339713	9	419	11.88888888888889	12.493949152773865	6.0	47.0	41.0	3	0.0	1.0	12.493949152773865	6	0	6	0	12.625	-6.625	-6.625
empirical	user_msa	Oropetium_20150105_02675_Oropetium_20150105_02675A	Oropetium_20150105_02675_Oropetium_20150105_02675A	153	153	unique	153	153	153	0.3660287081339713	9	419	11.88888888888889	12.493949152773865	6.0	47.0	41.0	3	0.0	1.0	12.493949152773865	47	0	47	0	7.5	39.5	39.5
empirical	user_msa	ELECO.r07.2AG0102970_ELECO.r07.2AG0102970.1	ELECO.r07.2AG0102970_ELECO.r07.2AG0102970.1	153	153	unique	153	153	153	0.3660287081339713	9	419	11.88888888888889	12.493949152773865	6.0	47.0	41.0	3	0.0	1.0	12.493949152773865	6	0	6	0	12.625	-6.625	-6.625
empirical	user_msa	Phala.08G200500_Phala.08G200500.1	Phala.08G200500_Phala.08G200500.1	153	153	unique	153	153	153	0.3660287081339713	9	419	11.88888888888889	12.493949152773865	6.0	47.0	41.0	3	0.0	1.0	12.493949152773865	9	0	9	0	12.25	-3.25	-3.25
empirical	user_msa	Phala.08G200500_Phala.08G200500.3	Phala.08G200500_Phala.08G200500.3	153	153	unique	153	153	153	0.3660287081339713	9	419	11.88888888888889	12.493949152773865	6.0	47.0	41.0	3	0.0	1.0	12.493949152773865	9	0	9	0	12.25	-3.25	-3.25
empirical	user_msa	Phala.08G200500_Phala.08G200500.2	Phala.08G200500_Phala.08G200500.2	153	153	unique	153	153	153	0.3660287081339713	9	419	11.88888888888889	12.493949152773865	6.0	47.0	41.0	3	0.0	1.0	12.493949152773865	9	0	9	0	12.25	-3.25	-3.25
empirical	user_msa	HORVU.MOREX.r3.6HG0571560_HORVU.MOREX.r3.6HG0571560.1	HORVU.MOREX.r3.6HG0571560_HORVU.MOREX.r3.6HG0571560.1	153	153	unique	153	153	153	0.3660287081339713	9	419	11.88888888888889	12.493949152773865	6.0	47.0	41.0	3	0.0	1.0	12.493949152773865	6	0	6	0	12.625	-6.625	-6.625
empirical	user_msa	TraesCS6A03G0381800_TraesCS6A03G0381800.1	TraesCS6A03G0381800_TraesCS6A03G0381800.1	153	153	unique	153	153	153	0.3660287081339713	9	419	11.88888888888889	12.493949152773865	6.0	47.0	41.0	3	0.0	1.0	12.493949152773865	9	0	9	0	12.25	-3.25	-3.25
empirical	user_msa	Thint.S06G201700_Thint.S06G201700.1	Thint.S06G201700_Thint.S06G201700.1	153	153	unique	153	153	153	0.3660287081339713	9	419	11.88888888888889	12.493949152773865	6.0	47.0	41.0	3	0.0	1.0	12.493949152773865	6	0	6	0	12.625	-6.625	-6.625
empirical	user_msa	LOC_Os02g07490_LOC_Os02g07490.1	LOC_Os02g07490_LOC_Os02g07490.1	154	154	unique	154	154	154	0.3684210526315789	9	419	29.22222222222222	15.921877177001026	14.0	47.0	33.0	4	0.0	1.0	15.921877177001026	15	0	15	0	31.0	-16.0	-16.0
empirical	user_msa	Oropetium_20150105_02675_Oropetium_20150105_02675A	Oropetium_20150105_02675_Oropetium_20150105_02675A	154	154	unique	154	154	154	0.3684210526315789	9	419	29.22222222222222	15.921877177001026	14.0	47.0	33.0	4	0.0	1.0	15.921877177001026	47	0	47	0	27.0	20.0	20.0
empirical	user_msa	ELECO.r07.2AG0102970_ELECO.r07.2AG0102970.1	ELECO.r07.2AG0102970_ELECO.r07.2AG0102970.1	154	154	unique	154	154	154	0.3684210526315789	9	419	29.22222222222222	15.921877177001026	14.0	47.0	33.0	4	0.0	1.0	15.921877177001026	17	0	17	0	30.75	-13.75	-13.75
empirical	user_msa	Phala.08G200500_Phala.08G200500.1	Phala.08G200500_Phala.08G200500.1	154	154	unique	154	154	154	0.3684210526315789	9	419	29.22222222222222	15.921877177001026	14.0	47.0	33.0	4	0.0	1.0	15.921877177001026	47	0	47	0	27.0	20.0	20.0
empirical	user_msa	Phala.08G200500_Phala.08G200500.3	Phala.08G200500_Phala.08G200500.3	154	154	unique	154	154	154	0.3684210526315789	9	419	29.22222222222222	15.921877177001026	14.0	47.0	33.0	4	0.0	1.0	15.921877177001026	47	0	47	0	27.0	20.0	20.0
empirical	user_msa	Phala.08G200500_Phala.08G200500.2	Phala.08G200500_Phala.08G200500.2	154	154	unique	154	154	154	0.3684210526315789	9	419	29.22222222222222	15.921877177001026	14.0	47.0	33.0	4	0.0	1.0	15.921877177001026	47	0	47	0	27.0	20.0	20.0
empirical	user_msa	HORVU.MOREX.r3.6HG0571560_HORVU.MOREX.r3.6HG0571560.1	HORVU.MOREX.r3.6HG0571560_HORVU.MOREX.r3.6HG0571560.1	154	154	unique	154	154	154	0.3684210526315789	9	419	29.22222222222222	15.921877177001026	14.0	47.0	33.0	4	0.0	1.0	15.921877177001026	14	0	14	0	31.125	-17.125	-17.125
empirical	user_msa	TraesCS6A03G0381800_TraesCS6A03G0381800.1	TraesCS6A03G0381800_TraesCS6A03G0381800.1	154	154	unique	154	154	154	0.3684210526315789	9	419	29.22222222222222	15.921877177001026	14.0	47.0	33.0	4	0.0	1.0	15.921877177001026	14	0	14	0	31.125	-17.125	-17.125
empirical	user_msa	Thint.S06G201700_Thint.S06G201700.1	Thint.S06G201700_Thint.S06G201700.1	154	154	unique	154	154	154	0.3684210526315789	9	419	29.22222222222222	15.921877177001026	14.0	47.0	33.0	4	0.0	1.0	15.921877177001026	15	0	15	0	31.0	-16.0	-16.0
empirical	user_msa	LOC_Os02g07490_LOC_Os02g07490.1	LOC_Os02g07490_LOC_Os02g07490.1	155	155	unique	155	155	155	0.3708133971291866	9	419	30.555555555555557	26.80427458079157	6.0	62.0	56.0	4	0.0	1.0	26.80427458079157	9	0	9	0	33.25	-24.25	-24.25
empirical	user_msa	Oropetium_20150105_02675_Oropetium_20150105_02675A	Oropetium_20150105_02675_Oropetium_20150105_02675A	155	155	unique	155	155	155	0.3708133971291866	9	419	30.555555555555557	26.80427458079157	6.0	62.0	56.0	4	0.0	1.0	26.80427458079157	62	0	62	0	26.625	35.375	35.375
empirical	user_msa	ELECO.r07.2AG0102970_ELECO.r07.2AG0102970.1	ELECO.r07.2AG0102970_ELECO.r07.2AG0102970.1	155	155	unique	155	155	155	0.3708133971291866	9	419	30.555555555555557	26.80427458079157	6.0	62.0	56.0	4	0.0	1.0	26.80427458079157	6	0	6	0	33.625	-27.625	-27.625
empirical	user_msa	Phala.08G200500_Phala.08G200500.1	Phala.08G200500_Phala.08G200500.1	155	155	unique	155	155	155	0.3708133971291866	9	419	30.555555555555557	26.80427458079157	6.0	62.0	56.0	4	0.0	1.0	26.80427458079157	60	0	60	0	26.875	33.125	33.125
empirical	user_msa	Phala.08G200500_Phala.08G200500.3	Phala.08G200500_Phala.08G200500.3	155	155	unique	155	155	155	0.3708133971291866	9	419	30.555555555555557	26.80427458079157	6.0	62.0	56.0	4	0.0	1.0	26.80427458079157	60	0	60	0	26.875	33.125	33.125
empirical	user_msa	Phala.08G200500_Phala.08G200500.2	Phala.08G200500_Phala.08G200500.2	155	155	unique	155	155	155	0.3708133971291866	9	419	30.555555555555557	26.80427458079157	6.0	62.0	56.0	4	0.0	1.0	26.80427458079157	60	0	60	0	26.875	33.125	33.125
empirical	user_msa	HORVU.MOREX.r3.6HG0571560_HORVU.MOREX.r3.6HG0571560.1	HORVU.MOREX.r3.6HG0571560_HORVU.MOREX.r3.6HG0571560.1	155	155	unique	155	155	155	0.3708133971291866	9	419	30.555555555555557	26.80427458079157	6.0	62.0	56.0	4	0.0	1.0	26.80427458079157	6	0	6	0	33.625	-27.625	-27.625
empirical	user_msa	TraesCS6A03G0381800_TraesCS6A03G0381800.1	TraesCS6A03G0381800_TraesCS6A03G0381800.1	155	155	unique	155	155	155	0.3708133971291866	9	419	30.555555555555557	26.80427458079157	6.0	62.0	56.0	4	0.0	1.0	26.80427458079157	6	0	6	0	33.625	-27.625	-27.625
empirical	user_msa	Thint.S06G201700_Thint.S06G201700.1	Thint.S06G201700_Thint.S06G201700.1	155	155	unique	155	155	155	0.3708133971291866	9	419	30.555555555555557	26.80427458079157	6.0	62.0	56.0	4	0.0	1.0	26.80427458079157	6	0	6	0	33.625	-27.625	-27.625
empirical	user_msa	LOC_Os02g07490_LOC_Os02g07490.1	LOC_Os02g07490_LOC_Os02g07490.1	156	156	unique	156	156	156	0.37320574162679426	9	419	25.22222222222222	15.900927839998506	11.0	43.0	32.0	2	0.0	1.0	15.900927839998506	11	0	11	0	27.0	-16.0	-16.0
empirical	user_msa	Oropetium_20150105_02675_Oropetium_20150105_02675A	Oropetium_20150105_02675_Oropetium_20150105_02675A	156	156	unique	156	156	156	0.37320574162679426	9	419	25.22222222222222	15.900927839998506	11.0	43.0	32.0	2	0.0	1.0	15.900927839998506	43	0	43	0	23.0	20.0	20.0
empirical	user_msa	ELECO.r07.2AG0102970_ELECO.r07.2AG0102970.1	ELECO.r07.2AG0102970_ELECO.r07.2AG0102970.1	156	156	unique	156	156	156	0.37320574162679426	9	419	25.22222222222222	15.900927839998506	11.0	43.0	32.0	2	0.0	1.0	15.900927839998506	11	0	11	0	27.0	-16.0	-16.0
empirical	user_msa	Phala.08G200500_Phala.08G200500.1	Phala.08G200500_Phala.08G200500.1	156	156	unique	156	156	156	0.37320574162679426	9	419	25.22222222222222	15.900927839998506	11.0	43.0	32.0	2	0.0	1.0	15.900927839998506	43	0	43	0	23.0	20.0	20.0
empirical	user_msa	Phala.08G200500_Phala.08G200500.3	Phala.08G200500_Phala.08G200500.3	156	156	unique	156	156	156	0.37320574162679426	9	419	25.22222222222222	15.900927839998506	11.0	43.0	32.0	2	0.0	1.0	15.900927839998506	43	0	43	0	23.0	20.0	20.0
empirical	user_msa	Phala.08G200500_Phala.08G200500.2	Phala.08G200500_Phala.08G200500.2	156	156	unique	156	156	156	0.37320574162679426	9	419	25.22222222222222	15.900927839998506	11.0	43.0	32.0	2	0.0	1.0	15.900927839998506	43	0	43	0	23.0	20.0	20.0
empirical	user_msa	HORVU.MOREX.r3.6HG0571560_HORVU.MOREX.r3.6HG0571560.1	HORVU.MOREX.r3.6HG0571560_HORVU.MOREX.r3.6HG0571560.1	156	156	unique	156	156	156	0.37320574162679426	9	419	25.22222222222222	15.900927839998506	11.0	43.0	32.0	2	0.0	1.0	15.900927839998506	11	0	11	0	27.0	-16.0	-16.0
empirical	user_msa	TraesCS6A03G0381800_TraesCS6A03G0381800.1	TraesCS6A03G0381800_TraesCS6A03G0381800.1	156	156	unique	156	156	156	0.37320574162679426	9	419	25.22222222222222	15.900927839998506	11.0	43.0	32.0	2	0.0	1.0	15.900927839998506	11	0	11	0	27.0	-16.0	-16.0
empirical	user_msa	Thint.S06G201700_Thint.S06G201700.1	Thint.S06G201700_Thint.S06G201700.1	156	156	unique	156	156	156	0.37320574162679426	9	419	25.22222222222222	15.900927839998506	11.0	43.0	32.0	2	0.0	1.0	15.900927839998506	11	0	11	0	27.0	-16.0	-16.0
empirical	user_msa	LOC_Os02g07490_LOC_Os02g07490.1	LOC_Os02g07490_LOC_Os02g07490.1	157	157	unique	157	157	157	0.37559808612440193	9	419	12.333333333333334	16.539514973407037	2.0	56.0	54.0	3	0.0	1.0	16.539514973407037	2	0	2	0	13.625	-11.625	-11.625
empirical	user_msa	Oropetium_20150105_02675_Oropetium_20150105_02675A	Oropetium_20150105_02675_Oropetium_20150105_02675A	157	157	unique	157	157	157	0.37559808612440193	9	419	12.333333333333334	16.539514973407037	2.0	56.0	54.0	3	0.0	1.0	16.539514973407037	56	0	56	0	6.875	49.125	49.125
empirical	user_msa	ELECO.r07.2AG0102970_ELECO.r07.2AG0102970.1	ELECO.r07.2AG0102970_ELECO.r07.2AG0102970.1	157	157	unique	157	157	157	0.37559808612440193	9	419	12.333333333333334	16.539514973407037	2.0	56.0	54.0	3	0.0	1.0	16.539514973407037	2	0	2	0	13.625	-11.625	-11.625
empirical	user_msa	Phala.08G200500_Phala.08G200500.1	Phala.08G200500_Phala.08G200500.1	157	157	unique	157	157	157	0.37559808612440193	9	419	12.333333333333334	16.539514973407037	2.0	56.0	54.0	3	0.0	1.0	16.539514973407037	15	0	15	0	12.0	3.0	3.0
empirical	user_msa	Phala.08G200500_Phala.08G200500.3	Phala.08G200500_Phala.08G200500.3	157	157	unique	157	157	157	0.37559808612440193	9	419	12.333333333333334	16.539514973407037	2.0	56.0	54.0	3	0.0	1.0	16.539514973407037	15	0	15	0	12.0	3.0	3.0
empirical	user_msa	Phala.08G200500_Phala.08G200500.2	Phala.08G200500_Phala.08G200500.2	157	157	unique	157	157	157	0.37559808612440193	9	419	12.333333333333334	16.539514973407037	2.0	56.0	54.0	3	0.0	1.0	16.539514973407037	15	0	15	0	12.0	3.0	3.0
empirical	user_msa	HORVU.MOREX.r3.6HG0571560_HORVU.MOREX.r3.6HG0571560.1	HORVU.MOREX.r3.6HG0571560_HORVU.MOREX.r3.6HG0571560.1	157	157	unique	157	157	157	0.37559808612440193	9	419	12.333333333333334	16.539514973407037	2.0	56.0	54.0	3	0.0	1.0	16.539514973407037	2	0	2	0	13.625	-11.625	-11.625
empirical	user_msa	TraesCS6A03G0381800_TraesCS6A03G0381800.1	TraesCS6A03G0381800_TraesCS6A03G0381800.1	157	157	unique	157	157	157	0.37559808612440193	9	419	12.333333333333334	16.539514973407037	2.0	56.0	54.0	3	0.0	1.0	16.539514973407037	2	0	2	0	13.625	-11.625	-11.625
empirical	user_msa	Thint.S06G201700_Thint.S06G201700.1	Thint.S06G201700_Thint.S06G201700.1	157	157	unique	157	157	157	0.37559808612440193	9	419	12.333333333333334	16.539514973407037	2.0	56.0	54.0	3	0.0	1.0	16.539514973407037	2	0	2	0	13.625	-11.625	-11.625
empirical	user_msa	LOC_Os02g07490_LOC_Os02g07490.1	LOC_Os02g07490_LOC_Os02g07490.1	158	158	unique	158	158	158	0.37799043062200954	9	419	10.88888888888889	0.9938079899999065	10.0	12.0	2.0	2	0.0	1.0	0.9938079899999065	10	0	10	0	11.0	-1.0	-1.0
empirical	user_msa	Oropetium_20150105_02675_Oropetium_20150105_02675A	Oropetium_20150105_02675_Oropetium_20150105_02675A	158	158	unique	158	158	158	0.37799043062200954	9	419	10.88888888888889	0.9938079899999065	10.0	12.0	2.0	2	0.0	1.0	0.9938079899999065	12	0	12	0	10.75	1.25	1.25
empirical	user_msa	ELECO.r07.2AG0102970_ELECO.r07.2AG0102970.1	ELECO.r07.2AG0102970_ELECO.r07.2AG0102970.1	158	158	unique	158	158	158	0.37799043062200954	9	419	10.88888888888889	0.9938079899999065	10.0	12.0	2.0	2	0.0	1.0	0.9938079899999065	10	0	10	0	11.0	-1.0	-1.0
empirical	user_msa	Phala.08G200500_Phala.08G200500.1	Phala.08G200500_Phala.08G200500.1	158	158	unique	158	158	158	0.37799043062200954	9	419	10.88888888888889	0.9938079899999065	10.0	12.0	2.0	2	0.0	1.0	0.9938079899999065	12	0	12	0	10.75	1.25	1.25
empirical	user_msa	Phala.08G200500_Phala.08G200500.3	Phala.08G200500_Phala.08G200500.3	158	158	unique	158	158	158	0.37799043062200954	9	419	10.88888888888889	0.9938079899999065	10.0	12.0	2.0	2	0.0	1.0	0.9938079899999065	12	0	12	0	10.75	1.25	1.25
empirical	user_msa	Phala.08G200500_Phala.08G200500.2	Phala.08G200500_Phala.08G200500.2	158	158	unique	158	158	158	0.37799043062200954	9	419	10.88888888888889	0.9938079899999065	10.0	12.0	2.0	2	0.0	1.0	0.9938079899999065	12	0	12	0	10.75	1.25	1.25
empirical	user_msa	HORVU.MOREX.r3.6HG0571560_HORVU.MOREX.r3.6HG0571560.1	HORVU.MOREX.r3.6HG0571560_HORVU.MOREX.r3.6HG0571560.1	158	158	unique	158	158	158	0.37799043062200954	9	419	10.88888888888889	0.9938079899999065	10.0	12.0	2.0	2	0.0	1.0	0.9938079899999065	10	0	10	0	11.0	-1.0	-1.0
empirical	user_msa	TraesCS6A03G0381800_TraesCS6A03G0381800.1	TraesCS6A03G0381800_TraesCS6A03G0381800.1	158	158	unique	158	158	158	0.37799043062200954	9	419	10.88888888888889	0.9938079899999065	10.0	12.0	2.0	2	0.0	1.0	0.9938079899999065	10	0	10	0	11.0	-1.0	-1.0
empirical	user_msa	Thint.S06G201700_Thint.S06G201700.1	Thint.S06G201700_Thint.S06G201700.1	158	158	unique	158	158	158	0.37799043062200954	9	419	10.88888888888889	0.9938079899999065	10.0	12.0	2.0	2	0.0	1.0	0.9938079899999065	10	0	10	0	11.0	-1.0	-1.0
empirical	user_msa	LOC_Os02g07490_LOC_Os02g07490.1	LOC_Os02g07490_LOC_Os02g07490.1	159	159	unique	159	159	159	0.3803827751196172	9	419	21.666666666666668	16.706618781522224	3.0	37.0	34.0	3	0.0	1.0	16.706618781522224	37	0	37	0	19.75	17.25	17.25
empirical	user_msa	Oropetium_20150105_02675_Oropetium_20150105_02675A	Oropetium_20150105_02675_Oropetium_20150105_02675A	159	159	unique	159	159	159	0.3803827751196172	9	419	21.666666666666668	16.706618781522224	3.0	37.0	34.0	3	0.0	1.0	16.706618781522224	3	0	3	0	24.0	-21.0	-21.0
empirical	user_msa	ELECO.r07.2AG0102970_ELECO.r07.2AG0102970.1	ELECO.r07.2AG0102970_ELECO.r07.2AG0102970.1	159	159	unique	159	159	159	0.3803827751196172	9	419	21.666666666666668	16.706618781522224	3.0	37.0	34.0	3	0.0	1.0	16.706618781522224	37	0	37	0	19.75	17.25	17.25
empirical	user_msa	Phala.08G200500_Phala.08G200500.1	Phala.08G200500_Phala.08G200500.1	159	159	unique	159	159	159	0.3803827751196172	9	419	21.666666666666668	16.706618781522224	3.0	37.0	34.0	3	0.0	1.0	16.706618781522224	3	0	3	0	24.0	-21.0	-21.0
empirical	user_msa	Phala.08G200500_Phala.08G200500.3	Phala.08G200500_Phala.08G200500.3	159	159	unique	159	159	159	0.3803827751196172	9	419	21.666666666666668	16.706618781522224	3.0	37.0	34.0	3	0.0	1.0	16.706618781522224	3	0	3	0	24.0	-21.0	-21.0
empirical	user_msa	Phala.08G200500_Phala.08G200500.2	Phala.08G200500_Phala.08G200500.2	159	159	unique	159	159	159	0.3803827751196172	9	419	21.666666666666668	16.706618781522224	3.0	37.0	34.0	3	0.0	1.0	16.706618781522224	3	0	3	0	24.0	-21.0	-21.0
empirical	user_msa	HORVU.MOREX.r3.6HG0571560_HORVU.MOREX.r3.6HG0571560.1	HORVU.MOREX.r3.6HG0571560_HORVU.MOREX.r3.6HG0571560.1	159	159	unique	159	159	159	0.3803827751196172	9	419	21.666666666666668	16.706618781522224	3.0	37.0	34.0	3	0.0	1.0	16.706618781522224	35	0	35	0	20.0	15.0	15.0
empirical	user_msa	TraesCS6A03G0381800_TraesCS6A03G0381800.1	TraesCS6A03G0381800_TraesCS6A03G0381800.1	159	159	unique	159	159	159	0.3803827751196172	9	419	21.666666666666668	16.706618781522224	3.0	37.0	34.0	3	0.0	1.0	16.706618781522224	37	0	37	0	19.75	17.25	17.25
empirical	user_msa	Thint.S06G201700_Thint.S06G201700.1	Thint.S06G201700_Thint.S06G201700.1	159	159	unique	159	159	159	0.3803827751196172	9	419	21.666666666666668	16.706618781522224	3.0	37.0	34.0	3	0.0	1.0	16.706618781522224	37	0	37	0	19.75	17.25	17.25
empirical	user_msa	LOC_Os02g07490_LOC_Os02g07490.1	LOC_Os02g07490_LOC_Os02g07490.1	160	160	unique	160	160	160	0.3827751196172249	9	419	24.22222222222222	1.1331154474650633	22.0	25.0	3.0	3	0.0	1.0	1.1331154474650633	22	0	22	0	24.5	-2.5	-2.5
empirical	user_msa	Oropetium_20150105_02675_Oropetium_20150105_02675A	Oropetium_20150105_02675_Oropetium_20150105_02675A	160	160	unique	160	160	160	0.3827751196172249	9	419	24.22222222222222	1.1331154474650633	22.0	25.0	3.0	3	0.0	1.0	1.1331154474650633	25	0	25	0	24.125	0.875	0.875
empirical	user_msa	ELECO.r07.2AG0102970_ELECO.r07.2AG0102970.1	ELECO.r07.2AG0102970_ELECO.r07.2AG0102970.1	160	160	unique	160	160	160	0.3827751196172249	9	419	24.22222222222222	1.1331154474650633	22.0	25.0	3.0	3	0.0	1.0	1.1331154474650633	25	0	25	0	24.125	0.875	0.875
empirical	user_msa	Phala.08G200500_Phala.08G200500.1	Phala.08G200500_Phala.08G200500.1	160	160	unique	160	160	160	0.3827751196172249	9	419	24.22222222222222	1.1331154474650633	22.0	25.0	3.0	3	0.0	1.0	1.1331154474650633	25	0	25	0	24.125	0.875	0.875
empirical	user_msa	Phala.08G200500_Phala.08G200500.3	Phala.08G200500_Phala.08G200500.3	160	160	unique	160	160	160	0.3827751196172249	9	419	24.22222222222222	1.1331154474650633	22.0	25.0	3.0	3	0.0	1.0	1.1331154474650633	25	0	25	0	24.125	0.875	0.875
empirical	user_msa	Phala.08G200500_Phala.08G200500.2	Phala.08G200500_Phala.08G200500.2	160	160	unique	160	160	160	0.3827751196172249	9	419	24.22222222222222	1.1331154474650633	22.0	25.0	3.0	3	0.0	1.0	1.1331154474650633	25	0	25	0	24.125	0.875	0.875
empirical	user_msa	HORVU.MOREX.r3.6HG0571560_HORVU.MOREX.r3.6HG0571560.1	HORVU.MOREX.r3.6HG0571560_HORVU.MOREX.r3.6HG0571560.1	160	160	unique	160	160	160	0.3827751196172249	9	419	24.22222222222222	1.1331154474650633	22.0	25.0	3.0	3	0.0	1.0	1.1331154474650633	25	0	25	0	24.125	0.875	0.875
empirical	user_msa	TraesCS6A03G0381800_TraesCS6A03G0381800.1	TraesCS6A03G0381800_TraesCS6A03G0381800.1	160	160	unique	160	160	160	0.3827751196172249	9	419	24.22222222222222	1.1331154474650633	22.0	25.0	3.0	3	0.0	1.0	1.1331154474650633	23	0	23	0	24.375	-1.375	-1.375
empirical	user_msa	Thint.S06G201700_Thint.S06G201700.1	Thint.S06G201700_Thint.S06G201700.1	160	160	unique	160	160	160	0.3827751196172249	9	419	24.22222222222222	1.1331154474650633	22.0	25.0	3.0	3	0.0	1.0	1.1331154474650633	23	0	23	0	24.375	-1.375	-1.375
empirical	user_msa	LOC_Os02g07490_LOC_Os02g07490.1	LOC_Os02g07490_LOC_Os02g07490.1	161	161	unique	161	161	161	0.38516746411483255	9	419	39.55555555555556	5.559998223643023	36.0	55.0	19.0	5	0.0	1.0	5.559998223643023	38	0	38	0	39.75	-1.75	-1.75
empirical	user_msa	Oropetium_20150105_02675_Oropetium_20150105_02675A	Oropetium_20150105_02675_Oropetium_20150105_02675A	161	161	unique	161	161	161	0.38516746411483255	9	419	39.55555555555556	5.559998223643023	36.0	55.0	19.0	5	0.0	1.0	5.559998223643023	36	0	36	0	40.0	-4.0	-4.0
empirical	user_msa	ELECO.r07.2AG0102970_ELECO.r07.2AG0102970.1	ELECO.r07.2AG0102970_ELECO.r07.2AG0102970.1	161	161	unique	161	161	161	0.38516746411483255	9	419	39.55555555555556	5.559998223643023	36.0	55.0	19.0	5	0.0	1.0	5.559998223643023	55	0	55	0	37.625	17.375	17.375
empirical	user_msa	Phala.08G200500_Phala.08G200500.1	Phala.08G200500_Phala.08G200500.1	161	161	unique	161	161	161	0.38516746411483255	9	419	39.55555555555556	5.559998223643023	36.0	55.0	19.0	5	0.0	1.0	5.559998223643023	37	0	37	0	39.875	-2.875	-2.875
empirical	user_msa	Phala.08G200500_Phala.08G200500.3	Phala.08G200500_Phala.08G200500.3	161	161	unique	161	161	161	0.38516746411483255	9	419	39.55555555555556	5.559998223643023	36.0	55.0	19.0	5	0.0	1.0	5.559998223643023	37	0	37	0	39.875	-2.875	-2.875
empirical	user_msa	Phala.08G200500_Phala.08G200500.2	Phala.08G200500_Phala.08G200500.2	161	161	unique	161	161	161	0.38516746411483255	9	419	39.55555555555556	5.559998223643023	36.0	55.0	19.0	5	0.0	1.0	5.559998223643023	37	0	37	0	39.875	-2.875	-2.875
empirical	user_msa	HORVU.MOREX.r3.6HG0571560_HORVU.MOREX.r3.6HG0571560.1	HORVU.MOREX.r3.6HG0571560_HORVU.MOREX.r3.6HG0571560.1	161	161	unique	161	161	161	0.38516746411483255	9	419	39.55555555555556	5.559998223643023	36.0	55.0	19.0	5	0.0	1.0	5.559998223643023	38	0	38	0	39.75	-1.75	-1.75
empirical	user_msa	TraesCS6A03G0381800_TraesCS6A03G0381800.1	TraesCS6A03G0381800_TraesCS6A03G0381800.1	161	161	unique	161	161	161	0.38516746411483255	9	419	39.55555555555556	5.559998223643023	36.0	55.0	19.0	5	0.0	1.0	5.559998223643023	38	0	38	0	39.75	-1.75	-1.75
empirical	user_msa	Thint.S06G201700_Thint.S06G201700.1	Thint.S06G201700_Thint.S06G201700.1	161	161	unique	161	161	161	0.38516746411483255	9	419	39.55555555555556	5.559998223643023	36.0	55.0	19.0	5	0.0	1.0	5.559998223643023	40	0	40	0	39.5	0.5	0.5
empirical	user_msa	LOC_Os02g07490_LOC_Os02g07490.1	LOC_Os02g07490_LOC_Os02g07490.1	162	162	unique	162	162	162	0.3875598086124402	9	419	36.111111111111114	0.3142696805273545	36.0	37.0	1.0	2	0.0	1.0	0.3142696805273545	37	0	37	0	36.0	1.0	1.0
empirical	user_msa	Oropetium_20150105_02675_Oropetium_20150105_02675A	Oropetium_20150105_02675_Oropetium_20150105_02675A	162	162	unique	162	162	162	0.3875598086124402	9	419	36.111111111111114	0.3142696805273545	36.0	37.0	1.0	2	0.0	1.0	0.3142696805273545	36	0	36	0	36.125	-0.125	-0.125
empirical	user_msa	ELECO.r07.2AG0102970_ELECO.r07.2AG0102970.1	ELECO.r07.2AG0102970_ELECO.r07.2AG0102970.1	162	162	unique	162	162	162	0.3875598086124402	9	419	36.111111111111114	0.3142696805273545	36.0	37.0	1.0	2	0.0	1.0	0.3142696805273545	36	0	36	0	36.125	-0.125	-0.125
empirical	user_msa	Phala.08G200500_Phala.08G200500.1	Phala.08G200500_Phala.08G200500.1	162	162	unique	162	162	162	0.3875598086124402	9	419	36.111111111111114	0.3142696805273545	36.0	37.0	1.0	2	0.0	1.0	0.3142696805273545	36	0	36	0	36.125	-0.125	-0.125
empirical	user_msa	Phala.08G200500_Phala.08G200500.3	Phala.08G200500_Phala.08G200500.3	162	162	unique	162	162	162	0.3875598086124402	9	419	36.111111111111114	0.3142696805273545	36.0	37.0	1.0	2	0.0	1.0	0.3142696805273545	36	0	36	0	36.125	-0.125	-0.125
empirical	user_msa	Phala.08G200500_Phala.08G200500.2	Phala.08G200500_Phala.08G200500.2	162	162	unique	162	162	162	0.3875598086124402	9	419	36.111111111111114	0.3142696805273545	36.0	37.0	1.0	2	0.0	1.0	0.3142696805273545	36	0	36	0	36.125	-0.125	-0.125
empirical	user_msa	HORVU.MOREX.r3.6HG0571560_HORVU.MOREX.r3.6HG0571560.1	HORVU.MOREX.r3.6HG0571560_HORVU.MOREX.r3.6HG0571560.1	162	162	unique	162	162	162	0.3875598086124402	9	419	36.111111111111114	0.3142696805273545	36.0	37.0	1.0	2	0.0	1.0	0.3142696805273545	36	0	36	0	36.125	-0.125	-0.125
empirical	user_msa	TraesCS6A03G0381800_TraesCS6A03G0381800.1	TraesCS6A03G0381800_TraesCS6A03G0381800.1	162	162	unique	162	162	162	0.3875598086124402	9	419	36.111111111111114	0.3142696805273545	36.0	37.0	1.0	2	0.0	1.0	0.3142696805273545	36	0	36	0	36.125	-0.125	-0.125
empirical	user_msa	Thint.S06G201700_Thint.S06G201700.1	Thint.S06G201700_Thint.S06G201700.1	162	162	unique	162	162	162	0.3875598086124402	9	419	36.111111111111114	0.3142696805273545	36.0	37.0	1.0	2	0.0	1.0	0.3142696805273545	36	0	36	0	36.125	-0.125	-0.125
empirical	user_msa	LOC_Os02g07490_LOC_Os02g07490.1	LOC_Os02g07490_LOC_Os02g07490.1	163	163	unique	163	163	163	0.38995215311004783	9	419	16.11111111111111	0.9938079899999065	15.0	17.0	2.0	2	0.0	1.0	0.9938079899999065	17	0	17	0	16.0	1.0	1.0
empirical	user_msa	Oropetium_20150105_02675_Oropetium_20150105_02675A	Oropetium_20150105_02675_Oropetium_20150105_02675A	163	163	unique	163	163	163	0.38995215311004783	9	419	16.11111111111111	0.9938079899999065	15.0	17.0	2.0	2	0.0	1.0	0.9938079899999065	15	0	15	0	16.25	-1.25	-1.25
empirical	user_msa	ELECO.r07.2AG0102970_ELECO.r07.2AG0102970.1	ELECO.r07.2AG0102970_ELECO.r07.2AG0102970.1	163	163	unique	163	163	163	0.38995215311004783	9	419	16.11111111111111	0.9938079899999065	15.0	17.0	2.0	2	0.0	1.0	0.9938079899999065	17	0	17	0	16.0	1.0	1.0
empirical	user_msa	Phala.08G200500_Phala.08G200500.1	Phala.08G200500_Phala.08G200500.1	163	163	unique	163	163	163	0.38995215311004783	9	419	16.11111111111111	0.9938079899999065	15.0	17.0	2.0	2	0.0	1.0	0.9938079899999065	15	0	15	0	16.25	-1.25	-1.25
empirical	user_msa	Phala.08G200500_Phala.08G200500.3	Phala.08G200500_Phala.08G200500.3	163	163	unique	163	163	163	0.38995215311004783	9	419	16.11111111111111	0.9938079899999065	15.0	17.0	2.0	2	0.0	1.0	0.9938079899999065	15	0	15	0	16.25	-1.25	-1.25
empirical	user_msa	Phala.08G200500_Phala.08G200500.2	Phala.08G200500_Phala.08G200500.2	163	163	unique	163	163	163	0.38995215311004783	9	419	16.11111111111111	0.9938079899999065	15.0	17.0	2.0	2	0.0	1.0	0.9938079899999065	15	0	15	0	16.25	-1.25	-1.25
empirical	user_msa	HORVU.MOREX.r3.6HG0571560_HORVU.MOREX.r3.6HG0571560.1	HORVU.MOREX.r3.6HG0571560_HORVU.MOREX.r3.6HG0571560.1	163	163	unique	163	163	163	0.38995215311004783	9	419	16.11111111111111	0.9938079899999065	15.0	17.0	2.0	2	0.0	1.0	0.9938079899999065	17	0	17	0	16.0	1.0	1.0
empirical	user_msa	TraesCS6A03G0381800_TraesCS6A03G0381800.1	TraesCS6A03G0381800_TraesCS6A03G0381800.1	163	163	unique	163	163	163	0.38995215311004783	9	419	16.11111111111111	0.9938079899999065	15.0	17.0	2.0	2	0.0	1.0	0.9938079899999065	17	0	17	0	16.0	1.0	1.0
empirical	user_msa	Thint.S06G201700_Thint.S06G201700.1	Thint.S06G201700_Thint.S06G201700.1	163	163	unique	163	163	163	0.38995215311004783	9	419	16.11111111111111	0.9938079899999065	15.0	17.0	2.0	2	0.0	1.0	0.9938079899999065	17	0	17	0	16.0	1.0	1.0
empirical	user_msa	LOC_Os02g07490_LOC_Os02g07490.1	LOC_Os02g07490_LOC_Os02g07490.1	164	164	unique	164	164	164	0.3923444976076555	9	419	24.555555555555557	0.4969039949999533	24.0	25.0	1.0	2	0.0	1.0	0.4969039949999533	25	0	25	0	24.5	0.5	0.5
empirical	user_msa	Oropetium_20150105_02675_Oropetium_20150105_02675A	Oropetium_20150105_02675_Oropetium_20150105_02675A	164	164	unique	164	164	164	0.3923444976076555	9	419	24.555555555555557	0.4969039949999533	24.0	25.0	1.0	2	0.0	1.0	0.4969039949999533	24	0	24	0	24.625	-0.625	-0.625
empirical	user_msa	ELECO.r07.2AG0102970_ELECO.r07.2AG0102970.1	ELECO.r07.2AG0102970_ELECO.r07.2AG0102970.1	164	164	unique	164	164	164	0.3923444976076555	9	419	24.555555555555557	0.4969039949999533	24.0	25.0	1.0	2	0.0	1.0	0.4969039949999533	25	0	25	0	24.5	0.5	0.5
empirical	user_msa	Phala.08G200500_Phala.08G200500.1	Phala.08G200500_Phala.08G200500.1	164	164	unique	164	164	164	0.3923444976076555	9	419	24.555555555555557	0.4969039949999533	24.0	25.0	1.0	2	0.0	1.0	0.4969039949999533	24	0	24	0	24.625	-0.625	-0.625
empirical	user_msa	Phala.08G200500_Phala.08G200500.3	Phala.08G200500_Phala.08G200500.3	164	164	unique	164	164	164	0.3923444976076555	9	419	24.555555555555557	0.4969039949999533	24.0	25.0	1.0	2	0.0	1.0	0.4969039949999533	24	0	24	0	24.625	-0.625	-0.625
empirical	user_msa	Phala.08G200500_Phala.08G200500.2	Phala.08G200500_Phala.08G200500.2	164	164	unique	164	164	164	0.3923444976076555	9	419	24.555555555555557	0.4969039949999533	24.0	25.0	1.0	2	0.0	1.0	0.4969039949999533	24	0	24	0	24.625	-0.625	-0.625
empirical	user_msa	HORVU.MOREX.r3.6HG0571560_HORVU.MOREX.r3.6HG0571560.1	HORVU.MOREX.r3.6HG0571560_HORVU.MOREX.r3.6HG0571560.1	164	164	unique	164	164	164	0.3923444976076555	9	419	24.555555555555557	0.4969039949999533	24.0	25.0	1.0	2	0.0	1.0	0.4969039949999533	25	0	25	0	24.5	0.5	0.5
empirical	user_msa	TraesCS6A03G0381800_TraesCS6A03G0381800.1	TraesCS6A03G0381800_TraesCS6A03G0381800.1	164	164	unique	164	164	164	0.3923444976076555	9	419	24.555555555555557	0.4969039949999533	24.0	25.0	1.0	2	0.0	1.0	0.4969039949999533	25	0	25	0	24.5	0.5	0.5
empirical	user_msa	Thint.S06G201700_Thint.S06G201700.1	Thint.S06G201700_Thint.S06G201700.1	164	164	unique	164	164	164	0.3923444976076555	9	419	24.555555555555557	0.4969039949999533	24.0	25.0	1.0	2	0.0	1.0	0.4969039949999533	25	0	25	0	24.5	0.5	0.5
empirical	user_msa	LOC_Os02g07490_LOC_Os02g07490.1	LOC_Os02g07490_LOC_Os02g07490.1	165	165	unique	165	165	165	0.39473684210526316	9	419	57.0	0.0	57.0	57.0	0.0	1	0.0	1.0	0.0	57	0	57	0	57.0	0.0	0.0
empirical	user_msa	Oropetium_20150105_02675_Oropetium_20150105_02675A	Oropetium_20150105_02675_Oropetium_20150105_02675A	165	165	unique	165	165	165	0.39473684210526316	9	419	57.0	0.0	57.0	57.0	0.0	1	0.0	1.0	0.0	57	0	57	0	57.0	0.0	0.0
empirical	user_msa	ELECO.r07.2AG0102970_ELECO.r07.2AG0102970.1	ELECO.r07.2AG0102970_ELECO.r07.2AG0102970.1	165	165	unique	165	165	165	0.39473684210526316	9	419	57.0	0.0	57.0	57.0	0.0	1	0.0	1.0	0.0	57	0	57	0	57.0	0.0	0.0
empirical	user_msa	Phala.08G200500_Phala.08G200500.1	Phala.08G200500_Phala.08G200500.1	165	165	unique	165	165	165	0.39473684210526316	9	419	57.0	0.0	57.0	57.0	0.0	1	0.0	1.0	0.0	57	0	57	0	57.0	0.0	0.0
empirical	user_msa	Phala.08G200500_Phala.08G200500.3	Phala.08G200500_Phala.08G200500.3	165	165	unique	165	165	165	0.39473684210526316	9	419	57.0	0.0	57.0	57.0	0.0	1	0.0	1.0	0.0	57	0	57	0	57.0	0.0	0.0
empirical	user_msa	Phala.08G200500_Phala.08G200500.2	Phala.08G200500_Phala.08G200500.2	165	165	unique	165	165	165	0.39473684210526316	9	419	57.0	0.0	57.0	57.0	0.0	1	0.0	1.0	0.0	57	0	57	0	57.0	0.0	0.0
empirical	user_msa	HORVU.MOREX.r3.6HG0571560_HORVU.MOREX.r3.6HG0571560.1	HORVU.MOREX.r3.6HG0571560_HORVU.MOREX.r3.6HG0571560.1	165	165	unique	165	165	165	0.39473684210526316	9	419	57.0	0.0	57.0	57.0	0.0	1	0.0	1.0	0.0	57	0	57	0	57.0	0.0	0.0
empirical	user_msa	TraesCS6A03G0381800_TraesCS6A03G0381800.1	TraesCS6A03G0381800_TraesCS6A03G0381800.1	165	165	unique	165	165	165	0.39473684210526316	9	419	57.0	0.0	57.0	57.0	0.0	1	0.0	1.0	0.0	57	0	57	0	57.0	0.0	0.0
empirical	user_msa	Thint.S06G201700_Thint.S06G201700.1	Thint.S06G201700_Thint.S06G201700.1	165	165	unique	165	165	165	0.39473684210526316	9	419	57.0	0.0	57.0	57.0	0.0	1	0.0	1.0	0.0	57	0	57	0	57.0	0.0	0.0
empirical	user_msa	LOC_Os02g07490_LOC_Os02g07490.1	LOC_Os02g07490_LOC_Os02g07490.1	166	166	unique	166	166	166	0.39712918660287083	9	419	43.333333333333336	1.8856180831641267	41.0	45.0	4.0	3	0.0	1.0	1.8856180831641267	45	0	45	0	43.125	1.875	1.875
empirical	user_msa	Oropetium_20150105_02675_Oropetium_20150105_02675A	Oropetium_20150105_02675_Oropetium_20150105_02675A	166	166	unique	166	166	166	0.39712918660287083	9	419	43.333333333333336	1.8856180831641267	41.0	45.0	4.0	3	0.0	1.0	1.8856180831641267	45	0	45	0	43.125	1.875	1.875
empirical	user_msa	ELECO.r07.2AG0102970_ELECO.r07.2AG0102970.1	ELECO.r07.2AG0102970_ELECO.r07.2AG0102970.1	166	166	unique	166	166	166	0.39712918660287083	9	419	43.333333333333336	1.8856180831641267	41.0	45.0	4.0	3	0.0	1.0	1.8856180831641267	42	0	42	0	43.5	-1.5	-1.5
empirical	user_msa	Phala.08G200500_Phala.08G200500.1	Phala.08G200500_Phala.08G200500.1	166	166	unique	166	166	166	0.39712918660287083	9	419	43.333333333333336	1.8856180831641267	41.0	45.0	4.0	3	0.0	1.0	1.8856180831641267	41	0	41	0	43.625	-2.625	-2.625
empirical	user_msa	Phala.08G200500_Phala.08G200500.3	Phala.08G200500_Phala.08G200500.3	166	166	unique	166	166	166	0.39712918660287083	9	419	43.333333333333336	1.8856180831641267	41.0	45.0	4.0	3	0.0	1.0	1.8856180831641267	41	0	41	0	43.625	-2.625	-2.625
empirical	user_msa	Phala.08G200500_Phala.08G200500.2	Phala.08G200500_Phala.08G200500.2	166	166	unique	166	166	166	0.39712918660287083	9	419	43.333333333333336	1.8856180831641267	41.0	45.0	4.0	3	0.0	1.0	1.8856180831641267	41	0	41	0	43.625	-2.625	-2.625
empirical	user_msa	HORVU.MOREX.r3.6HG0571560_HORVU.MOREX.r3.6HG0571560.1	HORVU.MOREX.r3.6HG0571560_HORVU.MOREX.r3.6HG0571560.1	166	166	unique	166	166	166	0.39712918660287083	9	419	43.333333333333336	1.8856180831641267	41.0	45.0	4.0	3	0.0	1.0	1.8856180831641267	45	0	45	0	43.125	1.875	1.875
empirical	user_msa	TraesCS6A03G0381800_TraesCS6A03G0381800.1	TraesCS6A03G0381800_TraesCS6A03G0381800.1	166	166	unique	166	166	166	0.39712918660287083	9	419	43.333333333333336	1.8856180831641267	41.0	45.0	4.0	3	0.0	1.0	1.8856180831641267	45	0	45	0	43.125	1.875	1.875
empirical	user_msa	Thint.S06G201700_Thint.S06G201700.1	Thint.S06G201700_Thint.S06G201700.1	166	166	unique	166	166	166	0.39712918660287083	9	419	43.333333333333336	1.8856180831641267	41.0	45.0	4.0	3	0.0	1.0	1.8856180831641267	45	0	45	0	43.125	1.875	1.875
empirical	user_msa	LOC_Os02g07490_LOC_Os02g07490.1	LOC_Os02g07490_LOC_Os02g07490.1	167	167	unique	167	167	167	0.39952153110047844	9	419	17.666666666666668	16.39783183499846	3.0	36.0	33.0	2	0.0	1.0	16.39783183499846	3	0	3	0	19.5	-16.5	-16.5
empirical	user_msa	Oropetium_20150105_02675_Oropetium_20150105_02675A	Oropetium_20150105_02675_Oropetium_20150105_02675A	167	167	unique	167	167	167	0.39952153110047844	9	419	17.666666666666668	16.39783183499846	3.0	36.0	33.0	2	0.0	1.0	16.39783183499846	36	0	36	0	15.375	20.625	20.625
empirical	user_msa	ELECO.r07.2AG0102970_ELECO.r07.2AG0102970.1	ELECO.r07.2AG0102970_ELECO.r07.2AG0102970.1	167	167	unique	167	167	167	0.39952153110047844	9	419	17.666666666666668	16.39783183499846	3.0	36.0	33.0	2	0.0	1.0	16.39783183499846	3	0	3	0	19.5	-16.5	-16.5
empirical	user_msa	Phala.08G200500_Phala.08G200500.1	Phala.08G200500_Phala.08G200500.1	167	167	unique	167	167	167	0.39952153110047844	9	419	17.666666666666668	16.39783183499846	3.0	36.0	33.0	2	0.0	1.0	16.39783183499846	36	0	36	0	15.375	20.625	20.625
empirical	user_msa	Phala.08G200500_Phala.08G200500.3	Phala.08G200500_Phala.08G200500.3	167	167	unique	167	167	167	0.39952153110047844	9	419	17.666666666666668	16.39783183499846	3.0	36.0	33.0	2	0.0	1.0	16.39783183499846	36	0	36	0	15.375	20.625	20.625
empirical	user_msa	Phala.08G200500_Phala.08G200500.2	Phala.08G200500_Phala.08G200500.2	167	167	unique	167	167	167	0.39952153110047844	9	419	17.666666666666668	16.39783183499846	3.0	36.0	33.0	2	0.0	1.0	16.39783183499846	36	0	36	0	15.375	20.625	20.625
empirical	user_msa	HORVU.MOREX.r3.6HG0571560_HORVU.MOREX.r3.6HG0571560.1	HORVU.MOREX.r3.6HG0571560_HORVU.MOREX.r3.6HG0571560.1	167	167	unique	167	167	167	0.39952153110047844	9	419	17.666666666666668	16.39783183499846	3.0	36.0	33.0	2	0.0	1.0	16.39783183499846	3	0	3	0	19.5	-16.5	-16.5
empirical	user_msa	TraesCS6A03G0381800_TraesCS6A03G0381800.1	TraesCS6A03G0381800_TraesCS6A03G0381800.1	167	167	unique	167	167	167	0.39952153110047844	9	419	17.666666666666668	16.39783183499846	3.0	36.0	33.0	2	0.0	1.0	16.39783183499846	3	0	3	0	19.5	-16.5	-16.5
empirical	user_msa	Thint.S06G201700_Thint.S06G201700.1	Thint.S06G201700_Thint.S06G201700.1	167	167	unique	167	167	167	0.39952153110047844	9	419	17.666666666666668	16.39783183499846	3.0	36.0	33.0	2	0.0	1.0	16.39783183499846	3	0	3	0	19.5	-16.5	-16.5
empirical	user_msa	LOC_Os02g07490_LOC_Os02g07490.1	LOC_Os02g07490_LOC_Os02g07490.1	168	168	unique	168	168	168	0.4019138755980861	9	419	51.44444444444444	9.900741959975761	41.0	62.0	21.0	3	0.0	1.0	9.900741959975761	62	0	62	0	50.125	11.875	11.875
empirical	user_msa	Oropetium_20150105_02675_Oropetium_20150105_02675A	Oropetium_20150105_02675_Oropetium_20150105_02675A	168	168	unique	168	168	168	0.4019138755980861	9	419	51.44444444444444	9.900741959975761	41.0	62.0	21.0	3	0.0	1.0	9.900741959975761	41	0	41	0	52.75	-11.75	-11.75
empirical	user_msa	ELECO.r07.2AG0102970_ELECO.r07.2AG0102970.1	ELECO.r07.2AG0102970_ELECO.r07.2AG0102970.1	168	168	unique	168	168	168	0.4019138755980861	9	419	51.44444444444444	9.900741959975761	41.0	62.0	21.0	3	0.0	1.0	9.900741959975761	51	0	51	0	51.5	-0.5	-0.5
empirical	user_msa	Phala.08G200500_Phala.08G200500.1	Phala.08G200500_Phala.08G200500.1	168	168	unique	168	168	168	0.4019138755980861	9	419	51.44444444444444	9.900741959975761	41.0	62.0	21.0	3	0.0	1.0	9.900741959975761	41	0	41	0	52.75	-11.75	-11.75
empirical	user_msa	Phala.08G200500_Phala.08G200500.3	Phala.08G200500_Phala.08G200500.3	168	168	unique	168	168	168	0.4019138755980861	9	419	51.44444444444444	9.900741959975761	41.0	62.0	21.0	3	0.0	1.0	9.900741959975761	41	0	41	0	52.75	-11.75	-11.75
empirical	user_msa	Phala.08G200500_Phala.08G200500.2	Phala.08G200500_Phala.08G200500.2	168	168	unique	168	168	168	0.4019138755980861	9	419	51.44444444444444	9.900741959975761	41.0	62.0	21.0	3	0.0	1.0	9.900741959975761	41	0	41	0	52.75	-11.75	-11.75
empirical	user_msa	HORVU.MOREX.r3.6HG0571560_HORVU.MOREX.r3.6HG0571560.1	HORVU.MOREX.r3.6HG0571560_HORVU.MOREX.r3.6HG0571560.1	168	168	unique	168	168	168	0.4019138755980861	9	419	51.44444444444444	9.900741959975761	41.0	62.0	21.0	3	0.0	1.0	9.900741959975761	62	0	62	0	50.125	11.875	11.875
empirical	user_msa	TraesCS6A03G0381800_TraesCS6A03G0381800.1	TraesCS6A03G0381800_TraesCS6A03G0381800.1	168	168	unique	168	168	168	0.4019138755980861	9	419	51.44444444444444	9.900741959975761	41.0	62.0	21.0	3	0.0	1.0	9.900741959975761	62	0	62	0	50.125	11.875	11.875
empirical	user_msa	Thint.S06G201700_Thint.S06G201700.1	Thint.S06G201700_Thint.S06G201700.1	168	168	unique	168	168	168	0.4019138755980861	9	419	51.44444444444444	9.900741959975761	41.0	62.0	21.0	3	0.0	1.0	9.900741959975761	62	0	62	0	50.125	11.875	11.875
empirical	user_msa	LOC_Os02g07490_LOC_Os02g07490.1	LOC_Os02g07490_LOC_Os02g07490.1	169	169	unique	169	169	169	0.4043062200956938	9	419	43.333333333333336	1.4907119849998598	42.0	45.0	3.0	2	0.0	1.0	1.4907119849998598	42	0	42	0	43.5	-1.5	-1.5
empirical	user_msa	Oropetium_20150105_02675_Oropetium_20150105_02675A	Oropetium_20150105_02675_Oropetium_20150105_02675A	169	169	unique	169	169	169	0.4043062200956938	9	419	43.333333333333336	1.4907119849998598	42.0	45.0	3.0	2	0.0	1.0	1.4907119849998598	45	0	45	0	43.125	1.875	1.875
empirical	user_msa	ELECO.r07.2AG0102970_ELECO.r07.2AG0102970.1	ELECO.r07.2AG0102970_ELECO.r07.2AG0102970.1	169	169	unique	169	169	169	0.4043062200956938	9	419	43.333333333333336	1.4907119849998598	42.0	45.0	3.0	2	0.0	1.0	1.4907119849998598	42	0	42	0	43.5	-1.5	-1.5
empirical	user_msa	Phala.08G200500_Phala.08G200500.1	Phala.08G200500_Phala.08G200500.1	169	169	unique	169	169	169	0.4043062200956938	9	419	43.333333333333336	1.4907119849998598	42.0	45.0	3.0	2	0.0	1.0	1.4907119849998598	45	0	45	0	43.125	1.875	1.875
empirical	user_msa	Phala.08G200500_Phala.08G200500.3	Phala.08G200500_Phala.08G200500.3	169	169	unique	169	169	169	0.4043062200956938	9	419	43.333333333333336	1.4907119849998598	42.0	45.0	3.0	2	0.0	1.0	1.4907119849998598	45	0	45	0	43.125	1.875	1.875
empirical	user_msa	Phala.08G200500_Phala.08G200500.2	Phala.08G200500_Phala.08G200500.2	169	169	unique	169	169	169	0.4043062200956938	9	419	43.333333333333336	1.4907119849998598	42.0	45.0	3.0	2	0.0	1.0	1.4907119849998598	45	0	45	0	43.125	1.875	1.875
empirical	user_msa	HORVU.MOREX.r3.6HG0571560_HORVU.MOREX.r3.6HG0571560.1	HORVU.MOREX.r3.6HG0571560_HORVU.MOREX.r3.6HG0571560.1	169	169	unique	169	169	169	0.4043062200956938	9	419	43.333333333333336	1.4907119849998598	42.0	45.0	3.0	2	0.0	1.0	1.4907119849998598	42	0	42	0	43.5	-1.5	-1.5
empirical	user_msa	TraesCS6A03G0381800_TraesCS6A03G0381800.1	TraesCS6A03G0381800_TraesCS6A03G0381800.1	169	169	unique	169	169	169	0.4043062200956938	9	419	43.333333333333336	1.4907119849998598	42.0	45.0	3.0	2	0.0	1.0	1.4907119849998598	42	0	42	0	43.5	-1.5	-1.5
empirical	user_msa	Thint.S06G201700_Thint.S06G201700.1	Thint.S06G201700_Thint.S06G201700.1	169	169	unique	169	169	169	0.4043062200956938	9	419	43.333333333333336	1.4907119849998598	42.0	45.0	3.0	2	0.0	1.0	1.4907119849998598	42	0	42	0	43.5	-1.5	-1.5
empirical	user_msa	LOC_Os02g07490_LOC_Os02g07490.1	LOC_Os02g07490_LOC_Os02g07490.1	170	170	unique	170	170	170	0.40669856459330145	9	419	41.0	0.0	41.0	41.0	0.0	1	0.0	1.0	0.0	41	0	41	0	41.0	0.0	0.0
empirical	user_msa	Oropetium_20150105_02675_Oropetium_20150105_02675A	Oropetium_20150105_02675_Oropetium_20150105_02675A	170	170	unique	170	170	170	0.40669856459330145	9	419	41.0	0.0	41.0	41.0	0.0	1	0.0	1.0	0.0	41	0	41	0	41.0	0.0	0.0
empirical	user_msa	ELECO.r07.2AG0102970_ELECO.r07.2AG0102970.1	ELECO.r07.2AG0102970_ELECO.r07.2AG0102970.1	170	170	unique	170	170	170	0.40669856459330145	9	419	41.0	0.0	41.0	41.0	0.0	1	0.0	1.0	0.0	41	0	41	0	41.0	0.0	0.0
empirical	user_msa	Phala.08G200500_Phala.08G200500.1	Phala.08G200500_Phala.08G200500.1	170	170	unique	170	170	170	0.40669856459330145	9	419	41.0	0.0	41.0	41.0	0.0	1	0.0	1.0	0.0	41	0	41	0	41.0	0.0	0.0
empirical	user_msa	Phala.08G200500_Phala.08G200500.3	Phala.08G200500_Phala.08G200500.3	170	170	unique	170	170	170	0.40669856459330145	9	419	41.0	0.0	41.0	41.0	0.0	1	0.0	1.0	0.0	41	0	41	0	41.0	0.0	0.0
empirical	user_msa	Phala.08G200500_Phala.08G200500.2	Phala.08G200500_Phala.08G200500.2	170	170	unique	170	170	170	0.40669856459330145	9	419	41.0	0.0	41.0	41.0	0.0	1	0.0	1.0	0.0	41	0	41	0	41.0	0.0	0.0
empirical	user_msa	HORVU.MOREX.r3.6HG0571560_HORVU.MOREX.r3.6HG0571560.1	HORVU.MOREX.r3.6HG0571560_HORVU.MOREX.r3.6HG0571560.1	170	170	unique	170	170	170	0.40669856459330145	9	419	41.0	0.0	41.0	41.0	0.0	1	0.0	1.0	0.0	41	0	41	0	41.0	0.0	0.0
empirical	user_msa	TraesCS6A03G0381800_TraesCS6A03G0381800.1	TraesCS6A03G0381800_TraesCS6A03G0381800.1	170	170	unique	170	170	170	0.40669856459330145	9	419	41.0	0.0	41.0	41.0	0.0	1	0.0	1.0	0.0	41	0	41	0	41.0	0.0	0.0
empirical	user_msa	Thint.S06G201700_Thint.S06G201700.1	Thint.S06G201700_Thint.S06G201700.1	170	170	unique	170	170	170	0.40669856459330145	9	419	41.0	0.0	41.0	41.0	0.0	1	0.0	1.0	0.0	41	0	41	0	41.0	0.0	0.0
empirical	user_msa	LOC_Os02g07490_LOC_Os02g07490.1	LOC_Os02g07490_LOC_Os02g07490.1	171	171	unique	171	171	171	0.4090909090909091	9	419	35.0	0.4714045207910317	34.0	36.0	2.0	3	0.0	1.0	0.4714045207910317	36	0	36	0	34.875	1.125	1.125
empirical	user_msa	Oropetium_20150105_02675_Oropetium_20150105_02675A	Oropetium_20150105_02675_Oropetium_20150105_02675A	171	171	unique	171	171	171	0.4090909090909091	9	419	35.0	0.4714045207910317	34.0	36.0	2.0	3	0.0	1.0	0.4714045207910317	35	0	35	0	35.0	0.0	0.0
empirical	user_msa	ELECO.r07.2AG0102970_ELECO.r07.2AG0102970.1	ELECO.r07.2AG0102970_ELECO.r07.2AG0102970.1	171	171	unique	171	171	171	0.4090909090909091	9	419	35.0	0.4714045207910317	34.0	36.0	2.0	3	0.0	1.0	0.4714045207910317	34	0	34	0	35.125	-1.125	-1.125
empirical	user_msa	Phala.08G200500_Phala.08G200500.1	Phala.08G200500_Phala.08G200500.1	171	171	unique	171	171	171	0.4090909090909091	9	419	35.0	0.4714045207910317	34.0	36.0	2.0	3	0.0	1.0	0.4714045207910317	35	0	35	0	35.0	0.0	0.0
empirical	user_msa	Phala.08G200500_Phala.08G200500.3	Phala.08G200500_Phala.08G200500.3	171	171	unique	171	171	171	0.4090909090909091	9	419	35.0	0.4714045207910317	34.0	36.0	2.0	3	0.0	1.0	0.4714045207910317	35	0	35	0	35.0	0.0	0.0
empirical	user_msa	Phala.08G200500_Phala.08G200500.2	Phala.08G200500_Phala.08G200500.2	171	171	unique	171	171	171	0.4090909090909091	9	419	35.0	0.4714045207910317	34.0	36.0	2.0	3	0.0	1.0	0.4714045207910317	35	0	35	0	35.0	0.0	0.0
empirical	user_msa	HORVU.MOREX.r3.6HG0571560_HORVU.MOREX.r3.6HG0571560.1	HORVU.MOREX.r3.6HG0571560_HORVU.MOREX.r3.6HG0571560.1	171	171	unique	171	171	171	0.4090909090909091	9	419	35.0	0.4714045207910317	34.0	36.0	2.0	3	0.0	1.0	0.4714045207910317	35	0	35	0	35.0	0.0	0.0
empirical	user_msa	TraesCS6A03G0381800_TraesCS6A03G0381800.1	TraesCS6A03G0381800_TraesCS6A03G0381800.1	171	171	unique	171	171	171	0.4090909090909091	9	419	35.0	0.4714045207910317	34.0	36.0	2.0	3	0.0	1.0	0.4714045207910317	35	0	35	0	35.0	0.0	0.0
empirical	user_msa	Thint.S06G201700_Thint.S06G201700.1	Thint.S06G201700_Thint.S06G201700.1	171	171	unique	171	171	171	0.4090909090909091	9	419	35.0	0.4714045207910317	34.0	36.0	2.0	3	0.0	1.0	0.4714045207910317	35	0	35	0	35.0	0.0	0.0
empirical	user_msa	LOC_Os02g07490_LOC_Os02g07490.1	LOC_Os02g07490_LOC_Os02g07490.1	172	172	unique	172	172	172	0.41148325358851673	9	419	50.888888888888886	0.3142696805273545	50.0	51.0	1.0	2	0.0	1.0	0.3142696805273545	51	0	51	0	50.875	0.125	0.125
empirical	user_msa	Oropetium_20150105_02675_Oropetium_20150105_02675A	Oropetium_20150105_02675_Oropetium_20150105_02675A	172	172	unique	172	172	172	0.41148325358851673	9	419	50.888888888888886	0.3142696805273545	50.0	51.0	1.0	2	0.0	1.0	0.3142696805273545	50	0	50	0	51.0	-1.0	-1.0
empirical	user_msa	ELECO.r07.2AG0102970_ELECO.r07.2AG0102970.1	ELECO.r07.2AG0102970_ELECO.r07.2AG0102970.1	172	172	unique	172	172	172	0.41148325358851673	9	419	50.888888888888886	0.3142696805273545	50.0	51.0	1.0	2	0.0	1.0	0.3142696805273545	51	0	51	0	50.875	0.125	0.125
empirical	user_msa	Phala.08G200500_Phala.08G200500.1	Phala.08G200500_Phala.08G200500.1	172	172	unique	172	172	172	0.41148325358851673	9	419	50.888888888888886	0.3142696805273545	50.0	51.0	1.0	2	0.0	1.0	0.3142696805273545	51	0	51	0	50.875	0.125	0.125
empirical	user_msa	Phala.08G200500_Phala.08G200500.3	Phala.08G200500_Phala.08G200500.3	172	172	unique	172	172	172	0.41148325358851673	9	419	50.888888888888886	0.3142696805273545	50.0	51.0	1.0	2	0.0	1.0	0.3142696805273545	51	0	51	0	50.875	0.125	0.125
empirical	user_msa	Phala.08G200500_Phala.08G200500.2	Phala.08G200500_Phala.08G200500.2	172	172	unique	172	172	172	0.41148325358851673	9	419	50.888888888888886	0.3142696805273545	50.0	51.0	1.0	2	0.0	1.0	0.3142696805273545	51	0	51	0	50.875	0.125	0.125
empirical	user_msa	HORVU.MOREX.r3.6HG0571560_HORVU.MOREX.r3.6HG0571560.1	HORVU.MOREX.r3.6HG0571560_HORVU.MOREX.r3.6HG0571560.1	172	172	unique	172	172	172	0.41148325358851673	9	419	50.888888888888886	0.3142696805273545	50.0	51.0	1.0	2	0.0	1.0	0.3142696805273545	51	0	51	0	50.875	0.125	0.125
empirical	user_msa	TraesCS6A03G0381800_TraesCS6A03G0381800.1	TraesCS6A03G0381800_TraesCS6A03G0381800.1	172	172	unique	172	172	172	0.41148325358851673	9	419	50.888888888888886	0.3142696805273545	50.0	51.0	1.0	2	0.0	1.0	0.3142696805273545	51	0	51	0	50.875	0.125	0.125
empirical	user_msa	Thint.S06G201700_Thint.S06G201700.1	Thint.S06G201700_Thint.S06G201700.1	172	172	unique	172	172	172	0.41148325358851673	9	419	50.888888888888886	0.3142696805273545	50.0	51.0	1.0	2	0.0	1.0	0.3142696805273545	51	0	51	0	50.875	0.125	0.125
empirical	user_msa	LOC_Os02g07490_LOC_Os02g07490.1	LOC_Os02g07490_LOC_Os02g07490.1	173	173	unique	173	173	173	0.4138755980861244	9	419	49.0	0.0	49.0	49.0	0.0	1	0.0	1.0	0.0	49	0	49	0	49.0	0.0	0.0
empirical	user_msa	Oropetium_20150105_02675_Oropetium_20150105_02675A	Oropetium_20150105_02675_Oropetium_20150105_02675A	173	173	unique	173	173	173	0.4138755980861244	9	419	49.0	0.0	49.0	49.0	0.0	1	0.0	1.0	0.0	49	0	49	0	49.0	0.0	0.0
empirical	user_msa	ELECO.r07.2AG0102970_ELECO.r07.2AG0102970.1	ELECO.r07.2AG0102970_ELECO.r07.2AG0102970.1	173	173	unique	173	173	173	0.4138755980861244	9	419	49.0	0.0	49.0	49.0	0.0	1	0.0	1.0	0.0	49	0	49	0	49.0	0.0	0.0
empirical	user_msa	Phala.08G200500_Phala.08G200500.1	Phala.08G200500_Phala.08G200500.1	173	173	unique	173	173	173	0.4138755980861244	9	419	49.0	0.0	49.0	49.0	0.0	1	0.0	1.0	0.0	49	0	49	0	49.0	0.0	0.0
empirical	user_msa	Phala.08G200500_Phala.08G200500.3	Phala.08G200500_Phala.08G200500.3	173	173	unique	173	173	173	0.4138755980861244	9	419	49.0	0.0	49.0	49.0	0.0	1	0.0	1.0	0.0	49	0	49	0	49.0	0.0	0.0
empirical	user_msa	Phala.08G200500_Phala.08G200500.2	Phala.08G200500_Phala.08G200500.2	173	173	unique	173	173	173	0.4138755980861244	9	419	49.0	0.0	49.0	49.0	0.0	1	0.0	1.0	0.0	49	0	49	0	49.0	0.0	0.0
empirical	user_msa	HORVU.MOREX.r3.6HG0571560_HORVU.MOREX.r3.6HG0571560.1	HORVU.MOREX.r3.6HG0571560_HORVU.MOREX.r3.6HG0571560.1	173	173	unique	173	173	173	0.4138755980861244	9	419	49.0	0.0	49.0	49.0	0.0	1	0.0	1.0	0.0	49	0	49	0	49.0	0.0	0.0
empirical	user_msa	TraesCS6A03G0381800_TraesCS6A03G0381800.1	TraesCS6A03G0381800_TraesCS6A03G0381800.1	173	173	unique	173	173	173	0.4138755980861244	9	419	49.0	0.0	49.0	49.0	0.0	1	0.0	1.0	0.0	49	0	49	0	49.0	0.0	0.0
empirical	user_msa	Thint.S06G201700_Thint.S06G201700.1	Thint.S06G201700_Thint.S06G201700.1	173	173	unique	173	173	173	0.4138755980861244	9	419	49.0	0.0	49.0	49.0	0.0	1	0.0	1.0	0.0	49	0	49	0	49.0	0.0	0.0
empirical	user_msa	LOC_Os02g07490_LOC_Os02g07490.1	LOC_Os02g07490_LOC_Os02g07490.1	174	174	unique	174	174	174	0.41626794258373206	9	419	48.666666666666664	0.4714045207910317	48.0	49.0	1.0	2	0.0	1.0	0.4714045207910317	49	0	49	0	48.625	0.375	0.375
empirical	user_msa	Oropetium_20150105_02675_Oropetium_20150105_02675A	Oropetium_20150105_02675_Oropetium_20150105_02675A	174	174	unique	174	174	174	0.41626794258373206	9	419	48.666666666666664	0.4714045207910317	48.0	49.0	1.0	2	0.0	1.0	0.4714045207910317	49	0	49	0	48.625	0.375	0.375
empirical	user_msa	ELECO.r07.2AG0102970_ELECO.r07.2AG0102970.1	ELECO.r07.2AG0102970_ELECO.r07.2AG0102970.1	174	174	unique	174	174	174	0.41626794258373206	9	419	48.666666666666664	0.4714045207910317	48.0	49.0	1.0	2	0.0	1.0	0.4714045207910317	49	0	49	0	48.625	0.375	0.375
empirical	user_msa	Phala.08G200500_Phala.08G200500.1	Phala.08G200500_Phala.08G200500.1	174	174	unique	174	174	174	0.41626794258373206	9	419	48.666666666666664	0.4714045207910317	48.0	49.0	1.0	2	0.0	1.0	0.4714045207910317	48	0	48	0	48.75	-0.75	-0.75
empirical	user_msa	Phala.08G200500_Phala.08G200500.3	Phala.08G200500_Phala.08G200500.3	174	174	unique	174	174	174	0.41626794258373206	9	419	48.666666666666664	0.4714045207910317	48.0	49.0	1.0	2	0.0	1.0	0.4714045207910317	48	0	48	0	48.75	-0.75	-0.75
empirical	user_msa	Phala.08G200500_Phala.08G200500.2	Phala.08G200500_Phala.08G200500.2	174	174	unique	174	174	174	0.41626794258373206	9	419	48.666666666666664	0.4714045207910317	48.0	49.0	1.0	2	0.0	1.0	0.4714045207910317	48	0	48	0	48.75	-0.75	-0.75
empirical	user_msa	HORVU.MOREX.r3.6HG0571560_HORVU.MOREX.r3.6HG0571560.1	HORVU.MOREX.r3.6HG0571560_HORVU.MOREX.r3.6HG0571560.1	174	174	unique	174	174	174	0.41626794258373206	9	419	48.666666666666664	0.4714045207910317	48.0	49.0	1.0	2	0.0	1.0	0.4714045207910317	49	0	49	0	48.625	0.375	0.375
empirical	user_msa	TraesCS6A03G0381800_TraesCS6A03G0381800.1	TraesCS6A03G0381800_TraesCS6A03G0381800.1	174	174	unique	174	174	174	0.41626794258373206	9	419	48.666666666666664	0.4714045207910317	48.0	49.0	1.0	2	0.0	1.0	0.4714045207910317	49	0	49	0	48.625	0.375	0.375
empirical	user_msa	Thint.S06G201700_Thint.S06G201700.1	Thint.S06G201700_Thint.S06G201700.1	174	174	unique	174	174	174	0.41626794258373206	9	419	48.666666666666664	0.4714045207910317	48.0	49.0	1.0	2	0.0	1.0	0.4714045207910317	49	0	49	0	48.625	0.375	0.375
empirical	user_msa	LOC_Os02g07490_LOC_Os02g07490.1	LOC_Os02g07490_LOC_Os02g07490.1	175	175	unique	175	175	175	0.41866028708133973	9	419	35.111111111111114	0.9938079899999066	34.0	36.0	2.0	2	0.0	1.0	0.9938079899999066	34	0	34	0	35.25	-1.25	-1.25
empirical	user_msa	Oropetium_20150105_02675_Oropetium_20150105_02675A	Oropetium_20150105_02675_Oropetium_20150105_02675A	175	175	unique	175	175	175	0.41866028708133973	9	419	35.111111111111114	0.9938079899999066	34.0	36.0	2.0	2	0.0	1.0	0.9938079899999066	36	0	36	0	35.0	1.0	1.0
empirical	user_msa	ELECO.r07.2AG0102970_ELECO.r07.2AG0102970.1	ELECO.r07.2AG0102970_ELECO.r07.2AG0102970.1	175	175	unique	175	175	175	0.41866028708133973	9	419	35.111111111111114	0.9938079899999066	34.0	36.0	2.0	2	0.0	1.0	0.9938079899999066	36	0	36	0	35.0	1.0	1.0
empirical	user_msa	Phala.08G200500_Phala.08G200500.1	Phala.08G200500_Phala.08G200500.1	175	175	unique	175	175	175	0.41866028708133973	9	419	35.111111111111114	0.9938079899999066	34.0	36.0	2.0	2	0.0	1.0	0.9938079899999066	36	0	36	0	35.0	1.0	1.0
empirical	user_msa	Phala.08G200500_Phala.08G200500.3	Phala.08G200500_Phala.08G200500.3	175	175	unique	175	175	175	0.41866028708133973	9	419	35.111111111111114	0.9938079899999066	34.0	36.0	2.0	2	0.0	1.0	0.9938079899999066	36	0	36	0	35.0	1.0	1.0
empirical	user_msa	Phala.08G200500_Phala.08G200500.2	Phala.08G200500_Phala.08G200500.2	175	175	unique	175	175	175	0.41866028708133973	9	419	35.111111111111114	0.9938079899999066	34.0	36.0	2.0	2	0.0	1.0	0.9938079899999066	36	0	36	0	35.0	1.0	1.0
empirical	user_msa	HORVU.MOREX.r3.6HG0571560_HORVU.MOREX.r3.6HG0571560.1	HORVU.MOREX.r3.6HG0571560_HORVU.MOREX.r3.6HG0571560.1	175	175	unique	175	175	175	0.41866028708133973	9	419	35.111111111111114	0.9938079899999066	34.0	36.0	2.0	2	0.0	1.0	0.9938079899999066	34	0	34	0	35.25	-1.25	-1.25
empirical	user_msa	TraesCS6A03G0381800_TraesCS6A03G0381800.1	TraesCS6A03G0381800_TraesCS6A03G0381800.1	175	175	unique	175	175	175	0.41866028708133973	9	419	35.111111111111114	0.9938079899999066	34.0	36.0	2.0	2	0.0	1.0	0.9938079899999066	34	0	34	0	35.25	-1.25	-1.25
empirical	user_msa	Thint.S06G201700_Thint.S06G201700.1	Thint.S06G201700_Thint.S06G201700.1	175	175	unique	175	175	175	0.41866028708133973	9	419	35.111111111111114	0.9938079899999066	34.0	36.0	2.0	2	0.0	1.0	0.9938079899999066	34	0	34	0	35.25	-1.25	-1.25
empirical	user_msa	LOC_Os02g07490_LOC_Os02g07490.1	LOC_Os02g07490_LOC_Os02g07490.1	176	176	unique	176	176	176	0.42105263157894735	9	419	54.333333333333336	0.9428090415820634	53.0	55.0	2.0	2	0.0	1.0	0.9428090415820634	55	0	55	0	54.25	0.75	0.75
empirical	user_msa	Oropetium_20150105_02675_Oropetium_20150105_02675A	Oropetium_20150105_02675_Oropetium_20150105_02675A	176	176	unique	176	176	176	0.42105263157894735	9	419	54.333333333333336	0.9428090415820634	53.0	55.0	2.0	2	0.0	1.0	0.9428090415820634	55	0	55	0	54.25	0.75	0.75
empirical	user_msa	ELECO.r07.2AG0102970_ELECO.r07.2AG0102970.1	ELECO.r07.2AG0102970_ELECO.r07.2AG0102970.1	176	176	unique	176	176	176	0.42105263157894735	9	419	54.333333333333336	0.9428090415820634	53.0	55.0	2.0	2	0.0	1.0	0.9428090415820634	55	0	55	0	54.25	0.75	0.75
empirical	user_msa	Phala.08G200500_Phala.08G200500.1	Phala.08G200500_Phala.08G200500.1	176	176	unique	176	176	176	0.42105263157894735	9	419	54.333333333333336	0.9428090415820634	53.0	55.0	2.0	2	0.0	1.0	0.9428090415820634	53	0	53	0	54.5	-1.5	-1.5
empirical	user_msa	Phala.08G200500_Phala.08G200500.3	Phala.08G200500_Phala.08G200500.3	176	176	unique	176	176	176	0.42105263157894735	9	419	54.333333333333336	0.9428090415820634	53.0	55.0	2.0	2	0.0	1.0	0.9428090415820634	53	0	53	0	54.5	-1.5	-1.5
empirical	user_msa	Phala.08G200500_Phala.08G200500.2	Phala.08G200500_Phala.08G200500.2	176	176	unique	176	176	176	0.42105263157894735	9	419	54.333333333333336	0.9428090415820634	53.0	55.0	2.0	2	0.0	1.0	0.9428090415820634	53	0	53	0	54.5	-1.5	-1.5
empirical	user_msa	HORVU.MOREX.r3.6HG0571560_HORVU.MOREX.r3.6HG0571560.1	HORVU.MOREX.r3.6HG0571560_HORVU.MOREX.r3.6HG0571560.1	176	176	unique	176	176	176	0.42105263157894735	9	419	54.333333333333336	0.9428090415820634	53.0	55.0	2.0	2	0.0	1.0	0.9428090415820634	55	0	55	0	54.25	0.75	0.75
empirical	user_msa	TraesCS6A03G0381800_TraesCS6A03G0381800.1	TraesCS6A03G0381800_TraesCS6A03G0381800.1	176	176	unique	176	176	176	0.42105263157894735	9	419	54.333333333333336	0.9428090415820634	53.0	55.0	2.0	2	0.0	1.0	0.9428090415820634	55	0	55	0	54.25	0.75	0.75
empirical	user_msa	Thint.S06G201700_Thint.S06G201700.1	Thint.S06G201700_Thint.S06G201700.1	176	176	unique	176	176	176	0.42105263157894735	9	419	54.333333333333336	0.9428090415820634	53.0	55.0	2.0	2	0.0	1.0	0.9428090415820634	55	0	55	0	54.25	0.75	0.75
empirical	user_msa	LOC_Os02g07490_LOC_Os02g07490.1	LOC_Os02g07490_LOC_Os02g07490.1	177	177	unique	177	177	177	0.423444976076555	9	419	33.888888888888886	22.951371028737377	8.0	55.0	47.0	4	0.0	1.0	22.951371028737377	52	0	52	0	31.625	20.375	20.375
empirical	user_msa	Oropetium_20150105_02675_Oropetium_20150105_02675A	Oropetium_20150105_02675_Oropetium_20150105_02675A	177	177	unique	177	177	177	0.423444976076555	9	419	33.888888888888886	22.951371028737377	8.0	55.0	47.0	4	0.0	1.0	22.951371028737377	9	0	9	0	37.0	-28.0	-28.0
empirical	user_msa	ELECO.r07.2AG0102970_ELECO.r07.2AG0102970.1	ELECO.r07.2AG0102970_ELECO.r07.2AG0102970.1	177	177	unique	177	177	177	0.423444976076555	9	419	33.888888888888886	22.951371028737377	8.0	55.0	47.0	4	0.0	1.0	22.951371028737377	55	0	55	0	31.25	23.75	23.75
empirical	user_msa	Phala.08G200500_Phala.08G200500.1	Phala.08G200500_Phala.08G200500.1	177	177	unique	177	177	177	0.423444976076555	9	419	33.888888888888886	22.951371028737377	8.0	55.0	47.0	4	0.0	1.0	22.951371028737377	8	0	8	0	37.125	-29.125	-29.125
empirical	user_msa	Phala.08G200500_Phala.08G200500.3	Phala.08G200500_Phala.08G200500.3	177	177	unique	177	177	177	0.423444976076555	9	419	33.888888888888886	22.951371028737377	8.0	55.0	47.0	4	0.0	1.0	22.951371028737377	8	0	8	0	37.125	-29.125	-29.125
empirical	user_msa	Phala.08G200500_Phala.08G200500.2	Phala.08G200500_Phala.08G200500.2	177	177	unique	177	177	177	0.423444976076555	9	419	33.888888888888886	22.951371028737377	8.0	55.0	47.0	4	0.0	1.0	22.951371028737377	8	0	8	0	37.125	-29.125	-29.125
empirical	user_msa	HORVU.MOREX.r3.6HG0571560_HORVU.MOREX.r3.6HG0571560.1	HORVU.MOREX.r3.6HG0571560_HORVU.MOREX.r3.6HG0571560.1	177	177	unique	177	177	177	0.423444976076555	9	419	33.888888888888886	22.951371028737377	8.0	55.0	47.0	4	0.0	1.0	22.951371028737377	55	0	55	0	31.25	23.75	23.75
empirical	user_msa	TraesCS6A03G0381800_TraesCS6A03G0381800.1	TraesCS6A03G0381800_TraesCS6A03G0381800.1	177	177	unique	177	177	177	0.423444976076555	9	419	33.888888888888886	22.951371028737377	8.0	55.0	47.0	4	0.0	1.0	22.951371028737377	55	0	55	0	31.25	23.75	23.75
empirical	user_msa	Thint.S06G201700_Thint.S06G201700.1	Thint.S06G201700_Thint.S06G201700.1	177	177	unique	177	177	177	0.423444976076555	9	419	33.888888888888886	22.951371028737377	8.0	55.0	47.0	4	0.0	1.0	22.951371028737377	55	0	55	0	31.25	23.75	23.75
empirical	user_msa	LOC_Os02g07490_LOC_Os02g07490.1	LOC_Os02g07490_LOC_Os02g07490.1	178	178	unique	178	178	178	0.4258373205741627	9	419	44.77777777777778	0.628539361054709	43.0	45.0	2.0	2	0.0	1.0	0.628539361054709	45	0	45	0	44.75	0.25	0.25
empirical	user_msa	Oropetium_20150105_02675_Oropetium_20150105_02675A	Oropetium_20150105_02675_Oropetium_20150105_02675A	178	178	unique	178	178	178	0.4258373205741627	9	419	44.77777777777778	0.628539361054709	43.0	45.0	2.0	2	0.0	1.0	0.628539361054709	43	0	43	0	45.0	-2.0	-2.0
empirical	user_msa	ELECO.r07.2AG0102970_ELECO.r07.2AG0102970.1	ELECO.r07.2AG0102970_ELECO.r07.2AG0102970.1	178	178	unique	178	178	178	0.4258373205741627	9	419	44.77777777777778	0.628539361054709	43.0	45.0	2.0	2	0.0	1.0	0.628539361054709	45	0	45	0	44.75	0.25	0.25
empirical	user_msa	Phala.08G200500_Phala.08G200500.1	Phala.08G200500_Phala.08G200500.1	178	178	unique	178	178	178	0.4258373205741627	9	419	44.77777777777778	0.628539361054709	43.0	45.0	2.0	2	0.0	1.0	0.628539361054709	45	0	45	0	44.75	0.25	0.25
empirical	user_msa	Phala.08G200500_Phala.08G200500.3	Phala.08G200500_Phala.08G200500.3	178	178	unique	178	178	178	0.4258373205741627	9	419	44.77777777777778	0.628539361054709	43.0	45.0	2.0	2	0.0	1.0	0.628539361054709	45	0	45	0	44.75	0.25	0.25
empirical	user_msa	Phala.08G200500_Phala.08G200500.2	Phala.08G200500_Phala.08G200500.2	178	178	unique	178	178	178	0.4258373205741627	9	419	44.77777777777778	0.628539361054709	43.0	45.0	2.0	2	0.0	1.0	0.628539361054709	45	0	45	0	44.75	0.25	0.25
empirical	user_msa	HORVU.MOREX.r3.6HG0571560_HORVU.MOREX.r3.6HG0571560.1	HORVU.MOREX.r3.6HG0571560_HORVU.MOREX.r3.6HG0571560.1	178	178	unique	178	178	178	0.4258373205741627	9	419	44.77777777777778	0.628539361054709	43.0	45.0	2.0	2	0.0	1.0	0.628539361054709	45	0	45	0	44.75	0.25	0.25
empirical	user_msa	TraesCS6A03G0381800_TraesCS6A03G0381800.1	TraesCS6A03G0381800_TraesCS6A03G0381800.1	178	178	unique	178	178	178	0.4258373205741627	9	419	44.77777777777778	0.628539361054709	43.0	45.0	2.0	2	0.0	1.0	0.628539361054709	45	0	45	0	44.75	0.25	0.25
empirical	user_msa	Thint.S06G201700_Thint.S06G201700.1	Thint.S06G201700_Thint.S06G201700.1	178	178	unique	178	178	178	0.4258373205741627	9	419	44.77777777777778	0.628539361054709	43.0	45.0	2.0	2	0.0	1.0	0.628539361054709	45	0	45	0	44.75	0.25	0.25
empirical	user_msa	LOC_Os02g07490_LOC_Os02g07490.1	LOC_Os02g07490_LOC_Os02g07490.1	179	179	unique	179	179	179	0.42822966507177035	9	419	48.333333333333336	0.9428090415820634	47.0	49.0	2.0	2	0.0	1.0	0.9428090415820634	49	0	49	0	48.25	0.75	0.75
empirical	user_msa	Oropetium_20150105_02675_Oropetium_20150105_02675A	Oropetium_20150105_02675_Oropetium_20150105_02675A	179	179	unique	179	179	179	0.42822966507177035	9	419	48.333333333333336	0.9428090415820634	47.0	49.0	2.0	2	0.0	1.0	0.9428090415820634	49	0	49	0	48.25	0.75	0.75
empirical	user_msa	ELECO.r07.2AG0102970_ELECO.r07.2AG0102970.1	ELECO.r07.2AG0102970_ELECO.r07.2AG0102970.1	179	179	unique	179	179	179	0.42822966507177035	9	419	48.333333333333336	0.9428090415820634	47.0	49.0	2.0	2	0.0	1.0	0.9428090415820634	49	0	49	0	48.25	0.75	0.75
empirical	user_msa	Phala.08G200500_Phala.08G200500.1	Phala.08G200500_Phala.08G200500.1	179	179	unique	179	179	179	0.42822966507177035	9	419	48.333333333333336	0.9428090415820634	47.0	49.0	2.0	2	0.0	1.0	0.9428090415820634	47	0	47	0	48.5	-1.5	-1.5
empirical	user_msa	Phala.08G200500_Phala.08G200500.3	Phala.08G200500_Phala.08G200500.3	179	179	unique	179	179	179	0.42822966507177035	9	419	48.333333333333336	0.9428090415820634	47.0	49.0	2.0	2	0.0	1.0	0.9428090415820634	47	0	47	0	48.5	-1.5	-1.5
empirical	user_msa	Phala.08G200500_Phala.08G200500.2	Phala.08G200500_Phala.08G200500.2	179	179	unique	179	179	179	0.42822966507177035	9	419	48.333333333333336	0.9428090415820634	47.0	49.0	2.0	2	0.0	1.0	0.9428090415820634	47	0	47	0	48.5	-1.5	-1.5
empirical	user_msa	HORVU.MOREX.r3.6HG0571560_HORVU.MOREX.r3.6HG0571560.1	HORVU.MOREX.r3.6HG0571560_HORVU.MOREX.r3.6HG0571560.1	179	179	unique	179	179	179	0.42822966507177035	9	419	48.333333333333336	0.9428090415820634	47.0	49.0	2.0	2	0.0	1.0	0.9428090415820634	49	0	49	0	48.25	0.75	0.75
empirical	user_msa	TraesCS6A03G0381800_TraesCS6A03G0381800.1	TraesCS6A03G0381800_TraesCS6A03G0381800.1	179	179	unique	179	179	179	0.42822966507177035	9	419	48.333333333333336	0.9428090415820634	47.0	49.0	2.0	2	0.0	1.0	0.9428090415820634	49	0	49	0	48.25	0.75	0.75
empirical	user_msa	Thint.S06G201700_Thint.S06G201700.1	Thint.S06G201700_Thint.S06G201700.1	179	179	unique	179	179	179	0.42822966507177035	9	419	48.333333333333336	0.9428090415820634	47.0	49.0	2.0	2	0.0	1.0	0.9428090415820634	49	0	49	0	48.25	0.75	0.75
empirical	user_msa	LOC_Os02g07490_LOC_Os02g07490.1	LOC_Os02g07490_LOC_Os02g07490.1	180	180	unique	180	180	180	0.430622009569378	9	419	61.111111111111114	0.9938079899999066	60.0	62.0	2.0	2	0.0	1.0	0.9938079899999066	62	0	62	0	61.0	1.0	1.0
empirical	user_msa	Oropetium_20150105_02675_Oropetium_20150105_02675A	Oropetium_20150105_02675_Oropetium_20150105_02675A	180	180	unique	180	180	180	0.430622009569378	9	419	61.111111111111114	0.9938079899999066	60.0	62.0	2.0	2	0.0	1.0	0.9938079899999066	60	0	60	0	61.25	-1.25	-1.25
empirical	user_msa	ELECO.r07.2AG0102970_ELECO.r07.2AG0102970.1	ELECO.r07.2AG0102970_ELECO.r07.2AG0102970.1	180	180	unique	180	180	180	0.430622009569378	9	419	61.111111111111114	0.9938079899999066	60.0	62.0	2.0	2	0.0	1.0	0.9938079899999066	62	0	62	0	61.0	1.0	1.0
empirical	user_msa	Phala.08G200500_Phala.08G200500.1	Phala.08G200500_Phala.08G200500.1	180	180	unique	180	180	180	0.430622009569378	9	419	61.111111111111114	0.9938079899999066	60.0	62.0	2.0	2	0.0	1.0	0.9938079899999066	60	0	60	0	61.25	-1.25	-1.25
empirical	user_msa	Phala.08G200500_Phala.08G200500.3	Phala.08G200500_Phala.08G200500.3	180	180	unique	180	180	180	0.430622009569378	9	419	61.111111111111114	0.9938079899999066	60.0	62.0	2.0	2	0.0	1.0	0.9938079899999066	60	0	60	0	61.25	-1.25	-1.25
empirical	user_msa	Phala.08G200500_Phala.08G200500.2	Phala.08G200500_Phala.08G200500.2	180	180	unique	180	180	180	0.430622009569378	9	419	61.111111111111114	0.9938079899999066	60.0	62.0	2.0	2	0.0	1.0	0.9938079899999066	60	0	60	0	61.25	-1.25	-1.25
empirical	user_msa	HORVU.MOREX.r3.6HG0571560_HORVU.MOREX.r3.6HG0571560.1	HORVU.MOREX.r3.6HG0571560_HORVU.MOREX.r3.6HG0571560.1	180	180	unique	180	180	180	0.430622009569378	9	419	61.111111111111114	0.9938079899999066	60.0	62.0	2.0	2	0.0	1.0	0.9938079899999066	62	0	62	0	61.0	1.0	1.0
empirical	user_msa	TraesCS6A03G0381800_TraesCS6A03G0381800.1	TraesCS6A03G0381800_TraesCS6A03G0381800.1	180	180	unique	180	180	180	0.430622009569378	9	419	61.111111111111114	0.9938079899999066	60.0	62.0	2.0	2	0.0	1.0	0.9938079899999066	62	0	62	0	61.0	1.0	1.0
empirical	user_msa	Thint.S06G201700_Thint.S06G201700.1	Thint.S06G201700_Thint.S06G201700.1	180	180	unique	180	180	180	0.430622009569378	9	419	61.111111111111114	0.9938079899999066	60.0	62.0	2.0	2	0.0	1.0	0.9938079899999066	62	0	62	0	61.0	1.0	1.0
empirical	user_msa	LOC_Os02g07490_LOC_Os02g07490.1	LOC_Os02g07490_LOC_Os02g07490.1	181	181	unique	181	181	181	0.43301435406698563	9	419	7.666666666666667	1.4907119849998598	6.0	9.0	3.0	2	0.0	1.0	1.4907119849998598	6	0	6	0	7.875	-1.875	-1.875
empirical	user_msa	Oropetium_20150105_02675_Oropetium_20150105_02675A	Oropetium_20150105_02675_Oropetium_20150105_02675A	181	181	unique	181	181	181	0.43301435406698563	9	419	7.666666666666667	1.4907119849998598	6.0	9.0	3.0	2	0.0	1.0	1.4907119849998598	9	0	9	0	7.5	1.5	1.5
empirical	user_msa	ELECO.r07.2AG0102970_ELECO.r07.2AG0102970.1	ELECO.r07.2AG0102970_ELECO.r07.2AG0102970.1	181	181	unique	181	181	181	0.43301435406698563	9	419	7.666666666666667	1.4907119849998598	6.0	9.0	3.0	2	0.0	1.0	1.4907119849998598	9	0	9	0	7.5	1.5	1.5
empirical	user_msa	Phala.08G200500_Phala.08G200500.1	Phala.08G200500_Phala.08G200500.1	181	181	unique	181	181	181	0.43301435406698563	9	419	7.666666666666667	1.4907119849998598	6.0	9.0	3.0	2	0.0	1.0	1.4907119849998598	9	0	9	0	7.5	1.5	1.5
empirical	user_msa	Phala.08G200500_Phala.08G200500.3	Phala.08G200500_Phala.08G200500.3	181	181	unique	181	181	181	0.43301435406698563	9	419	7.666666666666667	1.4907119849998598	6.0	9.0	3.0	2	0.0	1.0	1.4907119849998598	9	0	9	0	7.5	1.5	1.5
empirical	user_msa	Phala.08G200500_Phala.08G200500.2	Phala.08G200500_Phala.08G200500.2	181	181	unique	181	181	181	0.43301435406698563	9	419	7.666666666666667	1.4907119849998598	6.0	9.0	3.0	2	0.0	1.0	1.4907119849998598	9	0	9	0	7.5	1.5	1.5
empirical	user_msa	HORVU.MOREX.r3.6HG0571560_HORVU.MOREX.r3.6HG0571560.1	HORVU.MOREX.r3.6HG0571560_HORVU.MOREX.r3.6HG0571560.1	181	181	unique	181	181	181	0.43301435406698563	9	419	7.666666666666667	1.4907119849998598	6.0	9.0	3.0	2	0.0	1.0	1.4907119849998598	6	0	6	0	7.875	-1.875	-1.875
empirical	user_msa	TraesCS6A03G0381800_TraesCS6A03G0381800.1	TraesCS6A03G0381800_TraesCS6A03G0381800.1	181	181	unique	181	181	181	0.43301435406698563	9	419	7.666666666666667	1.4907119849998598	6.0	9.0	3.0	2	0.0	1.0	1.4907119849998598	6	0	6	0	7.875	-1.875	-1.875
empirical	user_msa	Thint.S06G201700_Thint.S06G201700.1	Thint.S06G201700_Thint.S06G201700.1	181	181	unique	181	181	181	0.43301435406698563	9	419	7.666666666666667	1.4907119849998598	6.0	9.0	3.0	2	0.0	1.0	1.4907119849998598	6	0	6	0	7.875	-1.875	-1.875
empirical	user_msa	LOC_Os02g07490_LOC_Os02g07490.1	LOC_Os02g07490_LOC_Os02g07490.1	182	182	unique	182	182	182	0.4354066985645933	9	419	20.333333333333332	14.491376746189438	6.0	37.0	31.0	6	0.0	1.0	14.491376746189438	6	0	6	0	22.125	-16.125	-16.125
empirical	user_msa	Oropetium_20150105_02675_Oropetium_20150105_02675A	Oropetium_20150105_02675_Oropetium_20150105_02675A	182	182	unique	182	182	182	0.4354066985645933	9	419	20.333333333333332	14.491376746189438	6.0	37.0	31.0	6	0.0	1.0	14.491376746189438	35	0	35	0	18.5	16.5	16.5
empirical	user_msa	ELECO.r07.2AG0102970_ELECO.r07.2AG0102970.1	ELECO.r07.2AG0102970_ELECO.r07.2AG0102970.1	182	182	unique	182	182	182	0.4354066985645933	9	419	20.333333333333332	14.491376746189438	6.0	37.0	31.0	6	0.0	1.0	14.491376746189438	8	0	8	0	21.875	-13.875	-13.875
empirical	user_msa	Phala.08G200500_Phala.08G200500.1	Phala.08G200500_Phala.08G200500.1	182	182	unique	182	182	182	0.4354066985645933	9	419	20.333333333333332	14.491376746189438	6.0	37.0	31.0	6	0.0	1.0	14.491376746189438	37	0	37	0	18.25	18.75	18.75
empirical	user_msa	Phala.08G200500_Phala.08G200500.3	Phala.08G200500_Phala.08G200500.3	182	182	unique	182	182	182	0.4354066985645933	9	419	20.333333333333332	14.491376746189438	6.0	37.0	31.0	6	0.0	1.0	14.491376746189438	37	0	37	0	18.25	18.75	18.75
empirical	user_msa	Phala.08G200500_Phala.08G200500.2	Phala.08G200500_Phala.08G200500.2	182	182	unique	182	182	182	0.4354066985645933	9	419	20.333333333333332	14.491376746189438	6.0	37.0	31.0	6	0.0	1.0	14.491376746189438	37	0	37	0	18.25	18.75	18.75
empirical	user_msa	HORVU.MOREX.r3.6HG0571560_HORVU.MOREX.r3.6HG0571560.1	HORVU.MOREX.r3.6HG0571560_HORVU.MOREX.r3.6HG0571560.1	182	182	unique	182	182	182	0.4354066985645933	9	419	20.333333333333332	14.491376746189438	6.0	37.0	31.0	6	0.0	1.0	14.491376746189438	9	0	9	0	21.75	-12.75	-12.75
empirical	user_msa	TraesCS6A03G0381800_TraesCS6A03G0381800.1	TraesCS6A03G0381800_TraesCS6A03G0381800.1	182	182	unique	182	182	182	0.4354066985645933	9	419	20.333333333333332	14.491376746189438	6.0	37.0	31.0	6	0.0	1.0	14.491376746189438	7	0	7	0	22.0	-15.0	-15.0
empirical	user_msa	Thint.S06G201700_Thint.S06G201700.1	Thint.S06G201700_Thint.S06G201700.1	182	182	unique	182	182	182	0.4354066985645933	9	419	20.333333333333332	14.491376746189438	6.0	37.0	31.0	6	0.0	1.0	14.491376746189438	7	0	7	0	22.0	-15.0	-15.0
empirical	user_msa	LOC_Os02g07490_LOC_Os02g07490.1	LOC_Os02g07490_LOC_Os02g07490.1	183	183	unique	183	183	183	0.43779904306220097	9	419	10.11111111111111	5.933791076808307	4.0	17.0	13.0	4	0.0	1.0	5.933791076808307	9	0	9	0	10.25	-1.25	-1.25
empirical	user_msa	Oropetium_20150105_02675_Oropetium_20150105_02675A	Oropetium_20150105_02675_Oropetium_20150105_02675A	183	183	unique	183	183	183	0.43779904306220097	9	419	10.11111111111111	5.933791076808307	4.0	17.0	13.0	4	0.0	1.0	5.933791076808307	4	0	4	0	10.875	-6.875	-6.875
empirical	user_msa	ELECO.r07.2AG0102970_ELECO.r07.2AG0102970.1	ELECO.r07.2AG0102970_ELECO.r07.2AG0102970.1	183	183	unique	183	183	183	0.43779904306220097	9	419	10.11111111111111	5.933791076808307	4.0	17.0	13.0	4	0.0	1.0	5.933791076808307	17	0	17	0	9.25	7.75	7.75
empirical	user_msa	Phala.08G200500_Phala.08G200500.1	Phala.08G200500_Phala.08G200500.1	183	183	unique	183	183	183	0.43779904306220097	9	419	10.11111111111111	5.933791076808307	4.0	17.0	13.0	4	0.0	1.0	5.933791076808307	4	0	4	0	10.875	-6.875	-6.875
empirical	user_msa	Phala.08G200500_Phala.08G200500.3	Phala.08G200500_Phala.08G200500.3	183	183	unique	183	183	183	0.43779904306220097	9	419	10.11111111111111	5.933791076808307	4.0	17.0	13.0	4	0.0	1.0	5.933791076808307	4	0	4	0	10.875	-6.875	-6.875
empirical	user_msa	Phala.08G200500_Phala.08G200500.2	Phala.08G200500_Phala.08G200500.2	183	183	unique	183	183	183	0.43779904306220097	9	419	10.11111111111111	5.933791076808307	4.0	17.0	13.0	4	0.0	1.0	5.933791076808307	4	0	4	0	10.875	-6.875	-6.875
empirical	user_msa	HORVU.MOREX.r3.6HG0571560_HORVU.MOREX.r3.6HG0571560.1	HORVU.MOREX.r3.6HG0571560_HORVU.MOREX.r3.6HG0571560.1	183	183	unique	183	183	183	0.43779904306220097	9	419	10.11111111111111	5.933791076808307	4.0	17.0	13.0	4	0.0	1.0	5.933791076808307	17	0	17	0	9.25	7.75	7.75
empirical	user_msa	TraesCS6A03G0381800_TraesCS6A03G0381800.1	TraesCS6A03G0381800_TraesCS6A03G0381800.1	183	183	unique	183	183	183	0.43779904306220097	9	419	10.11111111111111	5.933791076808307	4.0	17.0	13.0	4	0.0	1.0	5.933791076808307	15	0	15	0	9.5	5.5	5.5
empirical	user_msa	Thint.S06G201700_Thint.S06G201700.1	Thint.S06G201700_Thint.S06G201700.1	183	183	unique	183	183	183	0.43779904306220097	9	419	10.11111111111111	5.933791076808307	4.0	17.0	13.0	4	0.0	1.0	5.933791076808307	17	0	17	0	9.25	7.75	7.75
empirical	user_msa	LOC_Os02g07490_LOC_Os02g07490.1	LOC_Os02g07490_LOC_Os02g07490.1	184	184	unique	184	184	184	0.44019138755980863	9	419	35.666666666666664	1.0540925533894598	34.0	37.0	3.0	4	0.0	1.0	1.0540925533894598	34	0	34	0	35.875	-1.875	-1.875
empirical	user_msa	Oropetium_20150105_02675_Oropetium_20150105_02675A	Oropetium_20150105_02675_Oropetium_20150105_02675A	184	184	unique	184	184	184	0.44019138755980863	9	419	35.666666666666664	1.0540925533894598	34.0	37.0	3.0	4	0.0	1.0	1.0540925533894598	35	0	35	0	35.75	-0.75	-0.75
empirical	user_msa	ELECO.r07.2AG0102970_ELECO.r07.2AG0102970.1	ELECO.r07.2AG0102970_ELECO.r07.2AG0102970.1	184	184	unique	184	184	184	0.44019138755980863	9	419	35.666666666666664	1.0540925533894598	34.0	37.0	3.0	4	0.0	1.0	1.0540925533894598	36	0	36	0	35.625	0.375	0.375
empirical	user_msa	Phala.08G200500_Phala.08G200500.1	Phala.08G200500_Phala.08G200500.1	184	184	unique	184	184	184	0.44019138755980863	9	419	35.666666666666664	1.0540925533894598	34.0	37.0	3.0	4	0.0	1.0	1.0540925533894598	35	0	35	0	35.75	-0.75	-0.75
empirical	user_msa	Phala.08G200500_Phala.08G200500.3	Phala.08G200500_Phala.08G200500.3	184	184	unique	184	184	184	0.44019138755980863	9	419	35.666666666666664	1.0540925533894598	34.0	37.0	3.0	4	0.0	1.0	1.0540925533894598	35	0	35	0	35.75	-0.75	-0.75
empirical	user_msa	Phala.08G200500_Phala.08G200500.2	Phala.08G200500_Phala.08G200500.2	184	184	unique	184	184	184	0.44019138755980863	9	419	35.666666666666664	1.0540925533894598	34.0	37.0	3.0	4	0.0	1.0	1.0540925533894598	35	0	35	0	35.75	-0.75	-0.75
empirical	user_msa	HORVU.MOREX.r3.6HG0571560_HORVU.MOREX.r3.6HG0571560.1	HORVU.MOREX.r3.6HG0571560_HORVU.MOREX.r3.6HG0571560.1	184	184	unique	184	184	184	0.44019138755980863	9	419	35.666666666666664	1.0540925533894598	34.0	37.0	3.0	4	0.0	1.0	1.0540925533894598	37	0	37	0	35.5	1.5	1.5
empirical	user_msa	TraesCS6A03G0381800_TraesCS6A03G0381800.1	TraesCS6A03G0381800_TraesCS6A03G0381800.1	184	184	unique	184	184	184	0.44019138755980863	9	419	35.666666666666664	1.0540925533894598	34.0	37.0	3.0	4	0.0	1.0	1.0540925533894598	37	0	37	0	35.5	1.5	1.5
empirical	user_msa	Thint.S06G201700_Thint.S06G201700.1	Thint.S06G201700_Thint.S06G201700.1	184	184	unique	184	184	184	0.44019138755980863	9	419	35.666666666666664	1.0540925533894598	34.0	37.0	3.0	4	0.0	1.0	1.0540925533894598	37	0	37	0	35.5	1.5	1.5
empirical	user_msa	LOC_Os02g07490_LOC_Os02g07490.1	LOC_Os02g07490_LOC_Os02g07490.1	185	185	unique	185	185	185	0.44258373205741625	9	419	3.111111111111111	0.9938079899999066	2.0	4.0	2.0	2	0.0	1.0	0.9938079899999066	4	0	4	0	3.0	1.0	1.0
empirical	user_msa	Oropetium_20150105_02675_Oropetium_20150105_02675A	Oropetium_20150105_02675_Oropetium_20150105_02675A	185	185	unique	185	185	185	0.44258373205741625	9	419	3.111111111111111	0.9938079899999066	2.0	4.0	2.0	2	0.0	1.0	0.9938079899999066	4	0	4	0	3.0	1.0	1.0
empirical	user_msa	ELECO.r07.2AG0102970_ELECO.r07.2AG0102970.1	ELECO.r07.2AG0102970_ELECO.r07.2AG0102970.1	185	185	unique	185	185	185	0.44258373205741625	9	419	3.111111111111111	0.9938079899999066	2.0	4.0	2.0	2	0.0	1.0	0.9938079899999066	2	0	2	0	3.25	-1.25	-1.25
empirical	user_msa	Phala.08G200500_Phala.08G200500.1	Phala.08G200500_Phala.08G200500.1	185	185	unique	185	185	185	0.44258373205741625	9	419	3.111111111111111	0.9938079899999066	2.0	4.0	2.0	2	0.0	1.0	0.9938079899999066	4	0	4	0	3.0	1.0	1.0
empirical	user_msa	Phala.08G200500_Phala.08G200500.3	Phala.08G200500_Phala.08G200500.3	185	185	unique	185	185	185	0.44258373205741625	9	419	3.111111111111111	0.9938079899999066	2.0	4.0	2.0	2	0.0	1.0	0.9938079899999066	4	0	4	0	3.0	1.0	1.0
empirical	user_msa	Phala.08G200500_Phala.08G200500.2	Phala.08G200500_Phala.08G200500.2	185	185	unique	185	185	185	0.44258373205741625	9	419	3.111111111111111	0.9938079899999066	2.0	4.0	2.0	2	0.0	1.0	0.9938079899999066	4	0	4	0	3.0	1.0	1.0
empirical	user_msa	HORVU.MOREX.r3.6HG0571560_HORVU.MOREX.r3.6HG0571560.1	HORVU.MOREX.r3.6HG0571560_HORVU.MOREX.r3.6HG0571560.1	185	185	unique	185	185	185	0.44258373205741625	9	419	3.111111111111111	0.9938079899999066	2.0	4.0	2.0	2	0.0	1.0	0.9938079899999066	2	0	2	0	3.25	-1.25	-1.25
empirical	user_msa	TraesCS6A03G0381800_TraesCS6A03G0381800.1	TraesCS6A03G0381800_TraesCS6A03G0381800.1	185	185	unique	185	185	185	0.44258373205741625	9	419	3.111111111111111	0.9938079899999066	2.0	4.0	2.0	2	0.0	1.0	0.9938079899999066	2	0	2	0	3.25	-1.25	-1.25
empirical	user_msa	Thint.S06G201700_Thint.S06G201700.1	Thint.S06G201700_Thint.S06G201700.1	185	185	unique	185	185	185	0.44258373205741625	9	419	3.111111111111111	0.9938079899999066	2.0	4.0	2.0	2	0.0	1.0	0.9938079899999066	2	0	2	0	3.25	-1.25	-1.25
empirical	user_msa	LOC_Os02g07490_LOC_Os02g07490.1	LOC_Os02g07490_LOC_Os02g07490.1	186	186	unique	186	186	186	0.4449760765550239	9	419	39.333333333333336	1.4907119849998598	38.0	41.0	3.0	2	0.0	1.0	1.4907119849998598	38	0	38	0	39.5	-1.5	-1.5
empirical	user_msa	Oropetium_20150105_02675_Oropetium_20150105_02675A	Oropetium_20150105_02675_Oropetium_20150105_02675A	186	186	unique	186	186	186	0.4449760765550239	9	419	39.333333333333336	1.4907119849998598	38.0	41.0	3.0	2	0.0	1.0	1.4907119849998598	41	0	41	0	39.125	1.875	1.875
empirical	user_msa	ELECO.r07.2AG0102970_ELECO.r07.2AG0102970.1	ELECO.r07.2AG0102970_ELECO.r07.2AG0102970.1	186	186	unique	186	186	186	0.4449760765550239	9	419	39.333333333333336	1.4907119849998598	38.0	41.0	3.0	2	0.0	1.0	1.4907119849998598	38	0	38	0	39.5	-1.5	-1.5
empirical	user_msa	Phala.08G200500_Phala.08G200500.1	Phala.08G200500_Phala.08G200500.1	186	186	unique	186	186	186	0.4449760765550239	9	419	39.333333333333336	1.4907119849998598	38.0	41.0	3.0	2	0.0	1.0	1.4907119849998598	41	0	41	0	39.125	1.875	1.875
empirical	user_msa	Phala.08G200500_Phala.08G200500.3	Phala.08G200500_Phala.08G200500.3	186	186	unique	186	186	186	0.4449760765550239	9	419	39.333333333333336	1.4907119849998598	38.0	41.0	3.0	2	0.0	1.0	1.4907119849998598	41	0	41	0	39.125	1.875	1.875
empirical	user_msa	Phala.08G200500_Phala.08G200500.2	Phala.08G200500_Phala.08G200500.2	186	186	unique	186	186	186	0.4449760765550239	9	419	39.333333333333336	1.4907119849998598	38.0	41.0	3.0	2	0.0	1.0	1.4907119849998598	41	0	41	0	39.125	1.875	1.875
empirical	user_msa	HORVU.MOREX.r3.6HG0571560_HORVU.MOREX.r3.6HG0571560.1	HORVU.MOREX.r3.6HG0571560_HORVU.MOREX.r3.6HG0571560.1	186	186	unique	186	186	186	0.4449760765550239	9	419	39.333333333333336	1.4907119849998598	38.0	41.0	3.0	2	0.0	1.0	1.4907119849998598	38	0	38	0	39.5	-1.5	-1.5
empirical	user_msa	TraesCS6A03G0381800_TraesCS6A03G0381800.1	TraesCS6A03G0381800_TraesCS6A03G0381800.1	186	186	unique	186	186	186	0.4449760765550239	9	419	39.333333333333336	1.4907119849998598	38.0	41.0	3.0	2	0.0	1.0	1.4907119849998598	38	0	38	0	39.5	-1.5	-1.5
empirical	user_msa	Thint.S06G201700_Thint.S06G201700.1	Thint.S06G201700_Thint.S06G201700.1	186	186	unique	186	186	186	0.4449760765550239	9	419	39.333333333333336	1.4907119849998598	38.0	41.0	3.0	2	0.0	1.0	1.4907119849998598	38	0	38	0	39.5	-1.5	-1.5
empirical	user_msa	LOC_Os02g07490_LOC_Os02g07490.1	LOC_Os02g07490_LOC_Os02g07490.1	187	187	unique	187	187	187	0.4473684210526316	9	419	46.666666666666664	7.7746025264604	38.0	54.0	16.0	3	0.0	1.0	7.7746025264604	54	0	54	0	45.75	8.25	8.25
empirical	user_msa	Oropetium_20150105_02675_Oropetium_20150105_02675A	Oropetium_20150105_02675_Oropetium_20150105_02675A	187	187	unique	187	187	187	0.4473684210526316	9	419	46.666666666666664	7.7746025264604	38.0	54.0	16.0	3	0.0	1.0	7.7746025264604	38	0	38	0	47.75	-9.75	-9.75
empirical	user_msa	ELECO.r07.2AG0102970_ELECO.r07.2AG0102970.1	ELECO.r07.2AG0102970_ELECO.r07.2AG0102970.1	187	187	unique	187	187	187	0.4473684210526316	9	419	46.666666666666664	7.7746025264604	38.0	54.0	16.0	3	0.0	1.0	7.7746025264604	52	0	52	0	46.0	6.0	6.0
empirical	user_msa	Phala.08G200500_Phala.08G200500.1	Phala.08G200500_Phala.08G200500.1	187	187	unique	187	187	187	0.4473684210526316	9	419	46.666666666666664	7.7746025264604	38.0	54.0	16.0	3	0.0	1.0	7.7746025264604	38	0	38	0	47.75	-9.75	-9.75
empirical	user_msa	Phala.08G200500_Phala.08G200500.3	Phala.08G200500_Phala.08G200500.3	187	187	unique	187	187	187	0.4473684210526316	9	419	46.666666666666664	7.7746025264604	38.0	54.0	16.0	3	0.0	1.0	7.7746025264604	38	0	38	0	47.75	-9.75	-9.75
empirical	user_msa	Phala.08G200500_Phala.08G200500.2	Phala.08G200500_Phala.08G200500.2	187	187	unique	187	187	187	0.4473684210526316	9	419	46.666666666666664	7.7746025264604	38.0	54.0	16.0	3	0.0	1.0	7.7746025264604	38	0	38	0	47.75	-9.75	-9.75
empirical	user_msa	HORVU.MOREX.r3.6HG0571560_HORVU.MOREX.r3.6HG0571560.1	HORVU.MOREX.r3.6HG0571560_HORVU.MOREX.r3.6HG0571560.1	187	187	unique	187	187	187	0.4473684210526316	9	419	46.666666666666664	7.7746025264604	38.0	54.0	16.0	3	0.0	1.0	7.7746025264604	54	0	54	0	45.75	8.25	8.25
empirical	user_msa	TraesCS6A03G0381800_TraesCS6A03G0381800.1	TraesCS6A03G0381800_TraesCS6A03G0381800.1	187	187	unique	187	187	187	0.4473684210526316	9	419	46.666666666666664	7.7746025264604	38.0	54.0	16.0	3	0.0	1.0	7.7746025264604	54	0	54	0	45.75	8.25	8.25
empirical	user_msa	Thint.S06G201700_Thint.S06G201700.1	Thint.S06G201700_Thint.S06G201700.1	187	187	unique	187	187	187	0.4473684210526316	9	419	46.666666666666664	7.7746025264604	38.0	54.0	16.0	3	0.0	1.0	7.7746025264604	54	0	54	0	45.75	8.25	8.25
empirical	user_msa	LOC_Os02g07490_LOC_Os02g07490.1	LOC_Os02g07490_LOC_Os02g07490.1	188	188	unique	188	188	188	0.44976076555023925	9	419	42.55555555555556	3.095197394929804	38.0	48.0	10.0	4	0.0	1.0	3.095197394929804	38	0	38	0	43.125	-5.125	-5.125
empirical	user_msa	Oropetium_20150105_02675_Oropetium_20150105_02675A	Oropetium_20150105_02675_Oropetium_20150105_02675A	188	188	unique	188	188	188	0.44976076555023925	9	419	42.55555555555556	3.095197394929804	38.0	48.0	10.0	4	0.0	1.0	3.095197394929804	41	0	41	0	42.75	-1.75	-1.75
empirical	user_msa	ELECO.r07.2AG0102970_ELECO.r07.2AG0102970.1	ELECO.r07.2AG0102970_ELECO.r07.2AG0102970.1	188	188	unique	188	188	188	0.44976076555023925	9	419	42.55555555555556	3.095197394929804	38.0	48.0	10.0	4	0.0	1.0	3.095197394929804	41	0	41	0	42.75	-1.75	-1.75
empirical	user_msa	Phala.08G200500_Phala.08G200500.1	Phala.08G200500_Phala.08G200500.1	188	188	unique	188	188	188	0.44976076555023925	9	419	42.55555555555556	3.095197394929804	38.0	48.0	10.0	4	0.0	1.0	3.095197394929804	41	0	41	0	42.75	-1.75	-1.75
empirical	user_msa	Phala.08G200500_Phala.08G200500.3	Phala.08G200500_Phala.08G200500.3	188	188	unique	188	188	188	0.44976076555023925	9	419	42.55555555555556	3.095197394929804	38.0	48.0	10.0	4	0.0	1.0	3.095197394929804	41	0	41	0	42.75	-1.75	-1.75
empirical	user_msa	Phala.08G200500_Phala.08G200500.2	Phala.08G200500_Phala.08G200500.2	188	188	unique	188	188	188	0.44976076555023925	9	419	42.55555555555556	3.095197394929804	38.0	48.0	10.0	4	0.0	1.0	3.095197394929804	41	0	41	0	42.75	-1.75	-1.75
empirical	user_msa	HORVU.MOREX.r3.6HG0571560_HORVU.MOREX.r3.6HG0571560.1	HORVU.MOREX.r3.6HG0571560_HORVU.MOREX.r3.6HG0571560.1	188	188	unique	188	188	188	0.44976076555023925	9	419	42.55555555555556	3.095197394929804	38.0	48.0	10.0	4	0.0	1.0	3.095197394929804	46	0	46	0	42.125	3.875	3.875
empirical	user_msa	TraesCS6A03G0381800_TraesCS6A03G0381800.1	TraesCS6A03G0381800_TraesCS6A03G0381800.1	188	188	unique	188	188	188	0.44976076555023925	9	419	42.55555555555556	3.095197394929804	38.0	48.0	10.0	4	0.0	1.0	3.095197394929804	46	0	46	0	42.125	3.875	3.875
empirical	user_msa	Thint.S06G201700_Thint.S06G201700.1	Thint.S06G201700_Thint.S06G201700.1	188	188	unique	188	188	188	0.44976076555023925	9	419	42.55555555555556	3.095197394929804	38.0	48.0	10.0	4	0.0	1.0	3.095197394929804	48	0	48	0	41.875	6.125	6.125
empirical	user_msa	LOC_Os02g07490_LOC_Os02g07490.1	LOC_Os02g07490_LOC_Os02g07490.1	189	189	unique	189	189	189	0.45215311004784686	9	419	19.22222222222222	0.628539361054709	19.0	21.0	2.0	2	0.0	1.0	0.628539361054709	21	0	21	0	19.0	2.0	2.0
empirical	user_msa	Oropetium_20150105_02675_Oropetium_20150105_02675A	Oropetium_20150105_02675_Oropetium_20150105_02675A	189	189	unique	189	189	189	0.45215311004784686	9	419	19.22222222222222	0.628539361054709	19.0	21.0	2.0	2	0.0	1.0	0.628539361054709	19	0	19	0	19.25	-0.25	-0.25
empirical	user_msa	ELECO.r07.2AG0102970_ELECO.r07.2AG0102970.1	ELECO.r07.2AG0102970_ELECO.r07.2AG0102970.1	189	189	unique	189	189	189	0.45215311004784686	9	419	19.22222222222222	0.628539361054709	19.0	21.0	2.0	2	0.0	1.0	0.628539361054709	19	0	19	0	19.25	-0.25	-0.25
empirical	user_msa	Phala.08G200500_Phala.08G200500.1	Phala.08G200500_Phala.08G200500.1	189	189	unique	189	189	189	0.45215311004784686	9	419	19.22222222222222	0.628539361054709	19.0	21.0	2.0	2	0.0	1.0	0.628539361054709	19	0	19	0	19.25	-0.25	-0.25
empirical	user_msa	Phala.08G200500_Phala.08G200500.3	Phala.08G200500_Phala.08G200500.3	189	189	unique	189	189	189	0.45215311004784686	9	419	19.22222222222222	0.628539361054709	19.0	21.0	2.0	2	0.0	1.0	0.628539361054709	19	0	19	0	19.25	-0.25	-0.25
empirical	user_msa	Phala.08G200500_Phala.08G200500.2	Phala.08G200500_Phala.08G200500.2	189	189	unique	189	189	189	0.45215311004784686	9	419	19.22222222222222	0.628539361054709	19.0	21.0	2.0	2	0.0	1.0	0.628539361054709	19	0	19	0	19.25	-0.25	-0.25
empirical	user_msa	HORVU.MOREX.r3.6HG0571560_HORVU.MOREX.r3.6HG0571560.1	HORVU.MOREX.r3.6HG0571560_HORVU.MOREX.r3.6HG0571560.1	189	189	unique	189	189	189	0.45215311004784686	9	419	19.22222222222222	0.628539361054709	19.0	21.0	2.0	2	0.0	1.0	0.628539361054709	19	0	19	0	19.25	-0.25	-0.25
empirical	user_msa	TraesCS6A03G0381800_TraesCS6A03G0381800.1	TraesCS6A03G0381800_TraesCS6A03G0381800.1	189	189	unique	189	189	189	0.45215311004784686	9	419	19.22222222222222	0.628539361054709	19.0	21.0	2.0	2	0.0	1.0	0.628539361054709	19	0	19	0	19.25	-0.25	-0.25
empirical	user_msa	Thint.S06G201700_Thint.S06G201700.1	Thint.S06G201700_Thint.S06G201700.1	189	189	unique	189	189	189	0.45215311004784686	9	419	19.22222222222222	0.628539361054709	19.0	21.0	2.0	2	0.0	1.0	0.628539361054709	19	0	19	0	19.25	-0.25	-0.25
empirical	user_msa	LOC_Os02g07490_LOC_Os02g07490.1	LOC_Os02g07490_LOC_Os02g07490.1	190	190	unique	190	190	190	0.45454545454545453	9	419	57.77777777777778	9.11382073529328	32.0	61.0	29.0	2	0.0	1.0	9.11382073529328	61	0	61	0	57.375	3.625	3.625
empirical	user_msa	Oropetium_20150105_02675_Oropetium_20150105_02675A	Oropetium_20150105_02675_Oropetium_20150105_02675A	190	190	unique	190	190	190	0.45454545454545453	9	419	57.77777777777778	9.11382073529328	32.0	61.0	29.0	2	0.0	1.0	9.11382073529328	61	0	61	0	57.375	3.625	3.625
empirical	user_msa	ELECO.r07.2AG0102970_ELECO.r07.2AG0102970.1	ELECO.r07.2AG0102970_ELECO.r07.2AG0102970.1	190	190	unique	190	190	190	0.45454545454545453	9	419	57.77777777777778	9.11382073529328	32.0	61.0	29.0	2	0.0	1.0	9.11382073529328	32	0	32	0	61.0	-29.0	-29.0
empirical	user_msa	Phala.08G200500_Phala.08G200500.1	Phala.08G200500_Phala.08G200500.1	190	190	unique	190	190	190	0.45454545454545453	9	419	57.77777777777778	9.11382073529328	32.0	61.0	29.0	2	0.0	1.0	9.11382073529328	61	0	61	0	57.375	3.625	3.625
empirical	user_msa	Phala.08G200500_Phala.08G200500.3	Phala.08G200500_Phala.08G200500.3	190	190	unique	190	190	190	0.45454545454545453	9	419	57.77777777777778	9.11382073529328	32.0	61.0	29.0	2	0.0	1.0	9.11382073529328	61	0	61	0	57.375	3.625	3.625
empirical	user_msa	Phala.08G200500_Phala.08G200500.2	Phala.08G200500_Phala.08G200500.2	190	190	unique	190	190	190	0.45454545454545453	9	419	57.77777777777778	9.11382073529328	32.0	61.0	29.0	2	0.0	1.0	9.11382073529328	61	0	61	0	57.375	3.625	3.625
empirical	user_msa	HORVU.MOREX.r3.6HG0571560_HORVU.MOREX.r3.6HG0571560.1	HORVU.MOREX.r3.6HG0571560_HORVU.MOREX.r3.6HG0571560.1	190	190	unique	190	190	190	0.45454545454545453	9	419	57.77777777777778	9.11382073529328	32.0	61.0	29.0	2	0.0	1.0	9.11382073529328	61	0	61	0	57.375	3.625	3.625
empirical	user_msa	TraesCS6A03G0381800_TraesCS6A03G0381800.1	TraesCS6A03G0381800_TraesCS6A03G0381800.1	190	190	unique	190	190	190	0.45454545454545453	9	419	57.77777777777778	9.11382073529328	32.0	61.0	29.0	2	0.0	1.0	9.11382073529328	61	0	61	0	57.375	3.625	3.625
empirical	user_msa	Thint.S06G201700_Thint.S06G201700.1	Thint.S06G201700_Thint.S06G201700.1	190	190	unique	190	190	190	0.45454545454545453	9	419	57.77777777777778	9.11382073529328	32.0	61.0	29.0	2	0.0	1.0	9.11382073529328	61	0	61	0	57.375	3.625	3.625
empirical	user_msa	LOC_Os02g07490_LOC_Os02g07490.1	LOC_Os02g07490_LOC_Os02g07490.1	191	191	unique	191	191	191	0.4569377990430622	9	419	4.0	0.0	4.0	4.0	0.0	1	0.0	1.0	0.0	4	0	4	0	4.0	0.0	0.0
empirical	user_msa	Oropetium_20150105_02675_Oropetium_20150105_02675A	Oropetium_20150105_02675_Oropetium_20150105_02675A	191	191	unique	191	191	191	0.4569377990430622	9	419	4.0	0.0	4.0	4.0	0.0	1	0.0	1.0	0.0	4	0	4	0	4.0	0.0	0.0
empirical	user_msa	ELECO.r07.2AG0102970_ELECO.r07.2AG0102970.1	ELECO.r07.2AG0102970_ELECO.r07.2AG0102970.1	191	191	unique	191	191	191	0.4569377990430622	9	419	4.0	0.0	4.0	4.0	0.0	1	0.0	1.0	0.0	4	0	4	0	4.0	0.0	0.0
empirical	user_msa	Phala.08G200500_Phala.08G200500.1	Phala.08G200500_Phala.08G200500.1	191	191	unique	191	191	191	0.4569377990430622	9	419	4.0	0.0	4.0	4.0	0.0	1	0.0	1.0	0.0	4	0	4	0	4.0	0.0	0.0
empirical	user_msa	Phala.08G200500_Phala.08G200500.3	Phala.08G200500_Phala.08G200500.3	191	191	unique	191	191	191	0.4569377990430622	9	419	4.0	0.0	4.0	4.0	0.0	1	0.0	1.0	0.0	4	0	4	0	4.0	0.0	0.0
empirical	user_msa	Phala.08G200500_Phala.08G200500.2	Phala.08G200500_Phala.08G200500.2	191	191	unique	191	191	191	0.4569377990430622	9	419	4.0	0.0	4.0	4.0	0.0	1	0.0	1.0	0.0	4	0	4	0	4.0	0.0	0.0
empirical	user_msa	HORVU.MOREX.r3.6HG0571560_HORVU.MOREX.r3.6HG0571560.1	HORVU.MOREX.r3.6HG0571560_HORVU.MOREX.r3.6HG0571560.1	191	191	unique	191	191	191	0.4569377990430622	9	419	4.0	0.0	4.0	4.0	0.0	1	0.0	1.0	0.0	4	0	4	0	4.0	0.0	0.0
empirical	user_msa	TraesCS6A03G0381800_TraesCS6A03G0381800.1	TraesCS6A03G0381800_TraesCS6A03G0381800.1	191	191	unique	191	191	191	0.4569377990430622	9	419	4.0	0.0	4.0	4.0	0.0	1	0.0	1.0	0.0	4	0	4	0	4.0	0.0	0.0
empirical	user_msa	Thint.S06G201700_Thint.S06G201700.1	Thint.S06G201700_Thint.S06G201700.1	191	191	unique	191	191	191	0.4569377990430622	9	419	4.0	0.0	4.0	4.0	0.0	1	0.0	1.0	0.0	4	0	4	0	4.0	0.0	0.0
empirical	user_msa	LOC_Os02g07490_LOC_Os02g07490.1	LOC_Os02g07490_LOC_Os02g07490.1	192	192	unique	192	192	192	0.45933014354066987	9	419	44.77777777777778	1.1331154474650633	43.0	47.0	4.0	3	0.0	1.0	1.1331154474650633	43	0	43	0	45.0	-2.0	-2.0
empirical	user_msa	Oropetium_20150105_02675_Oropetium_20150105_02675A	Oropetium_20150105_02675_Oropetium_20150105_02675A	192	192	unique	192	192	192	0.45933014354066987	9	419	44.77777777777778	1.1331154474650633	43.0	47.0	4.0	3	0.0	1.0	1.1331154474650633	47	0	47	0	44.5	2.5	2.5
empirical	user_msa	ELECO.r07.2AG0102970_ELECO.r07.2AG0102970.1	ELECO.r07.2AG0102970_ELECO.r07.2AG0102970.1	192	192	unique	192	192	192	0.45933014354066987	9	419	44.77777777777778	1.1331154474650633	43.0	47.0	4.0	3	0.0	1.0	1.1331154474650633	45	0	45	0	44.75	0.25	0.25
empirical	user_msa	Phala.08G200500_Phala.08G200500.1	Phala.08G200500_Phala.08G200500.1	192	192	unique	192	192	192	0.45933014354066987	9	419	44.77777777777778	1.1331154474650633	43.0	47.0	4.0	3	0.0	1.0	1.1331154474650633	45	0	45	0	44.75	0.25	0.25
empirical	user_msa	Phala.08G200500_Phala.08G200500.3	Phala.08G200500_Phala.08G200500.3	192	192	unique	192	192	192	0.45933014354066987	9	419	44.77777777777778	1.1331154474650633	43.0	47.0	4.0	3	0.0	1.0	1.1331154474650633	45	0	45	0	44.75	0.25	0.25
empirical	user_msa	Phala.08G200500_Phala.08G200500.2	Phala.08G200500_Phala.08G200500.2	192	192	unique	192	192	192	0.45933014354066987	9	419	44.77777777777778	1.1331154474650633	43.0	47.0	4.0	3	0.0	1.0	1.1331154474650633	45	0	45	0	44.75	0.25	0.25
empirical	user_msa	HORVU.MOREX.r3.6HG0571560_HORVU.MOREX.r3.6HG0571560.1	HORVU.MOREX.r3.6HG0571560_HORVU.MOREX.r3.6HG0571560.1	192	192	unique	192	192	192	0.45933014354066987	9	419	44.77777777777778	1.1331154474650633	43.0	47.0	4.0	3	0.0	1.0	1.1331154474650633	45	0	45	0	44.75	0.25	0.25
empirical	user_msa	TraesCS6A03G0381800_TraesCS6A03G0381800.1	TraesCS6A03G0381800_TraesCS6A03G0381800.1	192	192	unique	192	192	192	0.45933014354066987	9	419	44.77777777777778	1.1331154474650633	43.0	47.0	4.0	3	0.0	1.0	1.1331154474650633	45	0	45	0	44.75	0.25	0.25
empirical	user_msa	Thint.S06G201700_Thint.S06G201700.1	Thint.S06G201700_Thint.S06G201700.1	192	192	unique	192	192	192	0.45933014354066987	9	419	44.77777777777778	1.1331154474650633	43.0	47.0	4.0	3	0.0	1.0	1.1331154474650633	43	0	43	0	45.0	-2.0	-2.0
empirical	user_msa	LOC_Os02g07490_LOC_Os02g07490.1	LOC_Os02g07490_LOC_Os02g07490.1	193	193	unique	193	193	193	0.46172248803827753	9	419	41.666666666666664	9.428090415820632	15.0	45.0	30.0	2	0.0	1.0	9.428090415820632	45	0	45	0	41.25	3.75	3.75
empirical	user_msa	Oropetium_20150105_02675_Oropetium_20150105_02675A	Oropetium_20150105_02675_Oropetium_20150105_02675A	193	193	unique	193	193	193	0.46172248803827753	9	419	41.666666666666664	9.428090415820632	15.0	45.0	30.0	2	0.0	1.0	9.428090415820632	15	0	15	0	45.0	-30.0	-30.0
empirical	user_msa	ELECO.r07.2AG0102970_ELECO.r07.2AG0102970.1	ELECO.r07.2AG0102970_ELECO.r07.2AG0102970.1	193	193	unique	193	193	193	0.46172248803827753	9	419	41.666666666666664	9.428090415820632	15.0	45.0	30.0	2	0.0	1.0	9.428090415820632	45	0	45	0	41.25	3.75	3.75
empirical	user_msa	Phala.08G200500_Phala.08G200500.1	Phala.08G200500_Phala.08G200500.1	193	193	unique	193	193	193	0.46172248803827753	9	419	41.666666666666664	9.428090415820632	15.0	45.0	30.0	2	0.0	1.0	9.428090415820632	45	0	45	0	41.25	3.75	3.75
empirical	user_msa	Phala.08G200500_Phala.08G200500.3	Phala.08G200500_Phala.08G200500.3	193	193	unique	193	193	193	0.46172248803827753	9	419	41.666666666666664	9.428090415820632	15.0	45.0	30.0	2	0.0	1.0	9.428090415820632	45	0	45	0	41.25	3.75	3.75
empirical	user_msa	Phala.08G200500_Phala.08G200500.2	Phala.08G200500_Phala.08G200500.2	193	193	unique	193	193	193	0.46172248803827753	9	419	41.666666666666664	9.428090415820632	15.0	45.0	30.0	2	0.0	1.0	9.428090415820632	45	0	45	0	41.25	3.75	3.75
empirical	user_msa	HORVU.MOREX.r3.6HG0571560_HORVU.MOREX.r3.6HG0571560.1	HORVU.MOREX.r3.6HG0571560_HORVU.MOREX.r3.6HG0571560.1	193	193	unique	193	193	193	0.46172248803827753	9	419	41.666666666666664	9.428090415820632	15.0	45.0	30.0	2	0.0	1.0	9.428090415820632	45	0	45	0	41.25	3.75	3.75
empirical	user_msa	TraesCS6A03G0381800_TraesCS6A03G0381800.1	TraesCS6A03G0381800_TraesCS6A03G0381800.1	193	193	unique	193	193	193	0.46172248803827753	9	419	41.666666666666664	9.428090415820632	15.0	45.0	30.0	2	0.0	1.0	9.428090415820632	45	0	45	0	41.25	3.75	3.75
empirical	user_msa	Thint.S06G201700_Thint.S06G201700.1	Thint.S06G201700_Thint.S06G201700.1	193	193	unique	193	193	193	0.46172248803827753	9	419	41.666666666666664	9.428090415820632	15.0	45.0	30.0	2	0.0	1.0	9.428090415820632	45	0	45	0	41.25	3.75	3.75
empirical	user_msa	LOC_Os02g07490_LOC_Os02g07490.1	LOC_Os02g07490_LOC_Os02g07490.1	194	194	unique	194	194	194	0.46411483253588515	9	419	35.77777777777778	10.962337319484966	5.0	41.0	36.0	4	0.0	1.0	10.962337319484966	41	0	41	0	35.125	5.875	5.875
empirical	user_msa	Oropetium_20150105_02675_Oropetium_20150105_02675A	Oropetium_20150105_02675_Oropetium_20150105_02675A	194	194	unique	194	194	194	0.46411483253588515	9	419	35.77777777777778	10.962337319484966	5.0	41.0	36.0	4	0.0	1.0	10.962337319484966	5	0	5	0	39.625	-34.625	-34.625
empirical	user_msa	ELECO.r07.2AG0102970_ELECO.r07.2AG0102970.1	ELECO.r07.2AG0102970_ELECO.r07.2AG0102970.1	194	194	unique	194	194	194	0.46411483253588515	9	419	35.77777777777778	10.962337319484966	5.0	41.0	36.0	4	0.0	1.0	10.962337319484966	39	0	39	0	35.375	3.625	3.625
empirical	user_msa	Phala.08G200500_Phala.08G200500.1	Phala.08G200500_Phala.08G200500.1	194	194	unique	194	194	194	0.46411483253588515	9	419	35.77777777777778	10.962337319484966	5.0	41.0	36.0	4	0.0	1.0	10.962337319484966	38	0	38	0	35.5	2.5	2.5
empirical	user_msa	Phala.08G200500_Phala.08G200500.3	Phala.08G200500_Phala.08G200500.3	194	194	unique	194	194	194	0.46411483253588515	9	419	35.77777777777778	10.962337319484966	5.0	41.0	36.0	4	0.0	1.0	10.962337319484966	38	0	38	0	35.5	2.5	2.5
empirical	user_msa	Phala.08G200500_Phala.08G200500.2	Phala.08G200500_Phala.08G200500.2	194	194	unique	194	194	194	0.46411483253588515	9	419	35.77777777777778	10.962337319484966	5.0	41.0	36.0	4	0.0	1.0	10.962337319484966	38	0	38	0	35.5	2.5	2.5
empirical	user_msa	HORVU.MOREX.r3.6HG0571560_HORVU.MOREX.r3.6HG0571560.1	HORVU.MOREX.r3.6HG0571560_HORVU.MOREX.r3.6HG0571560.1	194	194	unique	194	194	194	0.46411483253588515	9	419	35.77777777777778	10.962337319484966	5.0	41.0	36.0	4	0.0	1.0	10.962337319484966	41	0	41	0	35.125	5.875	5.875
empirical	user_msa	TraesCS6A03G0381800_TraesCS6A03G0381800.1	TraesCS6A03G0381800_TraesCS6A03G0381800.1	194	194	unique	194	194	194	0.46411483253588515	9	419	35.77777777777778	10.962337319484966	5.0	41.0	36.0	4	0.0	1.0	10.962337319484966	41	0	41	0	35.125	5.875	5.875
empirical	user_msa	Thint.S06G201700_Thint.S06G201700.1	Thint.S06G201700_Thint.S06G201700.1	194	194	unique	194	194	194	0.46411483253588515	9	419	35.77777777777778	10.962337319484966	5.0	41.0	36.0	4	0.0	1.0	10.962337319484966	41	0	41	0	35.125	5.875	5.875
empirical	user_msa	LOC_Os02g07490_LOC_Os02g07490.1	LOC_Os02g07490_LOC_Os02g07490.1	195	195	unique	195	195	195	0.4665071770334928	9	419	6.777777777777778	10.01973361564044	2.0	35.0	33.0	3	0.0	1.0	10.01973361564044	4	0	4	0	7.125	-3.125	-3.125
empirical	user_msa	Oropetium_20150105_02675_Oropetium_20150105_02675A	Oropetium_20150105_02675_Oropetium_20150105_02675A	195	195	unique	195	195	195	0.4665071770334928	9	419	6.777777777777778	10.01973361564044	2.0	35.0	33.0	3	0.0	1.0	10.01973361564044	35	0	35	0	3.25	31.75	31.75
empirical	user_msa	ELECO.r07.2AG0102970_ELECO.r07.2AG0102970.1	ELECO.r07.2AG0102970_ELECO.r07.2AG0102970.1	195	195	unique	195	195	195	0.4665071770334928	9	419	6.777777777777778	10.01973361564044	2.0	35.0	33.0	3	0.0	1.0	10.01973361564044	4	0	4	0	7.125	-3.125	-3.125
empirical	user_msa	Phala.08G200500_Phala.08G200500.1	Phala.08G200500_Phala.08G200500.1	195	195	unique	195	195	195	0.4665071770334928	9	419	6.777777777777778	10.01973361564044	2.0	35.0	33.0	3	0.0	1.0	10.01973361564044	2	0	2	0	7.375	-5.375	-5.375
empirical	user_msa	Phala.08G200500_Phala.08G200500.3	Phala.08G200500_Phala.08G200500.3	195	195	unique	195	195	195	0.4665071770334928	9	419	6.777777777777778	10.01973361564044	2.0	35.0	33.0	3	0.0	1.0	10.01973361564044	2	0	2	0	7.375	-5.375	-5.375
empirical	user_msa	Phala.08G200500_Phala.08G200500.2	Phala.08G200500_Phala.08G200500.2	195	195	unique	195	195	195	0.4665071770334928	9	419	6.777777777777778	10.01973361564044	2.0	35.0	33.0	3	0.0	1.0	10.01973361564044	2	0	2	0	7.375	-5.375	-5.375
empirical	user_msa	HORVU.MOREX.r3.6HG0571560_HORVU.MOREX.r3.6HG0571560.1	HORVU.MOREX.r3.6HG0571560_HORVU.MOREX.r3.6HG0571560.1	195	195	unique	195	195	195	0.4665071770334928	9	419	6.777777777777778	10.01973361564044	2.0	35.0	33.0	3	0.0	1.0	10.01973361564044	4	0	4	0	7.125	-3.125	-3.125
empirical	user_msa	TraesCS6A03G0381800_TraesCS6A03G0381800.1	TraesCS6A03G0381800_TraesCS6A03G0381800.1	195	195	unique	195	195	195	0.4665071770334928	9	419	6.777777777777778	10.01973361564044	2.0	35.0	33.0	3	0.0	1.0	10.01973361564044	4	0	4	0	7.125	-3.125	-3.125
empirical	user_msa	Thint.S06G201700_Thint.S06G201700.1	Thint.S06G201700_Thint.S06G201700.1	195	195	unique	195	195	195	0.4665071770334928	9	419	6.777777777777778	10.01973361564044	2.0	35.0	33.0	3	0.0	1.0	10.01973361564044	4	0	4	0	7.125	-3.125	-3.125
empirical	user_msa	LOC_Os02g07490_LOC_Os02g07490.1	LOC_Os02g07490_LOC_Os02g07490.1	196	196	unique	196	196	196	0.4688995215311005	9	419	2.888888888888889	0.9938079899999066	2.0	4.0	2.0	2	0.0	1.0	0.9938079899999066	2	0	2	0	3.0	-1.0	-1.0
empirical	user_msa	Oropetium_20150105_02675_Oropetium_20150105_02675A	Oropetium_20150105_02675_Oropetium_20150105_02675A	196	196	unique	196	196	196	0.4688995215311005	9	419	2.888888888888889	0.9938079899999066	2.0	4.0	2.0	2	0.0	1.0	0.9938079899999066	4	0	4	0	2.75	1.25	1.25
empirical	user_msa	ELECO.r07.2AG0102970_ELECO.r07.2AG0102970.1	ELECO.r07.2AG0102970_ELECO.r07.2AG0102970.1	196	196	unique	196	196	196	0.4688995215311005	9	419	2.888888888888889	0.9938079899999066	2.0	4.0	2.0	2	0.0	1.0	0.9938079899999066	2	0	2	0	3.0	-1.0	-1.0
empirical	user_msa	Phala.08G200500_Phala.08G200500.1	Phala.08G200500_Phala.08G200500.1	196	196	unique	196	196	196	0.4688995215311005	9	419	2.888888888888889	0.9938079899999066	2.0	4.0	2.0	2	0.0	1.0	0.9938079899999066	4	0	4	0	2.75	1.25	1.25
empirical	user_msa	Phala.08G200500_Phala.08G200500.3	Phala.08G200500_Phala.08G200500.3	196	196	unique	196	196	196	0.4688995215311005	9	419	2.888888888888889	0.9938079899999066	2.0	4.0	2.0	2	0.0	1.0	0.9938079899999066	4	0	4	0	2.75	1.25	1.25
empirical	user_msa	Phala.08G200500_Phala.08G200500.2	Phala.08G200500_Phala.08G200500.2	196	196	unique	196	196	196	0.4688995215311005	9	419	2.888888888888889	0.9938079899999066	2.0	4.0	2.0	2	0.0	1.0	0.9938079899999066	4	0	4	0	2.75	1.25	1.25
empirical	user_msa	HORVU.MOREX.r3.6HG0571560_HORVU.MOREX.r3.6HG0571560.1	HORVU.MOREX.r3.6HG0571560_HORVU.MOREX.r3.6HG0571560.1	196	196	unique	196	196	196	0.4688995215311005	9	419	2.888888888888889	0.9938079899999066	2.0	4.0	2.0	2	0.0	1.0	0.9938079899999066	2	0	2	0	3.0	-1.0	-1.0
empirical	user_msa	TraesCS6A03G0381800_TraesCS6A03G0381800.1	TraesCS6A03G0381800_TraesCS6A03G0381800.1	196	196	unique	196	196	196	0.4688995215311005	9	419	2.888888888888889	0.9938079899999066	2.0	4.0	2.0	2	0.0	1.0	0.9938079899999066	2	0	2	0	3.0	-1.0	-1.0
empirical	user_msa	Thint.S06G201700_Thint.S06G201700.1	Thint.S06G201700_Thint.S06G201700.1	196	196	unique	196	196	196	0.4688995215311005	9	419	2.888888888888889	0.9938079899999066	2.0	4.0	2.0	2	0.0	1.0	0.9938079899999066	2	0	2	0	3.0	-1.0	-1.0
empirical	user_msa	LOC_Os02g07490_LOC_Os02g07490.1	LOC_Os02g07490_LOC_Os02g07490.1	197	197	unique	197	197	197	0.47129186602870815	9	419	49.666666666666664	4.371625682868	48.0	62.0	14.0	3	0.0	1.0	4.371625682868	49	0	49	0	49.75	-0.75	-0.75
empirical	user_msa	Oropetium_20150105_02675_Oropetium_20150105_02675A	Oropetium_20150105_02675_Oropetium_20150105_02675A	197	197	unique	197	197	197	0.47129186602870815	9	419	49.666666666666664	4.371625682868	48.0	62.0	14.0	3	0.0	1.0	4.371625682868	62	0	62	0	48.125	13.875	13.875
empirical	user_msa	ELECO.r07.2AG0102970_ELECO.r07.2AG0102970.1	ELECO.r07.2AG0102970_ELECO.r07.2AG0102970.1	197	197	unique	197	197	197	0.47129186602870815	9	419	49.666666666666664	4.371625682868	48.0	62.0	14.0	3	0.0	1.0	4.371625682868	48	0	48	0	49.875	-1.875	-1.875
empirical	user_msa	Phala.08G200500_Phala.08G200500.1	Phala.08G200500_Phala.08G200500.1	197	197	unique	197	197	197	0.47129186602870815	9	419	49.666666666666664	4.371625682868	48.0	62.0	14.0	3	0.0	1.0	4.371625682868	48	0	48	0	49.875	-1.875	-1.875
empirical	user_msa	Phala.08G200500_Phala.08G200500.3	Phala.08G200500_Phala.08G200500.3	197	197	unique	197	197	197	0.47129186602870815	9	419	49.666666666666664	4.371625682868	48.0	62.0	14.0	3	0.0	1.0	4.371625682868	48	0	48	0	49.875	-1.875	-1.875
empirical	user_msa	Phala.08G200500_Phala.08G200500.2	Phala.08G200500_Phala.08G200500.2	197	197	unique	197	197	197	0.47129186602870815	9	419	49.666666666666664	4.371625682868	48.0	62.0	14.0	3	0.0	1.0	4.371625682868	48	0	48	0	49.875	-1.875	-1.875
empirical	user_msa	HORVU.MOREX.r3.6HG0571560_HORVU.MOREX.r3.6HG0571560.1	HORVU.MOREX.r3.6HG0571560_HORVU.MOREX.r3.6HG0571560.1	197	197	unique	197	197	197	0.47129186602870815	9	419	49.666666666666664	4.371625682868	48.0	62.0	14.0	3	0.0	1.0	4.371625682868	48	0	48	0	49.875	-1.875	-1.875
empirical	user_msa	TraesCS6A03G0381800_TraesCS6A03G0381800.1	TraesCS6A03G0381800_TraesCS6A03G0381800.1	197	197	unique	197	197	197	0.47129186602870815	9	419	49.666666666666664	4.371625682868	48.0	62.0	14.0	3	0.0	1.0	4.371625682868	48	0	48	0	49.875	-1.875	-1.875
empirical	user_msa	Thint.S06G201700_Thint.S06G201700.1	Thint.S06G201700_Thint.S06G201700.1	197	197	unique	197	197	197	0.47129186602870815	9	419	49.666666666666664	4.371625682868	48.0	62.0	14.0	3	0.0	1.0	4.371625682868	48	0	48	0	49.875	-1.875	-1.875
empirical	user_msa	LOC_Os02g07490_LOC_Os02g07490.1	LOC_Os02g07490_LOC_Os02g07490.1	198	198	unique	198	198	198	0.47368421052631576	9	419	47.111111111111114	1.5234788000891208	43.0	48.0	5.0	3	0.0	1.0	1.5234788000891208	48	0	48	0	47.0	1.0	1.0
empirical	user_msa	Oropetium_20150105_02675_Oropetium_20150105_02675A	Oropetium_20150105_02675_Oropetium_20150105_02675A	198	198	unique	198	198	198	0.47368421052631576	9	419	47.111111111111114	1.5234788000891208	43.0	48.0	5.0	3	0.0	1.0	1.5234788000891208	43	0	43	0	47.625	-4.625	-4.625
empirical	user_msa	ELECO.r07.2AG0102970_ELECO.r07.2AG0102970.1	ELECO.r07.2AG0102970_ELECO.r07.2AG0102970.1	198	198	unique	198	198	198	0.47368421052631576	9	419	47.111111111111114	1.5234788000891208	43.0	48.0	5.0	3	0.0	1.0	1.5234788000891208	48	0	48	0	47.0	1.0	1.0
empirical	user_msa	Phala.08G200500_Phala.08G200500.1	Phala.08G200500_Phala.08G200500.1	198	198	unique	198	198	198	0.47368421052631576	9	419	47.111111111111114	1.5234788000891208	43.0	48.0	5.0	3	0.0	1.0	1.5234788000891208	47	0	47	0	47.125	-0.125	-0.125
empirical	user_msa	Phala.08G200500_Phala.08G200500.3	Phala.08G200500_Phala.08G200500.3	198	198	unique	198	198	198	0.47368421052631576	9	419	47.111111111111114	1.5234788000891208	43.0	48.0	5.0	3	0.0	1.0	1.5234788000891208	47	0	47	0	47.125	-0.125	-0.125
empirical	user_msa	Phala.08G200500_Phala.08G200500.2	Phala.08G200500_Phala.08G200500.2	198	198	unique	198	198	198	0.47368421052631576	9	419	47.111111111111114	1.5234788000891208	43.0	48.0	5.0	3	0.0	1.0	1.5234788000891208	47	0	47	0	47.125	-0.125	-0.125
empirical	user_msa	HORVU.MOREX.r3.6HG0571560_HORVU.MOREX.r3.6HG0571560.1	HORVU.MOREX.r3.6HG0571560_HORVU.MOREX.r3.6HG0571560.1	198	198	unique	198	198	198	0.47368421052631576	9	419	47.111111111111114	1.5234788000891208	43.0	48.0	5.0	3	0.0	1.0	1.5234788000891208	48	0	48	0	47.0	1.0	1.0
empirical	user_msa	TraesCS6A03G0381800_TraesCS6A03G0381800.1	TraesCS6A03G0381800_TraesCS6A03G0381800.1	198	198	unique	198	198	198	0.47368421052631576	9	419	47.111111111111114	1.5234788000891208	43.0	48.0	5.0	3	0.0	1.0	1.5234788000891208	48	0	48	0	47.0	1.0	1.0
empirical	user_msa	Thint.S06G201700_Thint.S06G201700.1	Thint.S06G201700_Thint.S06G201700.1	198	198	unique	198	198	198	0.47368421052631576	9	419	47.111111111111114	1.5234788000891208	43.0	48.0	5.0	3	0.0	1.0	1.5234788000891208	48	0	48	0	47.0	1.0	1.0
empirical	user_msa	LOC_Os02g07490_LOC_Os02g07490.1	LOC_Os02g07490_LOC_Os02g07490.1	199	199	unique	199	199	199	0.47607655502392343	9	419	2.7777777777777777	5.028314888437671	1.0	17.0	16.0	2	0.8888888888888888	0.1111111111111111	5.028314888437671	1	1	1	1	3.0	-2.0	-2.0
empirical	user_msa	Oropetium_20150105_02675_Oropetium_20150105_02675A	Oropetium_20150105_02675_Oropetium_20150105_02675A	199	199	unique	199	199	199	0.47607655502392343	9	419	2.7777777777777777	5.028314888437671	1.0	17.0	16.0	2	0.8888888888888888	0.1111111111111111	5.028314888437671	17	0	17	0	1.0	16.0	16.0
empirical	user_msa	ELECO.r07.2AG0102970_ELECO.r07.2AG0102970.1	ELECO.r07.2AG0102970_ELECO.r07.2AG0102970.1	199	199	unique	199	199	199	0.47607655502392343	9	419	2.7777777777777777	5.028314888437671	1.0	17.0	16.0	2	0.8888888888888888	0.1111111111111111	5.028314888437671	1	1	1	1	3.0	-2.0	-2.0
empirical	user_msa	Phala.08G200500_Phala.08G200500.1	Phala.08G200500_Phala.08G200500.1	199	199	unique	199	199	199	0.47607655502392343	9	419	2.7777777777777777	5.028314888437671	1.0	17.0	16.0	2	0.8888888888888888	0.1111111111111111	5.028314888437671	1	1	1	1	3.0	-2.0	-2.0
empirical	user_msa	Phala.08G200500_Phala.08G200500.3	Phala.08G200500_Phala.08G200500.3	199	199	unique	199	199	199	0.47607655502392343	9	419	2.7777777777777777	5.028314888437671	1.0	17.0	16.0	2	0.8888888888888888	0.1111111111111111	5.028314888437671	1	1	1	1	3.0	-2.0	-2.0
empirical	user_msa	Phala.08G200500_Phala.08G200500.2	Phala.08G200500_Phala.08G200500.2	199	199	unique	199	199	199	0.47607655502392343	9	419	2.7777777777777777	5.028314888437671	1.0	17.0	16.0	2	0.8888888888888888	0.1111111111111111	5.028314888437671	1	1	1	1	3.0	-2.0	-2.0
empirical	user_msa	HORVU.MOREX.r3.6HG0571560_HORVU.MOREX.r3.6HG0571560.1	HORVU.MOREX.r3.6HG0571560_HORVU.MOREX.r3.6HG0571560.1	199	199	unique	199	199	199	0.47607655502392343	9	419	2.7777777777777777	5.028314888437671	1.0	17.0	16.0	2	0.8888888888888888	0.1111111111111111	5.028314888437671	1	1	1	1	3.0	-2.0	-2.0
empirical	user_msa	TraesCS6A03G0381800_TraesCS6A03G0381800.1	TraesCS6A03G0381800_TraesCS6A03G0381800.1	199	199	unique	199	199	199	0.47607655502392343	9	419	2.7777777777777777	5.028314888437671	1.0	17.0	16.0	2	0.8888888888888888	0.1111111111111111	5.028314888437671	1	1	1	1	3.0	-2.0	-2.0
empirical	user_msa	Thint.S06G201700_Thint.S06G201700.1	Thint.S06G201700_Thint.S06G201700.1	199	199	unique	199	199	199	0.47607655502392343	9	419	2.7777777777777777	5.028314888437671	1.0	17.0	16.0	2	0.8888888888888888	0.1111111111111111	5.028314888437671	1	1	1	1	3.0	-2.0	-2.0
empirical	user_msa	LOC_Os02g07490_LOC_Os02g07490.1	LOC_Os02g07490_LOC_Os02g07490.1	200	200	unique	200	200	200	0.4784688995215311	9	419	18.22222222222222	10.891156226526975	14.0	49.0	35.0	3	0.0	1.0	10.891156226526975	14	0	14	0	18.75	-4.75	-4.75
empirical	user_msa	Oropetium_20150105_02675_Oropetium_20150105_02675A	Oropetium_20150105_02675_Oropetium_20150105_02675A	200	200	unique	200	200	200	0.4784688995215311	9	419	18.22222222222222	10.891156226526975	14.0	49.0	35.0	3	0.0	1.0	10.891156226526975	49	0	49	0	14.375	34.625	34.625
empirical	user_msa	ELECO.r07.2AG0102970_ELECO.r07.2AG0102970.1	ELECO.r07.2AG0102970_ELECO.r07.2AG0102970.1	200	200	unique	200	200	200	0.4784688995215311	9	419	18.22222222222222	10.891156226526975	14.0	49.0	35.0	3	0.0	1.0	10.891156226526975	14	0	14	0	18.75	-4.75	-4.75
empirical	user_msa	Phala.08G200500_Phala.08G200500.1	Phala.08G200500_Phala.08G200500.1	200	200	unique	200	200	200	0.4784688995215311	9	419	18.22222222222222	10.891156226526975	14.0	49.0	35.0	3	0.0	1.0	10.891156226526975	15	0	15	0	18.625	-3.625	-3.625
empirical	user_msa	Phala.08G200500_Phala.08G200500.3	Phala.08G200500_Phala.08G200500.3	200	200	unique	200	200	200	0.4784688995215311	9	419	18.22222222222222	10.891156226526975	14.0	49.0	35.0	3	0.0	1.0	10.891156226526975	15	0	15	0	18.625	-3.625	-3.625
empirical	user_msa	Phala.08G200500_Phala.08G200500.2	Phala.08G200500_Phala.08G200500.2	200	200	unique	200	200	200	0.4784688995215311	9	419	18.22222222222222	10.891156226526975	14.0	49.0	35.0	3	0.0	1.0	10.891156226526975	15	0	15	0	18.625	-3.625	-3.625
empirical	user_msa	HORVU.MOREX.r3.6HG0571560_HORVU.MOREX.r3.6HG0571560.1	HORVU.MOREX.r3.6HG0571560_HORVU.MOREX.r3.6HG0571560.1	200	200	unique	200	200	200	0.4784688995215311	9	419	18.22222222222222	10.891156226526975	14.0	49.0	35.0	3	0.0	1.0	10.891156226526975	14	0	14	0	18.75	-4.75	-4.75
empirical	user_msa	TraesCS6A03G0381800_TraesCS6A03G0381800.1	TraesCS6A03G0381800_TraesCS6A03G0381800.1	200	200	unique	200	200	200	0.4784688995215311	9	419	18.22222222222222	10.891156226526975	14.0	49.0	35.0	3	0.0	1.0	10.891156226526975	14	0	14	0	18.75	-4.75	-4.75
empirical	user_msa	Thint.S06G201700_Thint.S06G201700.1	Thint.S06G201700_Thint.S06G201700.1	200	200	unique	200	200	200	0.4784688995215311	9	419	18.22222222222222	10.891156226526975	14.0	49.0	35.0	3	0.0	1.0	10.891156226526975	14	0	14	0	18.75	-4.75	-4.75
empirical	user_msa	LOC_Os02g07490_LOC_Os02g07490.1	LOC_Os02g07490_LOC_Os02g07490.1	201	201	unique	201	201	201	0.48086124401913877	9	419	52.888888888888886	5.9711239300197345	36.0	55.0	19.0	2	0.0	1.0	5.9711239300197345	55	0	55	0	52.625	2.375	2.375
empirical	user_msa	Oropetium_20150105_02675_Oropetium_20150105_02675A	Oropetium_20150105_02675_Oropetium_20150105_02675A	201	201	unique	201	201	201	0.48086124401913877	9	419	52.888888888888886	5.9711239300197345	36.0	55.0	19.0	2	0.0	1.0	5.9711239300197345	36	0	36	0	55.0	-19.0	-19.0
empirical	user_msa	ELECO.r07.2AG0102970_ELECO.r07.2AG0102970.1	ELECO.r07.2AG0102970_ELECO.r07.2AG0102970.1	201	201	unique	201	201	201	0.48086124401913877	9	419	52.888888888888886	5.9711239300197345	36.0	55.0	19.0	2	0.0	1.0	5.9711239300197345	55	0	55	0	52.625	2.375	2.375
empirical	user_msa	Phala.08G200500_Phala.08G200500.1	Phala.08G200500_Phala.08G200500.1	201	201	unique	201	201	201	0.48086124401913877	9	419	52.888888888888886	5.9711239300197345	36.0	55.0	19.0	2	0.0	1.0	5.9711239300197345	55	0	55	0	52.625	2.375	2.375
empirical	user_msa	Phala.08G200500_Phala.08G200500.3	Phala.08G200500_Phala.08G200500.3	201	201	unique	201	201	201	0.48086124401913877	9	419	52.888888888888886	5.9711239300197345	36.0	55.0	19.0	2	0.0	1.0	5.9711239300197345	55	0	55	0	52.625	2.375	2.375
empirical	user_msa	Phala.08G200500_Phala.08G200500.2	Phala.08G200500_Phala.08G200500.2	201	201	unique	201	201	201	0.48086124401913877	9	419	52.888888888888886	5.9711239300197345	36.0	55.0	19.0	2	0.0	1.0	5.9711239300197345	55	0	55	0	52.625	2.375	2.375
empirical	user_msa	HORVU.MOREX.r3.6HG0571560_HORVU.MOREX.r3.6HG0571560.1	HORVU.MOREX.r3.6HG0571560_HORVU.MOREX.r3.6HG0571560.1	201	201	unique	201	201	201	0.48086124401913877	9	419	52.888888888888886	5.9711239300197345	36.0	55.0	19.0	2	0.0	1.0	5.9711239300197345	55	0	55	0	52.625	2.375	2.375
empirical	user_msa	TraesCS6A03G0381800_TraesCS6A03G0381800.1	TraesCS6A03G0381800_TraesCS6A03G0381800.1	201	201	unique	201	201	201	0.48086124401913877	9	419	52.888888888888886	5.9711239300197345	36.0	55.0	19.0	2	0.0	1.0	5.9711239300197345	55	0	55	0	52.625	2.375	2.375
empirical	user_msa	Thint.S06G201700_Thint.S06G201700.1	Thint.S06G201700_Thint.S06G201700.1	201	201	unique	201	201	201	0.48086124401913877	9	419	52.888888888888886	5.9711239300197345	36.0	55.0	19.0	2	0.0	1.0	5.9711239300197345	55	0	55	0	52.625	2.375	2.375
empirical	user_msa	LOC_Os02g07490_LOC_Os02g07490.1	LOC_Os02g07490_LOC_Os02g07490.1	202	202	unique	202	202	202	0.48325358851674644	9	419	41.111111111111114	1.6629588385661962	38.0	45.0	7.0	3	0.0	1.0	1.6629588385661962	41	0	41	0	41.125	-0.125	-0.125
empirical	user_msa	Oropetium_20150105_02675_Oropetium_20150105_02675A	Oropetium_20150105_02675_Oropetium_20150105_02675A	202	202	unique	202	202	202	0.48325358851674644	9	419	41.111111111111114	1.6629588385661962	38.0	45.0	7.0	3	0.0	1.0	1.6629588385661962	45	0	45	0	40.625	4.375	4.375
empirical	user_msa	ELECO.r07.2AG0102970_ELECO.r07.2AG0102970.1	ELECO.r07.2AG0102970_ELECO.r07.2AG0102970.1	202	202	unique	202	202	202	0.48325358851674644	9	419	41.111111111111114	1.6629588385661962	38.0	45.0	7.0	3	0.0	1.0	1.6629588385661962	38	0	38	0	41.5	-3.5	-3.5
empirical	user_msa	Phala.08G200500_Phala.08G200500.1	Phala.08G200500_Phala.08G200500.1	202	202	unique	202	202	202	0.48325358851674644	9	419	41.111111111111114	1.6629588385661962	38.0	45.0	7.0	3	0.0	1.0	1.6629588385661962	41	0	41	0	41.125	-0.125	-0.125
empirical	user_msa	Phala.08G200500_Phala.08G200500.3	Phala.08G200500_Phala.08G200500.3	202	202	unique	202	202	202	0.48325358851674644	9	419	41.111111111111114	1.6629588385661962	38.0	45.0	7.0	3	0.0	1.0	1.6629588385661962	41	0	41	0	41.125	-0.125	-0.125
empirical	user_msa	Phala.08G200500_Phala.08G200500.2	Phala.08G200500_Phala.08G200500.2	202	202	unique	202	202	202	0.48325358851674644	9	419	41.111111111111114	1.6629588385661962	38.0	45.0	7.0	3	0.0	1.0	1.6629588385661962	41	0	41	0	41.125	-0.125	-0.125
empirical	user_msa	HORVU.MOREX.r3.6HG0571560_HORVU.MOREX.r3.6HG0571560.1	HORVU.MOREX.r3.6HG0571560_HORVU.MOREX.r3.6HG0571560.1	202	202	unique	202	202	202	0.48325358851674644	9	419	41.111111111111114	1.6629588385661962	38.0	45.0	7.0	3	0.0	1.0	1.6629588385661962	41	0	41	0	41.125	-0.125	-0.125
empirical	user_msa	TraesCS6A03G0381800_TraesCS6A03G0381800.1	TraesCS6A03G0381800_TraesCS6A03G0381800.1	202	202	unique	202	202	202	0.48325358851674644	9	419	41.111111111111114	1.6629588385661962	38.0	45.0	7.0	3	0.0	1.0	1.6629588385661962	41	0	41	0	41.125	-0.125	-0.125
empirical	user_msa	Thint.S06G201700_Thint.S06G201700.1	Thint.S06G201700_Thint.S06G201700.1	202	202	unique	202	202	202	0.48325358851674644	9	419	41.111111111111114	1.6629588385661962	38.0	45.0	7.0	3	0.0	1.0	1.6629588385661962	41	0	41	0	41.125	-0.125	-0.125
empirical	user_msa	LOC_Os02g07490_LOC_Os02g07490.1	LOC_Os02g07490_LOC_Os02g07490.1	203	203	unique	203	203	203	0.48564593301435405	9	419	23.11111111111111	3.1426968052735447	22.0	32.0	10.0	2	0.0	1.0	3.1426968052735447	22	0	22	0	23.25	-1.25	-1.25
empirical	user_msa	Oropetium_20150105_02675_Oropetium_20150105_02675A	Oropetium_20150105_02675_Oropetium_20150105_02675A	203	203	unique	203	203	203	0.48564593301435405	9	419	23.11111111111111	3.1426968052735447	22.0	32.0	10.0	2	0.0	1.0	3.1426968052735447	32	0	32	0	22.0	10.0	10.0
empirical	user_msa	ELECO.r07.2AG0102970_ELECO.r07.2AG0102970.1	ELECO.r07.2AG0102970_ELECO.r07.2AG0102970.1	203	203	unique	203	203	203	0.48564593301435405	9	419	23.11111111111111	3.1426968052735447	22.0	32.0	10.0	2	0.0	1.0	3.1426968052735447	22	0	22	0	23.25	-1.25	-1.25
empirical	user_msa	Phala.08G200500_Phala.08G200500.1	Phala.08G200500_Phala.08G200500.1	203	203	unique	203	203	203	0.48564593301435405	9	419	23.11111111111111	3.1426968052735447	22.0	32.0	10.0	2	0.0	1.0	3.1426968052735447	22	0	22	0	23.25	-1.25	-1.25
empirical	user_msa	Phala.08G200500_Phala.08G200500.3	Phala.08G200500_Phala.08G200500.3	203	203	unique	203	203	203	0.48564593301435405	9	419	23.11111111111111	3.1426968052735447	22.0	32.0	10.0	2	0.0	1.0	3.1426968052735447	22	0	22	0	23.25	-1.25	-1.25
empirical	user_msa	Phala.08G200500_Phala.08G200500.2	Phala.08G200500_Phala.08G200500.2	203	203	unique	203	203	203	0.48564593301435405	9	419	23.11111111111111	3.1426968052735447	22.0	32.0	10.0	2	0.0	1.0	3.1426968052735447	22	0	22	0	23.25	-1.25	-1.25
empirical	user_msa	HORVU.MOREX.r3.6HG0571560_HORVU.MOREX.r3.6HG0571560.1	HORVU.MOREX.r3.6HG0571560_HORVU.MOREX.r3.6HG0571560.1	203	203	unique	203	203	203	0.48564593301435405	9	419	23.11111111111111	3.1426968052735447	22.0	32.0	10.0	2	0.0	1.0	3.1426968052735447	22	0	22	0	23.25	-1.25	-1.25
empirical	user_msa	TraesCS6A03G0381800_TraesCS6A03G0381800.1	TraesCS6A03G0381800_TraesCS6A03G0381800.1	203	203	unique	203	203	203	0.48564593301435405	9	419	23.11111111111111	3.1426968052735447	22.0	32.0	10.0	2	0.0	1.0	3.1426968052735447	22	0	22	0	23.25	-1.25	-1.25
empirical	user_msa	Thint.S06G201700_Thint.S06G201700.1	Thint.S06G201700_Thint.S06G201700.1	203	203	unique	203	203	203	0.48564593301435405	9	419	23.11111111111111	3.1426968052735447	22.0	32.0	10.0	2	0.0	1.0	3.1426968052735447	22	0	22	0	23.25	-1.25	-1.25
empirical	user_msa	LOC_Os02g07490_LOC_Os02g07490.1	LOC_Os02g07490_LOC_Os02g07490.1	204	204	unique	204	204	204	0.4880382775119617	9	419	34.666666666666664	20.105278466666963	11.0	53.0	42.0	4	0.0	1.0	20.105278466666963	52	0	52	0	32.5	19.5	19.5
empirical	user_msa	Oropetium_20150105_02675_Oropetium_20150105_02675A	Oropetium_20150105_02675_Oropetium_20150105_02675A	204	204	unique	204	204	204	0.4880382775119617	9	419	34.666666666666664	20.105278466666963	11.0	53.0	42.0	4	0.0	1.0	20.105278466666963	16	0	16	0	37.0	-21.0	-21.0
empirical	user_msa	ELECO.r07.2AG0102970_ELECO.r07.2AG0102970.1	ELECO.r07.2AG0102970_ELECO.r07.2AG0102970.1	204	204	unique	204	204	204	0.4880382775119617	9	419	34.666666666666664	20.105278466666963	11.0	53.0	42.0	4	0.0	1.0	20.105278466666963	52	0	52	0	32.5	19.5	19.5
empirical	user_msa	Phala.08G200500_Phala.08G200500.1	Phala.08G200500_Phala.08G200500.1	204	204	unique	204	204	204	0.4880382775119617	9	419	34.666666666666664	20.105278466666963	11.0	53.0	42.0	4	0.0	1.0	20.105278466666963	11	0	11	0	37.625	-26.625	-26.625
empirical	user_msa	Phala.08G200500_Phala.08G200500.3	Phala.08G200500_Phala.08G200500.3	204	204	unique	204	204	204	0.4880382775119617	9	419	34.666666666666664	20.105278466666963	11.0	53.0	42.0	4	0.0	1.0	20.105278466666963	11	0	11	0	37.625	-26.625	-26.625
empirical	user_msa	Phala.08G200500_Phala.08G200500.2	Phala.08G200500_Phala.08G200500.2	204	204	unique	204	204	204	0.4880382775119617	9	419	34.666666666666664	20.105278466666963	11.0	53.0	42.0	4	0.0	1.0	20.105278466666963	11	0	11	0	37.625	-26.625	-26.625
empirical	user_msa	HORVU.MOREX.r3.6HG0571560_HORVU.MOREX.r3.6HG0571560.1	HORVU.MOREX.r3.6HG0571560_HORVU.MOREX.r3.6HG0571560.1	204	204	unique	204	204	204	0.4880382775119617	9	419	34.666666666666664	20.105278466666963	11.0	53.0	42.0	4	0.0	1.0	20.105278466666963	53	0	53	0	32.375	20.625	20.625
empirical	user_msa	TraesCS6A03G0381800_TraesCS6A03G0381800.1	TraesCS6A03G0381800_TraesCS6A03G0381800.1	204	204	unique	204	204	204	0.4880382775119617	9	419	34.666666666666664	20.105278466666963	11.0	53.0	42.0	4	0.0	1.0	20.105278466666963	53	0	53	0	32.375	20.625	20.625
empirical	user_msa	Thint.S06G201700_Thint.S06G201700.1	Thint.S06G201700_Thint.S06G201700.1	204	204	unique	204	204	204	0.4880382775119617	9	419	34.666666666666664	20.105278466666963	11.0	53.0	42.0	4	0.0	1.0	20.105278466666963	53	0	53	0	32.375	20.625	20.625
empirical	user_msa	LOC_Os02g07490_LOC_Os02g07490.1	LOC_Os02g07490_LOC_Os02g07490.1	205	205	unique	205	205	205	0.4904306220095694	9	419	22.88888888888889	17.64743887269289	2.0	41.0	39.0	4	0.0	1.0	17.64743887269289	38	0	38	0	21.0	17.0	17.0
empirical	user_msa	Oropetium_20150105_02675_Oropetium_20150105_02675A	Oropetium_20150105_02675_Oropetium_20150105_02675A	205	205	unique	205	205	205	0.4904306220095694	9	419	22.88888888888889	17.64743887269289	2.0	41.0	39.0	4	0.0	1.0	17.64743887269289	7	0	7	0	24.875	-17.875	-17.875
empirical	user_msa	ELECO.r07.2AG0102970_ELECO.r07.2AG0102970.1	ELECO.r07.2AG0102970_ELECO.r07.2AG0102970.1	205	205	unique	205	205	205	0.4904306220095694	9	419	22.88888888888889	17.64743887269289	2.0	41.0	39.0	4	0.0	1.0	17.64743887269289	41	0	41	0	20.625	20.375	20.375
empirical	user_msa	Phala.08G200500_Phala.08G200500.1	Phala.08G200500_Phala.08G200500.1	205	205	unique	205	205	205	0.4904306220095694	9	419	22.88888888888889	17.64743887269289	2.0	41.0	39.0	4	0.0	1.0	17.64743887269289	2	0	2	0	25.5	-23.5	-23.5
empirical	user_msa	Phala.08G200500_Phala.08G200500.3	Phala.08G200500_Phala.08G200500.3	205	205	unique	205	205	205	0.4904306220095694	9	419	22.88888888888889	17.64743887269289	2.0	41.0	39.0	4	0.0	1.0	17.64743887269289	2	0	2	0	25.5	-23.5	-23.5
empirical	user_msa	Phala.08G200500_Phala.08G200500.2	Phala.08G200500_Phala.08G200500.2	205	205	unique	205	205	205	0.4904306220095694	9	419	22.88888888888889	17.64743887269289	2.0	41.0	39.0	4	0.0	1.0	17.64743887269289	2	0	2	0	25.5	-23.5	-23.5
empirical	user_msa	HORVU.MOREX.r3.6HG0571560_HORVU.MOREX.r3.6HG0571560.1	HORVU.MOREX.r3.6HG0571560_HORVU.MOREX.r3.6HG0571560.1	205	205	unique	205	205	205	0.4904306220095694	9	419	22.88888888888889	17.64743887269289	2.0	41.0	39.0	4	0.0	1.0	17.64743887269289	38	0	38	0	21.0	17.0	17.0
empirical	user_msa	TraesCS6A03G0381800_TraesCS6A03G0381800.1	TraesCS6A03G0381800_TraesCS6A03G0381800.1	205	205	unique	205	205	205	0.4904306220095694	9	419	22.88888888888889	17.64743887269289	2.0	41.0	39.0	4	0.0	1.0	17.64743887269289	38	0	38	0	21.0	17.0	17.0
empirical	user_msa	Thint.S06G201700_Thint.S06G201700.1	Thint.S06G201700_Thint.S06G201700.1	205	205	unique	205	205	205	0.4904306220095694	9	419	22.88888888888889	17.64743887269289	2.0	41.0	39.0	4	0.0	1.0	17.64743887269289	38	0	38	0	21.0	17.0	17.0
empirical	user_msa	LOC_Os02g07490_LOC_Os02g07490.1	LOC_Os02g07490_LOC_Os02g07490.1	206	206	unique	206	206	206	0.49282296650717705	9	419	33.666666666666664	9.428090415820632	7.0	37.0	30.0	2	0.0	1.0	9.428090415820632	37	0	37	0	33.25	3.75	3.75
empirical	user_msa	Oropetium_20150105_02675_Oropetium_20150105_02675A	Oropetium_20150105_02675_Oropetium_20150105_02675A	206	206	unique	206	206	206	0.49282296650717705	9	419	33.666666666666664	9.428090415820632	7.0	37.0	30.0	2	0.0	1.0	9.428090415820632	7	0	7	0	37.0	-30.0	-30.0
empirical	user_msa	ELECO.r07.2AG0102970_ELECO.r07.2AG0102970.1	ELECO.r07.2AG0102970_ELECO.r07.2AG0102970.1	206	206	unique	206	206	206	0.49282296650717705	9	419	33.666666666666664	9.428090415820632	7.0	37.0	30.0	2	0.0	1.0	9.428090415820632	37	0	37	0	33.25	3.75	3.75
empirical	user_msa	Phala.08G200500_Phala.08G200500.1	Phala.08G200500_Phala.08G200500.1	206	206	unique	206	206	206	0.49282296650717705	9	419	33.666666666666664	9.428090415820632	7.0	37.0	30.0	2	0.0	1.0	9.428090415820632	37	0	37	0	33.25	3.75	3.75
empirical	user_msa	Phala.08G200500_Phala.08G200500.3	Phala.08G200500_Phala.08G200500.3	206	206	unique	206	206	206	0.49282296650717705	9	419	33.666666666666664	9.428090415820632	7.0	37.0	30.0	2	0.0	1.0	9.428090415820632	37	0	37	0	33.25	3.75	3.75
empirical	user_msa	Phala.08G200500_Phala.08G200500.2	Phala.08G200500_Phala.08G200500.2	206	206	unique	206	206	206	0.49282296650717705	9	419	33.666666666666664	9.428090415820632	7.0	37.0	30.0	2	0.0	1.0	9.428090415820632	37	0	37	0	33.25	3.75	3.75
empirical	user_msa	HORVU.MOREX.r3.6HG0571560_HORVU.MOREX.r3.6HG0571560.1	HORVU.MOREX.r3.6HG0571560_HORVU.MOREX.r3.6HG0571560.1	206	206	unique	206	206	206	0.49282296650717705	9	419	33.666666666666664	9.428090415820632	7.0	37.0	30.0	2	0.0	1.0	9.428090415820632	37	0	37	0	33.25	3.75	3.75
empirical	user_msa	TraesCS6A03G0381800_TraesCS6A03G0381800.1	TraesCS6A03G0381800_TraesCS6A03G0381800.1	206	206	unique	206	206	206	0.49282296650717705	9	419	33.666666666666664	9.428090415820632	7.0	37.0	30.0	2	0.0	1.0	9.428090415820632	37	0	37	0	33.25	3.75	3.75
empirical	user_msa	Thint.S06G201700_Thint.S06G201700.1	Thint.S06G201700_Thint.S06G201700.1	206	206	unique	206	206	206	0.49282296650717705	9	419	33.666666666666664	9.428090415820632	7.0	37.0	30.0	2	0.0	1.0	9.428090415820632	37	0	37	0	33.25	3.75	3.75
empirical	user_msa	LOC_Os02g07490_LOC_Os02g07490.1	LOC_Os02g07490_LOC_Os02g07490.1	207	207	unique	207	207	207	0.49521531100478466	9	419	41.888888888888886	2.514157444218836	41.0	49.0	8.0	2	0.0	1.0	2.514157444218836	41	0	41	0	42.0	-1.0	-1.0
empirical	user_msa	Oropetium_20150105_02675_Oropetium_20150105_02675A	Oropetium_20150105_02675_Oropetium_20150105_02675A	207	207	unique	207	207	207	0.49521531100478466	9	419	41.888888888888886	2.514157444218836	41.0	49.0	8.0	2	0.0	1.0	2.514157444218836	49	0	49	0	41.0	8.0	8.0
empirical	user_msa	ELECO.r07.2AG0102970_ELECO.r07.2AG0102970.1	ELECO.r07.2AG0102970_ELECO.r07.2AG0102970.1	207	207	unique	207	207	207	0.49521531100478466	9	419	41.888888888888886	2.514157444218836	41.0	49.0	8.0	2	0.0	1.0	2.514157444218836	41	0	41	0	42.0	-1.0	-1.0
empirical	user_msa	Phala.08G200500_Phala.08G200500.1	Phala.08G200500_Phala.08G200500.1	207	207	unique	207	207	207	0.49521531100478466	9	419	41.888888888888886	2.514157444218836	41.0	49.0	8.0	2	0.0	1.0	2.514157444218836	41	0	41	0	42.0	-1.0	-1.0
empirical	user_msa	Phala.08G200500_Phala.08G200500.3	Phala.08G200500_Phala.08G200500.3	207	207	unique	207	207	207	0.49521531100478466	9	419	41.888888888888886	2.514157444218836	41.0	49.0	8.0	2	0.0	1.0	2.514157444218836	41	0	41	0	42.0	-1.0	-1.0
empirical	user_msa	Phala.08G200500_Phala.08G200500.2	Phala.08G200500_Phala.08G200500.2	207	207	unique	207	207	207	0.49521531100478466	9	419	41.888888888888886	2.514157444218836	41.0	49.0	8.0	2	0.0	1.0	2.514157444218836	41	0	41	0	42.0	-1.0	-1.0
empirical	user_msa	HORVU.MOREX.r3.6HG0571560_HORVU.MOREX.r3.6HG0571560.1	HORVU.MOREX.r3.6HG0571560_HORVU.MOREX.r3.6HG0571560.1	207	207	unique	207	207	207	0.49521531100478466	9	419	41.888888888888886	2.514157444218836	41.0	49.0	8.0	2	0.0	1.0	2.514157444218836	41	0	41	0	42.0	-1.0	-1.0
empirical	user_msa	TraesCS6A03G0381800_TraesCS6A03G0381800.1	TraesCS6A03G0381800_TraesCS6A03G0381800.1	207	207	unique	207	207	207	0.49521531100478466	9	419	41.888888888888886	2.514157444218836	41.0	49.0	8.0	2	0.0	1.0	2.514157444218836	41	0	41	0	42.0	-1.0	-1.0
empirical	user_msa	Thint.S06G201700_Thint.S06G201700.1	Thint.S06G201700_Thint.S06G201700.1	207	207	unique	207	207	207	0.49521531100478466	9	419	41.888888888888886	2.514157444218836	41.0	49.0	8.0	2	0.0	1.0	2.514157444218836	41	0	41	0	42.0	-1.0	-1.0
empirical	user_msa	LOC_Os02g07490_LOC_Os02g07490.1	LOC_Os02g07490_LOC_Os02g07490.1	208	208	unique	208	208	208	0.49760765550239233	9	419	22.333333333333332	0.6666666666666666	21.0	23.0	2.0	3	0.0	1.0	0.6666666666666666	22	0	22	0	22.375	-0.375	-0.375
empirical	user_msa	Oropetium_20150105_02675_Oropetium_20150105_02675A	Oropetium_20150105_02675_Oropetium_20150105_02675A	208	208	unique	208	208	208	0.49760765550239233	9	419	22.333333333333332	0.6666666666666666	21.0	23.0	2.0	3	0.0	1.0	0.6666666666666666	21	0	21	0	22.5	-1.5	-1.5
empirical	user_msa	ELECO.r07.2AG0102970_ELECO.r07.2AG0102970.1	ELECO.r07.2AG0102970_ELECO.r07.2AG0102970.1	208	208	unique	208	208	208	0.49760765550239233	9	419	22.333333333333332	0.6666666666666666	21.0	23.0	2.0	3	0.0	1.0	0.6666666666666666	23	0	23	0	22.25	0.75	0.75
empirical	user_msa	Phala.08G200500_Phala.08G200500.1	Phala.08G200500_Phala.08G200500.1	208	208	unique	208	208	208	0.49760765550239233	9	419	22.333333333333332	0.6666666666666666	21.0	23.0	2.0	3	0.0	1.0	0.6666666666666666	22	0	22	0	22.375	-0.375	-0.375
empirical	user_msa	Phala.08G200500_Phala.08G200500.3	Phala.08G200500_Phala.08G200500.3	208	208	unique	208	208	208	0.49760765550239233	9	419	22.333333333333332	0.6666666666666666	21.0	23.0	2.0	3	0.0	1.0	0.6666666666666666	22	0	22	0	22.375	-0.375	-0.375
empirical	user_msa	Phala.08G200500_Phala.08G200500.2	Phala.08G200500_Phala.08G200500.2	208	208	unique	208	208	208	0.49760765550239233	9	419	22.333333333333332	0.6666666666666666	21.0	23.0	2.0	3	0.0	1.0	0.6666666666666666	22	0	22	0	22.375	-0.375	-0.375
empirical	user_msa	HORVU.MOREX.r3.6HG0571560_HORVU.MOREX.r3.6HG0571560.1	HORVU.MOREX.r3.6HG0571560_HORVU.MOREX.r3.6HG0571560.1	208	208	unique	208	208	208	0.49760765550239233	9	419	22.333333333333332	0.6666666666666666	21.0	23.0	2.0	3	0.0	1.0	0.6666666666666666	23	0	23	0	22.25	0.75	0.75
empirical	user_msa	TraesCS6A03G0381800_TraesCS6A03G0381800.1	TraesCS6A03G0381800_TraesCS6A03G0381800.1	208	208	unique	208	208	208	0.49760765550239233	9	419	22.333333333333332	0.6666666666666666	21.0	23.0	2.0	3	0.0	1.0	0.6666666666666666	23	0	23	0	22.25	0.75	0.75
empirical	user_msa	Thint.S06G201700_Thint.S06G201700.1	Thint.S06G201700_Thint.S06G201700.1	208	208	unique	208	208	208	0.49760765550239233	9	419	22.333333333333332	0.6666666666666666	21.0	23.0	2.0	3	0.0	1.0	0.6666666666666666	23	0	23	0	22.25	0.75	0.75
empirical	user_msa	LOC_Os02g07490_LOC_Os02g07490.1	LOC_Os02g07490_LOC_Os02g07490.1	209	209	unique	209	209	209	0.5	9	419	18.77777777777778	7.856742013183861	16.0	41.0	25.0	2	0.0	1.0	7.856742013183861	16	0	16	0	19.125	-3.125	-3.125
empirical	user_msa	Oropetium_20150105_02675_Oropetium_20150105_02675A	Oropetium_20150105_02675_Oropetium_20150105_02675A	209	209	unique	209	209	209	0.5	9	419	18.77777777777778	7.856742013183861	16.0	41.0	25.0	2	0.0	1.0	7.856742013183861	41	0	41	0	16.0	25.0	25.0
empirical	user_msa	ELECO.r07.2AG0102970_ELECO.r07.2AG0102970.1	ELECO.r07.2AG0102970_ELECO.r07.2AG0102970.1	209	209	unique	209	209	209	0.5	9	419	18.77777777777778	7.856742013183861	16.0	41.0	25.0	2	0.0	1.0	7.856742013183861	16	0	16	0	19.125	-3.125	-3.125
empirical	user_msa	Phala.08G200500_Phala.08G200500.1	Phala.08G200500_Phala.08G200500.1	209	209	unique	209	209	209	0.5	9	419	18.77777777777778	7.856742013183861	16.0	41.0	25.0	2	0.0	1.0	7.856742013183861	16	0	16	0	19.125	-3.125	-3.125
empirical	user_msa	Phala.08G200500_Phala.08G200500.3	Phala.08G200500_Phala.08G200500.3	209	209	unique	209	209	209	0.5	9	419	18.77777777777778	7.856742013183861	16.0	41.0	25.0	2	0.0	1.0	7.856742013183861	16	0	16	0	19.125	-3.125	-3.125
empirical	user_msa	Phala.08G200500_Phala.08G200500.2	Phala.08G200500_Phala.08G200500.2	209	209	unique	209	209	209	0.5	9	419	18.77777777777778	7.856742013183861	16.0	41.0	25.0	2	0.0	1.0	7.856742013183861	16	0	16	0	19.125	-3.125	-3.125
empirical	user_msa	HORVU.MOREX.r3.6HG0571560_HORVU.MOREX.r3.6HG0571560.1	HORVU.MOREX.r3.6HG0571560_HORVU.MOREX.r3.6HG0571560.1	209	209	unique	209	209	209	0.5	9	419	18.77777777777778	7.856742013183861	16.0	41.0	25.0	2	0.0	1.0	7.856742013183861	16	0	16	0	19.125	-3.125	-3.125
empirical	user_msa	TraesCS6A03G0381800_TraesCS6A03G0381800.1	TraesCS6A03G0381800_TraesCS6A03G0381800.1	209	209	unique	209	209	209	0.5	9	419	18.77777777777778	7.856742013183861	16.0	41.0	25.0	2	0.0	1.0	7.856742013183861	16	0	16	0	19.125	-3.125	-3.125
empirical	user_msa	Thint.S06G201700_Thint.S06G201700.1	Thint.S06G201700_Thint.S06G201700.1	209	209	unique	209	209	209	0.5	9	419	18.77777777777778	7.856742013183861	16.0	41.0	25.0	2	0.0	1.0	7.856742013183861	16	0	16	0	19.125	-3.125	-3.125
empirical	user_msa	LOC_Os02g07490_LOC_Os02g07490.1	LOC_Os02g07490_LOC_Os02g07490.1	210	210	unique	210	210	210	0.5023923444976076	9	419	53.333333333333336	16.254913786982144	15.0	62.0	47.0	4	0.0	1.0	16.254913786982144	62	0	62	0	52.25	9.75	9.75
empirical	user_msa	Oropetium_20150105_02675_Oropetium_20150105_02675A	Oropetium_20150105_02675_Oropetium_20150105_02675A	210	210	unique	210	210	210	0.5023923444976076	9	419	53.333333333333336	16.254913786982144	15.0	62.0	47.0	4	0.0	1.0	16.254913786982144	15	0	15	0	58.125	-43.125	-43.125
empirical	user_msa	ELECO.r07.2AG0102970_ELECO.r07.2AG0102970.1	ELECO.r07.2AG0102970_ELECO.r07.2AG0102970.1	210	210	unique	210	210	210	0.5023923444976076	9	419	53.333333333333336	16.254913786982144	15.0	62.0	47.0	4	0.0	1.0	16.254913786982144	60	0	60	0	52.5	7.5	7.5
empirical	user_msa	Phala.08G200500_Phala.08G200500.1	Phala.08G200500_Phala.08G200500.1	210	210	unique	210	210	210	0.5023923444976076	9	419	53.333333333333336	16.254913786982144	15.0	62.0	47.0	4	0.0	1.0	16.254913786982144	62	0	62	0	52.25	9.75	9.75
empirical	user_msa	Phala.08G200500_Phala.08G200500.3	Phala.08G200500_Phala.08G200500.3	210	210	unique	210	210	210	0.5023923444976076	9	419	53.333333333333336	16.254913786982144	15.0	62.0	47.0	4	0.0	1.0	16.254913786982144	62	0	62	0	52.25	9.75	9.75
empirical	user_msa	Phala.08G200500_Phala.08G200500.2	Phala.08G200500_Phala.08G200500.2	210	210	unique	210	210	210	0.5023923444976076	9	419	53.333333333333336	16.254913786982144	15.0	62.0	47.0	4	0.0	1.0	16.254913786982144	62	0	62	0	52.25	9.75	9.75
empirical	user_msa	HORVU.MOREX.r3.6HG0571560_HORVU.MOREX.r3.6HG0571560.1	HORVU.MOREX.r3.6HG0571560_HORVU.MOREX.r3.6HG0571560.1	210	210	unique	210	210	210	0.5023923444976076	9	419	53.333333333333336	16.254913786982144	15.0	62.0	47.0	4	0.0	1.0	16.254913786982144	62	0	62	0	52.25	9.75	9.75
empirical	user_msa	TraesCS6A03G0381800_TraesCS6A03G0381800.1	TraesCS6A03G0381800_TraesCS6A03G0381800.1	210	210	unique	210	210	210	0.5023923444976076	9	419	53.333333333333336	16.254913786982144	15.0	62.0	47.0	4	0.0	1.0	16.254913786982144	62	0	62	0	52.25	9.75	9.75
empirical	user_msa	Thint.S06G201700_Thint.S06G201700.1	Thint.S06G201700_Thint.S06G201700.1	210	210	unique	210	210	210	0.5023923444976076	9	419	53.333333333333336	16.254913786982144	15.0	62.0	47.0	4	0.0	1.0	16.254913786982144	33	0	33	0	55.875	-22.875	-22.875
empirical	user_msa	LOC_Os02g07490_LOC_Os02g07490.1	LOC_Os02g07490_LOC_Os02g07490.1	211	211	unique	211	211	211	0.5047846889952153	9	419	42.666666666666664	14.734690736866897	1.0	48.0	47.0	3	0.1111111111111111	0.8888888888888888	14.734690736866897	47	0	47	0	42.125	4.875	4.875
empirical	user_msa	Oropetium_20150105_02675_Oropetium_20150105_02675A	Oropetium_20150105_02675_Oropetium_20150105_02675A	211	211	unique	211	211	211	0.5047846889952153	9	419	42.666666666666664	14.734690736866897	1.0	48.0	47.0	3	0.1111111111111111	0.8888888888888888	14.734690736866897	1	1	1	1	47.875	-46.875	-46.875
empirical	user_msa	ELECO.r07.2AG0102970_ELECO.r07.2AG0102970.1	ELECO.r07.2AG0102970_ELECO.r07.2AG0102970.1	211	211	unique	211	211	211	0.5047846889952153	9	419	42.666666666666664	14.734690736866897	1.0	48.0	47.0	3	0.1111111111111111	0.8888888888888888	14.734690736866897	48	0	48	0	42.0	6.0	6.0
empirical	user_msa	Phala.08G200500_Phala.08G200500.1	Phala.08G200500_Phala.08G200500.1	211	211	unique	211	211	211	0.5047846889952153	9	419	42.666666666666664	14.734690736866897	1.0	48.0	47.0	3	0.1111111111111111	0.8888888888888888	14.734690736866897	48	0	48	0	42.0	6.0	6.0
empirical	user_msa	Phala.08G200500_Phala.08G200500.3	Phala.08G200500_Phala.08G200500.3	211	211	unique	211	211	211	0.5047846889952153	9	419	42.666666666666664	14.734690736866897	1.0	48.0	47.0	3	0.1111111111111111	0.8888888888888888	14.734690736866897	48	0	48	0	42.0	6.0	6.0
empirical	user_msa	Phala.08G200500_Phala.08G200500.2	Phala.08G200500_Phala.08G200500.2	211	211	unique	211	211	211	0.5047846889952153	9	419	42.666666666666664	14.734690736866897	1.0	48.0	47.0	3	0.1111111111111111	0.8888888888888888	14.734690736866897	48	0	48	0	42.0	6.0	6.0
empirical	user_msa	HORVU.MOREX.r3.6HG0571560_HORVU.MOREX.r3.6HG0571560.1	HORVU.MOREX.r3.6HG0571560_HORVU.MOREX.r3.6HG0571560.1	211	211	unique	211	211	211	0.5047846889952153	9	419	42.666666666666664	14.734690736866897	1.0	48.0	47.0	3	0.1111111111111111	0.8888888888888888	14.734690736866897	48	0	48	0	42.0	6.0	6.0
empirical	user_msa	TraesCS6A03G0381800_TraesCS6A03G0381800.1	TraesCS6A03G0381800_TraesCS6A03G0381800.1	211	211	unique	211	211	211	0.5047846889952153	9	419	42.666666666666664	14.734690736866897	1.0	48.0	47.0	3	0.1111111111111111	0.8888888888888888	14.734690736866897	48	0	48	0	42.0	6.0	6.0
empirical	user_msa	Thint.S06G201700_Thint.S06G201700.1	Thint.S06G201700_Thint.S06G201700.1	211	211	unique	211	211	211	0.5047846889952153	9	419	42.666666666666664	14.734690736866897	1.0	48.0	47.0	3	0.1111111111111111	0.8888888888888888	14.734690736866897	48	0	48	0	42.0	6.0	6.0
empirical	user_msa	LOC_Os02g07490_LOC_Os02g07490.1	LOC_Os02g07490_LOC_Os02g07490.1	212	212	unique	212	212	212	0.507177033492823	9	419	43.666666666666664	15.084944665313014	1.0	49.0	48.0	2	0.1111111111111111	0.8888888888888888	15.084944665313014	49	0	49	0	43.0	6.0	6.0
empirical	user_msa	Oropetium_20150105_02675_Oropetium_20150105_02675A	Oropetium_20150105_02675_Oropetium_20150105_02675A	212	212	unique	212	212	212	0.507177033492823	9	419	43.666666666666664	15.084944665313014	1.0	49.0	48.0	2	0.1111111111111111	0.8888888888888888	15.084944665313014	1	1	1	1	49.0	-48.0	-48.0
empirical	user_msa	ELECO.r07.2AG0102970_ELECO.r07.2AG0102970.1	ELECO.r07.2AG0102970_ELECO.r07.2AG0102970.1	212	212	unique	212	212	212	0.507177033492823	9	419	43.666666666666664	15.084944665313014	1.0	49.0	48.0	2	0.1111111111111111	0.8888888888888888	15.084944665313014	49	0	49	0	43.0	6.0	6.0
empirical	user_msa	Phala.08G200500_Phala.08G200500.1	Phala.08G200500_Phala.08G200500.1	212	212	unique	212	212	212	0.507177033492823	9	419	43.666666666666664	15.084944665313014	1.0	49.0	48.0	2	0.1111111111111111	0.8888888888888888	15.084944665313014	49	0	49	0	43.0	6.0	6.0
empirical	user_msa	Phala.08G200500_Phala.08G200500.3	Phala.08G200500_Phala.08G200500.3	212	212	unique	212	212	212	0.507177033492823	9	419	43.666666666666664	15.084944665313014	1.0	49.0	48.0	2	0.1111111111111111	0.8888888888888888	15.084944665313014	49	0	49	0	43.0	6.0	6.0
empirical	user_msa	Phala.08G200500_Phala.08G200500.2	Phala.08G200500_Phala.08G200500.2	212	212	unique	212	212	212	0.507177033492823	9	419	43.666666666666664	15.084944665313014	1.0	49.0	48.0	2	0.1111111111111111	0.8888888888888888	15.084944665313014	49	0	49	0	43.0	6.0	6.0
empirical	user_msa	HORVU.MOREX.r3.6HG0571560_HORVU.MOREX.r3.6HG0571560.1	HORVU.MOREX.r3.6HG0571560_HORVU.MOREX.r3.6HG0571560.1	212	212	unique	212	212	212	0.507177033492823	9	419	43.666666666666664	15.084944665313014	1.0	49.0	48.0	2	0.1111111111111111	0.8888888888888888	15.084944665313014	49	0	49	0	43.0	6.0	6.0
empirical	user_msa	TraesCS6A03G0381800_TraesCS6A03G0381800.1	TraesCS6A03G0381800_TraesCS6A03G0381800.1	212	212	unique	212	212	212	0.507177033492823	9	419	43.666666666666664	15.084944665313014	1.0	49.0	48.0	2	0.1111111111111111	0.8888888888888888	15.084944665313014	49	0	49	0	43.0	6.0	6.0
empirical	user_msa	Thint.S06G201700_Thint.S06G201700.1	Thint.S06G201700_Thint.S06G201700.1	212	212	unique	212	212	212	0.507177033492823	9	419	43.666666666666664	15.084944665313014	1.0	49.0	48.0	2	0.1111111111111111	0.8888888888888888	15.084944665313014	49	0	49	0	43.0	6.0	6.0
empirical	user_msa	LOC_Os02g07490_LOC_Os02g07490.1	LOC_Os02g07490_LOC_Os02g07490.1	213	213	unique	213	213	213	0.5095693779904307	9	419	38.44444444444444	13.309237486390264	1.0	45.0	44.0	3	0.1111111111111111	0.8888888888888888	13.309237486390264	42	0	42	0	38.0	4.0	4.0
empirical	user_msa	Oropetium_20150105_02675_Oropetium_20150105_02675A	Oropetium_20150105_02675_Oropetium_20150105_02675A	213	213	unique	213	213	213	0.5095693779904307	9	419	38.44444444444444	13.309237486390264	1.0	45.0	44.0	3	0.1111111111111111	0.8888888888888888	13.309237486390264	1	1	1	1	43.125	-42.125	-42.125
empirical	user_msa	ELECO.r07.2AG0102970_ELECO.r07.2AG0102970.1	ELECO.r07.2AG0102970_ELECO.r07.2AG0102970.1	213	213	unique	213	213	213	0.5095693779904307	9	419	38.44444444444444	13.309237486390264	1.0	45.0	44.0	3	0.1111111111111111	0.8888888888888888	13.309237486390264	42	0	42	0	38.0	4.0	4.0
empirical	user_msa	Phala.08G200500_Phala.08G200500.1	Phala.08G200500_Phala.08G200500.1	213	213	unique	213	213	213	0.5095693779904307	9	419	38.44444444444444	13.309237486390264	1.0	45.0	44.0	3	0.1111111111111111	0.8888888888888888	13.309237486390264	45	0	45	0	37.625	7.375	7.375
empirical	user_msa	Phala.08G200500_Phala.08G200500.3	Phala.08G200500_Phala.08G200500.3	213	213	unique	213	213	213	0.5095693779904307	9	419	38.44444444444444	13.309237486390264	1.0	45.0	44.0	3	0.1111111111111111	0.8888888888888888	13.309237486390264	45	0	45	0	37.625	7.375	7.375
empirical	user_msa	Phala.08G200500_Phala.08G200500.2	Phala.08G200500_Phala.08G200500.2	213	213	unique	213	213	213	0.5095693779904307	9	419	38.44444444444444	13.309237486390264	1.0	45.0	44.0	3	0.1111111111111111	0.8888888888888888	13.309237486390264	45	0	45	0	37.625	7.375	7.375
empirical	user_msa	HORVU.MOREX.r3.6HG0571560_HORVU.MOREX.r3.6HG0571560.1	HORVU.MOREX.r3.6HG0571560_HORVU.MOREX.r3.6HG0571560.1	213	213	unique	213	213	213	0.5095693779904307	9	419	38.44444444444444	13.309237486390264	1.0	45.0	44.0	3	0.1111111111111111	0.8888888888888888	13.309237486390264	42	0	42	0	38.0	4.0	4.0
empirical	user_msa	TraesCS6A03G0381800_TraesCS6A03G0381800.1	TraesCS6A03G0381800_TraesCS6A03G0381800.1	213	213	unique	213	213	213	0.5095693779904307	9	419	38.44444444444444	13.309237486390264	1.0	45.0	44.0	3	0.1111111111111111	0.8888888888888888	13.309237486390264	42	0	42	0	38.0	4.0	4.0
empirical	user_msa	Thint.S06G201700_Thint.S06G201700.1	Thint.S06G201700_Thint.S06G201700.1	213	213	unique	213	213	213	0.5095693779904307	9	419	38.44444444444444	13.309237486390264	1.0	45.0	44.0	3	0.1111111111111111	0.8888888888888888	13.309237486390264	42	0	42	0	38.0	4.0	4.0
empirical	user_msa	LOC_Os02g07490_LOC_Os02g07490.1	LOC_Os02g07490_LOC_Os02g07490.1	214	214	unique	214	214	214	0.5119617224880383	9	419	41.333333333333336	14.2672897060218	1.0	47.0	46.0	3	0.1111111111111111	0.8888888888888888	14.2672897060218	46	0	46	0	40.75	5.25	5.25
empirical	user_msa	Oropetium_20150105_02675_Oropetium_20150105_02675A	Oropetium_20150105_02675_Oropetium_20150105_02675A	214	214	unique	214	214	214	0.5119617224880383	9	419	41.333333333333336	14.2672897060218	1.0	47.0	46.0	3	0.1111111111111111	0.8888888888888888	14.2672897060218	1	1	1	1	46.375	-45.375	-45.375
empirical	user_msa	ELECO.r07.2AG0102970_ELECO.r07.2AG0102970.1	ELECO.r07.2AG0102970_ELECO.r07.2AG0102970.1	214	214	unique	214	214	214	0.5119617224880383	9	419	41.333333333333336	14.2672897060218	1.0	47.0	46.0	3	0.1111111111111111	0.8888888888888888	14.2672897060218	46	0	46	0	40.75	5.25	5.25
empirical	user_msa	Phala.08G200500_Phala.08G200500.1	Phala.08G200500_Phala.08G200500.1	214	214	unique	214	214	214	0.5119617224880383	9	419	41.333333333333336	14.2672897060218	1.0	47.0	46.0	3	0.1111111111111111	0.8888888888888888	14.2672897060218	47	0	47	0	40.625	6.375	6.375
empirical	user_msa	Phala.08G200500_Phala.08G200500.3	Phala.08G200500_Phala.08G200500.3	214	214	unique	214	214	214	0.5119617224880383	9	419	41.333333333333336	14.2672897060218	1.0	47.0	46.0	3	0.1111111111111111	0.8888888888888888	14.2672897060218	47	0	47	0	40.625	6.375	6.375
empirical	user_msa	Phala.08G200500_Phala.08G200500.2	Phala.08G200500_Phala.08G200500.2	214	214	unique	214	214	214	0.5119617224880383	9	419	41.333333333333336	14.2672897060218	1.0	47.0	46.0	3	0.1111111111111111	0.8888888888888888	14.2672897060218	47	0	47	0	40.625	6.375	6.375
empirical	user_msa	HORVU.MOREX.r3.6HG0571560_HORVU.MOREX.r3.6HG0571560.1	HORVU.MOREX.r3.6HG0571560_HORVU.MOREX.r3.6HG0571560.1	214	214	unique	214	214	214	0.5119617224880383	9	419	41.333333333333336	14.2672897060218	1.0	47.0	46.0	3	0.1111111111111111	0.8888888888888888	14.2672897060218	46	0	46	0	40.75	5.25	5.25
empirical	user_msa	TraesCS6A03G0381800_TraesCS6A03G0381800.1	TraesCS6A03G0381800_TraesCS6A03G0381800.1	214	214	unique	214	214	214	0.5119617224880383	9	419	41.333333333333336	14.2672897060218	1.0	47.0	46.0	3	0.1111111111111111	0.8888888888888888	14.2672897060218	46	0	46	0	40.75	5.25	5.25
empirical	user_msa	Thint.S06G201700_Thint.S06G201700.1	Thint.S06G201700_Thint.S06G201700.1	214	214	unique	214	214	214	0.5119617224880383	9	419	41.333333333333336	14.2672897060218	1.0	47.0	46.0	3	0.1111111111111111	0.8888888888888888	14.2672897060218	46	0	46	0	40.75	5.25	5.25
empirical	user_msa	LOC_Os02g07490_LOC_Os02g07490.1	LOC_Os02g07490_LOC_Os02g07490.1	215	215	unique	215	215	215	0.5143540669856459	9	419	4.555555555555555	1.257078722109418	1.0	5.0	4.0	2	0.1111111111111111	0.8888888888888888	1.257078722109418	5	0	5	0	4.5	0.5	0.5
empirical	user_msa	Oropetium_20150105_02675_Oropetium_20150105_02675A	Oropetium_20150105_02675_Oropetium_20150105_02675A	215	215	unique	215	215	215	0.5143540669856459	9	419	4.555555555555555	1.257078722109418	1.0	5.0	4.0	2	0.1111111111111111	0.8888888888888888	1.257078722109418	1	1	1	1	5.0	-4.0	-4.0
empirical	user_msa	ELECO.r07.2AG0102970_ELECO.r07.2AG0102970.1	ELECO.r07.2AG0102970_ELECO.r07.2AG0102970.1	215	215	unique	215	215	215	0.5143540669856459	9	419	4.555555555555555	1.257078722109418	1.0	5.0	4.0	2	0.1111111111111111	0.8888888888888888	1.257078722109418	5	0	5	0	4.5	0.5	0.5
empirical	user_msa	Phala.08G200500_Phala.08G200500.1	Phala.08G200500_Phala.08G200500.1	215	215	unique	215	215	215	0.5143540669856459	9	419	4.555555555555555	1.257078722109418	1.0	5.0	4.0	2	0.1111111111111111	0.8888888888888888	1.257078722109418	5	0	5	0	4.5	0.5	0.5
empirical	user_msa	Phala.08G200500_Phala.08G200500.3	Phala.08G200500_Phala.08G200500.3	215	215	unique	215	215	215	0.5143540669856459	9	419	4.555555555555555	1.257078722109418	1.0	5.0	4.0	2	0.1111111111111111	0.8888888888888888	1.257078722109418	5	0	5	0	4.5	0.5	0.5
empirical	user_msa	Phala.08G200500_Phala.08G200500.2	Phala.08G200500_Phala.08G200500.2	215	215	unique	215	215	215	0.5143540669856459	9	419	4.555555555555555	1.257078722109418	1.0	5.0	4.0	2	0.1111111111111111	0.8888888888888888	1.257078722109418	5	0	5	0	4.5	0.5	0.5
empirical	user_msa	HORVU.MOREX.r3.6HG0571560_HORVU.MOREX.r3.6HG0571560.1	HORVU.MOREX.r3.6HG0571560_HORVU.MOREX.r3.6HG0571560.1	215	215	unique	215	215	215	0.5143540669856459	9	419	4.555555555555555	1.257078722109418	1.0	5.0	4.0	2	0.1111111111111111	0.8888888888888888	1.257078722109418	5	0	5	0	4.5	0.5	0.5
empirical	user_msa	TraesCS6A03G0381800_TraesCS6A03G0381800.1	TraesCS6A03G0381800_TraesCS6A03G0381800.1	215	215	unique	215	215	215	0.5143540669856459	9	419	4.555555555555555	1.257078722109418	1.0	5.0	4.0	2	0.1111111111111111	0.8888888888888888	1.257078722109418	5	0	5	0	4.5	0.5	0.5
empirical	user_msa	Thint.S06G201700_Thint.S06G201700.1	Thint.S06G201700_Thint.S06G201700.1	215	215	unique	215	215	215	0.5143540669856459	9	419	4.555555555555555	1.257078722109418	1.0	5.0	4.0	2	0.1111111111111111	0.8888888888888888	1.257078722109418	5	0	5	0	4.5	0.5	0.5
empirical	user_msa	LOC_Os02g07490_LOC_Os02g07490.1	LOC_Os02g07490_LOC_Os02g07490.1	216	216	unique	216	216	216	0.5167464114832536	9	419	32.111111111111114	10.999438818457405	1.0	36.0	35.0	2	0.1111111111111111	0.8888888888888888	10.999438818457405	36	0	36	0	31.625	4.375	4.375
empirical	user_msa	Oropetium_20150105_02675_Oropetium_20150105_02675A	Oropetium_20150105_02675_Oropetium_20150105_02675A	216	216	unique	216	216	216	0.5167464114832536	9	419	32.111111111111114	10.999438818457405	1.0	36.0	35.0	2	0.1111111111111111	0.8888888888888888	10.999438818457405	1	1	1	1	36.0	-35.0	-35.0
empirical	user_msa	ELECO.r07.2AG0102970_ELECO.r07.2AG0102970.1	ELECO.r07.2AG0102970_ELECO.r07.2AG0102970.1	216	216	unique	216	216	216	0.5167464114832536	9	419	32.111111111111114	10.999438818457405	1.0	36.0	35.0	2	0.1111111111111111	0.8888888888888888	10.999438818457405	36	0	36	0	31.625	4.375	4.375
empirical	user_msa	Phala.08G200500_Phala.08G200500.1	Phala.08G200500_Phala.08G200500.1	216	216	unique	216	216	216	0.5167464114832536	9	419	32.111111111111114	10.999438818457405	1.0	36.0	35.0	2	0.1111111111111111	0.8888888888888888	10.999438818457405	36	0	36	0	31.625	4.375	4.375
empirical	user_msa	Phala.08G200500_Phala.08G200500.3	Phala.08G200500_Phala.08G200500.3	216	216	unique	216	216	216	0.5167464114832536	9	419	32.111111111111114	10.999438818457405	1.0	36.0	35.0	2	0.1111111111111111	0.8888888888888888	10.999438818457405	36	0	36	0	31.625	4.375	4.375
empirical	user_msa	Phala.08G200500_Phala.08G200500.2	Phala.08G200500_Phala.08G200500.2	216	216	unique	216	216	216	0.5167464114832536	9	419	32.111111111111114	10.999438818457405	1.0	36.0	35.0	2	0.1111111111111111	0.8888888888888888	10.999438818457405	36	0	36	0	31.625	4.375	4.375
empirical	user_msa	HORVU.MOREX.r3.6HG0571560_HORVU.MOREX.r3.6HG0571560.1	HORVU.MOREX.r3.6HG0571560_HORVU.MOREX.r3.6HG0571560.1	216	216	unique	216	216	216	0.5167464114832536	9	419	32.111111111111114	10.999438818457405	1.0	36.0	35.0	2	0.1111111111111111	0.8888888888888888	10.999438818457405	36	0	36	0	31.625	4.375	4.375
empirical	user_msa	TraesCS6A03G0381800_TraesCS6A03G0381800.1	TraesCS6A03G0381800_TraesCS6A03G0381800.1	216	216	unique	216	216	216	0.5167464114832536	9	419	32.111111111111114	10.999438818457405	1.0	36.0	35.0	2	0.1111111111111111	0.8888888888888888	10.999438818457405	36	0	36	0	31.625	4.375	4.375
empirical	user_msa	Thint.S06G201700_Thint.S06G201700.1	Thint.S06G201700_Thint.S06G201700.1	216	216	unique	216	216	216	0.5167464114832536	9	419	32.111111111111114	10.999438818457405	1.0	36.0	35.0	2	0.1111111111111111	0.8888888888888888	10.999438818457405	36	0	36	0	31.625	4.375	4.375
empirical	user_msa	LOC_Os02g07490_LOC_Os02g07490.1	LOC_Os02g07490_LOC_Os02g07490.1	217	217	unique	217	217	217	0.5191387559808612	9	419	18.555555555555557	14.150862644384862	1.0	37.0	36.0	5	0.1111111111111111	0.8888888888888888	14.150862644384862	4	0	4	0	20.375	-16.375	-16.375
empirical	user_msa	Oropetium_20150105_02675_Oropetium_20150105_02675A	Oropetium_20150105_02675_Oropetium_20150105_02675A	217	217	unique	217	217	217	0.5191387559808612	9	419	18.555555555555557	14.150862644384862	1.0	37.0	36.0	5	0.1111111111111111	0.8888888888888888	14.150862644384862	1	1	1	1	20.75	-19.75	-19.75
empirical	user_msa	ELECO.r07.2AG0102970_ELECO.r07.2AG0102970.1	ELECO.r07.2AG0102970_ELECO.r07.2AG0102970.1	217	217	unique	217	217	217	0.5191387559808612	9	419	18.555555555555557	14.150862644384862	1.0	37.0	36.0	5	0.1111111111111111	0.8888888888888888	14.150862644384862	3	0	3	0	20.5	-17.5	-17.5
empirical	user_msa	Phala.08G200500_Phala.08G200500.1	Phala.08G200500_Phala.08G200500.1	217	217	unique	217	217	217	0.5191387559808612	9	419	18.555555555555557	14.150862644384862	1.0	37.0	36.0	5	0.1111111111111111	0.8888888888888888	14.150862644384862	37	0	37	0	16.25	20.75	20.75
empirical	user_msa	Phala.08G200500_Phala.08G200500.3	Phala.08G200500_Phala.08G200500.3	217	217	unique	217	217	217	0.5191387559808612	9	419	18.555555555555557	14.150862644384862	1.0	37.0	36.0	5	0.1111111111111111	0.8888888888888888	14.150862644384862	37	0	37	0	16.25	20.75	20.75
empirical	user_msa	Phala.08G200500_Phala.08G200500.2	Phala.08G200500_Phala.08G200500.2	217	217	unique	217	217	217	0.5191387559808612	9	419	18.555555555555557	14.150862644384862	1.0	37.0	36.0	5	0.1111111111111111	0.8888888888888888	14.150862644384862	37	0	37	0	16.25	20.75	20.75
empirical	user_msa	HORVU.MOREX.r3.6HG0571560_HORVU.MOREX.r3.6HG0571560.1	HORVU.MOREX.r3.6HG0571560_HORVU.MOREX.r3.6HG0571560.1	217	217	unique	217	217	217	0.5191387559808612	9	419	18.555555555555557	14.150862644384862	1.0	37.0	36.0	5	0.1111111111111111	0.8888888888888888	14.150862644384862	16	0	16	0	18.875	-2.875	-2.875
empirical	user_msa	TraesCS6A03G0381800_TraesCS6A03G0381800.1	TraesCS6A03G0381800_TraesCS6A03G0381800.1	217	217	unique	217	217	217	0.5191387559808612	9	419	18.555555555555557	14.150862644384862	1.0	37.0	36.0	5	0.1111111111111111	0.8888888888888888	14.150862644384862	16	0	16	0	18.875	-2.875	-2.875
empirical	user_msa	Thint.S06G201700_Thint.S06G201700.1	Thint.S06G201700_Thint.S06G201700.1	217	217	unique	217	217	217	0.5191387559808612	9	419	18.555555555555557	14.150862644384862	1.0	37.0	36.0	5	0.1111111111111111	0.8888888888888888	14.150862644384862	16	0	16	0	18.875	-2.875	-2.875
empirical	user_msa	LOC_Os02g07490_LOC_Os02g07490.1	LOC_Os02g07490_LOC_Os02g07490.1	218	218	unique	218	218	218	0.5215311004784688	9	419	7.555555555555555	3.9471821485181358	1.0	11.0	10.0	3	0.1111111111111111	0.8888888888888888	3.9471821485181358	11	0	11	0	7.125	3.875	3.875
empirical	user_msa	Oropetium_20150105_02675_Oropetium_20150105_02675A	Oropetium_20150105_02675_Oropetium_20150105_02675A	218	218	unique	218	218	218	0.5215311004784688	9	419	7.555555555555555	3.9471821485181358	1.0	11.0	10.0	3	0.1111111111111111	0.8888888888888888	3.9471821485181358	1	1	1	1	8.375	-7.375	-7.375
empirical	user_msa	ELECO.r07.2AG0102970_ELECO.r07.2AG0102970.1	ELECO.r07.2AG0102970_ELECO.r07.2AG0102970.1	218	218	unique	218	218	218	0.5215311004784688	9	419	7.555555555555555	3.9471821485181358	1.0	11.0	10.0	3	0.1111111111111111	0.8888888888888888	3.9471821485181358	11	0	11	0	7.125	3.875	3.875
empirical	user_msa	Phala.08G200500_Phala.08G200500.1	Phala.08G200500_Phala.08G200500.1	218	218	unique	218	218	218	0.5215311004784688	9	419	7.555555555555555	3.9471821485181358	1.0	11.0	10.0	3	0.1111111111111111	0.8888888888888888	3.9471821485181358	4	0	4	0	8.0	-4.0	-4.0
empirical	user_msa	Phala.08G200500_Phala.08G200500.3	Phala.08G200500_Phala.08G200500.3	218	218	unique	218	218	218	0.5215311004784688	9	419	7.555555555555555	3.9471821485181358	1.0	11.0	10.0	3	0.1111111111111111	0.8888888888888888	3.9471821485181358	4	0	4	0	8.0	-4.0	-4.0
empirical	user_msa	Phala.08G200500_Phala.08G200500.2	Phala.08G200500_Phala.08G200500.2	218	218	unique	218	218	218	0.5215311004784688	9	419	7.555555555555555	3.9471821485181358	1.0	11.0	10.0	3	0.1111111111111111	0.8888888888888888	3.9471821485181358	4	0	4	0	8.0	-4.0	-4.0
empirical	user_msa	HORVU.MOREX.r3.6HG0571560_HORVU.MOREX.r3.6HG0571560.1	HORVU.MOREX.r3.6HG0571560_HORVU.MOREX.r3.6HG0571560.1	218	218	unique	218	218	218	0.5215311004784688	9	419	7.555555555555555	3.9471821485181358	1.0	11.0	10.0	3	0.1111111111111111	0.8888888888888888	3.9471821485181358	11	0	11	0	7.125	3.875	3.875
empirical	user_msa	TraesCS6A03G0381800_TraesCS6A03G0381800.1	TraesCS6A03G0381800_TraesCS6A03G0381800.1	218	218	unique	218	218	218	0.5215311004784688	9	419	7.555555555555555	3.9471821485181358	1.0	11.0	10.0	3	0.1111111111111111	0.8888888888888888	3.9471821485181358	11	0	11	0	7.125	3.875	3.875
empirical	user_msa	Thint.S06G201700_Thint.S06G201700.1	Thint.S06G201700_Thint.S06G201700.1	218	218	unique	218	218	218	0.5215311004784688	9	419	7.555555555555555	3.9471821485181358	1.0	11.0	10.0	3	0.1111111111111111	0.8888888888888888	3.9471821485181358	11	0	11	0	7.125	3.875	3.875
empirical	user_msa	LOC_Os02g07490_LOC_Os02g07490.1	LOC_Os02g07490_LOC_Os02g07490.1	219	219	unique	219	219	219	0.5239234449760766	9	419	44.77777777777778	15.483164891640481	1.0	51.0	50.0	3	0.1111111111111111	0.8888888888888888	15.483164891640481	51	0	51	0	44.0	7.0	7.0
empirical	user_msa	Oropetium_20150105_02675_Oropetium_20150105_02675A	Oropetium_20150105_02675_Oropetium_20150105_02675A	219	219	unique	219	219	219	0.5239234449760766	9	419	44.77777777777778	15.483164891640481	1.0	51.0	50.0	3	0.1111111111111111	0.8888888888888888	15.483164891640481	1	1	1	1	50.25	-49.25	-49.25
empirical	user_msa	ELECO.r07.2AG0102970_ELECO.r07.2AG0102970.1	ELECO.r07.2AG0102970_ELECO.r07.2AG0102970.1	219	219	unique	219	219	219	0.5239234449760766	9	419	44.77777777777778	15.483164891640481	1.0	51.0	50.0	3	0.1111111111111111	0.8888888888888888	15.483164891640481	51	0	51	0	44.0	7.0	7.0
empirical	user_msa	Phala.08G200500_Phala.08G200500.1	Phala.08G200500_Phala.08G200500.1	219	219	unique	219	219	219	0.5239234449760766	9	419	44.77777777777778	15.483164891640481	1.0	51.0	50.0	3	0.1111111111111111	0.8888888888888888	15.483164891640481	50	0	50	0	44.125	5.875	5.875
empirical	user_msa	Phala.08G200500_Phala.08G200500.3	Phala.08G200500_Phala.08G200500.3	219	219	unique	219	219	219	0.5239234449760766	9	419	44.77777777777778	15.483164891640481	1.0	51.0	50.0	3	0.1111111111111111	0.8888888888888888	15.483164891640481	50	0	50	0	44.125	5.875	5.875
empirical	user_msa	Phala.08G200500_Phala.08G200500.2	Phala.08G200500_Phala.08G200500.2	219	219	unique	219	219	219	0.5239234449760766	9	419	44.77777777777778	15.483164891640481	1.0	51.0	50.0	3	0.1111111111111111	0.8888888888888888	15.483164891640481	50	0	50	0	44.125	5.875	5.875
empirical	user_msa	HORVU.MOREX.r3.6HG0571560_HORVU.MOREX.r3.6HG0571560.1	HORVU.MOREX.r3.6HG0571560_HORVU.MOREX.r3.6HG0571560.1	219	219	unique	219	219	219	0.5239234449760766	9	419	44.77777777777778	15.483164891640481	1.0	51.0	50.0	3	0.1111111111111111	0.8888888888888888	15.483164891640481	50	0	50	0	44.125	5.875	5.875
empirical	user_msa	TraesCS6A03G0381800_TraesCS6A03G0381800.1	TraesCS6A03G0381800_TraesCS6A03G0381800.1	219	219	unique	219	219	219	0.5239234449760766	9	419	44.77777777777778	15.483164891640481	1.0	51.0	50.0	3	0.1111111111111111	0.8888888888888888	15.483164891640481	50	0	50	0	44.125	5.875	5.875
empirical	user_msa	Thint.S06G201700_Thint.S06G201700.1	Thint.S06G201700_Thint.S06G201700.1	219	219	unique	219	219	219	0.5239234449760766	9	419	44.77777777777778	15.483164891640481	1.0	51.0	50.0	3	0.1111111111111111	0.8888888888888888	15.483164891640481	50	0	50	0	44.125	5.875	5.875
empirical	user_msa	LOC_Os02g07490_LOC_Os02g07490.1	LOC_Os02g07490_LOC_Os02g07490.1	220	220	unique	220	220	220	0.5263157894736842	9	419	22.77777777777778	15.561903466676975	1.0	37.0	36.0	4	0.1111111111111111	0.8888888888888888	15.561903466676975	37	0	37	0	21.0	16.0	16.0
empirical	user_msa	Oropetium_20150105_02675_Oropetium_20150105_02675A	Oropetium_20150105_02675_Oropetium_20150105_02675A	220	220	unique	220	220	220	0.5263157894736842	9	419	22.77777777777778	15.561903466676975	1.0	37.0	36.0	4	0.1111111111111111	0.8888888888888888	15.561903466676975	1	1	1	1	25.5	-24.5	-24.5
empirical	user_msa	ELECO.r07.2AG0102970_ELECO.r07.2AG0102970.1	ELECO.r07.2AG0102970_ELECO.r07.2AG0102970.1	220	220	unique	220	220	220	0.5263157894736842	9	419	22.77777777777778	15.561903466676975	1.0	37.0	36.0	4	0.1111111111111111	0.8888888888888888	15.561903466676975	37	0	37	0	21.0	16.0	16.0
empirical	user_msa	Phala.08G200500_Phala.08G200500.1	Phala.08G200500_Phala.08G200500.1	220	220	unique	220	220	220	0.5263157894736842	9	419	22.77777777777778	15.561903466676975	1.0	37.0	36.0	4	0.1111111111111111	0.8888888888888888	15.561903466676975	7	0	7	0	24.75	-17.75	-17.75
empirical	user_msa	Phala.08G200500_Phala.08G200500.3	Phala.08G200500_Phala.08G200500.3	220	220	unique	220	220	220	0.5263157894736842	9	419	22.77777777777778	15.561903466676975	1.0	37.0	36.0	4	0.1111111111111111	0.8888888888888888	15.561903466676975	7	0	7	0	24.75	-17.75	-17.75
empirical	user_msa	Phala.08G200500_Phala.08G200500.2	Phala.08G200500_Phala.08G200500.2	220	220	unique	220	220	220	0.5263157894736842	9	419	22.77777777777778	15.561903466676975	1.0	37.0	36.0	4	0.1111111111111111	0.8888888888888888	15.561903466676975	7	0	7	0	24.75	-17.75	-17.75
empirical	user_msa	HORVU.MOREX.r3.6HG0571560_HORVU.MOREX.r3.6HG0571560.1	HORVU.MOREX.r3.6HG0571560_HORVU.MOREX.r3.6HG0571560.1	220	220	unique	220	220	220	0.5263157894736842	9	419	22.77777777777778	15.561903466676975	1.0	37.0	36.0	4	0.1111111111111111	0.8888888888888888	15.561903466676975	35	0	35	0	21.25	13.75	13.75
empirical	user_msa	TraesCS6A03G0381800_TraesCS6A03G0381800.1	TraesCS6A03G0381800_TraesCS6A03G0381800.1	220	220	unique	220	220	220	0.5263157894736842	9	419	22.77777777777778	15.561903466676975	1.0	37.0	36.0	4	0.1111111111111111	0.8888888888888888	15.561903466676975	37	0	37	0	21.0	16.0	16.0
empirical	user_msa	Thint.S06G201700_Thint.S06G201700.1	Thint.S06G201700_Thint.S06G201700.1	220	220	unique	220	220	220	0.5263157894736842	9	419	22.77777777777778	15.561903466676975	1.0	37.0	36.0	4	0.1111111111111111	0.8888888888888888	15.561903466676975	37	0	37	0	21.0	16.0	16.0
empirical	user_msa	LOC_Os02g07490_LOC_Os02g07490.1	LOC_Os02g07490_LOC_Os02g07490.1	221	221	unique	221	221	221	0.5287081339712919	9	419	30.444444444444443	16.707357734517323	1.0	52.0	51.0	4	0.1111111111111111	0.8888888888888888	16.707357734517323	25	0	25	0	31.125	-6.125	-6.125
empirical	user_msa	Oropetium_20150105_02675_Oropetium_20150105_02675A	Oropetium_20150105_02675_Oropetium_20150105_02675A	221	221	unique	221	221	221	0.5287081339712919	9	419	30.444444444444443	16.707357734517323	1.0	52.0	51.0	4	0.1111111111111111	0.8888888888888888	16.707357734517323	1	1	1	1	34.125	-33.125	-33.125
empirical	user_msa	ELECO.r07.2AG0102970_ELECO.r07.2AG0102970.1	ELECO.r07.2AG0102970_ELECO.r07.2AG0102970.1	221	221	unique	221	221	221	0.5287081339712919	9	419	30.444444444444443	16.707357734517323	1.0	52.0	51.0	4	0.1111111111111111	0.8888888888888888	16.707357734517323	23	0	23	0	31.375	-8.375	-8.375
empirical	user_msa	Phala.08G200500_Phala.08G200500.1	Phala.08G200500_Phala.08G200500.1	221	221	unique	221	221	221	0.5287081339712919	9	419	30.444444444444443	16.707357734517323	1.0	52.0	51.0	4	0.1111111111111111	0.8888888888888888	16.707357734517323	52	0	52	0	27.75	24.25	24.25
empirical	user_msa	Phala.08G200500_Phala.08G200500.3	Phala.08G200500_Phala.08G200500.3	221	221	unique	221	221	221	0.5287081339712919	9	419	30.444444444444443	16.707357734517323	1.0	52.0	51.0	4	0.1111111111111111	0.8888888888888888	16.707357734517323	52	0	52	0	27.75	24.25	24.25
empirical	user_msa	Phala.08G200500_Phala.08G200500.2	Phala.08G200500_Phala.08G200500.2	221	221	unique	221	221	221	0.5287081339712919	9	419	30.444444444444443	16.707357734517323	1.0	52.0	51.0	4	0.1111111111111111	0.8888888888888888	16.707357734517323	52	0	52	0	27.75	24.25	24.25
empirical	user_msa	HORVU.MOREX.r3.6HG0571560_HORVU.MOREX.r3.6HG0571560.1	HORVU.MOREX.r3.6HG0571560_HORVU.MOREX.r3.6HG0571560.1	221	221	unique	221	221	221	0.5287081339712919	9	419	30.444444444444443	16.707357734517323	1.0	52.0	51.0	4	0.1111111111111111	0.8888888888888888	16.707357734517323	23	0	23	0	31.375	-8.375	-8.375
empirical	user_msa	TraesCS6A03G0381800_TraesCS6A03G0381800.1	TraesCS6A03G0381800_TraesCS6A03G0381800.1	221	221	unique	221	221	221	0.5287081339712919	9	419	30.444444444444443	16.707357734517323	1.0	52.0	51.0	4	0.1111111111111111	0.8888888888888888	16.707357734517323	23	0	23	0	31.375	-8.375	-8.375
empirical	user_msa	Thint.S06G201700_Thint.S06G201700.1	Thint.S06G201700_Thint.S06G201700.1	221	221	unique	221	221	221	0.5287081339712919	9	419	30.444444444444443	16.707357734517323	1.0	52.0	51.0	4	0.1111111111111111	0.8888888888888888	16.707357734517323	23	0	23	0	31.375	-8.375	-8.375
empirical	user_msa	LOC_Os02g07490_LOC_Os02g07490.1	LOC_Os02g07490_LOC_Os02g07490.1	222	222	unique	222	222	222	0.5311004784688995	9	419	13.777777777777779	15.039043836167671	1.0	35.0	34.0	4	0.1111111111111111	0.8888888888888888	15.039043836167671	2	0	2	0	15.25	-13.25	-13.25
empirical	user_msa	Oropetium_20150105_02675_Oropetium_20150105_02675A	Oropetium_20150105_02675_Oropetium_20150105_02675A	222	222	unique	222	222	222	0.5311004784688995	9	419	13.777777777777779	15.039043836167671	1.0	35.0	34.0	4	0.1111111111111111	0.8888888888888888	15.039043836167671	1	1	1	1	15.375	-14.375	-14.375
empirical	user_msa	ELECO.r07.2AG0102970_ELECO.r07.2AG0102970.1	ELECO.r07.2AG0102970_ELECO.r07.2AG0102970.1	222	222	unique	222	222	222	0.5311004784688995	9	419	13.777777777777779	15.039043836167671	1.0	35.0	34.0	4	0.1111111111111111	0.8888888888888888	15.039043836167671	4	0	4	0	15.0	-11.0	-11.0
empirical	user_msa	Phala.08G200500_Phala.08G200500.1	Phala.08G200500_Phala.08G200500.1	222	222	unique	222	222	222	0.5311004784688995	9	419	13.777777777777779	15.039043836167671	1.0	35.0	34.0	4	0.1111111111111111	0.8888888888888888	15.039043836167671	35	0	35	0	11.125	23.875	23.875
empirical	user_msa	Phala.08G200500_Phala.08G200500.3	Phala.08G200500_Phala.08G200500.3	222	222	unique	222	222	222	0.5311004784688995	9	419	13.777777777777779	15.039043836167671	1.0	35.0	34.0	4	0.1111111111111111	0.8888888888888888	15.039043836167671	35	0	35	0	11.125	23.875	23.875
empirical	user_msa	Phala.08G200500_Phala.08G200500.2	Phala.08G200500_Phala.08G200500.2	222	222	unique	222	222	222	0.5311004784688995	9	419	13.777777777777779	15.039043836167671	1.0	35.0	34.0	4	0.1111111111111111	0.8888888888888888	15.039043836167671	35	0	35	0	11.125	23.875	23.875
empirical	user_msa	HORVU.MOREX.r3.6HG0571560_HORVU.MOREX.r3.6HG0571560.1	HORVU.MOREX.r3.6HG0571560_HORVU.MOREX.r3.6HG0571560.1	222	222	unique	222	222	222	0.5311004784688995	9	419	13.777777777777779	15.039043836167671	1.0	35.0	34.0	4	0.1111111111111111	0.8888888888888888	15.039043836167671	4	0	4	0	15.0	-11.0	-11.0
empirical	user_msa	TraesCS6A03G0381800_TraesCS6A03G0381800.1	TraesCS6A03G0381800_TraesCS6A03G0381800.1	222	222	unique	222	222	222	0.5311004784688995	9	419	13.777777777777779	15.039043836167671	1.0	35.0	34.0	4	0.1111111111111111	0.8888888888888888	15.039043836167671	4	0	4	0	15.0	-11.0	-11.0
empirical	user_msa	Thint.S06G201700_Thint.S06G201700.1	Thint.S06G201700_Thint.S06G201700.1	222	222	unique	222	222	222	0.5311004784688995	9	419	13.777777777777779	15.039043836167671	1.0	35.0	34.0	4	0.1111111111111111	0.8888888888888888	15.039043836167671	4	0	4	0	15.0	-11.0	-11.0
empirical	user_msa	LOC_Os02g07490_LOC_Os02g07490.1	LOC_Os02g07490_LOC_Os02g07490.1	223	223	unique	223	223	223	0.5334928229665071	9	419	14.666666666666666	4.853406592853679	1.0	17.0	16.0	3	0.1111111111111111	0.8888888888888888	4.853406592853679	16	0	16	0	14.5	1.5	1.5
empirical	user_msa	Oropetium_20150105_02675_Oropetium_20150105_02675A	Oropetium_20150105_02675_Oropetium_20150105_02675A	223	223	unique	223	223	223	0.5334928229665071	9	419	14.666666666666666	4.853406592853679	1.0	17.0	16.0	3	0.1111111111111111	0.8888888888888888	4.853406592853679	1	1	1	1	16.375	-15.375	-15.375
empirical	user_msa	ELECO.r07.2AG0102970_ELECO.r07.2AG0102970.1	ELECO.r07.2AG0102970_ELECO.r07.2AG0102970.1	223	223	unique	223	223	223	0.5334928229665071	9	419	14.666666666666666	4.853406592853679	1.0	17.0	16.0	3	0.1111111111111111	0.8888888888888888	4.853406592853679	16	0	16	0	14.5	1.5	1.5
empirical	user_msa	Phala.08G200500_Phala.08G200500.1	Phala.08G200500_Phala.08G200500.1	223	223	unique	223	223	223	0.5334928229665071	9	419	14.666666666666666	4.853406592853679	1.0	17.0	16.0	3	0.1111111111111111	0.8888888888888888	4.853406592853679	17	0	17	0	14.375	2.625	2.625
empirical	user_msa	Phala.08G200500_Phala.08G200500.3	Phala.08G200500_Phala.08G200500.3	223	223	unique	223	223	223	0.5334928229665071	9	419	14.666666666666666	4.853406592853679	1.0	17.0	16.0	3	0.1111111111111111	0.8888888888888888	4.853406592853679	17	0	17	0	14.375	2.625	2.625
empirical	user_msa	Phala.08G200500_Phala.08G200500.2	Phala.08G200500_Phala.08G200500.2	223	223	unique	223	223	223	0.5334928229665071	9	419	14.666666666666666	4.853406592853679	1.0	17.0	16.0	3	0.1111111111111111	0.8888888888888888	4.853406592853679	17	0	17	0	14.375	2.625	2.625
empirical	user_msa	HORVU.MOREX.r3.6HG0571560_HORVU.MOREX.r3.6HG0571560.1	HORVU.MOREX.r3.6HG0571560_HORVU.MOREX.r3.6HG0571560.1	223	223	unique	223	223	223	0.5334928229665071	9	419	14.666666666666666	4.853406592853679	1.0	17.0	16.0	3	0.1111111111111111	0.8888888888888888	4.853406592853679	16	0	16	0	14.5	1.5	1.5
empirical	user_msa	TraesCS6A03G0381800_TraesCS6A03G0381800.1	TraesCS6A03G0381800_TraesCS6A03G0381800.1	223	223	unique	223	223	223	0.5334928229665071	9	419	14.666666666666666	4.853406592853679	1.0	17.0	16.0	3	0.1111111111111111	0.8888888888888888	4.853406592853679	16	0	16	0	14.5	1.5	1.5
empirical	user_msa	Thint.S06G201700_Thint.S06G201700.1	Thint.S06G201700_Thint.S06G201700.1	223	223	unique	223	223	223	0.5334928229665071	9	419	14.666666666666666	4.853406592853679	1.0	17.0	16.0	3	0.1111111111111111	0.8888888888888888	4.853406592853679	16	0	16	0	14.5	1.5	1.5
empirical	user_msa	LOC_Os02g07490_LOC_Os02g07490.1	LOC_Os02g07490_LOC_Os02g07490.1	224	224	unique	224	224	224	0.5358851674641149	9	419	3.888888888888889	1.3698697784375504	1.0	5.0	4.0	3	0.1111111111111111	0.8888888888888888	1.3698697784375504	5	0	5	0	3.75	1.25	1.25
empirical	user_msa	Oropetium_20150105_02675_Oropetium_20150105_02675A	Oropetium_20150105_02675_Oropetium_20150105_02675A	224	224	unique	224	224	224	0.5358851674641149	9	419	3.888888888888889	1.3698697784375504	1.0	5.0	4.0	3	0.1111111111111111	0.8888888888888888	1.3698697784375504	1	1	1	1	4.25	-3.25	-3.25
empirical	user_msa	ELECO.r07.2AG0102970_ELECO.r07.2AG0102970.1	ELECO.r07.2AG0102970_ELECO.r07.2AG0102970.1	224	224	unique	224	224	224	0.5358851674641149	9	419	3.888888888888889	1.3698697784375504	1.0	5.0	4.0	3	0.1111111111111111	0.8888888888888888	1.3698697784375504	5	0	5	0	3.75	1.25	1.25
empirical	user_msa	Phala.08G200500_Phala.08G200500.1	Phala.08G200500_Phala.08G200500.1	224	224	unique	224	224	224	0.5358851674641149	9	419	3.888888888888889	1.3698697784375504	1.0	5.0	4.0	3	0.1111111111111111	0.8888888888888888	1.3698697784375504	3	0	3	0	4.0	-1.0	-1.0
empirical	user_msa	Phala.08G200500_Phala.08G200500.3	Phala.08G200500_Phala.08G200500.3	224	224	unique	224	224	224	0.5358851674641149	9	419	3.888888888888889	1.3698697784375504	1.0	5.0	4.0	3	0.1111111111111111	0.8888888888888888	1.3698697784375504	3	0	3	0	4.0	-1.0	-1.0
empirical	user_msa	Phala.08G200500_Phala.08G200500.2	Phala.08G200500_Phala.08G200500.2	224	224	unique	224	224	224	0.5358851674641149	9	419	3.888888888888889	1.3698697784375504	1.0	5.0	4.0	3	0.1111111111111111	0.8888888888888888	1.3698697784375504	3	0	3	0	4.0	-1.0	-1.0
empirical	user_msa	HORVU.MOREX.r3.6HG0571560_HORVU.MOREX.r3.6HG0571560.1	HORVU.MOREX.r3.6HG0571560_HORVU.MOREX.r3.6HG0571560.1	224	224	unique	224	224	224	0.5358851674641149	9	419	3.888888888888889	1.3698697784375504	1.0	5.0	4.0	3	0.1111111111111111	0.8888888888888888	1.3698697784375504	5	0	5	0	3.75	1.25	1.25
empirical	user_msa	TraesCS6A03G0381800_TraesCS6A03G0381800.1	TraesCS6A03G0381800_TraesCS6A03G0381800.1	224	224	unique	224	224	224	0.5358851674641149	9	419	3.888888888888889	1.3698697784375504	1.0	5.0	4.0	3	0.1111111111111111	0.8888888888888888	1.3698697784375504	5	0	5	0	3.75	1.25	1.25
empirical	user_msa	Thint.S06G201700_Thint.S06G201700.1	Thint.S06G201700_Thint.S06G201700.1	224	224	unique	224	224	224	0.5358851674641149	9	419	3.888888888888889	1.3698697784375504	1.0	5.0	4.0	3	0.1111111111111111	0.8888888888888888	1.3698697784375504	5	0	5	0	3.75	1.25	1.25
empirical	user_msa	LOC_Os02g07490_LOC_Os02g07490.1	LOC_Os02g07490_LOC_Os02g07490.1	225	225	unique	225	225	225	0.5382775119617225	9	419	33.0	18.475208614068023	1.0	49.0	48.0	3	0.1111111111111111	0.8888888888888888	18.475208614068023	49	0	49	0	31.0	18.0	18.0
empirical	user_msa	Oropetium_20150105_02675_Oropetium_20150105_02675A	Oropetium_20150105_02675_Oropetium_20150105_02675A	225	225	unique	225	225	225	0.5382775119617225	9	419	33.0	18.475208614068023	1.0	49.0	48.0	3	0.1111111111111111	0.8888888888888888	18.475208614068023	1	1	1	1	37.0	-36.0	-36.0
empirical	user_msa	ELECO.r07.2AG0102970_ELECO.r07.2AG0102970.1	ELECO.r07.2AG0102970_ELECO.r07.2AG0102970.1	225	225	unique	225	225	225	0.5382775119617225	9	419	33.0	18.475208614068023	1.0	49.0	48.0	3	0.1111111111111111	0.8888888888888888	18.475208614068023	49	0	49	0	31.0	18.0	18.0
empirical	user_msa	Phala.08G200500_Phala.08G200500.1	Phala.08G200500_Phala.08G200500.1	225	225	unique	225	225	225	0.5382775119617225	9	419	33.0	18.475208614068023	1.0	49.0	48.0	3	0.1111111111111111	0.8888888888888888	18.475208614068023	17	0	17	0	35.0	-18.0	-18.0
empirical	user_msa	Phala.08G200500_Phala.08G200500.3	Phala.08G200500_Phala.08G200500.3	225	225	unique	225	225	225	0.5382775119617225	9	419	33.0	18.475208614068023	1.0	49.0	48.0	3	0.1111111111111111	0.8888888888888888	18.475208614068023	17	0	17	0	35.0	-18.0	-18.0
empirical	user_msa	Phala.08G200500_Phala.08G200500.2	Phala.08G200500_Phala.08G200500.2	225	225	unique	225	225	225	0.5382775119617225	9	419	33.0	18.475208614068023	1.0	49.0	48.0	3	0.1111111111111111	0.8888888888888888	18.475208614068023	17	0	17	0	35.0	-18.0	-18.0
empirical	user_msa	HORVU.MOREX.r3.6HG0571560_HORVU.MOREX.r3.6HG0571560.1	HORVU.MOREX.r3.6HG0571560_HORVU.MOREX.r3.6HG0571560.1	225	225	unique	225	225	225	0.5382775119617225	9	419	33.0	18.475208614068023	1.0	49.0	48.0	3	0.1111111111111111	0.8888888888888888	18.475208614068023	49	0	49	0	31.0	18.0	18.0
empirical	user_msa	TraesCS6A03G0381800_TraesCS6A03G0381800.1	TraesCS6A03G0381800_TraesCS6A03G0381800.1	225	225	unique	225	225	225	0.5382775119617225	9	419	33.0	18.475208614068023	1.0	49.0	48.0	3	0.1111111111111111	0.8888888888888888	18.475208614068023	49	0	49	0	31.0	18.0	18.0
empirical	user_msa	Thint.S06G201700_Thint.S06G201700.1	Thint.S06G201700_Thint.S06G201700.1	225	225	unique	225	225	225	0.5382775119617225	9	419	33.0	18.475208614068023	1.0	49.0	48.0	3	0.1111111111111111	0.8888888888888888	18.475208614068023	49	0	49	0	31.0	18.0	18.0
empirical	user_msa	LOC_Os02g07490_LOC_Os02g07490.1	LOC_Os02g07490_LOC_Os02g07490.1	226	226	unique	226	226	226	0.5406698564593302	9	419	43.0	14.877275736280932	1.0	49.0	48.0	3	0.1111111111111111	0.8888888888888888	14.877275736280932	49	0	49	0	42.25	6.75	6.75
empirical	user_msa	Oropetium_20150105_02675_Oropetium_20150105_02675A	Oropetium_20150105_02675_Oropetium_20150105_02675A	226	226	unique	226	226	226	0.5406698564593302	9	419	43.0	14.877275736280932	1.0	49.0	48.0	3	0.1111111111111111	0.8888888888888888	14.877275736280932	1	1	1	1	48.25	-47.25	-47.25
empirical	user_msa	ELECO.r07.2AG0102970_ELECO.r07.2AG0102970.1	ELECO.r07.2AG0102970_ELECO.r07.2AG0102970.1	226	226	unique	226	226	226	0.5406698564593302	9	419	43.0	14.877275736280932	1.0	49.0	48.0	3	0.1111111111111111	0.8888888888888888	14.877275736280932	49	0	49	0	42.25	6.75	6.75
empirical	user_msa	Phala.08G200500_Phala.08G200500.1	Phala.08G200500_Phala.08G200500.1	226	226	unique	226	226	226	0.5406698564593302	9	419	43.0	14.877275736280932	1.0	49.0	48.0	3	0.1111111111111111	0.8888888888888888	14.877275736280932	47	0	47	0	42.5	4.5	4.5
empirical	user_msa	Phala.08G200500_Phala.08G200500.3	Phala.08G200500_Phala.08G200500.3	226	226	unique	226	226	226	0.5406698564593302	9	419	43.0	14.877275736280932	1.0	49.0	48.0	3	0.1111111111111111	0.8888888888888888	14.877275736280932	47	0	47	0	42.5	4.5	4.5
empirical	user_msa	Phala.08G200500_Phala.08G200500.2	Phala.08G200500_Phala.08G200500.2	226	226	unique	226	226	226	0.5406698564593302	9	419	43.0	14.877275736280932	1.0	49.0	48.0	3	0.1111111111111111	0.8888888888888888	14.877275736280932	47	0	47	0	42.5	4.5	4.5
empirical	user_msa	HORVU.MOREX.r3.6HG0571560_HORVU.MOREX.r3.6HG0571560.1	HORVU.MOREX.r3.6HG0571560_HORVU.MOREX.r3.6HG0571560.1	226	226	unique	226	226	226	0.5406698564593302	9	419	43.0	14.877275736280932	1.0	49.0	48.0	3	0.1111111111111111	0.8888888888888888	14.877275736280932	49	0	49	0	42.25	6.75	6.75
empirical	user_msa	TraesCS6A03G0381800_TraesCS6A03G0381800.1	TraesCS6A03G0381800_TraesCS6A03G0381800.1	226	226	unique	226	226	226	0.5406698564593302	9	419	43.0	14.877275736280932	1.0	49.0	48.0	3	0.1111111111111111	0.8888888888888888	14.877275736280932	49	0	49	0	42.25	6.75	6.75
empirical	user_msa	Thint.S06G201700_Thint.S06G201700.1	Thint.S06G201700_Thint.S06G201700.1	226	226	unique	226	226	226	0.5406698564593302	9	419	43.0	14.877275736280932	1.0	49.0	48.0	3	0.1111111111111111	0.8888888888888888	14.877275736280932	49	0	49	0	42.25	6.75	6.75
empirical	user_msa	LOC_Os02g07490_LOC_Os02g07490.1	LOC_Os02g07490_LOC_Os02g07490.1	227	227	unique	227	227	227	0.5430622009569378	9	419	48.0	16.673332000533065	1.0	55.0	54.0	3	0.1111111111111111	0.8888888888888888	16.673332000533065	55	0	55	0	47.125	7.875	7.875
empirical	user_msa	Oropetium_20150105_02675_Oropetium_20150105_02675A	Oropetium_20150105_02675_Oropetium_20150105_02675A	227	227	unique	227	227	227	0.5430622009569378	9	419	48.0	16.673332000533065	1.0	55.0	54.0	3	0.1111111111111111	0.8888888888888888	16.673332000533065	1	1	1	1	53.875	-52.875	-52.875
empirical	user_msa	ELECO.r07.2AG0102970_ELECO.r07.2AG0102970.1	ELECO.r07.2AG0102970_ELECO.r07.2AG0102970.1	227	227	unique	227	227	227	0.5430622009569378	9	419	48.0	16.673332000533065	1.0	55.0	54.0	3	0.1111111111111111	0.8888888888888888	16.673332000533065	55	0	55	0	47.125	7.875	7.875
empirical	user_msa	Phala.08G200500_Phala.08G200500.1	Phala.08G200500_Phala.08G200500.1	227	227	unique	227	227	227	0.5430622009569378	9	419	48.0	16.673332000533065	1.0	55.0	54.0	3	0.1111111111111111	0.8888888888888888	16.673332000533065	52	0	52	0	47.5	4.5	4.5
empirical	user_msa	Phala.08G200500_Phala.08G200500.3	Phala.08G200500_Phala.08G200500.3	227	227	unique	227	227	227	0.5430622009569378	9	419	48.0	16.673332000533065	1.0	55.0	54.0	3	0.1111111111111111	0.8888888888888888	16.673332000533065	52	0	52	0	47.5	4.5	4.5
empirical	user_msa	Phala.08G200500_Phala.08G200500.2	Phala.08G200500_Phala.08G200500.2	227	227	unique	227	227	227	0.5430622009569378	9	419	48.0	16.673332000533065	1.0	55.0	54.0	3	0.1111111111111111	0.8888888888888888	16.673332000533065	52	0	52	0	47.5	4.5	4.5
empirical	user_msa	HORVU.MOREX.r3.6HG0571560_HORVU.MOREX.r3.6HG0571560.1	HORVU.MOREX.r3.6HG0571560_HORVU.MOREX.r3.6HG0571560.1	227	227	unique	227	227	227	0.5430622009569378	9	419	48.0	16.673332000533065	1.0	55.0	54.0	3	0.1111111111111111	0.8888888888888888	16.673332000533065	55	0	55	0	47.125	7.875	7.875
empirical	user_msa	TraesCS6A03G0381800_TraesCS6A03G0381800.1	TraesCS6A03G0381800_TraesCS6A03G0381800.1	227	227	unique	227	227	227	0.5430622009569378	9	419	48.0	16.673332000533065	1.0	55.0	54.0	3	0.1111111111111111	0.8888888888888888	16.673332000533065	55	0	55	0	47.125	7.875	7.875
empirical	user_msa	Thint.S06G201700_Thint.S06G201700.1	Thint.S06G201700_Thint.S06G201700.1	227	227	unique	227	227	227	0.5430622009569378	9	419	48.0	16.673332000533065	1.0	55.0	54.0	3	0.1111111111111111	0.8888888888888888	16.673332000533065	55	0	55	0	47.125	7.875	7.875
empirical	user_msa	LOC_Os02g07490_LOC_Os02g07490.1	LOC_Os02g07490_LOC_Os02g07490.1	228	228	unique	228	228	228	0.5454545454545454	9	419	4.333333333333333	1.3333333333333333	1.0	5.0	4.0	3	0.1111111111111111	0.8888888888888888	1.3333333333333333	3	0	3	0	4.5	-1.5	-1.5
empirical	user_msa	Oropetium_20150105_02675_Oropetium_20150105_02675A	Oropetium_20150105_02675_Oropetium_20150105_02675A	228	228	unique	228	228	228	0.5454545454545454	9	419	4.333333333333333	1.3333333333333333	1.0	5.0	4.0	3	0.1111111111111111	0.8888888888888888	1.3333333333333333	1	1	1	1	4.75	-3.75	-3.75
empirical	user_msa	ELECO.r07.2AG0102970_ELECO.r07.2AG0102970.1	ELECO.r07.2AG0102970_ELECO.r07.2AG0102970.1	228	228	unique	228	228	228	0.5454545454545454	9	419	4.333333333333333	1.3333333333333333	1.0	5.0	4.0	3	0.1111111111111111	0.8888888888888888	1.3333333333333333	5	0	5	0	4.25	0.75	0.75
empirical	user_msa	Phala.08G200500_Phala.08G200500.1	Phala.08G200500_Phala.08G200500.1	228	228	unique	228	228	228	0.5454545454545454	9	419	4.333333333333333	1.3333333333333333	1.0	5.0	4.0	3	0.1111111111111111	0.8888888888888888	1.3333333333333333	5	0	5	0	4.25	0.75	0.75
empirical	user_msa	Phala.08G200500_Phala.08G200500.3	Phala.08G200500_Phala.08G200500.3	228	228	unique	228	228	228	0.5454545454545454	9	419	4.333333333333333	1.3333333333333333	1.0	5.0	4.0	3	0.1111111111111111	0.8888888888888888	1.3333333333333333	5	0	5	0	4.25	0.75	0.75
empirical	user_msa	Phala.08G200500_Phala.08G200500.2	Phala.08G200500_Phala.08G200500.2	228	228	unique	228	228	228	0.5454545454545454	9	419	4.333333333333333	1.3333333333333333	1.0	5.0	4.0	3	0.1111111111111111	0.8888888888888888	1.3333333333333333	5	0	5	0	4.25	0.75	0.75
empirical	user_msa	HORVU.MOREX.r3.6HG0571560_HORVU.MOREX.r3.6HG0571560.1	HORVU.MOREX.r3.6HG0571560_HORVU.MOREX.r3.6HG0571560.1	228	228	unique	228	228	228	0.5454545454545454	9	419	4.333333333333333	1.3333333333333333	1.0	5.0	4.0	3	0.1111111111111111	0.8888888888888888	1.3333333333333333	5	0	5	0	4.25	0.75	0.75
empirical	user_msa	TraesCS6A03G0381800_TraesCS6A03G0381800.1	TraesCS6A03G0381800_TraesCS6A03G0381800.1	228	228	unique	228	228	228	0.5454545454545454	9	419	4.333333333333333	1.3333333333333333	1.0	5.0	4.0	3	0.1111111111111111	0.8888888888888888	1.3333333333333333	5	0	5	0	4.25	0.75	0.75
empirical	user_msa	Thint.S06G201700_Thint.S06G201700.1	Thint.S06G201700_Thint.S06G201700.1	228	228	unique	228	228	228	0.5454545454545454	9	419	4.333333333333333	1.3333333333333333	1.0	5.0	4.0	3	0.1111111111111111	0.8888888888888888	1.3333333333333333	5	0	5	0	4.25	0.75	0.75
empirical	user_msa	LOC_Os02g07490_LOC_Os02g07490.1	LOC_Os02g07490_LOC_Os02g07490.1	229	229	unique	229	229	229	0.5478468899521531	9	419	34.888888888888886	12.059523156635676	1.0	41.0	40.0	3	0.1111111111111111	0.8888888888888888	12.059523156635676	38	0	38	0	34.5	3.5	3.5
empirical	user_msa	Oropetium_20150105_02675_Oropetium_20150105_02675A	Oropetium_20150105_02675_Oropetium_20150105_02675A	229	229	unique	229	229	229	0.5478468899521531	9	419	34.888888888888886	12.059523156635676	1.0	41.0	40.0	3	0.1111111111111111	0.8888888888888888	12.059523156635676	1	1	1	1	39.125	-38.125	-38.125
empirical	user_msa	ELECO.r07.2AG0102970_ELECO.r07.2AG0102970.1	ELECO.r07.2AG0102970_ELECO.r07.2AG0102970.1	229	229	unique	229	229	229	0.5478468899521531	9	419	34.888888888888886	12.059523156635676	1.0	41.0	40.0	3	0.1111111111111111	0.8888888888888888	12.059523156635676	38	0	38	0	34.5	3.5	3.5
empirical	user_msa	Phala.08G200500_Phala.08G200500.1	Phala.08G200500_Phala.08G200500.1	229	229	unique	229	229	229	0.5478468899521531	9	419	34.888888888888886	12.059523156635676	1.0	41.0	40.0	3	0.1111111111111111	0.8888888888888888	12.059523156635676	41	0	41	0	34.125	6.875	6.875
empirical	user_msa	Phala.08G200500_Phala.08G200500.3	Phala.08G200500_Phala.08G200500.3	229	229	unique	229	229	229	0.5478468899521531	9	419	34.888888888888886	12.059523156635676	1.0	41.0	40.0	3	0.1111111111111111	0.8888888888888888	12.059523156635676	41	0	41	0	34.125	6.875	6.875
empirical	user_msa	Phala.08G200500_Phala.08G200500.2	Phala.08G200500_Phala.08G200500.2	229	229	unique	229	229	229	0.5478468899521531	9	419	34.888888888888886	12.059523156635676	1.0	41.0	40.0	3	0.1111111111111111	0.8888888888888888	12.059523156635676	41	0	41	0	34.125	6.875	6.875
empirical	user_msa	HORVU.MOREX.r3.6HG0571560_HORVU.MOREX.r3.6HG0571560.1	HORVU.MOREX.r3.6HG0571560_HORVU.MOREX.r3.6HG0571560.1	229	229	unique	229	229	229	0.5478468899521531	9	419	34.888888888888886	12.059523156635676	1.0	41.0	40.0	3	0.1111111111111111	0.8888888888888888	12.059523156635676	38	0	38	0	34.5	3.5	3.5
empirical	user_msa	TraesCS6A03G0381800_TraesCS6A03G0381800.1	TraesCS6A03G0381800_TraesCS6A03G0381800.1	229	229	unique	229	229	229	0.5478468899521531	9	419	34.888888888888886	12.059523156635676	1.0	41.0	40.0	3	0.1111111111111111	0.8888888888888888	12.059523156635676	38	0	38	0	34.5	3.5	3.5
empirical	user_msa	Thint.S06G201700_Thint.S06G201700.1	Thint.S06G201700_Thint.S06G201700.1	229	229	unique	229	229	229	0.5478468899521531	9	419	34.888888888888886	12.059523156635676	1.0	41.0	40.0	3	0.1111111111111111	0.8888888888888888	12.059523156635676	38	0	38	0	34.5	3.5	3.5
empirical	user_msa	LOC_Os02g07490_LOC_Os02g07490.1	LOC_Os02g07490_LOC_Os02g07490.1	230	230	unique	230	230	230	0.5502392344497608	9	419	11.0	3.6514837167011076	1.0	13.0	12.0	3	0.1111111111111111	0.8888888888888888	3.6514837167011076	13	0	13	0	10.75	2.25	2.25
empirical	user_msa	Oropetium_20150105_02675_Oropetium_20150105_02675A	Oropetium_20150105_02675_Oropetium_20150105_02675A	230	230	unique	230	230	230	0.5502392344497608	9	419	11.0	3.6514837167011076	1.0	13.0	12.0	3	0.1111111111111111	0.8888888888888888	3.6514837167011076	1	1	1	1	12.25	-11.25	-11.25
empirical	user_msa	ELECO.r07.2AG0102970_ELECO.r07.2AG0102970.1	ELECO.r07.2AG0102970_ELECO.r07.2AG0102970.1	230	230	unique	230	230	230	0.5502392344497608	9	419	11.0	3.6514837167011076	1.0	13.0	12.0	3	0.1111111111111111	0.8888888888888888	3.6514837167011076	13	0	13	0	10.75	2.25	2.25
empirical	user_msa	Phala.08G200500_Phala.08G200500.1	Phala.08G200500_Phala.08G200500.1	230	230	unique	230	230	230	0.5502392344497608	9	419	11.0	3.6514837167011076	1.0	13.0	12.0	3	0.1111111111111111	0.8888888888888888	3.6514837167011076	11	0	11	0	11.0	0.0	0.0
empirical	user_msa	Phala.08G200500_Phala.08G200500.3	Phala.08G200500_Phala.08G200500.3	230	230	unique	230	230	230	0.5502392344497608	9	419	11.0	3.6514837167011076	1.0	13.0	12.0	3	0.1111111111111111	0.8888888888888888	3.6514837167011076	11	0	11	0	11.0	0.0	0.0
empirical	user_msa	Phala.08G200500_Phala.08G200500.2	Phala.08G200500_Phala.08G200500.2	230	230	unique	230	230	230	0.5502392344497608	9	419	11.0	3.6514837167011076	1.0	13.0	12.0	3	0.1111111111111111	0.8888888888888888	3.6514837167011076	11	0	11	0	11.0	0.0	0.0
empirical	user_msa	HORVU.MOREX.r3.6HG0571560_HORVU.MOREX.r3.6HG0571560.1	HORVU.MOREX.r3.6HG0571560_HORVU.MOREX.r3.6HG0571560.1	230	230	unique	230	230	230	0.5502392344497608	9	419	11.0	3.6514837167011076	1.0	13.0	12.0	3	0.1111111111111111	0.8888888888888888	3.6514837167011076	13	0	13	0	10.75	2.25	2.25
empirical	user_msa	TraesCS6A03G0381800_TraesCS6A03G0381800.1	TraesCS6A03G0381800_TraesCS6A03G0381800.1	230	230	unique	230	230	230	0.5502392344497608	9	419	11.0	3.6514837167011076	1.0	13.0	12.0	3	0.1111111111111111	0.8888888888888888	3.6514837167011076	13	0	13	0	10.75	2.25	2.25
empirical	user_msa	Thint.S06G201700_Thint.S06G201700.1	Thint.S06G201700_Thint.S06G201700.1	230	230	unique	230	230	230	0.5502392344497608	9	419	11.0	3.6514837167011076	1.0	13.0	12.0	3	0.1111111111111111	0.8888888888888888	3.6514837167011076	13	0	13	0	10.75	2.25	2.25
empirical	user_msa	LOC_Os02g07490_LOC_Os02g07490.1	LOC_Os02g07490_LOC_Os02g07490.1	231	231	unique	231	231	231	0.5526315789473685	9	419	50.55555555555556	17.544300189400616	1.0	58.0	57.0	3	0.1111111111111111	0.8888888888888888	17.544300189400616	58	0	58	0	49.625	8.375	8.375
empirical	user_msa	Oropetium_20150105_02675_Oropetium_20150105_02675A	Oropetium_20150105_02675_Oropetium_20150105_02675A	231	231	unique	231	231	231	0.5526315789473685	9	419	50.55555555555556	17.544300189400616	1.0	58.0	57.0	3	0.1111111111111111	0.8888888888888888	17.544300189400616	1	1	1	1	56.75	-55.75	-55.75
empirical	user_msa	ELECO.r07.2AG0102970_ELECO.r07.2AG0102970.1	ELECO.r07.2AG0102970_ELECO.r07.2AG0102970.1	231	231	unique	231	231	231	0.5526315789473685	9	419	50.55555555555556	17.544300189400616	1.0	58.0	57.0	3	0.1111111111111111	0.8888888888888888	17.544300189400616	56	0	56	0	49.875	6.125	6.125
empirical	user_msa	Phala.08G200500_Phala.08G200500.1	Phala.08G200500_Phala.08G200500.1	231	231	unique	231	231	231	0.5526315789473685	9	419	50.55555555555556	17.544300189400616	1.0	58.0	57.0	3	0.1111111111111111	0.8888888888888888	17.544300189400616	56	0	56	0	49.875	6.125	6.125
empirical	user_msa	Phala.08G200500_Phala.08G200500.3	Phala.08G200500_Phala.08G200500.3	231	231	unique	231	231	231	0.5526315789473685	9	419	50.55555555555556	17.544300189400616	1.0	58.0	57.0	3	0.1111111111111111	0.8888888888888888	17.544300189400616	56	0	56	0	49.875	6.125	6.125
empirical	user_msa	Phala.08G200500_Phala.08G200500.2	Phala.08G200500_Phala.08G200500.2	231	231	unique	231	231	231	0.5526315789473685	9	419	50.55555555555556	17.544300189400616	1.0	58.0	57.0	3	0.1111111111111111	0.8888888888888888	17.544300189400616	56	0	56	0	49.875	6.125	6.125
empirical	user_msa	HORVU.MOREX.r3.6HG0571560_HORVU.MOREX.r3.6HG0571560.1	HORVU.MOREX.r3.6HG0571560_HORVU.MOREX.r3.6HG0571560.1	231	231	unique	231	231	231	0.5526315789473685	9	419	50.55555555555556	17.544300189400616	1.0	58.0	57.0	3	0.1111111111111111	0.8888888888888888	17.544300189400616	56	0	56	0	49.875	6.125	6.125
empirical	user_msa	TraesCS6A03G0381800_TraesCS6A03G0381800.1	TraesCS6A03G0381800_TraesCS6A03G0381800.1	231	231	unique	231	231	231	0.5526315789473685	9	419	50.55555555555556	17.544300189400616	1.0	58.0	57.0	3	0.1111111111111111	0.8888888888888888	17.544300189400616	58	0	58	0	49.625	8.375	8.375
empirical	user_msa	Thint.S06G201700_Thint.S06G201700.1	Thint.S06G201700_Thint.S06G201700.1	231	231	unique	231	231	231	0.5526315789473685	9	419	50.55555555555556	17.544300189400616	1.0	58.0	57.0	3	0.1111111111111111	0.8888888888888888	17.544300189400616	58	0	58	0	49.625	8.375	8.375
empirical	user_msa	LOC_Os02g07490_LOC_Os02g07490.1	LOC_Os02g07490_LOC_Os02g07490.1	232	232	unique	232	232	232	0.5550239234449761	9	419	6.444444444444445	2.0608041101101566	1.0	9.0	8.0	4	0.1111111111111111	0.8888888888888888	2.0608041101101566	9	0	9	0	6.125	2.875	2.875
empirical	user_msa	Oropetium_20150105_02675_Oropetium_20150105_02675A	Oropetium_20150105_02675_Oropetium_20150105_02675A	232	232	unique	232	232	232	0.5550239234449761	9	419	6.444444444444445	2.0608041101101566	1.0	9.0	8.0	4	0.1111111111111111	0.8888888888888888	2.0608041101101566	1	1	1	1	7.125	-6.125	-6.125
empirical	user_msa	ELECO.r07.2AG0102970_ELECO.r07.2AG0102970.1	ELECO.r07.2AG0102970_ELECO.r07.2AG0102970.1	232	232	unique	232	232	232	0.5550239234449761	9	419	6.444444444444445	2.0608041101101566	1.0	9.0	8.0	4	0.1111111111111111	0.8888888888888888	2.0608041101101566	6	0	6	0	6.5	-0.5	-0.5
empirical	user_msa	Phala.08G200500_Phala.08G200500.1	Phala.08G200500_Phala.08G200500.1	232	232	unique	232	232	232	0.5550239234449761	9	419	6.444444444444445	2.0608041101101566	1.0	9.0	8.0	4	0.1111111111111111	0.8888888888888888	2.0608041101101566	7	0	7	0	6.375	0.625	0.625
empirical	user_msa	Phala.08G200500_Phala.08G200500.3	Phala.08G200500_Phala.08G200500.3	232	232	unique	232	232	232	0.5550239234449761	9	419	6.444444444444445	2.0608041101101566	1.0	9.0	8.0	4	0.1111111111111111	0.8888888888888888	2.0608041101101566	7	0	7	0	6.375	0.625	0.625
empirical	user_msa	Phala.08G200500_Phala.08G200500.2	Phala.08G200500_Phala.08G200500.2	232	232	unique	232	232	232	0.5550239234449761	9	419	6.444444444444445	2.0608041101101566	1.0	9.0	8.0	4	0.1111111111111111	0.8888888888888888	2.0608041101101566	7	0	7	0	6.375	0.625	0.625
empirical	user_msa	HORVU.MOREX.r3.6HG0571560_HORVU.MOREX.r3.6HG0571560.1	HORVU.MOREX.r3.6HG0571560_HORVU.MOREX.r3.6HG0571560.1	232	232	unique	232	232	232	0.5550239234449761	9	419	6.444444444444445	2.0608041101101566	1.0	9.0	8.0	4	0.1111111111111111	0.8888888888888888	2.0608041101101566	7	0	7	0	6.375	0.625	0.625
empirical	user_msa	TraesCS6A03G0381800_TraesCS6A03G0381800.1	TraesCS6A03G0381800_TraesCS6A03G0381800.1	232	232	unique	232	232	232	0.5550239234449761	9	419	6.444444444444445	2.0608041101101566	1.0	9.0	8.0	4	0.1111111111111111	0.8888888888888888	2.0608041101101566	7	0	7	0	6.375	0.625	0.625
empirical	user_msa	Thint.S06G201700_Thint.S06G201700.1	Thint.S06G201700_Thint.S06G201700.1	232	232	unique	232	232	232	0.5550239234449761	9	419	6.444444444444445	2.0608041101101566	1.0	9.0	8.0	4	0.1111111111111111	0.8888888888888888	2.0608041101101566	7	0	7	0	6.375	0.625	0.625
empirical	user_msa	LOC_Os02g07490_LOC_Os02g07490.1	LOC_Os02g07490_LOC_Os02g07490.1	233	233	unique	233	233	233	0.5574162679425837	9	419	6.555555555555555	2.3622546250521443	1.0	9.0	8.0	4	0.1111111111111111	0.8888888888888888	2.3622546250521443	7	0	7	0	6.5	0.5	0.5
empirical	user_msa	Oropetium_20150105_02675_Oropetium_20150105_02675A	Oropetium_20150105_02675_Oropetium_20150105_02675A	233	233	unique	233	233	233	0.5574162679425837	9	419	6.555555555555555	2.3622546250521443	1.0	9.0	8.0	4	0.1111111111111111	0.8888888888888888	2.3622546250521443	1	1	1	1	7.25	-6.25	-6.25
empirical	user_msa	ELECO.r07.2AG0102970_ELECO.r07.2AG0102970.1	ELECO.r07.2AG0102970_ELECO.r07.2AG0102970.1	233	233	unique	233	233	233	0.5574162679425837	9	419	6.555555555555555	2.3622546250521443	1.0	9.0	8.0	4	0.1111111111111111	0.8888888888888888	2.3622546250521443	6	0	6	0	6.625	-0.625	-0.625
empirical	user_msa	Phala.08G200500_Phala.08G200500.1	Phala.08G200500_Phala.08G200500.1	233	233	unique	233	233	233	0.5574162679425837	9	419	6.555555555555555	2.3622546250521443	1.0	9.0	8.0	4	0.1111111111111111	0.8888888888888888	2.3622546250521443	6	0	6	0	6.625	-0.625	-0.625
empirical	user_msa	Phala.08G200500_Phala.08G200500.3	Phala.08G200500_Phala.08G200500.3	233	233	unique	233	233	233	0.5574162679425837	9	419	6.555555555555555	2.3622546250521443	1.0	9.0	8.0	4	0.1111111111111111	0.8888888888888888	2.3622546250521443	6	0	6	0	6.625	-0.625	-0.625
empirical	user_msa	Phala.08G200500_Phala.08G200500.2	Phala.08G200500_Phala.08G200500.2	233	233	unique	233	233	233	0.5574162679425837	9	419	6.555555555555555	2.3622546250521443	1.0	9.0	8.0	4	0.1111111111111111	0.8888888888888888	2.3622546250521443	6	0	6	0	6.625	-0.625	-0.625
empirical	user_msa	HORVU.MOREX.r3.6HG0571560_HORVU.MOREX.r3.6HG0571560.1	HORVU.MOREX.r3.6HG0571560_HORVU.MOREX.r3.6HG0571560.1	233	233	unique	233	233	233	0.5574162679425837	9	419	6.555555555555555	2.3622546250521443	1.0	9.0	8.0	4	0.1111111111111111	0.8888888888888888	2.3622546250521443	9	0	9	0	6.25	2.75	2.75
empirical	user_msa	TraesCS6A03G0381800_TraesCS6A03G0381800.1	TraesCS6A03G0381800_TraesCS6A03G0381800.1	233	233	unique	233	233	233	0.5574162679425837	9	419	6.555555555555555	2.3622546250521443	1.0	9.0	8.0	4	0.1111111111111111	0.8888888888888888	2.3622546250521443	9	0	9	0	6.25	2.75	2.75
empirical	user_msa	Thint.S06G201700_Thint.S06G201700.1	Thint.S06G201700_Thint.S06G201700.1	233	233	unique	233	233	233	0.5574162679425837	9	419	6.555555555555555	2.3622546250521443	1.0	9.0	8.0	4	0.1111111111111111	0.8888888888888888	2.3622546250521443	9	0	9	0	6.25	2.75	2.75
empirical	user_msa	LOC_Os02g07490_LOC_Os02g07490.1	LOC_Os02g07490_LOC_Os02g07490.1	234	234	unique	234	234	234	0.5598086124401914	9	419	3.6666666666666665	1.3333333333333333	1.0	5.0	4.0	3	0.1111111111111111	0.8888888888888888	1.3333333333333333	3	0	3	0	3.75	-0.75	-0.75
empirical	user_msa	Oropetium_20150105_02675_Oropetium_20150105_02675A	Oropetium_20150105_02675_Oropetium_20150105_02675A	234	234	unique	234	234	234	0.5598086124401914	9	419	3.6666666666666665	1.3333333333333333	1.0	5.0	4.0	3	0.1111111111111111	0.8888888888888888	1.3333333333333333	1	1	1	1	4.0	-3.0	-3.0
empirical	user_msa	ELECO.r07.2AG0102970_ELECO.r07.2AG0102970.1	ELECO.r07.2AG0102970_ELECO.r07.2AG0102970.1	234	234	unique	234	234	234	0.5598086124401914	9	419	3.6666666666666665	1.3333333333333333	1.0	5.0	4.0	3	0.1111111111111111	0.8888888888888888	1.3333333333333333	5	0	5	0	3.5	1.5	1.5
empirical	user_msa	Phala.08G200500_Phala.08G200500.1	Phala.08G200500_Phala.08G200500.1	234	234	unique	234	234	234	0.5598086124401914	9	419	3.6666666666666665	1.3333333333333333	1.0	5.0	4.0	3	0.1111111111111111	0.8888888888888888	1.3333333333333333	5	0	5	0	3.5	1.5	1.5
empirical	user_msa	Phala.08G200500_Phala.08G200500.3	Phala.08G200500_Phala.08G200500.3	234	234	unique	234	234	234	0.5598086124401914	9	419	3.6666666666666665	1.3333333333333333	1.0	5.0	4.0	3	0.1111111111111111	0.8888888888888888	1.3333333333333333	5	0	5	0	3.5	1.5	1.5
empirical	user_msa	Phala.08G200500_Phala.08G200500.2	Phala.08G200500_Phala.08G200500.2	234	234	unique	234	234	234	0.5598086124401914	9	419	3.6666666666666665	1.3333333333333333	1.0	5.0	4.0	3	0.1111111111111111	0.8888888888888888	1.3333333333333333	5	0	5	0	3.5	1.5	1.5
empirical	user_msa	HORVU.MOREX.r3.6HG0571560_HORVU.MOREX.r3.6HG0571560.1	HORVU.MOREX.r3.6HG0571560_HORVU.MOREX.r3.6HG0571560.1	234	234	unique	234	234	234	0.5598086124401914	9	419	3.6666666666666665	1.3333333333333333	1.0	5.0	4.0	3	0.1111111111111111	0.8888888888888888	1.3333333333333333	3	0	3	0	3.75	-0.75	-0.75
empirical	user_msa	TraesCS6A03G0381800_TraesCS6A03G0381800.1	TraesCS6A03G0381800_TraesCS6A03G0381800.1	234	234	unique	234	234	234	0.5598086124401914	9	419	3.6666666666666665	1.3333333333333333	1.0	5.0	4.0	3	0.1111111111111111	0.8888888888888888	1.3333333333333333	3	0	3	0	3.75	-0.75	-0.75
empirical	user_msa	Thint.S06G201700_Thint.S06G201700.1	Thint.S06G201700_Thint.S06G201700.1	234	234	unique	234	234	234	0.5598086124401914	9	419	3.6666666666666665	1.3333333333333333	1.0	5.0	4.0	3	0.1111111111111111	0.8888888888888888	1.3333333333333333	3	0	3	0	3.75	-0.75	-0.75
empirical	user_msa	LOC_Os02g07490_LOC_Os02g07490.1	LOC_Os02g07490_LOC_Os02g07490.1	235	235	unique	235	235	235	0.562200956937799	9	419	51.666666666666664	17.913371790059205	1.0	58.0	57.0	2	0.1111111111111111	0.8888888888888888	17.913371790059205	58	0	58	0	50.875	7.125	7.125
empirical	user_msa	Oropetium_20150105_02675_Oropetium_20150105_02675A	Oropetium_20150105_02675_Oropetium_20150105_02675A	235	235	unique	235	235	235	0.562200956937799	9	419	51.666666666666664	17.913371790059205	1.0	58.0	57.0	2	0.1111111111111111	0.8888888888888888	17.913371790059205	1	1	1	1	58.0	-57.0	-57.0
empirical	user_msa	ELECO.r07.2AG0102970_ELECO.r07.2AG0102970.1	ELECO.r07.2AG0102970_ELECO.r07.2AG0102970.1	235	235	unique	235	235	235	0.562200956937799	9	419	51.666666666666664	17.913371790059205	1.0	58.0	57.0	2	0.1111111111111111	0.8888888888888888	17.913371790059205	58	0	58	0	50.875	7.125	7.125
empirical	user_msa	Phala.08G200500_Phala.08G200500.1	Phala.08G200500_Phala.08G200500.1	235	235	unique	235	235	235	0.562200956937799	9	419	51.666666666666664	17.913371790059205	1.0	58.0	57.0	2	0.1111111111111111	0.8888888888888888	17.913371790059205	58	0	58	0	50.875	7.125	7.125
empirical	user_msa	Phala.08G200500_Phala.08G200500.3	Phala.08G200500_Phala.08G200500.3	235	235	unique	235	235	235	0.562200956937799	9	419	51.666666666666664	17.913371790059205	1.0	58.0	57.0	2	0.1111111111111111	0.8888888888888888	17.913371790059205	58	0	58	0	50.875	7.125	7.125
empirical	user_msa	Phala.08G200500_Phala.08G200500.2	Phala.08G200500_Phala.08G200500.2	235	235	unique	235	235	235	0.562200956937799	9	419	51.666666666666664	17.913371790059205	1.0	58.0	57.0	2	0.1111111111111111	0.8888888888888888	17.913371790059205	58	0	58	0	50.875	7.125	7.125
empirical	user_msa	HORVU.MOREX.r3.6HG0571560_HORVU.MOREX.r3.6HG0571560.1	HORVU.MOREX.r3.6HG0571560_HORVU.MOREX.r3.6HG0571560.1	235	235	unique	235	235	235	0.562200956937799	9	419	51.666666666666664	17.913371790059205	1.0	58.0	57.0	2	0.1111111111111111	0.8888888888888888	17.913371790059205	58	0	58	0	50.875	7.125	7.125
empirical	user_msa	TraesCS6A03G0381800_TraesCS6A03G0381800.1	TraesCS6A03G0381800_TraesCS6A03G0381800.1	235	235	unique	235	235	235	0.562200956937799	9	419	51.666666666666664	17.913371790059205	1.0	58.0	57.0	2	0.1111111111111111	0.8888888888888888	17.913371790059205	58	0	58	0	50.875	7.125	7.125
empirical	user_msa	Thint.S06G201700_Thint.S06G201700.1	Thint.S06G201700_Thint.S06G201700.1	235	235	unique	235	235	235	0.562200956937799	9	419	51.666666666666664	17.913371790059205	1.0	58.0	57.0	2	0.1111111111111111	0.8888888888888888	17.913371790059205	58	0	58	0	50.875	7.125	7.125
empirical	user_msa	LOC_Os02g07490_LOC_Os02g07490.1	LOC_Os02g07490_LOC_Os02g07490.1	236	236	unique	236	236	236	0.5645933014354066	9	419	29.22222222222222	9.99753055929066	1.0	33.0	32.0	3	0.1111111111111111	0.8888888888888888	9.99753055929066	33	0	33	0	28.75	4.25	4.25
empirical	user_msa	Oropetium_20150105_02675_Oropetium_20150105_02675A	Oropetium_20150105_02675_Oropetium_20150105_02675A	236	236	unique	236	236	236	0.5645933014354066	9	419	29.22222222222222	9.99753055929066	1.0	33.0	32.0	3	0.1111111111111111	0.8888888888888888	9.99753055929066	1	1	1	1	32.75	-31.75	-31.75
empirical	user_msa	ELECO.r07.2AG0102970_ELECO.r07.2AG0102970.1	ELECO.r07.2AG0102970_ELECO.r07.2AG0102970.1	236	236	unique	236	236	236	0.5645933014354066	9	419	29.22222222222222	9.99753055929066	1.0	33.0	32.0	3	0.1111111111111111	0.8888888888888888	9.99753055929066	31	0	31	0	29.0	2.0	2.0
empirical	user_msa	Phala.08G200500_Phala.08G200500.1	Phala.08G200500_Phala.08G200500.1	236	236	unique	236	236	236	0.5645933014354066	9	419	29.22222222222222	9.99753055929066	1.0	33.0	32.0	3	0.1111111111111111	0.8888888888888888	9.99753055929066	33	0	33	0	28.75	4.25	4.25
empirical	user_msa	Phala.08G200500_Phala.08G200500.3	Phala.08G200500_Phala.08G200500.3	236	236	unique	236	236	236	0.5645933014354066	9	419	29.22222222222222	9.99753055929066	1.0	33.0	32.0	3	0.1111111111111111	0.8888888888888888	9.99753055929066	33	0	33	0	28.75	4.25	4.25
empirical	user_msa	Phala.08G200500_Phala.08G200500.2	Phala.08G200500_Phala.08G200500.2	236	236	unique	236	236	236	0.5645933014354066	9	419	29.22222222222222	9.99753055929066	1.0	33.0	32.0	3	0.1111111111111111	0.8888888888888888	9.99753055929066	33	0	33	0	28.75	4.25	4.25
empirical	user_msa	HORVU.MOREX.r3.6HG0571560_HORVU.MOREX.r3.6HG0571560.1	HORVU.MOREX.r3.6HG0571560_HORVU.MOREX.r3.6HG0571560.1	236	236	unique	236	236	236	0.5645933014354066	9	419	29.22222222222222	9.99753055929066	1.0	33.0	32.0	3	0.1111111111111111	0.8888888888888888	9.99753055929066	33	0	33	0	28.75	4.25	4.25
empirical	user_msa	TraesCS6A03G0381800_TraesCS6A03G0381800.1	TraesCS6A03G0381800_TraesCS6A03G0381800.1	236	236	unique	236	236	236	0.5645933014354066	9	419	29.22222222222222	9.99753055929066	1.0	33.0	32.0	3	0.1111111111111111	0.8888888888888888	9.99753055929066	33	0	33	0	28.75	4.25	4.25
empirical	user_msa	Thint.S06G201700_Thint.S06G201700.1	Thint.S06G201700_Thint.S06G201700.1	236	236	unique	236	236	236	0.5645933014354066	9	419	29.22222222222222	9.99753055929066	1.0	33.0	32.0	3	0.1111111111111111	0.8888888888888888	9.99753055929066	33	0	33	0	28.75	4.25	4.25
empirical	user_msa	LOC_Os02g07490_LOC_Os02g07490.1	LOC_Os02g07490_LOC_Os02g07490.1	237	237	unique	237	237	237	0.5669856459330144	9	419	36.55555555555556	12.570787221094179	1.0	41.0	40.0	2	0.1111111111111111	0.8888888888888888	12.570787221094179	41	0	41	0	36.0	5.0	5.0
empirical	user_msa	Oropetium_20150105_02675_Oropetium_20150105_02675A	Oropetium_20150105_02675_Oropetium_20150105_02675A	237	237	unique	237	237	237	0.5669856459330144	9	419	36.55555555555556	12.570787221094179	1.0	41.0	40.0	2	0.1111111111111111	0.8888888888888888	12.570787221094179	1	1	1	1	41.0	-40.0	-40.0
empirical	user_msa	ELECO.r07.2AG0102970_ELECO.r07.2AG0102970.1	ELECO.r07.2AG0102970_ELECO.r07.2AG0102970.1	237	237	unique	237	237	237	0.5669856459330144	9	419	36.55555555555556	12.570787221094179	1.0	41.0	40.0	2	0.1111111111111111	0.8888888888888888	12.570787221094179	41	0	41	0	36.0	5.0	5.0
empirical	user_msa	Phala.08G200500_Phala.08G200500.1	Phala.08G200500_Phala.08G200500.1	237	237	unique	237	237	237	0.5669856459330144	9	419	36.55555555555556	12.570787221094179	1.0	41.0	40.0	2	0.1111111111111111	0.8888888888888888	12.570787221094179	41	0	41	0	36.0	5.0	5.0
empirical	user_msa	Phala.08G200500_Phala.08G200500.3	Phala.08G200500_Phala.08G200500.3	237	237	unique	237	237	237	0.5669856459330144	9	419	36.55555555555556	12.570787221094179	1.0	41.0	40.0	2	0.1111111111111111	0.8888888888888888	12.570787221094179	41	0	41	0	36.0	5.0	5.0
empirical	user_msa	Phala.08G200500_Phala.08G200500.2	Phala.08G200500_Phala.08G200500.2	237	237	unique	237	237	237	0.5669856459330144	9	419	36.55555555555556	12.570787221094179	1.0	41.0	40.0	2	0.1111111111111111	0.8888888888888888	12.570787221094179	41	0	41	0	36.0	5.0	5.0
empirical	user_msa	HORVU.MOREX.r3.6HG0571560_HORVU.MOREX.r3.6HG0571560.1	HORVU.MOREX.r3.6HG0571560_HORVU.MOREX.r3.6HG0571560.1	237	237	unique	237	237	237	0.5669856459330144	9	419	36.55555555555556	12.570787221094179	1.0	41.0	40.0	2	0.1111111111111111	0.8888888888888888	12.570787221094179	41	0	41	0	36.0	5.0	5.0
empirical	user_msa	TraesCS6A03G0381800_TraesCS6A03G0381800.1	TraesCS6A03G0381800_TraesCS6A03G0381800.1	237	237	unique	237	237	237	0.5669856459330144	9	419	36.55555555555556	12.570787221094179	1.0	41.0	40.0	2	0.1111111111111111	0.8888888888888888	12.570787221094179	41	0	41	0	36.0	5.0	5.0
empirical	user_msa	Thint.S06G201700_Thint.S06G201700.1	Thint.S06G201700_Thint.S06G201700.1	237	237	unique	237	237	237	0.5669856459330144	9	419	36.55555555555556	12.570787221094179	1.0	41.0	40.0	2	0.1111111111111111	0.8888888888888888	12.570787221094179	41	0	41	0	36.0	5.0	5.0
empirical	user_msa	LOC_Os02g07490_LOC_Os02g07490.1	LOC_Os02g07490_LOC_Os02g07490.1	238	238	unique	238	238	238	0.569377990430622	9	419	21.555555555555557	7.319852929778047	1.0	25.0	24.0	4	0.1111111111111111	0.8888888888888888	7.319852929778047	25	0	25	0	21.125	3.875	3.875
empirical	user_msa	Oropetium_20150105_02675_Oropetium_20150105_02675A	Oropetium_20150105_02675_Oropetium_20150105_02675A	238	238	unique	238	238	238	0.569377990430622	9	419	21.555555555555557	7.319852929778047	1.0	25.0	24.0	4	0.1111111111111111	0.8888888888888888	7.319852929778047	1	1	1	1	24.125	-23.125	-23.125
empirical	user_msa	ELECO.r07.2AG0102970_ELECO.r07.2AG0102970.1	ELECO.r07.2AG0102970_ELECO.r07.2AG0102970.1	238	238	unique	238	238	238	0.569377990430622	9	419	21.555555555555557	7.319852929778047	1.0	25.0	24.0	4	0.1111111111111111	0.8888888888888888	7.319852929778047	24	0	24	0	21.25	2.75	2.75
empirical	user_msa	Phala.08G200500_Phala.08G200500.1	Phala.08G200500_Phala.08G200500.1	238	238	unique	238	238	238	0.569377990430622	9	419	21.555555555555557	7.319852929778047	1.0	25.0	24.0	4	0.1111111111111111	0.8888888888888888	7.319852929778047	23	0	23	0	21.375	1.625	1.625
empirical	user_msa	Phala.08G200500_Phala.08G200500.3	Phala.08G200500_Phala.08G200500.3	238	238	unique	238	238	238	0.569377990430622	9	419	21.555555555555557	7.319852929778047	1.0	25.0	24.0	4	0.1111111111111111	0.8888888888888888	7.319852929778047	23	0	23	0	21.375	1.625	1.625
empirical	user_msa	Phala.08G200500_Phala.08G200500.2	Phala.08G200500_Phala.08G200500.2	238	238	unique	238	238	238	0.569377990430622	9	419	21.555555555555557	7.319852929778047	1.0	25.0	24.0	4	0.1111111111111111	0.8888888888888888	7.319852929778047	23	0	23	0	21.375	1.625	1.625
empirical	user_msa	HORVU.MOREX.r3.6HG0571560_HORVU.MOREX.r3.6HG0571560.1	HORVU.MOREX.r3.6HG0571560_HORVU.MOREX.r3.6HG0571560.1	238	238	unique	238	238	238	0.569377990430622	9	419	21.555555555555557	7.319852929778047	1.0	25.0	24.0	4	0.1111111111111111	0.8888888888888888	7.319852929778047	25	0	25	0	21.125	3.875	3.875
empirical	user_msa	TraesCS6A03G0381800_TraesCS6A03G0381800.1	TraesCS6A03G0381800_TraesCS6A03G0381800.1	238	238	unique	238	238	238	0.569377990430622	9	419	21.555555555555557	7.319852929778047	1.0	25.0	24.0	4	0.1111111111111111	0.8888888888888888	7.319852929778047	25	0	25	0	21.125	3.875	3.875
empirical	user_msa	Thint.S06G201700_Thint.S06G201700.1	Thint.S06G201700_Thint.S06G201700.1	238	238	unique	238	238	238	0.569377990430622	9	419	21.555555555555557	7.319852929778047	1.0	25.0	24.0	4	0.1111111111111111	0.8888888888888888	7.319852929778047	25	0	25	0	21.125	3.875	3.875
empirical	user_msa	LOC_Os02g07490_LOC_Os02g07490.1	LOC_Os02g07490_LOC_Os02g07490.1	239	239	unique	239	239	239	0.5717703349282297	9	419	29.444444444444443	10.056629776875344	1.0	33.0	32.0	2	0.1111111111111111	0.8888888888888888	10.056629776875344	33	0	33	0	29.0	4.0	4.0
empirical	user_msa	Oropetium_20150105_02675_Oropetium_20150105_02675A	Oropetium_20150105_02675_Oropetium_20150105_02675A	239	239	unique	239	239	239	0.5717703349282297	9	419	29.444444444444443	10.056629776875344	1.0	33.0	32.0	2	0.1111111111111111	0.8888888888888888	10.056629776875344	1	1	1	1	33.0	-32.0	-32.0
empirical	user_msa	ELECO.r07.2AG0102970_ELECO.r07.2AG0102970.1	ELECO.r07.2AG0102970_ELECO.r07.2AG0102970.1	239	239	unique	239	239	239	0.5717703349282297	9	419	29.444444444444443	10.056629776875344	1.0	33.0	32.0	2	0.1111111111111111	0.8888888888888888	10.056629776875344	33	0	33	0	29.0	4.0	4.0
empirical	user_msa	Phala.08G200500_Phala.08G200500.1	Phala.08G200500_Phala.08G200500.1	239	239	unique	239	239	239	0.5717703349282297	9	419	29.444444444444443	10.056629776875344	1.0	33.0	32.0	2	0.1111111111111111	0.8888888888888888	10.056629776875344	33	0	33	0	29.0	4.0	4.0
empirical	user_msa	Phala.08G200500_Phala.08G200500.3	Phala.08G200500_Phala.08G200500.3	239	239	unique	239	239	239	0.5717703349282297	9	419	29.444444444444443	10.056629776875344	1.0	33.0	32.0	2	0.1111111111111111	0.8888888888888888	10.056629776875344	33	0	33	0	29.0	4.0	4.0
empirical	user_msa	Phala.08G200500_Phala.08G200500.2	Phala.08G200500_Phala.08G200500.2	239	239	unique	239	239	239	0.5717703349282297	9	419	29.444444444444443	10.056629776875344	1.0	33.0	32.0	2	0.1111111111111111	0.8888888888888888	10.056629776875344	33	0	33	0	29.0	4.0	4.0
empirical	user_msa	HORVU.MOREX.r3.6HG0571560_HORVU.MOREX.r3.6HG0571560.1	HORVU.MOREX.r3.6HG0571560_HORVU.MOREX.r3.6HG0571560.1	239	239	unique	239	239	239	0.5717703349282297	9	419	29.444444444444443	10.056629776875344	1.0	33.0	32.0	2	0.1111111111111111	0.8888888888888888	10.056629776875344	33	0	33	0	29.0	4.0	4.0
empirical	user_msa	TraesCS6A03G0381800_TraesCS6A03G0381800.1	TraesCS6A03G0381800_TraesCS6A03G0381800.1	239	239	unique	239	239	239	0.5717703349282297	9	419	29.444444444444443	10.056629776875344	1.0	33.0	32.0	2	0.1111111111111111	0.8888888888888888	10.056629776875344	33	0	33	0	29.0	4.0	4.0
empirical	user_msa	Thint.S06G201700_Thint.S06G201700.1	Thint.S06G201700_Thint.S06G201700.1	239	239	unique	239	239	239	0.5717703349282297	9	419	29.444444444444443	10.056629776875344	1.0	33.0	32.0	2	0.1111111111111111	0.8888888888888888	10.056629776875344	33	0	33	0	29.0	4.0	4.0
empirical	user_msa	LOC_Os02g07490_LOC_Os02g07490.1	LOC_Os02g07490_LOC_Os02g07490.1	240	240	unique	240	240	240	0.5741626794258373	9	419	35.44444444444444	12.212117034696966	1.0	41.0	40.0	3	0.1111111111111111	0.8888888888888888	12.212117034696966	39	0	39	0	35.0	4.0	4.0
empirical	user_msa	Oropetium_20150105_02675_Oropetium_20150105_02675A	Oropetium_20150105_02675_Oropetium_20150105_02675A	240	240	unique	240	240	240	0.5741626794258373	9	419	35.44444444444444	12.212117034696966	1.0	41.0	40.0	3	0.1111111111111111	0.8888888888888888	12.212117034696966	1	1	1	1	39.75	-38.75	-38.75
empirical	user_msa	ELECO.r07.2AG0102970_ELECO.r07.2AG0102970.1	ELECO.r07.2AG0102970_ELECO.r07.2AG0102970.1	240	240	unique	240	240	240	0.5741626794258373	9	419	35.44444444444444	12.212117034696966	1.0	41.0	40.0	3	0.1111111111111111	0.8888888888888888	12.212117034696966	39	0	39	0	35.0	4.0	4.0
empirical	user_msa	Phala.08G200500_Phala.08G200500.1	Phala.08G200500_Phala.08G200500.1	240	240	unique	240	240	240	0.5741626794258373	9	419	35.44444444444444	12.212117034696966	1.0	41.0	40.0	3	0.1111111111111111	0.8888888888888888	12.212117034696966	41	0	41	0	34.75	6.25	6.25
empirical	user_msa	Phala.08G200500_Phala.08G200500.3	Phala.08G200500_Phala.08G200500.3	240	240	unique	240	240	240	0.5741626794258373	9	419	35.44444444444444	12.212117034696966	1.0	41.0	40.0	3	0.1111111111111111	0.8888888888888888	12.212117034696966	41	0	41	0	34.75	6.25	6.25
empirical	user_msa	Phala.08G200500_Phala.08G200500.2	Phala.08G200500_Phala.08G200500.2	240	240	unique	240	240	240	0.5741626794258373	9	419	35.44444444444444	12.212117034696966	1.0	41.0	40.0	3	0.1111111111111111	0.8888888888888888	12.212117034696966	41	0	41	0	34.75	6.25	6.25
empirical	user_msa	HORVU.MOREX.r3.6HG0571560_HORVU.MOREX.r3.6HG0571560.1	HORVU.MOREX.r3.6HG0571560_HORVU.MOREX.r3.6HG0571560.1	240	240	unique	240	240	240	0.5741626794258373	9	419	35.44444444444444	12.212117034696966	1.0	41.0	40.0	3	0.1111111111111111	0.8888888888888888	12.212117034696966	39	0	39	0	35.0	4.0	4.0
empirical	user_msa	TraesCS6A03G0381800_TraesCS6A03G0381800.1	TraesCS6A03G0381800_TraesCS6A03G0381800.1	240	240	unique	240	240	240	0.5741626794258373	9	419	35.44444444444444	12.212117034696966	1.0	41.0	40.0	3	0.1111111111111111	0.8888888888888888	12.212117034696966	39	0	39	0	35.0	4.0	4.0
empirical	user_msa	Thint.S06G201700_Thint.S06G201700.1	Thint.S06G201700_Thint.S06G201700.1	240	240	unique	240	240	240	0.5741626794258373	9	419	35.44444444444444	12.212117034696966	1.0	41.0	40.0	3	0.1111111111111111	0.8888888888888888	12.212117034696966	39	0	39	0	35.0	4.0	4.0
empirical	user_msa	LOC_Os02g07490_LOC_Os02g07490.1	LOC_Os02g07490_LOC_Os02g07490.1	241	241	unique	241	241	241	0.5765550239234449	9	419	3.6666666666666665	0.9428090415820634	1.0	4.0	3.0	2	0.1111111111111111	0.8888888888888888	0.9428090415820634	4	0	4	0	3.625	0.375	0.375
empirical	user_msa	Oropetium_20150105_02675_Oropetium_20150105_02675A	Oropetium_20150105_02675_Oropetium_20150105_02675A	241	241	unique	241	241	241	0.5765550239234449	9	419	3.6666666666666665	0.9428090415820634	1.0	4.0	3.0	2	0.1111111111111111	0.8888888888888888	0.9428090415820634	1	1	1	1	4.0	-3.0	-3.0
empirical	user_msa	ELECO.r07.2AG0102970_ELECO.r07.2AG0102970.1	ELECO.r07.2AG0102970_ELECO.r07.2AG0102970.1	241	241	unique	241	241	241	0.5765550239234449	9	419	3.6666666666666665	0.9428090415820634	1.0	4.0	3.0	2	0.1111111111111111	0.8888888888888888	0.9428090415820634	4	0	4	0	3.625	0.375	0.375
empirical	user_msa	Phala.08G200500_Phala.08G200500.1	Phala.08G200500_Phala.08G200500.1	241	241	unique	241	241	241	0.5765550239234449	9	419	3.6666666666666665	0.9428090415820634	1.0	4.0	3.0	2	0.1111111111111111	0.8888888888888888	0.9428090415820634	4	0	4	0	3.625	0.375	0.375
empirical	user_msa	Phala.08G200500_Phala.08G200500.3	Phala.08G200500_Phala.08G200500.3	241	241	unique	241	241	241	0.5765550239234449	9	419	3.6666666666666665	0.9428090415820634	1.0	4.0	3.0	2	0.1111111111111111	0.8888888888888888	0.9428090415820634	4	0	4	0	3.625	0.375	0.375
empirical	user_msa	Phala.08G200500_Phala.08G200500.2	Phala.08G200500_Phala.08G200500.2	241	241	unique	241	241	241	0.5765550239234449	9	419	3.6666666666666665	0.9428090415820634	1.0	4.0	3.0	2	0.1111111111111111	0.8888888888888888	0.9428090415820634	4	0	4	0	3.625	0.375	0.375
empirical	user_msa	HORVU.MOREX.r3.6HG0571560_HORVU.MOREX.r3.6HG0571560.1	HORVU.MOREX.r3.6HG0571560_HORVU.MOREX.r3.6HG0571560.1	241	241	unique	241	241	241	0.5765550239234449	9	419	3.6666666666666665	0.9428090415820634	1.0	4.0	3.0	2	0.1111111111111111	0.8888888888888888	0.9428090415820634	4	0	4	0	3.625	0.375	0.375
empirical	user_msa	TraesCS6A03G0381800_TraesCS6A03G0381800.1	TraesCS6A03G0381800_TraesCS6A03G0381800.1	241	241	unique	241	241	241	0.5765550239234449	9	419	3.6666666666666665	0.9428090415820634	1.0	4.0	3.0	2	0.1111111111111111	0.8888888888888888	0.9428090415820634	4	0	4	0	3.625	0.375	0.375
empirical	user_msa	Thint.S06G201700_Thint.S06G201700.1	Thint.S06G201700_Thint.S06G201700.1	241	241	unique	241	241	241	0.5765550239234449	9	419	3.6666666666666665	0.9428090415820634	1.0	4.0	3.0	2	0.1111111111111111	0.8888888888888888	0.9428090415820634	4	0	4	0	3.625	0.375	0.375
empirical	user_msa	LOC_Os02g07490_LOC_Os02g07490.1	LOC_Os02g07490_LOC_Os02g07490.1	242	242	unique	242	242	242	0.5789473684210527	9	419	43.0	14.877275736280932	1.0	49.0	48.0	3	0.1111111111111111	0.8888888888888888	14.877275736280932	49	0	49	0	42.25	6.75	6.75
empirical	user_msa	Oropetium_20150105_02675_Oropetium_20150105_02675A	Oropetium_20150105_02675_Oropetium_20150105_02675A	242	242	unique	242	242	242	0.5789473684210527	9	419	43.0	14.877275736280932	1.0	49.0	48.0	3	0.1111111111111111	0.8888888888888888	14.877275736280932	1	1	1	1	48.25	-47.25	-47.25
empirical	user_msa	ELECO.r07.2AG0102970_ELECO.r07.2AG0102970.1	ELECO.r07.2AG0102970_ELECO.r07.2AG0102970.1	242	242	unique	242	242	242	0.5789473684210527	9	419	43.0	14.877275736280932	1.0	49.0	48.0	3	0.1111111111111111	0.8888888888888888	14.877275736280932	49	0	49	0	42.25	6.75	6.75
empirical	user_msa	Phala.08G200500_Phala.08G200500.1	Phala.08G200500_Phala.08G200500.1	242	242	unique	242	242	242	0.5789473684210527	9	419	43.0	14.877275736280932	1.0	49.0	48.0	3	0.1111111111111111	0.8888888888888888	14.877275736280932	47	0	47	0	42.5	4.5	4.5
empirical	user_msa	Phala.08G200500_Phala.08G200500.3	Phala.08G200500_Phala.08G200500.3	242	242	unique	242	242	242	0.5789473684210527	9	419	43.0	14.877275736280932	1.0	49.0	48.0	3	0.1111111111111111	0.8888888888888888	14.877275736280932	47	0	47	0	42.5	4.5	4.5
empirical	user_msa	Phala.08G200500_Phala.08G200500.2	Phala.08G200500_Phala.08G200500.2	242	242	unique	242	242	242	0.5789473684210527	9	419	43.0	14.877275736280932	1.0	49.0	48.0	3	0.1111111111111111	0.8888888888888888	14.877275736280932	47	0	47	0	42.5	4.5	4.5
empirical	user_msa	HORVU.MOREX.r3.6HG0571560_HORVU.MOREX.r3.6HG0571560.1	HORVU.MOREX.r3.6HG0571560_HORVU.MOREX.r3.6HG0571560.1	242	242	unique	242	242	242	0.5789473684210527	9	419	43.0	14.877275736280932	1.0	49.0	48.0	3	0.1111111111111111	0.8888888888888888	14.877275736280932	49	0	49	0	42.25	6.75	6.75
empirical	user_msa	TraesCS6A03G0381800_TraesCS6A03G0381800.1	TraesCS6A03G0381800_TraesCS6A03G0381800.1	242	242	unique	242	242	242	0.5789473684210527	9	419	43.0	14.877275736280932	1.0	49.0	48.0	3	0.1111111111111111	0.8888888888888888	14.877275736280932	49	0	49	0	42.25	6.75	6.75
empirical	user_msa	Thint.S06G201700_Thint.S06G201700.1	Thint.S06G201700_Thint.S06G201700.1	242	242	unique	242	242	242	0.5789473684210527	9	419	43.0	14.877275736280932	1.0	49.0	48.0	3	0.1111111111111111	0.8888888888888888	14.877275736280932	49	0	49	0	42.25	6.75	6.75
empirical	user_msa	LOC_Os02g07490_LOC_Os02g07490.1	LOC_Os02g07490_LOC_Os02g07490.1	243	243	unique	243	243	243	0.5813397129186603	9	419	32.55555555555556	18.10531604628327	1.0	49.0	48.0	4	0.1111111111111111	0.8888888888888888	18.10531604628327	47	0	47	0	30.75	16.25	16.25
empirical	user_msa	Oropetium_20150105_02675_Oropetium_20150105_02675A	Oropetium_20150105_02675_Oropetium_20150105_02675A	243	243	unique	243	243	243	0.5813397129186603	9	419	32.55555555555556	18.10531604628327	1.0	49.0	48.0	4	0.1111111111111111	0.8888888888888888	18.10531604628327	1	1	1	1	36.5	-35.5	-35.5
empirical	user_msa	ELECO.r07.2AG0102970_ELECO.r07.2AG0102970.1	ELECO.r07.2AG0102970_ELECO.r07.2AG0102970.1	243	243	unique	243	243	243	0.5813397129186603	9	419	32.55555555555556	18.10531604628327	1.0	49.0	48.0	4	0.1111111111111111	0.8888888888888888	18.10531604628327	47	0	47	0	30.75	16.25	16.25
empirical	user_msa	Phala.08G200500_Phala.08G200500.1	Phala.08G200500_Phala.08G200500.1	243	243	unique	243	243	243	0.5813397129186603	9	419	32.55555555555556	18.10531604628327	1.0	49.0	48.0	4	0.1111111111111111	0.8888888888888888	18.10531604628327	17	0	17	0	34.5	-17.5	-17.5
empirical	user_msa	Phala.08G200500_Phala.08G200500.3	Phala.08G200500_Phala.08G200500.3	243	243	unique	243	243	243	0.5813397129186603	9	419	32.55555555555556	18.10531604628327	1.0	49.0	48.0	4	0.1111111111111111	0.8888888888888888	18.10531604628327	17	0	17	0	34.5	-17.5	-17.5
empirical	user_msa	Phala.08G200500_Phala.08G200500.2	Phala.08G200500_Phala.08G200500.2	243	243	unique	243	243	243	0.5813397129186603	9	419	32.55555555555556	18.10531604628327	1.0	49.0	48.0	4	0.1111111111111111	0.8888888888888888	18.10531604628327	17	0	17	0	34.5	-17.5	-17.5
empirical	user_msa	HORVU.MOREX.r3.6HG0571560_HORVU.MOREX.r3.6HG0571560.1	HORVU.MOREX.r3.6HG0571560_HORVU.MOREX.r3.6HG0571560.1	243	243	unique	243	243	243	0.5813397129186603	9	419	32.55555555555556	18.10531604628327	1.0	49.0	48.0	4	0.1111111111111111	0.8888888888888888	18.10531604628327	49	0	49	0	30.5	18.5	18.5
empirical	user_msa	TraesCS6A03G0381800_TraesCS6A03G0381800.1	TraesCS6A03G0381800_TraesCS6A03G0381800.1	243	243	unique	243	243	243	0.5813397129186603	9	419	32.55555555555556	18.10531604628327	1.0	49.0	48.0	4	0.1111111111111111	0.8888888888888888	18.10531604628327	49	0	49	0	30.5	18.5	18.5
empirical	user_msa	Thint.S06G201700_Thint.S06G201700.1	Thint.S06G201700_Thint.S06G201700.1	243	243	unique	243	243	243	0.5813397129186603	9	419	32.55555555555556	18.10531604628327	1.0	49.0	48.0	4	0.1111111111111111	0.8888888888888888	18.10531604628327	49	0	49	0	30.5	18.5	18.5
empirical	user_msa	LOC_Os02g07490_LOC_Os02g07490.1	LOC_Os02g07490_LOC_Os02g07490.1	244	244	unique	244	244	244	0.583732057416268	9	419	13.444444444444445	8.525922708111501	1.0	21.0	20.0	3	0.1111111111111111	0.8888888888888888	8.525922708111501	21	0	21	0	12.5	8.5	8.5
empirical	user_msa	Oropetium_20150105_02675_Oropetium_20150105_02675A	Oropetium_20150105_02675_Oropetium_20150105_02675A	244	244	unique	244	244	244	0.583732057416268	9	419	13.444444444444445	8.525922708111501	1.0	21.0	20.0	3	0.1111111111111111	0.8888888888888888	8.525922708111501	1	1	1	1	15.0	-14.0	-14.0
empirical	user_msa	ELECO.r07.2AG0102970_ELECO.r07.2AG0102970.1	ELECO.r07.2AG0102970_ELECO.r07.2AG0102970.1	244	244	unique	244	244	244	0.583732057416268	9	419	13.444444444444445	8.525922708111501	1.0	21.0	20.0	3	0.1111111111111111	0.8888888888888888	8.525922708111501	21	0	21	0	12.5	8.5	8.5
empirical	user_msa	Phala.08G200500_Phala.08G200500.1	Phala.08G200500_Phala.08G200500.1	244	244	unique	244	244	244	0.583732057416268	9	419	13.444444444444445	8.525922708111501	1.0	21.0	20.0	3	0.1111111111111111	0.8888888888888888	8.525922708111501	5	0	5	0	14.5	-9.5	-9.5
empirical	user_msa	Phala.08G200500_Phala.08G200500.3	Phala.08G200500_Phala.08G200500.3	244	244	unique	244	244	244	0.583732057416268	9	419	13.444444444444445	8.525922708111501	1.0	21.0	20.0	3	0.1111111111111111	0.8888888888888888	8.525922708111501	5	0	5	0	14.5	-9.5	-9.5
empirical	user_msa	Phala.08G200500_Phala.08G200500.2	Phala.08G200500_Phala.08G200500.2	244	244	unique	244	244	244	0.583732057416268	9	419	13.444444444444445	8.525922708111501	1.0	21.0	20.0	3	0.1111111111111111	0.8888888888888888	8.525922708111501	5	0	5	0	14.5	-9.5	-9.5
empirical	user_msa	HORVU.MOREX.r3.6HG0571560_HORVU.MOREX.r3.6HG0571560.1	HORVU.MOREX.r3.6HG0571560_HORVU.MOREX.r3.6HG0571560.1	244	244	unique	244	244	244	0.583732057416268	9	419	13.444444444444445	8.525922708111501	1.0	21.0	20.0	3	0.1111111111111111	0.8888888888888888	8.525922708111501	21	0	21	0	12.5	8.5	8.5
empirical	user_msa	TraesCS6A03G0381800_TraesCS6A03G0381800.1	TraesCS6A03G0381800_TraesCS6A03G0381800.1	244	244	unique	244	244	244	0.583732057416268	9	419	13.444444444444445	8.525922708111501	1.0	21.0	20.0	3	0.1111111111111111	0.8888888888888888	8.525922708111501	21	0	21	0	12.5	8.5	8.5
empirical	user_msa	Thint.S06G201700_Thint.S06G201700.1	Thint.S06G201700_Thint.S06G201700.1	244	244	unique	244	244	244	0.583732057416268	9	419	13.444444444444445	8.525922708111501	1.0	21.0	20.0	3	0.1111111111111111	0.8888888888888888	8.525922708111501	21	0	21	0	12.5	8.5	8.5
empirical	user_msa	LOC_Os02g07490_LOC_Os02g07490.1	LOC_Os02g07490_LOC_Os02g07490.1	245	245	unique	245	245	245	0.5861244019138756	9	419	31.555555555555557	10.822929477231929	1.0	36.0	35.0	4	0.1111111111111111	0.8888888888888888	10.822929477231929	36	0	36	0	31.0	5.0	5.0
empirical	user_msa	Oropetium_20150105_02675_Oropetium_20150105_02675A	Oropetium_20150105_02675_Oropetium_20150105_02675A	245	245	unique	245	245	245	0.5861244019138756	9	419	31.555555555555557	10.822929477231929	1.0	36.0	35.0	4	0.1111111111111111	0.8888888888888888	10.822929477231929	1	1	1	1	35.375	-34.375	-34.375
empirical	user_msa	ELECO.r07.2AG0102970_ELECO.r07.2AG0102970.1	ELECO.r07.2AG0102970_ELECO.r07.2AG0102970.1	245	245	unique	245	245	245	0.5861244019138756	9	419	31.555555555555557	10.822929477231929	1.0	36.0	35.0	4	0.1111111111111111	0.8888888888888888	10.822929477231929	36	0	36	0	31.0	5.0	5.0
empirical	user_msa	Phala.08G200500_Phala.08G200500.1	Phala.08G200500_Phala.08G200500.1	245	245	unique	245	245	245	0.5861244019138756	9	419	31.555555555555557	10.822929477231929	1.0	36.0	35.0	4	0.1111111111111111	0.8888888888888888	10.822929477231929	35	0	35	0	31.125	3.875	3.875
empirical	user_msa	Phala.08G200500_Phala.08G200500.3	Phala.08G200500_Phala.08G200500.3	245	245	unique	245	245	245	0.5861244019138756	9	419	31.555555555555557	10.822929477231929	1.0	36.0	35.0	4	0.1111111111111111	0.8888888888888888	10.822929477231929	35	0	35	0	31.125	3.875	3.875
empirical	user_msa	Phala.08G200500_Phala.08G200500.2	Phala.08G200500_Phala.08G200500.2	245	245	unique	245	245	245	0.5861244019138756	9	419	31.555555555555557	10.822929477231929	1.0	36.0	35.0	4	0.1111111111111111	0.8888888888888888	10.822929477231929	35	0	35	0	31.125	3.875	3.875
empirical	user_msa	HORVU.MOREX.r3.6HG0571560_HORVU.MOREX.r3.6HG0571560.1	HORVU.MOREX.r3.6HG0571560_HORVU.MOREX.r3.6HG0571560.1	245	245	unique	245	245	245	0.5861244019138756	9	419	31.555555555555557	10.822929477231929	1.0	36.0	35.0	4	0.1111111111111111	0.8888888888888888	10.822929477231929	36	0	36	0	31.0	5.0	5.0
empirical	user_msa	TraesCS6A03G0381800_TraesCS6A03G0381800.1	TraesCS6A03G0381800_TraesCS6A03G0381800.1	245	245	unique	245	245	245	0.5861244019138756	9	419	31.555555555555557	10.822929477231929	1.0	36.0	35.0	4	0.1111111111111111	0.8888888888888888	10.822929477231929	34	0	34	0	31.25	2.75	2.75
empirical	user_msa	Thint.S06G201700_Thint.S06G201700.1	Thint.S06G201700_Thint.S06G201700.1	245	245	unique	245	245	245	0.5861244019138756	9	419	31.555555555555557	10.822929477231929	1.0	36.0	35.0	4	0.1111111111111111	0.8888888888888888	10.822929477231929	36	0	36	0	31.0	5.0	5.0
empirical	user_msa	LOC_Os02g07490_LOC_Os02g07490.1	LOC_Os02g07490_LOC_Os02g07490.1	246	246	unique	246	246	246	0.5885167464114832	9	419	20.666666666666668	14.951774328003868	1.0	34.0	33.0	3	0.1111111111111111	0.8888888888888888	14.951774328003868	34	0	34	0	19.0	15.0	15.0
empirical	user_msa	Oropetium_20150105_02675_Oropetium_20150105_02675A	Oropetium_20150105_02675_Oropetium_20150105_02675A	246	246	unique	246	246	246	0.5885167464114832	9	419	20.666666666666668	14.951774328003868	1.0	34.0	33.0	3	0.1111111111111111	0.8888888888888888	14.951774328003868	1	1	1	1	23.125	-22.125	-22.125
empirical	user_msa	ELECO.r07.2AG0102970_ELECO.r07.2AG0102970.1	ELECO.r07.2AG0102970_ELECO.r07.2AG0102970.1	246	246	unique	246	246	246	0.5885167464114832	9	419	20.666666666666668	14.951774328003868	1.0	34.0	33.0	3	0.1111111111111111	0.8888888888888888	14.951774328003868	34	0	34	0	19.0	15.0	15.0
empirical	user_msa	Phala.08G200500_Phala.08G200500.1	Phala.08G200500_Phala.08G200500.1	246	246	unique	246	246	246	0.5885167464114832	9	419	20.666666666666668	14.951774328003868	1.0	34.0	33.0	3	0.1111111111111111	0.8888888888888888	14.951774328003868	5	0	5	0	22.625	-17.625	-17.625
empirical	user_msa	Phala.08G200500_Phala.08G200500.3	Phala.08G200500_Phala.08G200500.3	246	246	unique	246	246	246	0.5885167464114832	9	419	20.666666666666668	14.951774328003868	1.0	34.0	33.0	3	0.1111111111111111	0.8888888888888888	14.951774328003868	5	0	5	0	22.625	-17.625	-17.625
empirical	user_msa	Phala.08G200500_Phala.08G200500.2	Phala.08G200500_Phala.08G200500.2	246	246	unique	246	246	246	0.5885167464114832	9	419	20.666666666666668	14.951774328003868	1.0	34.0	33.0	3	0.1111111111111111	0.8888888888888888	14.951774328003868	5	0	5	0	22.625	-17.625	-17.625
empirical	user_msa	HORVU.MOREX.r3.6HG0571560_HORVU.MOREX.r3.6HG0571560.1	HORVU.MOREX.r3.6HG0571560_HORVU.MOREX.r3.6HG0571560.1	246	246	unique	246	246	246	0.5885167464114832	9	419	20.666666666666668	14.951774328003868	1.0	34.0	33.0	3	0.1111111111111111	0.8888888888888888	14.951774328003868	34	0	34	0	19.0	15.0	15.0
empirical	user_msa	TraesCS6A03G0381800_TraesCS6A03G0381800.1	TraesCS6A03G0381800_TraesCS6A03G0381800.1	246	246	unique	246	246	246	0.5885167464114832	9	419	20.666666666666668	14.951774328003868	1.0	34.0	33.0	3	0.1111111111111111	0.8888888888888888	14.951774328003868	34	0	34	0	19.0	15.0	15.0
empirical	user_msa	Thint.S06G201700_Thint.S06G201700.1	Thint.S06G201700_Thint.S06G201700.1	246	246	unique	246	246	246	0.5885167464114832	9	419	20.666666666666668	14.951774328003868	1.0	34.0	33.0	3	0.1111111111111111	0.8888888888888888	14.951774328003868	34	0	34	0	19.0	15.0	15.0
empirical	user_msa	LOC_Os02g07490_LOC_Os02g07490.1	LOC_Os02g07490_LOC_Os02g07490.1	247	247	unique	247	247	247	0.5909090909090909	9	419	55.22222222222222	19.17045051216862	1.0	62.0	61.0	2	0.1111111111111111	0.8888888888888888	19.17045051216862	62	0	62	0	54.375	7.625	7.625
empirical	user_msa	Oropetium_20150105_02675_Oropetium_20150105_02675A	Oropetium_20150105_02675_Oropetium_20150105_02675A	247	247	unique	247	247	247	0.5909090909090909	9	419	55.22222222222222	19.17045051216862	1.0	62.0	61.0	2	0.1111111111111111	0.8888888888888888	19.17045051216862	1	1	1	1	62.0	-61.0	-61.0
empirical	user_msa	ELECO.r07.2AG0102970_ELECO.r07.2AG0102970.1	ELECO.r07.2AG0102970_ELECO.r07.2AG0102970.1	247	247	unique	247	247	247	0.5909090909090909	9	419	55.22222222222222	19.17045051216862	1.0	62.0	61.0	2	0.1111111111111111	0.8888888888888888	19.17045051216862	62	0	62	0	54.375	7.625	7.625
empirical	user_msa	Phala.08G200500_Phala.08G200500.1	Phala.08G200500_Phala.08G200500.1	247	247	unique	247	247	247	0.5909090909090909	9	419	55.22222222222222	19.17045051216862	1.0	62.0	61.0	2	0.1111111111111111	0.8888888888888888	19.17045051216862	62	0	62	0	54.375	7.625	7.625
empirical	user_msa	Phala.08G200500_Phala.08G200500.3	Phala.08G200500_Phala.08G200500.3	247	247	unique	247	247	247	0.5909090909090909	9	419	55.22222222222222	19.17045051216862	1.0	62.0	61.0	2	0.1111111111111111	0.8888888888888888	19.17045051216862	62	0	62	0	54.375	7.625	7.625
empirical	user_msa	Phala.08G200500_Phala.08G200500.2	Phala.08G200500_Phala.08G200500.2	247	247	unique	247	247	247	0.5909090909090909	9	419	55.22222222222222	19.17045051216862	1.0	62.0	61.0	2	0.1111111111111111	0.8888888888888888	19.17045051216862	62	0	62	0	54.375	7.625	7.625
empirical	user_msa	HORVU.MOREX.r3.6HG0571560_HORVU.MOREX.r3.6HG0571560.1	HORVU.MOREX.r3.6HG0571560_HORVU.MOREX.r3.6HG0571560.1	247	247	unique	247	247	247	0.5909090909090909	9	419	55.22222222222222	19.17045051216862	1.0	62.0	61.0	2	0.1111111111111111	0.8888888888888888	19.17045051216862	62	0	62	0	54.375	7.625	7.625
empirical	user_msa	TraesCS6A03G0381800_TraesCS6A03G0381800.1	TraesCS6A03G0381800_TraesCS6A03G0381800.1	247	247	unique	247	247	247	0.5909090909090909	9	419	55.22222222222222	19.17045051216862	1.0	62.0	61.0	2	0.1111111111111111	0.8888888888888888	19.17045051216862	62	0	62	0	54.375	7.625	7.625
empirical	user_msa	Thint.S06G201700_Thint.S06G201700.1	Thint.S06G201700_Thint.S06G201700.1	247	247	unique	247	247	247	0.5909090909090909	9	419	55.22222222222222	19.17045051216862	1.0	62.0	61.0	2	0.1111111111111111	0.8888888888888888	19.17045051216862	62	0	62	0	54.375	7.625	7.625
empirical	user_msa	LOC_Os02g07490_LOC_Os02g07490.1	LOC_Os02g07490_LOC_Os02g07490.1	248	248	unique	248	248	248	0.5933014354066986	9	419	38.666666666666664	13.324997394204456	1.0	44.0	43.0	3	0.1111111111111111	0.8888888888888888	13.324997394204456	43	0	43	0	38.125	4.875	4.875
empirical	user_msa	Oropetium_20150105_02675_Oropetium_20150105_02675A	Oropetium_20150105_02675_Oropetium_20150105_02675A	248	248	unique	248	248	248	0.5933014354066986	9	419	38.666666666666664	13.324997394204456	1.0	44.0	43.0	3	0.1111111111111111	0.8888888888888888	13.324997394204456	1	1	1	1	43.375	-42.375	-42.375
empirical	user_msa	ELECO.r07.2AG0102970_ELECO.r07.2AG0102970.1	ELECO.r07.2AG0102970_ELECO.r07.2AG0102970.1	248	248	unique	248	248	248	0.5933014354066986	9	419	38.666666666666664	13.324997394204456	1.0	44.0	43.0	3	0.1111111111111111	0.8888888888888888	13.324997394204456	43	0	43	0	38.125	4.875	4.875
empirical	user_msa	Phala.08G200500_Phala.08G200500.1	Phala.08G200500_Phala.08G200500.1	248	248	unique	248	248	248	0.5933014354066986	9	419	38.666666666666664	13.324997394204456	1.0	44.0	43.0	3	0.1111111111111111	0.8888888888888888	13.324997394204456	44	0	44	0	38.0	6.0	6.0
empirical	user_msa	Phala.08G200500_Phala.08G200500.3	Phala.08G200500_Phala.08G200500.3	248	248	unique	248	248	248	0.5933014354066986	9	419	38.666666666666664	13.324997394204456	1.0	44.0	43.0	3	0.1111111111111111	0.8888888888888888	13.324997394204456	44	0	44	0	38.0	6.0	6.0
empirical	user_msa	Phala.08G200500_Phala.08G200500.2	Phala.08G200500_Phala.08G200500.2	248	248	unique	248	248	248	0.5933014354066986	9	419	38.666666666666664	13.324997394204456	1.0	44.0	43.0	3	0.1111111111111111	0.8888888888888888	13.324997394204456	44	0	44	0	38.0	6.0	6.0
empirical	user_msa	HORVU.MOREX.r3.6HG0571560_HORVU.MOREX.r3.6HG0571560.1	HORVU.MOREX.r3.6HG0571560_HORVU.MOREX.r3.6HG0571560.1	248	248	unique	248	248	248	0.5933014354066986	9	419	38.666666666666664	13.324997394204456	1.0	44.0	43.0	3	0.1111111111111111	0.8888888888888888	13.324997394204456	43	0	43	0	38.125	4.875	4.875
empirical	user_msa	TraesCS6A03G0381800_TraesCS6A03G0381800.1	TraesCS6A03G0381800_TraesCS6A03G0381800.1	248	248	unique	248	248	248	0.5933014354066986	9	419	38.666666666666664	13.324997394204456	1.0	44.0	43.0	3	0.1111111111111111	0.8888888888888888	13.324997394204456	43	0	43	0	38.125	4.875	4.875
empirical	user_msa	Thint.S06G201700_Thint.S06G201700.1	Thint.S06G201700_Thint.S06G201700.1	248	248	unique	248	248	248	0.5933014354066986	9	419	38.666666666666664	13.324997394204456	1.0	44.0	43.0	3	0.1111111111111111	0.8888888888888888	13.324997394204456	43	0	43	0	38.125	4.875	4.875
empirical	user_msa	LOC_Os02g07490_LOC_Os02g07490.1	LOC_Os02g07490_LOC_Os02g07490.1	249	249	unique	249	249	249	0.5956937799043063	9	419	15.222222222222221	5.028314888437672	1.0	17.0	16.0	2	0.1111111111111111	0.8888888888888888	5.028314888437672	17	0	17	0	15.0	2.0	2.0
empirical	user_msa	Oropetium_20150105_02675_Oropetium_20150105_02675A	Oropetium_20150105_02675_Oropetium_20150105_02675A	249	249	unique	249	249	249	0.5956937799043063	9	419	15.222222222222221	5.028314888437672	1.0	17.0	16.0	2	0.1111111111111111	0.8888888888888888	5.028314888437672	1	1	1	1	17.0	-16.0	-16.0
empirical	user_msa	ELECO.r07.2AG0102970_ELECO.r07.2AG0102970.1	ELECO.r07.2AG0102970_ELECO.r07.2AG0102970.1	249	249	unique	249	249	249	0.5956937799043063	9	419	15.222222222222221	5.028314888437672	1.0	17.0	16.0	2	0.1111111111111111	0.8888888888888888	5.028314888437672	17	0	17	0	15.0	2.0	2.0
empirical	user_msa	Phala.08G200500_Phala.08G200500.1	Phala.08G200500_Phala.08G200500.1	249	249	unique	249	249	249	0.5956937799043063	9	419	15.222222222222221	5.028314888437672	1.0	17.0	16.0	2	0.1111111111111111	0.8888888888888888	5.028314888437672	17	0	17	0	15.0	2.0	2.0
empirical	user_msa	Phala.08G200500_Phala.08G200500.3	Phala.08G200500_Phala.08G200500.3	249	249	unique	249	249	249	0.5956937799043063	9	419	15.222222222222221	5.028314888437672	1.0	17.0	16.0	2	0.1111111111111111	0.8888888888888888	5.028314888437672	17	0	17	0	15.0	2.0	2.0
empirical	user_msa	Phala.08G200500_Phala.08G200500.2	Phala.08G200500_Phala.08G200500.2	249	249	unique	249	249	249	0.5956937799043063	9	419	15.222222222222221	5.028314888437672	1.0	17.0	16.0	2	0.1111111111111111	0.8888888888888888	5.028314888437672	17	0	17	0	15.0	2.0	2.0
empirical	user_msa	HORVU.MOREX.r3.6HG0571560_HORVU.MOREX.r3.6HG0571560.1	HORVU.MOREX.r3.6HG0571560_HORVU.MOREX.r3.6HG0571560.1	249	249	unique	249	249	249	0.5956937799043063	9	419	15.222222222222221	5.028314888437672	1.0	17.0	16.0	2	0.1111111111111111	0.8888888888888888	5.028314888437672	17	0	17	0	15.0	2.0	2.0
empirical	user_msa	TraesCS6A03G0381800_TraesCS6A03G0381800.1	TraesCS6A03G0381800_TraesCS6A03G0381800.1	249	249	unique	249	249	249	0.5956937799043063	9	419	15.222222222222221	5.028314888437672	1.0	17.0	16.0	2	0.1111111111111111	0.8888888888888888	5.028314888437672	17	0	17	0	15.0	2.0	2.0
empirical	user_msa	Thint.S06G201700_Thint.S06G201700.1	Thint.S06G201700_Thint.S06G201700.1	249	249	unique	249	249	249	0.5956937799043063	9	419	15.222222222222221	5.028314888437672	1.0	17.0	16.0	2	0.1111111111111111	0.8888888888888888	5.028314888437672	17	0	17	0	15.0	2.0	2.0
empirical	user_msa	LOC_Os02g07490_LOC_Os02g07490.1	LOC_Os02g07490_LOC_Os02g07490.1	250	250	unique	250	250	250	0.5980861244019139	9	419	38.333333333333336	15.084944665313014	1.0	49.0	48.0	3	0.1111111111111111	0.8888888888888888	15.084944665313014	49	0	49	0	37.0	12.0	12.0
empirical	user_msa	Oropetium_20150105_02675_Oropetium_20150105_02675A	Oropetium_20150105_02675_Oropetium_20150105_02675A	250	250	unique	250	250	250	0.5980861244019139	9	419	38.333333333333336	15.084944665313014	1.0	49.0	48.0	3	0.1111111111111111	0.8888888888888888	15.084944665313014	1	1	1	1	43.0	-42.0	-42.0
empirical	user_msa	ELECO.r07.2AG0102970_ELECO.r07.2AG0102970.1	ELECO.r07.2AG0102970_ELECO.r07.2AG0102970.1	250	250	unique	250	250	250	0.5980861244019139	9	419	38.333333333333336	15.084944665313014	1.0	49.0	48.0	3	0.1111111111111111	0.8888888888888888	15.084944665313014	49	0	49	0	37.0	12.0	12.0
empirical	user_msa	Phala.08G200500_Phala.08G200500.1	Phala.08G200500_Phala.08G200500.1	250	250	unique	250	250	250	0.5980861244019139	9	419	38.333333333333336	15.084944665313014	1.0	49.0	48.0	3	0.1111111111111111	0.8888888888888888	15.084944665313014	49	0	49	0	37.0	12.0	12.0
empirical	user_msa	Phala.08G200500_Phala.08G200500.3	Phala.08G200500_Phala.08G200500.3	250	250	unique	250	250	250	0.5980861244019139	9	419	38.333333333333336	15.084944665313014	1.0	49.0	48.0	3	0.1111111111111111	0.8888888888888888	15.084944665313014	49	0	49	0	37.0	12.0	12.0
empirical	user_msa	Phala.08G200500_Phala.08G200500.2	Phala.08G200500_Phala.08G200500.2	250	250	unique	250	250	250	0.5980861244019139	9	419	38.333333333333336	15.084944665313014	1.0	49.0	48.0	3	0.1111111111111111	0.8888888888888888	15.084944665313014	49	0	49	0	37.0	12.0	12.0
empirical	user_msa	HORVU.MOREX.r3.6HG0571560_HORVU.MOREX.r3.6HG0571560.1	HORVU.MOREX.r3.6HG0571560_HORVU.MOREX.r3.6HG0571560.1	250	250	unique	250	250	250	0.5980861244019139	9	419	38.333333333333336	15.084944665313014	1.0	49.0	48.0	3	0.1111111111111111	0.8888888888888888	15.084944665313014	33	0	33	0	39.0	-6.0	-6.0
empirical	user_msa	TraesCS6A03G0381800_TraesCS6A03G0381800.1	TraesCS6A03G0381800_TraesCS6A03G0381800.1	250	250	unique	250	250	250	0.5980861244019139	9	419	38.333333333333336	15.084944665313014	1.0	49.0	48.0	3	0.1111111111111111	0.8888888888888888	15.084944665313014	33	0	33	0	39.0	-6.0	-6.0
empirical	user_msa	Thint.S06G201700_Thint.S06G201700.1	Thint.S06G201700_Thint.S06G201700.1	250	250	unique	250	250	250	0.5980861244019139	9	419	38.333333333333336	15.084944665313014	1.0	49.0	48.0	3	0.1111111111111111	0.8888888888888888	15.084944665313014	33	0	33	0	39.0	-6.0	-6.0
empirical	user_msa	LOC_Os02g07490_LOC_Os02g07490.1	LOC_Os02g07490_LOC_Os02g07490.1	251	251	unique	251	251	251	0.6004784688995215	9	419	31.444444444444443	10.802377424654786	1.0	36.0	35.0	3	0.1111111111111111	0.8888888888888888	10.802377424654786	36	0	36	0	30.875	5.125	5.125
empirical	user_msa	Oropetium_20150105_02675_Oropetium_20150105_02675A	Oropetium_20150105_02675_Oropetium_20150105_02675A	251	251	unique	251	251	251	0.6004784688995215	9	419	31.444444444444443	10.802377424654786	1.0	36.0	35.0	3	0.1111111111111111	0.8888888888888888	10.802377424654786	1	1	1	1	35.25	-34.25	-34.25
empirical	user_msa	ELECO.r07.2AG0102970_ELECO.r07.2AG0102970.1	ELECO.r07.2AG0102970_ELECO.r07.2AG0102970.1	251	251	unique	251	251	251	0.6004784688995215	9	419	31.444444444444443	10.802377424654786	1.0	36.0	35.0	3	0.1111111111111111	0.8888888888888888	10.802377424654786	36	0	36	0	30.875	5.125	5.125
empirical	user_msa	Phala.08G200500_Phala.08G200500.1	Phala.08G200500_Phala.08G200500.1	251	251	unique	251	251	251	0.6004784688995215	9	419	31.444444444444443	10.802377424654786	1.0	36.0	35.0	3	0.1111111111111111	0.8888888888888888	10.802377424654786	36	0	36	0	30.875	5.125	5.125
empirical	user_msa	Phala.08G200500_Phala.08G200500.3	Phala.08G200500_Phala.08G200500.3	251	251	unique	251	251	251	0.6004784688995215	9	419	31.444444444444443	10.802377424654786	1.0	36.0	35.0	3	0.1111111111111111	0.8888888888888888	10.802377424654786	36	0	36	0	30.875	5.125	5.125
empirical	user_msa	Phala.08G200500_Phala.08G200500.2	Phala.08G200500_Phala.08G200500.2	251	251	unique	251	251	251	0.6004784688995215	9	419	31.444444444444443	10.802377424654786	1.0	36.0	35.0	3	0.1111111111111111	0.8888888888888888	10.802377424654786	36	0	36	0	30.875	5.125	5.125
empirical	user_msa	HORVU.MOREX.r3.6HG0571560_HORVU.MOREX.r3.6HG0571560.1	HORVU.MOREX.r3.6HG0571560_HORVU.MOREX.r3.6HG0571560.1	251	251	unique	251	251	251	0.6004784688995215	9	419	31.444444444444443	10.802377424654786	1.0	36.0	35.0	3	0.1111111111111111	0.8888888888888888	10.802377424654786	34	0	34	0	31.125	2.875	2.875
empirical	user_msa	TraesCS6A03G0381800_TraesCS6A03G0381800.1	TraesCS6A03G0381800_TraesCS6A03G0381800.1	251	251	unique	251	251	251	0.6004784688995215	9	419	31.444444444444443	10.802377424654786	1.0	36.0	35.0	3	0.1111111111111111	0.8888888888888888	10.802377424654786	34	0	34	0	31.125	2.875	2.875
empirical	user_msa	Thint.S06G201700_Thint.S06G201700.1	Thint.S06G201700_Thint.S06G201700.1	251	251	unique	251	251	251	0.6004784688995215	9	419	31.444444444444443	10.802377424654786	1.0	36.0	35.0	3	0.1111111111111111	0.8888888888888888	10.802377424654786	34	0	34	0	31.125	2.875	2.875
empirical	user_msa	LOC_Os02g07490_LOC_Os02g07490.1	LOC_Os02g07490_LOC_Os02g07490.1	252	252	unique	252	252	252	0.6028708133971292	9	419	40.111111111111114	13.827865943203594	1.0	45.0	44.0	2	0.1111111111111111	0.8888888888888888	13.827865943203594	45	0	45	0	39.5	5.5	5.5
empirical	user_msa	Oropetium_20150105_02675_Oropetium_20150105_02675A	Oropetium_20150105_02675_Oropetium_20150105_02675A	252	252	unique	252	252	252	0.6028708133971292	9	419	40.111111111111114	13.827865943203594	1.0	45.0	44.0	2	0.1111111111111111	0.8888888888888888	13.827865943203594	1	1	1	1	45.0	-44.0	-44.0
empirical	user_msa	ELECO.r07.2AG0102970_ELECO.r07.2AG0102970.1	ELECO.r07.2AG0102970_ELECO.r07.2AG0102970.1	252	252	unique	252	252	252	0.6028708133971292	9	419	40.111111111111114	13.827865943203594	1.0	45.0	44.0	2	0.1111111111111111	0.8888888888888888	13.827865943203594	45	0	45	0	39.5	5.5	5.5
empirical	user_msa	Phala.08G200500_Phala.08G200500.1	Phala.08G200500_Phala.08G200500.1	252	252	unique	252	252	252	0.6028708133971292	9	419	40.111111111111114	13.827865943203594	1.0	45.0	44.0	2	0.1111111111111111	0.8888888888888888	13.827865943203594	45	0	45	0	39.5	5.5	5.5
empirical	user_msa	Phala.08G200500_Phala.08G200500.3	Phala.08G200500_Phala.08G200500.3	252	252	unique	252	252	252	0.6028708133971292	9	419	40.111111111111114	13.827865943203594	1.0	45.0	44.0	2	0.1111111111111111	0.8888888888888888	13.827865943203594	45	0	45	0	39.5	5.5	5.5
empirical	user_msa	Phala.08G200500_Phala.08G200500.2	Phala.08G200500_Phala.08G200500.2	252	252	unique	252	252	252	0.6028708133971292	9	419	40.111111111111114	13.827865943203594	1.0	45.0	44.0	2	0.1111111111111111	0.8888888888888888	13.827865943203594	45	0	45	0	39.5	5.5	5.5
empirical	user_msa	HORVU.MOREX.r3.6HG0571560_HORVU.MOREX.r3.6HG0571560.1	HORVU.MOREX.r3.6HG0571560_HORVU.MOREX.r3.6HG0571560.1	252	252	unique	252	252	252	0.6028708133971292	9	419	40.111111111111114	13.827865943203594	1.0	45.0	44.0	2	0.1111111111111111	0.8888888888888888	13.827865943203594	45	0	45	0	39.5	5.5	5.5
empirical	user_msa	TraesCS6A03G0381800_TraesCS6A03G0381800.1	TraesCS6A03G0381800_TraesCS6A03G0381800.1	252	252	unique	252	252	252	0.6028708133971292	9	419	40.111111111111114	13.827865943203594	1.0	45.0	44.0	2	0.1111111111111111	0.8888888888888888	13.827865943203594	45	0	45	0	39.5	5.5	5.5
empirical	user_msa	Thint.S06G201700_Thint.S06G201700.1	Thint.S06G201700_Thint.S06G201700.1	252	252	unique	252	252	252	0.6028708133971292	9	419	40.111111111111114	13.827865943203594	1.0	45.0	44.0	2	0.1111111111111111	0.8888888888888888	13.827865943203594	45	0	45	0	39.5	5.5	5.5
empirical	user_msa	LOC_Os02g07490_LOC_Os02g07490.1	LOC_Os02g07490_LOC_Os02g07490.1	253	253	unique	253	253	253	0.6052631578947368	9	419	27.555555555555557	9.429399781900944	1.0	32.0	31.0	4	0.1111111111111111	0.8888888888888888	9.429399781900944	31	0	31	0	27.125	3.875	3.875
empirical	user_msa	Oropetium_20150105_02675_Oropetium_20150105_02675A	Oropetium_20150105_02675_Oropetium_20150105_02675A	253	253	unique	253	253	253	0.6052631578947368	9	419	27.555555555555557	9.429399781900944	1.0	32.0	31.0	4	0.1111111111111111	0.8888888888888888	9.429399781900944	1	1	1	1	30.875	-29.875	-29.875
empirical	user_msa	ELECO.r07.2AG0102970_ELECO.r07.2AG0102970.1	ELECO.r07.2AG0102970_ELECO.r07.2AG0102970.1	253	253	unique	253	253	253	0.6052631578947368	9	419	27.555555555555557	9.429399781900944	1.0	32.0	31.0	4	0.1111111111111111	0.8888888888888888	9.429399781900944	30	0	30	0	27.25	2.75	2.75
empirical	user_msa	Phala.08G200500_Phala.08G200500.1	Phala.08G200500_Phala.08G200500.1	253	253	unique	253	253	253	0.6052631578947368	9	419	27.555555555555557	9.429399781900944	1.0	32.0	31.0	4	0.1111111111111111	0.8888888888888888	9.429399781900944	32	0	32	0	27.0	5.0	5.0
empirical	user_msa	Phala.08G200500_Phala.08G200500.3	Phala.08G200500_Phala.08G200500.3	253	253	unique	253	253	253	0.6052631578947368	9	419	27.555555555555557	9.429399781900944	1.0	32.0	31.0	4	0.1111111111111111	0.8888888888888888	9.429399781900944	32	0	32	0	27.0	5.0	5.0
empirical	user_msa	Phala.08G200500_Phala.08G200500.2	Phala.08G200500_Phala.08G200500.2	253	253	unique	253	253	253	0.6052631578947368	9	419	27.555555555555557	9.429399781900944	1.0	32.0	31.0	4	0.1111111111111111	0.8888888888888888	9.429399781900944	32	0	32	0	27.0	5.0	5.0
empirical	user_msa	HORVU.MOREX.r3.6HG0571560_HORVU.MOREX.r3.6HG0571560.1	HORVU.MOREX.r3.6HG0571560_HORVU.MOREX.r3.6HG0571560.1	253	253	unique	253	253	253	0.6052631578947368	9	419	27.555555555555557	9.429399781900944	1.0	32.0	31.0	4	0.1111111111111111	0.8888888888888888	9.429399781900944	30	0	30	0	27.25	2.75	2.75
empirical	user_msa	TraesCS6A03G0381800_TraesCS6A03G0381800.1	TraesCS6A03G0381800_TraesCS6A03G0381800.1	253	253	unique	253	253	253	0.6052631578947368	9	419	27.555555555555557	9.429399781900944	1.0	32.0	31.0	4	0.1111111111111111	0.8888888888888888	9.429399781900944	30	0	30	0	27.25	2.75	2.75
empirical	user_msa	Thint.S06G201700_Thint.S06G201700.1	Thint.S06G201700_Thint.S06G201700.1	253	253	unique	253	253	253	0.6052631578947368	9	419	27.555555555555557	9.429399781900944	1.0	32.0	31.0	4	0.1111111111111111	0.8888888888888888	9.429399781900944	30	0	30	0	27.25	2.75	2.75
empirical	user_msa	LOC_Os02g07490_LOC_Os02g07490.1	LOC_Os02g07490_LOC_Os02g07490.1	254	254	unique	254	254	254	0.6076555023923444	9	419	14.333333333333334	4.714045207910317	1.0	16.0	15.0	2	0.1111111111111111	0.8888888888888888	4.714045207910317	16	0	16	0	14.125	1.875	1.875
empirical	user_msa	Oropetium_20150105_02675_Oropetium_20150105_02675A	Oropetium_20150105_02675_Oropetium_20150105_02675A	254	254	unique	254	254	254	0.6076555023923444	9	419	14.333333333333334	4.714045207910317	1.0	16.0	15.0	2	0.1111111111111111	0.8888888888888888	4.714045207910317	1	1	1	1	16.0	-15.0	-15.0
empirical	user_msa	ELECO.r07.2AG0102970_ELECO.r07.2AG0102970.1	ELECO.r07.2AG0102970_ELECO.r07.2AG0102970.1	254	254	unique	254	254	254	0.6076555023923444	9	419	14.333333333333334	4.714045207910317	1.0	16.0	15.0	2	0.1111111111111111	0.8888888888888888	4.714045207910317	16	0	16	0	14.125	1.875	1.875
empirical	user_msa	Phala.08G200500_Phala.08G200500.1	Phala.08G200500_Phala.08G200500.1	254	254	unique	254	254	254	0.6076555023923444	9	419	14.333333333333334	4.714045207910317	1.0	16.0	15.0	2	0.1111111111111111	0.8888888888888888	4.714045207910317	16	0	16	0	14.125	1.875	1.875
empirical	user_msa	Phala.08G200500_Phala.08G200500.3	Phala.08G200500_Phala.08G200500.3	254	254	unique	254	254	254	0.6076555023923444	9	419	14.333333333333334	4.714045207910317	1.0	16.0	15.0	2	0.1111111111111111	0.8888888888888888	4.714045207910317	16	0	16	0	14.125	1.875	1.875
empirical	user_msa	Phala.08G200500_Phala.08G200500.2	Phala.08G200500_Phala.08G200500.2	254	254	unique	254	254	254	0.6076555023923444	9	419	14.333333333333334	4.714045207910317	1.0	16.0	15.0	2	0.1111111111111111	0.8888888888888888	4.714045207910317	16	0	16	0	14.125	1.875	1.875
empirical	user_msa	HORVU.MOREX.r3.6HG0571560_HORVU.MOREX.r3.6HG0571560.1	HORVU.MOREX.r3.6HG0571560_HORVU.MOREX.r3.6HG0571560.1	254	254	unique	254	254	254	0.6076555023923444	9	419	14.333333333333334	4.714045207910317	1.0	16.0	15.0	2	0.1111111111111111	0.8888888888888888	4.714045207910317	16	0	16	0	14.125	1.875	1.875
empirical	user_msa	TraesCS6A03G0381800_TraesCS6A03G0381800.1	TraesCS6A03G0381800_TraesCS6A03G0381800.1	254	254	unique	254	254	254	0.6076555023923444	9	419	14.333333333333334	4.714045207910317	1.0	16.0	15.0	2	0.1111111111111111	0.8888888888888888	4.714045207910317	16	0	16	0	14.125	1.875	1.875
empirical	user_msa	Thint.S06G201700_Thint.S06G201700.1	Thint.S06G201700_Thint.S06G201700.1	254	254	unique	254	254	254	0.6076555023923444	9	419	14.333333333333334	4.714045207910317	1.0	16.0	15.0	2	0.1111111111111111	0.8888888888888888	4.714045207910317	16	0	16	0	14.125	1.875	1.875
empirical	user_msa	LOC_Os02g07490_LOC_Os02g07490.1	LOC_Os02g07490_LOC_Os02g07490.1	255	255	unique	255	255	255	0.6100478468899522	9	419	6.666666666666667	2.4037008503093262	1.0	9.0	8.0	4	0.1111111111111111	0.8888888888888888	2.4037008503093262	6	0	6	0	6.75	-0.75	-0.75
empirical	user_msa	Oropetium_20150105_02675_Oropetium_20150105_02675A	Oropetium_20150105_02675_Oropetium_20150105_02675A	255	255	unique	255	255	255	0.6100478468899522	9	419	6.666666666666667	2.4037008503093262	1.0	9.0	8.0	4	0.1111111111111111	0.8888888888888888	2.4037008503093262	1	1	1	1	7.375	-6.375	-6.375
empirical	user_msa	ELECO.r07.2AG0102970_ELECO.r07.2AG0102970.1	ELECO.r07.2AG0102970_ELECO.r07.2AG0102970.1	255	255	unique	255	255	255	0.6100478468899522	9	419	6.666666666666667	2.4037008503093262	1.0	9.0	8.0	4	0.1111111111111111	0.8888888888888888	2.4037008503093262	8	0	8	0	6.5	1.5	1.5
empirical	user_msa	Phala.08G200500_Phala.08G200500.1	Phala.08G200500_Phala.08G200500.1	255	255	unique	255	255	255	0.6100478468899522	9	419	6.666666666666667	2.4037008503093262	1.0	9.0	8.0	4	0.1111111111111111	0.8888888888888888	2.4037008503093262	9	0	9	0	6.375	2.625	2.625
empirical	user_msa	Phala.08G200500_Phala.08G200500.3	Phala.08G200500_Phala.08G200500.3	255	255	unique	255	255	255	0.6100478468899522	9	419	6.666666666666667	2.4037008503093262	1.0	9.0	8.0	4	0.1111111111111111	0.8888888888888888	2.4037008503093262	9	0	9	0	6.375	2.625	2.625
empirical	user_msa	Phala.08G200500_Phala.08G200500.2	Phala.08G200500_Phala.08G200500.2	255	255	unique	255	255	255	0.6100478468899522	9	419	6.666666666666667	2.4037008503093262	1.0	9.0	8.0	4	0.1111111111111111	0.8888888888888888	2.4037008503093262	9	0	9	0	6.375	2.625	2.625
empirical	user_msa	HORVU.MOREX.r3.6HG0571560_HORVU.MOREX.r3.6HG0571560.1	HORVU.MOREX.r3.6HG0571560_HORVU.MOREX.r3.6HG0571560.1	255	255	unique	255	255	255	0.6100478468899522	9	419	6.666666666666667	2.4037008503093262	1.0	9.0	8.0	4	0.1111111111111111	0.8888888888888888	2.4037008503093262	6	0	6	0	6.75	-0.75	-0.75
empirical	user_msa	TraesCS6A03G0381800_TraesCS6A03G0381800.1	TraesCS6A03G0381800_TraesCS6A03G0381800.1	255	255	unique	255	255	255	0.6100478468899522	9	419	6.666666666666667	2.4037008503093262	1.0	9.0	8.0	4	0.1111111111111111	0.8888888888888888	2.4037008503093262	6	0	6	0	6.75	-0.75	-0.75
empirical	user_msa	Thint.S06G201700_Thint.S06G201700.1	Thint.S06G201700_Thint.S06G201700.1	255	255	unique	255	255	255	0.6100478468899522	9	419	6.666666666666667	2.4037008503093262	1.0	9.0	8.0	4	0.1111111111111111	0.8888888888888888	2.4037008503093262	6	0	6	0	6.75	-0.75	-0.75
empirical	user_msa	LOC_Os02g07490_LOC_Os02g07490.1	LOC_Os02g07490_LOC_Os02g07490.1	256	256	unique	256	256	256	0.6124401913875598	9	419	7.777777777777778	2.4393887111222385	1.0	9.0	8.0	3	0.1111111111111111	0.8888888888888888	2.4393887111222385	9	0	9	0	7.625	1.375	1.375
empirical	user_msa	Oropetium_20150105_02675_Oropetium_20150105_02675A	Oropetium_20150105_02675_Oropetium_20150105_02675A	256	256	unique	256	256	256	0.6124401913875598	9	419	7.777777777777778	2.4393887111222385	1.0	9.0	8.0	3	0.1111111111111111	0.8888888888888888	2.4393887111222385	1	1	1	1	8.625	-7.625	-7.625
empirical	user_msa	ELECO.r07.2AG0102970_ELECO.r07.2AG0102970.1	ELECO.r07.2AG0102970_ELECO.r07.2AG0102970.1	256	256	unique	256	256	256	0.6124401913875598	9	419	7.777777777777778	2.4393887111222385	1.0	9.0	8.0	3	0.1111111111111111	0.8888888888888888	2.4393887111222385	9	0	9	0	7.625	1.375	1.375
empirical	user_msa	Phala.08G200500_Phala.08G200500.1	Phala.08G200500_Phala.08G200500.1	256	256	unique	256	256	256	0.6124401913875598	9	419	7.777777777777778	2.4393887111222385	1.0	9.0	8.0	3	0.1111111111111111	0.8888888888888888	2.4393887111222385	8	0	8	0	7.75	0.25	0.25
empirical	user_msa	Phala.08G200500_Phala.08G200500.3	Phala.08G200500_Phala.08G200500.3	256	256	unique	256	256	256	0.6124401913875598	9	419	7.777777777777778	2.4393887111222385	1.0	9.0	8.0	3	0.1111111111111111	0.8888888888888888	2.4393887111222385	8	0	8	0	7.75	0.25	0.25
empirical	user_msa	Phala.08G200500_Phala.08G200500.2	Phala.08G200500_Phala.08G200500.2	256	256	unique	256	256	256	0.6124401913875598	9	419	7.777777777777778	2.4393887111222385	1.0	9.0	8.0	3	0.1111111111111111	0.8888888888888888	2.4393887111222385	8	0	8	0	7.75	0.25	0.25
empirical	user_msa	HORVU.MOREX.r3.6HG0571560_HORVU.MOREX.r3.6HG0571560.1	HORVU.MOREX.r3.6HG0571560_HORVU.MOREX.r3.6HG0571560.1	256	256	unique	256	256	256	0.6124401913875598	9	419	7.777777777777778	2.4393887111222385	1.0	9.0	8.0	3	0.1111111111111111	0.8888888888888888	2.4393887111222385	9	0	9	0	7.625	1.375	1.375
empirical	user_msa	TraesCS6A03G0381800_TraesCS6A03G0381800.1	TraesCS6A03G0381800_TraesCS6A03G0381800.1	256	256	unique	256	256	256	0.6124401913875598	9	419	7.777777777777778	2.4393887111222385	1.0	9.0	8.0	3	0.1111111111111111	0.8888888888888888	2.4393887111222385	9	0	9	0	7.625	1.375	1.375
empirical	user_msa	Thint.S06G201700_Thint.S06G201700.1	Thint.S06G201700_Thint.S06G201700.1	256	256	unique	256	256	256	0.6124401913875598	9	419	7.777777777777778	2.4393887111222385	1.0	9.0	8.0	3	0.1111111111111111	0.8888888888888888	2.4393887111222385	9	0	9	0	7.625	1.375	1.375
empirical	user_msa	LOC_Os02g07490_LOC_Os02g07490.1	LOC_Os02g07490_LOC_Os02g07490.1	257	257	unique	257	257	257	0.6148325358851675	9	419	43.666666666666664	15.084944665313014	1.0	49.0	48.0	2	0.1111111111111111	0.8888888888888888	15.084944665313014	49	0	49	0	43.0	6.0	6.0
empirical	user_msa	Oropetium_20150105_02675_Oropetium_20150105_02675A	Oropetium_20150105_02675_Oropetium_20150105_02675A	257	257	unique	257	257	257	0.6148325358851675	9	419	43.666666666666664	15.084944665313014	1.0	49.0	48.0	2	0.1111111111111111	0.8888888888888888	15.084944665313014	1	1	1	1	49.0	-48.0	-48.0
empirical	user_msa	ELECO.r07.2AG0102970_ELECO.r07.2AG0102970.1	ELECO.r07.2AG0102970_ELECO.r07.2AG0102970.1	257	257	unique	257	257	257	0.6148325358851675	9	419	43.666666666666664	15.084944665313014	1.0	49.0	48.0	2	0.1111111111111111	0.8888888888888888	15.084944665313014	49	0	49	0	43.0	6.0	6.0
empirical	user_msa	Phala.08G200500_Phala.08G200500.1	Phala.08G200500_Phala.08G200500.1	257	257	unique	257	257	257	0.6148325358851675	9	419	43.666666666666664	15.084944665313014	1.0	49.0	48.0	2	0.1111111111111111	0.8888888888888888	15.084944665313014	49	0	49	0	43.0	6.0	6.0
empirical	user_msa	Phala.08G200500_Phala.08G200500.3	Phala.08G200500_Phala.08G200500.3	257	257	unique	257	257	257	0.6148325358851675	9	419	43.666666666666664	15.084944665313014	1.0	49.0	48.0	2	0.1111111111111111	0.8888888888888888	15.084944665313014	49	0	49	0	43.0	6.0	6.0
empirical	user_msa	Phala.08G200500_Phala.08G200500.2	Phala.08G200500_Phala.08G200500.2	257	257	unique	257	257	257	0.6148325358851675	9	419	43.666666666666664	15.084944665313014	1.0	49.0	48.0	2	0.1111111111111111	0.8888888888888888	15.084944665313014	49	0	49	0	43.0	6.0	6.0
empirical	user_msa	HORVU.MOREX.r3.6HG0571560_HORVU.MOREX.r3.6HG0571560.1	HORVU.MOREX.r3.6HG0571560_HORVU.MOREX.r3.6HG0571560.1	257	257	unique	257	257	257	0.6148325358851675	9	419	43.666666666666664	15.084944665313014	1.0	49.0	48.0	2	0.1111111111111111	0.8888888888888888	15.084944665313014	49	0	49	0	43.0	6.0	6.0
empirical	user_msa	TraesCS6A03G0381800_TraesCS6A03G0381800.1	TraesCS6A03G0381800_TraesCS6A03G0381800.1	257	257	unique	257	257	257	0.6148325358851675	9	419	43.666666666666664	15.084944665313014	1.0	49.0	48.0	2	0.1111111111111111	0.8888888888888888	15.084944665313014	49	0	49	0	43.0	6.0	6.0
empirical	user_msa	Thint.S06G201700_Thint.S06G201700.1	Thint.S06G201700_Thint.S06G201700.1	257	257	unique	257	257	257	0.6148325358851675	9	419	43.666666666666664	15.084944665313014	1.0	49.0	48.0	2	0.1111111111111111	0.8888888888888888	15.084944665313014	49	0	49	0	43.0	6.0	6.0
empirical	user_msa	LOC_Os02g07490_LOC_Os02g07490.1	LOC_Os02g07490_LOC_Os02g07490.1	258	258	unique	258	258	258	0.6172248803827751	9	419	18.11111111111111	6.118177732416091	1.0	21.0	20.0	3	0.1111111111111111	0.8888888888888888	6.118177732416091	21	0	21	0	17.75	3.25	3.25
empirical	user_msa	Oropetium_20150105_02675_Oropetium_20150105_02675A	Oropetium_20150105_02675_Oropetium_20150105_02675A	258	258	unique	258	258	258	0.6172248803827751	9	419	18.11111111111111	6.118177732416091	1.0	21.0	20.0	3	0.1111111111111111	0.8888888888888888	6.118177732416091	1	1	1	1	20.25	-19.25	-19.25
empirical	user_msa	ELECO.r07.2AG0102970_ELECO.r07.2AG0102970.1	ELECO.r07.2AG0102970_ELECO.r07.2AG0102970.1	258	258	unique	258	258	258	0.6172248803827751	9	419	18.11111111111111	6.118177732416091	1.0	21.0	20.0	3	0.1111111111111111	0.8888888888888888	6.118177732416091	21	0	21	0	17.75	3.25	3.25
empirical	user_msa	Phala.08G200500_Phala.08G200500.1	Phala.08G200500_Phala.08G200500.1	258	258	unique	258	258	258	0.6172248803827751	9	419	18.11111111111111	6.118177732416091	1.0	21.0	20.0	3	0.1111111111111111	0.8888888888888888	6.118177732416091	21	0	21	0	17.75	3.25	3.25
empirical	user_msa	Phala.08G200500_Phala.08G200500.3	Phala.08G200500_Phala.08G200500.3	258	258	unique	258	258	258	0.6172248803827751	9	419	18.11111111111111	6.118177732416091	1.0	21.0	20.0	3	0.1111111111111111	0.8888888888888888	6.118177732416091	21	0	21	0	17.75	3.25	3.25
empirical	user_msa	Phala.08G200500_Phala.08G200500.2	Phala.08G200500_Phala.08G200500.2	258	258	unique	258	258	258	0.6172248803827751	9	419	18.11111111111111	6.118177732416091	1.0	21.0	20.0	3	0.1111111111111111	0.8888888888888888	6.118177732416091	21	0	21	0	17.75	3.25	3.25
empirical	user_msa	HORVU.MOREX.r3.6HG0571560_HORVU.MOREX.r3.6HG0571560.1	HORVU.MOREX.r3.6HG0571560_HORVU.MOREX.r3.6HG0571560.1	258	258	unique	258	258	258	0.6172248803827751	9	419	18.11111111111111	6.118177732416091	1.0	21.0	20.0	3	0.1111111111111111	0.8888888888888888	6.118177732416091	19	0	19	0	18.0	1.0	1.0
empirical	user_msa	TraesCS6A03G0381800_TraesCS6A03G0381800.1	TraesCS6A03G0381800_TraesCS6A03G0381800.1	258	258	unique	258	258	258	0.6172248803827751	9	419	18.11111111111111	6.118177732416091	1.0	21.0	20.0	3	0.1111111111111111	0.8888888888888888	6.118177732416091	19	0	19	0	18.0	1.0	1.0
empirical	user_msa	Thint.S06G201700_Thint.S06G201700.1	Thint.S06G201700_Thint.S06G201700.1	258	258	unique	258	258	258	0.6172248803827751	9	419	18.11111111111111	6.118177732416091	1.0	21.0	20.0	3	0.1111111111111111	0.8888888888888888	6.118177732416091	19	0	19	0	18.0	1.0	1.0
empirical	user_msa	LOC_Os02g07490_LOC_Os02g07490.1	LOC_Os02g07490_LOC_Os02g07490.1	259	259	unique	259	259	259	0.6196172248803827	9	419	34.44444444444444	11.833202920512464	1.0	39.0	38.0	3	0.1111111111111111	0.8888888888888888	11.833202920512464	39	0	39	0	33.875	5.125	5.125
empirical	user_msa	Oropetium_20150105_02675_Oropetium_20150105_02675A	Oropetium_20150105_02675_Oropetium_20150105_02675A	259	259	unique	259	259	259	0.6196172248803827	9	419	34.44444444444444	11.833202920512464	1.0	39.0	38.0	3	0.1111111111111111	0.8888888888888888	11.833202920512464	1	1	1	1	38.625	-37.625	-37.625
empirical	user_msa	ELECO.r07.2AG0102970_ELECO.r07.2AG0102970.1	ELECO.r07.2AG0102970_ELECO.r07.2AG0102970.1	259	259	unique	259	259	259	0.6196172248803827	9	419	34.44444444444444	11.833202920512464	1.0	39.0	38.0	3	0.1111111111111111	0.8888888888888888	11.833202920512464	38	0	38	0	34.0	4.0	4.0
empirical	user_msa	Phala.08G200500_Phala.08G200500.1	Phala.08G200500_Phala.08G200500.1	259	259	unique	259	259	259	0.6196172248803827	9	419	34.44444444444444	11.833202920512464	1.0	39.0	38.0	3	0.1111111111111111	0.8888888888888888	11.833202920512464	39	0	39	0	33.875	5.125	5.125
empirical	user_msa	Phala.08G200500_Phala.08G200500.3	Phala.08G200500_Phala.08G200500.3	259	259	unique	259	259	259	0.6196172248803827	9	419	34.44444444444444	11.833202920512464	1.0	39.0	38.0	3	0.1111111111111111	0.8888888888888888	11.833202920512464	39	0	39	0	33.875	5.125	5.125
empirical	user_msa	Phala.08G200500_Phala.08G200500.2	Phala.08G200500_Phala.08G200500.2	259	259	unique	259	259	259	0.6196172248803827	9	419	34.44444444444444	11.833202920512464	1.0	39.0	38.0	3	0.1111111111111111	0.8888888888888888	11.833202920512464	39	0	39	0	33.875	5.125	5.125
empirical	user_msa	HORVU.MOREX.r3.6HG0571560_HORVU.MOREX.r3.6HG0571560.1	HORVU.MOREX.r3.6HG0571560_HORVU.MOREX.r3.6HG0571560.1	259	259	unique	259	259	259	0.6196172248803827	9	419	34.44444444444444	11.833202920512464	1.0	39.0	38.0	3	0.1111111111111111	0.8888888888888888	11.833202920512464	38	0	38	0	34.0	4.0	4.0
empirical	user_msa	TraesCS6A03G0381800_TraesCS6A03G0381800.1	TraesCS6A03G0381800_TraesCS6A03G0381800.1	259	259	unique	259	259	259	0.6196172248803827	9	419	34.44444444444444	11.833202920512464	1.0	39.0	38.0	3	0.1111111111111111	0.8888888888888888	11.833202920512464	39	0	39	0	33.875	5.125	5.125
empirical	user_msa	Thint.S06G201700_Thint.S06G201700.1	Thint.S06G201700_Thint.S06G201700.1	259	259	unique	259	259	259	0.6196172248803827	9	419	34.44444444444444	11.833202920512464	1.0	39.0	38.0	3	0.1111111111111111	0.8888888888888888	11.833202920512464	38	0	38	0	34.0	4.0	4.0
empirical	user_msa	LOC_Os02g07490_LOC_Os02g07490.1	LOC_Os02g07490_LOC_Os02g07490.1	260	260	unique	260	260	260	0.6220095693779905	9	419	8.444444444444445	4.878777422244477	1.0	15.0	14.0	3	0.1111111111111111	0.8888888888888888	4.878777422244477	6	0	6	0	8.75	-2.75	-2.75
empirical	user_msa	Oropetium_20150105_02675_Oropetium_20150105_02675A	Oropetium_20150105_02675_Oropetium_20150105_02675A	260	260	unique	260	260	260	0.6220095693779905	9	419	8.444444444444445	4.878777422244477	1.0	15.0	14.0	3	0.1111111111111111	0.8888888888888888	4.878777422244477	1	1	1	1	9.375	-8.375	-8.375
empirical	user_msa	ELECO.r07.2AG0102970_ELECO.r07.2AG0102970.1	ELECO.r07.2AG0102970_ELECO.r07.2AG0102970.1	260	260	unique	260	260	260	0.6220095693779905	9	419	8.444444444444445	4.878777422244477	1.0	15.0	14.0	3	0.1111111111111111	0.8888888888888888	4.878777422244477	6	0	6	0	8.75	-2.75	-2.75
empirical	user_msa	Phala.08G200500_Phala.08G200500.1	Phala.08G200500_Phala.08G200500.1	260	260	unique	260	260	260	0.6220095693779905	9	419	8.444444444444445	4.878777422244477	1.0	15.0	14.0	3	0.1111111111111111	0.8888888888888888	4.878777422244477	15	0	15	0	7.625	7.375	7.375
empirical	user_msa	Phala.08G200500_Phala.08G200500.3	Phala.08G200500_Phala.08G200500.3	260	260	unique	260	260	260	0.6220095693779905	9	419	8.444444444444445	4.878777422244477	1.0	15.0	14.0	3	0.1111111111111111	0.8888888888888888	4.878777422244477	15	0	15	0	7.625	7.375	7.375
empirical	user_msa	Phala.08G200500_Phala.08G200500.2	Phala.08G200500_Phala.08G200500.2	260	260	unique	260	260	260	0.6220095693779905	9	419	8.444444444444445	4.878777422244477	1.0	15.0	14.0	3	0.1111111111111111	0.8888888888888888	4.878777422244477	15	0	15	0	7.625	7.375	7.375
empirical	user_msa	HORVU.MOREX.r3.6HG0571560_HORVU.MOREX.r3.6HG0571560.1	HORVU.MOREX.r3.6HG0571560_HORVU.MOREX.r3.6HG0571560.1	260	260	unique	260	260	260	0.6220095693779905	9	419	8.444444444444445	4.878777422244477	1.0	15.0	14.0	3	0.1111111111111111	0.8888888888888888	4.878777422244477	6	0	6	0	8.75	-2.75	-2.75
empirical	user_msa	TraesCS6A03G0381800_TraesCS6A03G0381800.1	TraesCS6A03G0381800_TraesCS6A03G0381800.1	260	260	unique	260	260	260	0.6220095693779905	9	419	8.444444444444445	4.878777422244477	1.0	15.0	14.0	3	0.1111111111111111	0.8888888888888888	4.878777422244477	6	0	6	0	8.75	-2.75	-2.75
empirical	user_msa	Thint.S06G201700_Thint.S06G201700.1	Thint.S06G201700_Thint.S06G201700.1	260	260	unique	260	260	260	0.6220095693779905	9	419	8.444444444444445	4.878777422244477	1.0	15.0	14.0	3	0.1111111111111111	0.8888888888888888	4.878777422244477	6	0	6	0	8.75	-2.75	-2.75
empirical	user_msa	LOC_Os02g07490_LOC_Os02g07490.1	LOC_Os02g07490_LOC_Os02g07490.1	261	261	unique	261	261	261	0.6244019138755981	9	419	6.333333333333333	0.9428090415820634	6.0	9.0	3.0	2	0.0	1.0	0.9428090415820634	6	0	6	0	6.375	-0.375	-0.375
empirical	user_msa	Oropetium_20150105_02675_Oropetium_20150105_02675A	Oropetium_20150105_02675_Oropetium_20150105_02675A	261	261	unique	261	261	261	0.6244019138755981	9	419	6.333333333333333	0.9428090415820634	6.0	9.0	3.0	2	0.0	1.0	0.9428090415820634	9	0	9	0	6.0	3.0	3.0
empirical	user_msa	ELECO.r07.2AG0102970_ELECO.r07.2AG0102970.1	ELECO.r07.2AG0102970_ELECO.r07.2AG0102970.1	261	261	unique	261	261	261	0.6244019138755981	9	419	6.333333333333333	0.9428090415820634	6.0	9.0	3.0	2	0.0	1.0	0.9428090415820634	6	0	6	0	6.375	-0.375	-0.375
empirical	user_msa	Phala.08G200500_Phala.08G200500.1	Phala.08G200500_Phala.08G200500.1	261	261	unique	261	261	261	0.6244019138755981	9	419	6.333333333333333	0.9428090415820634	6.0	9.0	3.0	2	0.0	1.0	0.9428090415820634	6	0	6	0	6.375	-0.375	-0.375
empirical	user_msa	Phala.08G200500_Phala.08G200500.3	Phala.08G200500_Phala.08G200500.3	261	261	unique	261	261	261	0.6244019138755981	9	419	6.333333333333333	0.9428090415820634	6.0	9.0	3.0	2	0.0	1.0	0.9428090415820634	6	0	6	0	6.375	-0.375	-0.375
empirical	user_msa	Phala.08G200500_Phala.08G200500.2	Phala.08G200500_Phala.08G200500.2	261	261	unique	261	261	261	0.6244019138755981	9	419	6.333333333333333	0.9428090415820634	6.0	9.0	3.0	2	0.0	1.0	0.9428090415820634	6	0	6	0	6.375	-0.375	-0.375
empirical	user_msa	HORVU.MOREX.r3.6HG0571560_HORVU.MOREX.r3.6HG0571560.1	HORVU.MOREX.r3.6HG0571560_HORVU.MOREX.r3.6HG0571560.1	261	261	unique	261	261	261	0.6244019138755981	9	419	6.333333333333333	0.9428090415820634	6.0	9.0	3.0	2	0.0	1.0	0.9428090415820634	6	0	6	0	6.375	-0.375	-0.375
empirical	user_msa	TraesCS6A03G0381800_TraesCS6A03G0381800.1	TraesCS6A03G0381800_TraesCS6A03G0381800.1	261	261	unique	261	261	261	0.6244019138755981	9	419	6.333333333333333	0.9428090415820634	6.0	9.0	3.0	2	0.0	1.0	0.9428090415820634	6	0	6	0	6.375	-0.375	-0.375
empirical	user_msa	Thint.S06G201700_Thint.S06G201700.1	Thint.S06G201700_Thint.S06G201700.1	261	261	unique	261	261	261	0.6244019138755981	9	419	6.333333333333333	0.9428090415820634	6.0	9.0	3.0	2	0.0	1.0	0.9428090415820634	6	0	6	0	6.375	-0.375	-0.375
empirical	user_msa	LOC_Os02g07490_LOC_Os02g07490.1	LOC_Os02g07490_LOC_Os02g07490.1	262	262	unique	262	262	262	0.6267942583732058	9	419	39.888888888888886	0.9938079899999066	39.0	41.0	2.0	2	0.0	1.0	0.9938079899999066	39	0	39	0	40.0	-1.0	-1.0
empirical	user_msa	Oropetium_20150105_02675_Oropetium_20150105_02675A	Oropetium_20150105_02675_Oropetium_20150105_02675A	262	262	unique	262	262	262	0.6267942583732058	9	419	39.888888888888886	0.9938079899999066	39.0	41.0	2.0	2	0.0	1.0	0.9938079899999066	41	0	41	0	39.75	1.25	1.25
empirical	user_msa	ELECO.r07.2AG0102970_ELECO.r07.2AG0102970.1	ELECO.r07.2AG0102970_ELECO.r07.2AG0102970.1	262	262	unique	262	262	262	0.6267942583732058	9	419	39.888888888888886	0.9938079899999066	39.0	41.0	2.0	2	0.0	1.0	0.9938079899999066	39	0	39	0	40.0	-1.0	-1.0
empirical	user_msa	Phala.08G200500_Phala.08G200500.1	Phala.08G200500_Phala.08G200500.1	262	262	unique	262	262	262	0.6267942583732058	9	419	39.888888888888886	0.9938079899999066	39.0	41.0	2.0	2	0.0	1.0	0.9938079899999066	41	0	41	0	39.75	1.25	1.25
empirical	user_msa	Phala.08G200500_Phala.08G200500.3	Phala.08G200500_Phala.08G200500.3	262	262	unique	262	262	262	0.6267942583732058	9	419	39.888888888888886	0.9938079899999066	39.0	41.0	2.0	2	0.0	1.0	0.9938079899999066	41	0	41	0	39.75	1.25	1.25
empirical	user_msa	Phala.08G200500_Phala.08G200500.2	Phala.08G200500_Phala.08G200500.2	262	262	unique	262	262	262	0.6267942583732058	9	419	39.888888888888886	0.9938079899999066	39.0	41.0	2.0	2	0.0	1.0	0.9938079899999066	41	0	41	0	39.75	1.25	1.25
empirical	user_msa	HORVU.MOREX.r3.6HG0571560_HORVU.MOREX.r3.6HG0571560.1	HORVU.MOREX.r3.6HG0571560_HORVU.MOREX.r3.6HG0571560.1	262	262	unique	262	262	262	0.6267942583732058	9	419	39.888888888888886	0.9938079899999066	39.0	41.0	2.0	2	0.0	1.0	0.9938079899999066	39	0	39	0	40.0	-1.0	-1.0
empirical	user_msa	TraesCS6A03G0381800_TraesCS6A03G0381800.1	TraesCS6A03G0381800_TraesCS6A03G0381800.1	262	262	unique	262	262	262	0.6267942583732058	9	419	39.888888888888886	0.9938079899999066	39.0	41.0	2.0	2	0.0	1.0	0.9938079899999066	39	0	39	0	40.0	-1.0	-1.0
empirical	user_msa	Thint.S06G201700_Thint.S06G201700.1	Thint.S06G201700_Thint.S06G201700.1	262	262	unique	262	262	262	0.6267942583732058	9	419	39.888888888888886	0.9938079899999066	39.0	41.0	2.0	2	0.0	1.0	0.9938079899999066	39	0	39	0	40.0	-1.0	-1.0
empirical	user_msa	LOC_Os02g07490_LOC_Os02g07490.1	LOC_Os02g07490_LOC_Os02g07490.1	263	263	unique	263	263	263	0.6291866028708134	9	419	7.0	0.0	7.0	7.0	0.0	1	0.0	1.0	0.0	7	0	7	0	7.0	0.0	0.0
empirical	user_msa	Oropetium_20150105_02675_Oropetium_20150105_02675A	Oropetium_20150105_02675_Oropetium_20150105_02675A	263	263	unique	263	263	263	0.6291866028708134	9	419	7.0	0.0	7.0	7.0	0.0	1	0.0	1.0	0.0	7	0	7	0	7.0	0.0	0.0
empirical	user_msa	ELECO.r07.2AG0102970_ELECO.r07.2AG0102970.1	ELECO.r07.2AG0102970_ELECO.r07.2AG0102970.1	263	263	unique	263	263	263	0.6291866028708134	9	419	7.0	0.0	7.0	7.0	0.0	1	0.0	1.0	0.0	7	0	7	0	7.0	0.0	0.0
empirical	user_msa	Phala.08G200500_Phala.08G200500.1	Phala.08G200500_Phala.08G200500.1	263	263	unique	263	263	263	0.6291866028708134	9	419	7.0	0.0	7.0	7.0	0.0	1	0.0	1.0	0.0	7	0	7	0	7.0	0.0	0.0
empirical	user_msa	Phala.08G200500_Phala.08G200500.3	Phala.08G200500_Phala.08G200500.3	263	263	unique	263	263	263	0.6291866028708134	9	419	7.0	0.0	7.0	7.0	0.0	1	0.0	1.0	0.0	7	0	7	0	7.0	0.0	0.0
empirical	user_msa	Phala.08G200500_Phala.08G200500.2	Phala.08G200500_Phala.08G200500.2	263	263	unique	263	263	263	0.6291866028708134	9	419	7.0	0.0	7.0	7.0	0.0	1	0.0	1.0	0.0	7	0	7	0	7.0	0.0	0.0
empirical	user_msa	HORVU.MOREX.r3.6HG0571560_HORVU.MOREX.r3.6HG0571560.1	HORVU.MOREX.r3.6HG0571560_HORVU.MOREX.r3.6HG0571560.1	263	263	unique	263	263	263	0.6291866028708134	9	419	7.0	0.0	7.0	7.0	0.0	1	0.0	1.0	0.0	7	0	7	0	7.0	0.0	0.0
empirical	user_msa	TraesCS6A03G0381800_TraesCS6A03G0381800.1	TraesCS6A03G0381800_TraesCS6A03G0381800.1	263	263	unique	263	263	263	0.6291866028708134	9	419	7.0	0.0	7.0	7.0	0.0	1	0.0	1.0	0.0	7	0	7	0	7.0	0.0	0.0
empirical	user_msa	Thint.S06G201700_Thint.S06G201700.1	Thint.S06G201700_Thint.S06G201700.1	263	263	unique	263	263	263	0.6291866028708134	9	419	7.0	0.0	7.0	7.0	0.0	1	0.0	1.0	0.0	7	0	7	0	7.0	0.0	0.0
empirical	user_msa	LOC_Os02g07490_LOC_Os02g07490.1	LOC_Os02g07490_LOC_Os02g07490.1	264	264	unique	264	264	264	0.631578947368421	9	419	18.666666666666668	0.9428090415820634	18.0	20.0	2.0	2	0.0	1.0	0.9428090415820634	20	0	20	0	18.5	1.5	1.5
empirical	user_msa	Oropetium_20150105_02675_Oropetium_20150105_02675A	Oropetium_20150105_02675_Oropetium_20150105_02675A	264	264	unique	264	264	264	0.631578947368421	9	419	18.666666666666668	0.9428090415820634	18.0	20.0	2.0	2	0.0	1.0	0.9428090415820634	18	0	18	0	18.75	-0.75	-0.75
empirical	user_msa	ELECO.r07.2AG0102970_ELECO.r07.2AG0102970.1	ELECO.r07.2AG0102970_ELECO.r07.2AG0102970.1	264	264	unique	264	264	264	0.631578947368421	9	419	18.666666666666668	0.9428090415820634	18.0	20.0	2.0	2	0.0	1.0	0.9428090415820634	20	0	20	0	18.5	1.5	1.5
empirical	user_msa	Phala.08G200500_Phala.08G200500.1	Phala.08G200500_Phala.08G200500.1	264	264	unique	264	264	264	0.631578947368421	9	419	18.666666666666668	0.9428090415820634	18.0	20.0	2.0	2	0.0	1.0	0.9428090415820634	18	0	18	0	18.75	-0.75	-0.75
empirical	user_msa	Phala.08G200500_Phala.08G200500.3	Phala.08G200500_Phala.08G200500.3	264	264	unique	264	264	264	0.631578947368421	9	419	18.666666666666668	0.9428090415820634	18.0	20.0	2.0	2	0.0	1.0	0.9428090415820634	18	0	18	0	18.75	-0.75	-0.75
empirical	user_msa	Phala.08G200500_Phala.08G200500.2	Phala.08G200500_Phala.08G200500.2	264	264	unique	264	264	264	0.631578947368421	9	419	18.666666666666668	0.9428090415820634	18.0	20.0	2.0	2	0.0	1.0	0.9428090415820634	18	0	18	0	18.75	-0.75	-0.75
empirical	user_msa	HORVU.MOREX.r3.6HG0571560_HORVU.MOREX.r3.6HG0571560.1	HORVU.MOREX.r3.6HG0571560_HORVU.MOREX.r3.6HG0571560.1	264	264	unique	264	264	264	0.631578947368421	9	419	18.666666666666668	0.9428090415820634	18.0	20.0	2.0	2	0.0	1.0	0.9428090415820634	20	0	20	0	18.5	1.5	1.5
empirical	user_msa	TraesCS6A03G0381800_TraesCS6A03G0381800.1	TraesCS6A03G0381800_TraesCS6A03G0381800.1	264	264	unique	264	264	264	0.631578947368421	9	419	18.666666666666668	0.9428090415820634	18.0	20.0	2.0	2	0.0	1.0	0.9428090415820634	18	0	18	0	18.75	-0.75	-0.75
empirical	user_msa	Thint.S06G201700_Thint.S06G201700.1	Thint.S06G201700_Thint.S06G201700.1	264	264	unique	264	264	264	0.631578947368421	9	419	18.666666666666668	0.9428090415820634	18.0	20.0	2.0	2	0.0	1.0	0.9428090415820634	18	0	18	0	18.75	-0.75	-0.75
empirical	user_msa	LOC_Os02g07490_LOC_Os02g07490.1	LOC_Os02g07490_LOC_Os02g07490.1	265	265	unique	265	265	265	0.6339712918660287	9	419	4.0	0.0	4.0	4.0	0.0	1	0.0	1.0	0.0	4	0	4	0	4.0	0.0	0.0
empirical	user_msa	Oropetium_20150105_02675_Oropetium_20150105_02675A	Oropetium_20150105_02675_Oropetium_20150105_02675A	265	265	unique	265	265	265	0.6339712918660287	9	419	4.0	0.0	4.0	4.0	0.0	1	0.0	1.0	0.0	4	0	4	0	4.0	0.0	0.0
empirical	user_msa	ELECO.r07.2AG0102970_ELECO.r07.2AG0102970.1	ELECO.r07.2AG0102970_ELECO.r07.2AG0102970.1	265	265	unique	265	265	265	0.6339712918660287	9	419	4.0	0.0	4.0	4.0	0.0	1	0.0	1.0	0.0	4	0	4	0	4.0	0.0	0.0
empirical	user_msa	Phala.08G200500_Phala.08G200500.1	Phala.08G200500_Phala.08G200500.1	265	265	unique	265	265	265	0.6339712918660287	9	419	4.0	0.0	4.0	4.0	0.0	1	0.0	1.0	0.0	4	0	4	0	4.0	0.0	0.0
empirical	user_msa	Phala.08G200500_Phala.08G200500.3	Phala.08G200500_Phala.08G200500.3	265	265	unique	265	265	265	0.6339712918660287	9	419	4.0	0.0	4.0	4.0	0.0	1	0.0	1.0	0.0	4	0	4	0	4.0	0.0	0.0
empirical	user_msa	Phala.08G200500_Phala.08G200500.2	Phala.08G200500_Phala.08G200500.2	265	265	unique	265	265	265	0.6339712918660287	9	419	4.0	0.0	4.0	4.0	0.0	1	0.0	1.0	0.0	4	0	4	0	4.0	0.0	0.0
empirical	user_msa	HORVU.MOREX.r3.6HG0571560_HORVU.MOREX.r3.6HG0571560.1	HORVU.MOREX.r3.6HG0571560_HORVU.MOREX.r3.6HG0571560.1	265	265	unique	265	265	265	0.6339712918660287	9	419	4.0	0.0	4.0	4.0	0.0	1	0.0	1.0	0.0	4	0	4	0	4.0	0.0	0.0
empirical	user_msa	TraesCS6A03G0381800_TraesCS6A03G0381800.1	TraesCS6A03G0381800_TraesCS6A03G0381800.1	265	265	unique	265	265	265	0.6339712918660287	9	419	4.0	0.0	4.0	4.0	0.0	1	0.0	1.0	0.0	4	0	4	0	4.0	0.0	0.0
empirical	user_msa	Thint.S06G201700_Thint.S06G201700.1	Thint.S06G201700_Thint.S06G201700.1	265	265	unique	265	265	265	0.6339712918660287	9	419	4.0	0.0	4.0	4.0	0.0	1	0.0	1.0	0.0	4	0	4	0	4.0	0.0	0.0
empirical	user_msa	LOC_Os02g07490_LOC_Os02g07490.1	LOC_Os02g07490_LOC_Os02g07490.1	266	266	unique	266	266	266	0.6363636363636364	9	419	9.0	0.0	9.0	9.0	0.0	1	0.0	1.0	0.0	9	0	9	0	9.0	0.0	0.0
empirical	user_msa	Oropetium_20150105_02675_Oropetium_20150105_02675A	Oropetium_20150105_02675_Oropetium_20150105_02675A	266	266	unique	266	266	266	0.6363636363636364	9	419	9.0	0.0	9.0	9.0	0.0	1	0.0	1.0	0.0	9	0	9	0	9.0	0.0	0.0
empirical	user_msa	ELECO.r07.2AG0102970_ELECO.r07.2AG0102970.1	ELECO.r07.2AG0102970_ELECO.r07.2AG0102970.1	266	266	unique	266	266	266	0.6363636363636364	9	419	9.0	0.0	9.0	9.0	0.0	1	0.0	1.0	0.0	9	0	9	0	9.0	0.0	0.0
empirical	user_msa	Phala.08G200500_Phala.08G200500.1	Phala.08G200500_Phala.08G200500.1	266	266	unique	266	266	266	0.6363636363636364	9	419	9.0	0.0	9.0	9.0	0.0	1	0.0	1.0	0.0	9	0	9	0	9.0	0.0	0.0
empirical	user_msa	Phala.08G200500_Phala.08G200500.3	Phala.08G200500_Phala.08G200500.3	266	266	unique	266	266	266	0.6363636363636364	9	419	9.0	0.0	9.0	9.0	0.0	1	0.0	1.0	0.0	9	0	9	0	9.0	0.0	0.0
empirical	user_msa	Phala.08G200500_Phala.08G200500.2	Phala.08G200500_Phala.08G200500.2	266	266	unique	266	266	266	0.6363636363636364	9	419	9.0	0.0	9.0	9.0	0.0	1	0.0	1.0	0.0	9	0	9	0	9.0	0.0	0.0
empirical	user_msa	HORVU.MOREX.r3.6HG0571560_HORVU.MOREX.r3.6HG0571560.1	HORVU.MOREX.r3.6HG0571560_HORVU.MOREX.r3.6HG0571560.1	266	266	unique	266	266	266	0.6363636363636364	9	419	9.0	0.0	9.0	9.0	0.0	1	0.0	1.0	0.0	9	0	9	0	9.0	0.0	0.0
empirical	user_msa	TraesCS6A03G0381800_TraesCS6A03G0381800.1	TraesCS6A03G0381800_TraesCS6A03G0381800.1	266	266	unique	266	266	266	0.6363636363636364	9	419	9.0	0.0	9.0	9.0	0.0	1	0.0	1.0	0.0	9	0	9	0	9.0	0.0	0.0
empirical	user_msa	Thint.S06G201700_Thint.S06G201700.1	Thint.S06G201700_Thint.S06G201700.1	266	266	unique	266	266	266	0.6363636363636364	9	419	9.0	0.0	9.0	9.0	0.0	1	0.0	1.0	0.0	9	0	9	0	9.0	0.0	0.0
empirical	user_msa	LOC_Os02g07490_LOC_Os02g07490.1	LOC_Os02g07490_LOC_Os02g07490.1	267	267	unique	267	267	267	0.638755980861244	9	419	47.77777777777778	1.3966450099973928	46.0	49.0	3.0	3	0.0	1.0	1.3966450099973928	47	0	47	0	47.875	-0.875	-0.875
empirical	user_msa	Oropetium_20150105_02675_Oropetium_20150105_02675A	Oropetium_20150105_02675_Oropetium_20150105_02675A	267	267	unique	267	267	267	0.638755980861244	9	419	47.77777777777778	1.3966450099973928	46.0	49.0	3.0	3	0.0	1.0	1.3966450099973928	49	0	49	0	47.625	1.375	1.375
empirical	user_msa	ELECO.r07.2AG0102970_ELECO.r07.2AG0102970.1	ELECO.r07.2AG0102970_ELECO.r07.2AG0102970.1	267	267	unique	267	267	267	0.638755980861244	9	419	47.77777777777778	1.3966450099973928	46.0	49.0	3.0	3	0.0	1.0	1.3966450099973928	49	0	49	0	47.625	1.375	1.375
empirical	user_msa	Phala.08G200500_Phala.08G200500.1	Phala.08G200500_Phala.08G200500.1	267	267	unique	267	267	267	0.638755980861244	9	419	47.77777777777778	1.3966450099973928	46.0	49.0	3.0	3	0.0	1.0	1.3966450099973928	46	0	46	0	48.0	-2.0	-2.0
empirical	user_msa	Phala.08G200500_Phala.08G200500.3	Phala.08G200500_Phala.08G200500.3	267	267	unique	267	267	267	0.638755980861244	9	419	47.77777777777778	1.3966450099973928	46.0	49.0	3.0	3	0.0	1.0	1.3966450099973928	46	0	46	0	48.0	-2.0	-2.0
empirical	user_msa	Phala.08G200500_Phala.08G200500.2	Phala.08G200500_Phala.08G200500.2	267	267	unique	267	267	267	0.638755980861244	9	419	47.77777777777778	1.3966450099973928	46.0	49.0	3.0	3	0.0	1.0	1.3966450099973928	46	0	46	0	48.0	-2.0	-2.0
empirical	user_msa	HORVU.MOREX.r3.6HG0571560_HORVU.MOREX.r3.6HG0571560.1	HORVU.MOREX.r3.6HG0571560_HORVU.MOREX.r3.6HG0571560.1	267	267	unique	267	267	267	0.638755980861244	9	419	47.77777777777778	1.3966450099973928	46.0	49.0	3.0	3	0.0	1.0	1.3966450099973928	49	0	49	0	47.625	1.375	1.375
empirical	user_msa	TraesCS6A03G0381800_TraesCS6A03G0381800.1	TraesCS6A03G0381800_TraesCS6A03G0381800.1	267	267	unique	267	267	267	0.638755980861244	9	419	47.77777777777778	1.3966450099973928	46.0	49.0	3.0	3	0.0	1.0	1.3966450099973928	49	0	49	0	47.625	1.375	1.375
empirical	user_msa	Thint.S06G201700_Thint.S06G201700.1	Thint.S06G201700_Thint.S06G201700.1	267	267	unique	267	267	267	0.638755980861244	9	419	47.77777777777778	1.3966450099973928	46.0	49.0	3.0	3	0.0	1.0	1.3966450099973928	49	0	49	0	47.625	1.375	1.375
empirical	user_msa	LOC_Os02g07490_LOC_Os02g07490.1	LOC_Os02g07490_LOC_Os02g07490.1	268	268	unique	268	268	268	0.6411483253588517	9	419	37.0	0.0	37.0	37.0	0.0	1	0.0	1.0	0.0	37	0	37	0	37.0	0.0	0.0
empirical	user_msa	Oropetium_20150105_02675_Oropetium_20150105_02675A	Oropetium_20150105_02675_Oropetium_20150105_02675A	268	268	unique	268	268	268	0.6411483253588517	9	419	37.0	0.0	37.0	37.0	0.0	1	0.0	1.0	0.0	37	0	37	0	37.0	0.0	0.0
empirical	user_msa	ELECO.r07.2AG0102970_ELECO.r07.2AG0102970.1	ELECO.r07.2AG0102970_ELECO.r07.2AG0102970.1	268	268	unique	268	268	268	0.6411483253588517	9	419	37.0	0.0	37.0	37.0	0.0	1	0.0	1.0	0.0	37	0	37	0	37.0	0.0	0.0
empirical	user_msa	Phala.08G200500_Phala.08G200500.1	Phala.08G200500_Phala.08G200500.1	268	268	unique	268	268	268	0.6411483253588517	9	419	37.0	0.0	37.0	37.0	0.0	1	0.0	1.0	0.0	37	0	37	0	37.0	0.0	0.0
empirical	user_msa	Phala.08G200500_Phala.08G200500.3	Phala.08G200500_Phala.08G200500.3	268	268	unique	268	268	268	0.6411483253588517	9	419	37.0	0.0	37.0	37.0	0.0	1	0.0	1.0	0.0	37	0	37	0	37.0	0.0	0.0
empirical	user_msa	Phala.08G200500_Phala.08G200500.2	Phala.08G200500_Phala.08G200500.2	268	268	unique	268	268	268	0.6411483253588517	9	419	37.0	0.0	37.0	37.0	0.0	1	0.0	1.0	0.0	37	0	37	0	37.0	0.0	0.0
empirical	user_msa	HORVU.MOREX.r3.6HG0571560_HORVU.MOREX.r3.6HG0571560.1	HORVU.MOREX.r3.6HG0571560_HORVU.MOREX.r3.6HG0571560.1	268	268	unique	268	268	268	0.6411483253588517	9	419	37.0	0.0	37.0	37.0	0.0	1	0.0	1.0	0.0	37	0	37	0	37.0	0.0	0.0
empirical	user_msa	TraesCS6A03G0381800_TraesCS6A03G0381800.1	TraesCS6A03G0381800_TraesCS6A03G0381800.1	268	268	unique	268	268	268	0.6411483253588517	9	419	37.0	0.0	37.0	37.0	0.0	1	0.0	1.0	0.0	37	0	37	0	37.0	0.0	0.0
empirical	user_msa	Thint.S06G201700_Thint.S06G201700.1	Thint.S06G201700_Thint.S06G201700.1	268	268	unique	268	268	268	0.6411483253588517	9	419	37.0	0.0	37.0	37.0	0.0	1	0.0	1.0	0.0	37	0	37	0	37.0	0.0	0.0
empirical	user_msa	LOC_Os02g07490_LOC_Os02g07490.1	LOC_Os02g07490_LOC_Os02g07490.1	269	269	unique	269	269	269	0.6435406698564593	9	419	43.666666666666664	1.3333333333333333	42.0	45.0	3.0	4	0.0	1.0	1.3333333333333333	43	0	43	0	43.75	-0.75	-0.75
empirical	user_msa	Oropetium_20150105_02675_Oropetium_20150105_02675A	Oropetium_20150105_02675_Oropetium_20150105_02675A	269	269	unique	269	269	269	0.6435406698564593	9	419	43.666666666666664	1.3333333333333333	42.0	45.0	3.0	4	0.0	1.0	1.3333333333333333	44	0	44	0	43.625	0.375	0.375
empirical	user_msa	ELECO.r07.2AG0102970_ELECO.r07.2AG0102970.1	ELECO.r07.2AG0102970_ELECO.r07.2AG0102970.1	269	269	unique	269	269	269	0.6435406698564593	9	419	43.666666666666664	1.3333333333333333	42.0	45.0	3.0	4	0.0	1.0	1.3333333333333333	45	0	45	0	43.5	1.5	1.5
empirical	user_msa	Phala.08G200500_Phala.08G200500.1	Phala.08G200500_Phala.08G200500.1	269	269	unique	269	269	269	0.6435406698564593	9	419	43.666666666666664	1.3333333333333333	42.0	45.0	3.0	4	0.0	1.0	1.3333333333333333	42	0	42	0	43.875	-1.875	-1.875
empirical	user_msa	Phala.08G200500_Phala.08G200500.3	Phala.08G200500_Phala.08G200500.3	269	269	unique	269	269	269	0.6435406698564593	9	419	43.666666666666664	1.3333333333333333	42.0	45.0	3.0	4	0.0	1.0	1.3333333333333333	42	0	42	0	43.875	-1.875	-1.875
empirical	user_msa	Phala.08G200500_Phala.08G200500.2	Phala.08G200500_Phala.08G200500.2	269	269	unique	269	269	269	0.6435406698564593	9	419	43.666666666666664	1.3333333333333333	42.0	45.0	3.0	4	0.0	1.0	1.3333333333333333	42	0	42	0	43.875	-1.875	-1.875
empirical	user_msa	HORVU.MOREX.r3.6HG0571560_HORVU.MOREX.r3.6HG0571560.1	HORVU.MOREX.r3.6HG0571560_HORVU.MOREX.r3.6HG0571560.1	269	269	unique	269	269	269	0.6435406698564593	9	419	43.666666666666664	1.3333333333333333	42.0	45.0	3.0	4	0.0	1.0	1.3333333333333333	45	0	45	0	43.5	1.5	1.5
empirical	user_msa	TraesCS6A03G0381800_TraesCS6A03G0381800.1	TraesCS6A03G0381800_TraesCS6A03G0381800.1	269	269	unique	269	269	269	0.6435406698564593	9	419	43.666666666666664	1.3333333333333333	42.0	45.0	3.0	4	0.0	1.0	1.3333333333333333	45	0	45	0	43.5	1.5	1.5
empirical	user_msa	Thint.S06G201700_Thint.S06G201700.1	Thint.S06G201700_Thint.S06G201700.1	269	269	unique	269	269	269	0.6435406698564593	9	419	43.666666666666664	1.3333333333333333	42.0	45.0	3.0	4	0.0	1.0	1.3333333333333333	45	0	45	0	43.5	1.5	1.5
empirical	user_msa	LOC_Os02g07490_LOC_Os02g07490.1	LOC_Os02g07490_LOC_Os02g07490.1	270	270	unique	270	270	270	0.645933014354067	9	419	24.666666666666668	0.6666666666666666	23.0	25.0	2.0	3	0.0	1.0	0.6666666666666666	25	0	25	0	24.625	0.375	0.375
empirical	user_msa	Oropetium_20150105_02675_Oropetium_20150105_02675A	Oropetium_20150105_02675_Oropetium_20150105_02675A	270	270	unique	270	270	270	0.645933014354067	9	419	24.666666666666668	0.6666666666666666	23.0	25.0	2.0	3	0.0	1.0	0.6666666666666666	23	0	23	0	24.875	-1.875	-1.875
empirical	user_msa	ELECO.r07.2AG0102970_ELECO.r07.2AG0102970.1	ELECO.r07.2AG0102970_ELECO.r07.2AG0102970.1	270	270	unique	270	270	270	0.645933014354067	9	419	24.666666666666668	0.6666666666666666	23.0	25.0	2.0	3	0.0	1.0	0.6666666666666666	24	0	24	0	24.75	-0.75	-0.75
empirical	user_msa	Phala.08G200500_Phala.08G200500.1	Phala.08G200500_Phala.08G200500.1	270	270	unique	270	270	270	0.645933014354067	9	419	24.666666666666668	0.6666666666666666	23.0	25.0	2.0	3	0.0	1.0	0.6666666666666666	25	0	25	0	24.625	0.375	0.375
empirical	user_msa	Phala.08G200500_Phala.08G200500.3	Phala.08G200500_Phala.08G200500.3	270	270	unique	270	270	270	0.645933014354067	9	419	24.666666666666668	0.6666666666666666	23.0	25.0	2.0	3	0.0	1.0	0.6666666666666666	25	0	25	0	24.625	0.375	0.375
empirical	user_msa	Phala.08G200500_Phala.08G200500.2	Phala.08G200500_Phala.08G200500.2	270	270	unique	270	270	270	0.645933014354067	9	419	24.666666666666668	0.6666666666666666	23.0	25.0	2.0	3	0.0	1.0	0.6666666666666666	25	0	25	0	24.625	0.375	0.375
empirical	user_msa	HORVU.MOREX.r3.6HG0571560_HORVU.MOREX.r3.6HG0571560.1	HORVU.MOREX.r3.6HG0571560_HORVU.MOREX.r3.6HG0571560.1	270	270	unique	270	270	270	0.645933014354067	9	419	24.666666666666668	0.6666666666666666	23.0	25.0	2.0	3	0.0	1.0	0.6666666666666666	25	0	25	0	24.625	0.375	0.375
empirical	user_msa	TraesCS6A03G0381800_TraesCS6A03G0381800.1	TraesCS6A03G0381800_TraesCS6A03G0381800.1	270	270	unique	270	270	270	0.645933014354067	9	419	24.666666666666668	0.6666666666666666	23.0	25.0	2.0	3	0.0	1.0	0.6666666666666666	25	0	25	0	24.625	0.375	0.375
empirical	user_msa	Thint.S06G201700_Thint.S06G201700.1	Thint.S06G201700_Thint.S06G201700.1	270	270	unique	270	270	270	0.645933014354067	9	419	24.666666666666668	0.6666666666666666	23.0	25.0	2.0	3	0.0	1.0	0.6666666666666666	25	0	25	0	24.625	0.375	0.375
empirical	user_msa	LOC_Os02g07490_LOC_Os02g07490.1	LOC_Os02g07490_LOC_Os02g07490.1	271	271	unique	271	271	271	0.6483253588516746	9	419	53.0	1.4142135623730951	52.0	55.0	3.0	2	0.0	1.0	1.4142135623730951	52	0	52	0	53.125	-1.125	-1.125
empirical	user_msa	Oropetium_20150105_02675_Oropetium_20150105_02675A	Oropetium_20150105_02675_Oropetium_20150105_02675A	271	271	unique	271	271	271	0.6483253588516746	9	419	53.0	1.4142135623730951	52.0	55.0	3.0	2	0.0	1.0	1.4142135623730951	52	0	52	0	53.125	-1.125	-1.125
empirical	user_msa	ELECO.r07.2AG0102970_ELECO.r07.2AG0102970.1	ELECO.r07.2AG0102970_ELECO.r07.2AG0102970.1	271	271	unique	271	271	271	0.6483253588516746	9	419	53.0	1.4142135623730951	52.0	55.0	3.0	2	0.0	1.0	1.4142135623730951	52	0	52	0	53.125	-1.125	-1.125
empirical	user_msa	Phala.08G200500_Phala.08G200500.1	Phala.08G200500_Phala.08G200500.1	271	271	unique	271	271	271	0.6483253588516746	9	419	53.0	1.4142135623730951	52.0	55.0	3.0	2	0.0	1.0	1.4142135623730951	55	0	55	0	52.75	2.25	2.25
empirical	user_msa	Phala.08G200500_Phala.08G200500.3	Phala.08G200500_Phala.08G200500.3	271	271	unique	271	271	271	0.6483253588516746	9	419	53.0	1.4142135623730951	52.0	55.0	3.0	2	0.0	1.0	1.4142135623730951	55	0	55	0	52.75	2.25	2.25
empirical	user_msa	Phala.08G200500_Phala.08G200500.2	Phala.08G200500_Phala.08G200500.2	271	271	unique	271	271	271	0.6483253588516746	9	419	53.0	1.4142135623730951	52.0	55.0	3.0	2	0.0	1.0	1.4142135623730951	55	0	55	0	52.75	2.25	2.25
empirical	user_msa	HORVU.MOREX.r3.6HG0571560_HORVU.MOREX.r3.6HG0571560.1	HORVU.MOREX.r3.6HG0571560_HORVU.MOREX.r3.6HG0571560.1	271	271	unique	271	271	271	0.6483253588516746	9	419	53.0	1.4142135623730951	52.0	55.0	3.0	2	0.0	1.0	1.4142135623730951	52	0	52	0	53.125	-1.125	-1.125
empirical	user_msa	TraesCS6A03G0381800_TraesCS6A03G0381800.1	TraesCS6A03G0381800_TraesCS6A03G0381800.1	271	271	unique	271	271	271	0.6483253588516746	9	419	53.0	1.4142135623730951	52.0	55.0	3.0	2	0.0	1.0	1.4142135623730951	52	0	52	0	53.125	-1.125	-1.125
empirical	user_msa	Thint.S06G201700_Thint.S06G201700.1	Thint.S06G201700_Thint.S06G201700.1	271	271	unique	271	271	271	0.6483253588516746	9	419	53.0	1.4142135623730951	52.0	55.0	3.0	2	0.0	1.0	1.4142135623730951	52	0	52	0	53.125	-1.125	-1.125
empirical	user_msa	LOC_Os02g07490_LOC_Os02g07490.1	LOC_Os02g07490_LOC_Os02g07490.1	272	272	unique	272	272	272	0.6507177033492823	9	419	17.11111111111111	8.7488976377909	11.0	41.0	30.0	3	0.0	1.0	8.7488976377909	16	0	16	0	17.25	-1.25	-1.25
empirical	user_msa	Oropetium_20150105_02675_Oropetium_20150105_02675A	Oropetium_20150105_02675_Oropetium_20150105_02675A	272	272	unique	272	272	272	0.6507177033492823	9	419	17.11111111111111	8.7488976377909	11.0	41.0	30.0	3	0.0	1.0	8.7488976377909	41	0	41	0	14.125	26.875	26.875
empirical	user_msa	ELECO.r07.2AG0102970_ELECO.r07.2AG0102970.1	ELECO.r07.2AG0102970_ELECO.r07.2AG0102970.1	272	272	unique	272	272	272	0.6507177033492823	9	419	17.11111111111111	8.7488976377909	11.0	41.0	30.0	3	0.0	1.0	8.7488976377909	16	0	16	0	17.25	-1.25	-1.25
empirical	user_msa	Phala.08G200500_Phala.08G200500.1	Phala.08G200500_Phala.08G200500.1	272	272	unique	272	272	272	0.6507177033492823	9	419	17.11111111111111	8.7488976377909	11.0	41.0	30.0	3	0.0	1.0	8.7488976377909	11	0	11	0	17.875	-6.875	-6.875
empirical	user_msa	Phala.08G200500_Phala.08G200500.3	Phala.08G200500_Phala.08G200500.3	272	272	unique	272	272	272	0.6507177033492823	9	419	17.11111111111111	8.7488976377909	11.0	41.0	30.0	3	0.0	1.0	8.7488976377909	11	0	11	0	17.875	-6.875	-6.875
empirical	user_msa	Phala.08G200500_Phala.08G200500.2	Phala.08G200500_Phala.08G200500.2	272	272	unique	272	272	272	0.6507177033492823	9	419	17.11111111111111	8.7488976377909	11.0	41.0	30.0	3	0.0	1.0	8.7488976377909	11	0	11	0	17.875	-6.875	-6.875
empirical	user_msa	HORVU.MOREX.r3.6HG0571560_HORVU.MOREX.r3.6HG0571560.1	HORVU.MOREX.r3.6HG0571560_HORVU.MOREX.r3.6HG0571560.1	272	272	unique	272	272	272	0.6507177033492823	9	419	17.11111111111111	8.7488976377909	11.0	41.0	30.0	3	0.0	1.0	8.7488976377909	16	0	16	0	17.25	-1.25	-1.25
empirical	user_msa	TraesCS6A03G0381800_TraesCS6A03G0381800.1	TraesCS6A03G0381800_TraesCS6A03G0381800.1	272	272	unique	272	272	272	0.6507177033492823	9	419	17.11111111111111	8.7488976377909	11.0	41.0	30.0	3	0.0	1.0	8.7488976377909	16	0	16	0	17.25	-1.25	-1.25
empirical	user_msa	Thint.S06G201700_Thint.S06G201700.1	Thint.S06G201700_Thint.S06G201700.1	272	272	unique	272	272	272	0.6507177033492823	9	419	17.11111111111111	8.7488976377909	11.0	41.0	30.0	3	0.0	1.0	8.7488976377909	16	0	16	0	17.25	-1.25	-1.25
empirical	user_msa	LOC_Os02g07490_LOC_Os02g07490.1	LOC_Os02g07490_LOC_Os02g07490.1	273	273	unique	273	273	273	0.65311004784689	9	419	3.111111111111111	0.9938079899999066	2.0	4.0	2.0	2	0.0	1.0	0.9938079899999066	2	0	2	0	3.25	-1.25	-1.25
empirical	user_msa	Oropetium_20150105_02675_Oropetium_20150105_02675A	Oropetium_20150105_02675_Oropetium_20150105_02675A	273	273	unique	273	273	273	0.65311004784689	9	419	3.111111111111111	0.9938079899999066	2.0	4.0	2.0	2	0.0	1.0	0.9938079899999066	4	0	4	0	3.0	1.0	1.0
empirical	user_msa	ELECO.r07.2AG0102970_ELECO.r07.2AG0102970.1	ELECO.r07.2AG0102970_ELECO.r07.2AG0102970.1	273	273	unique	273	273	273	0.65311004784689	9	419	3.111111111111111	0.9938079899999066	2.0	4.0	2.0	2	0.0	1.0	0.9938079899999066	4	0	4	0	3.0	1.0	1.0
empirical	user_msa	Phala.08G200500_Phala.08G200500.1	Phala.08G200500_Phala.08G200500.1	273	273	unique	273	273	273	0.65311004784689	9	419	3.111111111111111	0.9938079899999066	2.0	4.0	2.0	2	0.0	1.0	0.9938079899999066	4	0	4	0	3.0	1.0	1.0
empirical	user_msa	Phala.08G200500_Phala.08G200500.3	Phala.08G200500_Phala.08G200500.3	273	273	unique	273	273	273	0.65311004784689	9	419	3.111111111111111	0.9938079899999066	2.0	4.0	2.0	2	0.0	1.0	0.9938079899999066	4	0	4	0	3.0	1.0	1.0
empirical	user_msa	Phala.08G200500_Phala.08G200500.2	Phala.08G200500_Phala.08G200500.2	273	273	unique	273	273	273	0.65311004784689	9	419	3.111111111111111	0.9938079899999066	2.0	4.0	2.0	2	0.0	1.0	0.9938079899999066	4	0	4	0	3.0	1.0	1.0
empirical	user_msa	HORVU.MOREX.r3.6HG0571560_HORVU.MOREX.r3.6HG0571560.1	HORVU.MOREX.r3.6HG0571560_HORVU.MOREX.r3.6HG0571560.1	273	273	unique	273	273	273	0.65311004784689	9	419	3.111111111111111	0.9938079899999066	2.0	4.0	2.0	2	0.0	1.0	0.9938079899999066	2	0	2	0	3.25	-1.25	-1.25
empirical	user_msa	TraesCS6A03G0381800_TraesCS6A03G0381800.1	TraesCS6A03G0381800_TraesCS6A03G0381800.1	273	273	unique	273	273	273	0.65311004784689	9	419	3.111111111111111	0.9938079899999066	2.0	4.0	2.0	2	0.0	1.0	0.9938079899999066	2	0	2	0	3.25	-1.25	-1.25
empirical	user_msa	Thint.S06G201700_Thint.S06G201700.1	Thint.S06G201700_Thint.S06G201700.1	273	273	unique	273	273	273	0.65311004784689	9	419	3.111111111111111	0.9938079899999066	2.0	4.0	2.0	2	0.0	1.0	0.9938079899999066	2	0	2	0	3.25	-1.25	-1.25
empirical	user_msa	LOC_Os02g07490_LOC_Os02g07490.1	LOC_Os02g07490_LOC_Os02g07490.1	274	274	unique	274	274	274	0.6555023923444976	9	419	35.888888888888886	0.9938079899999066	35.0	37.0	2.0	2	0.0	1.0	0.9938079899999066	37	0	37	0	35.75	1.25	1.25
empirical	user_msa	Oropetium_20150105_02675_Oropetium_20150105_02675A	Oropetium_20150105_02675_Oropetium_20150105_02675A	274	274	unique	274	274	274	0.6555023923444976	9	419	35.888888888888886	0.9938079899999066	35.0	37.0	2.0	2	0.0	1.0	0.9938079899999066	35	0	35	0	36.0	-1.0	-1.0
empirical	user_msa	ELECO.r07.2AG0102970_ELECO.r07.2AG0102970.1	ELECO.r07.2AG0102970_ELECO.r07.2AG0102970.1	274	274	unique	274	274	274	0.6555023923444976	9	419	35.888888888888886	0.9938079899999066	35.0	37.0	2.0	2	0.0	1.0	0.9938079899999066	37	0	37	0	35.75	1.25	1.25
empirical	user_msa	Phala.08G200500_Phala.08G200500.1	Phala.08G200500_Phala.08G200500.1	274	274	unique	274	274	274	0.6555023923444976	9	419	35.888888888888886	0.9938079899999066	35.0	37.0	2.0	2	0.0	1.0	0.9938079899999066	35	0	35	0	36.0	-1.0	-1.0
empirical	user_msa	Phala.08G200500_Phala.08G200500.3	Phala.08G200500_Phala.08G200500.3	274	274	unique	274	274	274	0.6555023923444976	9	419	35.888888888888886	0.9938079899999066	35.0	37.0	2.0	2	0.0	1.0	0.9938079899999066	35	0	35	0	36.0	-1.0	-1.0
empirical	user_msa	Phala.08G200500_Phala.08G200500.2	Phala.08G200500_Phala.08G200500.2	274	274	unique	274	274	274	0.6555023923444976	9	419	35.888888888888886	0.9938079899999066	35.0	37.0	2.0	2	0.0	1.0	0.9938079899999066	35	0	35	0	36.0	-1.0	-1.0
empirical	user_msa	HORVU.MOREX.r3.6HG0571560_HORVU.MOREX.r3.6HG0571560.1	HORVU.MOREX.r3.6HG0571560_HORVU.MOREX.r3.6HG0571560.1	274	274	unique	274	274	274	0.6555023923444976	9	419	35.888888888888886	0.9938079899999066	35.0	37.0	2.0	2	0.0	1.0	0.9938079899999066	37	0	37	0	35.75	1.25	1.25
empirical	user_msa	TraesCS6A03G0381800_TraesCS6A03G0381800.1	TraesCS6A03G0381800_TraesCS6A03G0381800.1	274	274	unique	274	274	274	0.6555023923444976	9	419	35.888888888888886	0.9938079899999066	35.0	37.0	2.0	2	0.0	1.0	0.9938079899999066	37	0	37	0	35.75	1.25	1.25
empirical	user_msa	Thint.S06G201700_Thint.S06G201700.1	Thint.S06G201700_Thint.S06G201700.1	274	274	unique	274	274	274	0.6555023923444976	9	419	35.888888888888886	0.9938079899999066	35.0	37.0	2.0	2	0.0	1.0	0.9938079899999066	35	0	35	0	36.0	-1.0	-1.0
empirical	user_msa	LOC_Os02g07490_LOC_Os02g07490.1	LOC_Os02g07490_LOC_Os02g07490.1	275	275	unique	275	275	275	0.6578947368421053	9	419	57.0	0.0	57.0	57.0	0.0	1	0.0	1.0	0.0	57	0	57	0	57.0	0.0	0.0
empirical	user_msa	Oropetium_20150105_02675_Oropetium_20150105_02675A	Oropetium_20150105_02675_Oropetium_20150105_02675A	275	275	unique	275	275	275	0.6578947368421053	9	419	57.0	0.0	57.0	57.0	0.0	1	0.0	1.0	0.0	57	0	57	0	57.0	0.0	0.0
empirical	user_msa	ELECO.r07.2AG0102970_ELECO.r07.2AG0102970.1	ELECO.r07.2AG0102970_ELECO.r07.2AG0102970.1	275	275	unique	275	275	275	0.6578947368421053	9	419	57.0	0.0	57.0	57.0	0.0	1	0.0	1.0	0.0	57	0	57	0	57.0	0.0	0.0
empirical	user_msa	Phala.08G200500_Phala.08G200500.1	Phala.08G200500_Phala.08G200500.1	275	275	unique	275	275	275	0.6578947368421053	9	419	57.0	0.0	57.0	57.0	0.0	1	0.0	1.0	0.0	57	0	57	0	57.0	0.0	0.0
empirical	user_msa	Phala.08G200500_Phala.08G200500.3	Phala.08G200500_Phala.08G200500.3	275	275	unique	275	275	275	0.6578947368421053	9	419	57.0	0.0	57.0	57.0	0.0	1	0.0	1.0	0.0	57	0	57	0	57.0	0.0	0.0
empirical	user_msa	Phala.08G200500_Phala.08G200500.2	Phala.08G200500_Phala.08G200500.2	275	275	unique	275	275	275	0.6578947368421053	9	419	57.0	0.0	57.0	57.0	0.0	1	0.0	1.0	0.0	57	0	57	0	57.0	0.0	0.0
empirical	user_msa	HORVU.MOREX.r3.6HG0571560_HORVU.MOREX.r3.6HG0571560.1	HORVU.MOREX.r3.6HG0571560_HORVU.MOREX.r3.6HG0571560.1	275	275	unique	275	275	275	0.6578947368421053	9	419	57.0	0.0	57.0	57.0	0.0	1	0.0	1.0	0.0	57	0	57	0	57.0	0.0	0.0
empirical	user_msa	TraesCS6A03G0381800_TraesCS6A03G0381800.1	TraesCS6A03G0381800_TraesCS6A03G0381800.1	275	275	unique	275	275	275	0.6578947368421053	9	419	57.0	0.0	57.0	57.0	0.0	1	0.0	1.0	0.0	57	0	57	0	57.0	0.0	0.0
empirical	user_msa	Thint.S06G201700_Thint.S06G201700.1	Thint.S06G201700_Thint.S06G201700.1	275	275	unique	275	275	275	0.6578947368421053	9	419	57.0	0.0	57.0	57.0	0.0	1	0.0	1.0	0.0	57	0	57	0	57.0	0.0	0.0
empirical	user_msa	LOC_Os02g07490_LOC_Os02g07490.1	LOC_Os02g07490_LOC_Os02g07490.1	276	276	unique	276	276	276	0.6602870813397129	9	419	10.88888888888889	0.9938079899999065	10.0	12.0	2.0	2	0.0	1.0	0.9938079899999065	10	0	10	0	11.0	-1.0	-1.0
empirical	user_msa	Oropetium_20150105_02675_Oropetium_20150105_02675A	Oropetium_20150105_02675_Oropetium_20150105_02675A	276	276	unique	276	276	276	0.6602870813397129	9	419	10.88888888888889	0.9938079899999065	10.0	12.0	2.0	2	0.0	1.0	0.9938079899999065	12	0	12	0	10.75	1.25	1.25
empirical	user_msa	ELECO.r07.2AG0102970_ELECO.r07.2AG0102970.1	ELECO.r07.2AG0102970_ELECO.r07.2AG0102970.1	276	276	unique	276	276	276	0.6602870813397129	9	419	10.88888888888889	0.9938079899999065	10.0	12.0	2.0	2	0.0	1.0	0.9938079899999065	10	0	10	0	11.0	-1.0	-1.0
empirical	user_msa	Phala.08G200500_Phala.08G200500.1	Phala.08G200500_Phala.08G200500.1	276	276	unique	276	276	276	0.6602870813397129	9	419	10.88888888888889	0.9938079899999065	10.0	12.0	2.0	2	0.0	1.0	0.9938079899999065	12	0	12	0	10.75	1.25	1.25
empirical	user_msa	Phala.08G200500_Phala.08G200500.3	Phala.08G200500_Phala.08G200500.3	276	276	unique	276	276	276	0.6602870813397129	9	419	10.88888888888889	0.9938079899999065	10.0	12.0	2.0	2	0.0	1.0	0.9938079899999065	12	0	12	0	10.75	1.25	1.25
empirical	user_msa	Phala.08G200500_Phala.08G200500.2	Phala.08G200500_Phala.08G200500.2	276	276	unique	276	276	276	0.6602870813397129	9	419	10.88888888888889	0.9938079899999065	10.0	12.0	2.0	2	0.0	1.0	0.9938079899999065	12	0	12	0	10.75	1.25	1.25
empirical	user_msa	HORVU.MOREX.r3.6HG0571560_HORVU.MOREX.r3.6HG0571560.1	HORVU.MOREX.r3.6HG0571560_HORVU.MOREX.r3.6HG0571560.1	276	276	unique	276	276	276	0.6602870813397129	9	419	10.88888888888889	0.9938079899999065	10.0	12.0	2.0	2	0.0	1.0	0.9938079899999065	10	0	10	0	11.0	-1.0	-1.0
empirical	user_msa	TraesCS6A03G0381800_TraesCS6A03G0381800.1	TraesCS6A03G0381800_TraesCS6A03G0381800.1	276	276	unique	276	276	276	0.6602870813397129	9	419	10.88888888888889	0.9938079899999065	10.0	12.0	2.0	2	0.0	1.0	0.9938079899999065	10	0	10	0	11.0	-1.0	-1.0
empirical	user_msa	Thint.S06G201700_Thint.S06G201700.1	Thint.S06G201700_Thint.S06G201700.1	276	276	unique	276	276	276	0.6602870813397129	9	419	10.88888888888889	0.9938079899999065	10.0	12.0	2.0	2	0.0	1.0	0.9938079899999065	10	0	10	0	11.0	-1.0	-1.0
empirical	user_msa	LOC_Os02g07490_LOC_Os02g07490.1	LOC_Os02g07490_LOC_Os02g07490.1	277	277	unique	277	277	277	0.6626794258373205	9	419	43.666666666666664	1.4907119849998598	42.0	45.0	3.0	2	0.0	1.0	1.4907119849998598	42	0	42	0	43.875	-1.875	-1.875
empirical	user_msa	Oropetium_20150105_02675_Oropetium_20150105_02675A	Oropetium_20150105_02675_Oropetium_20150105_02675A	277	277	unique	277	277	277	0.6626794258373205	9	419	43.666666666666664	1.4907119849998598	42.0	45.0	3.0	2	0.0	1.0	1.4907119849998598	45	0	45	0	43.5	1.5	1.5
empirical	user_msa	ELECO.r07.2AG0102970_ELECO.r07.2AG0102970.1	ELECO.r07.2AG0102970_ELECO.r07.2AG0102970.1	277	277	unique	277	277	277	0.6626794258373205	9	419	43.666666666666664	1.4907119849998598	42.0	45.0	3.0	2	0.0	1.0	1.4907119849998598	45	0	45	0	43.5	1.5	1.5
empirical	user_msa	Phala.08G200500_Phala.08G200500.1	Phala.08G200500_Phala.08G200500.1	277	277	unique	277	277	277	0.6626794258373205	9	419	43.666666666666664	1.4907119849998598	42.0	45.0	3.0	2	0.0	1.0	1.4907119849998598	45	0	45	0	43.5	1.5	1.5
empirical	user_msa	Phala.08G200500_Phala.08G200500.3	Phala.08G200500_Phala.08G200500.3	277	277	unique	277	277	277	0.6626794258373205	9	419	43.666666666666664	1.4907119849998598	42.0	45.0	3.0	2	0.0	1.0	1.4907119849998598	45	0	45	0	43.5	1.5	1.5
empirical	user_msa	Phala.08G200500_Phala.08G200500.2	Phala.08G200500_Phala.08G200500.2	277	277	unique	277	277	277	0.6626794258373205	9	419	43.666666666666664	1.4907119849998598	42.0	45.0	3.0	2	0.0	1.0	1.4907119849998598	45	0	45	0	43.5	1.5	1.5
empirical	user_msa	HORVU.MOREX.r3.6HG0571560_HORVU.MOREX.r3.6HG0571560.1	HORVU.MOREX.r3.6HG0571560_HORVU.MOREX.r3.6HG0571560.1	277	277	unique	277	277	277	0.6626794258373205	9	419	43.666666666666664	1.4907119849998598	42.0	45.0	3.0	2	0.0	1.0	1.4907119849998598	42	0	42	0	43.875	-1.875	-1.875
empirical	user_msa	TraesCS6A03G0381800_TraesCS6A03G0381800.1	TraesCS6A03G0381800_TraesCS6A03G0381800.1	277	277	unique	277	277	277	0.6626794258373205	9	419	43.666666666666664	1.4907119849998598	42.0	45.0	3.0	2	0.0	1.0	1.4907119849998598	42	0	42	0	43.875	-1.875	-1.875
empirical	user_msa	Thint.S06G201700_Thint.S06G201700.1	Thint.S06G201700_Thint.S06G201700.1	277	277	unique	277	277	277	0.6626794258373205	9	419	43.666666666666664	1.4907119849998598	42.0	45.0	3.0	2	0.0	1.0	1.4907119849998598	42	0	42	0	43.875	-1.875	-1.875
empirical	user_msa	LOC_Os02g07490_LOC_Os02g07490.1	LOC_Os02g07490_LOC_Os02g07490.1	278	278	unique	278	278	278	0.6650717703349283	9	419	42.77777777777778	0.7856742013183861	42.0	44.0	2.0	3	0.0	1.0	0.7856742013183861	44	0	44	0	42.625	1.375	1.375
empirical	user_msa	Oropetium_20150105_02675_Oropetium_20150105_02675A	Oropetium_20150105_02675_Oropetium_20150105_02675A	278	278	unique	278	278	278	0.6650717703349283	9	419	42.77777777777778	0.7856742013183861	42.0	44.0	2.0	3	0.0	1.0	0.7856742013183861	42	0	42	0	42.875	-0.875	-0.875
empirical	user_msa	ELECO.r07.2AG0102970_ELECO.r07.2AG0102970.1	ELECO.r07.2AG0102970_ELECO.r07.2AG0102970.1	278	278	unique	278	278	278	0.6650717703349283	9	419	42.77777777777778	0.7856742013183861	42.0	44.0	2.0	3	0.0	1.0	0.7856742013183861	42	0	42	0	42.875	-0.875	-0.875
empirical	user_msa	Phala.08G200500_Phala.08G200500.1	Phala.08G200500_Phala.08G200500.1	278	278	unique	278	278	278	0.6650717703349283	9	419	42.77777777777778	0.7856742013183861	42.0	44.0	2.0	3	0.0	1.0	0.7856742013183861	43	0	43	0	42.75	0.25	0.25
empirical	user_msa	Phala.08G200500_Phala.08G200500.3	Phala.08G200500_Phala.08G200500.3	278	278	unique	278	278	278	0.6650717703349283	9	419	42.77777777777778	0.7856742013183861	42.0	44.0	2.0	3	0.0	1.0	0.7856742013183861	43	0	43	0	42.75	0.25	0.25
empirical	user_msa	Phala.08G200500_Phala.08G200500.2	Phala.08G200500_Phala.08G200500.2	278	278	unique	278	278	278	0.6650717703349283	9	419	42.77777777777778	0.7856742013183861	42.0	44.0	2.0	3	0.0	1.0	0.7856742013183861	43	0	43	0	42.75	0.25	0.25
empirical	user_msa	HORVU.MOREX.r3.6HG0571560_HORVU.MOREX.r3.6HG0571560.1	HORVU.MOREX.r3.6HG0571560_HORVU.MOREX.r3.6HG0571560.1	278	278	unique	278	278	278	0.6650717703349283	9	419	42.77777777777778	0.7856742013183861	42.0	44.0	2.0	3	0.0	1.0	0.7856742013183861	42	0	42	0	42.875	-0.875	-0.875
empirical	user_msa	TraesCS6A03G0381800_TraesCS6A03G0381800.1	TraesCS6A03G0381800_TraesCS6A03G0381800.1	278	278	unique	278	278	278	0.6650717703349283	9	419	42.77777777777778	0.7856742013183861	42.0	44.0	2.0	3	0.0	1.0	0.7856742013183861	44	0	44	0	42.625	1.375	1.375
empirical	user_msa	Thint.S06G201700_Thint.S06G201700.1	Thint.S06G201700_Thint.S06G201700.1	278	278	unique	278	278	278	0.6650717703349283	9	419	42.77777777777778	0.7856742013183861	42.0	44.0	2.0	3	0.0	1.0	0.7856742013183861	42	0	42	0	42.875	-0.875	-0.875
empirical	user_msa	LOC_Os02g07490_LOC_Os02g07490.1	LOC_Os02g07490_LOC_Os02g07490.1	279	279	unique	279	279	279	0.6674641148325359	9	419	21.444444444444443	8.447367914999205	12.0	29.0	17.0	2	0.0	1.0	8.447367914999205	29	0	29	0	20.5	8.5	8.5
empirical	user_msa	Oropetium_20150105_02675_Oropetium_20150105_02675A	Oropetium_20150105_02675_Oropetium_20150105_02675A	279	279	unique	279	279	279	0.6674641148325359	9	419	21.444444444444443	8.447367914999205	12.0	29.0	17.0	2	0.0	1.0	8.447367914999205	12	0	12	0	22.625	-10.625	-10.625
empirical	user_msa	ELECO.r07.2AG0102970_ELECO.r07.2AG0102970.1	ELECO.r07.2AG0102970_ELECO.r07.2AG0102970.1	279	279	unique	279	279	279	0.6674641148325359	9	419	21.444444444444443	8.447367914999205	12.0	29.0	17.0	2	0.0	1.0	8.447367914999205	29	0	29	0	20.5	8.5	8.5
empirical	user_msa	Phala.08G200500_Phala.08G200500.1	Phala.08G200500_Phala.08G200500.1	279	279	unique	279	279	279	0.6674641148325359	9	419	21.444444444444443	8.447367914999205	12.0	29.0	17.0	2	0.0	1.0	8.447367914999205	12	0	12	0	22.625	-10.625	-10.625
empirical	user_msa	Phala.08G200500_Phala.08G200500.3	Phala.08G200500_Phala.08G200500.3	279	279	unique	279	279	279	0.6674641148325359	9	419	21.444444444444443	8.447367914999205	12.0	29.0	17.0	2	0.0	1.0	8.447367914999205	12	0	12	0	22.625	-10.625	-10.625
empirical	user_msa	Phala.08G200500_Phala.08G200500.2	Phala.08G200500_Phala.08G200500.2	279	279	unique	279	279	279	0.6674641148325359	9	419	21.444444444444443	8.447367914999205	12.0	29.0	17.0	2	0.0	1.0	8.447367914999205	12	0	12	0	22.625	-10.625	-10.625
empirical	user_msa	HORVU.MOREX.r3.6HG0571560_HORVU.MOREX.r3.6HG0571560.1	HORVU.MOREX.r3.6HG0571560_HORVU.MOREX.r3.6HG0571560.1	279	279	unique	279	279	279	0.6674641148325359	9	419	21.444444444444443	8.447367914999205	12.0	29.0	17.0	2	0.0	1.0	8.447367914999205	29	0	29	0	20.5	8.5	8.5
empirical	user_msa	TraesCS6A03G0381800_TraesCS6A03G0381800.1	TraesCS6A03G0381800_TraesCS6A03G0381800.1	279	279	unique	279	279	279	0.6674641148325359	9	419	21.444444444444443	8.447367914999205	12.0	29.0	17.0	2	0.0	1.0	8.447367914999205	29	0	29	0	20.5	8.5	8.5
empirical	user_msa	Thint.S06G201700_Thint.S06G201700.1	Thint.S06G201700_Thint.S06G201700.1	279	279	unique	279	279	279	0.6674641148325359	9	419	21.444444444444443	8.447367914999205	12.0	29.0	17.0	2	0.0	1.0	8.447367914999205	29	0	29	0	20.5	8.5	8.5
empirical	user_msa	LOC_Os02g07490_LOC_Os02g07490.1	LOC_Os02g07490_LOC_Os02g07490.1	280	280	unique	280	280	280	0.6698564593301436	9	419	43.22222222222222	1.987615979999813	41.0	45.0	4.0	2	0.0	1.0	1.987615979999813	45	0	45	0	43.0	2.0	2.0
empirical	user_msa	Oropetium_20150105_02675_Oropetium_20150105_02675A	Oropetium_20150105_02675_Oropetium_20150105_02675A	280	280	unique	280	280	280	0.6698564593301436	9	419	43.22222222222222	1.987615979999813	41.0	45.0	4.0	2	0.0	1.0	1.987615979999813	41	0	41	0	43.5	-2.5	-2.5
empirical	user_msa	ELECO.r07.2AG0102970_ELECO.r07.2AG0102970.1	ELECO.r07.2AG0102970_ELECO.r07.2AG0102970.1	280	280	unique	280	280	280	0.6698564593301436	9	419	43.22222222222222	1.987615979999813	41.0	45.0	4.0	2	0.0	1.0	1.987615979999813	45	0	45	0	43.0	2.0	2.0
empirical	user_msa	Phala.08G200500_Phala.08G200500.1	Phala.08G200500_Phala.08G200500.1	280	280	unique	280	280	280	0.6698564593301436	9	419	43.22222222222222	1.987615979999813	41.0	45.0	4.0	2	0.0	1.0	1.987615979999813	41	0	41	0	43.5	-2.5	-2.5
empirical	user_msa	Phala.08G200500_Phala.08G200500.3	Phala.08G200500_Phala.08G200500.3	280	280	unique	280	280	280	0.6698564593301436	9	419	43.22222222222222	1.987615979999813	41.0	45.0	4.0	2	0.0	1.0	1.987615979999813	41	0	41	0	43.5	-2.5	-2.5
empirical	user_msa	Phala.08G200500_Phala.08G200500.2	Phala.08G200500_Phala.08G200500.2	280	280	unique	280	280	280	0.6698564593301436	9	419	43.22222222222222	1.987615979999813	41.0	45.0	4.0	2	0.0	1.0	1.987615979999813	41	0	41	0	43.5	-2.5	-2.5
empirical	user_msa	HORVU.MOREX.r3.6HG0571560_HORVU.MOREX.r3.6HG0571560.1	HORVU.MOREX.r3.6HG0571560_HORVU.MOREX.r3.6HG0571560.1	280	280	unique	280	280	280	0.6698564593301436	9	419	43.22222222222222	1.987615979999813	41.0	45.0	4.0	2	0.0	1.0	1.987615979999813	45	0	45	0	43.0	2.0	2.0
empirical	user_msa	TraesCS6A03G0381800_TraesCS6A03G0381800.1	TraesCS6A03G0381800_TraesCS6A03G0381800.1	280	280	unique	280	280	280	0.6698564593301436	9	419	43.22222222222222	1.987615979999813	41.0	45.0	4.0	2	0.0	1.0	1.987615979999813	45	0	45	0	43.0	2.0	2.0
empirical	user_msa	Thint.S06G201700_Thint.S06G201700.1	Thint.S06G201700_Thint.S06G201700.1	280	280	unique	280	280	280	0.6698564593301436	9	419	43.22222222222222	1.987615979999813	41.0	45.0	4.0	2	0.0	1.0	1.987615979999813	45	0	45	0	43.0	2.0	2.0
empirical	user_msa	LOC_Os02g07490_LOC_Os02g07490.1	LOC_Os02g07490_LOC_Os02g07490.1	281	281	unique	281	281	281	0.6722488038277512	9	419	40.333333333333336	0.9428090415820634	39.0	41.0	2.0	2	0.0	1.0	0.9428090415820634	41	0	41	0	40.25	0.75	0.75
empirical	user_msa	Oropetium_20150105_02675_Oropetium_20150105_02675A	Oropetium_20150105_02675_Oropetium_20150105_02675A	281	281	unique	281	281	281	0.6722488038277512	9	419	40.333333333333336	0.9428090415820634	39.0	41.0	2.0	2	0.0	1.0	0.9428090415820634	41	0	41	0	40.25	0.75	0.75
empirical	user_msa	ELECO.r07.2AG0102970_ELECO.r07.2AG0102970.1	ELECO.r07.2AG0102970_ELECO.r07.2AG0102970.1	281	281	unique	281	281	281	0.6722488038277512	9	419	40.333333333333336	0.9428090415820634	39.0	41.0	2.0	2	0.0	1.0	0.9428090415820634	41	0	41	0	40.25	0.75	0.75
empirical	user_msa	Phala.08G200500_Phala.08G200500.1	Phala.08G200500_Phala.08G200500.1	281	281	unique	281	281	281	0.6722488038277512	9	419	40.333333333333336	0.9428090415820634	39.0	41.0	2.0	2	0.0	1.0	0.9428090415820634	39	0	39	0	40.5	-1.5	-1.5
empirical	user_msa	Phala.08G200500_Phala.08G200500.3	Phala.08G200500_Phala.08G200500.3	281	281	unique	281	281	281	0.6722488038277512	9	419	40.333333333333336	0.9428090415820634	39.0	41.0	2.0	2	0.0	1.0	0.9428090415820634	39	0	39	0	40.5	-1.5	-1.5
empirical	user_msa	Phala.08G200500_Phala.08G200500.2	Phala.08G200500_Phala.08G200500.2	281	281	unique	281	281	281	0.6722488038277512	9	419	40.333333333333336	0.9428090415820634	39.0	41.0	2.0	2	0.0	1.0	0.9428090415820634	39	0	39	0	40.5	-1.5	-1.5
empirical	user_msa	HORVU.MOREX.r3.6HG0571560_HORVU.MOREX.r3.6HG0571560.1	HORVU.MOREX.r3.6HG0571560_HORVU.MOREX.r3.6HG0571560.1	281	281	unique	281	281	281	0.6722488038277512	9	419	40.333333333333336	0.9428090415820634	39.0	41.0	2.0	2	0.0	1.0	0.9428090415820634	41	0	41	0	40.25	0.75	0.75
empirical	user_msa	TraesCS6A03G0381800_TraesCS6A03G0381800.1	TraesCS6A03G0381800_TraesCS6A03G0381800.1	281	281	unique	281	281	281	0.6722488038277512	9	419	40.333333333333336	0.9428090415820634	39.0	41.0	2.0	2	0.0	1.0	0.9428090415820634	41	0	41	0	40.25	0.75	0.75
empirical	user_msa	Thint.S06G201700_Thint.S06G201700.1	Thint.S06G201700_Thint.S06G201700.1	281	281	unique	281	281	281	0.6722488038277512	9	419	40.333333333333336	0.9428090415820634	39.0	41.0	2.0	2	0.0	1.0	0.9428090415820634	41	0	41	0	40.25	0.75	0.75
empirical	user_msa	LOC_Os02g07490_LOC_Os02g07490.1	LOC_Os02g07490_LOC_Os02g07490.1	282	282	unique	282	282	282	0.6746411483253588	9	419	29.22222222222222	16.34202338742243	11.0	45.0	34.0	4	0.0	1.0	16.34202338742243	41	0	41	0	27.75	13.25	13.25
empirical	user_msa	Oropetium_20150105_02675_Oropetium_20150105_02675A	Oropetium_20150105_02675_Oropetium_20150105_02675A	282	282	unique	282	282	282	0.6746411483253588	9	419	29.22222222222222	16.34202338742243	11.0	45.0	34.0	4	0.0	1.0	16.34202338742243	11	0	11	0	31.5	-20.5	-20.5
empirical	user_msa	ELECO.r07.2AG0102970_ELECO.r07.2AG0102970.1	ELECO.r07.2AG0102970_ELECO.r07.2AG0102970.1	282	282	unique	282	282	282	0.6746411483253588	9	419	29.22222222222222	16.34202338742243	11.0	45.0	34.0	4	0.0	1.0	16.34202338742243	43	0	43	0	27.5	15.5	15.5
empirical	user_msa	Phala.08G200500_Phala.08G200500.1	Phala.08G200500_Phala.08G200500.1	282	282	unique	282	282	282	0.6746411483253588	9	419	29.22222222222222	16.34202338742243	11.0	45.0	34.0	4	0.0	1.0	16.34202338742243	11	0	11	0	31.5	-20.5	-20.5
empirical	user_msa	Phala.08G200500_Phala.08G200500.3	Phala.08G200500_Phala.08G200500.3	282	282	unique	282	282	282	0.6746411483253588	9	419	29.22222222222222	16.34202338742243	11.0	45.0	34.0	4	0.0	1.0	16.34202338742243	11	0	11	0	31.5	-20.5	-20.5
empirical	user_msa	Phala.08G200500_Phala.08G200500.2	Phala.08G200500_Phala.08G200500.2	282	282	unique	282	282	282	0.6746411483253588	9	419	29.22222222222222	16.34202338742243	11.0	45.0	34.0	4	0.0	1.0	16.34202338742243	11	0	11	0	31.5	-20.5	-20.5
empirical	user_msa	HORVU.MOREX.r3.6HG0571560_HORVU.MOREX.r3.6HG0571560.1	HORVU.MOREX.r3.6HG0571560_HORVU.MOREX.r3.6HG0571560.1	282	282	unique	282	282	282	0.6746411483253588	9	419	29.22222222222222	16.34202338742243	11.0	45.0	34.0	4	0.0	1.0	16.34202338742243	45	0	45	0	27.25	17.75	17.75
empirical	user_msa	TraesCS6A03G0381800_TraesCS6A03G0381800.1	TraesCS6A03G0381800_TraesCS6A03G0381800.1	282	282	unique	282	282	282	0.6746411483253588	9	419	29.22222222222222	16.34202338742243	11.0	45.0	34.0	4	0.0	1.0	16.34202338742243	45	0	45	0	27.25	17.75	17.75
empirical	user_msa	Thint.S06G201700_Thint.S06G201700.1	Thint.S06G201700_Thint.S06G201700.1	282	282	unique	282	282	282	0.6746411483253588	9	419	29.22222222222222	16.34202338742243	11.0	45.0	34.0	4	0.0	1.0	16.34202338742243	45	0	45	0	27.25	17.75	17.75
empirical	user_msa	LOC_Os02g07490_LOC_Os02g07490.1	LOC_Os02g07490_LOC_Os02g07490.1	283	283	unique	283	283	283	0.6770334928229665	9	419	37.333333333333336	21.62303298696914	18.0	62.0	44.0	3	0.0	1.0	21.62303298696914	18	0	18	0	39.75	-21.75	-21.75
empirical	user_msa	Oropetium_20150105_02675_Oropetium_20150105_02675A	Oropetium_20150105_02675_Oropetium_20150105_02675A	283	283	unique	283	283	283	0.6770334928229665	9	419	37.333333333333336	21.62303298696914	18.0	62.0	44.0	3	0.0	1.0	21.62303298696914	60	0	60	0	34.5	25.5	25.5
empirical	user_msa	ELECO.r07.2AG0102970_ELECO.r07.2AG0102970.1	ELECO.r07.2AG0102970_ELECO.r07.2AG0102970.1	283	283	unique	283	283	283	0.6770334928229665	9	419	37.333333333333336	21.62303298696914	18.0	62.0	44.0	3	0.0	1.0	21.62303298696914	18	0	18	0	39.75	-21.75	-21.75
empirical	user_msa	Phala.08G200500_Phala.08G200500.1	Phala.08G200500_Phala.08G200500.1	283	283	unique	283	283	283	0.6770334928229665	9	419	37.333333333333336	21.62303298696914	18.0	62.0	44.0	3	0.0	1.0	21.62303298696914	62	0	62	0	34.25	27.75	27.75
empirical	user_msa	Phala.08G200500_Phala.08G200500.3	Phala.08G200500_Phala.08G200500.3	283	283	unique	283	283	283	0.6770334928229665	9	419	37.333333333333336	21.62303298696914	18.0	62.0	44.0	3	0.0	1.0	21.62303298696914	62	0	62	0	34.25	27.75	27.75
empirical	user_msa	Phala.08G200500_Phala.08G200500.2	Phala.08G200500_Phala.08G200500.2	283	283	unique	283	283	283	0.6770334928229665	9	419	37.333333333333336	21.62303298696914	18.0	62.0	44.0	3	0.0	1.0	21.62303298696914	62	0	62	0	34.25	27.75	27.75
empirical	user_msa	HORVU.MOREX.r3.6HG0571560_HORVU.MOREX.r3.6HG0571560.1	HORVU.MOREX.r3.6HG0571560_HORVU.MOREX.r3.6HG0571560.1	283	283	unique	283	283	283	0.6770334928229665	9	419	37.333333333333336	21.62303298696914	18.0	62.0	44.0	3	0.0	1.0	21.62303298696914	18	0	18	0	39.75	-21.75	-21.75
empirical	user_msa	TraesCS6A03G0381800_TraesCS6A03G0381800.1	TraesCS6A03G0381800_TraesCS6A03G0381800.1	283	283	unique	283	283	283	0.6770334928229665	9	419	37.333333333333336	21.62303298696914	18.0	62.0	44.0	3	0.0	1.0	21.62303298696914	18	0	18	0	39.75	-21.75	-21.75
empirical	user_msa	Thint.S06G201700_Thint.S06G201700.1	Thint.S06G201700_Thint.S06G201700.1	283	283	unique	283	283	283	0.6770334928229665	9	419	37.333333333333336	21.62303298696914	18.0	62.0	44.0	3	0.0	1.0	21.62303298696914	18	0	18	0	39.75	-21.75	-21.75
empirical	user_msa	LOC_Os02g07490_LOC_Os02g07490.1	LOC_Os02g07490_LOC_Os02g07490.1	284	284	unique	284	284	284	0.6794258373205742	9	419	3.0	0.0	3.0	3.0	0.0	1	0.0	1.0	0.0	3	0	3	0	3.0	0.0	0.0
empirical	user_msa	Oropetium_20150105_02675_Oropetium_20150105_02675A	Oropetium_20150105_02675_Oropetium_20150105_02675A	284	284	unique	284	284	284	0.6794258373205742	9	419	3.0	0.0	3.0	3.0	0.0	1	0.0	1.0	0.0	3	0	3	0	3.0	0.0	0.0
empirical	user_msa	ELECO.r07.2AG0102970_ELECO.r07.2AG0102970.1	ELECO.r07.2AG0102970_ELECO.r07.2AG0102970.1	284	284	unique	284	284	284	0.6794258373205742	9	419	3.0	0.0	3.0	3.0	0.0	1	0.0	1.0	0.0	3	0	3	0	3.0	0.0	0.0
empirical	user_msa	Phala.08G200500_Phala.08G200500.1	Phala.08G200500_Phala.08G200500.1	284	284	unique	284	284	284	0.6794258373205742	9	419	3.0	0.0	3.0	3.0	0.0	1	0.0	1.0	0.0	3	0	3	0	3.0	0.0	0.0
empirical	user_msa	Phala.08G200500_Phala.08G200500.3	Phala.08G200500_Phala.08G200500.3	284	284	unique	284	284	284	0.6794258373205742	9	419	3.0	0.0	3.0	3.0	0.0	1	0.0	1.0	0.0	3	0	3	0	3.0	0.0	0.0
empirical	user_msa	Phala.08G200500_Phala.08G200500.2	Phala.08G200500_Phala.08G200500.2	284	284	unique	284	284	284	0.6794258373205742	9	419	3.0	0.0	3.0	3.0	0.0	1	0.0	1.0	0.0	3	0	3	0	3.0	0.0	0.0
empirical	user_msa	HORVU.MOREX.r3.6HG0571560_HORVU.MOREX.r3.6HG0571560.1	HORVU.MOREX.r3.6HG0571560_HORVU.MOREX.r3.6HG0571560.1	284	284	unique	284	284	284	0.6794258373205742	9	419	3.0	0.0	3.0	3.0	0.0	1	0.0	1.0	0.0	3	0	3	0	3.0	0.0	0.0
empirical	user_msa	TraesCS6A03G0381800_TraesCS6A03G0381800.1	TraesCS6A03G0381800_TraesCS6A03G0381800.1	284	284	unique	284	284	284	0.6794258373205742	9	419	3.0	0.0	3.0	3.0	0.0	1	0.0	1.0	0.0	3	0	3	0	3.0	0.0	0.0
empirical	user_msa	Thint.S06G201700_Thint.S06G201700.1	Thint.S06G201700_Thint.S06G201700.1	284	284	unique	284	284	284	0.6794258373205742	9	419	3.0	0.0	3.0	3.0	0.0	1	0.0	1.0	0.0	3	0	3	0	3.0	0.0	0.0
empirical	user_msa	LOC_Os02g07490_LOC_Os02g07490.1	LOC_Os02g07490_LOC_Os02g07490.1	285	285	unique	285	285	285	0.6818181818181818	9	419	14.555555555555555	0.49690399499995325	14.0	15.0	1.0	2	0.0	1.0	0.49690399499995325	14	0	14	0	14.625	-0.625	-0.625
empirical	user_msa	Oropetium_20150105_02675_Oropetium_20150105_02675A	Oropetium_20150105_02675_Oropetium_20150105_02675A	285	285	unique	285	285	285	0.6818181818181818	9	419	14.555555555555555	0.49690399499995325	14.0	15.0	1.0	2	0.0	1.0	0.49690399499995325	15	0	15	0	14.5	0.5	0.5
empirical	user_msa	ELECO.r07.2AG0102970_ELECO.r07.2AG0102970.1	ELECO.r07.2AG0102970_ELECO.r07.2AG0102970.1	285	285	unique	285	285	285	0.6818181818181818	9	419	14.555555555555555	0.49690399499995325	14.0	15.0	1.0	2	0.0	1.0	0.49690399499995325	15	0	15	0	14.5	0.5	0.5
empirical	user_msa	Phala.08G200500_Phala.08G200500.1	Phala.08G200500_Phala.08G200500.1	285	285	unique	285	285	285	0.6818181818181818	9	419	14.555555555555555	0.49690399499995325	14.0	15.0	1.0	2	0.0	1.0	0.49690399499995325	15	0	15	0	14.5	0.5	0.5
empirical	user_msa	Phala.08G200500_Phala.08G200500.3	Phala.08G200500_Phala.08G200500.3	285	285	unique	285	285	285	0.6818181818181818	9	419	14.555555555555555	0.49690399499995325	14.0	15.0	1.0	2	0.0	1.0	0.49690399499995325	15	0	15	0	14.5	0.5	0.5
empirical	user_msa	Phala.08G200500_Phala.08G200500.2	Phala.08G200500_Phala.08G200500.2	285	285	unique	285	285	285	0.6818181818181818	9	419	14.555555555555555	0.49690399499995325	14.0	15.0	1.0	2	0.0	1.0	0.49690399499995325	15	0	15	0	14.5	0.5	0.5
empirical	user_msa	HORVU.MOREX.r3.6HG0571560_HORVU.MOREX.r3.6HG0571560.1	HORVU.MOREX.r3.6HG0571560_HORVU.MOREX.r3.6HG0571560.1	285	285	unique	285	285	285	0.6818181818181818	9	419	14.555555555555555	0.49690399499995325	14.0	15.0	1.0	2	0.0	1.0	0.49690399499995325	14	0	14	0	14.625	-0.625	-0.625
empirical	user_msa	TraesCS6A03G0381800_TraesCS6A03G0381800.1	TraesCS6A03G0381800_TraesCS6A03G0381800.1	285	285	unique	285	285	285	0.6818181818181818	9	419	14.555555555555555	0.49690399499995325	14.0	15.0	1.0	2	0.0	1.0	0.49690399499995325	14	0	14	0	14.625	-0.625	-0.625
empirical	user_msa	Thint.S06G201700_Thint.S06G201700.1	Thint.S06G201700_Thint.S06G201700.1	285	285	unique	285	285	285	0.6818181818181818	9	419	14.555555555555555	0.49690399499995325	14.0	15.0	1.0	2	0.0	1.0	0.49690399499995325	14	0	14	0	14.625	-0.625	-0.625
empirical	user_msa	LOC_Os02g07490_LOC_Os02g07490.1	LOC_Os02g07490_LOC_Os02g07490.1	286	286	unique	286	286	286	0.6842105263157895	9	419	17.0	0.0	17.0	17.0	0.0	1	0.0	1.0	0.0	17	0	17	0	17.0	0.0	0.0
empirical	user_msa	Oropetium_20150105_02675_Oropetium_20150105_02675A	Oropetium_20150105_02675_Oropetium_20150105_02675A	286	286	unique	286	286	286	0.6842105263157895	9	419	17.0	0.0	17.0	17.0	0.0	1	0.0	1.0	0.0	17	0	17	0	17.0	0.0	0.0
empirical	user_msa	ELECO.r07.2AG0102970_ELECO.r07.2AG0102970.1	ELECO.r07.2AG0102970_ELECO.r07.2AG0102970.1	286	286	unique	286	286	286	0.6842105263157895	9	419	17.0	0.0	17.0	17.0	0.0	1	0.0	1.0	0.0	17	0	17	0	17.0	0.0	0.0
empirical	user_msa	Phala.08G200500_Phala.08G200500.1	Phala.08G200500_Phala.08G200500.1	286	286	unique	286	286	286	0.6842105263157895	9	419	17.0	0.0	17.0	17.0	0.0	1	0.0	1.0	0.0	17	0	17	0	17.0	0.0	0.0
empirical	user_msa	Phala.08G200500_Phala.08G200500.3	Phala.08G200500_Phala.08G200500.3	286	286	unique	286	286	286	0.6842105263157895	9	419	17.0	0.0	17.0	17.0	0.0	1	0.0	1.0	0.0	17	0	17	0	17.0	0.0	0.0
empirical	user_msa	Phala.08G200500_Phala.08G200500.2	Phala.08G200500_Phala.08G200500.2	286	286	unique	286	286	286	0.6842105263157895	9	419	17.0	0.0	17.0	17.0	0.0	1	0.0	1.0	0.0	17	0	17	0	17.0	0.0	0.0
empirical	user_msa	HORVU.MOREX.r3.6HG0571560_HORVU.MOREX.r3.6HG0571560.1	HORVU.MOREX.r3.6HG0571560_HORVU.MOREX.r3.6HG0571560.1	286	286	unique	286	286	286	0.6842105263157895	9	419	17.0	0.0	17.0	17.0	0.0	1	0.0	1.0	0.0	17	0	17	0	17.0	0.0	0.0
empirical	user_msa	TraesCS6A03G0381800_TraesCS6A03G0381800.1	TraesCS6A03G0381800_TraesCS6A03G0381800.1	286	286	unique	286	286	286	0.6842105263157895	9	419	17.0	0.0	17.0	17.0	0.0	1	0.0	1.0	0.0	17	0	17	0	17.0	0.0	0.0
empirical	user_msa	Thint.S06G201700_Thint.S06G201700.1	Thint.S06G201700_Thint.S06G201700.1	286	286	unique	286	286	286	0.6842105263157895	9	419	17.0	0.0	17.0	17.0	0.0	1	0.0	1.0	0.0	17	0	17	0	17.0	0.0	0.0
empirical	user_msa	LOC_Os02g07490_LOC_Os02g07490.1	LOC_Os02g07490_LOC_Os02g07490.1	287	287	unique	287	287	287	0.6866028708133971	9	419	24.0	1.4142135623730951	22.0	25.0	3.0	2	0.0	1.0	1.4142135623730951	25	0	25	0	23.875	1.125	1.125
empirical	user_msa	Oropetium_20150105_02675_Oropetium_20150105_02675A	Oropetium_20150105_02675_Oropetium_20150105_02675A	287	287	unique	287	287	287	0.6866028708133971	9	419	24.0	1.4142135623730951	22.0	25.0	3.0	2	0.0	1.0	1.4142135623730951	25	0	25	0	23.875	1.125	1.125
empirical	user_msa	ELECO.r07.2AG0102970_ELECO.r07.2AG0102970.1	ELECO.r07.2AG0102970_ELECO.r07.2AG0102970.1	287	287	unique	287	287	287	0.6866028708133971	9	419	24.0	1.4142135623730951	22.0	25.0	3.0	2	0.0	1.0	1.4142135623730951	25	0	25	0	23.875	1.125	1.125
empirical	user_msa	Phala.08G200500_Phala.08G200500.1	Phala.08G200500_Phala.08G200500.1	287	287	unique	287	287	287	0.6866028708133971	9	419	24.0	1.4142135623730951	22.0	25.0	3.0	2	0.0	1.0	1.4142135623730951	22	0	22	0	24.25	-2.25	-2.25
empirical	user_msa	Phala.08G200500_Phala.08G200500.3	Phala.08G200500_Phala.08G200500.3	287	287	unique	287	287	287	0.6866028708133971	9	419	24.0	1.4142135623730951	22.0	25.0	3.0	2	0.0	1.0	1.4142135623730951	22	0	22	0	24.25	-2.25	-2.25
empirical	user_msa	Phala.08G200500_Phala.08G200500.2	Phala.08G200500_Phala.08G200500.2	287	287	unique	287	287	287	0.6866028708133971	9	419	24.0	1.4142135623730951	22.0	25.0	3.0	2	0.0	1.0	1.4142135623730951	22	0	22	0	24.25	-2.25	-2.25
empirical	user_msa	HORVU.MOREX.r3.6HG0571560_HORVU.MOREX.r3.6HG0571560.1	HORVU.MOREX.r3.6HG0571560_HORVU.MOREX.r3.6HG0571560.1	287	287	unique	287	287	287	0.6866028708133971	9	419	24.0	1.4142135623730951	22.0	25.0	3.0	2	0.0	1.0	1.4142135623730951	25	0	25	0	23.875	1.125	1.125
empirical	user_msa	TraesCS6A03G0381800_TraesCS6A03G0381800.1	TraesCS6A03G0381800_TraesCS6A03G0381800.1	287	287	unique	287	287	287	0.6866028708133971	9	419	24.0	1.4142135623730951	22.0	25.0	3.0	2	0.0	1.0	1.4142135623730951	25	0	25	0	23.875	1.125	1.125
empirical	user_msa	Thint.S06G201700_Thint.S06G201700.1	Thint.S06G201700_Thint.S06G201700.1	287	287	unique	287	287	287	0.6866028708133971	9	419	24.0	1.4142135623730951	22.0	25.0	3.0	2	0.0	1.0	1.4142135623730951	25	0	25	0	23.875	1.125	1.125
empirical	user_msa	LOC_Os02g07490_LOC_Os02g07490.1	LOC_Os02g07490_LOC_Os02g07490.1	288	288	unique	288	288	288	0.6889952153110048	9	419	11.0	0.0	11.0	11.0	0.0	1	0.0	1.0	0.0	11	0	11	0	11.0	0.0	0.0
empirical	user_msa	Oropetium_20150105_02675_Oropetium_20150105_02675A	Oropetium_20150105_02675_Oropetium_20150105_02675A	288	288	unique	288	288	288	0.6889952153110048	9	419	11.0	0.0	11.0	11.0	0.0	1	0.0	1.0	0.0	11	0	11	0	11.0	0.0	0.0
empirical	user_msa	ELECO.r07.2AG0102970_ELECO.r07.2AG0102970.1	ELECO.r07.2AG0102970_ELECO.r07.2AG0102970.1	288	288	unique	288	288	288	0.6889952153110048	9	419	11.0	0.0	11.0	11.0	0.0	1	0.0	1.0	0.0	11	0	11	0	11.0	0.0	0.0
empirical	user_msa	Phala.08G200500_Phala.08G200500.1	Phala.08G200500_Phala.08G200500.1	288	288	unique	288	288	288	0.6889952153110048	9	419	11.0	0.0	11.0	11.0	0.0	1	0.0	1.0	0.0	11	0	11	0	11.0	0.0	0.0
empirical	user_msa	Phala.08G200500_Phala.08G200500.3	Phala.08G200500_Phala.08G200500.3	288	288	unique	288	288	288	0.6889952153110048	9	419	11.0	0.0	11.0	11.0	0.0	1	0.0	1.0	0.0	11	0	11	0	11.0	0.0	0.0
empirical	user_msa	Phala.08G200500_Phala.08G200500.2	Phala.08G200500_Phala.08G200500.2	288	288	unique	288	288	288	0.6889952153110048	9	419	11.0	0.0	11.0	11.0	0.0	1	0.0	1.0	0.0	11	0	11	0	11.0	0.0	0.0
empirical	user_msa	HORVU.MOREX.r3.6HG0571560_HORVU.MOREX.r3.6HG0571560.1	HORVU.MOREX.r3.6HG0571560_HORVU.MOREX.r3.6HG0571560.1	288	288	unique	288	288	288	0.6889952153110048	9	419	11.0	0.0	11.0	11.0	0.0	1	0.0	1.0	0.0	11	0	11	0	11.0	0.0	0.0
empirical	user_msa	TraesCS6A03G0381800_TraesCS6A03G0381800.1	TraesCS6A03G0381800_TraesCS6A03G0381800.1	288	288	unique	288	288	288	0.6889952153110048	9	419	11.0	0.0	11.0	11.0	0.0	1	0.0	1.0	0.0	11	0	11	0	11.0	0.0	0.0
empirical	user_msa	Thint.S06G201700_Thint.S06G201700.1	Thint.S06G201700_Thint.S06G201700.1	288	288	unique	288	288	288	0.6889952153110048	9	419	11.0	0.0	11.0	11.0	0.0	1	0.0	1.0	0.0	11	0	11	0	11.0	0.0	0.0
empirical	user_msa	LOC_Os02g07490_LOC_Os02g07490.1	LOC_Os02g07490_LOC_Os02g07490.1	289	289	unique	289	289	289	0.6913875598086124	9	419	34.333333333333336	20.869967789998036	11.0	53.0	42.0	2	0.0	1.0	20.869967789998036	53	0	53	0	32.0	21.0	21.0
empirical	user_msa	Oropetium_20150105_02675_Oropetium_20150105_02675A	Oropetium_20150105_02675_Oropetium_20150105_02675A	289	289	unique	289	289	289	0.6913875598086124	9	419	34.333333333333336	20.869967789998036	11.0	53.0	42.0	2	0.0	1.0	20.869967789998036	11	0	11	0	37.25	-26.25	-26.25
empirical	user_msa	ELECO.r07.2AG0102970_ELECO.r07.2AG0102970.1	ELECO.r07.2AG0102970_ELECO.r07.2AG0102970.1	289	289	unique	289	289	289	0.6913875598086124	9	419	34.333333333333336	20.869967789998036	11.0	53.0	42.0	2	0.0	1.0	20.869967789998036	53	0	53	0	32.0	21.0	21.0
empirical	user_msa	Phala.08G200500_Phala.08G200500.1	Phala.08G200500_Phala.08G200500.1	289	289	unique	289	289	289	0.6913875598086124	9	419	34.333333333333336	20.869967789998036	11.0	53.0	42.0	2	0.0	1.0	20.869967789998036	11	0	11	0	37.25	-26.25	-26.25
empirical	user_msa	Phala.08G200500_Phala.08G200500.3	Phala.08G200500_Phala.08G200500.3	289	289	unique	289	289	289	0.6913875598086124	9	419	34.333333333333336	20.869967789998036	11.0	53.0	42.0	2	0.0	1.0	20.869967789998036	11	0	11	0	37.25	-26.25	-26.25
empirical	user_msa	Phala.08G200500_Phala.08G200500.2	Phala.08G200500_Phala.08G200500.2	289	289	unique	289	289	289	0.6913875598086124	9	419	34.333333333333336	20.869967789998036	11.0	53.0	42.0	2	0.0	1.0	20.869967789998036	11	0	11	0	37.25	-26.25	-26.25
empirical	user_msa	HORVU.MOREX.r3.6HG0571560_HORVU.MOREX.r3.6HG0571560.1	HORVU.MOREX.r3.6HG0571560_HORVU.MOREX.r3.6HG0571560.1	289	289	unique	289	289	289	0.6913875598086124	9	419	34.333333333333336	20.869967789998036	11.0	53.0	42.0	2	0.0	1.0	20.869967789998036	53	0	53	0	32.0	21.0	21.0
empirical	user_msa	TraesCS6A03G0381800_TraesCS6A03G0381800.1	TraesCS6A03G0381800_TraesCS6A03G0381800.1	289	289	unique	289	289	289	0.6913875598086124	9	419	34.333333333333336	20.869967789998036	11.0	53.0	42.0	2	0.0	1.0	20.869967789998036	53	0	53	0	32.0	21.0	21.0
empirical	user_msa	Thint.S06G201700_Thint.S06G201700.1	Thint.S06G201700_Thint.S06G201700.1	289	289	unique	289	289	289	0.6913875598086124	9	419	34.333333333333336	20.869967789998036	11.0	53.0	42.0	2	0.0	1.0	20.869967789998036	53	0	53	0	32.0	21.0	21.0
empirical	user_msa	LOC_Os02g07490_LOC_Os02g07490.1	LOC_Os02g07490_LOC_Os02g07490.1	290	290	unique	290	290	290	0.69377990430622	9	419	8.333333333333334	0.9428090415820634	7.0	9.0	2.0	2	0.0	1.0	0.9428090415820634	9	0	9	0	8.25	0.75	0.75
empirical	user_msa	Oropetium_20150105_02675_Oropetium_20150105_02675A	Oropetium_20150105_02675_Oropetium_20150105_02675A	290	290	unique	290	290	290	0.69377990430622	9	419	8.333333333333334	0.9428090415820634	7.0	9.0	2.0	2	0.0	1.0	0.9428090415820634	9	0	9	0	8.25	0.75	0.75
empirical	user_msa	ELECO.r07.2AG0102970_ELECO.r07.2AG0102970.1	ELECO.r07.2AG0102970_ELECO.r07.2AG0102970.1	290	290	unique	290	290	290	0.69377990430622	9	419	8.333333333333334	0.9428090415820634	7.0	9.0	2.0	2	0.0	1.0	0.9428090415820634	9	0	9	0	8.25	0.75	0.75
empirical	user_msa	Phala.08G200500_Phala.08G200500.1	Phala.08G200500_Phala.08G200500.1	290	290	unique	290	290	290	0.69377990430622	9	419	8.333333333333334	0.9428090415820634	7.0	9.0	2.0	2	0.0	1.0	0.9428090415820634	7	0	7	0	8.5	-1.5	-1.5
empirical	user_msa	Phala.08G200500_Phala.08G200500.3	Phala.08G200500_Phala.08G200500.3	290	290	unique	290	290	290	0.69377990430622	9	419	8.333333333333334	0.9428090415820634	7.0	9.0	2.0	2	0.0	1.0	0.9428090415820634	7	0	7	0	8.5	-1.5	-1.5
empirical	user_msa	Phala.08G200500_Phala.08G200500.2	Phala.08G200500_Phala.08G200500.2	290	290	unique	290	290	290	0.69377990430622	9	419	8.333333333333334	0.9428090415820634	7.0	9.0	2.0	2	0.0	1.0	0.9428090415820634	7	0	7	0	8.5	-1.5	-1.5
empirical	user_msa	HORVU.MOREX.r3.6HG0571560_HORVU.MOREX.r3.6HG0571560.1	HORVU.MOREX.r3.6HG0571560_HORVU.MOREX.r3.6HG0571560.1	290	290	unique	290	290	290	0.69377990430622	9	419	8.333333333333334	0.9428090415820634	7.0	9.0	2.0	2	0.0	1.0	0.9428090415820634	9	0	9	0	8.25	0.75	0.75
empirical	user_msa	TraesCS6A03G0381800_TraesCS6A03G0381800.1	TraesCS6A03G0381800_TraesCS6A03G0381800.1	290	290	unique	290	290	290	0.69377990430622	9	419	8.333333333333334	0.9428090415820634	7.0	9.0	2.0	2	0.0	1.0	0.9428090415820634	9	0	9	0	8.25	0.75	0.75
empirical	user_msa	Thint.S06G201700_Thint.S06G201700.1	Thint.S06G201700_Thint.S06G201700.1	290	290	unique	290	290	290	0.69377990430622	9	419	8.333333333333334	0.9428090415820634	7.0	9.0	2.0	2	0.0	1.0	0.9428090415820634	9	0	9	0	8.25	0.75	0.75
empirical	user_msa	LOC_Os02g07490_LOC_Os02g07490.1	LOC_Os02g07490_LOC_Os02g07490.1	291	291	unique	291	291	291	0.6961722488038278	9	419	45.0	0.0	45.0	45.0	0.0	1	0.0	1.0	0.0	45	0	45	0	45.0	0.0	0.0
empirical	user_msa	Oropetium_20150105_02675_Oropetium_20150105_02675A	Oropetium_20150105_02675_Oropetium_20150105_02675A	291	291	unique	291	291	291	0.6961722488038278	9	419	45.0	0.0	45.0	45.0	0.0	1	0.0	1.0	0.0	45	0	45	0	45.0	0.0	0.0
empirical	user_msa	ELECO.r07.2AG0102970_ELECO.r07.2AG0102970.1	ELECO.r07.2AG0102970_ELECO.r07.2AG0102970.1	291	291	unique	291	291	291	0.6961722488038278	9	419	45.0	0.0	45.0	45.0	0.0	1	0.0	1.0	0.0	45	0	45	0	45.0	0.0	0.0
empirical	user_msa	Phala.08G200500_Phala.08G200500.1	Phala.08G200500_Phala.08G200500.1	291	291	unique	291	291	291	0.6961722488038278	9	419	45.0	0.0	45.0	45.0	0.0	1	0.0	1.0	0.0	45	0	45	0	45.0	0.0	0.0
empirical	user_msa	Phala.08G200500_Phala.08G200500.3	Phala.08G200500_Phala.08G200500.3	291	291	unique	291	291	291	0.6961722488038278	9	419	45.0	0.0	45.0	45.0	0.0	1	0.0	1.0	0.0	45	0	45	0	45.0	0.0	0.0
empirical	user_msa	Phala.08G200500_Phala.08G200500.2	Phala.08G200500_Phala.08G200500.2	291	291	unique	291	291	291	0.6961722488038278	9	419	45.0	0.0	45.0	45.0	0.0	1	0.0	1.0	0.0	45	0	45	0	45.0	0.0	0.0
empirical	user_msa	HORVU.MOREX.r3.6HG0571560_HORVU.MOREX.r3.6HG0571560.1	HORVU.MOREX.r3.6HG0571560_HORVU.MOREX.r3.6HG0571560.1	291	291	unique	291	291	291	0.6961722488038278	9	419	45.0	0.0	45.0	45.0	0.0	1	0.0	1.0	0.0	45	0	45	0	45.0	0.0	0.0
empirical	user_msa	TraesCS6A03G0381800_TraesCS6A03G0381800.1	TraesCS6A03G0381800_TraesCS6A03G0381800.1	291	291	unique	291	291	291	0.6961722488038278	9	419	45.0	0.0	45.0	45.0	0.0	1	0.0	1.0	0.0	45	0	45	0	45.0	0.0	0.0
empirical	user_msa	Thint.S06G201700_Thint.S06G201700.1	Thint.S06G201700_Thint.S06G201700.1	291	291	unique	291	291	291	0.6961722488038278	9	419	45.0	0.0	45.0	45.0	0.0	1	0.0	1.0	0.0	45	0	45	0	45.0	0.0	0.0
empirical	user_msa	LOC_Os02g07490_LOC_Os02g07490.1	LOC_Os02g07490_LOC_Os02g07490.1	292	292	unique	292	292	292	0.6985645933014354	9	419	39.111111111111114	1.3698697784375502	38.0	41.0	3.0	3	0.0	1.0	1.3698697784375502	38	0	38	0	39.25	-1.25	-1.25
empirical	user_msa	Oropetium_20150105_02675_Oropetium_20150105_02675A	Oropetium_20150105_02675_Oropetium_20150105_02675A	292	292	unique	292	292	292	0.6985645933014354	9	419	39.111111111111114	1.3698697784375502	38.0	41.0	3.0	3	0.0	1.0	1.3698697784375502	39	0	39	0	39.125	-0.125	-0.125
empirical	user_msa	ELECO.r07.2AG0102970_ELECO.r07.2AG0102970.1	ELECO.r07.2AG0102970_ELECO.r07.2AG0102970.1	292	292	unique	292	292	292	0.6985645933014354	9	419	39.111111111111114	1.3698697784375502	38.0	41.0	3.0	3	0.0	1.0	1.3698697784375502	38	0	38	0	39.25	-1.25	-1.25
empirical	user_msa	Phala.08G200500_Phala.08G200500.1	Phala.08G200500_Phala.08G200500.1	292	292	unique	292	292	292	0.6985645933014354	9	419	39.111111111111114	1.3698697784375502	38.0	41.0	3.0	3	0.0	1.0	1.3698697784375502	41	0	41	0	38.875	2.125	2.125
empirical	user_msa	Phala.08G200500_Phala.08G200500.3	Phala.08G200500_Phala.08G200500.3	292	292	unique	292	292	292	0.6985645933014354	9	419	39.111111111111114	1.3698697784375502	38.0	41.0	3.0	3	0.0	1.0	1.3698697784375502	41	0	41	0	38.875	2.125	2.125
empirical	user_msa	Phala.08G200500_Phala.08G200500.2	Phala.08G200500_Phala.08G200500.2	292	292	unique	292	292	292	0.6985645933014354	9	419	39.111111111111114	1.3698697784375502	38.0	41.0	3.0	3	0.0	1.0	1.3698697784375502	41	0	41	0	38.875	2.125	2.125
empirical	user_msa	HORVU.MOREX.r3.6HG0571560_HORVU.MOREX.r3.6HG0571560.1	HORVU.MOREX.r3.6HG0571560_HORVU.MOREX.r3.6HG0571560.1	292	292	unique	292	292	292	0.6985645933014354	9	419	39.111111111111114	1.3698697784375502	38.0	41.0	3.0	3	0.0	1.0	1.3698697784375502	38	0	38	0	39.25	-1.25	-1.25
empirical	user_msa	TraesCS6A03G0381800_TraesCS6A03G0381800.1	TraesCS6A03G0381800_TraesCS6A03G0381800.1	292	292	unique	292	292	292	0.6985645933014354	9	419	39.111111111111114	1.3698697784375502	38.0	41.0	3.0	3	0.0	1.0	1.3698697784375502	38	0	38	0	39.25	-1.25	-1.25
empirical	user_msa	Thint.S06G201700_Thint.S06G201700.1	Thint.S06G201700_Thint.S06G201700.1	292	292	unique	292	292	292	0.6985645933014354	9	419	39.111111111111114	1.3698697784375502	38.0	41.0	3.0	3	0.0	1.0	1.3698697784375502	38	0	38	0	39.25	-1.25	-1.25
empirical	user_msa	LOC_Os02g07490_LOC_Os02g07490.1	LOC_Os02g07490_LOC_Os02g07490.1	293	293	unique	293	293	293	0.7009569377990431	9	419	38.77777777777778	0.9162456945817022	38.0	41.0	3.0	3	0.0	1.0	0.9162456945817022	39	0	39	0	38.75	0.25	0.25
empirical	user_msa	Oropetium_20150105_02675_Oropetium_20150105_02675A	Oropetium_20150105_02675_Oropetium_20150105_02675A	293	293	unique	293	293	293	0.7009569377990431	9	419	38.77777777777778	0.9162456945817022	38.0	41.0	3.0	3	0.0	1.0	0.9162456945817022	41	0	41	0	38.5	2.5	2.5
empirical	user_msa	ELECO.r07.2AG0102970_ELECO.r07.2AG0102970.1	ELECO.r07.2AG0102970_ELECO.r07.2AG0102970.1	293	293	unique	293	293	293	0.7009569377990431	9	419	38.77777777777778	0.9162456945817022	38.0	41.0	3.0	3	0.0	1.0	0.9162456945817022	38	0	38	0	38.875	-0.875	-0.875
empirical	user_msa	Phala.08G200500_Phala.08G200500.1	Phala.08G200500_Phala.08G200500.1	293	293	unique	293	293	293	0.7009569377990431	9	419	38.77777777777778	0.9162456945817022	38.0	41.0	3.0	3	0.0	1.0	0.9162456945817022	39	0	39	0	38.75	0.25	0.25
empirical	user_msa	Phala.08G200500_Phala.08G200500.3	Phala.08G200500_Phala.08G200500.3	293	293	unique	293	293	293	0.7009569377990431	9	419	38.77777777777778	0.9162456945817022	38.0	41.0	3.0	3	0.0	1.0	0.9162456945817022	39	0	39	0	38.75	0.25	0.25
empirical	user_msa	Phala.08G200500_Phala.08G200500.2	Phala.08G200500_Phala.08G200500.2	293	293	unique	293	293	293	0.7009569377990431	9	419	38.77777777777778	0.9162456945817022	38.0	41.0	3.0	3	0.0	1.0	0.9162456945817022	39	0	39	0	38.75	0.25	0.25
empirical	user_msa	HORVU.MOREX.r3.6HG0571560_HORVU.MOREX.r3.6HG0571560.1	HORVU.MOREX.r3.6HG0571560_HORVU.MOREX.r3.6HG0571560.1	293	293	unique	293	293	293	0.7009569377990431	9	419	38.77777777777778	0.9162456945817022	38.0	41.0	3.0	3	0.0	1.0	0.9162456945817022	38	0	38	0	38.875	-0.875	-0.875
empirical	user_msa	TraesCS6A03G0381800_TraesCS6A03G0381800.1	TraesCS6A03G0381800_TraesCS6A03G0381800.1	293	293	unique	293	293	293	0.7009569377990431	9	419	38.77777777777778	0.9162456945817022	38.0	41.0	3.0	3	0.0	1.0	0.9162456945817022	38	0	38	0	38.875	-0.875	-0.875
empirical	user_msa	Thint.S06G201700_Thint.S06G201700.1	Thint.S06G201700_Thint.S06G201700.1	293	293	unique	293	293	293	0.7009569377990431	9	419	38.77777777777778	0.9162456945817022	38.0	41.0	3.0	3	0.0	1.0	0.9162456945817022	38	0	38	0	38.875	-0.875	-0.875
empirical	user_msa	LOC_Os02g07490_LOC_Os02g07490.1	LOC_Os02g07490_LOC_Os02g07490.1	294	294	unique	294	294	294	0.7033492822966507	9	419	4.0	0.0	4.0	4.0	0.0	1	0.0	1.0	0.0	4	0	4	0	4.0	0.0	0.0
empirical	user_msa	Oropetium_20150105_02675_Oropetium_20150105_02675A	Oropetium_20150105_02675_Oropetium_20150105_02675A	294	294	unique	294	294	294	0.7033492822966507	9	419	4.0	0.0	4.0	4.0	0.0	1	0.0	1.0	0.0	4	0	4	0	4.0	0.0	0.0
empirical	user_msa	ELECO.r07.2AG0102970_ELECO.r07.2AG0102970.1	ELECO.r07.2AG0102970_ELECO.r07.2AG0102970.1	294	294	unique	294	294	294	0.7033492822966507	9	419	4.0	0.0	4.0	4.0	0.0	1	0.0	1.0	0.0	4	0	4	0	4.0	0.0	0.0
empirical	user_msa	Phala.08G200500_Phala.08G200500.1	Phala.08G200500_Phala.08G200500.1	294	294	unique	294	294	294	0.7033492822966507	9	419	4.0	0.0	4.0	4.0	0.0	1	0.0	1.0	0.0	4	0	4	0	4.0	0.0	0.0
empirical	user_msa	Phala.08G200500_Phala.08G200500.3	Phala.08G200500_Phala.08G200500.3	294	294	unique	294	294	294	0.7033492822966507	9	419	4.0	0.0	4.0	4.0	0.0	1	0.0	1.0	0.0	4	0	4	0	4.0	0.0	0.0
empirical	user_msa	Phala.08G200500_Phala.08G200500.2	Phala.08G200500_Phala.08G200500.2	294	294	unique	294	294	294	0.7033492822966507	9	419	4.0	0.0	4.0	4.0	0.0	1	0.0	1.0	0.0	4	0	4	0	4.0	0.0	0.0
empirical	user_msa	HORVU.MOREX.r3.6HG0571560_HORVU.MOREX.r3.6HG0571560.1	HORVU.MOREX.r3.6HG0571560_HORVU.MOREX.r3.6HG0571560.1	294	294	unique	294	294	294	0.7033492822966507	9	419	4.0	0.0	4.0	4.0	0.0	1	0.0	1.0	0.0	4	0	4	0	4.0	0.0	0.0
empirical	user_msa	TraesCS6A03G0381800_TraesCS6A03G0381800.1	TraesCS6A03G0381800_TraesCS6A03G0381800.1	294	294	unique	294	294	294	0.7033492822966507	9	419	4.0	0.0	4.0	4.0	0.0	1	0.0	1.0	0.0	4	0	4	0	4.0	0.0	0.0
empirical	user_msa	Thint.S06G201700_Thint.S06G201700.1	Thint.S06G201700_Thint.S06G201700.1	294	294	unique	294	294	294	0.7033492822966507	9	419	4.0	0.0	4.0	4.0	0.0	1	0.0	1.0	0.0	4	0	4	0	4.0	0.0	0.0
empirical	user_msa	LOC_Os02g07490_LOC_Os02g07490.1	LOC_Os02g07490_LOC_Os02g07490.1	295	295	unique	295	295	295	0.7057416267942583	9	419	41.0	0.0	41.0	41.0	0.0	1	0.0	1.0	0.0	41	0	41	0	41.0	0.0	0.0
empirical	user_msa	Oropetium_20150105_02675_Oropetium_20150105_02675A	Oropetium_20150105_02675_Oropetium_20150105_02675A	295	295	unique	295	295	295	0.7057416267942583	9	419	41.0	0.0	41.0	41.0	0.0	1	0.0	1.0	0.0	41	0	41	0	41.0	0.0	0.0
empirical	user_msa	ELECO.r07.2AG0102970_ELECO.r07.2AG0102970.1	ELECO.r07.2AG0102970_ELECO.r07.2AG0102970.1	295	295	unique	295	295	295	0.7057416267942583	9	419	41.0	0.0	41.0	41.0	0.0	1	0.0	1.0	0.0	41	0	41	0	41.0	0.0	0.0
empirical	user_msa	Phala.08G200500_Phala.08G200500.1	Phala.08G200500_Phala.08G200500.1	295	295	unique	295	295	295	0.7057416267942583	9	419	41.0	0.0	41.0	41.0	0.0	1	0.0	1.0	0.0	41	0	41	0	41.0	0.0	0.0
empirical	user_msa	Phala.08G200500_Phala.08G200500.3	Phala.08G200500_Phala.08G200500.3	295	295	unique	295	295	295	0.7057416267942583	9	419	41.0	0.0	41.0	41.0	0.0	1	0.0	1.0	0.0	41	0	41	0	41.0	0.0	0.0
empirical	user_msa	Phala.08G200500_Phala.08G200500.2	Phala.08G200500_Phala.08G200500.2	295	295	unique	295	295	295	0.7057416267942583	9	419	41.0	0.0	41.0	41.0	0.0	1	0.0	1.0	0.0	41	0	41	0	41.0	0.0	0.0
empirical	user_msa	HORVU.MOREX.r3.6HG0571560_HORVU.MOREX.r3.6HG0571560.1	HORVU.MOREX.r3.6HG0571560_HORVU.MOREX.r3.6HG0571560.1	295	295	unique	295	295	295	0.7057416267942583	9	419	41.0	0.0	41.0	41.0	0.0	1	0.0	1.0	0.0	41	0	41	0	41.0	0.0	0.0
empirical	user_msa	TraesCS6A03G0381800_TraesCS6A03G0381800.1	TraesCS6A03G0381800_TraesCS6A03G0381800.1	295	295	unique	295	295	295	0.7057416267942583	9	419	41.0	0.0	41.0	41.0	0.0	1	0.0	1.0	0.0	41	0	41	0	41.0	0.0	0.0
empirical	user_msa	Thint.S06G201700_Thint.S06G201700.1	Thint.S06G201700_Thint.S06G201700.1	295	295	unique	295	295	295	0.7057416267942583	9	419	41.0	0.0	41.0	41.0	0.0	1	0.0	1.0	0.0	41	0	41	0	41.0	0.0	0.0
empirical	user_msa	LOC_Os02g07490_LOC_Os02g07490.1	LOC_Os02g07490_LOC_Os02g07490.1	296	296	unique	296	296	296	0.7081339712918661	9	419	48.333333333333336	0.9428090415820634	47.0	49.0	2.0	2	0.0	1.0	0.9428090415820634	49	0	49	0	48.25	0.75	0.75
empirical	user_msa	Oropetium_20150105_02675_Oropetium_20150105_02675A	Oropetium_20150105_02675_Oropetium_20150105_02675A	296	296	unique	296	296	296	0.7081339712918661	9	419	48.333333333333336	0.9428090415820634	47.0	49.0	2.0	2	0.0	1.0	0.9428090415820634	49	0	49	0	48.25	0.75	0.75
empirical	user_msa	ELECO.r07.2AG0102970_ELECO.r07.2AG0102970.1	ELECO.r07.2AG0102970_ELECO.r07.2AG0102970.1	296	296	unique	296	296	296	0.7081339712918661	9	419	48.333333333333336	0.9428090415820634	47.0	49.0	2.0	2	0.0	1.0	0.9428090415820634	49	0	49	0	48.25	0.75	0.75
empirical	user_msa	Phala.08G200500_Phala.08G200500.1	Phala.08G200500_Phala.08G200500.1	296	296	unique	296	296	296	0.7081339712918661	9	419	48.333333333333336	0.9428090415820634	47.0	49.0	2.0	2	0.0	1.0	0.9428090415820634	47	0	47	0	48.5	-1.5	-1.5
empirical	user_msa	Phala.08G200500_Phala.08G200500.3	Phala.08G200500_Phala.08G200500.3	296	296	unique	296	296	296	0.7081339712918661	9	419	48.333333333333336	0.9428090415820634	47.0	49.0	2.0	2	0.0	1.0	0.9428090415820634	47	0	47	0	48.5	-1.5	-1.5
empirical	user_msa	Phala.08G200500_Phala.08G200500.2	Phala.08G200500_Phala.08G200500.2	296	296	unique	296	296	296	0.7081339712918661	9	419	48.333333333333336	0.9428090415820634	47.0	49.0	2.0	2	0.0	1.0	0.9428090415820634	47	0	47	0	48.5	-1.5	-1.5
empirical	user_msa	HORVU.MOREX.r3.6HG0571560_HORVU.MOREX.r3.6HG0571560.1	HORVU.MOREX.r3.6HG0571560_HORVU.MOREX.r3.6HG0571560.1	296	296	unique	296	296	296	0.7081339712918661	9	419	48.333333333333336	0.9428090415820634	47.0	49.0	2.0	2	0.0	1.0	0.9428090415820634	49	0	49	0	48.25	0.75	0.75
empirical	user_msa	TraesCS6A03G0381800_TraesCS6A03G0381800.1	TraesCS6A03G0381800_TraesCS6A03G0381800.1	296	296	unique	296	296	296	0.7081339712918661	9	419	48.333333333333336	0.9428090415820634	47.0	49.0	2.0	2	0.0	1.0	0.9428090415820634	49	0	49	0	48.25	0.75	0.75
empirical	user_msa	Thint.S06G201700_Thint.S06G201700.1	Thint.S06G201700_Thint.S06G201700.1	296	296	unique	296	296	296	0.7081339712918661	9	419	48.333333333333336	0.9428090415820634	47.0	49.0	2.0	2	0.0	1.0	0.9428090415820634	49	0	49	0	48.25	0.75	0.75
empirical	user_msa	LOC_Os02g07490_LOC_Os02g07490.1	LOC_Os02g07490_LOC_Os02g07490.1	297	297	unique	297	297	297	0.7105263157894737	9	419	43.55555555555556	0.4969039949999533	43.0	44.0	1.0	2	0.0	1.0	0.4969039949999533	44	0	44	0	43.5	0.5	0.5
empirical	user_msa	Oropetium_20150105_02675_Oropetium_20150105_02675A	Oropetium_20150105_02675_Oropetium_20150105_02675A	297	297	unique	297	297	297	0.7105263157894737	9	419	43.55555555555556	0.4969039949999533	43.0	44.0	1.0	2	0.0	1.0	0.4969039949999533	43	0	43	0	43.625	-0.625	-0.625
empirical	user_msa	ELECO.r07.2AG0102970_ELECO.r07.2AG0102970.1	ELECO.r07.2AG0102970_ELECO.r07.2AG0102970.1	297	297	unique	297	297	297	0.7105263157894737	9	419	43.55555555555556	0.4969039949999533	43.0	44.0	1.0	2	0.0	1.0	0.4969039949999533	44	0	44	0	43.5	0.5	0.5
empirical	user_msa	Phala.08G200500_Phala.08G200500.1	Phala.08G200500_Phala.08G200500.1	297	297	unique	297	297	297	0.7105263157894737	9	419	43.55555555555556	0.4969039949999533	43.0	44.0	1.0	2	0.0	1.0	0.4969039949999533	43	0	43	0	43.625	-0.625	-0.625
empirical	user_msa	Phala.08G200500_Phala.08G200500.3	Phala.08G200500_Phala.08G200500.3	297	297	unique	297	297	297	0.7105263157894737	9	419	43.55555555555556	0.4969039949999533	43.0	44.0	1.0	2	0.0	1.0	0.4969039949999533	43	0	43	0	43.625	-0.625	-0.625
empirical	user_msa	Phala.08G200500_Phala.08G200500.2	Phala.08G200500_Phala.08G200500.2	297	297	unique	297	297	297	0.7105263157894737	9	419	43.55555555555556	0.4969039949999533	43.0	44.0	1.0	2	0.0	1.0	0.4969039949999533	43	0	43	0	43.625	-0.625	-0.625
empirical	user_msa	HORVU.MOREX.r3.6HG0571560_HORVU.MOREX.r3.6HG0571560.1	HORVU.MOREX.r3.6HG0571560_HORVU.MOREX.r3.6HG0571560.1	297	297	unique	297	297	297	0.7105263157894737	9	419	43.55555555555556	0.4969039949999533	43.0	44.0	1.0	2	0.0	1.0	0.4969039949999533	44	0	44	0	43.5	0.5	0.5
empirical	user_msa	TraesCS6A03G0381800_TraesCS6A03G0381800.1	TraesCS6A03G0381800_TraesCS6A03G0381800.1	297	297	unique	297	297	297	0.7105263157894737	9	419	43.55555555555556	0.4969039949999533	43.0	44.0	1.0	2	0.0	1.0	0.4969039949999533	44	0	44	0	43.5	0.5	0.5
empirical	user_msa	Thint.S06G201700_Thint.S06G201700.1	Thint.S06G201700_Thint.S06G201700.1	297	297	unique	297	297	297	0.7105263157894737	9	419	43.55555555555556	0.4969039949999533	43.0	44.0	1.0	2	0.0	1.0	0.4969039949999533	44	0	44	0	43.5	0.5	0.5
empirical	user_msa	LOC_Os02g07490_LOC_Os02g07490.1	LOC_Os02g07490_LOC_Os02g07490.1	298	298	unique	298	298	298	0.7129186602870813	9	419	2.888888888888889	0.9938079899999066	2.0	4.0	2.0	2	0.0	1.0	0.9938079899999066	2	0	2	0	3.0	-1.0	-1.0
empirical	user_msa	Oropetium_20150105_02675_Oropetium_20150105_02675A	Oropetium_20150105_02675_Oropetium_20150105_02675A	298	298	unique	298	298	298	0.7129186602870813	9	419	2.888888888888889	0.9938079899999066	2.0	4.0	2.0	2	0.0	1.0	0.9938079899999066	4	0	4	0	2.75	1.25	1.25
empirical	user_msa	ELECO.r07.2AG0102970_ELECO.r07.2AG0102970.1	ELECO.r07.2AG0102970_ELECO.r07.2AG0102970.1	298	298	unique	298	298	298	0.7129186602870813	9	419	2.888888888888889	0.9938079899999066	2.0	4.0	2.0	2	0.0	1.0	0.9938079899999066	2	0	2	0	3.0	-1.0	-1.0
empirical	user_msa	Phala.08G200500_Phala.08G200500.1	Phala.08G200500_Phala.08G200500.1	298	298	unique	298	298	298	0.7129186602870813	9	419	2.888888888888889	0.9938079899999066	2.0	4.0	2.0	2	0.0	1.0	0.9938079899999066	4	0	4	0	2.75	1.25	1.25
empirical	user_msa	Phala.08G200500_Phala.08G200500.3	Phala.08G200500_Phala.08G200500.3	298	298	unique	298	298	298	0.7129186602870813	9	419	2.888888888888889	0.9938079899999066	2.0	4.0	2.0	2	0.0	1.0	0.9938079899999066	4	0	4	0	2.75	1.25	1.25
empirical	user_msa	Phala.08G200500_Phala.08G200500.2	Phala.08G200500_Phala.08G200500.2	298	298	unique	298	298	298	0.7129186602870813	9	419	2.888888888888889	0.9938079899999066	2.0	4.0	2.0	2	0.0	1.0	0.9938079899999066	4	0	4	0	2.75	1.25	1.25
empirical	user_msa	HORVU.MOREX.r3.6HG0571560_HORVU.MOREX.r3.6HG0571560.1	HORVU.MOREX.r3.6HG0571560_HORVU.MOREX.r3.6HG0571560.1	298	298	unique	298	298	298	0.7129186602870813	9	419	2.888888888888889	0.9938079899999066	2.0	4.0	2.0	2	0.0	1.0	0.9938079899999066	2	0	2	0	3.0	-1.0	-1.0
empirical	user_msa	TraesCS6A03G0381800_TraesCS6A03G0381800.1	TraesCS6A03G0381800_TraesCS6A03G0381800.1	298	298	unique	298	298	298	0.7129186602870813	9	419	2.888888888888889	0.9938079899999066	2.0	4.0	2.0	2	0.0	1.0	0.9938079899999066	2	0	2	0	3.0	-1.0	-1.0
empirical	user_msa	Thint.S06G201700_Thint.S06G201700.1	Thint.S06G201700_Thint.S06G201700.1	298	298	unique	298	298	298	0.7129186602870813	9	419	2.888888888888889	0.9938079899999066	2.0	4.0	2.0	2	0.0	1.0	0.9938079899999066	2	0	2	0	3.0	-1.0	-1.0
empirical	user_msa	LOC_Os02g07490_LOC_Os02g07490.1	LOC_Os02g07490_LOC_Os02g07490.1	299	299	unique	299	299	299	0.715311004784689	9	419	48.0	0.9428090415820634	47.0	49.0	2.0	3	0.0	1.0	0.9428090415820634	47	0	47	0	48.125	-1.125	-1.125
empirical	user_msa	Oropetium_20150105_02675_Oropetium_20150105_02675A	Oropetium_20150105_02675_Oropetium_20150105_02675A	299	299	unique	299	299	299	0.715311004784689	9	419	48.0	0.9428090415820634	47.0	49.0	2.0	3	0.0	1.0	0.9428090415820634	48	0	48	0	48.0	0.0	0.0
empirical	user_msa	ELECO.r07.2AG0102970_ELECO.r07.2AG0102970.1	ELECO.r07.2AG0102970_ELECO.r07.2AG0102970.1	299	299	unique	299	299	299	0.715311004784689	9	419	48.0	0.9428090415820634	47.0	49.0	2.0	3	0.0	1.0	0.9428090415820634	47	0	47	0	48.125	-1.125	-1.125
empirical	user_msa	Phala.08G200500_Phala.08G200500.1	Phala.08G200500_Phala.08G200500.1	299	299	unique	299	299	299	0.715311004784689	9	419	48.0	0.9428090415820634	47.0	49.0	2.0	3	0.0	1.0	0.9428090415820634	49	0	49	0	47.875	1.125	1.125
empirical	user_msa	Phala.08G200500_Phala.08G200500.3	Phala.08G200500_Phala.08G200500.3	299	299	unique	299	299	299	0.715311004784689	9	419	48.0	0.9428090415820634	47.0	49.0	2.0	3	0.0	1.0	0.9428090415820634	49	0	49	0	47.875	1.125	1.125
empirical	user_msa	Phala.08G200500_Phala.08G200500.2	Phala.08G200500_Phala.08G200500.2	299	299	unique	299	299	299	0.715311004784689	9	419	48.0	0.9428090415820634	47.0	49.0	2.0	3	0.0	1.0	0.9428090415820634	49	0	49	0	47.875	1.125	1.125
empirical	user_msa	HORVU.MOREX.r3.6HG0571560_HORVU.MOREX.r3.6HG0571560.1	HORVU.MOREX.r3.6HG0571560_HORVU.MOREX.r3.6HG0571560.1	299	299	unique	299	299	299	0.715311004784689	9	419	48.0	0.9428090415820634	47.0	49.0	2.0	3	0.0	1.0	0.9428090415820634	47	0	47	0	48.125	-1.125	-1.125
empirical	user_msa	TraesCS6A03G0381800_TraesCS6A03G0381800.1	TraesCS6A03G0381800_TraesCS6A03G0381800.1	299	299	unique	299	299	299	0.715311004784689	9	419	48.0	0.9428090415820634	47.0	49.0	2.0	3	0.0	1.0	0.9428090415820634	49	0	49	0	47.875	1.125	1.125
empirical	user_msa	Thint.S06G201700_Thint.S06G201700.1	Thint.S06G201700_Thint.S06G201700.1	299	299	unique	299	299	299	0.715311004784689	9	419	48.0	0.9428090415820634	47.0	49.0	2.0	3	0.0	1.0	0.9428090415820634	47	0	47	0	48.125	-1.125	-1.125
empirical	user_msa	LOC_Os02g07490_LOC_Os02g07490.1	LOC_Os02g07490_LOC_Os02g07490.1	300	300	unique	300	300	300	0.7177033492822966	9	419	32.0	0.9428090415820634	31.0	33.0	2.0	3	0.0	1.0	0.9428090415820634	31	0	31	0	32.125	-1.125	-1.125
empirical	user_msa	Oropetium_20150105_02675_Oropetium_20150105_02675A	Oropetium_20150105_02675_Oropetium_20150105_02675A	300	300	unique	300	300	300	0.7177033492822966	9	419	32.0	0.9428090415820634	31.0	33.0	2.0	3	0.0	1.0	0.9428090415820634	33	0	33	0	31.875	1.125	1.125
empirical	user_msa	ELECO.r07.2AG0102970_ELECO.r07.2AG0102970.1	ELECO.r07.2AG0102970_ELECO.r07.2AG0102970.1	300	300	unique	300	300	300	0.7177033492822966	9	419	32.0	0.9428090415820634	31.0	33.0	2.0	3	0.0	1.0	0.9428090415820634	32	0	32	0	32.0	0.0	0.0
empirical	user_msa	Phala.08G200500_Phala.08G200500.1	Phala.08G200500_Phala.08G200500.1	300	300	unique	300	300	300	0.7177033492822966	9	419	32.0	0.9428090415820634	31.0	33.0	2.0	3	0.0	1.0	0.9428090415820634	33	0	33	0	31.875	1.125	1.125
empirical	user_msa	Phala.08G200500_Phala.08G200500.3	Phala.08G200500_Phala.08G200500.3	300	300	unique	300	300	300	0.7177033492822966	9	419	32.0	0.9428090415820634	31.0	33.0	2.0	3	0.0	1.0	0.9428090415820634	33	0	33	0	31.875	1.125	1.125
empirical	user_msa	Phala.08G200500_Phala.08G200500.2	Phala.08G200500_Phala.08G200500.2	300	300	unique	300	300	300	0.7177033492822966	9	419	32.0	0.9428090415820634	31.0	33.0	2.0	3	0.0	1.0	0.9428090415820634	33	0	33	0	31.875	1.125	1.125
empirical	user_msa	HORVU.MOREX.r3.6HG0571560_HORVU.MOREX.r3.6HG0571560.1	HORVU.MOREX.r3.6HG0571560_HORVU.MOREX.r3.6HG0571560.1	300	300	unique	300	300	300	0.7177033492822966	9	419	32.0	0.9428090415820634	31.0	33.0	2.0	3	0.0	1.0	0.9428090415820634	31	0	31	0	32.125	-1.125	-1.125
empirical	user_msa	TraesCS6A03G0381800_TraesCS6A03G0381800.1	TraesCS6A03G0381800_TraesCS6A03G0381800.1	300	300	unique	300	300	300	0.7177033492822966	9	419	32.0	0.9428090415820634	31.0	33.0	2.0	3	0.0	1.0	0.9428090415820634	31	0	31	0	32.125	-1.125	-1.125
empirical	user_msa	Thint.S06G201700_Thint.S06G201700.1	Thint.S06G201700_Thint.S06G201700.1	300	300	unique	300	300	300	0.7177033492822966	9	419	32.0	0.9428090415820634	31.0	33.0	2.0	3	0.0	1.0	0.9428090415820634	31	0	31	0	32.125	-1.125	-1.125
empirical	user_msa	LOC_Os02g07490_LOC_Os02g07490.1	LOC_Os02g07490_LOC_Os02g07490.1	301	301	unique	301	301	301	0.7200956937799043	9	419	25.0	0.0	25.0	25.0	0.0	1	0.0	1.0	0.0	25	0	25	0	25.0	0.0	0.0
empirical	user_msa	Oropetium_20150105_02675_Oropetium_20150105_02675A	Oropetium_20150105_02675_Oropetium_20150105_02675A	301	301	unique	301	301	301	0.7200956937799043	9	419	25.0	0.0	25.0	25.0	0.0	1	0.0	1.0	0.0	25	0	25	0	25.0	0.0	0.0
empirical	user_msa	ELECO.r07.2AG0102970_ELECO.r07.2AG0102970.1	ELECO.r07.2AG0102970_ELECO.r07.2AG0102970.1	301	301	unique	301	301	301	0.7200956937799043	9	419	25.0	0.0	25.0	25.0	0.0	1	0.0	1.0	0.0	25	0	25	0	25.0	0.0	0.0
empirical	user_msa	Phala.08G200500_Phala.08G200500.1	Phala.08G200500_Phala.08G200500.1	301	301	unique	301	301	301	0.7200956937799043	9	419	25.0	0.0	25.0	25.0	0.0	1	0.0	1.0	0.0	25	0	25	0	25.0	0.0	0.0
empirical	user_msa	Phala.08G200500_Phala.08G200500.3	Phala.08G200500_Phala.08G200500.3	301	301	unique	301	301	301	0.7200956937799043	9	419	25.0	0.0	25.0	25.0	0.0	1	0.0	1.0	0.0	25	0	25	0	25.0	0.0	0.0
empirical	user_msa	Phala.08G200500_Phala.08G200500.2	Phala.08G200500_Phala.08G200500.2	301	301	unique	301	301	301	0.7200956937799043	9	419	25.0	0.0	25.0	25.0	0.0	1	0.0	1.0	0.0	25	0	25	0	25.0	0.0	0.0
empirical	user_msa	HORVU.MOREX.r3.6HG0571560_HORVU.MOREX.r3.6HG0571560.1	HORVU.MOREX.r3.6HG0571560_HORVU.MOREX.r3.6HG0571560.1	301	301	unique	301	301	301	0.7200956937799043	9	419	25.0	0.0	25.0	25.0	0.0	1	0.0	1.0	0.0	25	0	25	0	25.0	0.0	0.0
empirical	user_msa	TraesCS6A03G0381800_TraesCS6A03G0381800.1	TraesCS6A03G0381800_TraesCS6A03G0381800.1	301	301	unique	301	301	301	0.7200956937799043	9	419	25.0	0.0	25.0	25.0	0.0	1	0.0	1.0	0.0	25	0	25	0	25.0	0.0	0.0
empirical	user_msa	Thint.S06G201700_Thint.S06G201700.1	Thint.S06G201700_Thint.S06G201700.1	301	301	unique	301	301	301	0.7200956937799043	9	419	25.0	0.0	25.0	25.0	0.0	1	0.0	1.0	0.0	25	0	25	0	25.0	0.0	0.0
empirical	user_msa	LOC_Os02g07490_LOC_Os02g07490.1	LOC_Os02g07490_LOC_Os02g07490.1	302	302	unique	302	302	302	0.722488038277512	9	419	40.666666666666664	5.96284793999944	36.0	49.0	13.0	3	0.0	1.0	5.96284793999944	36	0	36	0	41.25	-5.25	-5.25
empirical	user_msa	Oropetium_20150105_02675_Oropetium_20150105_02675A	Oropetium_20150105_02675_Oropetium_20150105_02675A	302	302	unique	302	302	302	0.722488038277512	9	419	40.666666666666664	5.96284793999944	36.0	49.0	13.0	3	0.0	1.0	5.96284793999944	39	0	39	0	40.875	-1.875	-1.875
empirical	user_msa	ELECO.r07.2AG0102970_ELECO.r07.2AG0102970.1	ELECO.r07.2AG0102970_ELECO.r07.2AG0102970.1	302	302	unique	302	302	302	0.722488038277512	9	419	40.666666666666664	5.96284793999944	36.0	49.0	13.0	3	0.0	1.0	5.96284793999944	36	0	36	0	41.25	-5.25	-5.25
empirical	user_msa	Phala.08G200500_Phala.08G200500.1	Phala.08G200500_Phala.08G200500.1	302	302	unique	302	302	302	0.722488038277512	9	419	40.666666666666664	5.96284793999944	36.0	49.0	13.0	3	0.0	1.0	5.96284793999944	49	0	49	0	39.625	9.375	9.375
empirical	user_msa	Phala.08G200500_Phala.08G200500.3	Phala.08G200500_Phala.08G200500.3	302	302	unique	302	302	302	0.722488038277512	9	419	40.666666666666664	5.96284793999944	36.0	49.0	13.0	3	0.0	1.0	5.96284793999944	49	0	49	0	39.625	9.375	9.375
empirical	user_msa	Phala.08G200500_Phala.08G200500.2	Phala.08G200500_Phala.08G200500.2	302	302	unique	302	302	302	0.722488038277512	9	419	40.666666666666664	5.96284793999944	36.0	49.0	13.0	3	0.0	1.0	5.96284793999944	49	0	49	0	39.625	9.375	9.375
empirical	user_msa	HORVU.MOREX.r3.6HG0571560_HORVU.MOREX.r3.6HG0571560.1	HORVU.MOREX.r3.6HG0571560_HORVU.MOREX.r3.6HG0571560.1	302	302	unique	302	302	302	0.722488038277512	9	419	40.666666666666664	5.96284793999944	36.0	49.0	13.0	3	0.0	1.0	5.96284793999944	36	0	36	0	41.25	-5.25	-5.25
empirical	user_msa	TraesCS6A03G0381800_TraesCS6A03G0381800.1	TraesCS6A03G0381800_TraesCS6A03G0381800.1	302	302	unique	302	302	302	0.722488038277512	9	419	40.666666666666664	5.96284793999944	36.0	49.0	13.0	3	0.0	1.0	5.96284793999944	36	0	36	0	41.25	-5.25	-5.25
empirical	user_msa	Thint.S06G201700_Thint.S06G201700.1	Thint.S06G201700_Thint.S06G201700.1	302	302	unique	302	302	302	0.722488038277512	9	419	40.666666666666664	5.96284793999944	36.0	49.0	13.0	3	0.0	1.0	5.96284793999944	36	0	36	0	41.25	-5.25	-5.25
empirical	user_msa	LOC_Os02g07490_LOC_Os02g07490.1	LOC_Os02g07490_LOC_Os02g07490.1	303	303	unique	303	303	303	0.7248803827751196	9	419	40.666666666666664	14.406788523316207	30.0	61.0	31.0	3	0.0	1.0	14.406788523316207	30	0	30	0	42.0	-12.0	-12.0
empirical	user_msa	Oropetium_20150105_02675_Oropetium_20150105_02675A	Oropetium_20150105_02675_Oropetium_20150105_02675A	303	303	unique	303	303	303	0.7248803827751196	9	419	40.666666666666664	14.406788523316207	30.0	61.0	31.0	3	0.0	1.0	14.406788523316207	33	0	33	0	41.625	-8.625	-8.625
empirical	user_msa	ELECO.r07.2AG0102970_ELECO.r07.2AG0102970.1	ELECO.r07.2AG0102970_ELECO.r07.2AG0102970.1	303	303	unique	303	303	303	0.7248803827751196	9	419	40.666666666666664	14.406788523316207	30.0	61.0	31.0	3	0.0	1.0	14.406788523316207	30	0	30	0	42.0	-12.0	-12.0
empirical	user_msa	Phala.08G200500_Phala.08G200500.1	Phala.08G200500_Phala.08G200500.1	303	303	unique	303	303	303	0.7248803827751196	9	419	40.666666666666664	14.406788523316207	30.0	61.0	31.0	3	0.0	1.0	14.406788523316207	61	0	61	0	38.125	22.875	22.875
empirical	user_msa	Phala.08G200500_Phala.08G200500.3	Phala.08G200500_Phala.08G200500.3	303	303	unique	303	303	303	0.7248803827751196	9	419	40.666666666666664	14.406788523316207	30.0	61.0	31.0	3	0.0	1.0	14.406788523316207	61	0	61	0	38.125	22.875	22.875
empirical	user_msa	Phala.08G200500_Phala.08G200500.2	Phala.08G200500_Phala.08G200500.2	303	303	unique	303	303	303	0.7248803827751196	9	419	40.666666666666664	14.406788523316207	30.0	61.0	31.0	3	0.0	1.0	14.406788523316207	61	0	61	0	38.125	22.875	22.875
empirical	user_msa	HORVU.MOREX.r3.6HG0571560_HORVU.MOREX.r3.6HG0571560.1	HORVU.MOREX.r3.6HG0571560_HORVU.MOREX.r3.6HG0571560.1	303	303	unique	303	303	303	0.7248803827751196	9	419	40.666666666666664	14.406788523316207	30.0	61.0	31.0	3	0.0	1.0	14.406788523316207	30	0	30	0	42.0	-12.0	-12.0
empirical	user_msa	TraesCS6A03G0381800_TraesCS6A03G0381800.1	TraesCS6A03G0381800_TraesCS6A03G0381800.1	303	303	unique	303	303	303	0.7248803827751196	9	419	40.666666666666664	14.406788523316207	30.0	61.0	31.0	3	0.0	1.0	14.406788523316207	30	0	30	0	42.0	-12.0	-12.0
empirical	user_msa	Thint.S06G201700_Thint.S06G201700.1	Thint.S06G201700_Thint.S06G201700.1	303	303	unique	303	303	303	0.7248803827751196	9	419	40.666666666666664	14.406788523316207	30.0	61.0	31.0	3	0.0	1.0	14.406788523316207	30	0	30	0	42.0	-12.0	-12.0
empirical	user_msa	LOC_Os02g07490_LOC_Os02g07490.1	LOC_Os02g07490_LOC_Os02g07490.1	304	304	unique	304	304	304	0.7272727272727273	9	419	4.777777777777778	0.628539361054709	3.0	5.0	2.0	2	0.0	1.0	0.628539361054709	5	0	5	0	4.75	0.25	0.25
empirical	user_msa	Oropetium_20150105_02675_Oropetium_20150105_02675A	Oropetium_20150105_02675_Oropetium_20150105_02675A	304	304	unique	304	304	304	0.7272727272727273	9	419	4.777777777777778	0.628539361054709	3.0	5.0	2.0	2	0.0	1.0	0.628539361054709	3	0	3	0	5.0	-2.0	-2.0
empirical	user_msa	ELECO.r07.2AG0102970_ELECO.r07.2AG0102970.1	ELECO.r07.2AG0102970_ELECO.r07.2AG0102970.1	304	304	unique	304	304	304	0.7272727272727273	9	419	4.777777777777778	0.628539361054709	3.0	5.0	2.0	2	0.0	1.0	0.628539361054709	5	0	5	0	4.75	0.25	0.25
empirical	user_msa	Phala.08G200500_Phala.08G200500.1	Phala.08G200500_Phala.08G200500.1	304	304	unique	304	304	304	0.7272727272727273	9	419	4.777777777777778	0.628539361054709	3.0	5.0	2.0	2	0.0	1.0	0.628539361054709	5	0	5	0	4.75	0.25	0.25
empirical	user_msa	Phala.08G200500_Phala.08G200500.3	Phala.08G200500_Phala.08G200500.3	304	304	unique	304	304	304	0.7272727272727273	9	419	4.777777777777778	0.628539361054709	3.0	5.0	2.0	2	0.0	1.0	0.628539361054709	5	0	5	0	4.75	0.25	0.25
empirical	user_msa	Phala.08G200500_Phala.08G200500.2	Phala.08G200500_Phala.08G200500.2	304	304	unique	304	304	304	0.7272727272727273	9	419	4.777777777777778	0.628539361054709	3.0	5.0	2.0	2	0.0	1.0	0.628539361054709	5	0	5	0	4.75	0.25	0.25
empirical	user_msa	HORVU.MOREX.r3.6HG0571560_HORVU.MOREX.r3.6HG0571560.1	HORVU.MOREX.r3.6HG0571560_HORVU.MOREX.r3.6HG0571560.1	304	304	unique	304	304	304	0.7272727272727273	9	419	4.777777777777778	0.628539361054709	3.0	5.0	2.0	2	0.0	1.0	0.628539361054709	5	0	5	0	4.75	0.25	0.25
empirical	user_msa	TraesCS6A03G0381800_TraesCS6A03G0381800.1	TraesCS6A03G0381800_TraesCS6A03G0381800.1	304	304	unique	304	304	304	0.7272727272727273	9	419	4.777777777777778	0.628539361054709	3.0	5.0	2.0	2	0.0	1.0	0.628539361054709	5	0	5	0	4.75	0.25	0.25
empirical	user_msa	Thint.S06G201700_Thint.S06G201700.1	Thint.S06G201700_Thint.S06G201700.1	304	304	unique	304	304	304	0.7272727272727273	9	419	4.777777777777778	0.628539361054709	3.0	5.0	2.0	2	0.0	1.0	0.628539361054709	5	0	5	0	4.75	0.25	0.25
empirical	user_msa	LOC_Os02g07490_LOC_Os02g07490.1	LOC_Os02g07490_LOC_Os02g07490.1	305	305	unique	305	305	305	0.7296650717703349	9	419	42.333333333333336	0.4714045207910317	42.0	43.0	1.0	2	0.0	1.0	0.4714045207910317	42	0	42	0	42.375	-0.375	-0.375
empirical	user_msa	Oropetium_20150105_02675_Oropetium_20150105_02675A	Oropetium_20150105_02675_Oropetium_20150105_02675A	305	305	unique	305	305	305	0.7296650717703349	9	419	42.333333333333336	0.4714045207910317	42.0	43.0	1.0	2	0.0	1.0	0.4714045207910317	42	0	42	0	42.375	-0.375	-0.375
empirical	user_msa	ELECO.r07.2AG0102970_ELECO.r07.2AG0102970.1	ELECO.r07.2AG0102970_ELECO.r07.2AG0102970.1	305	305	unique	305	305	305	0.7296650717703349	9	419	42.333333333333336	0.4714045207910317	42.0	43.0	1.0	2	0.0	1.0	0.4714045207910317	42	0	42	0	42.375	-0.375	-0.375
empirical	user_msa	Phala.08G200500_Phala.08G200500.1	Phala.08G200500_Phala.08G200500.1	305	305	unique	305	305	305	0.7296650717703349	9	419	42.333333333333336	0.4714045207910317	42.0	43.0	1.0	2	0.0	1.0	0.4714045207910317	43	0	43	0	42.25	0.75	0.75
empirical	user_msa	Phala.08G200500_Phala.08G200500.3	Phala.08G200500_Phala.08G200500.3	305	305	unique	305	305	305	0.7296650717703349	9	419	42.333333333333336	0.4714045207910317	42.0	43.0	1.0	2	0.0	1.0	0.4714045207910317	43	0	43	0	42.25	0.75	0.75
empirical	user_msa	Phala.08G200500_Phala.08G200500.2	Phala.08G200500_Phala.08G200500.2	305	305	unique	305	305	305	0.7296650717703349	9	419	42.333333333333336	0.4714045207910317	42.0	43.0	1.0	2	0.0	1.0	0.4714045207910317	43	0	43	0	42.25	0.75	0.75
empirical	user_msa	HORVU.MOREX.r3.6HG0571560_HORVU.MOREX.r3.6HG0571560.1	HORVU.MOREX.r3.6HG0571560_HORVU.MOREX.r3.6HG0571560.1	305	305	unique	305	305	305	0.7296650717703349	9	419	42.333333333333336	0.4714045207910317	42.0	43.0	1.0	2	0.0	1.0	0.4714045207910317	42	0	42	0	42.375	-0.375	-0.375
empirical	user_msa	TraesCS6A03G0381800_TraesCS6A03G0381800.1	TraesCS6A03G0381800_TraesCS6A03G0381800.1	305	305	unique	305	305	305	0.7296650717703349	9	419	42.333333333333336	0.4714045207910317	42.0	43.0	1.0	2	0.0	1.0	0.4714045207910317	42	0	42	0	42.375	-0.375	-0.375
empirical	user_msa	Thint.S06G201700_Thint.S06G201700.1	Thint.S06G201700_Thint.S06G201700.1	305	305	unique	305	305	305	0.7296650717703349	9	419	42.333333333333336	0.4714045207910317	42.0	43.0	1.0	2	0.0	1.0	0.4714045207910317	42	0	42	0	42.375	-0.375	-0.375
empirical	user_msa	LOC_Os02g07490_LOC_Os02g07490.1	LOC_Os02g07490_LOC_Os02g07490.1	306	306	unique	306	306	306	0.7320574162679426	9	419	4.0	0.0	4.0	4.0	0.0	1	0.0	1.0	0.0	4	0	4	0	4.0	0.0	0.0
empirical	user_msa	Oropetium_20150105_02675_Oropetium_20150105_02675A	Oropetium_20150105_02675_Oropetium_20150105_02675A	306	306	unique	306	306	306	0.7320574162679426	9	419	4.0	0.0	4.0	4.0	0.0	1	0.0	1.0	0.0	4	0	4	0	4.0	0.0	0.0
empirical	user_msa	ELECO.r07.2AG0102970_ELECO.r07.2AG0102970.1	ELECO.r07.2AG0102970_ELECO.r07.2AG0102970.1	306	306	unique	306	306	306	0.7320574162679426	9	419	4.0	0.0	4.0	4.0	0.0	1	0.0	1.0	0.0	4	0	4	0	4.0	0.0	0.0
empirical	user_msa	Phala.08G200500_Phala.08G200500.1	Phala.08G200500_Phala.08G200500.1	306	306	unique	306	306	306	0.7320574162679426	9	419	4.0	0.0	4.0	4.0	0.0	1	0.0	1.0	0.0	4	0	4	0	4.0	0.0	0.0
empirical	user_msa	Phala.08G200500_Phala.08G200500.3	Phala.08G200500_Phala.08G200500.3	306	306	unique	306	306	306	0.7320574162679426	9	419	4.0	0.0	4.0	4.0	0.0	1	0.0	1.0	0.0	4	0	4	0	4.0	0.0	0.0
empirical	user_msa	Phala.08G200500_Phala.08G200500.2	Phala.08G200500_Phala.08G200500.2	306	306	unique	306	306	306	0.7320574162679426	9	419	4.0	0.0	4.0	4.0	0.0	1	0.0	1.0	0.0	4	0	4	0	4.0	0.0	0.0
empirical	user_msa	HORVU.MOREX.r3.6HG0571560_HORVU.MOREX.r3.6HG0571560.1	HORVU.MOREX.r3.6HG0571560_HORVU.MOREX.r3.6HG0571560.1	306	306	unique	306	306	306	0.7320574162679426	9	419	4.0	0.0	4.0	4.0	0.0	1	0.0	1.0	0.0	4	0	4	0	4.0	0.0	0.0
empirical	user_msa	TraesCS6A03G0381800_TraesCS6A03G0381800.1	TraesCS6A03G0381800_TraesCS6A03G0381800.1	306	306	unique	306	306	306	0.7320574162679426	9	419	4.0	0.0	4.0	4.0	0.0	1	0.0	1.0	0.0	4	0	4	0	4.0	0.0	0.0
empirical	user_msa	Thint.S06G201700_Thint.S06G201700.1	Thint.S06G201700_Thint.S06G201700.1	306	306	unique	306	306	306	0.7320574162679426	9	419	4.0	0.0	4.0	4.0	0.0	1	0.0	1.0	0.0	4	0	4	0	4.0	0.0	0.0
empirical	user_msa	LOC_Os02g07490_LOC_Os02g07490.1	LOC_Os02g07490_LOC_Os02g07490.1	307	307	unique	307	307	307	0.7344497607655502	9	419	34.888888888888886	9.32671723174814	30.0	61.0	31.0	4	0.0	1.0	9.32671723174814	31	0	31	0	35.375	-4.375	-4.375
empirical	user_msa	Oropetium_20150105_02675_Oropetium_20150105_02675A	Oropetium_20150105_02675_Oropetium_20150105_02675A	307	307	unique	307	307	307	0.7344497607655502	9	419	34.888888888888886	9.32671723174814	30.0	61.0	31.0	4	0.0	1.0	9.32671723174814	61	0	61	0	31.625	29.375	29.375
empirical	user_msa	ELECO.r07.2AG0102970_ELECO.r07.2AG0102970.1	ELECO.r07.2AG0102970_ELECO.r07.2AG0102970.1	307	307	unique	307	307	307	0.7344497607655502	9	419	34.888888888888886	9.32671723174814	30.0	61.0	31.0	4	0.0	1.0	9.32671723174814	33	0	33	0	35.125	-2.125	-2.125
empirical	user_msa	Phala.08G200500_Phala.08G200500.1	Phala.08G200500_Phala.08G200500.1	307	307	unique	307	307	307	0.7344497607655502	9	419	34.888888888888886	9.32671723174814	30.0	61.0	31.0	4	0.0	1.0	9.32671723174814	30	0	30	0	35.5	-5.5	-5.5
empirical	user_msa	Phala.08G200500_Phala.08G200500.3	Phala.08G200500_Phala.08G200500.3	307	307	unique	307	307	307	0.7344497607655502	9	419	34.888888888888886	9.32671723174814	30.0	61.0	31.0	4	0.0	1.0	9.32671723174814	30	0	30	0	35.5	-5.5	-5.5
empirical	user_msa	Phala.08G200500_Phala.08G200500.2	Phala.08G200500_Phala.08G200500.2	307	307	unique	307	307	307	0.7344497607655502	9	419	34.888888888888886	9.32671723174814	30.0	61.0	31.0	4	0.0	1.0	9.32671723174814	30	0	30	0	35.5	-5.5	-5.5
empirical	user_msa	HORVU.MOREX.r3.6HG0571560_HORVU.MOREX.r3.6HG0571560.1	HORVU.MOREX.r3.6HG0571560_HORVU.MOREX.r3.6HG0571560.1	307	307	unique	307	307	307	0.7344497607655502	9	419	34.888888888888886	9.32671723174814	30.0	61.0	31.0	4	0.0	1.0	9.32671723174814	33	0	33	0	35.125	-2.125	-2.125
empirical	user_msa	TraesCS6A03G0381800_TraesCS6A03G0381800.1	TraesCS6A03G0381800_TraesCS6A03G0381800.1	307	307	unique	307	307	307	0.7344497607655502	9	419	34.888888888888886	9.32671723174814	30.0	61.0	31.0	4	0.0	1.0	9.32671723174814	33	0	33	0	35.125	-2.125	-2.125
empirical	user_msa	Thint.S06G201700_Thint.S06G201700.1	Thint.S06G201700_Thint.S06G201700.1	307	307	unique	307	307	307	0.7344497607655502	9	419	34.888888888888886	9.32671723174814	30.0	61.0	31.0	4	0.0	1.0	9.32671723174814	33	0	33	0	35.125	-2.125	-2.125
empirical	user_msa	LOC_Os02g07490_LOC_Os02g07490.1	LOC_Os02g07490_LOC_Os02g07490.1	308	308	unique	308	308	308	0.7368421052631579	9	419	9.0	0.0	9.0	9.0	0.0	1	0.0	1.0	0.0	9	0	9	0	9.0	0.0	0.0
empirical	user_msa	Oropetium_20150105_02675_Oropetium_20150105_02675A	Oropetium_20150105_02675_Oropetium_20150105_02675A	308	308	unique	308	308	308	0.7368421052631579	9	419	9.0	0.0	9.0	9.0	0.0	1	0.0	1.0	0.0	9	0	9	0	9.0	0.0	0.0
empirical	user_msa	ELECO.r07.2AG0102970_ELECO.r07.2AG0102970.1	ELECO.r07.2AG0102970_ELECO.r07.2AG0102970.1	308	308	unique	308	308	308	0.7368421052631579	9	419	9.0	0.0	9.0	9.0	0.0	1	0.0	1.0	0.0	9	0	9	0	9.0	0.0	0.0
empirical	user_msa	Phala.08G200500_Phala.08G200500.1	Phala.08G200500_Phala.08G200500.1	308	308	unique	308	308	308	0.7368421052631579	9	419	9.0	0.0	9.0	9.0	0.0	1	0.0	1.0	0.0	9	0	9	0	9.0	0.0	0.0
empirical	user_msa	Phala.08G200500_Phala.08G200500.3	Phala.08G200500_Phala.08G200500.3	308	308	unique	308	308	308	0.7368421052631579	9	419	9.0	0.0	9.0	9.0	0.0	1	0.0	1.0	0.0	9	0	9	0	9.0	0.0	0.0
empirical	user_msa	Phala.08G200500_Phala.08G200500.2	Phala.08G200500_Phala.08G200500.2	308	308	unique	308	308	308	0.7368421052631579	9	419	9.0	0.0	9.0	9.0	0.0	1	0.0	1.0	0.0	9	0	9	0	9.0	0.0	0.0
empirical	user_msa	HORVU.MOREX.r3.6HG0571560_HORVU.MOREX.r3.6HG0571560.1	HORVU.MOREX.r3.6HG0571560_HORVU.MOREX.r3.6HG0571560.1	308	308	unique	308	308	308	0.7368421052631579	9	419	9.0	0.0	9.0	9.0	0.0	1	0.0	1.0	0.0	9	0	9	0	9.0	0.0	0.0
empirical	user_msa	TraesCS6A03G0381800_TraesCS6A03G0381800.1	TraesCS6A03G0381800_TraesCS6A03G0381800.1	308	308	unique	308	308	308	0.7368421052631579	9	419	9.0	0.0	9.0	9.0	0.0	1	0.0	1.0	0.0	9	0	9	0	9.0	0.0	0.0
empirical	user_msa	Thint.S06G201700_Thint.S06G201700.1	Thint.S06G201700_Thint.S06G201700.1	308	308	unique	308	308	308	0.7368421052631579	9	419	9.0	0.0	9.0	9.0	0.0	1	0.0	1.0	0.0	9	0	9	0	9.0	0.0	0.0
empirical	user_msa	LOC_Os02g07490_LOC_Os02g07490.1	LOC_Os02g07490_LOC_Os02g07490.1	309	309	unique	309	309	309	0.7392344497607656	9	419	43.0	0.9428090415820634	42.0	45.0	3.0	4	0.0	1.0	0.9428090415820634	45	0	45	0	42.75	2.25	2.25
empirical	user_msa	Oropetium_20150105_02675_Oropetium_20150105_02675A	Oropetium_20150105_02675_Oropetium_20150105_02675A	309	309	unique	309	309	309	0.7392344497607656	9	419	43.0	0.9428090415820634	42.0	45.0	3.0	4	0.0	1.0	0.9428090415820634	44	0	44	0	42.875	1.125	1.125
empirical	user_msa	ELECO.r07.2AG0102970_ELECO.r07.2AG0102970.1	ELECO.r07.2AG0102970_ELECO.r07.2AG0102970.1	309	309	unique	309	309	309	0.7392344497607656	9	419	43.0	0.9428090415820634	42.0	45.0	3.0	4	0.0	1.0	0.9428090415820634	43	0	43	0	43.0	0.0	0.0
empirical	user_msa	Phala.08G200500_Phala.08G200500.1	Phala.08G200500_Phala.08G200500.1	309	309	unique	309	309	309	0.7392344497607656	9	419	43.0	0.9428090415820634	42.0	45.0	3.0	4	0.0	1.0	0.9428090415820634	42	0	42	0	43.125	-1.125	-1.125
empirical	user_msa	Phala.08G200500_Phala.08G200500.3	Phala.08G200500_Phala.08G200500.3	309	309	unique	309	309	309	0.7392344497607656	9	419	43.0	0.9428090415820634	42.0	45.0	3.0	4	0.0	1.0	0.9428090415820634	42	0	42	0	43.125	-1.125	-1.125
empirical	user_msa	Phala.08G200500_Phala.08G200500.2	Phala.08G200500_Phala.08G200500.2	309	309	unique	309	309	309	0.7392344497607656	9	419	43.0	0.9428090415820634	42.0	45.0	3.0	4	0.0	1.0	0.9428090415820634	42	0	42	0	43.125	-1.125	-1.125
empirical	user_msa	HORVU.MOREX.r3.6HG0571560_HORVU.MOREX.r3.6HG0571560.1	HORVU.MOREX.r3.6HG0571560_HORVU.MOREX.r3.6HG0571560.1	309	309	unique	309	309	309	0.7392344497607656	9	419	43.0	0.9428090415820634	42.0	45.0	3.0	4	0.0	1.0	0.9428090415820634	43	0	43	0	43.0	0.0	0.0
empirical	user_msa	TraesCS6A03G0381800_TraesCS6A03G0381800.1	TraesCS6A03G0381800_TraesCS6A03G0381800.1	309	309	unique	309	309	309	0.7392344497607656	9	419	43.0	0.9428090415820634	42.0	45.0	3.0	4	0.0	1.0	0.9428090415820634	43	0	43	0	43.0	0.0	0.0
empirical	user_msa	Thint.S06G201700_Thint.S06G201700.1	Thint.S06G201700_Thint.S06G201700.1	309	309	unique	309	309	309	0.7392344497607656	9	419	43.0	0.9428090415820634	42.0	45.0	3.0	4	0.0	1.0	0.9428090415820634	43	0	43	0	43.0	0.0	0.0
empirical	user_msa	LOC_Os02g07490_LOC_Os02g07490.1	LOC_Os02g07490_LOC_Os02g07490.1	310	310	unique	310	310	310	0.7416267942583732	9	419	16.0	0.0	16.0	16.0	0.0	1	0.0	1.0	0.0	16	0	16	0	16.0	0.0	0.0
empirical	user_msa	Oropetium_20150105_02675_Oropetium_20150105_02675A	Oropetium_20150105_02675_Oropetium_20150105_02675A	310	310	unique	310	310	310	0.7416267942583732	9	419	16.0	0.0	16.0	16.0	0.0	1	0.0	1.0	0.0	16	0	16	0	16.0	0.0	0.0
empirical	user_msa	ELECO.r07.2AG0102970_ELECO.r07.2AG0102970.1	ELECO.r07.2AG0102970_ELECO.r07.2AG0102970.1	310	310	unique	310	310	310	0.7416267942583732	9	419	16.0	0.0	16.0	16.0	0.0	1	0.0	1.0	0.0	16	0	16	0	16.0	0.0	0.0
empirical	user_msa	Phala.08G200500_Phala.08G200500.1	Phala.08G200500_Phala.08G200500.1	310	310	unique	310	310	310	0.7416267942583732	9	419	16.0	0.0	16.0	16.0	0.0	1	0.0	1.0	0.0	16	0	16	0	16.0	0.0	0.0
empirical	user_msa	Phala.08G200500_Phala.08G200500.3	Phala.08G200500_Phala.08G200500.3	310	310	unique	310	310	310	0.7416267942583732	9	419	16.0	0.0	16.0	16.0	0.0	1	0.0	1.0	0.0	16	0	16	0	16.0	0.0	0.0
empirical	user_msa	Phala.08G200500_Phala.08G200500.2	Phala.08G200500_Phala.08G200500.2	310	310	unique	310	310	310	0.7416267942583732	9	419	16.0	0.0	16.0	16.0	0.0	1	0.0	1.0	0.0	16	0	16	0	16.0	0.0	0.0
empirical	user_msa	HORVU.MOREX.r3.6HG0571560_HORVU.MOREX.r3.6HG0571560.1	HORVU.MOREX.r3.6HG0571560_HORVU.MOREX.r3.6HG0571560.1	310	310	unique	310	310	310	0.7416267942583732	9	419	16.0	0.0	16.0	16.0	0.0	1	0.0	1.0	0.0	16	0	16	0	16.0	0.0	0.0
empirical	user_msa	TraesCS6A03G0381800_TraesCS6A03G0381800.1	TraesCS6A03G0381800_TraesCS6A03G0381800.1	310	310	unique	310	310	310	0.7416267942583732	9	419	16.0	0.0	16.0	16.0	0.0	1	0.0	1.0	0.0	16	0	16	0	16.0	0.0	0.0
empirical	user_msa	Thint.S06G201700_Thint.S06G201700.1	Thint.S06G201700_Thint.S06G201700.1	310	310	unique	310	310	310	0.7416267942583732	9	419	16.0	0.0	16.0	16.0	0.0	1	0.0	1.0	0.0	16	0	16	0	16.0	0.0	0.0
empirical	user_msa	LOC_Os02g07490_LOC_Os02g07490.1	LOC_Os02g07490_LOC_Os02g07490.1	311	311	unique	311	311	311	0.7440191387559809	9	419	39.333333333333336	1.247219128924647	38.0	41.0	3.0	3	0.0	1.0	1.247219128924647	39	0	39	0	39.375	-0.375	-0.375
empirical	user_msa	Oropetium_20150105_02675_Oropetium_20150105_02675A	Oropetium_20150105_02675_Oropetium_20150105_02675A	311	311	unique	311	311	311	0.7440191387559809	9	419	39.333333333333336	1.247219128924647	38.0	41.0	3.0	3	0.0	1.0	1.247219128924647	39	0	39	0	39.375	-0.375	-0.375
empirical	user_msa	ELECO.r07.2AG0102970_ELECO.r07.2AG0102970.1	ELECO.r07.2AG0102970_ELECO.r07.2AG0102970.1	311	311	unique	311	311	311	0.7440191387559809	9	419	39.333333333333336	1.247219128924647	38.0	41.0	3.0	3	0.0	1.0	1.247219128924647	39	0	39	0	39.375	-0.375	-0.375
empirical	user_msa	Phala.08G200500_Phala.08G200500.1	Phala.08G200500_Phala.08G200500.1	311	311	unique	311	311	311	0.7440191387559809	9	419	39.333333333333336	1.247219128924647	38.0	41.0	3.0	3	0.0	1.0	1.247219128924647	38	0	38	0	39.5	-1.5	-1.5
empirical	user_msa	Phala.08G200500_Phala.08G200500.3	Phala.08G200500_Phala.08G200500.3	311	311	unique	311	311	311	0.7440191387559809	9	419	39.333333333333336	1.247219128924647	38.0	41.0	3.0	3	0.0	1.0	1.247219128924647	38	0	38	0	39.5	-1.5	-1.5
empirical	user_msa	Phala.08G200500_Phala.08G200500.2	Phala.08G200500_Phala.08G200500.2	311	311	unique	311	311	311	0.7440191387559809	9	419	39.333333333333336	1.247219128924647	38.0	41.0	3.0	3	0.0	1.0	1.247219128924647	38	0	38	0	39.5	-1.5	-1.5
empirical	user_msa	HORVU.MOREX.r3.6HG0571560_HORVU.MOREX.r3.6HG0571560.1	HORVU.MOREX.r3.6HG0571560_HORVU.MOREX.r3.6HG0571560.1	311	311	unique	311	311	311	0.7440191387559809	9	419	39.333333333333336	1.247219128924647	38.0	41.0	3.0	3	0.0	1.0	1.247219128924647	41	0	41	0	39.125	1.875	1.875
empirical	user_msa	TraesCS6A03G0381800_TraesCS6A03G0381800.1	TraesCS6A03G0381800_TraesCS6A03G0381800.1	311	311	unique	311	311	311	0.7440191387559809	9	419	39.333333333333336	1.247219128924647	38.0	41.0	3.0	3	0.0	1.0	1.247219128924647	41	0	41	0	39.125	1.875	1.875
empirical	user_msa	Thint.S06G201700_Thint.S06G201700.1	Thint.S06G201700_Thint.S06G201700.1	311	311	unique	311	311	311	0.7440191387559809	9	419	39.333333333333336	1.247219128924647	38.0	41.0	3.0	3	0.0	1.0	1.247219128924647	41	0	41	0	39.125	1.875	1.875
empirical	user_msa	LOC_Os02g07490_LOC_Os02g07490.1	LOC_Os02g07490_LOC_Os02g07490.1	312	312	unique	312	312	312	0.7464114832535885	9	419	60.0	0.0	60.0	60.0	0.0	1	0.0	1.0	0.0	60	0	60	0	60.0	0.0	0.0
empirical	user_msa	Oropetium_20150105_02675_Oropetium_20150105_02675A	Oropetium_20150105_02675_Oropetium_20150105_02675A	312	312	unique	312	312	312	0.7464114832535885	9	419	60.0	0.0	60.0	60.0	0.0	1	0.0	1.0	0.0	60	0	60	0	60.0	0.0	0.0
empirical	user_msa	ELECO.r07.2AG0102970_ELECO.r07.2AG0102970.1	ELECO.r07.2AG0102970_ELECO.r07.2AG0102970.1	312	312	unique	312	312	312	0.7464114832535885	9	419	60.0	0.0	60.0	60.0	0.0	1	0.0	1.0	0.0	60	0	60	0	60.0	0.0	0.0
empirical	user_msa	Phala.08G200500_Phala.08G200500.1	Phala.08G200500_Phala.08G200500.1	312	312	unique	312	312	312	0.7464114832535885	9	419	60.0	0.0	60.0	60.0	0.0	1	0.0	1.0	0.0	60	0	60	0	60.0	0.0	0.0
empirical	user_msa	Phala.08G200500_Phala.08G200500.3	Phala.08G200500_Phala.08G200500.3	312	312	unique	312	312	312	0.7464114832535885	9	419	60.0	0.0	60.0	60.0	0.0	1	0.0	1.0	0.0	60	0	60	0	60.0	0.0	0.0
empirical	user_msa	Phala.08G200500_Phala.08G200500.2	Phala.08G200500_Phala.08G200500.2	312	312	unique	312	312	312	0.7464114832535885	9	419	60.0	0.0	60.0	60.0	0.0	1	0.0	1.0	0.0	60	0	60	0	60.0	0.0	0.0
empirical	user_msa	HORVU.MOREX.r3.6HG0571560_HORVU.MOREX.r3.6HG0571560.1	HORVU.MOREX.r3.6HG0571560_HORVU.MOREX.r3.6HG0571560.1	312	312	unique	312	312	312	0.7464114832535885	9	419	60.0	0.0	60.0	60.0	0.0	1	0.0	1.0	0.0	60	0	60	0	60.0	0.0	0.0
empirical	user_msa	TraesCS6A03G0381800_TraesCS6A03G0381800.1	TraesCS6A03G0381800_TraesCS6A03G0381800.1	312	312	unique	312	312	312	0.7464114832535885	9	419	60.0	0.0	60.0	60.0	0.0	1	0.0	1.0	0.0	60	0	60	0	60.0	0.0	0.0
empirical	user_msa	Thint.S06G201700_Thint.S06G201700.1	Thint.S06G201700_Thint.S06G201700.1	312	312	unique	312	312	312	0.7464114832535885	9	419	60.0	0.0	60.0	60.0	0.0	1	0.0	1.0	0.0	60	0	60	0	60.0	0.0	0.0
empirical	user_msa	LOC_Os02g07490_LOC_Os02g07490.1	LOC_Os02g07490_LOC_Os02g07490.1	313	313	unique	313	313	313	0.7488038277511961	9	419	25.555555555555557	5.678636595191394	10.0	29.0	19.0	3	0.0	1.0	5.678636595191394	26	0	26	0	25.5	0.5	0.5
empirical	user_msa	Oropetium_20150105_02675_Oropetium_20150105_02675A	Oropetium_20150105_02675_Oropetium_20150105_02675A	313	313	unique	313	313	313	0.7488038277511961	9	419	25.555555555555557	5.678636595191394	10.0	29.0	19.0	3	0.0	1.0	5.678636595191394	29	0	29	0	25.125	3.875	3.875
empirical	user_msa	ELECO.r07.2AG0102970_ELECO.r07.2AG0102970.1	ELECO.r07.2AG0102970_ELECO.r07.2AG0102970.1	313	313	unique	313	313	313	0.7488038277511961	9	419	25.555555555555557	5.678636595191394	10.0	29.0	19.0	3	0.0	1.0	5.678636595191394	26	0	26	0	25.5	0.5	0.5
empirical	user_msa	Phala.08G200500_Phala.08G200500.1	Phala.08G200500_Phala.08G200500.1	313	313	unique	313	313	313	0.7488038277511961	9	419	25.555555555555557	5.678636595191394	10.0	29.0	19.0	3	0.0	1.0	5.678636595191394	29	0	29	0	25.125	3.875	3.875
empirical	user_msa	Phala.08G200500_Phala.08G200500.3	Phala.08G200500_Phala.08G200500.3	313	313	unique	313	313	313	0.7488038277511961	9	419	25.555555555555557	5.678636595191394	10.0	29.0	19.0	3	0.0	1.0	5.678636595191394	29	0	29	0	25.125	3.875	3.875
empirical	user_msa	Phala.08G200500_Phala.08G200500.2	Phala.08G200500_Phala.08G200500.2	313	313	unique	313	313	313	0.7488038277511961	9	419	25.555555555555557	5.678636595191394	10.0	29.0	19.0	3	0.0	1.0	5.678636595191394	29	0	29	0	25.125	3.875	3.875
empirical	user_msa	HORVU.MOREX.r3.6HG0571560_HORVU.MOREX.r3.6HG0571560.1	HORVU.MOREX.r3.6HG0571560_HORVU.MOREX.r3.6HG0571560.1	313	313	unique	313	313	313	0.7488038277511961	9	419	25.555555555555557	5.678636595191394	10.0	29.0	19.0	3	0.0	1.0	5.678636595191394	10	0	10	0	27.5	-17.5	-17.5
empirical	user_msa	TraesCS6A03G0381800_TraesCS6A03G0381800.1	TraesCS6A03G0381800_TraesCS6A03G0381800.1	313	313	unique	313	313	313	0.7488038277511961	9	419	25.555555555555557	5.678636595191394	10.0	29.0	19.0	3	0.0	1.0	5.678636595191394	26	0	26	0	25.5	0.5	0.5
empirical	user_msa	Thint.S06G201700_Thint.S06G201700.1	Thint.S06G201700_Thint.S06G201700.1	313	313	unique	313	313	313	0.7488038277511961	9	419	25.555555555555557	5.678636595191394	10.0	29.0	19.0	3	0.0	1.0	5.678636595191394	26	0	26	0	25.5	0.5	0.5
empirical	user_msa	LOC_Os02g07490_LOC_Os02g07490.1	LOC_Os02g07490_LOC_Os02g07490.1	314	314	unique	314	314	314	0.7511961722488039	9	419	49.0	0.0	49.0	49.0	0.0	1	0.0	1.0	0.0	49	0	49	0	49.0	0.0	0.0
empirical	user_msa	Oropetium_20150105_02675_Oropetium_20150105_02675A	Oropetium_20150105_02675_Oropetium_20150105_02675A	314	314	unique	314	314	314	0.7511961722488039	9	419	49.0	0.0	49.0	49.0	0.0	1	0.0	1.0	0.0	49	0	49	0	49.0	0.0	0.0
empirical	user_msa	ELECO.r07.2AG0102970_ELECO.r07.2AG0102970.1	ELECO.r07.2AG0102970_ELECO.r07.2AG0102970.1	314	314	unique	314	314	314	0.7511961722488039	9	419	49.0	0.0	49.0	49.0	0.0	1	0.0	1.0	0.0	49	0	49	0	49.0	0.0	0.0
empirical	user_msa	Phala.08G200500_Phala.08G200500.1	Phala.08G200500_Phala.08G200500.1	314	314	unique	314	314	314	0.7511961722488039	9	419	49.0	0.0	49.0	49.0	0.0	1	0.0	1.0	0.0	49	0	49	0	49.0	0.0	0.0
empirical	user_msa	Phala.08G200500_Phala.08G200500.3	Phala.08G200500_Phala.08G200500.3	314	314	unique	314	314	314	0.7511961722488039	9	419	49.0	0.0	49.0	49.0	0.0	1	0.0	1.0	0.0	49	0	49	0	49.0	0.0	0.0
empirical	user_msa	Phala.08G200500_Phala.08G200500.2	Phala.08G200500_Phala.08G200500.2	314	314	unique	314	314	314	0.7511961722488039	9	419	49.0	0.0	49.0	49.0	0.0	1	0.0	1.0	0.0	49	0	49	0	49.0	0.0	0.0
empirical	user_msa	HORVU.MOREX.r3.6HG0571560_HORVU.MOREX.r3.6HG0571560.1	HORVU.MOREX.r3.6HG0571560_HORVU.MOREX.r3.6HG0571560.1	314	314	unique	314	314	314	0.7511961722488039	9	419	49.0	0.0	49.0	49.0	0.0	1	0.0	1.0	0.0	49	0	49	0	49.0	0.0	0.0
empirical	user_msa	TraesCS6A03G0381800_TraesCS6A03G0381800.1	TraesCS6A03G0381800_TraesCS6A03G0381800.1	314	314	unique	314	314	314	0.7511961722488039	9	419	49.0	0.0	49.0	49.0	0.0	1	0.0	1.0	0.0	49	0	49	0	49.0	0.0	0.0
empirical	user_msa	Thint.S06G201700_Thint.S06G201700.1	Thint.S06G201700_Thint.S06G201700.1	314	314	unique	314	314	314	0.7511961722488039	9	419	49.0	0.0	49.0	49.0	0.0	1	0.0	1.0	0.0	49	0	49	0	49.0	0.0	0.0
empirical	user_msa	LOC_Os02g07490_LOC_Os02g07490.1	LOC_Os02g07490_LOC_Os02g07490.1	315	315	unique	315	315	315	0.7535885167464115	9	419	23.11111111111111	1.3698697784375504	22.0	25.0	3.0	3	0.0	1.0	1.3698697784375504	22	0	22	0	23.25	-1.25	-1.25
empirical	user_msa	Oropetium_20150105_02675_Oropetium_20150105_02675A	Oropetium_20150105_02675_Oropetium_20150105_02675A	315	315	unique	315	315	315	0.7535885167464115	9	419	23.11111111111111	1.3698697784375504	22.0	25.0	3.0	3	0.0	1.0	1.3698697784375504	23	0	23	0	23.125	-0.125	-0.125
empirical	user_msa	ELECO.r07.2AG0102970_ELECO.r07.2AG0102970.1	ELECO.r07.2AG0102970_ELECO.r07.2AG0102970.1	315	315	unique	315	315	315	0.7535885167464115	9	419	23.11111111111111	1.3698697784375504	22.0	25.0	3.0	3	0.0	1.0	1.3698697784375504	22	0	22	0	23.25	-1.25	-1.25
empirical	user_msa	Phala.08G200500_Phala.08G200500.1	Phala.08G200500_Phala.08G200500.1	315	315	unique	315	315	315	0.7535885167464115	9	419	23.11111111111111	1.3698697784375504	22.0	25.0	3.0	3	0.0	1.0	1.3698697784375504	25	0	25	0	22.875	2.125	2.125
empirical	user_msa	Phala.08G200500_Phala.08G200500.3	Phala.08G200500_Phala.08G200500.3	315	315	unique	315	315	315	0.7535885167464115	9	419	23.11111111111111	1.3698697784375504	22.0	25.0	3.0	3	0.0	1.0	1.3698697784375504	25	0	25	0	22.875	2.125	2.125
empirical	user_msa	Phala.08G200500_Phala.08G200500.2	Phala.08G200500_Phala.08G200500.2	315	315	unique	315	315	315	0.7535885167464115	9	419	23.11111111111111	1.3698697784375504	22.0	25.0	3.0	3	0.0	1.0	1.3698697784375504	25	0	25	0	22.875	2.125	2.125
empirical	user_msa	HORVU.MOREX.r3.6HG0571560_HORVU.MOREX.r3.6HG0571560.1	HORVU.MOREX.r3.6HG0571560_HORVU.MOREX.r3.6HG0571560.1	315	315	unique	315	315	315	0.7535885167464115	9	419	23.11111111111111	1.3698697784375504	22.0	25.0	3.0	3	0.0	1.0	1.3698697784375504	22	0	22	0	23.25	-1.25	-1.25
empirical	user_msa	TraesCS6A03G0381800_TraesCS6A03G0381800.1	TraesCS6A03G0381800_TraesCS6A03G0381800.1	315	315	unique	315	315	315	0.7535885167464115	9	419	23.11111111111111	1.3698697784375504	22.0	25.0	3.0	3	0.0	1.0	1.3698697784375504	22	0	22	0	23.25	-1.25	-1.25
empirical	user_msa	Thint.S06G201700_Thint.S06G201700.1	Thint.S06G201700_Thint.S06G201700.1	315	315	unique	315	315	315	0.7535885167464115	9	419	23.11111111111111	1.3698697784375504	22.0	25.0	3.0	3	0.0	1.0	1.3698697784375504	22	0	22	0	23.25	-1.25	-1.25
empirical	user_msa	LOC_Os02g07490_LOC_Os02g07490.1	LOC_Os02g07490_LOC_Os02g07490.1	316	316	unique	316	316	316	0.7559808612440191	9	419	7.555555555555555	1.4229164972072998	6.0	9.0	3.0	3	0.0	1.0	1.4229164972072998	6	0	6	0	7.75	-1.75	-1.75
empirical	user_msa	Oropetium_20150105_02675_Oropetium_20150105_02675A	Oropetium_20150105_02675_Oropetium_20150105_02675A	316	316	unique	316	316	316	0.7559808612440191	9	419	7.555555555555555	1.4229164972072998	6.0	9.0	3.0	3	0.0	1.0	1.4229164972072998	9	0	9	0	7.375	1.625	1.625
empirical	user_msa	ELECO.r07.2AG0102970_ELECO.r07.2AG0102970.1	ELECO.r07.2AG0102970_ELECO.r07.2AG0102970.1	316	316	unique	316	316	316	0.7559808612440191	9	419	7.555555555555555	1.4229164972072998	6.0	9.0	3.0	3	0.0	1.0	1.4229164972072998	6	0	6	0	7.75	-1.75	-1.75
empirical	user_msa	Phala.08G200500_Phala.08G200500.1	Phala.08G200500_Phala.08G200500.1	316	316	unique	316	316	316	0.7559808612440191	9	419	7.555555555555555	1.4229164972072998	6.0	9.0	3.0	3	0.0	1.0	1.4229164972072998	9	0	9	0	7.375	1.625	1.625
empirical	user_msa	Phala.08G200500_Phala.08G200500.3	Phala.08G200500_Phala.08G200500.3	316	316	unique	316	316	316	0.7559808612440191	9	419	7.555555555555555	1.4229164972072998	6.0	9.0	3.0	3	0.0	1.0	1.4229164972072998	9	0	9	0	7.375	1.625	1.625
empirical	user_msa	Phala.08G200500_Phala.08G200500.2	Phala.08G200500_Phala.08G200500.2	316	316	unique	316	316	316	0.7559808612440191	9	419	7.555555555555555	1.4229164972072998	6.0	9.0	3.0	3	0.0	1.0	1.4229164972072998	9	0	9	0	7.375	1.625	1.625
empirical	user_msa	HORVU.MOREX.r3.6HG0571560_HORVU.MOREX.r3.6HG0571560.1	HORVU.MOREX.r3.6HG0571560_HORVU.MOREX.r3.6HG0571560.1	316	316	unique	316	316	316	0.7559808612440191	9	419	7.555555555555555	1.4229164972072998	6.0	9.0	3.0	3	0.0	1.0	1.4229164972072998	6	0	6	0	7.75	-1.75	-1.75
empirical	user_msa	TraesCS6A03G0381800_TraesCS6A03G0381800.1	TraesCS6A03G0381800_TraesCS6A03G0381800.1	316	316	unique	316	316	316	0.7559808612440191	9	419	7.555555555555555	1.4229164972072998	6.0	9.0	3.0	3	0.0	1.0	1.4229164972072998	6	0	6	0	7.75	-1.75	-1.75
empirical	user_msa	Thint.S06G201700_Thint.S06G201700.1	Thint.S06G201700_Thint.S06G201700.1	316	316	unique	316	316	316	0.7559808612440191	9	419	7.555555555555555	1.4229164972072998	6.0	9.0	3.0	3	0.0	1.0	1.4229164972072998	8	0	8	0	7.5	0.5	0.5
empirical	user_msa	LOC_Os02g07490_LOC_Os02g07490.1	LOC_Os02g07490_LOC_Os02g07490.1	317	317	unique	317	317	317	0.7583732057416268	9	419	33.666666666666664	13.046923860520618	22.0	49.0	27.0	3	0.0	1.0	13.046923860520618	22	0	22	0	35.125	-13.125	-13.125
empirical	user_msa	Oropetium_20150105_02675_Oropetium_20150105_02675A	Oropetium_20150105_02675_Oropetium_20150105_02675A	317	317	unique	317	317	317	0.7583732057416268	9	419	33.666666666666664	13.046923860520618	22.0	49.0	27.0	3	0.0	1.0	13.046923860520618	49	0	49	0	31.75	17.25	17.25
empirical	user_msa	ELECO.r07.2AG0102970_ELECO.r07.2AG0102970.1	ELECO.r07.2AG0102970_ELECO.r07.2AG0102970.1	317	317	unique	317	317	317	0.7583732057416268	9	419	33.666666666666664	13.046923860520618	22.0	49.0	27.0	3	0.0	1.0	13.046923860520618	22	0	22	0	35.125	-13.125	-13.125
empirical	user_msa	Phala.08G200500_Phala.08G200500.1	Phala.08G200500_Phala.08G200500.1	317	317	unique	317	317	317	0.7583732057416268	9	419	33.666666666666664	13.046923860520618	22.0	49.0	27.0	3	0.0	1.0	13.046923860520618	48	0	48	0	31.875	16.125	16.125
empirical	user_msa	Phala.08G200500_Phala.08G200500.3	Phala.08G200500_Phala.08G200500.3	317	317	unique	317	317	317	0.7583732057416268	9	419	33.666666666666664	13.046923860520618	22.0	49.0	27.0	3	0.0	1.0	13.046923860520618	48	0	48	0	31.875	16.125	16.125
empirical	user_msa	Phala.08G200500_Phala.08G200500.2	Phala.08G200500_Phala.08G200500.2	317	317	unique	317	317	317	0.7583732057416268	9	419	33.666666666666664	13.046923860520618	22.0	49.0	27.0	3	0.0	1.0	13.046923860520618	48	0	48	0	31.875	16.125	16.125
empirical	user_msa	HORVU.MOREX.r3.6HG0571560_HORVU.MOREX.r3.6HG0571560.1	HORVU.MOREX.r3.6HG0571560_HORVU.MOREX.r3.6HG0571560.1	317	317	unique	317	317	317	0.7583732057416268	9	419	33.666666666666664	13.046923860520618	22.0	49.0	27.0	3	0.0	1.0	13.046923860520618	22	0	22	0	35.125	-13.125	-13.125
empirical	user_msa	TraesCS6A03G0381800_TraesCS6A03G0381800.1	TraesCS6A03G0381800_TraesCS6A03G0381800.1	317	317	unique	317	317	317	0.7583732057416268	9	419	33.666666666666664	13.046923860520618	22.0	49.0	27.0	3	0.0	1.0	13.046923860520618	22	0	22	0	35.125	-13.125	-13.125
empirical	user_msa	Thint.S06G201700_Thint.S06G201700.1	Thint.S06G201700_Thint.S06G201700.1	317	317	unique	317	317	317	0.7583732057416268	9	419	33.666666666666664	13.046923860520618	22.0	49.0	27.0	3	0.0	1.0	13.046923860520618	22	0	22	0	35.125	-13.125	-13.125
empirical	user_msa	LOC_Os02g07490_LOC_Os02g07490.1	LOC_Os02g07490_LOC_Os02g07490.1	318	318	unique	318	318	318	0.7607655502392344	9	419	18.555555555555557	15.166564916223601	5.0	37.0	32.0	3	0.0	1.0	15.166564916223601	5	0	5	0	20.25	-15.25	-15.25
empirical	user_msa	Oropetium_20150105_02675_Oropetium_20150105_02675A	Oropetium_20150105_02675_Oropetium_20150105_02675A	318	318	unique	318	318	318	0.7607655502392344	9	419	18.555555555555557	15.166564916223601	5.0	37.0	32.0	3	0.0	1.0	15.166564916223601	37	0	37	0	16.25	20.75	20.75
empirical	user_msa	ELECO.r07.2AG0102970_ELECO.r07.2AG0102970.1	ELECO.r07.2AG0102970_ELECO.r07.2AG0102970.1	318	318	unique	318	318	318	0.7607655502392344	9	419	18.555555555555557	15.166564916223601	5.0	37.0	32.0	3	0.0	1.0	15.166564916223601	5	0	5	0	20.25	-15.25	-15.25
empirical	user_msa	Phala.08G200500_Phala.08G200500.1	Phala.08G200500_Phala.08G200500.1	318	318	unique	318	318	318	0.7607655502392344	9	419	18.555555555555557	15.166564916223601	5.0	37.0	32.0	3	0.0	1.0	15.166564916223601	35	0	35	0	16.5	18.5	18.5
empirical	user_msa	Phala.08G200500_Phala.08G200500.3	Phala.08G200500_Phala.08G200500.3	318	318	unique	318	318	318	0.7607655502392344	9	419	18.555555555555557	15.166564916223601	5.0	37.0	32.0	3	0.0	1.0	15.166564916223601	35	0	35	0	16.5	18.5	18.5
empirical	user_msa	Phala.08G200500_Phala.08G200500.2	Phala.08G200500_Phala.08G200500.2	318	318	unique	318	318	318	0.7607655502392344	9	419	18.555555555555557	15.166564916223601	5.0	37.0	32.0	3	0.0	1.0	15.166564916223601	35	0	35	0	16.5	18.5	18.5
empirical	user_msa	HORVU.MOREX.r3.6HG0571560_HORVU.MOREX.r3.6HG0571560.1	HORVU.MOREX.r3.6HG0571560_HORVU.MOREX.r3.6HG0571560.1	318	318	unique	318	318	318	0.7607655502392344	9	419	18.555555555555557	15.166564916223601	5.0	37.0	32.0	3	0.0	1.0	15.166564916223601	5	0	5	0	20.25	-15.25	-15.25
empirical	user_msa	TraesCS6A03G0381800_TraesCS6A03G0381800.1	TraesCS6A03G0381800_TraesCS6A03G0381800.1	318	318	unique	318	318	318	0.7607655502392344	9	419	18.555555555555557	15.166564916223601	5.0	37.0	32.0	3	0.0	1.0	15.166564916223601	5	0	5	0	20.25	-15.25	-15.25
empirical	user_msa	Thint.S06G201700_Thint.S06G201700.1	Thint.S06G201700_Thint.S06G201700.1	318	318	unique	318	318	318	0.7607655502392344	9	419	18.555555555555557	15.166564916223601	5.0	37.0	32.0	3	0.0	1.0	15.166564916223601	5	0	5	0	20.25	-15.25	-15.25
empirical	user_msa	LOC_Os02g07490_LOC_Os02g07490.1	LOC_Os02g07490_LOC_Os02g07490.1	319	319	unique	319	319	319	0.7631578947368421	9	419	47.666666666666664	0.6666666666666666	47.0	49.0	2.0	3	0.0	1.0	0.6666666666666666	48	0	48	0	47.625	0.375	0.375
empirical	user_msa	Oropetium_20150105_02675_Oropetium_20150105_02675A	Oropetium_20150105_02675_Oropetium_20150105_02675A	319	319	unique	319	319	319	0.7631578947368421	9	419	47.666666666666664	0.6666666666666666	47.0	49.0	2.0	3	0.0	1.0	0.6666666666666666	49	0	49	0	47.5	1.5	1.5
empirical	user_msa	ELECO.r07.2AG0102970_ELECO.r07.2AG0102970.1	ELECO.r07.2AG0102970_ELECO.r07.2AG0102970.1	319	319	unique	319	319	319	0.7631578947368421	9	419	47.666666666666664	0.6666666666666666	47.0	49.0	2.0	3	0.0	1.0	0.6666666666666666	47	0	47	0	47.75	-0.75	-0.75
empirical	user_msa	Phala.08G200500_Phala.08G200500.1	Phala.08G200500_Phala.08G200500.1	319	319	unique	319	319	319	0.7631578947368421	9	419	47.666666666666664	0.6666666666666666	47.0	49.0	2.0	3	0.0	1.0	0.6666666666666666	48	0	48	0	47.625	0.375	0.375
empirical	user_msa	Phala.08G200500_Phala.08G200500.3	Phala.08G200500_Phala.08G200500.3	319	319	unique	319	319	319	0.7631578947368421	9	419	47.666666666666664	0.6666666666666666	47.0	49.0	2.0	3	0.0	1.0	0.6666666666666666	48	0	48	0	47.625	0.375	0.375
empirical	user_msa	Phala.08G200500_Phala.08G200500.2	Phala.08G200500_Phala.08G200500.2	319	319	unique	319	319	319	0.7631578947368421	9	419	47.666666666666664	0.6666666666666666	47.0	49.0	2.0	3	0.0	1.0	0.6666666666666666	48	0	48	0	47.625	0.375	0.375
empirical	user_msa	HORVU.MOREX.r3.6HG0571560_HORVU.MOREX.r3.6HG0571560.1	HORVU.MOREX.r3.6HG0571560_HORVU.MOREX.r3.6HG0571560.1	319	319	unique	319	319	319	0.7631578947368421	9	419	47.666666666666664	0.6666666666666666	47.0	49.0	2.0	3	0.0	1.0	0.6666666666666666	47	0	47	0	47.75	-0.75	-0.75
empirical	user_msa	TraesCS6A03G0381800_TraesCS6A03G0381800.1	TraesCS6A03G0381800_TraesCS6A03G0381800.1	319	319	unique	319	319	319	0.7631578947368421	9	419	47.666666666666664	0.6666666666666666	47.0	49.0	2.0	3	0.0	1.0	0.6666666666666666	47	0	47	0	47.75	-0.75	-0.75
empirical	user_msa	Thint.S06G201700_Thint.S06G201700.1	Thint.S06G201700_Thint.S06G201700.1	319	319	unique	319	319	319	0.7631578947368421	9	419	47.666666666666664	0.6666666666666666	47.0	49.0	2.0	3	0.0	1.0	0.6666666666666666	47	0	47	0	47.75	-0.75	-0.75
empirical	user_msa	LOC_Os02g07490_LOC_Os02g07490.1	LOC_Os02g07490_LOC_Os02g07490.1	320	320	unique	320	320	320	0.7655502392344498	9	419	54.0	1.4142135623730951	52.0	55.0	3.0	2	0.0	1.0	1.4142135623730951	55	0	55	0	53.875	1.125	1.125
empirical	user_msa	Oropetium_20150105_02675_Oropetium_20150105_02675A	Oropetium_20150105_02675_Oropetium_20150105_02675A	320	320	unique	320	320	320	0.7655502392344498	9	419	54.0	1.4142135623730951	52.0	55.0	3.0	2	0.0	1.0	1.4142135623730951	55	0	55	0	53.875	1.125	1.125
empirical	user_msa	ELECO.r07.2AG0102970_ELECO.r07.2AG0102970.1	ELECO.r07.2AG0102970_ELECO.r07.2AG0102970.1	320	320	unique	320	320	320	0.7655502392344498	9	419	54.0	1.4142135623730951	52.0	55.0	3.0	2	0.0	1.0	1.4142135623730951	55	0	55	0	53.875	1.125	1.125
empirical	user_msa	Phala.08G200500_Phala.08G200500.1	Phala.08G200500_Phala.08G200500.1	320	320	unique	320	320	320	0.7655502392344498	9	419	54.0	1.4142135623730951	52.0	55.0	3.0	2	0.0	1.0	1.4142135623730951	52	0	52	0	54.25	-2.25	-2.25
empirical	user_msa	Phala.08G200500_Phala.08G200500.3	Phala.08G200500_Phala.08G200500.3	320	320	unique	320	320	320	0.7655502392344498	9	419	54.0	1.4142135623730951	52.0	55.0	3.0	2	0.0	1.0	1.4142135623730951	52	0	52	0	54.25	-2.25	-2.25
empirical	user_msa	Phala.08G200500_Phala.08G200500.2	Phala.08G200500_Phala.08G200500.2	320	320	unique	320	320	320	0.7655502392344498	9	419	54.0	1.4142135623730951	52.0	55.0	3.0	2	0.0	1.0	1.4142135623730951	52	0	52	0	54.25	-2.25	-2.25
empirical	user_msa	HORVU.MOREX.r3.6HG0571560_HORVU.MOREX.r3.6HG0571560.1	HORVU.MOREX.r3.6HG0571560_HORVU.MOREX.r3.6HG0571560.1	320	320	unique	320	320	320	0.7655502392344498	9	419	54.0	1.4142135623730951	52.0	55.0	3.0	2	0.0	1.0	1.4142135623730951	55	0	55	0	53.875	1.125	1.125
empirical	user_msa	TraesCS6A03G0381800_TraesCS6A03G0381800.1	TraesCS6A03G0381800_TraesCS6A03G0381800.1	320	320	unique	320	320	320	0.7655502392344498	9	419	54.0	1.4142135623730951	52.0	55.0	3.0	2	0.0	1.0	1.4142135623730951	55	0	55	0	53.875	1.125	1.125
empirical	user_msa	Thint.S06G201700_Thint.S06G201700.1	Thint.S06G201700_Thint.S06G201700.1	320	320	unique	320	320	320	0.7655502392344498	9	419	54.0	1.4142135623730951	52.0	55.0	3.0	2	0.0	1.0	1.4142135623730951	55	0	55	0	53.875	1.125	1.125
empirical	user_msa	LOC_Os02g07490_LOC_Os02g07490.1	LOC_Os02g07490_LOC_Os02g07490.1	321	321	unique	321	321	321	0.7679425837320574	9	419	48.666666666666664	0.4714045207910317	48.0	49.0	1.0	2	0.0	1.0	0.4714045207910317	49	0	49	0	48.625	0.375	0.375
empirical	user_msa	Oropetium_20150105_02675_Oropetium_20150105_02675A	Oropetium_20150105_02675_Oropetium_20150105_02675A	321	321	unique	321	321	321	0.7679425837320574	9	419	48.666666666666664	0.4714045207910317	48.0	49.0	1.0	2	0.0	1.0	0.4714045207910317	49	0	49	0	48.625	0.375	0.375
empirical	user_msa	ELECO.r07.2AG0102970_ELECO.r07.2AG0102970.1	ELECO.r07.2AG0102970_ELECO.r07.2AG0102970.1	321	321	unique	321	321	321	0.7679425837320574	9	419	48.666666666666664	0.4714045207910317	48.0	49.0	1.0	2	0.0	1.0	0.4714045207910317	49	0	49	0	48.625	0.375	0.375
empirical	user_msa	Phala.08G200500_Phala.08G200500.1	Phala.08G200500_Phala.08G200500.1	321	321	unique	321	321	321	0.7679425837320574	9	419	48.666666666666664	0.4714045207910317	48.0	49.0	1.0	2	0.0	1.0	0.4714045207910317	49	0	49	0	48.625	0.375	0.375
empirical	user_msa	Phala.08G200500_Phala.08G200500.3	Phala.08G200500_Phala.08G200500.3	321	321	unique	321	321	321	0.7679425837320574	9	419	48.666666666666664	0.4714045207910317	48.0	49.0	1.0	2	0.0	1.0	0.4714045207910317	49	0	49	0	48.625	0.375	0.375
empirical	user_msa	Phala.08G200500_Phala.08G200500.2	Phala.08G200500_Phala.08G200500.2	321	321	unique	321	321	321	0.7679425837320574	9	419	48.666666666666664	0.4714045207910317	48.0	49.0	1.0	2	0.0	1.0	0.4714045207910317	49	0	49	0	48.625	0.375	0.375
empirical	user_msa	HORVU.MOREX.r3.6HG0571560_HORVU.MOREX.r3.6HG0571560.1	HORVU.MOREX.r3.6HG0571560_HORVU.MOREX.r3.6HG0571560.1	321	321	unique	321	321	321	0.7679425837320574	9	419	48.666666666666664	0.4714045207910317	48.0	49.0	1.0	2	0.0	1.0	0.4714045207910317	48	0	48	0	48.75	-0.75	-0.75
empirical	user_msa	TraesCS6A03G0381800_TraesCS6A03G0381800.1	TraesCS6A03G0381800_TraesCS6A03G0381800.1	321	321	unique	321	321	321	0.7679425837320574	9	419	48.666666666666664	0.4714045207910317	48.0	49.0	1.0	2	0.0	1.0	0.4714045207910317	48	0	48	0	48.75	-0.75	-0.75
empirical	user_msa	Thint.S06G201700_Thint.S06G201700.1	Thint.S06G201700_Thint.S06G201700.1	321	321	unique	321	321	321	0.7679425837320574	9	419	48.666666666666664	0.4714045207910317	48.0	49.0	1.0	2	0.0	1.0	0.4714045207910317	48	0	48	0	48.75	-0.75	-0.75
empirical	user_msa	LOC_Os02g07490_LOC_Os02g07490.1	LOC_Os02g07490_LOC_Os02g07490.1	322	322	unique	322	322	322	0.7703349282296651	9	419	48.111111111111114	0.7370277311900889	47.0	49.0	2.0	3	0.0	1.0	0.7370277311900889	47	0	47	0	48.25	-1.25	-1.25
empirical	user_msa	Oropetium_20150105_02675_Oropetium_20150105_02675A	Oropetium_20150105_02675_Oropetium_20150105_02675A	322	322	unique	322	322	322	0.7703349282296651	9	419	48.111111111111114	0.7370277311900889	47.0	49.0	2.0	3	0.0	1.0	0.7370277311900889	49	0	49	0	48.0	1.0	1.0
empirical	user_msa	ELECO.r07.2AG0102970_ELECO.r07.2AG0102970.1	ELECO.r07.2AG0102970_ELECO.r07.2AG0102970.1	322	322	unique	322	322	322	0.7703349282296651	9	419	48.111111111111114	0.7370277311900889	47.0	49.0	2.0	3	0.0	1.0	0.7370277311900889	48	0	48	0	48.125	-0.125	-0.125
empirical	user_msa	Phala.08G200500_Phala.08G200500.1	Phala.08G200500_Phala.08G200500.1	322	322	unique	322	322	322	0.7703349282296651	9	419	48.111111111111114	0.7370277311900889	47.0	49.0	2.0	3	0.0	1.0	0.7370277311900889	48	0	48	0	48.125	-0.125	-0.125
empirical	user_msa	Phala.08G200500_Phala.08G200500.3	Phala.08G200500_Phala.08G200500.3	322	322	unique	322	322	322	0.7703349282296651	9	419	48.111111111111114	0.7370277311900889	47.0	49.0	2.0	3	0.0	1.0	0.7370277311900889	48	0	48	0	48.125	-0.125	-0.125
empirical	user_msa	Phala.08G200500_Phala.08G200500.2	Phala.08G200500_Phala.08G200500.2	322	322	unique	322	322	322	0.7703349282296651	9	419	48.111111111111114	0.7370277311900889	47.0	49.0	2.0	3	0.0	1.0	0.7370277311900889	48	0	48	0	48.125	-0.125	-0.125
empirical	user_msa	HORVU.MOREX.r3.6HG0571560_HORVU.MOREX.r3.6HG0571560.1	HORVU.MOREX.r3.6HG0571560_HORVU.MOREX.r3.6HG0571560.1	322	322	unique	322	322	322	0.7703349282296651	9	419	48.111111111111114	0.7370277311900889	47.0	49.0	2.0	3	0.0	1.0	0.7370277311900889	49	0	49	0	48.0	1.0	1.0
empirical	user_msa	TraesCS6A03G0381800_TraesCS6A03G0381800.1	TraesCS6A03G0381800_TraesCS6A03G0381800.1	322	322	unique	322	322	322	0.7703349282296651	9	419	48.111111111111114	0.7370277311900889	47.0	49.0	2.0	3	0.0	1.0	0.7370277311900889	49	0	49	0	48.0	1.0	1.0
empirical	user_msa	Thint.S06G201700_Thint.S06G201700.1	Thint.S06G201700_Thint.S06G201700.1	322	322	unique	322	322	322	0.7703349282296651	9	419	48.111111111111114	0.7370277311900889	47.0	49.0	2.0	3	0.0	1.0	0.7370277311900889	47	0	47	0	48.25	-1.25	-1.25
empirical	user_msa	LOC_Os02g07490_LOC_Os02g07490.1	LOC_Os02g07490_LOC_Os02g07490.1	323	323	unique	323	323	323	0.7727272727272727	9	419	35.888888888888886	0.9938079899999066	35.0	37.0	2.0	2	0.0	1.0	0.9938079899999066	35	0	35	0	36.0	-1.0	-1.0
empirical	user_msa	Oropetium_20150105_02675_Oropetium_20150105_02675A	Oropetium_20150105_02675_Oropetium_20150105_02675A	323	323	unique	323	323	323	0.7727272727272727	9	419	35.888888888888886	0.9938079899999066	35.0	37.0	2.0	2	0.0	1.0	0.9938079899999066	37	0	37	0	35.75	1.25	1.25
empirical	user_msa	ELECO.r07.2AG0102970_ELECO.r07.2AG0102970.1	ELECO.r07.2AG0102970_ELECO.r07.2AG0102970.1	323	323	unique	323	323	323	0.7727272727272727	9	419	35.888888888888886	0.9938079899999066	35.0	37.0	2.0	2	0.0	1.0	0.9938079899999066	35	0	35	0	36.0	-1.0	-1.0
empirical	user_msa	Phala.08G200500_Phala.08G200500.1	Phala.08G200500_Phala.08G200500.1	323	323	unique	323	323	323	0.7727272727272727	9	419	35.888888888888886	0.9938079899999066	35.0	37.0	2.0	2	0.0	1.0	0.9938079899999066	37	0	37	0	35.75	1.25	1.25
empirical	user_msa	Phala.08G200500_Phala.08G200500.3	Phala.08G200500_Phala.08G200500.3	323	323	unique	323	323	323	0.7727272727272727	9	419	35.888888888888886	0.9938079899999066	35.0	37.0	2.0	2	0.0	1.0	0.9938079899999066	37	0	37	0	35.75	1.25	1.25
empirical	user_msa	Phala.08G200500_Phala.08G200500.2	Phala.08G200500_Phala.08G200500.2	323	323	unique	323	323	323	0.7727272727272727	9	419	35.888888888888886	0.9938079899999066	35.0	37.0	2.0	2	0.0	1.0	0.9938079899999066	37	0	37	0	35.75	1.25	1.25
empirical	user_msa	HORVU.MOREX.r3.6HG0571560_HORVU.MOREX.r3.6HG0571560.1	HORVU.MOREX.r3.6HG0571560_HORVU.MOREX.r3.6HG0571560.1	323	323	unique	323	323	323	0.7727272727272727	9	419	35.888888888888886	0.9938079899999066	35.0	37.0	2.0	2	0.0	1.0	0.9938079899999066	35	0	35	0	36.0	-1.0	-1.0
empirical	user_msa	TraesCS6A03G0381800_TraesCS6A03G0381800.1	TraesCS6A03G0381800_TraesCS6A03G0381800.1	323	323	unique	323	323	323	0.7727272727272727	9	419	35.888888888888886	0.9938079899999066	35.0	37.0	2.0	2	0.0	1.0	0.9938079899999066	35	0	35	0	36.0	-1.0	-1.0
empirical	user_msa	Thint.S06G201700_Thint.S06G201700.1	Thint.S06G201700_Thint.S06G201700.1	323	323	unique	323	323	323	0.7727272727272727	9	419	35.888888888888886	0.9938079899999066	35.0	37.0	2.0	2	0.0	1.0	0.9938079899999066	35	0	35	0	36.0	-1.0	-1.0
empirical	user_msa	LOC_Os02g07490_LOC_Os02g07490.1	LOC_Os02g07490_LOC_Os02g07490.1	324	324	unique	324	324	324	0.7751196172248804	9	419	47.77777777777778	14.785712155679796	31.0	61.0	30.0	3	0.0	1.0	14.785712155679796	61	0	61	0	46.125	14.875	14.875
empirical	user_msa	Oropetium_20150105_02675_Oropetium_20150105_02675A	Oropetium_20150105_02675_Oropetium_20150105_02675A	324	324	unique	324	324	324	0.7751196172248804	9	419	47.77777777777778	14.785712155679796	31.0	61.0	30.0	3	0.0	1.0	14.785712155679796	32	0	32	0	49.75	-17.75	-17.75
empirical	user_msa	ELECO.r07.2AG0102970_ELECO.r07.2AG0102970.1	ELECO.r07.2AG0102970_ELECO.r07.2AG0102970.1	324	324	unique	324	324	324	0.7751196172248804	9	419	47.77777777777778	14.785712155679796	31.0	61.0	30.0	3	0.0	1.0	14.785712155679796	61	0	61	0	46.125	14.875	14.875
empirical	user_msa	Phala.08G200500_Phala.08G200500.1	Phala.08G200500_Phala.08G200500.1	324	324	unique	324	324	324	0.7751196172248804	9	419	47.77777777777778	14.785712155679796	31.0	61.0	30.0	3	0.0	1.0	14.785712155679796	31	0	31	0	49.875	-18.875	-18.875
empirical	user_msa	Phala.08G200500_Phala.08G200500.3	Phala.08G200500_Phala.08G200500.3	324	324	unique	324	324	324	0.7751196172248804	9	419	47.77777777777778	14.785712155679796	31.0	61.0	30.0	3	0.0	1.0	14.785712155679796	31	0	31	0	49.875	-18.875	-18.875
empirical	user_msa	Phala.08G200500_Phala.08G200500.2	Phala.08G200500_Phala.08G200500.2	324	324	unique	324	324	324	0.7751196172248804	9	419	47.77777777777778	14.785712155679796	31.0	61.0	30.0	3	0.0	1.0	14.785712155679796	31	0	31	0	49.875	-18.875	-18.875
empirical	user_msa	HORVU.MOREX.r3.6HG0571560_HORVU.MOREX.r3.6HG0571560.1	HORVU.MOREX.r3.6HG0571560_HORVU.MOREX.r3.6HG0571560.1	324	324	unique	324	324	324	0.7751196172248804	9	419	47.77777777777778	14.785712155679796	31.0	61.0	30.0	3	0.0	1.0	14.785712155679796	61	0	61	0	46.125	14.875	14.875
empirical	user_msa	TraesCS6A03G0381800_TraesCS6A03G0381800.1	TraesCS6A03G0381800_TraesCS6A03G0381800.1	324	324	unique	324	324	324	0.7751196172248804	9	419	47.77777777777778	14.785712155679796	31.0	61.0	30.0	3	0.0	1.0	14.785712155679796	61	0	61	0	46.125	14.875	14.875
empirical	user_msa	Thint.S06G201700_Thint.S06G201700.1	Thint.S06G201700_Thint.S06G201700.1	324	324	unique	324	324	324	0.7751196172248804	9	419	47.77777777777778	14.785712155679796	31.0	61.0	30.0	3	0.0	1.0	14.785712155679796	61	0	61	0	46.125	14.875	14.875
empirical	user_msa	LOC_Os02g07490_LOC_Os02g07490.1	LOC_Os02g07490_LOC_Os02g07490.1	325	325	unique	325	325	325	0.777511961722488	9	419	7.777777777777778	1.1331154474650633	6.0	9.0	3.0	3	0.0	1.0	1.1331154474650633	7	0	7	0	7.875	-0.875	-0.875
empirical	user_msa	Oropetium_20150105_02675_Oropetium_20150105_02675A	Oropetium_20150105_02675_Oropetium_20150105_02675A	325	325	unique	325	325	325	0.777511961722488	9	419	7.777777777777778	1.1331154474650633	6.0	9.0	3.0	3	0.0	1.0	1.1331154474650633	9	0	9	0	7.625	1.375	1.375
empirical	user_msa	ELECO.r07.2AG0102970_ELECO.r07.2AG0102970.1	ELECO.r07.2AG0102970_ELECO.r07.2AG0102970.1	325	325	unique	325	325	325	0.777511961722488	9	419	7.777777777777778	1.1331154474650633	6.0	9.0	3.0	3	0.0	1.0	1.1331154474650633	6	0	6	0	8.0	-2.0	-2.0
empirical	user_msa	Phala.08G200500_Phala.08G200500.1	Phala.08G200500_Phala.08G200500.1	325	325	unique	325	325	325	0.777511961722488	9	419	7.777777777777778	1.1331154474650633	6.0	9.0	3.0	3	0.0	1.0	1.1331154474650633	9	0	9	0	7.625	1.375	1.375
empirical	user_msa	Phala.08G200500_Phala.08G200500.3	Phala.08G200500_Phala.08G200500.3	325	325	unique	325	325	325	0.777511961722488	9	419	7.777777777777778	1.1331154474650633	6.0	9.0	3.0	3	0.0	1.0	1.1331154474650633	9	0	9	0	7.625	1.375	1.375
empirical	user_msa	Phala.08G200500_Phala.08G200500.2	Phala.08G200500_Phala.08G200500.2	325	325	unique	325	325	325	0.777511961722488	9	419	7.777777777777778	1.1331154474650633	6.0	9.0	3.0	3	0.0	1.0	1.1331154474650633	9	0	9	0	7.625	1.375	1.375
empirical	user_msa	HORVU.MOREX.r3.6HG0571560_HORVU.MOREX.r3.6HG0571560.1	HORVU.MOREX.r3.6HG0571560_HORVU.MOREX.r3.6HG0571560.1	325	325	unique	325	325	325	0.777511961722488	9	419	7.777777777777778	1.1331154474650633	6.0	9.0	3.0	3	0.0	1.0	1.1331154474650633	7	0	7	0	7.875	-0.875	-0.875
empirical	user_msa	TraesCS6A03G0381800_TraesCS6A03G0381800.1	TraesCS6A03G0381800_TraesCS6A03G0381800.1	325	325	unique	325	325	325	0.777511961722488	9	419	7.777777777777778	1.1331154474650633	6.0	9.0	3.0	3	0.0	1.0	1.1331154474650633	7	0	7	0	7.875	-0.875	-0.875
empirical	user_msa	Thint.S06G201700_Thint.S06G201700.1	Thint.S06G201700_Thint.S06G201700.1	325	325	unique	325	325	325	0.777511961722488	9	419	7.777777777777778	1.1331154474650633	6.0	9.0	3.0	3	0.0	1.0	1.1331154474650633	7	0	7	0	7.875	-0.875	-0.875
empirical	user_msa	LOC_Os02g07490_LOC_Os02g07490.1	LOC_Os02g07490_LOC_Os02g07490.1	326	326	unique	326	326	326	0.7799043062200957	9	419	52.666666666666664	3.7712361663282534	47.0	56.0	9.0	3	0.0	1.0	3.7712361663282534	56	0	56	0	52.25	3.75	3.75
empirical	user_msa	Oropetium_20150105_02675_Oropetium_20150105_02675A	Oropetium_20150105_02675_Oropetium_20150105_02675A	326	326	unique	326	326	326	0.7799043062200957	9	419	52.666666666666664	3.7712361663282534	47.0	56.0	9.0	3	0.0	1.0	3.7712361663282534	47	0	47	0	53.375	-6.375	-6.375
empirical	user_msa	ELECO.r07.2AG0102970_ELECO.r07.2AG0102970.1	ELECO.r07.2AG0102970_ELECO.r07.2AG0102970.1	326	326	unique	326	326	326	0.7799043062200957	9	419	52.666666666666664	3.7712361663282534	47.0	56.0	9.0	3	0.0	1.0	3.7712361663282534	56	0	56	0	52.25	3.75	3.75
empirical	user_msa	Phala.08G200500_Phala.08G200500.1	Phala.08G200500_Phala.08G200500.1	326	326	unique	326	326	326	0.7799043062200957	9	419	52.666666666666664	3.7712361663282534	47.0	56.0	9.0	3	0.0	1.0	3.7712361663282534	49	0	49	0	53.125	-4.125	-4.125
empirical	user_msa	Phala.08G200500_Phala.08G200500.3	Phala.08G200500_Phala.08G200500.3	326	326	unique	326	326	326	0.7799043062200957	9	419	52.666666666666664	3.7712361663282534	47.0	56.0	9.0	3	0.0	1.0	3.7712361663282534	49	0	49	0	53.125	-4.125	-4.125
empirical	user_msa	Phala.08G200500_Phala.08G200500.2	Phala.08G200500_Phala.08G200500.2	326	326	unique	326	326	326	0.7799043062200957	9	419	52.666666666666664	3.7712361663282534	47.0	56.0	9.0	3	0.0	1.0	3.7712361663282534	49	0	49	0	53.125	-4.125	-4.125
empirical	user_msa	HORVU.MOREX.r3.6HG0571560_HORVU.MOREX.r3.6HG0571560.1	HORVU.MOREX.r3.6HG0571560_HORVU.MOREX.r3.6HG0571560.1	326	326	unique	326	326	326	0.7799043062200957	9	419	52.666666666666664	3.7712361663282534	47.0	56.0	9.0	3	0.0	1.0	3.7712361663282534	56	0	56	0	52.25	3.75	3.75
empirical	user_msa	TraesCS6A03G0381800_TraesCS6A03G0381800.1	TraesCS6A03G0381800_TraesCS6A03G0381800.1	326	326	unique	326	326	326	0.7799043062200957	9	419	52.666666666666664	3.7712361663282534	47.0	56.0	9.0	3	0.0	1.0	3.7712361663282534	56	0	56	0	52.25	3.75	3.75
empirical	user_msa	Thint.S06G201700_Thint.S06G201700.1	Thint.S06G201700_Thint.S06G201700.1	326	326	unique	326	326	326	0.7799043062200957	9	419	52.666666666666664	3.7712361663282534	47.0	56.0	9.0	3	0.0	1.0	3.7712361663282534	56	0	56	0	52.25	3.75	3.75
empirical	user_msa	LOC_Os02g07490_LOC_Os02g07490.1	LOC_Os02g07490_LOC_Os02g07490.1	327	327	unique	327	327	327	0.7822966507177034	9	419	20.77777777777778	7.88497555520452	12.0	29.0	17.0	4	0.0	1.0	7.88497555520452	28	0	28	0	19.875	8.125	8.125
empirical	user_msa	Oropetium_20150105_02675_Oropetium_20150105_02675A	Oropetium_20150105_02675_Oropetium_20150105_02675A	327	327	unique	327	327	327	0.7822966507177034	9	419	20.77777777777778	7.88497555520452	12.0	29.0	17.0	4	0.0	1.0	7.88497555520452	12	0	12	0	21.875	-9.875	-9.875
empirical	user_msa	ELECO.r07.2AG0102970_ELECO.r07.2AG0102970.1	ELECO.r07.2AG0102970_ELECO.r07.2AG0102970.1	327	327	unique	327	327	327	0.7822966507177034	9	419	20.77777777777778	7.88497555520452	12.0	29.0	17.0	4	0.0	1.0	7.88497555520452	28	0	28	0	19.875	8.125	8.125
empirical	user_msa	Phala.08G200500_Phala.08G200500.1	Phala.08G200500_Phala.08G200500.1	327	327	unique	327	327	327	0.7822966507177034	9	419	20.77777777777778	7.88497555520452	12.0	29.0	17.0	4	0.0	1.0	7.88497555520452	12	0	12	0	21.875	-9.875	-9.875
empirical	user_msa	Phala.08G200500_Phala.08G200500.3	Phala.08G200500_Phala.08G200500.3	327	327	unique	327	327	327	0.7822966507177034	9	419	20.77777777777778	7.88497555520452	12.0	29.0	17.0	4	0.0	1.0	7.88497555520452	12	0	12	0	21.875	-9.875	-9.875
empirical	user_msa	Phala.08G200500_Phala.08G200500.2	Phala.08G200500_Phala.08G200500.2	327	327	unique	327	327	327	0.7822966507177034	9	419	20.77777777777778	7.88497555520452	12.0	29.0	17.0	4	0.0	1.0	7.88497555520452	12	0	12	0	21.875	-9.875	-9.875
empirical	user_msa	HORVU.MOREX.r3.6HG0571560_HORVU.MOREX.r3.6HG0571560.1	HORVU.MOREX.r3.6HG0571560_HORVU.MOREX.r3.6HG0571560.1	327	327	unique	327	327	327	0.7822966507177034	9	419	20.77777777777778	7.88497555520452	12.0	29.0	17.0	4	0.0	1.0	7.88497555520452	29	0	29	0	19.75	9.25	9.25
empirical	user_msa	TraesCS6A03G0381800_TraesCS6A03G0381800.1	TraesCS6A03G0381800_TraesCS6A03G0381800.1	327	327	unique	327	327	327	0.7822966507177034	9	419	20.77777777777778	7.88497555520452	12.0	29.0	17.0	4	0.0	1.0	7.88497555520452	28	0	28	0	19.875	8.125	8.125
empirical	user_msa	Thint.S06G201700_Thint.S06G201700.1	Thint.S06G201700_Thint.S06G201700.1	327	327	unique	327	327	327	0.7822966507177034	9	419	20.77777777777778	7.88497555520452	12.0	29.0	17.0	4	0.0	1.0	7.88497555520452	26	0	26	0	20.125	5.875	5.875
empirical	user_msa	LOC_Os02g07490_LOC_Os02g07490.1	LOC_Os02g07490_LOC_Os02g07490.1	328	328	unique	328	328	328	0.784688995215311	9	419	29.444444444444443	6.651835354264785	17.0	33.0	16.0	2	0.0	1.0	6.651835354264785	17	0	17	0	31.0	-14.0	-14.0
empirical	user_msa	Oropetium_20150105_02675_Oropetium_20150105_02675A	Oropetium_20150105_02675_Oropetium_20150105_02675A	328	328	unique	328	328	328	0.784688995215311	9	419	29.444444444444443	6.651835354264785	17.0	33.0	16.0	2	0.0	1.0	6.651835354264785	33	0	33	0	29.0	4.0	4.0
empirical	user_msa	ELECO.r07.2AG0102970_ELECO.r07.2AG0102970.1	ELECO.r07.2AG0102970_ELECO.r07.2AG0102970.1	328	328	unique	328	328	328	0.784688995215311	9	419	29.444444444444443	6.651835354264785	17.0	33.0	16.0	2	0.0	1.0	6.651835354264785	17	0	17	0	31.0	-14.0	-14.0
empirical	user_msa	Phala.08G200500_Phala.08G200500.1	Phala.08G200500_Phala.08G200500.1	328	328	unique	328	328	328	0.784688995215311	9	419	29.444444444444443	6.651835354264785	17.0	33.0	16.0	2	0.0	1.0	6.651835354264785	33	0	33	0	29.0	4.0	4.0
empirical	user_msa	Phala.08G200500_Phala.08G200500.3	Phala.08G200500_Phala.08G200500.3	328	328	unique	328	328	328	0.784688995215311	9	419	29.444444444444443	6.651835354264785	17.0	33.0	16.0	2	0.0	1.0	6.651835354264785	33	0	33	0	29.0	4.0	4.0
empirical	user_msa	Phala.08G200500_Phala.08G200500.2	Phala.08G200500_Phala.08G200500.2	328	328	unique	328	328	328	0.784688995215311	9	419	29.444444444444443	6.651835354264785	17.0	33.0	16.0	2	0.0	1.0	6.651835354264785	33	0	33	0	29.0	4.0	4.0
empirical	user_msa	HORVU.MOREX.r3.6HG0571560_HORVU.MOREX.r3.6HG0571560.1	HORVU.MOREX.r3.6HG0571560_HORVU.MOREX.r3.6HG0571560.1	328	328	unique	328	328	328	0.784688995215311	9	419	29.444444444444443	6.651835354264785	17.0	33.0	16.0	2	0.0	1.0	6.651835354264785	33	0	33	0	29.0	4.0	4.0
empirical	user_msa	TraesCS6A03G0381800_TraesCS6A03G0381800.1	TraesCS6A03G0381800_TraesCS6A03G0381800.1	328	328	unique	328	328	328	0.784688995215311	9	419	29.444444444444443	6.651835354264785	17.0	33.0	16.0	2	0.0	1.0	6.651835354264785	33	0	33	0	29.0	4.0	4.0
empirical	user_msa	Thint.S06G201700_Thint.S06G201700.1	Thint.S06G201700_Thint.S06G201700.1	328	328	unique	328	328	328	0.784688995215311	9	419	29.444444444444443	6.651835354264785	17.0	33.0	16.0	2	0.0	1.0	6.651835354264785	33	0	33	0	29.0	4.0	4.0
empirical	user_msa	LOC_Os02g07490_LOC_Os02g07490.1	LOC_Os02g07490_LOC_Os02g07490.1	329	329	unique	329	329	329	0.7870813397129187	9	419	35.77777777777778	0.628539361054709	34.0	36.0	2.0	2	0.0	1.0	0.628539361054709	34	0	34	0	36.0	-2.0	-2.0
empirical	user_msa	Oropetium_20150105_02675_Oropetium_20150105_02675A	Oropetium_20150105_02675_Oropetium_20150105_02675A	329	329	unique	329	329	329	0.7870813397129187	9	419	35.77777777777778	0.628539361054709	34.0	36.0	2.0	2	0.0	1.0	0.628539361054709	36	0	36	0	35.75	0.25	0.25
empirical	user_msa	ELECO.r07.2AG0102970_ELECO.r07.2AG0102970.1	ELECO.r07.2AG0102970_ELECO.r07.2AG0102970.1	329	329	unique	329	329	329	0.7870813397129187	9	419	35.77777777777778	0.628539361054709	34.0	36.0	2.0	2	0.0	1.0	0.628539361054709	36	0	36	0	35.75	0.25	0.25
empirical	user_msa	Phala.08G200500_Phala.08G200500.1	Phala.08G200500_Phala.08G200500.1	329	329	unique	329	329	329	0.7870813397129187	9	419	35.77777777777778	0.628539361054709	34.0	36.0	2.0	2	0.0	1.0	0.628539361054709	36	0	36	0	35.75	0.25	0.25
empirical	user_msa	Phala.08G200500_Phala.08G200500.3	Phala.08G200500_Phala.08G200500.3	329	329	unique	329	329	329	0.7870813397129187	9	419	35.77777777777778	0.628539361054709	34.0	36.0	2.0	2	0.0	1.0	0.628539361054709	36	0	36	0	35.75	0.25	0.25
empirical	user_msa	Phala.08G200500_Phala.08G200500.2	Phala.08G200500_Phala.08G200500.2	329	329	unique	329	329	329	0.7870813397129187	9	419	35.77777777777778	0.628539361054709	34.0	36.0	2.0	2	0.0	1.0	0.628539361054709	36	0	36	0	35.75	0.25	0.25
empirical	user_msa	HORVU.MOREX.r3.6HG0571560_HORVU.MOREX.r3.6HG0571560.1	HORVU.MOREX.r3.6HG0571560_HORVU.MOREX.r3.6HG0571560.1	329	329	unique	329	329	329	0.7870813397129187	9	419	35.77777777777778	0.628539361054709	34.0	36.0	2.0	2	0.0	1.0	0.628539361054709	36	0	36	0	35.75	0.25	0.25
empirical	user_msa	TraesCS6A03G0381800_TraesCS6A03G0381800.1	TraesCS6A03G0381800_TraesCS6A03G0381800.1	329	329	unique	329	329	329	0.7870813397129187	9	419	35.77777777777778	0.628539361054709	34.0	36.0	2.0	2	0.0	1.0	0.628539361054709	36	0	36	0	35.75	0.25	0.25
empirical	user_msa	Thint.S06G201700_Thint.S06G201700.1	Thint.S06G201700_Thint.S06G201700.1	329	329	unique	329	329	329	0.7870813397129187	9	419	35.77777777777778	0.628539361054709	34.0	36.0	2.0	2	0.0	1.0	0.628539361054709	36	0	36	0	35.75	0.25	0.25
empirical	user_msa	LOC_Os02g07490_LOC_Os02g07490.1	LOC_Os02g07490_LOC_Os02g07490.1	330	330	unique	330	330	330	0.7894736842105263	9	419	2.888888888888889	0.9938079899999066	2.0	4.0	2.0	2	0.0	1.0	0.9938079899999066	2	0	2	0	3.0	-1.0	-1.0
empirical	user_msa	Oropetium_20150105_02675_Oropetium_20150105_02675A	Oropetium_20150105_02675_Oropetium_20150105_02675A	330	330	unique	330	330	330	0.7894736842105263	9	419	2.888888888888889	0.9938079899999066	2.0	4.0	2.0	2	0.0	1.0	0.9938079899999066	2	0	2	0	3.0	-1.0	-1.0
empirical	user_msa	ELECO.r07.2AG0102970_ELECO.r07.2AG0102970.1	ELECO.r07.2AG0102970_ELECO.r07.2AG0102970.1	330	330	unique	330	330	330	0.7894736842105263	9	419	2.888888888888889	0.9938079899999066	2.0	4.0	2.0	2	0.0	1.0	0.9938079899999066	4	0	4	0	2.75	1.25	1.25
empirical	user_msa	Phala.08G200500_Phala.08G200500.1	Phala.08G200500_Phala.08G200500.1	330	330	unique	330	330	330	0.7894736842105263	9	419	2.888888888888889	0.9938079899999066	2.0	4.0	2.0	2	0.0	1.0	0.9938079899999066	4	0	4	0	2.75	1.25	1.25
empirical	user_msa	Phala.08G200500_Phala.08G200500.3	Phala.08G200500_Phala.08G200500.3	330	330	unique	330	330	330	0.7894736842105263	9	419	2.888888888888889	0.9938079899999066	2.0	4.0	2.0	2	0.0	1.0	0.9938079899999066	4	0	4	0	2.75	1.25	1.25
empirical	user_msa	Phala.08G200500_Phala.08G200500.2	Phala.08G200500_Phala.08G200500.2	330	330	unique	330	330	330	0.7894736842105263	9	419	2.888888888888889	0.9938079899999066	2.0	4.0	2.0	2	0.0	1.0	0.9938079899999066	4	0	4	0	2.75	1.25	1.25
empirical	user_msa	HORVU.MOREX.r3.6HG0571560_HORVU.MOREX.r3.6HG0571560.1	HORVU.MOREX.r3.6HG0571560_HORVU.MOREX.r3.6HG0571560.1	330	330	unique	330	330	330	0.7894736842105263	9	419	2.888888888888889	0.9938079899999066	2.0	4.0	2.0	2	0.0	1.0	0.9938079899999066	2	0	2	0	3.0	-1.0	-1.0
empirical	user_msa	TraesCS6A03G0381800_TraesCS6A03G0381800.1	TraesCS6A03G0381800_TraesCS6A03G0381800.1	330	330	unique	330	330	330	0.7894736842105263	9	419	2.888888888888889	0.9938079899999066	2.0	4.0	2.0	2	0.0	1.0	0.9938079899999066	2	0	2	0	3.0	-1.0	-1.0
empirical	user_msa	Thint.S06G201700_Thint.S06G201700.1	Thint.S06G201700_Thint.S06G201700.1	330	330	unique	330	330	330	0.7894736842105263	9	419	2.888888888888889	0.9938079899999066	2.0	4.0	2.0	2	0.0	1.0	0.9938079899999066	2	0	2	0	3.0	-1.0	-1.0
empirical	user_msa	LOC_Os02g07490_LOC_Os02g07490.1	LOC_Os02g07490_LOC_Os02g07490.1	331	331	unique	331	331	331	0.7918660287081339	9	419	21.444444444444443	13.158107860522188	11.0	55.0	44.0	4	0.0	1.0	13.158107860522188	13	0	13	0	22.5	-9.5	-9.5
empirical	user_msa	Oropetium_20150105_02675_Oropetium_20150105_02675A	Oropetium_20150105_02675_Oropetium_20150105_02675A	331	331	unique	331	331	331	0.7918660287081339	9	419	21.444444444444443	13.158107860522188	11.0	55.0	44.0	4	0.0	1.0	13.158107860522188	55	0	55	0	17.25	37.75	37.75
empirical	user_msa	ELECO.r07.2AG0102970_ELECO.r07.2AG0102970.1	ELECO.r07.2AG0102970_ELECO.r07.2AG0102970.1	331	331	unique	331	331	331	0.7918660287081339	9	419	21.444444444444443	13.158107860522188	11.0	55.0	44.0	4	0.0	1.0	13.158107860522188	11	0	11	0	22.75	-11.75	-11.75
empirical	user_msa	Phala.08G200500_Phala.08G200500.1	Phala.08G200500_Phala.08G200500.1	331	331	unique	331	331	331	0.7918660287081339	9	419	21.444444444444443	13.158107860522188	11.0	55.0	44.0	4	0.0	1.0	13.158107860522188	25	0	25	0	21.0	4.0	4.0
empirical	user_msa	Phala.08G200500_Phala.08G200500.3	Phala.08G200500_Phala.08G200500.3	331	331	unique	331	331	331	0.7918660287081339	9	419	21.444444444444443	13.158107860522188	11.0	55.0	44.0	4	0.0	1.0	13.158107860522188	25	0	25	0	21.0	4.0	4.0
empirical	user_msa	Phala.08G200500_Phala.08G200500.2	Phala.08G200500_Phala.08G200500.2	331	331	unique	331	331	331	0.7918660287081339	9	419	21.444444444444443	13.158107860522188	11.0	55.0	44.0	4	0.0	1.0	13.158107860522188	25	0	25	0	21.0	4.0	4.0
empirical	user_msa	HORVU.MOREX.r3.6HG0571560_HORVU.MOREX.r3.6HG0571560.1	HORVU.MOREX.r3.6HG0571560_HORVU.MOREX.r3.6HG0571560.1	331	331	unique	331	331	331	0.7918660287081339	9	419	21.444444444444443	13.158107860522188	11.0	55.0	44.0	4	0.0	1.0	13.158107860522188	13	0	13	0	22.5	-9.5	-9.5
empirical	user_msa	TraesCS6A03G0381800_TraesCS6A03G0381800.1	TraesCS6A03G0381800_TraesCS6A03G0381800.1	331	331	unique	331	331	331	0.7918660287081339	9	419	21.444444444444443	13.158107860522188	11.0	55.0	44.0	4	0.0	1.0	13.158107860522188	13	0	13	0	22.5	-9.5	-9.5
empirical	user_msa	Thint.S06G201700_Thint.S06G201700.1	Thint.S06G201700_Thint.S06G201700.1	331	331	unique	331	331	331	0.7918660287081339	9	419	21.444444444444443	13.158107860522188	11.0	55.0	44.0	4	0.0	1.0	13.158107860522188	13	0	13	0	22.5	-9.5	-9.5
empirical	user_msa	LOC_Os02g07490_LOC_Os02g07490.1	LOC_Os02g07490_LOC_Os02g07490.1	332	332	unique	332	332	332	0.7942583732057417	9	419	39.333333333333336	0.9428090415820634	38.0	41.0	3.0	3	0.0	1.0	0.9428090415820634	38	0	38	0	39.5	-1.5	-1.5
empirical	user_msa	Oropetium_20150105_02675_Oropetium_20150105_02675A	Oropetium_20150105_02675_Oropetium_20150105_02675A	332	332	unique	332	332	332	0.7942583732057417	9	419	39.333333333333336	0.9428090415820634	38.0	41.0	3.0	3	0.0	1.0	0.9428090415820634	41	0	41	0	39.125	1.875	1.875
empirical	user_msa	ELECO.r07.2AG0102970_ELECO.r07.2AG0102970.1	ELECO.r07.2AG0102970_ELECO.r07.2AG0102970.1	332	332	unique	332	332	332	0.7942583732057417	9	419	39.333333333333336	0.9428090415820634	38.0	41.0	3.0	3	0.0	1.0	0.9428090415820634	41	0	41	0	39.125	1.875	1.875
empirical	user_msa	Phala.08G200500_Phala.08G200500.1	Phala.08G200500_Phala.08G200500.1	332	332	unique	332	332	332	0.7942583732057417	9	419	39.333333333333336	0.9428090415820634	38.0	41.0	3.0	3	0.0	1.0	0.9428090415820634	39	0	39	0	39.375	-0.375	-0.375
empirical	user_msa	Phala.08G200500_Phala.08G200500.3	Phala.08G200500_Phala.08G200500.3	332	332	unique	332	332	332	0.7942583732057417	9	419	39.333333333333336	0.9428090415820634	38.0	41.0	3.0	3	0.0	1.0	0.9428090415820634	39	0	39	0	39.375	-0.375	-0.375
empirical	user_msa	Phala.08G200500_Phala.08G200500.2	Phala.08G200500_Phala.08G200500.2	332	332	unique	332	332	332	0.7942583732057417	9	419	39.333333333333336	0.9428090415820634	38.0	41.0	3.0	3	0.0	1.0	0.9428090415820634	39	0	39	0	39.375	-0.375	-0.375
empirical	user_msa	HORVU.MOREX.r3.6HG0571560_HORVU.MOREX.r3.6HG0571560.1	HORVU.MOREX.r3.6HG0571560_HORVU.MOREX.r3.6HG0571560.1	332	332	unique	332	332	332	0.7942583732057417	9	419	39.333333333333336	0.9428090415820634	38.0	41.0	3.0	3	0.0	1.0	0.9428090415820634	39	0	39	0	39.375	-0.375	-0.375
empirical	user_msa	TraesCS6A03G0381800_TraesCS6A03G0381800.1	TraesCS6A03G0381800_TraesCS6A03G0381800.1	332	332	unique	332	332	332	0.7942583732057417	9	419	39.333333333333336	0.9428090415820634	38.0	41.0	3.0	3	0.0	1.0	0.9428090415820634	39	0	39	0	39.375	-0.375	-0.375
empirical	user_msa	Thint.S06G201700_Thint.S06G201700.1	Thint.S06G201700_Thint.S06G201700.1	332	332	unique	332	332	332	0.7942583732057417	9	419	39.333333333333336	0.9428090415820634	38.0	41.0	3.0	3	0.0	1.0	0.9428090415820634	39	0	39	0	39.375	-0.375	-0.375
empirical	user_msa	LOC_Os02g07490_LOC_Os02g07490.1	LOC_Os02g07490_LOC_Os02g07490.1	333	333	unique	333	333	333	0.7966507177033493	9	419	32.77777777777778	23.064054658362885	7.0	55.0	48.0	3	0.0	1.0	23.064054658362885	53	0	53	0	30.25	22.75	22.75
empirical	user_msa	Oropetium_20150105_02675_Oropetium_20150105_02675A	Oropetium_20150105_02675_Oropetium_20150105_02675A	333	333	unique	333	333	333	0.7966507177033493	9	419	32.77777777777778	23.064054658362885	7.0	55.0	48.0	3	0.0	1.0	23.064054658362885	7	0	7	0	36.0	-29.0	-29.0
empirical	user_msa	ELECO.r07.2AG0102970_ELECO.r07.2AG0102970.1	ELECO.r07.2AG0102970_ELECO.r07.2AG0102970.1	333	333	unique	333	333	333	0.7966507177033493	9	419	32.77777777777778	23.064054658362885	7.0	55.0	48.0	3	0.0	1.0	23.064054658362885	53	0	53	0	30.25	22.75	22.75
empirical	user_msa	Phala.08G200500_Phala.08G200500.1	Phala.08G200500_Phala.08G200500.1	333	333	unique	333	333	333	0.7966507177033493	9	419	32.77777777777778	23.064054658362885	7.0	55.0	48.0	3	0.0	1.0	23.064054658362885	7	0	7	0	36.0	-29.0	-29.0
empirical	user_msa	Phala.08G200500_Phala.08G200500.3	Phala.08G200500_Phala.08G200500.3	333	333	unique	333	333	333	0.7966507177033493	9	419	32.77777777777778	23.064054658362885	7.0	55.0	48.0	3	0.0	1.0	23.064054658362885	7	0	7	0	36.0	-29.0	-29.0
empirical	user_msa	Phala.08G200500_Phala.08G200500.2	Phala.08G200500_Phala.08G200500.2	333	333	unique	333	333	333	0.7966507177033493	9	419	32.77777777777778	23.064054658362885	7.0	55.0	48.0	3	0.0	1.0	23.064054658362885	7	0	7	0	36.0	-29.0	-29.0
empirical	user_msa	HORVU.MOREX.r3.6HG0571560_HORVU.MOREX.r3.6HG0571560.1	HORVU.MOREX.r3.6HG0571560_HORVU.MOREX.r3.6HG0571560.1	333	333	unique	333	333	333	0.7966507177033493	9	419	32.77777777777778	23.064054658362885	7.0	55.0	48.0	3	0.0	1.0	23.064054658362885	53	0	53	0	30.25	22.75	22.75
empirical	user_msa	TraesCS6A03G0381800_TraesCS6A03G0381800.1	TraesCS6A03G0381800_TraesCS6A03G0381800.1	333	333	unique	333	333	333	0.7966507177033493	9	419	32.77777777777778	23.064054658362885	7.0	55.0	48.0	3	0.0	1.0	23.064054658362885	55	0	55	0	30.0	25.0	25.0
empirical	user_msa	Thint.S06G201700_Thint.S06G201700.1	Thint.S06G201700_Thint.S06G201700.1	333	333	unique	333	333	333	0.7966507177033493	9	419	32.77777777777778	23.064054658362885	7.0	55.0	48.0	3	0.0	1.0	23.064054658362885	53	0	53	0	30.25	22.75	22.75
empirical	user_msa	LOC_Os02g07490_LOC_Os02g07490.1	LOC_Os02g07490_LOC_Os02g07490.1	334	334	unique	334	334	334	0.7990430622009569	9	419	51.0	0.0	51.0	51.0	0.0	1	0.0	1.0	0.0	51	0	51	0	51.0	0.0	0.0
empirical	user_msa	Oropetium_20150105_02675_Oropetium_20150105_02675A	Oropetium_20150105_02675_Oropetium_20150105_02675A	334	334	unique	334	334	334	0.7990430622009569	9	419	51.0	0.0	51.0	51.0	0.0	1	0.0	1.0	0.0	51	0	51	0	51.0	0.0	0.0
empirical	user_msa	ELECO.r07.2AG0102970_ELECO.r07.2AG0102970.1	ELECO.r07.2AG0102970_ELECO.r07.2AG0102970.1	334	334	unique	334	334	334	0.7990430622009569	9	419	51.0	0.0	51.0	51.0	0.0	1	0.0	1.0	0.0	51	0	51	0	51.0	0.0	0.0
empirical	user_msa	Phala.08G200500_Phala.08G200500.1	Phala.08G200500_Phala.08G200500.1	334	334	unique	334	334	334	0.7990430622009569	9	419	51.0	0.0	51.0	51.0	0.0	1	0.0	1.0	0.0	51	0	51	0	51.0	0.0	0.0
empirical	user_msa	Phala.08G200500_Phala.08G200500.3	Phala.08G200500_Phala.08G200500.3	334	334	unique	334	334	334	0.7990430622009569	9	419	51.0	0.0	51.0	51.0	0.0	1	0.0	1.0	0.0	51	0	51	0	51.0	0.0	0.0
empirical	user_msa	Phala.08G200500_Phala.08G200500.2	Phala.08G200500_Phala.08G200500.2	334	334	unique	334	334	334	0.7990430622009569	9	419	51.0	0.0	51.0	51.0	0.0	1	0.0	1.0	0.0	51	0	51	0	51.0	0.0	0.0
empirical	user_msa	HORVU.MOREX.r3.6HG0571560_HORVU.MOREX.r3.6HG0571560.1	HORVU.MOREX.r3.6HG0571560_HORVU.MOREX.r3.6HG0571560.1	334	334	unique	334	334	334	0.7990430622009569	9	419	51.0	0.0	51.0	51.0	0.0	1	0.0	1.0	0.0	51	0	51	0	51.0	0.0	0.0
empirical	user_msa	TraesCS6A03G0381800_TraesCS6A03G0381800.1	TraesCS6A03G0381800_TraesCS6A03G0381800.1	334	334	unique	334	334	334	0.7990430622009569	9	419	51.0	0.0	51.0	51.0	0.0	1	0.0	1.0	0.0	51	0	51	0	51.0	0.0	0.0
empirical	user_msa	Thint.S06G201700_Thint.S06G201700.1	Thint.S06G201700_Thint.S06G201700.1	334	334	unique	334	334	334	0.7990430622009569	9	419	51.0	0.0	51.0	51.0	0.0	1	0.0	1.0	0.0	51	0	51	0	51.0	0.0	0.0
empirical	user_msa	LOC_Os02g07490_LOC_Os02g07490.1	LOC_Os02g07490_LOC_Os02g07490.1	335	335	unique	335	335	335	0.8014354066985646	9	419	35.77777777777778	1.3966450099973928	34.0	37.0	3.0	3	0.0	1.0	1.3966450099973928	35	0	35	0	35.875	-0.875	-0.875
empirical	user_msa	Oropetium_20150105_02675_Oropetium_20150105_02675A	Oropetium_20150105_02675_Oropetium_20150105_02675A	335	335	unique	335	335	335	0.8014354066985646	9	419	35.77777777777778	1.3966450099973928	34.0	37.0	3.0	3	0.0	1.0	1.3966450099973928	37	0	37	0	35.625	1.375	1.375
empirical	user_msa	ELECO.r07.2AG0102970_ELECO.r07.2AG0102970.1	ELECO.r07.2AG0102970_ELECO.r07.2AG0102970.1	335	335	unique	335	335	335	0.8014354066985646	9	419	35.77777777777778	1.3966450099973928	34.0	37.0	3.0	3	0.0	1.0	1.3966450099973928	37	0	37	0	35.625	1.375	1.375
empirical	user_msa	Phala.08G200500_Phala.08G200500.1	Phala.08G200500_Phala.08G200500.1	335	335	unique	335	335	335	0.8014354066985646	9	419	35.77777777777778	1.3966450099973928	34.0	37.0	3.0	3	0.0	1.0	1.3966450099973928	34	0	34	0	36.0	-2.0	-2.0
empirical	user_msa	Phala.08G200500_Phala.08G200500.3	Phala.08G200500_Phala.08G200500.3	335	335	unique	335	335	335	0.8014354066985646	9	419	35.77777777777778	1.3966450099973928	34.0	37.0	3.0	3	0.0	1.0	1.3966450099973928	34	0	34	0	36.0	-2.0	-2.0
empirical	user_msa	Phala.08G200500_Phala.08G200500.2	Phala.08G200500_Phala.08G200500.2	335	335	unique	335	335	335	0.8014354066985646	9	419	35.77777777777778	1.3966450099973928	34.0	37.0	3.0	3	0.0	1.0	1.3966450099973928	34	0	34	0	36.0	-2.0	-2.0
empirical	user_msa	HORVU.MOREX.r3.6HG0571560_HORVU.MOREX.r3.6HG0571560.1	HORVU.MOREX.r3.6HG0571560_HORVU.MOREX.r3.6HG0571560.1	335	335	unique	335	335	335	0.8014354066985646	9	419	35.77777777777778	1.3966450099973928	34.0	37.0	3.0	3	0.0	1.0	1.3966450099973928	37	0	37	0	35.625	1.375	1.375
empirical	user_msa	TraesCS6A03G0381800_TraesCS6A03G0381800.1	TraesCS6A03G0381800_TraesCS6A03G0381800.1	335	335	unique	335	335	335	0.8014354066985646	9	419	35.77777777777778	1.3966450099973928	34.0	37.0	3.0	3	0.0	1.0	1.3966450099973928	37	0	37	0	35.625	1.375	1.375
empirical	user_msa	Thint.S06G201700_Thint.S06G201700.1	Thint.S06G201700_Thint.S06G201700.1	335	335	unique	335	335	335	0.8014354066985646	9	419	35.77777777777778	1.3966450099973928	34.0	37.0	3.0	3	0.0	1.0	1.3966450099973928	37	0	37	0	35.625	1.375	1.375
empirical	user_msa	LOC_Os02g07490_LOC_Os02g07490.1	LOC_Os02g07490_LOC_Os02g07490.1	336	336	unique	336	336	336	0.8038277511961722	9	419	36.55555555555556	0.4969039949999533	36.0	37.0	1.0	2	0.0	1.0	0.4969039949999533	37	0	37	0	36.5	0.5	0.5
empirical	user_msa	Oropetium_20150105_02675_Oropetium_20150105_02675A	Oropetium_20150105_02675_Oropetium_20150105_02675A	336	336	unique	336	336	336	0.8038277511961722	9	419	36.55555555555556	0.4969039949999533	36.0	37.0	1.0	2	0.0	1.0	0.4969039949999533	36	0	36	0	36.625	-0.625	-0.625
empirical	user_msa	ELECO.r07.2AG0102970_ELECO.r07.2AG0102970.1	ELECO.r07.2AG0102970_ELECO.r07.2AG0102970.1	336	336	unique	336	336	336	0.8038277511961722	9	419	36.55555555555556	0.4969039949999533	36.0	37.0	1.0	2	0.0	1.0	0.4969039949999533	37	0	37	0	36.5	0.5	0.5
empirical	user_msa	Phala.08G200500_Phala.08G200500.1	Phala.08G200500_Phala.08G200500.1	336	336	unique	336	336	336	0.8038277511961722	9	419	36.55555555555556	0.4969039949999533	36.0	37.0	1.0	2	0.0	1.0	0.4969039949999533	36	0	36	0	36.625	-0.625	-0.625
empirical	user_msa	Phala.08G200500_Phala.08G200500.3	Phala.08G200500_Phala.08G200500.3	336	336	unique	336	336	336	0.8038277511961722	9	419	36.55555555555556	0.4969039949999533	36.0	37.0	1.0	2	0.0	1.0	0.4969039949999533	36	0	36	0	36.625	-0.625	-0.625
empirical	user_msa	Phala.08G200500_Phala.08G200500.2	Phala.08G200500_Phala.08G200500.2	336	336	unique	336	336	336	0.8038277511961722	9	419	36.55555555555556	0.4969039949999533	36.0	37.0	1.0	2	0.0	1.0	0.4969039949999533	36	0	36	0	36.625	-0.625	-0.625
empirical	user_msa	HORVU.MOREX.r3.6HG0571560_HORVU.MOREX.r3.6HG0571560.1	HORVU.MOREX.r3.6HG0571560_HORVU.MOREX.r3.6HG0571560.1	336	336	unique	336	336	336	0.8038277511961722	9	419	36.55555555555556	0.4969039949999533	36.0	37.0	1.0	2	0.0	1.0	0.4969039949999533	37	0	37	0	36.5	0.5	0.5
empirical	user_msa	TraesCS6A03G0381800_TraesCS6A03G0381800.1	TraesCS6A03G0381800_TraesCS6A03G0381800.1	336	336	unique	336	336	336	0.8038277511961722	9	419	36.55555555555556	0.4969039949999533	36.0	37.0	1.0	2	0.0	1.0	0.4969039949999533	37	0	37	0	36.5	0.5	0.5
empirical	user_msa	Thint.S06G201700_Thint.S06G201700.1	Thint.S06G201700_Thint.S06G201700.1	336	336	unique	336	336	336	0.8038277511961722	9	419	36.55555555555556	0.4969039949999533	36.0	37.0	1.0	2	0.0	1.0	0.4969039949999533	37	0	37	0	36.5	0.5	0.5
empirical	user_msa	LOC_Os02g07490_LOC_Os02g07490.1	LOC_Os02g07490_LOC_Os02g07490.1	337	337	unique	337	337	337	0.80622009569378	9	419	33.44444444444444	16.499906471863618	15.0	49.0	34.0	3	0.0	1.0	16.499906471863618	48	0	48	0	31.625	16.375	16.375
empirical	user_msa	Oropetium_20150105_02675_Oropetium_20150105_02675A	Oropetium_20150105_02675_Oropetium_20150105_02675A	337	337	unique	337	337	337	0.80622009569378	9	419	33.44444444444444	16.499906471863618	15.0	49.0	34.0	3	0.0	1.0	16.499906471863618	15	0	15	0	35.75	-20.75	-20.75
empirical	user_msa	ELECO.r07.2AG0102970_ELECO.r07.2AG0102970.1	ELECO.r07.2AG0102970_ELECO.r07.2AG0102970.1	337	337	unique	337	337	337	0.80622009569378	9	419	33.44444444444444	16.499906471863618	15.0	49.0	34.0	3	0.0	1.0	16.499906471863618	49	0	49	0	31.5	17.5	17.5
empirical	user_msa	Phala.08G200500_Phala.08G200500.1	Phala.08G200500_Phala.08G200500.1	337	337	unique	337	337	337	0.80622009569378	9	419	33.44444444444444	16.499906471863618	15.0	49.0	34.0	3	0.0	1.0	16.499906471863618	15	0	15	0	35.75	-20.75	-20.75
empirical	user_msa	Phala.08G200500_Phala.08G200500.3	Phala.08G200500_Phala.08G200500.3	337	337	unique	337	337	337	0.80622009569378	9	419	33.44444444444444	16.499906471863618	15.0	49.0	34.0	3	0.0	1.0	16.499906471863618	15	0	15	0	35.75	-20.75	-20.75
empirical	user_msa	Phala.08G200500_Phala.08G200500.2	Phala.08G200500_Phala.08G200500.2	337	337	unique	337	337	337	0.80622009569378	9	419	33.44444444444444	16.499906471863618	15.0	49.0	34.0	3	0.0	1.0	16.499906471863618	15	0	15	0	35.75	-20.75	-20.75
empirical	user_msa	HORVU.MOREX.r3.6HG0571560_HORVU.MOREX.r3.6HG0571560.1	HORVU.MOREX.r3.6HG0571560_HORVU.MOREX.r3.6HG0571560.1	337	337	unique	337	337	337	0.80622009569378	9	419	33.44444444444444	16.499906471863618	15.0	49.0	34.0	3	0.0	1.0	16.499906471863618	48	0	48	0	31.625	16.375	16.375
empirical	user_msa	TraesCS6A03G0381800_TraesCS6A03G0381800.1	TraesCS6A03G0381800_TraesCS6A03G0381800.1	337	337	unique	337	337	337	0.80622009569378	9	419	33.44444444444444	16.499906471863618	15.0	49.0	34.0	3	0.0	1.0	16.499906471863618	48	0	48	0	31.625	16.375	16.375
empirical	user_msa	Thint.S06G201700_Thint.S06G201700.1	Thint.S06G201700_Thint.S06G201700.1	337	337	unique	337	337	337	0.80622009569378	9	419	33.44444444444444	16.499906471863618	15.0	49.0	34.0	3	0.0	1.0	16.499906471863618	48	0	48	0	31.625	16.375	16.375
empirical	user_msa	LOC_Os02g07490_LOC_Os02g07490.1	LOC_Os02g07490_LOC_Os02g07490.1	338	338	unique	338	338	338	0.8086124401913876	9	419	2.888888888888889	0.9938079899999066	2.0	4.0	2.0	2	0.0	1.0	0.9938079899999066	2	0	2	0	3.0	-1.0	-1.0
empirical	user_msa	Oropetium_20150105_02675_Oropetium_20150105_02675A	Oropetium_20150105_02675_Oropetium_20150105_02675A	338	338	unique	338	338	338	0.8086124401913876	9	419	2.888888888888889	0.9938079899999066	2.0	4.0	2.0	2	0.0	1.0	0.9938079899999066	4	0	4	0	2.75	1.25	1.25
empirical	user_msa	ELECO.r07.2AG0102970_ELECO.r07.2AG0102970.1	ELECO.r07.2AG0102970_ELECO.r07.2AG0102970.1	338	338	unique	338	338	338	0.8086124401913876	9	419	2.888888888888889	0.9938079899999066	2.0	4.0	2.0	2	0.0	1.0	0.9938079899999066	2	0	2	0	3.0	-1.0	-1.0
empirical	user_msa	Phala.08G200500_Phala.08G200500.1	Phala.08G200500_Phala.08G200500.1	338	338	unique	338	338	338	0.8086124401913876	9	419	2.888888888888889	0.9938079899999066	2.0	4.0	2.0	2	0.0	1.0	0.9938079899999066	4	0	4	0	2.75	1.25	1.25
empirical	user_msa	Phala.08G200500_Phala.08G200500.3	Phala.08G200500_Phala.08G200500.3	338	338	unique	338	338	338	0.8086124401913876	9	419	2.888888888888889	0.9938079899999066	2.0	4.0	2.0	2	0.0	1.0	0.9938079899999066	4	0	4	0	2.75	1.25	1.25
empirical	user_msa	Phala.08G200500_Phala.08G200500.2	Phala.08G200500_Phala.08G200500.2	338	338	unique	338	338	338	0.8086124401913876	9	419	2.888888888888889	0.9938079899999066	2.0	4.0	2.0	2	0.0	1.0	0.9938079899999066	4	0	4	0	2.75	1.25	1.25
empirical	user_msa	HORVU.MOREX.r3.6HG0571560_HORVU.MOREX.r3.6HG0571560.1	HORVU.MOREX.r3.6HG0571560_HORVU.MOREX.r3.6HG0571560.1	338	338	unique	338	338	338	0.8086124401913876	9	419	2.888888888888889	0.9938079899999066	2.0	4.0	2.0	2	0.0	1.0	0.9938079899999066	2	0	2	0	3.0	-1.0	-1.0
empirical	user_msa	TraesCS6A03G0381800_TraesCS6A03G0381800.1	TraesCS6A03G0381800_TraesCS6A03G0381800.1	338	338	unique	338	338	338	0.8086124401913876	9	419	2.888888888888889	0.9938079899999066	2.0	4.0	2.0	2	0.0	1.0	0.9938079899999066	2	0	2	0	3.0	-1.0	-1.0
empirical	user_msa	Thint.S06G201700_Thint.S06G201700.1	Thint.S06G201700_Thint.S06G201700.1	338	338	unique	338	338	338	0.8086124401913876	9	419	2.888888888888889	0.9938079899999066	2.0	4.0	2.0	2	0.0	1.0	0.9938079899999066	2	0	2	0	3.0	-1.0	-1.0
empirical	user_msa	LOC_Os02g07490_LOC_Os02g07490.1	LOC_Os02g07490_LOC_Os02g07490.1	339	339	unique	339	339	339	0.8110047846889952	9	419	27.333333333333332	15.81841402360623	5.0	41.0	36.0	3	0.0	1.0	15.81841402360623	38	0	38	0	26.0	12.0	12.0
empirical	user_msa	Oropetium_20150105_02675_Oropetium_20150105_02675A	Oropetium_20150105_02675_Oropetium_20150105_02675A	339	339	unique	339	339	339	0.8110047846889952	9	419	27.333333333333332	15.81841402360623	5.0	41.0	36.0	3	0.0	1.0	15.81841402360623	41	0	41	0	25.625	15.375	15.375
empirical	user_msa	ELECO.r07.2AG0102970_ELECO.r07.2AG0102970.1	ELECO.r07.2AG0102970_ELECO.r07.2AG0102970.1	339	339	unique	339	339	339	0.8110047846889952	9	419	27.333333333333332	15.81841402360623	5.0	41.0	36.0	3	0.0	1.0	15.81841402360623	38	0	38	0	26.0	12.0	12.0
empirical	user_msa	Phala.08G200500_Phala.08G200500.1	Phala.08G200500_Phala.08G200500.1	339	339	unique	339	339	339	0.8110047846889952	9	419	27.333333333333332	15.81841402360623	5.0	41.0	36.0	3	0.0	1.0	15.81841402360623	5	0	5	0	30.125	-25.125	-25.125
empirical	user_msa	Phala.08G200500_Phala.08G200500.3	Phala.08G200500_Phala.08G200500.3	339	339	unique	339	339	339	0.8110047846889952	9	419	27.333333333333332	15.81841402360623	5.0	41.0	36.0	3	0.0	1.0	15.81841402360623	5	0	5	0	30.125	-25.125	-25.125
empirical	user_msa	Phala.08G200500_Phala.08G200500.2	Phala.08G200500_Phala.08G200500.2	339	339	unique	339	339	339	0.8110047846889952	9	419	27.333333333333332	15.81841402360623	5.0	41.0	36.0	3	0.0	1.0	15.81841402360623	5	0	5	0	30.125	-25.125	-25.125
empirical	user_msa	HORVU.MOREX.r3.6HG0571560_HORVU.MOREX.r3.6HG0571560.1	HORVU.MOREX.r3.6HG0571560_HORVU.MOREX.r3.6HG0571560.1	339	339	unique	339	339	339	0.8110047846889952	9	419	27.333333333333332	15.81841402360623	5.0	41.0	36.0	3	0.0	1.0	15.81841402360623	38	0	38	0	26.0	12.0	12.0
empirical	user_msa	TraesCS6A03G0381800_TraesCS6A03G0381800.1	TraesCS6A03G0381800_TraesCS6A03G0381800.1	339	339	unique	339	339	339	0.8110047846889952	9	419	27.333333333333332	15.81841402360623	5.0	41.0	36.0	3	0.0	1.0	15.81841402360623	38	0	38	0	26.0	12.0	12.0
empirical	user_msa	Thint.S06G201700_Thint.S06G201700.1	Thint.S06G201700_Thint.S06G201700.1	339	339	unique	339	339	339	0.8110047846889952	9	419	27.333333333333332	15.81841402360623	5.0	41.0	36.0	3	0.0	1.0	15.81841402360623	38	0	38	0	26.0	12.0	12.0
empirical	user_msa	LOC_Os02g07490_LOC_Os02g07490.1	LOC_Os02g07490_LOC_Os02g07490.1	340	340	unique	340	340	340	0.8133971291866029	9	419	39.666666666666664	0.9428090415820634	39.0	41.0	2.0	2	0.0	1.0	0.9428090415820634	39	0	39	0	39.75	-0.75	-0.75
empirical	user_msa	Oropetium_20150105_02675_Oropetium_20150105_02675A	Oropetium_20150105_02675_Oropetium_20150105_02675A	340	340	unique	340	340	340	0.8133971291866029	9	419	39.666666666666664	0.9428090415820634	39.0	41.0	2.0	2	0.0	1.0	0.9428090415820634	39	0	39	0	39.75	-0.75	-0.75
empirical	user_msa	ELECO.r07.2AG0102970_ELECO.r07.2AG0102970.1	ELECO.r07.2AG0102970_ELECO.r07.2AG0102970.1	340	340	unique	340	340	340	0.8133971291866029	9	419	39.666666666666664	0.9428090415820634	39.0	41.0	2.0	2	0.0	1.0	0.9428090415820634	39	0	39	0	39.75	-0.75	-0.75
empirical	user_msa	Phala.08G200500_Phala.08G200500.1	Phala.08G200500_Phala.08G200500.1	340	340	unique	340	340	340	0.8133971291866029	9	419	39.666666666666664	0.9428090415820634	39.0	41.0	2.0	2	0.0	1.0	0.9428090415820634	41	0	41	0	39.5	1.5	1.5
empirical	user_msa	Phala.08G200500_Phala.08G200500.3	Phala.08G200500_Phala.08G200500.3	340	340	unique	340	340	340	0.8133971291866029	9	419	39.666666666666664	0.9428090415820634	39.0	41.0	2.0	2	0.0	1.0	0.9428090415820634	41	0	41	0	39.5	1.5	1.5
empirical	user_msa	Phala.08G200500_Phala.08G200500.2	Phala.08G200500_Phala.08G200500.2	340	340	unique	340	340	340	0.8133971291866029	9	419	39.666666666666664	0.9428090415820634	39.0	41.0	2.0	2	0.0	1.0	0.9428090415820634	41	0	41	0	39.5	1.5	1.5
empirical	user_msa	HORVU.MOREX.r3.6HG0571560_HORVU.MOREX.r3.6HG0571560.1	HORVU.MOREX.r3.6HG0571560_HORVU.MOREX.r3.6HG0571560.1	340	340	unique	340	340	340	0.8133971291866029	9	419	39.666666666666664	0.9428090415820634	39.0	41.0	2.0	2	0.0	1.0	0.9428090415820634	39	0	39	0	39.75	-0.75	-0.75
empirical	user_msa	TraesCS6A03G0381800_TraesCS6A03G0381800.1	TraesCS6A03G0381800_TraesCS6A03G0381800.1	340	340	unique	340	340	340	0.8133971291866029	9	419	39.666666666666664	0.9428090415820634	39.0	41.0	2.0	2	0.0	1.0	0.9428090415820634	39	0	39	0	39.75	-0.75	-0.75
empirical	user_msa	Thint.S06G201700_Thint.S06G201700.1	Thint.S06G201700_Thint.S06G201700.1	340	340	unique	340	340	340	0.8133971291866029	9	419	39.666666666666664	0.9428090415820634	39.0	41.0	2.0	2	0.0	1.0	0.9428090415820634	39	0	39	0	39.75	-0.75	-0.75
empirical	user_msa	LOC_Os02g07490_LOC_Os02g07490.1	LOC_Os02g07490_LOC_Os02g07490.1	341	341	unique	341	341	341	0.8157894736842105	9	419	15.333333333333334	0.4714045207910317	15.0	16.0	1.0	2	0.0	1.0	0.4714045207910317	15	0	15	0	15.375	-0.375	-0.375
empirical	user_msa	Oropetium_20150105_02675_Oropetium_20150105_02675A	Oropetium_20150105_02675_Oropetium_20150105_02675A	341	341	unique	341	341	341	0.8157894736842105	9	419	15.333333333333334	0.4714045207910317	15.0	16.0	1.0	2	0.0	1.0	0.4714045207910317	15	0	15	0	15.375	-0.375	-0.375
empirical	user_msa	ELECO.r07.2AG0102970_ELECO.r07.2AG0102970.1	ELECO.r07.2AG0102970_ELECO.r07.2AG0102970.1	341	341	unique	341	341	341	0.8157894736842105	9	419	15.333333333333334	0.4714045207910317	15.0	16.0	1.0	2	0.0	1.0	0.4714045207910317	15	0	15	0	15.375	-0.375	-0.375
empirical	user_msa	Phala.08G200500_Phala.08G200500.1	Phala.08G200500_Phala.08G200500.1	341	341	unique	341	341	341	0.8157894736842105	9	419	15.333333333333334	0.4714045207910317	15.0	16.0	1.0	2	0.0	1.0	0.4714045207910317	16	0	16	0	15.25	0.75	0.75
empirical	user_msa	Phala.08G200500_Phala.08G200500.3	Phala.08G200500_Phala.08G200500.3	341	341	unique	341	341	341	0.8157894736842105	9	419	15.333333333333334	0.4714045207910317	15.0	16.0	1.0	2	0.0	1.0	0.4714045207910317	16	0	16	0	15.25	0.75	0.75
empirical	user_msa	Phala.08G200500_Phala.08G200500.2	Phala.08G200500_Phala.08G200500.2	341	341	unique	341	341	341	0.8157894736842105	9	419	15.333333333333334	0.4714045207910317	15.0	16.0	1.0	2	0.0	1.0	0.4714045207910317	16	0	16	0	15.25	0.75	0.75
empirical	user_msa	HORVU.MOREX.r3.6HG0571560_HORVU.MOREX.r3.6HG0571560.1	HORVU.MOREX.r3.6HG0571560_HORVU.MOREX.r3.6HG0571560.1	341	341	unique	341	341	341	0.8157894736842105	9	419	15.333333333333334	0.4714045207910317	15.0	16.0	1.0	2	0.0	1.0	0.4714045207910317	15	0	15	0	15.375	-0.375	-0.375
empirical	user_msa	TraesCS6A03G0381800_TraesCS6A03G0381800.1	TraesCS6A03G0381800_TraesCS6A03G0381800.1	341	341	unique	341	341	341	0.8157894736842105	9	419	15.333333333333334	0.4714045207910317	15.0	16.0	1.0	2	0.0	1.0	0.4714045207910317	15	0	15	0	15.375	-0.375	-0.375
empirical	user_msa	Thint.S06G201700_Thint.S06G201700.1	Thint.S06G201700_Thint.S06G201700.1	341	341	unique	341	341	341	0.8157894736842105	9	419	15.333333333333334	0.4714045207910317	15.0	16.0	1.0	2	0.0	1.0	0.4714045207910317	15	0	15	0	15.375	-0.375	-0.375
empirical	user_msa	LOC_Os02g07490_LOC_Os02g07490.1	LOC_Os02g07490_LOC_Os02g07490.1	342	342	unique	342	342	342	0.8181818181818182	9	419	4.0	0.0	4.0	4.0	0.0	1	0.0	1.0	0.0	4	0	4	0	4.0	0.0	0.0
empirical	user_msa	Oropetium_20150105_02675_Oropetium_20150105_02675A	Oropetium_20150105_02675_Oropetium_20150105_02675A	342	342	unique	342	342	342	0.8181818181818182	9	419	4.0	0.0	4.0	4.0	0.0	1	0.0	1.0	0.0	4	0	4	0	4.0	0.0	0.0
empirical	user_msa	ELECO.r07.2AG0102970_ELECO.r07.2AG0102970.1	ELECO.r07.2AG0102970_ELECO.r07.2AG0102970.1	342	342	unique	342	342	342	0.8181818181818182	9	419	4.0	0.0	4.0	4.0	0.0	1	0.0	1.0	0.0	4	0	4	0	4.0	0.0	0.0
empirical	user_msa	Phala.08G200500_Phala.08G200500.1	Phala.08G200500_Phala.08G200500.1	342	342	unique	342	342	342	0.8181818181818182	9	419	4.0	0.0	4.0	4.0	0.0	1	0.0	1.0	0.0	4	0	4	0	4.0	0.0	0.0
empirical	user_msa	Phala.08G200500_Phala.08G200500.3	Phala.08G200500_Phala.08G200500.3	342	342	unique	342	342	342	0.8181818181818182	9	419	4.0	0.0	4.0	4.0	0.0	1	0.0	1.0	0.0	4	0	4	0	4.0	0.0	0.0
empirical	user_msa	Phala.08G200500_Phala.08G200500.2	Phala.08G200500_Phala.08G200500.2	342	342	unique	342	342	342	0.8181818181818182	9	419	4.0	0.0	4.0	4.0	0.0	1	0.0	1.0	0.0	4	0	4	0	4.0	0.0	0.0
empirical	user_msa	HORVU.MOREX.r3.6HG0571560_HORVU.MOREX.r3.6HG0571560.1	HORVU.MOREX.r3.6HG0571560_HORVU.MOREX.r3.6HG0571560.1	342	342	unique	342	342	342	0.8181818181818182	9	419	4.0	0.0	4.0	4.0	0.0	1	0.0	1.0	0.0	4	0	4	0	4.0	0.0	0.0
empirical	user_msa	TraesCS6A03G0381800_TraesCS6A03G0381800.1	TraesCS6A03G0381800_TraesCS6A03G0381800.1	342	342	unique	342	342	342	0.8181818181818182	9	419	4.0	0.0	4.0	4.0	0.0	1	0.0	1.0	0.0	4	0	4	0	4.0	0.0	0.0
empirical	user_msa	Thint.S06G201700_Thint.S06G201700.1	Thint.S06G201700_Thint.S06G201700.1	342	342	unique	342	342	342	0.8181818181818182	9	419	4.0	0.0	4.0	4.0	0.0	1	0.0	1.0	0.0	4	0	4	0	4.0	0.0	0.0
empirical	user_msa	LOC_Os02g07490_LOC_Os02g07490.1	LOC_Os02g07490_LOC_Os02g07490.1	343	343	unique	343	343	343	0.8205741626794258	9	419	30.11111111111111	15.849601778694943	8.0	48.0	40.0	5	0.0	1.0	15.849601778694943	38	0	38	0	29.125	8.875	8.875
empirical	user_msa	Oropetium_20150105_02675_Oropetium_20150105_02675A	Oropetium_20150105_02675_Oropetium_20150105_02675A	343	343	unique	343	343	343	0.8205741626794258	9	419	30.11111111111111	15.849601778694943	8.0	48.0	40.0	5	0.0	1.0	15.849601778694943	41	0	41	0	28.75	12.25	12.25
empirical	user_msa	ELECO.r07.2AG0102970_ELECO.r07.2AG0102970.1	ELECO.r07.2AG0102970_ELECO.r07.2AG0102970.1	343	343	unique	343	343	343	0.8205741626794258	9	419	30.11111111111111	15.849601778694943	8.0	48.0	40.0	5	0.0	1.0	15.849601778694943	40	0	40	0	28.875	11.125	11.125
empirical	user_msa	Phala.08G200500_Phala.08G200500.1	Phala.08G200500_Phala.08G200500.1	343	343	unique	343	343	343	0.8205741626794258	9	419	30.11111111111111	15.849601778694943	8.0	48.0	40.0	5	0.0	1.0	15.849601778694943	8	0	8	0	32.875	-24.875	-24.875
empirical	user_msa	Phala.08G200500_Phala.08G200500.3	Phala.08G200500_Phala.08G200500.3	343	343	unique	343	343	343	0.8205741626794258	9	419	30.11111111111111	15.849601778694943	8.0	48.0	40.0	5	0.0	1.0	15.849601778694943	8	0	8	0	32.875	-24.875	-24.875
empirical	user_msa	Phala.08G200500_Phala.08G200500.2	Phala.08G200500_Phala.08G200500.2	343	343	unique	343	343	343	0.8205741626794258	9	419	30.11111111111111	15.849601778694943	8.0	48.0	40.0	5	0.0	1.0	15.849601778694943	8	0	8	0	32.875	-24.875	-24.875
empirical	user_msa	HORVU.MOREX.r3.6HG0571560_HORVU.MOREX.r3.6HG0571560.1	HORVU.MOREX.r3.6HG0571560_HORVU.MOREX.r3.6HG0571560.1	343	343	unique	343	343	343	0.8205741626794258	9	419	30.11111111111111	15.849601778694943	8.0	48.0	40.0	5	0.0	1.0	15.849601778694943	48	0	48	0	27.875	20.125	20.125
empirical	user_msa	TraesCS6A03G0381800_TraesCS6A03G0381800.1	TraesCS6A03G0381800_TraesCS6A03G0381800.1	343	343	unique	343	343	343	0.8205741626794258	9	419	30.11111111111111	15.849601778694943	8.0	48.0	40.0	5	0.0	1.0	15.849601778694943	40	0	40	0	28.875	11.125	11.125
empirical	user_msa	Thint.S06G201700_Thint.S06G201700.1	Thint.S06G201700_Thint.S06G201700.1	343	343	unique	343	343	343	0.8205741626794258	9	419	30.11111111111111	15.849601778694943	8.0	48.0	40.0	5	0.0	1.0	15.849601778694943	40	0	40	0	28.875	11.125	11.125
empirical	user_msa	LOC_Os02g07490_LOC_Os02g07490.1	LOC_Os02g07490_LOC_Os02g07490.1	344	344	unique	344	344	344	0.8229665071770335	9	419	38.44444444444444	1.2570787221094177	36.0	40.0	4.0	3	0.0	1.0	1.2570787221094177	38	0	38	0	38.5	-0.5	-0.5
empirical	user_msa	Oropetium_20150105_02675_Oropetium_20150105_02675A	Oropetium_20150105_02675_Oropetium_20150105_02675A	344	344	unique	344	344	344	0.8229665071770335	9	419	38.44444444444444	1.2570787221094177	36.0	40.0	4.0	3	0.0	1.0	1.2570787221094177	36	0	36	0	38.75	-2.75	-2.75
empirical	user_msa	ELECO.r07.2AG0102970_ELECO.r07.2AG0102970.1	ELECO.r07.2AG0102970_ELECO.r07.2AG0102970.1	344	344	unique	344	344	344	0.8229665071770335	9	419	38.44444444444444	1.2570787221094177	36.0	40.0	4.0	3	0.0	1.0	1.2570787221094177	38	0	38	0	38.5	-0.5	-0.5
empirical	user_msa	Phala.08G200500_Phala.08G200500.1	Phala.08G200500_Phala.08G200500.1	344	344	unique	344	344	344	0.8229665071770335	9	419	38.44444444444444	1.2570787221094177	36.0	40.0	4.0	3	0.0	1.0	1.2570787221094177	40	0	40	0	38.25	1.75	1.75
empirical	user_msa	Phala.08G200500_Phala.08G200500.3	Phala.08G200500_Phala.08G200500.3	344	344	unique	344	344	344	0.8229665071770335	9	419	38.44444444444444	1.2570787221094177	36.0	40.0	4.0	3	0.0	1.0	1.2570787221094177	40	0	40	0	38.25	1.75	1.75
empirical	user_msa	Phala.08G200500_Phala.08G200500.2	Phala.08G200500_Phala.08G200500.2	344	344	unique	344	344	344	0.8229665071770335	9	419	38.44444444444444	1.2570787221094177	36.0	40.0	4.0	3	0.0	1.0	1.2570787221094177	40	0	40	0	38.25	1.75	1.75
empirical	user_msa	HORVU.MOREX.r3.6HG0571560_HORVU.MOREX.r3.6HG0571560.1	HORVU.MOREX.r3.6HG0571560_HORVU.MOREX.r3.6HG0571560.1	344	344	unique	344	344	344	0.8229665071770335	9	419	38.44444444444444	1.2570787221094177	36.0	40.0	4.0	3	0.0	1.0	1.2570787221094177	38	0	38	0	38.5	-0.5	-0.5
empirical	user_msa	TraesCS6A03G0381800_TraesCS6A03G0381800.1	TraesCS6A03G0381800_TraesCS6A03G0381800.1	344	344	unique	344	344	344	0.8229665071770335	9	419	38.44444444444444	1.2570787221094177	36.0	40.0	4.0	3	0.0	1.0	1.2570787221094177	38	0	38	0	38.5	-0.5	-0.5
empirical	user_msa	Thint.S06G201700_Thint.S06G201700.1	Thint.S06G201700_Thint.S06G201700.1	344	344	unique	344	344	344	0.8229665071770335	9	419	38.44444444444444	1.2570787221094177	36.0	40.0	4.0	3	0.0	1.0	1.2570787221094177	38	0	38	0	38.5	-0.5	-0.5
empirical	user_msa	LOC_Os02g07490_LOC_Os02g07490.1	LOC_Os02g07490_LOC_Os02g07490.1	345	345	unique	345	345	345	0.8253588516746412	9	419	53.0	1.4142135623730951	52.0	55.0	3.0	2	0.0	1.0	1.4142135623730951	52	0	52	0	53.125	-1.125	-1.125
empirical	user_msa	Oropetium_20150105_02675_Oropetium_20150105_02675A	Oropetium_20150105_02675_Oropetium_20150105_02675A	345	345	unique	345	345	345	0.8253588516746412	9	419	53.0	1.4142135623730951	52.0	55.0	3.0	2	0.0	1.0	1.4142135623730951	52	0	52	0	53.125	-1.125	-1.125
empirical	user_msa	ELECO.r07.2AG0102970_ELECO.r07.2AG0102970.1	ELECO.r07.2AG0102970_ELECO.r07.2AG0102970.1	345	345	unique	345	345	345	0.8253588516746412	9	419	53.0	1.4142135623730951	52.0	55.0	3.0	2	0.0	1.0	1.4142135623730951	52	0	52	0	53.125	-1.125	-1.125
empirical	user_msa	Phala.08G200500_Phala.08G200500.1	Phala.08G200500_Phala.08G200500.1	345	345	unique	345	345	345	0.8253588516746412	9	419	53.0	1.4142135623730951	52.0	55.0	3.0	2	0.0	1.0	1.4142135623730951	55	0	55	0	52.75	2.25	2.25
empirical	user_msa	Phala.08G200500_Phala.08G200500.3	Phala.08G200500_Phala.08G200500.3	345	345	unique	345	345	345	0.8253588516746412	9	419	53.0	1.4142135623730951	52.0	55.0	3.0	2	0.0	1.0	1.4142135623730951	55	0	55	0	52.75	2.25	2.25
empirical	user_msa	Phala.08G200500_Phala.08G200500.2	Phala.08G200500_Phala.08G200500.2	345	345	unique	345	345	345	0.8253588516746412	9	419	53.0	1.4142135623730951	52.0	55.0	3.0	2	0.0	1.0	1.4142135623730951	55	0	55	0	52.75	2.25	2.25
empirical	user_msa	HORVU.MOREX.r3.6HG0571560_HORVU.MOREX.r3.6HG0571560.1	HORVU.MOREX.r3.6HG0571560_HORVU.MOREX.r3.6HG0571560.1	345	345	unique	345	345	345	0.8253588516746412	9	419	53.0	1.4142135623730951	52.0	55.0	3.0	2	0.0	1.0	1.4142135623730951	52	0	52	0	53.125	-1.125	-1.125
empirical	user_msa	TraesCS6A03G0381800_TraesCS6A03G0381800.1	TraesCS6A03G0381800_TraesCS6A03G0381800.1	345	345	unique	345	345	345	0.8253588516746412	9	419	53.0	1.4142135623730951	52.0	55.0	3.0	2	0.0	1.0	1.4142135623730951	52	0	52	0	53.125	-1.125	-1.125
empirical	user_msa	Thint.S06G201700_Thint.S06G201700.1	Thint.S06G201700_Thint.S06G201700.1	345	345	unique	345	345	345	0.8253588516746412	9	419	53.0	1.4142135623730951	52.0	55.0	3.0	2	0.0	1.0	1.4142135623730951	52	0	52	0	53.125	-1.125	-1.125
empirical	user_msa	LOC_Os02g07490_LOC_Os02g07490.1	LOC_Os02g07490_LOC_Os02g07490.1	346	346	unique	346	346	346	0.8277511961722488	9	419	36.0	0.0	36.0	36.0	0.0	1	0.0	1.0	0.0	36	0	36	0	36.0	0.0	0.0
empirical	user_msa	Oropetium_20150105_02675_Oropetium_20150105_02675A	Oropetium_20150105_02675_Oropetium_20150105_02675A	346	346	unique	346	346	346	0.8277511961722488	9	419	36.0	0.0	36.0	36.0	0.0	1	0.0	1.0	0.0	36	0	36	0	36.0	0.0	0.0
empirical	user_msa	ELECO.r07.2AG0102970_ELECO.r07.2AG0102970.1	ELECO.r07.2AG0102970_ELECO.r07.2AG0102970.1	346	346	unique	346	346	346	0.8277511961722488	9	419	36.0	0.0	36.0	36.0	0.0	1	0.0	1.0	0.0	36	0	36	0	36.0	0.0	0.0
empirical	user_msa	Phala.08G200500_Phala.08G200500.1	Phala.08G200500_Phala.08G200500.1	346	346	unique	346	346	346	0.8277511961722488	9	419	36.0	0.0	36.0	36.0	0.0	1	0.0	1.0	0.0	36	0	36	0	36.0	0.0	0.0
empirical	user_msa	Phala.08G200500_Phala.08G200500.3	Phala.08G200500_Phala.08G200500.3	346	346	unique	346	346	346	0.8277511961722488	9	419	36.0	0.0	36.0	36.0	0.0	1	0.0	1.0	0.0	36	0	36	0	36.0	0.0	0.0
empirical	user_msa	Phala.08G200500_Phala.08G200500.2	Phala.08G200500_Phala.08G200500.2	346	346	unique	346	346	346	0.8277511961722488	9	419	36.0	0.0	36.0	36.0	0.0	1	0.0	1.0	0.0	36	0	36	0	36.0	0.0	0.0
empirical	user_msa	HORVU.MOREX.r3.6HG0571560_HORVU.MOREX.r3.6HG0571560.1	HORVU.MOREX.r3.6HG0571560_HORVU.MOREX.r3.6HG0571560.1	346	346	unique	346	346	346	0.8277511961722488	9	419	36.0	0.0	36.0	36.0	0.0	1	0.0	1.0	0.0	36	0	36	0	36.0	0.0	0.0
empirical	user_msa	TraesCS6A03G0381800_TraesCS6A03G0381800.1	TraesCS6A03G0381800_TraesCS6A03G0381800.1	346	346	unique	346	346	346	0.8277511961722488	9	419	36.0	0.0	36.0	36.0	0.0	1	0.0	1.0	0.0	36	0	36	0	36.0	0.0	0.0
empirical	user_msa	Thint.S06G201700_Thint.S06G201700.1	Thint.S06G201700_Thint.S06G201700.1	346	346	unique	346	346	346	0.8277511961722488	9	419	36.0	0.0	36.0	36.0	0.0	1	0.0	1.0	0.0	36	0	36	0	36.0	0.0	0.0
empirical	user_msa	LOC_Os02g07490_LOC_Os02g07490.1	LOC_Os02g07490_LOC_Os02g07490.1	347	347	unique	347	347	347	0.8301435406698564	9	419	43.55555555555556	1.3425606637327303	42.0	45.0	3.0	3	0.0	1.0	1.3425606637327303	45	0	45	0	43.375	1.625	1.625
empirical	user_msa	Oropetium_20150105_02675_Oropetium_20150105_02675A	Oropetium_20150105_02675_Oropetium_20150105_02675A	347	347	unique	347	347	347	0.8301435406698564	9	419	43.55555555555556	1.3425606637327303	42.0	45.0	3.0	3	0.0	1.0	1.3425606637327303	45	0	45	0	43.375	1.625	1.625
empirical	user_msa	ELECO.r07.2AG0102970_ELECO.r07.2AG0102970.1	ELECO.r07.2AG0102970_ELECO.r07.2AG0102970.1	347	347	unique	347	347	347	0.8301435406698564	9	419	43.55555555555556	1.3425606637327303	42.0	45.0	3.0	3	0.0	1.0	1.3425606637327303	45	0	45	0	43.375	1.625	1.625
empirical	user_msa	Phala.08G200500_Phala.08G200500.1	Phala.08G200500_Phala.08G200500.1	347	347	unique	347	347	347	0.8301435406698564	9	419	43.55555555555556	1.3425606637327303	42.0	45.0	3.0	3	0.0	1.0	1.3425606637327303	42	0	42	0	43.75	-1.75	-1.75
empirical	user_msa	Phala.08G200500_Phala.08G200500.3	Phala.08G200500_Phala.08G200500.3	347	347	unique	347	347	347	0.8301435406698564	9	419	43.55555555555556	1.3425606637327303	42.0	45.0	3.0	3	0.0	1.0	1.3425606637327303	42	0	42	0	43.75	-1.75	-1.75
empirical	user_msa	Phala.08G200500_Phala.08G200500.2	Phala.08G200500_Phala.08G200500.2	347	347	unique	347	347	347	0.8301435406698564	9	419	43.55555555555556	1.3425606637327303	42.0	45.0	3.0	3	0.0	1.0	1.3425606637327303	42	0	42	0	43.75	-1.75	-1.75
empirical	user_msa	HORVU.MOREX.r3.6HG0571560_HORVU.MOREX.r3.6HG0571560.1	HORVU.MOREX.r3.6HG0571560_HORVU.MOREX.r3.6HG0571560.1	347	347	unique	347	347	347	0.8301435406698564	9	419	43.55555555555556	1.3425606637327303	42.0	45.0	3.0	3	0.0	1.0	1.3425606637327303	43	0	43	0	43.625	-0.625	-0.625
empirical	user_msa	TraesCS6A03G0381800_TraesCS6A03G0381800.1	TraesCS6A03G0381800_TraesCS6A03G0381800.1	347	347	unique	347	347	347	0.8301435406698564	9	419	43.55555555555556	1.3425606637327303	42.0	45.0	3.0	3	0.0	1.0	1.3425606637327303	45	0	45	0	43.375	1.625	1.625
empirical	user_msa	Thint.S06G201700_Thint.S06G201700.1	Thint.S06G201700_Thint.S06G201700.1	347	347	unique	347	347	347	0.8301435406698564	9	419	43.55555555555556	1.3425606637327303	42.0	45.0	3.0	3	0.0	1.0	1.3425606637327303	43	0	43	0	43.625	-0.625	-0.625
empirical	user_msa	LOC_Os02g07490_LOC_Os02g07490.1	LOC_Os02g07490_LOC_Os02g07490.1	348	348	unique	348	348	348	0.8325358851674641	9	419	28.0	18.83849486792639	2.0	52.0	50.0	5	0.0	1.0	18.83849486792639	38	0	38	0	26.75	11.25	11.25
empirical	user_msa	Oropetium_20150105_02675_Oropetium_20150105_02675A	Oropetium_20150105_02675_Oropetium_20150105_02675A	348	348	unique	348	348	348	0.8325358851674641	9	419	28.0	18.83849486792639	2.0	52.0	50.0	5	0.0	1.0	18.83849486792639	39	0	39	0	26.625	12.375	12.375
empirical	user_msa	ELECO.r07.2AG0102970_ELECO.r07.2AG0102970.1	ELECO.r07.2AG0102970_ELECO.r07.2AG0102970.1	348	348	unique	348	348	348	0.8325358851674641	9	419	28.0	18.83849486792639	2.0	52.0	50.0	5	0.0	1.0	18.83849486792639	41	0	41	0	26.375	14.625	14.625
empirical	user_msa	Phala.08G200500_Phala.08G200500.1	Phala.08G200500_Phala.08G200500.1	348	348	unique	348	348	348	0.8325358851674641	9	419	28.0	18.83849486792639	2.0	52.0	50.0	5	0.0	1.0	18.83849486792639	2	0	2	0	31.25	-29.25	-29.25
empirical	user_msa	Phala.08G200500_Phala.08G200500.3	Phala.08G200500_Phala.08G200500.3	348	348	unique	348	348	348	0.8325358851674641	9	419	28.0	18.83849486792639	2.0	52.0	50.0	5	0.0	1.0	18.83849486792639	2	0	2	0	31.25	-29.25	-29.25
empirical	user_msa	Phala.08G200500_Phala.08G200500.2	Phala.08G200500_Phala.08G200500.2	348	348	unique	348	348	348	0.8325358851674641	9	419	28.0	18.83849486792639	2.0	52.0	50.0	5	0.0	1.0	18.83849486792639	2	0	2	0	31.25	-29.25	-29.25
empirical	user_msa	HORVU.MOREX.r3.6HG0571560_HORVU.MOREX.r3.6HG0571560.1	HORVU.MOREX.r3.6HG0571560_HORVU.MOREX.r3.6HG0571560.1	348	348	unique	348	348	348	0.8325358851674641	9	419	28.0	18.83849486792639	2.0	52.0	50.0	5	0.0	1.0	18.83849486792639	52	0	52	0	25.0	27.0	27.0
empirical	user_msa	TraesCS6A03G0381800_TraesCS6A03G0381800.1	TraesCS6A03G0381800_TraesCS6A03G0381800.1	348	348	unique	348	348	348	0.8325358851674641	9	419	28.0	18.83849486792639	2.0	52.0	50.0	5	0.0	1.0	18.83849486792639	38	0	38	0	26.75	11.25	11.25
empirical	user_msa	Thint.S06G201700_Thint.S06G201700.1	Thint.S06G201700_Thint.S06G201700.1	348	348	unique	348	348	348	0.8325358851674641	9	419	28.0	18.83849486792639	2.0	52.0	50.0	5	0.0	1.0	18.83849486792639	38	0	38	0	26.75	11.25	11.25
empirical	user_msa	LOC_Os02g07490_LOC_Os02g07490.1	LOC_Os02g07490_LOC_Os02g07490.1	349	349	unique	349	349	349	0.8349282296650717	9	419	32.22222222222222	0.6285393610547089	31.0	33.0	2.0	3	0.0	1.0	0.6285393610547089	32	0	32	0	32.25	-0.25	-0.25
empirical	user_msa	Oropetium_20150105_02675_Oropetium_20150105_02675A	Oropetium_20150105_02675_Oropetium_20150105_02675A	349	349	unique	349	349	349	0.8349282296650717	9	419	32.22222222222222	0.6285393610547089	31.0	33.0	2.0	3	0.0	1.0	0.6285393610547089	31	0	31	0	32.375	-1.375	-1.375
empirical	user_msa	ELECO.r07.2AG0102970_ELECO.r07.2AG0102970.1	ELECO.r07.2AG0102970_ELECO.r07.2AG0102970.1	349	349	unique	349	349	349	0.8349282296650717	9	419	32.22222222222222	0.6285393610547089	31.0	33.0	2.0	3	0.0	1.0	0.6285393610547089	32	0	32	0	32.25	-0.25	-0.25
empirical	user_msa	Phala.08G200500_Phala.08G200500.1	Phala.08G200500_Phala.08G200500.1	349	349	unique	349	349	349	0.8349282296650717	9	419	32.22222222222222	0.6285393610547089	31.0	33.0	2.0	3	0.0	1.0	0.6285393610547089	33	0	33	0	32.125	0.875	0.875
empirical	user_msa	Phala.08G200500_Phala.08G200500.3	Phala.08G200500_Phala.08G200500.3	349	349	unique	349	349	349	0.8349282296650717	9	419	32.22222222222222	0.6285393610547089	31.0	33.0	2.0	3	0.0	1.0	0.6285393610547089	33	0	33	0	32.125	0.875	0.875
empirical	user_msa	Phala.08G200500_Phala.08G200500.2	Phala.08G200500_Phala.08G200500.2	349	349	unique	349	349	349	0.8349282296650717	9	419	32.22222222222222	0.6285393610547089	31.0	33.0	2.0	3	0.0	1.0	0.6285393610547089	33	0	33	0	32.125	0.875	0.875
empirical	user_msa	HORVU.MOREX.r3.6HG0571560_HORVU.MOREX.r3.6HG0571560.1	HORVU.MOREX.r3.6HG0571560_HORVU.MOREX.r3.6HG0571560.1	349	349	unique	349	349	349	0.8349282296650717	9	419	32.22222222222222	0.6285393610547089	31.0	33.0	2.0	3	0.0	1.0	0.6285393610547089	32	0	32	0	32.25	-0.25	-0.25
empirical	user_msa	TraesCS6A03G0381800_TraesCS6A03G0381800.1	TraesCS6A03G0381800_TraesCS6A03G0381800.1	349	349	unique	349	349	349	0.8349282296650717	9	419	32.22222222222222	0.6285393610547089	31.0	33.0	2.0	3	0.0	1.0	0.6285393610547089	32	0	32	0	32.25	-0.25	-0.25
empirical	user_msa	Thint.S06G201700_Thint.S06G201700.1	Thint.S06G201700_Thint.S06G201700.1	349	349	unique	349	349	349	0.8349282296650717	9	419	32.22222222222222	0.6285393610547089	31.0	33.0	2.0	3	0.0	1.0	0.6285393610547089	32	0	32	0	32.25	-0.25	-0.25
empirical	user_msa	LOC_Os02g07490_LOC_Os02g07490.1	LOC_Os02g07490_LOC_Os02g07490.1	350	350	unique	350	350	350	0.8373205741626795	9	419	2.2222222222222223	0.628539361054709	2.0	4.0	2.0	2	0.0	1.0	0.628539361054709	2	0	2	0	2.25	-0.25	-0.25
empirical	user_msa	Oropetium_20150105_02675_Oropetium_20150105_02675A	Oropetium_20150105_02675_Oropetium_20150105_02675A	350	350	unique	350	350	350	0.8373205741626795	9	419	2.2222222222222223	0.628539361054709	2.0	4.0	2.0	2	0.0	1.0	0.628539361054709	4	0	4	0	2.0	2.0	2.0
empirical	user_msa	ELECO.r07.2AG0102970_ELECO.r07.2AG0102970.1	ELECO.r07.2AG0102970_ELECO.r07.2AG0102970.1	350	350	unique	350	350	350	0.8373205741626795	9	419	2.2222222222222223	0.628539361054709	2.0	4.0	2.0	2	0.0	1.0	0.628539361054709	2	0	2	0	2.25	-0.25	-0.25
empirical	user_msa	Phala.08G200500_Phala.08G200500.1	Phala.08G200500_Phala.08G200500.1	350	350	unique	350	350	350	0.8373205741626795	9	419	2.2222222222222223	0.628539361054709	2.0	4.0	2.0	2	0.0	1.0	0.628539361054709	2	0	2	0	2.25	-0.25	-0.25
empirical	user_msa	Phala.08G200500_Phala.08G200500.3	Phala.08G200500_Phala.08G200500.3	350	350	unique	350	350	350	0.8373205741626795	9	419	2.2222222222222223	0.628539361054709	2.0	4.0	2.0	2	0.0	1.0	0.628539361054709	2	0	2	0	2.25	-0.25	-0.25
empirical	user_msa	Phala.08G200500_Phala.08G200500.2	Phala.08G200500_Phala.08G200500.2	350	350	unique	350	350	350	0.8373205741626795	9	419	2.2222222222222223	0.628539361054709	2.0	4.0	2.0	2	0.0	1.0	0.628539361054709	2	0	2	0	2.25	-0.25	-0.25
empirical	user_msa	HORVU.MOREX.r3.6HG0571560_HORVU.MOREX.r3.6HG0571560.1	HORVU.MOREX.r3.6HG0571560_HORVU.MOREX.r3.6HG0571560.1	350	350	unique	350	350	350	0.8373205741626795	9	419	2.2222222222222223	0.628539361054709	2.0	4.0	2.0	2	0.0	1.0	0.628539361054709	2	0	2	0	2.25	-0.25	-0.25
empirical	user_msa	TraesCS6A03G0381800_TraesCS6A03G0381800.1	TraesCS6A03G0381800_TraesCS6A03G0381800.1	350	350	unique	350	350	350	0.8373205741626795	9	419	2.2222222222222223	0.628539361054709	2.0	4.0	2.0	2	0.0	1.0	0.628539361054709	2	0	2	0	2.25	-0.25	-0.25
empirical	user_msa	Thint.S06G201700_Thint.S06G201700.1	Thint.S06G201700_Thint.S06G201700.1	350	350	unique	350	350	350	0.8373205741626795	9	419	2.2222222222222223	0.628539361054709	2.0	4.0	2.0	2	0.0	1.0	0.628539361054709	2	0	2	0	2.25	-0.25	-0.25
empirical	user_msa	LOC_Os02g07490_LOC_Os02g07490.1	LOC_Os02g07490_LOC_Os02g07490.1	351	351	unique	351	351	351	0.8397129186602871	9	419	43.111111111111114	1.0999438818457405	42.0	45.0	3.0	3	0.0	1.0	1.0999438818457405	45	0	45	0	42.875	2.125	2.125
empirical	user_msa	Oropetium_20150105_02675_Oropetium_20150105_02675A	Oropetium_20150105_02675_Oropetium_20150105_02675A	351	351	unique	351	351	351	0.8397129186602871	9	419	43.111111111111114	1.0999438818457405	42.0	45.0	3.0	3	0.0	1.0	1.0999438818457405	43	0	43	0	43.125	-0.125	-0.125
empirical	user_msa	ELECO.r07.2AG0102970_ELECO.r07.2AG0102970.1	ELECO.r07.2AG0102970_ELECO.r07.2AG0102970.1	351	351	unique	351	351	351	0.8397129186602871	9	419	43.111111111111114	1.0999438818457405	42.0	45.0	3.0	3	0.0	1.0	1.0999438818457405	45	0	45	0	42.875	2.125	2.125
empirical	user_msa	Phala.08G200500_Phala.08G200500.1	Phala.08G200500_Phala.08G200500.1	351	351	unique	351	351	351	0.8397129186602871	9	419	43.111111111111114	1.0999438818457405	42.0	45.0	3.0	3	0.0	1.0	1.0999438818457405	42	0	42	0	43.25	-1.25	-1.25
empirical	user_msa	Phala.08G200500_Phala.08G200500.3	Phala.08G200500_Phala.08G200500.3	351	351	unique	351	351	351	0.8397129186602871	9	419	43.111111111111114	1.0999438818457405	42.0	45.0	3.0	3	0.0	1.0	1.0999438818457405	42	0	42	0	43.25	-1.25	-1.25
empirical	user_msa	Phala.08G200500_Phala.08G200500.2	Phala.08G200500_Phala.08G200500.2	351	351	unique	351	351	351	0.8397129186602871	9	419	43.111111111111114	1.0999438818457405	42.0	45.0	3.0	3	0.0	1.0	1.0999438818457405	42	0	42	0	43.25	-1.25	-1.25
empirical	user_msa	HORVU.MOREX.r3.6HG0571560_HORVU.MOREX.r3.6HG0571560.1	HORVU.MOREX.r3.6HG0571560_HORVU.MOREX.r3.6HG0571560.1	351	351	unique	351	351	351	0.8397129186602871	9	419	43.111111111111114	1.0999438818457405	42.0	45.0	3.0	3	0.0	1.0	1.0999438818457405	43	0	43	0	43.125	-0.125	-0.125
empirical	user_msa	TraesCS6A03G0381800_TraesCS6A03G0381800.1	TraesCS6A03G0381800_TraesCS6A03G0381800.1	351	351	unique	351	351	351	0.8397129186602871	9	419	43.111111111111114	1.0999438818457405	42.0	45.0	3.0	3	0.0	1.0	1.0999438818457405	43	0	43	0	43.125	-0.125	-0.125
empirical	user_msa	Thint.S06G201700_Thint.S06G201700.1	Thint.S06G201700_Thint.S06G201700.1	351	351	unique	351	351	351	0.8397129186602871	9	419	43.111111111111114	1.0999438818457405	42.0	45.0	3.0	3	0.0	1.0	1.0999438818457405	43	0	43	0	43.125	-0.125	-0.125
empirical	user_msa	LOC_Os02g07490_LOC_Os02g07490.1	LOC_Os02g07490_LOC_Os02g07490.1	352	352	unique	352	352	352	0.8421052631578947	9	419	17.0	0.0	17.0	17.0	0.0	1	0.0	1.0	0.0	17	0	17	0	17.0	0.0	0.0
empirical	user_msa	Oropetium_20150105_02675_Oropetium_20150105_02675A	Oropetium_20150105_02675_Oropetium_20150105_02675A	352	352	unique	352	352	352	0.8421052631578947	9	419	17.0	0.0	17.0	17.0	0.0	1	0.0	1.0	0.0	17	0	17	0	17.0	0.0	0.0
empirical	user_msa	ELECO.r07.2AG0102970_ELECO.r07.2AG0102970.1	ELECO.r07.2AG0102970_ELECO.r07.2AG0102970.1	352	352	unique	352	352	352	0.8421052631578947	9	419	17.0	0.0	17.0	17.0	0.0	1	0.0	1.0	0.0	17	0	17	0	17.0	0.0	0.0
empirical	user_msa	Phala.08G200500_Phala.08G200500.1	Phala.08G200500_Phala.08G200500.1	352	352	unique	352	352	352	0.8421052631578947	9	419	17.0	0.0	17.0	17.0	0.0	1	0.0	1.0	0.0	17	0	17	0	17.0	0.0	0.0
empirical	user_msa	Phala.08G200500_Phala.08G200500.3	Phala.08G200500_Phala.08G200500.3	352	352	unique	352	352	352	0.8421052631578947	9	419	17.0	0.0	17.0	17.0	0.0	1	0.0	1.0	0.0	17	0	17	0	17.0	0.0	0.0
empirical	user_msa	Phala.08G200500_Phala.08G200500.2	Phala.08G200500_Phala.08G200500.2	352	352	unique	352	352	352	0.8421052631578947	9	419	17.0	0.0	17.0	17.0	0.0	1	0.0	1.0	0.0	17	0	17	0	17.0	0.0	0.0
empirical	user_msa	HORVU.MOREX.r3.6HG0571560_HORVU.MOREX.r3.6HG0571560.1	HORVU.MOREX.r3.6HG0571560_HORVU.MOREX.r3.6HG0571560.1	352	352	unique	352	352	352	0.8421052631578947	9	419	17.0	0.0	17.0	17.0	0.0	1	0.0	1.0	0.0	17	0	17	0	17.0	0.0	0.0
empirical	user_msa	TraesCS6A03G0381800_TraesCS6A03G0381800.1	TraesCS6A03G0381800_TraesCS6A03G0381800.1	352	352	unique	352	352	352	0.8421052631578947	9	419	17.0	0.0	17.0	17.0	0.0	1	0.0	1.0	0.0	17	0	17	0	17.0	0.0	0.0
empirical	user_msa	Thint.S06G201700_Thint.S06G201700.1	Thint.S06G201700_Thint.S06G201700.1	352	352	unique	352	352	352	0.8421052631578947	9	419	17.0	0.0	17.0	17.0	0.0	1	0.0	1.0	0.0	17	0	17	0	17.0	0.0	0.0
empirical	user_msa	LOC_Os02g07490_LOC_Os02g07490.1	LOC_Os02g07490_LOC_Os02g07490.1	353	353	unique	353	353	353	0.8444976076555024	9	419	40.888888888888886	13.345364941885206	30.0	61.0	31.0	4	0.0	1.0	13.345364941885206	30	0	30	0	42.25	-12.25	-12.25
empirical	user_msa	Oropetium_20150105_02675_Oropetium_20150105_02675A	Oropetium_20150105_02675_Oropetium_20150105_02675A	353	353	unique	353	353	353	0.8444976076555024	9	419	40.888888888888886	13.345364941885206	30.0	61.0	31.0	4	0.0	1.0	13.345364941885206	61	0	61	0	38.375	22.625	22.625
empirical	user_msa	ELECO.r07.2AG0102970_ELECO.r07.2AG0102970.1	ELECO.r07.2AG0102970_ELECO.r07.2AG0102970.1	353	353	unique	353	353	353	0.8444976076555024	9	419	40.888888888888886	13.345364941885206	30.0	61.0	31.0	4	0.0	1.0	13.345364941885206	30	0	30	0	42.25	-12.25	-12.25
empirical	user_msa	Phala.08G200500_Phala.08G200500.1	Phala.08G200500_Phala.08G200500.1	353	353	unique	353	353	353	0.8444976076555024	9	419	40.888888888888886	13.345364941885206	30.0	61.0	31.0	4	0.0	1.0	13.345364941885206	33	0	33	0	41.875	-8.875	-8.875
empirical	user_msa	Phala.08G200500_Phala.08G200500.3	Phala.08G200500_Phala.08G200500.3	353	353	unique	353	353	353	0.8444976076555024	9	419	40.888888888888886	13.345364941885206	30.0	61.0	31.0	4	0.0	1.0	13.345364941885206	33	0	33	0	41.875	-8.875	-8.875
empirical	user_msa	Phala.08G200500_Phala.08G200500.2	Phala.08G200500_Phala.08G200500.2	353	353	unique	353	353	353	0.8444976076555024	9	419	40.888888888888886	13.345364941885206	30.0	61.0	31.0	4	0.0	1.0	13.345364941885206	33	0	33	0	41.875	-8.875	-8.875
empirical	user_msa	HORVU.MOREX.r3.6HG0571560_HORVU.MOREX.r3.6HG0571560.1	HORVU.MOREX.r3.6HG0571560_HORVU.MOREX.r3.6HG0571560.1	353	353	unique	353	353	353	0.8444976076555024	9	419	40.888888888888886	13.345364941885206	30.0	61.0	31.0	4	0.0	1.0	13.345364941885206	59	0	59	0	38.625	20.375	20.375
empirical	user_msa	TraesCS6A03G0381800_TraesCS6A03G0381800.1	TraesCS6A03G0381800_TraesCS6A03G0381800.1	353	353	unique	353	353	353	0.8444976076555024	9	419	40.888888888888886	13.345364941885206	30.0	61.0	31.0	4	0.0	1.0	13.345364941885206	59	0	59	0	38.625	20.375	20.375
empirical	user_msa	Thint.S06G201700_Thint.S06G201700.1	Thint.S06G201700_Thint.S06G201700.1	353	353	unique	353	353	353	0.8444976076555024	9	419	40.888888888888886	13.345364941885206	30.0	61.0	31.0	4	0.0	1.0	13.345364941885206	30	0	30	0	42.25	-12.25	-12.25
empirical	user_msa	LOC_Os02g07490_LOC_Os02g07490.1	LOC_Os02g07490_LOC_Os02g07490.1	354	354	unique	354	354	354	0.84688995215311	9	419	43.111111111111114	1.0999438818457405	42.0	45.0	3.0	3	0.0	1.0	1.0999438818457405	45	0	45	0	42.875	2.125	2.125
empirical	user_msa	Oropetium_20150105_02675_Oropetium_20150105_02675A	Oropetium_20150105_02675_Oropetium_20150105_02675A	354	354	unique	354	354	354	0.84688995215311	9	419	43.111111111111114	1.0999438818457405	42.0	45.0	3.0	3	0.0	1.0	1.0999438818457405	45	0	45	0	42.875	2.125	2.125
empirical	user_msa	ELECO.r07.2AG0102970_ELECO.r07.2AG0102970.1	ELECO.r07.2AG0102970_ELECO.r07.2AG0102970.1	354	354	unique	354	354	354	0.84688995215311	9	419	43.111111111111114	1.0999438818457405	42.0	45.0	3.0	3	0.0	1.0	1.0999438818457405	43	0	43	0	43.125	-0.125	-0.125
empirical	user_msa	Phala.08G200500_Phala.08G200500.1	Phala.08G200500_Phala.08G200500.1	354	354	unique	354	354	354	0.84688995215311	9	419	43.111111111111114	1.0999438818457405	42.0	45.0	3.0	3	0.0	1.0	1.0999438818457405	42	0	42	0	43.25	-1.25	-1.25
empirical	user_msa	Phala.08G200500_Phala.08G200500.3	Phala.08G200500_Phala.08G200500.3	354	354	unique	354	354	354	0.84688995215311	9	419	43.111111111111114	1.0999438818457405	42.0	45.0	3.0	3	0.0	1.0	1.0999438818457405	42	0	42	0	43.25	-1.25	-1.25
empirical	user_msa	Phala.08G200500_Phala.08G200500.2	Phala.08G200500_Phala.08G200500.2	354	354	unique	354	354	354	0.84688995215311	9	419	43.111111111111114	1.0999438818457405	42.0	45.0	3.0	3	0.0	1.0	1.0999438818457405	42	0	42	0	43.25	-1.25	-1.25
empirical	user_msa	HORVU.MOREX.r3.6HG0571560_HORVU.MOREX.r3.6HG0571560.1	HORVU.MOREX.r3.6HG0571560_HORVU.MOREX.r3.6HG0571560.1	354	354	unique	354	354	354	0.84688995215311	9	419	43.111111111111114	1.0999438818457405	42.0	45.0	3.0	3	0.0	1.0	1.0999438818457405	43	0	43	0	43.125	-0.125	-0.125
empirical	user_msa	TraesCS6A03G0381800_TraesCS6A03G0381800.1	TraesCS6A03G0381800_TraesCS6A03G0381800.1	354	354	unique	354	354	354	0.84688995215311	9	419	43.111111111111114	1.0999438818457405	42.0	45.0	3.0	3	0.0	1.0	1.0999438818457405	43	0	43	0	43.125	-0.125	-0.125
empirical	user_msa	Thint.S06G201700_Thint.S06G201700.1	Thint.S06G201700_Thint.S06G201700.1	354	354	unique	354	354	354	0.84688995215311	9	419	43.111111111111114	1.0999438818457405	42.0	45.0	3.0	3	0.0	1.0	1.0999438818457405	43	0	43	0	43.125	-0.125	-0.125
empirical	user_msa	LOC_Os02g07490_LOC_Os02g07490.1	LOC_Os02g07490_LOC_Os02g07490.1	355	355	unique	355	355	355	0.8492822966507177	9	419	50.333333333333336	0.4714045207910317	50.0	51.0	1.0	2	0.0	1.0	0.4714045207910317	50	0	50	0	50.375	-0.375	-0.375
empirical	user_msa	Oropetium_20150105_02675_Oropetium_20150105_02675A	Oropetium_20150105_02675_Oropetium_20150105_02675A	355	355	unique	355	355	355	0.8492822966507177	9	419	50.333333333333336	0.4714045207910317	50.0	51.0	1.0	2	0.0	1.0	0.4714045207910317	50	0	50	0	50.375	-0.375	-0.375
empirical	user_msa	ELECO.r07.2AG0102970_ELECO.r07.2AG0102970.1	ELECO.r07.2AG0102970_ELECO.r07.2AG0102970.1	355	355	unique	355	355	355	0.8492822966507177	9	419	50.333333333333336	0.4714045207910317	50.0	51.0	1.0	2	0.0	1.0	0.4714045207910317	50	0	50	0	50.375	-0.375	-0.375
empirical	user_msa	Phala.08G200500_Phala.08G200500.1	Phala.08G200500_Phala.08G200500.1	355	355	unique	355	355	355	0.8492822966507177	9	419	50.333333333333336	0.4714045207910317	50.0	51.0	1.0	2	0.0	1.0	0.4714045207910317	51	0	51	0	50.25	0.75	0.75
empirical	user_msa	Phala.08G200500_Phala.08G200500.3	Phala.08G200500_Phala.08G200500.3	355	355	unique	355	355	355	0.8492822966507177	9	419	50.333333333333336	0.4714045207910317	50.0	51.0	1.0	2	0.0	1.0	0.4714045207910317	51	0	51	0	50.25	0.75	0.75
empirical	user_msa	Phala.08G200500_Phala.08G200500.2	Phala.08G200500_Phala.08G200500.2	355	355	unique	355	355	355	0.8492822966507177	9	419	50.333333333333336	0.4714045207910317	50.0	51.0	1.0	2	0.0	1.0	0.4714045207910317	51	0	51	0	50.25	0.75	0.75
empirical	user_msa	HORVU.MOREX.r3.6HG0571560_HORVU.MOREX.r3.6HG0571560.1	HORVU.MOREX.r3.6HG0571560_HORVU.MOREX.r3.6HG0571560.1	355	355	unique	355	355	355	0.8492822966507177	9	419	50.333333333333336	0.4714045207910317	50.0	51.0	1.0	2	0.0	1.0	0.4714045207910317	50	0	50	0	50.375	-0.375	-0.375
empirical	user_msa	TraesCS6A03G0381800_TraesCS6A03G0381800.1	TraesCS6A03G0381800_TraesCS6A03G0381800.1	355	355	unique	355	355	355	0.8492822966507177	9	419	50.333333333333336	0.4714045207910317	50.0	51.0	1.0	2	0.0	1.0	0.4714045207910317	50	0	50	0	50.375	-0.375	-0.375
empirical	user_msa	Thint.S06G201700_Thint.S06G201700.1	Thint.S06G201700_Thint.S06G201700.1	355	355	unique	355	355	355	0.8492822966507177	9	419	50.333333333333336	0.4714045207910317	50.0	51.0	1.0	2	0.0	1.0	0.4714045207910317	50	0	50	0	50.375	-0.375	-0.375
empirical	user_msa	LOC_Os02g07490_LOC_Os02g07490.1	LOC_Os02g07490_LOC_Os02g07490.1	356	356	unique	356	356	356	0.8516746411483254	9	419	25.11111111111111	21.36687178499799	6.0	49.0	43.0	2	0.0	1.0	21.36687178499799	6	0	6	0	27.5	-21.5	-21.5
empirical	user_msa	Oropetium_20150105_02675_Oropetium_20150105_02675A	Oropetium_20150105_02675_Oropetium_20150105_02675A	356	356	unique	356	356	356	0.8516746411483254	9	419	25.11111111111111	21.36687178499799	6.0	49.0	43.0	2	0.0	1.0	21.36687178499799	49	0	49	0	22.125	26.875	26.875
empirical	user_msa	ELECO.r07.2AG0102970_ELECO.r07.2AG0102970.1	ELECO.r07.2AG0102970_ELECO.r07.2AG0102970.1	356	356	unique	356	356	356	0.8516746411483254	9	419	25.11111111111111	21.36687178499799	6.0	49.0	43.0	2	0.0	1.0	21.36687178499799	6	0	6	0	27.5	-21.5	-21.5
empirical	user_msa	Phala.08G200500_Phala.08G200500.1	Phala.08G200500_Phala.08G200500.1	356	356	unique	356	356	356	0.8516746411483254	9	419	25.11111111111111	21.36687178499799	6.0	49.0	43.0	2	0.0	1.0	21.36687178499799	49	0	49	0	22.125	26.875	26.875
empirical	user_msa	Phala.08G200500_Phala.08G200500.3	Phala.08G200500_Phala.08G200500.3	356	356	unique	356	356	356	0.8516746411483254	9	419	25.11111111111111	21.36687178499799	6.0	49.0	43.0	2	0.0	1.0	21.36687178499799	49	0	49	0	22.125	26.875	26.875
empirical	user_msa	Phala.08G200500_Phala.08G200500.2	Phala.08G200500_Phala.08G200500.2	356	356	unique	356	356	356	0.8516746411483254	9	419	25.11111111111111	21.36687178499799	6.0	49.0	43.0	2	0.0	1.0	21.36687178499799	49	0	49	0	22.125	26.875	26.875
empirical	user_msa	HORVU.MOREX.r3.6HG0571560_HORVU.MOREX.r3.6HG0571560.1	HORVU.MOREX.r3.6HG0571560_HORVU.MOREX.r3.6HG0571560.1	356	356	unique	356	356	356	0.8516746411483254	9	419	25.11111111111111	21.36687178499799	6.0	49.0	43.0	2	0.0	1.0	21.36687178499799	6	0	6	0	27.5	-21.5	-21.5
empirical	user_msa	TraesCS6A03G0381800_TraesCS6A03G0381800.1	TraesCS6A03G0381800_TraesCS6A03G0381800.1	356	356	unique	356	356	356	0.8516746411483254	9	419	25.11111111111111	21.36687178499799	6.0	49.0	43.0	2	0.0	1.0	21.36687178499799	6	0	6	0	27.5	-21.5	-21.5
empirical	user_msa	Thint.S06G201700_Thint.S06G201700.1	Thint.S06G201700_Thint.S06G201700.1	356	356	unique	356	356	356	0.8516746411483254	9	419	25.11111111111111	21.36687178499799	6.0	49.0	43.0	2	0.0	1.0	21.36687178499799	6	0	6	0	27.5	-21.5	-21.5
empirical	user_msa	LOC_Os02g07490_LOC_Os02g07490.1	LOC_Os02g07490_LOC_Os02g07490.1	357	357	unique	357	357	357	0.854066985645933	9	419	36.666666666666664	0.6666666666666666	35.0	37.0	2.0	3	0.0	1.0	0.6666666666666666	37	0	37	0	36.625	0.375	0.375
empirical	user_msa	Oropetium_20150105_02675_Oropetium_20150105_02675A	Oropetium_20150105_02675_Oropetium_20150105_02675A	357	357	unique	357	357	357	0.854066985645933	9	419	36.666666666666664	0.6666666666666666	35.0	37.0	2.0	3	0.0	1.0	0.6666666666666666	36	0	36	0	36.75	-0.75	-0.75
empirical	user_msa	ELECO.r07.2AG0102970_ELECO.r07.2AG0102970.1	ELECO.r07.2AG0102970_ELECO.r07.2AG0102970.1	357	357	unique	357	357	357	0.854066985645933	9	419	36.666666666666664	0.6666666666666666	35.0	37.0	2.0	3	0.0	1.0	0.6666666666666666	37	0	37	0	36.625	0.375	0.375
empirical	user_msa	Phala.08G200500_Phala.08G200500.1	Phala.08G200500_Phala.08G200500.1	357	357	unique	357	357	357	0.854066985645933	9	419	36.666666666666664	0.6666666666666666	35.0	37.0	2.0	3	0.0	1.0	0.6666666666666666	37	0	37	0	36.625	0.375	0.375
empirical	user_msa	Phala.08G200500_Phala.08G200500.3	Phala.08G200500_Phala.08G200500.3	357	357	unique	357	357	357	0.854066985645933	9	419	36.666666666666664	0.6666666666666666	35.0	37.0	2.0	3	0.0	1.0	0.6666666666666666	37	0	37	0	36.625	0.375	0.375
empirical	user_msa	Phala.08G200500_Phala.08G200500.2	Phala.08G200500_Phala.08G200500.2	357	357	unique	357	357	357	0.854066985645933	9	419	36.666666666666664	0.6666666666666666	35.0	37.0	2.0	3	0.0	1.0	0.6666666666666666	37	0	37	0	36.625	0.375	0.375
empirical	user_msa	HORVU.MOREX.r3.6HG0571560_HORVU.MOREX.r3.6HG0571560.1	HORVU.MOREX.r3.6HG0571560_HORVU.MOREX.r3.6HG0571560.1	357	357	unique	357	357	357	0.854066985645933	9	419	36.666666666666664	0.6666666666666666	35.0	37.0	2.0	3	0.0	1.0	0.6666666666666666	35	0	35	0	36.875	-1.875	-1.875
empirical	user_msa	TraesCS6A03G0381800_TraesCS6A03G0381800.1	TraesCS6A03G0381800_TraesCS6A03G0381800.1	357	357	unique	357	357	357	0.854066985645933	9	419	36.666666666666664	0.6666666666666666	35.0	37.0	2.0	3	0.0	1.0	0.6666666666666666	37	0	37	0	36.625	0.375	0.375
empirical	user_msa	Thint.S06G201700_Thint.S06G201700.1	Thint.S06G201700_Thint.S06G201700.1	357	357	unique	357	357	357	0.854066985645933	9	419	36.666666666666664	0.6666666666666666	35.0	37.0	2.0	3	0.0	1.0	0.6666666666666666	37	0	37	0	36.625	0.375	0.375
empirical	user_msa	LOC_Os02g07490_LOC_Os02g07490.1	LOC_Os02g07490_LOC_Os02g07490.1	358	358	unique	358	358	358	0.8564593301435407	9	419	35.333333333333336	0.9428090415820634	34.0	36.0	2.0	2	0.0	1.0	0.9428090415820634	36	0	36	0	35.25	0.75	0.75
empirical	user_msa	Oropetium_20150105_02675_Oropetium_20150105_02675A	Oropetium_20150105_02675_Oropetium_20150105_02675A	358	358	unique	358	358	358	0.8564593301435407	9	419	35.333333333333336	0.9428090415820634	34.0	36.0	2.0	2	0.0	1.0	0.9428090415820634	36	0	36	0	35.25	0.75	0.75
empirical	user_msa	ELECO.r07.2AG0102970_ELECO.r07.2AG0102970.1	ELECO.r07.2AG0102970_ELECO.r07.2AG0102970.1	358	358	unique	358	358	358	0.8564593301435407	9	419	35.333333333333336	0.9428090415820634	34.0	36.0	2.0	2	0.0	1.0	0.9428090415820634	36	0	36	0	35.25	0.75	0.75
empirical	user_msa	Phala.08G200500_Phala.08G200500.1	Phala.08G200500_Phala.08G200500.1	358	358	unique	358	358	358	0.8564593301435407	9	419	35.333333333333336	0.9428090415820634	34.0	36.0	2.0	2	0.0	1.0	0.9428090415820634	34	0	34	0	35.5	-1.5	-1.5
empirical	user_msa	Phala.08G200500_Phala.08G200500.3	Phala.08G200500_Phala.08G200500.3	358	358	unique	358	358	358	0.8564593301435407	9	419	35.333333333333336	0.9428090415820634	34.0	36.0	2.0	2	0.0	1.0	0.9428090415820634	34	0	34	0	35.5	-1.5	-1.5
empirical	user_msa	Phala.08G200500_Phala.08G200500.2	Phala.08G200500_Phala.08G200500.2	358	358	unique	358	358	358	0.8564593301435407	9	419	35.333333333333336	0.9428090415820634	34.0	36.0	2.0	2	0.0	1.0	0.9428090415820634	34	0	34	0	35.5	-1.5	-1.5
empirical	user_msa	HORVU.MOREX.r3.6HG0571560_HORVU.MOREX.r3.6HG0571560.1	HORVU.MOREX.r3.6HG0571560_HORVU.MOREX.r3.6HG0571560.1	358	358	unique	358	358	358	0.8564593301435407	9	419	35.333333333333336	0.9428090415820634	34.0	36.0	2.0	2	0.0	1.0	0.9428090415820634	36	0	36	0	35.25	0.75	0.75
empirical	user_msa	TraesCS6A03G0381800_TraesCS6A03G0381800.1	TraesCS6A03G0381800_TraesCS6A03G0381800.1	358	358	unique	358	358	358	0.8564593301435407	9	419	35.333333333333336	0.9428090415820634	34.0	36.0	2.0	2	0.0	1.0	0.9428090415820634	36	0	36	0	35.25	0.75	0.75
empirical	user_msa	Thint.S06G201700_Thint.S06G201700.1	Thint.S06G201700_Thint.S06G201700.1	358	358	unique	358	358	358	0.8564593301435407	9	419	35.333333333333336	0.9428090415820634	34.0	36.0	2.0	2	0.0	1.0	0.9428090415820634	36	0	36	0	35.25	0.75	0.75
empirical	user_msa	LOC_Os02g07490_LOC_Os02g07490.1	LOC_Os02g07490_LOC_Os02g07490.1	359	359	unique	359	359	359	0.8588516746411483	9	419	36.77777777777778	0.628539361054709	35.0	37.0	2.0	2	0.0	1.0	0.628539361054709	37	0	37	0	36.75	0.25	0.25
empirical	user_msa	Oropetium_20150105_02675_Oropetium_20150105_02675A	Oropetium_20150105_02675_Oropetium_20150105_02675A	359	359	unique	359	359	359	0.8588516746411483	9	419	36.77777777777778	0.628539361054709	35.0	37.0	2.0	2	0.0	1.0	0.628539361054709	35	0	35	0	37.0	-2.0	-2.0
empirical	user_msa	ELECO.r07.2AG0102970_ELECO.r07.2AG0102970.1	ELECO.r07.2AG0102970_ELECO.r07.2AG0102970.1	359	359	unique	359	359	359	0.8588516746411483	9	419	36.77777777777778	0.628539361054709	35.0	37.0	2.0	2	0.0	1.0	0.628539361054709	37	0	37	0	36.75	0.25	0.25
empirical	user_msa	Phala.08G200500_Phala.08G200500.1	Phala.08G200500_Phala.08G200500.1	359	359	unique	359	359	359	0.8588516746411483	9	419	36.77777777777778	0.628539361054709	35.0	37.0	2.0	2	0.0	1.0	0.628539361054709	37	0	37	0	36.75	0.25	0.25
empirical	user_msa	Phala.08G200500_Phala.08G200500.3	Phala.08G200500_Phala.08G200500.3	359	359	unique	359	359	359	0.8588516746411483	9	419	36.77777777777778	0.628539361054709	35.0	37.0	2.0	2	0.0	1.0	0.628539361054709	37	0	37	0	36.75	0.25	0.25
empirical	user_msa	Phala.08G200500_Phala.08G200500.2	Phala.08G200500_Phala.08G200500.2	359	359	unique	359	359	359	0.8588516746411483	9	419	36.77777777777778	0.628539361054709	35.0	37.0	2.0	2	0.0	1.0	0.628539361054709	37	0	37	0	36.75	0.25	0.25
empirical	user_msa	HORVU.MOREX.r3.6HG0571560_HORVU.MOREX.r3.6HG0571560.1	HORVU.MOREX.r3.6HG0571560_HORVU.MOREX.r3.6HG0571560.1	359	359	unique	359	359	359	0.8588516746411483	9	419	36.77777777777778	0.628539361054709	35.0	37.0	2.0	2	0.0	1.0	0.628539361054709	37	0	37	0	36.75	0.25	0.25
empirical	user_msa	TraesCS6A03G0381800_TraesCS6A03G0381800.1	TraesCS6A03G0381800_TraesCS6A03G0381800.1	359	359	unique	359	359	359	0.8588516746411483	9	419	36.77777777777778	0.628539361054709	35.0	37.0	2.0	2	0.0	1.0	0.628539361054709	37	0	37	0	36.75	0.25	0.25
empirical	user_msa	Thint.S06G201700_Thint.S06G201700.1	Thint.S06G201700_Thint.S06G201700.1	359	359	unique	359	359	359	0.8588516746411483	9	419	36.77777777777778	0.628539361054709	35.0	37.0	2.0	2	0.0	1.0	0.628539361054709	37	0	37	0	36.75	0.25	0.25
empirical	user_msa	LOC_Os02g07490_LOC_Os02g07490.1	LOC_Os02g07490_LOC_Os02g07490.1	360	360	unique	360	360	360	0.861244019138756	9	419	50.77777777777778	8.586524038382958	33.0	61.0	28.0	4	0.0	1.0	8.586524038382958	48	0	48	0	51.125	-3.125	-3.125
empirical	user_msa	Oropetium_20150105_02675_Oropetium_20150105_02675A	Oropetium_20150105_02675_Oropetium_20150105_02675A	360	360	unique	360	360	360	0.861244019138756	9	419	50.77777777777778	8.586524038382958	33.0	61.0	28.0	4	0.0	1.0	8.586524038382958	33	0	33	0	53.0	-20.0	-20.0
empirical	user_msa	ELECO.r07.2AG0102970_ELECO.r07.2AG0102970.1	ELECO.r07.2AG0102970_ELECO.r07.2AG0102970.1	360	360	unique	360	360	360	0.861244019138756	9	419	50.77777777777778	8.586524038382958	33.0	61.0	28.0	4	0.0	1.0	8.586524038382958	49	0	49	0	51.0	-2.0	-2.0
empirical	user_msa	Phala.08G200500_Phala.08G200500.1	Phala.08G200500_Phala.08G200500.1	360	360	unique	360	360	360	0.861244019138756	9	419	50.77777777777778	8.586524038382958	33.0	61.0	28.0	4	0.0	1.0	8.586524038382958	61	0	61	0	49.5	11.5	11.5
empirical	user_msa	Phala.08G200500_Phala.08G200500.3	Phala.08G200500_Phala.08G200500.3	360	360	unique	360	360	360	0.861244019138756	9	419	50.77777777777778	8.586524038382958	33.0	61.0	28.0	4	0.0	1.0	8.586524038382958	61	0	61	0	49.5	11.5	11.5
empirical	user_msa	Phala.08G200500_Phala.08G200500.2	Phala.08G200500_Phala.08G200500.2	360	360	unique	360	360	360	0.861244019138756	9	419	50.77777777777778	8.586524038382958	33.0	61.0	28.0	4	0.0	1.0	8.586524038382958	61	0	61	0	49.5	11.5	11.5
empirical	user_msa	HORVU.MOREX.r3.6HG0571560_HORVU.MOREX.r3.6HG0571560.1	HORVU.MOREX.r3.6HG0571560_HORVU.MOREX.r3.6HG0571560.1	360	360	unique	360	360	360	0.861244019138756	9	419	50.77777777777778	8.586524038382958	33.0	61.0	28.0	4	0.0	1.0	8.586524038382958	48	0	48	0	51.125	-3.125	-3.125
empirical	user_msa	TraesCS6A03G0381800_TraesCS6A03G0381800.1	TraesCS6A03G0381800_TraesCS6A03G0381800.1	360	360	unique	360	360	360	0.861244019138756	9	419	50.77777777777778	8.586524038382958	33.0	61.0	28.0	4	0.0	1.0	8.586524038382958	48	0	48	0	51.125	-3.125	-3.125
empirical	user_msa	Thint.S06G201700_Thint.S06G201700.1	Thint.S06G201700_Thint.S06G201700.1	360	360	unique	360	360	360	0.861244019138756	9	419	50.77777777777778	8.586524038382958	33.0	61.0	28.0	4	0.0	1.0	8.586524038382958	48	0	48	0	51.125	-3.125	-3.125
empirical	user_msa	LOC_Os02g07490_LOC_Os02g07490.1	LOC_Os02g07490_LOC_Os02g07490.1	361	361	unique	361	361	361	0.8636363636363636	9	419	48.0	1.4142135623730951	46.0	49.0	3.0	2	0.0	1.0	1.4142135623730951	49	0	49	0	47.875	1.125	1.125
empirical	user_msa	Oropetium_20150105_02675_Oropetium_20150105_02675A	Oropetium_20150105_02675_Oropetium_20150105_02675A	361	361	unique	361	361	361	0.8636363636363636	9	419	48.0	1.4142135623730951	46.0	49.0	3.0	2	0.0	1.0	1.4142135623730951	49	0	49	0	47.875	1.125	1.125
empirical	user_msa	ELECO.r07.2AG0102970_ELECO.r07.2AG0102970.1	ELECO.r07.2AG0102970_ELECO.r07.2AG0102970.1	361	361	unique	361	361	361	0.8636363636363636	9	419	48.0	1.4142135623730951	46.0	49.0	3.0	2	0.0	1.0	1.4142135623730951	49	0	49	0	47.875	1.125	1.125
empirical	user_msa	Phala.08G200500_Phala.08G200500.1	Phala.08G200500_Phala.08G200500.1	361	361	unique	361	361	361	0.8636363636363636	9	419	48.0	1.4142135623730951	46.0	49.0	3.0	2	0.0	1.0	1.4142135623730951	49	0	49	0	47.875	1.125	1.125
empirical	user_msa	Phala.08G200500_Phala.08G200500.3	Phala.08G200500_Phala.08G200500.3	361	361	unique	361	361	361	0.8636363636363636	9	419	48.0	1.4142135623730951	46.0	49.0	3.0	2	0.0	1.0	1.4142135623730951	49	0	49	0	47.875	1.125	1.125
empirical	user_msa	Phala.08G200500_Phala.08G200500.2	Phala.08G200500_Phala.08G200500.2	361	361	unique	361	361	361	0.8636363636363636	9	419	48.0	1.4142135623730951	46.0	49.0	3.0	2	0.0	1.0	1.4142135623730951	49	0	49	0	47.875	1.125	1.125
empirical	user_msa	HORVU.MOREX.r3.6HG0571560_HORVU.MOREX.r3.6HG0571560.1	HORVU.MOREX.r3.6HG0571560_HORVU.MOREX.r3.6HG0571560.1	361	361	unique	361	361	361	0.8636363636363636	9	419	48.0	1.4142135623730951	46.0	49.0	3.0	2	0.0	1.0	1.4142135623730951	46	0	46	0	48.25	-2.25	-2.25
empirical	user_msa	TraesCS6A03G0381800_TraesCS6A03G0381800.1	TraesCS6A03G0381800_TraesCS6A03G0381800.1	361	361	unique	361	361	361	0.8636363636363636	9	419	48.0	1.4142135623730951	46.0	49.0	3.0	2	0.0	1.0	1.4142135623730951	46	0	46	0	48.25	-2.25	-2.25
empirical	user_msa	Thint.S06G201700_Thint.S06G201700.1	Thint.S06G201700_Thint.S06G201700.1	361	361	unique	361	361	361	0.8636363636363636	9	419	48.0	1.4142135623730951	46.0	49.0	3.0	2	0.0	1.0	1.4142135623730951	46	0	46	0	48.25	-2.25	-2.25
empirical	user_msa	LOC_Os02g07490_LOC_Os02g07490.1	LOC_Os02g07490_LOC_Os02g07490.1	362	362	unique	362	362	362	0.8660287081339713	9	419	53.666666666666664	0.9428090415820634	53.0	55.0	2.0	2	0.0	1.0	0.9428090415820634	53	0	53	0	53.75	-0.75	-0.75
empirical	user_msa	Oropetium_20150105_02675_Oropetium_20150105_02675A	Oropetium_20150105_02675_Oropetium_20150105_02675A	362	362	unique	362	362	362	0.8660287081339713	9	419	53.666666666666664	0.9428090415820634	53.0	55.0	2.0	2	0.0	1.0	0.9428090415820634	53	0	53	0	53.75	-0.75	-0.75
empirical	user_msa	ELECO.r07.2AG0102970_ELECO.r07.2AG0102970.1	ELECO.r07.2AG0102970_ELECO.r07.2AG0102970.1	362	362	unique	362	362	362	0.8660287081339713	9	419	53.666666666666664	0.9428090415820634	53.0	55.0	2.0	2	0.0	1.0	0.9428090415820634	53	0	53	0	53.75	-0.75	-0.75
empirical	user_msa	Phala.08G200500_Phala.08G200500.1	Phala.08G200500_Phala.08G200500.1	362	362	unique	362	362	362	0.8660287081339713	9	419	53.666666666666664	0.9428090415820634	53.0	55.0	2.0	2	0.0	1.0	0.9428090415820634	55	0	55	0	53.5	1.5	1.5
empirical	user_msa	Phala.08G200500_Phala.08G200500.3	Phala.08G200500_Phala.08G200500.3	362	362	unique	362	362	362	0.8660287081339713	9	419	53.666666666666664	0.9428090415820634	53.0	55.0	2.0	2	0.0	1.0	0.9428090415820634	55	0	55	0	53.5	1.5	1.5
empirical	user_msa	Phala.08G200500_Phala.08G200500.2	Phala.08G200500_Phala.08G200500.2	362	362	unique	362	362	362	0.8660287081339713	9	419	53.666666666666664	0.9428090415820634	53.0	55.0	2.0	2	0.0	1.0	0.9428090415820634	55	0	55	0	53.5	1.5	1.5
empirical	user_msa	HORVU.MOREX.r3.6HG0571560_HORVU.MOREX.r3.6HG0571560.1	HORVU.MOREX.r3.6HG0571560_HORVU.MOREX.r3.6HG0571560.1	362	362	unique	362	362	362	0.8660287081339713	9	419	53.666666666666664	0.9428090415820634	53.0	55.0	2.0	2	0.0	1.0	0.9428090415820634	53	0	53	0	53.75	-0.75	-0.75
empirical	user_msa	TraesCS6A03G0381800_TraesCS6A03G0381800.1	TraesCS6A03G0381800_TraesCS6A03G0381800.1	362	362	unique	362	362	362	0.8660287081339713	9	419	53.666666666666664	0.9428090415820634	53.0	55.0	2.0	2	0.0	1.0	0.9428090415820634	53	0	53	0	53.75	-0.75	-0.75
empirical	user_msa	Thint.S06G201700_Thint.S06G201700.1	Thint.S06G201700_Thint.S06G201700.1	362	362	unique	362	362	362	0.8660287081339713	9	419	53.666666666666664	0.9428090415820634	53.0	55.0	2.0	2	0.0	1.0	0.9428090415820634	53	0	53	0	53.75	-0.75	-0.75
empirical	user_msa	LOC_Os02g07490_LOC_Os02g07490.1	LOC_Os02g07490_LOC_Os02g07490.1	363	363	unique	363	363	363	0.868421052631579	9	419	5.333333333333333	1.699673171197595	3.0	9.0	6.0	4	0.0	1.0	1.699673171197595	5	0	5	0	5.375	-0.375	-0.375
empirical	user_msa	Oropetium_20150105_02675_Oropetium_20150105_02675A	Oropetium_20150105_02675_Oropetium_20150105_02675A	363	363	unique	363	363	363	0.868421052631579	9	419	5.333333333333333	1.699673171197595	3.0	9.0	6.0	4	0.0	1.0	1.699673171197595	9	0	9	0	4.875	4.125	4.125
empirical	user_msa	ELECO.r07.2AG0102970_ELECO.r07.2AG0102970.1	ELECO.r07.2AG0102970_ELECO.r07.2AG0102970.1	363	363	unique	363	363	363	0.868421052631579	9	419	5.333333333333333	1.699673171197595	3.0	9.0	6.0	4	0.0	1.0	1.699673171197595	5	0	5	0	5.375	-0.375	-0.375
empirical	user_msa	Phala.08G200500_Phala.08G200500.1	Phala.08G200500_Phala.08G200500.1	363	363	unique	363	363	363	0.868421052631579	9	419	5.333333333333333	1.699673171197595	3.0	9.0	6.0	4	0.0	1.0	1.699673171197595	6	0	6	0	5.25	0.75	0.75
empirical	user_msa	Phala.08G200500_Phala.08G200500.3	Phala.08G200500_Phala.08G200500.3	363	363	unique	363	363	363	0.868421052631579	9	419	5.333333333333333	1.699673171197595	3.0	9.0	6.0	4	0.0	1.0	1.699673171197595	6	0	6	0	5.25	0.75	0.75
empirical	user_msa	Phala.08G200500_Phala.08G200500.2	Phala.08G200500_Phala.08G200500.2	363	363	unique	363	363	363	0.868421052631579	9	419	5.333333333333333	1.699673171197595	3.0	9.0	6.0	4	0.0	1.0	1.699673171197595	6	0	6	0	5.25	0.75	0.75
empirical	user_msa	HORVU.MOREX.r3.6HG0571560_HORVU.MOREX.r3.6HG0571560.1	HORVU.MOREX.r3.6HG0571560_HORVU.MOREX.r3.6HG0571560.1	363	363	unique	363	363	363	0.868421052631579	9	419	5.333333333333333	1.699673171197595	3.0	9.0	6.0	4	0.0	1.0	1.699673171197595	5	0	5	0	5.375	-0.375	-0.375
empirical	user_msa	TraesCS6A03G0381800_TraesCS6A03G0381800.1	TraesCS6A03G0381800_TraesCS6A03G0381800.1	363	363	unique	363	363	363	0.868421052631579	9	419	5.333333333333333	1.699673171197595	3.0	9.0	6.0	4	0.0	1.0	1.699673171197595	3	0	3	0	5.625	-2.625	-2.625
empirical	user_msa	Thint.S06G201700_Thint.S06G201700.1	Thint.S06G201700_Thint.S06G201700.1	363	363	unique	363	363	363	0.868421052631579	9	419	5.333333333333333	1.699673171197595	3.0	9.0	6.0	4	0.0	1.0	1.699673171197595	3	0	3	0	5.625	-2.625	-2.625
empirical	user_msa	LOC_Os02g07490_LOC_Os02g07490.1	LOC_Os02g07490_LOC_Os02g07490.1	364	364	unique	364	364	364	0.8708133971291866	9	419	35.666666666666664	0.9428090415820634	35.0	37.0	2.0	2	0.0	1.0	0.9428090415820634	35	0	35	0	35.75	-0.75	-0.75
empirical	user_msa	Oropetium_20150105_02675_Oropetium_20150105_02675A	Oropetium_20150105_02675_Oropetium_20150105_02675A	364	364	unique	364	364	364	0.8708133971291866	9	419	35.666666666666664	0.9428090415820634	35.0	37.0	2.0	2	0.0	1.0	0.9428090415820634	35	0	35	0	35.75	-0.75	-0.75
empirical	user_msa	ELECO.r07.2AG0102970_ELECO.r07.2AG0102970.1	ELECO.r07.2AG0102970_ELECO.r07.2AG0102970.1	364	364	unique	364	364	364	0.8708133971291866	9	419	35.666666666666664	0.9428090415820634	35.0	37.0	2.0	2	0.0	1.0	0.9428090415820634	35	0	35	0	35.75	-0.75	-0.75
empirical	user_msa	Phala.08G200500_Phala.08G200500.1	Phala.08G200500_Phala.08G200500.1	364	364	unique	364	364	364	0.8708133971291866	9	419	35.666666666666664	0.9428090415820634	35.0	37.0	2.0	2	0.0	1.0	0.9428090415820634	35	0	35	0	35.75	-0.75	-0.75
empirical	user_msa	Phala.08G200500_Phala.08G200500.3	Phala.08G200500_Phala.08G200500.3	364	364	unique	364	364	364	0.8708133971291866	9	419	35.666666666666664	0.9428090415820634	35.0	37.0	2.0	2	0.0	1.0	0.9428090415820634	35	0	35	0	35.75	-0.75	-0.75
empirical	user_msa	Phala.08G200500_Phala.08G200500.2	Phala.08G200500_Phala.08G200500.2	364	364	unique	364	364	364	0.8708133971291866	9	419	35.666666666666664	0.9428090415820634	35.0	37.0	2.0	2	0.0	1.0	0.9428090415820634	35	0	35	0	35.75	-0.75	-0.75
empirical	user_msa	HORVU.MOREX.r3.6HG0571560_HORVU.MOREX.r3.6HG0571560.1	HORVU.MOREX.r3.6HG0571560_HORVU.MOREX.r3.6HG0571560.1	364	364	unique	364	364	364	0.8708133971291866	9	419	35.666666666666664	0.9428090415820634	35.0	37.0	2.0	2	0.0	1.0	0.9428090415820634	37	0	37	0	35.5	1.5	1.5
empirical	user_msa	TraesCS6A03G0381800_TraesCS6A03G0381800.1	TraesCS6A03G0381800_TraesCS6A03G0381800.1	364	364	unique	364	364	364	0.8708133971291866	9	419	35.666666666666664	0.9428090415820634	35.0	37.0	2.0	2	0.0	1.0	0.9428090415820634	37	0	37	0	35.5	1.5	1.5
empirical	user_msa	Thint.S06G201700_Thint.S06G201700.1	Thint.S06G201700_Thint.S06G201700.1	364	364	unique	364	364	364	0.8708133971291866	9	419	35.666666666666664	0.9428090415820634	35.0	37.0	2.0	2	0.0	1.0	0.9428090415820634	37	0	37	0	35.5	1.5	1.5
empirical	user_msa	LOC_Os02g07490_LOC_Os02g07490.1	LOC_Os02g07490_LOC_Os02g07490.1	365	365	unique	365	365	365	0.8732057416267942	9	419	61.55555555555556	0.8314794192830981	60.0	62.0	2.0	2	0.0	1.0	0.8314794192830981	60	0	60	0	61.75	-1.75	-1.75
empirical	user_msa	Oropetium_20150105_02675_Oropetium_20150105_02675A	Oropetium_20150105_02675_Oropetium_20150105_02675A	365	365	unique	365	365	365	0.8732057416267942	9	419	61.55555555555556	0.8314794192830981	60.0	62.0	2.0	2	0.0	1.0	0.8314794192830981	60	0	60	0	61.75	-1.75	-1.75
empirical	user_msa	ELECO.r07.2AG0102970_ELECO.r07.2AG0102970.1	ELECO.r07.2AG0102970_ELECO.r07.2AG0102970.1	365	365	unique	365	365	365	0.8732057416267942	9	419	61.55555555555556	0.8314794192830981	60.0	62.0	2.0	2	0.0	1.0	0.8314794192830981	62	0	62	0	61.5	0.5	0.5
empirical	user_msa	Phala.08G200500_Phala.08G200500.1	Phala.08G200500_Phala.08G200500.1	365	365	unique	365	365	365	0.8732057416267942	9	419	61.55555555555556	0.8314794192830981	60.0	62.0	2.0	2	0.0	1.0	0.8314794192830981	62	0	62	0	61.5	0.5	0.5
empirical	user_msa	Phala.08G200500_Phala.08G200500.3	Phala.08G200500_Phala.08G200500.3	365	365	unique	365	365	365	0.8732057416267942	9	419	61.55555555555556	0.8314794192830981	60.0	62.0	2.0	2	0.0	1.0	0.8314794192830981	62	0	62	0	61.5	0.5	0.5
empirical	user_msa	Phala.08G200500_Phala.08G200500.2	Phala.08G200500_Phala.08G200500.2	365	365	unique	365	365	365	0.8732057416267942	9	419	61.55555555555556	0.8314794192830981	60.0	62.0	2.0	2	0.0	1.0	0.8314794192830981	62	0	62	0	61.5	0.5	0.5
empirical	user_msa	HORVU.MOREX.r3.6HG0571560_HORVU.MOREX.r3.6HG0571560.1	HORVU.MOREX.r3.6HG0571560_HORVU.MOREX.r3.6HG0571560.1	365	365	unique	365	365	365	0.8732057416267942	9	419	61.55555555555556	0.8314794192830981	60.0	62.0	2.0	2	0.0	1.0	0.8314794192830981	62	0	62	0	61.5	0.5	0.5
empirical	user_msa	TraesCS6A03G0381800_TraesCS6A03G0381800.1	TraesCS6A03G0381800_TraesCS6A03G0381800.1	365	365	unique	365	365	365	0.8732057416267942	9	419	61.55555555555556	0.8314794192830981	60.0	62.0	2.0	2	0.0	1.0	0.8314794192830981	62	0	62	0	61.5	0.5	0.5
empirical	user_msa	Thint.S06G201700_Thint.S06G201700.1	Thint.S06G201700_Thint.S06G201700.1	365	365	unique	365	365	365	0.8732057416267942	9	419	61.55555555555556	0.8314794192830981	60.0	62.0	2.0	2	0.0	1.0	0.8314794192830981	62	0	62	0	61.5	0.5	0.5
empirical	user_msa	LOC_Os02g07490_LOC_Os02g07490.1	LOC_Os02g07490_LOC_Os02g07490.1	366	366	unique	366	366	366	0.8755980861244019	9	419	40.22222222222222	10.108058147150363	20.0	49.0	29.0	4	0.0	1.0	10.108058147150363	49	0	49	0	39.125	9.875	9.875
empirical	user_msa	Oropetium_20150105_02675_Oropetium_20150105_02675A	Oropetium_20150105_02675_Oropetium_20150105_02675A	366	366	unique	366	366	366	0.8755980861244019	9	419	40.22222222222222	10.108058147150363	20.0	49.0	29.0	4	0.0	1.0	10.108058147150363	20	0	20	0	42.75	-22.75	-22.75
empirical	user_msa	ELECO.r07.2AG0102970_ELECO.r07.2AG0102970.1	ELECO.r07.2AG0102970_ELECO.r07.2AG0102970.1	366	366	unique	366	366	366	0.8755980861244019	9	419	40.22222222222222	10.108058147150363	20.0	49.0	29.0	4	0.0	1.0	10.108058147150363	47	0	47	0	39.375	7.625	7.625
empirical	user_msa	Phala.08G200500_Phala.08G200500.1	Phala.08G200500_Phala.08G200500.1	366	366	unique	366	366	366	0.8755980861244019	9	419	40.22222222222222	10.108058147150363	20.0	49.0	29.0	4	0.0	1.0	10.108058147150363	33	0	33	0	41.125	-8.125	-8.125
empirical	user_msa	Phala.08G200500_Phala.08G200500.3	Phala.08G200500_Phala.08G200500.3	366	366	unique	366	366	366	0.8755980861244019	9	419	40.22222222222222	10.108058147150363	20.0	49.0	29.0	4	0.0	1.0	10.108058147150363	33	0	33	0	41.125	-8.125	-8.125
empirical	user_msa	Phala.08G200500_Phala.08G200500.2	Phala.08G200500_Phala.08G200500.2	366	366	unique	366	366	366	0.8755980861244019	9	419	40.22222222222222	10.108058147150363	20.0	49.0	29.0	4	0.0	1.0	10.108058147150363	33	0	33	0	41.125	-8.125	-8.125
empirical	user_msa	HORVU.MOREX.r3.6HG0571560_HORVU.MOREX.r3.6HG0571560.1	HORVU.MOREX.r3.6HG0571560_HORVU.MOREX.r3.6HG0571560.1	366	366	unique	366	366	366	0.8755980861244019	9	419	40.22222222222222	10.108058147150363	20.0	49.0	29.0	4	0.0	1.0	10.108058147150363	49	0	49	0	39.125	9.875	9.875
empirical	user_msa	TraesCS6A03G0381800_TraesCS6A03G0381800.1	TraesCS6A03G0381800_TraesCS6A03G0381800.1	366	366	unique	366	366	366	0.8755980861244019	9	419	40.22222222222222	10.108058147150363	20.0	49.0	29.0	4	0.0	1.0	10.108058147150363	49	0	49	0	39.125	9.875	9.875
empirical	user_msa	Thint.S06G201700_Thint.S06G201700.1	Thint.S06G201700_Thint.S06G201700.1	366	366	unique	366	366	366	0.8755980861244019	9	419	40.22222222222222	10.108058147150363	20.0	49.0	29.0	4	0.0	1.0	10.108058147150363	49	0	49	0	39.125	9.875	9.875
empirical	user_msa	LOC_Os02g07490_LOC_Os02g07490.1	LOC_Os02g07490_LOC_Os02g07490.1	367	367	unique	367	367	367	0.8779904306220095	9	419	45.0	0.0	45.0	45.0	0.0	1	0.0	1.0	0.0	45	0	45	0	45.0	0.0	0.0
empirical	user_msa	Oropetium_20150105_02675_Oropetium_20150105_02675A	Oropetium_20150105_02675_Oropetium_20150105_02675A	367	367	unique	367	367	367	0.8779904306220095	9	419	45.0	0.0	45.0	45.0	0.0	1	0.0	1.0	0.0	45	0	45	0	45.0	0.0	0.0
empirical	user_msa	ELECO.r07.2AG0102970_ELECO.r07.2AG0102970.1	ELECO.r07.2AG0102970_ELECO.r07.2AG0102970.1	367	367	unique	367	367	367	0.8779904306220095	9	419	45.0	0.0	45.0	45.0	0.0	1	0.0	1.0	0.0	45	0	45	0	45.0	0.0	0.0
empirical	user_msa	Phala.08G200500_Phala.08G200500.1	Phala.08G200500_Phala.08G200500.1	367	367	unique	367	367	367	0.8779904306220095	9	419	45.0	0.0	45.0	45.0	0.0	1	0.0	1.0	0.0	45	0	45	0	45.0	0.0	0.0
empirical	user_msa	Phala.08G200500_Phala.08G200500.3	Phala.08G200500_Phala.08G200500.3	367	367	unique	367	367	367	0.8779904306220095	9	419	45.0	0.0	45.0	45.0	0.0	1	0.0	1.0	0.0	45	0	45	0	45.0	0.0	0.0
empirical	user_msa	Phala.08G200500_Phala.08G200500.2	Phala.08G200500_Phala.08G200500.2	367	367	unique	367	367	367	0.8779904306220095	9	419	45.0	0.0	45.0	45.0	0.0	1	0.0	1.0	0.0	45	0	45	0	45.0	0.0	0.0
empirical	user_msa	HORVU.MOREX.r3.6HG0571560_HORVU.MOREX.r3.6HG0571560.1	HORVU.MOREX.r3.6HG0571560_HORVU.MOREX.r3.6HG0571560.1	367	367	unique	367	367	367	0.8779904306220095	9	419	45.0	0.0	45.0	45.0	0.0	1	0.0	1.0	0.0	45	0	45	0	45.0	0.0	0.0
empirical	user_msa	TraesCS6A03G0381800_TraesCS6A03G0381800.1	TraesCS6A03G0381800_TraesCS6A03G0381800.1	367	367	unique	367	367	367	0.8779904306220095	9	419	45.0	0.0	45.0	45.0	0.0	1	0.0	1.0	0.0	45	0	45	0	45.0	0.0	0.0
empirical	user_msa	Thint.S06G201700_Thint.S06G201700.1	Thint.S06G201700_Thint.S06G201700.1	367	367	unique	367	367	367	0.8779904306220095	9	419	45.0	0.0	45.0	45.0	0.0	1	0.0	1.0	0.0	45	0	45	0	45.0	0.0	0.0
empirical	user_msa	LOC_Os02g07490_LOC_Os02g07490.1	LOC_Os02g07490_LOC_Os02g07490.1	368	368	unique	368	368	368	0.8803827751196173	9	419	35.44444444444444	0.8314794192830981	35.0	37.0	2.0	2	0.0	1.0	0.8314794192830981	37	0	37	0	35.25	1.75	1.75
empirical	user_msa	Oropetium_20150105_02675_Oropetium_20150105_02675A	Oropetium_20150105_02675_Oropetium_20150105_02675A	368	368	unique	368	368	368	0.8803827751196173	9	419	35.44444444444444	0.8314794192830981	35.0	37.0	2.0	2	0.0	1.0	0.8314794192830981	35	0	35	0	35.5	-0.5	-0.5
empirical	user_msa	ELECO.r07.2AG0102970_ELECO.r07.2AG0102970.1	ELECO.r07.2AG0102970_ELECO.r07.2AG0102970.1	368	368	unique	368	368	368	0.8803827751196173	9	419	35.44444444444444	0.8314794192830981	35.0	37.0	2.0	2	0.0	1.0	0.8314794192830981	37	0	37	0	35.25	1.75	1.75
empirical	user_msa	Phala.08G200500_Phala.08G200500.1	Phala.08G200500_Phala.08G200500.1	368	368	unique	368	368	368	0.8803827751196173	9	419	35.44444444444444	0.8314794192830981	35.0	37.0	2.0	2	0.0	1.0	0.8314794192830981	35	0	35	0	35.5	-0.5	-0.5
empirical	user_msa	Phala.08G200500_Phala.08G200500.3	Phala.08G200500_Phala.08G200500.3	368	368	unique	368	368	368	0.8803827751196173	9	419	35.44444444444444	0.8314794192830981	35.0	37.0	2.0	2	0.0	1.0	0.8314794192830981	35	0	35	0	35.5	-0.5	-0.5
empirical	user_msa	Phala.08G200500_Phala.08G200500.2	Phala.08G200500_Phala.08G200500.2	368	368	unique	368	368	368	0.8803827751196173	9	419	35.44444444444444	0.8314794192830981	35.0	37.0	2.0	2	0.0	1.0	0.8314794192830981	35	0	35	0	35.5	-0.5	-0.5
empirical	user_msa	HORVU.MOREX.r3.6HG0571560_HORVU.MOREX.r3.6HG0571560.1	HORVU.MOREX.r3.6HG0571560_HORVU.MOREX.r3.6HG0571560.1	368	368	unique	368	368	368	0.8803827751196173	9	419	35.44444444444444	0.8314794192830981	35.0	37.0	2.0	2	0.0	1.0	0.8314794192830981	35	0	35	0	35.5	-0.5	-0.5
empirical	user_msa	TraesCS6A03G0381800_TraesCS6A03G0381800.1	TraesCS6A03G0381800_TraesCS6A03G0381800.1	368	368	unique	368	368	368	0.8803827751196173	9	419	35.44444444444444	0.8314794192830981	35.0	37.0	2.0	2	0.0	1.0	0.8314794192830981	35	0	35	0	35.5	-0.5	-0.5
empirical	user_msa	Thint.S06G201700_Thint.S06G201700.1	Thint.S06G201700_Thint.S06G201700.1	368	368	unique	368	368	368	0.8803827751196173	9	419	35.44444444444444	0.8314794192830981	35.0	37.0	2.0	2	0.0	1.0	0.8314794192830981	35	0	35	0	35.5	-0.5	-0.5
empirical	user_msa	LOC_Os02g07490_LOC_Os02g07490.1	LOC_Os02g07490_LOC_Os02g07490.1	369	369	unique	369	369	369	0.8827751196172249	9	419	14.777777777777779	13.49714190138686	3.0	41.0	38.0	5	0.0	1.0	13.49714190138686	38	0	38	0	11.875	26.125	26.125
empirical	user_msa	Oropetium_20150105_02675_Oropetium_20150105_02675A	Oropetium_20150105_02675_Oropetium_20150105_02675A	369	369	unique	369	369	369	0.8827751196172249	9	419	14.777777777777779	13.49714190138686	3.0	41.0	38.0	5	0.0	1.0	13.49714190138686	3	0	3	0	16.25	-13.25	-13.25
empirical	user_msa	ELECO.r07.2AG0102970_ELECO.r07.2AG0102970.1	ELECO.r07.2AG0102970_ELECO.r07.2AG0102970.1	369	369	unique	369	369	369	0.8827751196172249	9	419	14.777777777777779	13.49714190138686	3.0	41.0	38.0	5	0.0	1.0	13.49714190138686	41	0	41	0	11.5	29.5	29.5
empirical	user_msa	Phala.08G200500_Phala.08G200500.1	Phala.08G200500_Phala.08G200500.1	369	369	unique	369	369	369	0.8827751196172249	9	419	14.777777777777779	13.49714190138686	3.0	41.0	38.0	5	0.0	1.0	13.49714190138686	11	0	11	0	15.25	-4.25	-4.25
empirical	user_msa	Phala.08G200500_Phala.08G200500.3	Phala.08G200500_Phala.08G200500.3	369	369	unique	369	369	369	0.8827751196172249	9	419	14.777777777777779	13.49714190138686	3.0	41.0	38.0	5	0.0	1.0	13.49714190138686	11	0	11	0	15.25	-4.25	-4.25
empirical	user_msa	Phala.08G200500_Phala.08G200500.2	Phala.08G200500_Phala.08G200500.2	369	369	unique	369	369	369	0.8827751196172249	9	419	14.777777777777779	13.49714190138686	3.0	41.0	38.0	5	0.0	1.0	13.49714190138686	11	0	11	0	15.25	-4.25	-4.25
empirical	user_msa	HORVU.MOREX.r3.6HG0571560_HORVU.MOREX.r3.6HG0571560.1	HORVU.MOREX.r3.6HG0571560_HORVU.MOREX.r3.6HG0571560.1	369	369	unique	369	369	369	0.8827751196172249	9	419	14.777777777777779	13.49714190138686	3.0	41.0	38.0	5	0.0	1.0	13.49714190138686	6	0	6	0	15.875	-9.875	-9.875
empirical	user_msa	TraesCS6A03G0381800_TraesCS6A03G0381800.1	TraesCS6A03G0381800_TraesCS6A03G0381800.1	369	369	unique	369	369	369	0.8827751196172249	9	419	14.777777777777779	13.49714190138686	3.0	41.0	38.0	5	0.0	1.0	13.49714190138686	6	0	6	0	15.875	-9.875	-9.875
empirical	user_msa	Thint.S06G201700_Thint.S06G201700.1	Thint.S06G201700_Thint.S06G201700.1	369	369	unique	369	369	369	0.8827751196172249	9	419	14.777777777777779	13.49714190138686	3.0	41.0	38.0	5	0.0	1.0	13.49714190138686	6	0	6	0	15.875	-9.875	-9.875
empirical	user_msa	LOC_Os02g07490_LOC_Os02g07490.1	LOC_Os02g07490_LOC_Os02g07490.1	370	370	unique	370	370	370	0.8851674641148325	9	419	11.777777777777779	0.628539361054709	10.0	12.0	2.0	2	0.0	1.0	0.628539361054709	12	0	12	0	11.75	0.25	0.25
empirical	user_msa	Oropetium_20150105_02675_Oropetium_20150105_02675A	Oropetium_20150105_02675_Oropetium_20150105_02675A	370	370	unique	370	370	370	0.8851674641148325	9	419	11.777777777777779	0.628539361054709	10.0	12.0	2.0	2	0.0	1.0	0.628539361054709	10	0	10	0	12.0	-2.0	-2.0
empirical	user_msa	ELECO.r07.2AG0102970_ELECO.r07.2AG0102970.1	ELECO.r07.2AG0102970_ELECO.r07.2AG0102970.1	370	370	unique	370	370	370	0.8851674641148325	9	419	11.777777777777779	0.628539361054709	10.0	12.0	2.0	2	0.0	1.0	0.628539361054709	12	0	12	0	11.75	0.25	0.25
empirical	user_msa	Phala.08G200500_Phala.08G200500.1	Phala.08G200500_Phala.08G200500.1	370	370	unique	370	370	370	0.8851674641148325	9	419	11.777777777777779	0.628539361054709	10.0	12.0	2.0	2	0.0	1.0	0.628539361054709	12	0	12	0	11.75	0.25	0.25
empirical	user_msa	Phala.08G200500_Phala.08G200500.3	Phala.08G200500_Phala.08G200500.3	370	370	unique	370	370	370	0.8851674641148325	9	419	11.777777777777779	0.628539361054709	10.0	12.0	2.0	2	0.0	1.0	0.628539361054709	12	0	12	0	11.75	0.25	0.25
empirical	user_msa	Phala.08G200500_Phala.08G200500.2	Phala.08G200500_Phala.08G200500.2	370	370	unique	370	370	370	0.8851674641148325	9	419	11.777777777777779	0.628539361054709	10.0	12.0	2.0	2	0.0	1.0	0.628539361054709	12	0	12	0	11.75	0.25	0.25
empirical	user_msa	HORVU.MOREX.r3.6HG0571560_HORVU.MOREX.r3.6HG0571560.1	HORVU.MOREX.r3.6HG0571560_HORVU.MOREX.r3.6HG0571560.1	370	370	unique	370	370	370	0.8851674641148325	9	419	11.777777777777779	0.628539361054709	10.0	12.0	2.0	2	0.0	1.0	0.628539361054709	12	0	12	0	11.75	0.25	0.25
empirical	user_msa	TraesCS6A03G0381800_TraesCS6A03G0381800.1	TraesCS6A03G0381800_TraesCS6A03G0381800.1	370	370	unique	370	370	370	0.8851674641148325	9	419	11.777777777777779	0.628539361054709	10.0	12.0	2.0	2	0.0	1.0	0.628539361054709	12	0	12	0	11.75	0.25	0.25
empirical	user_msa	Thint.S06G201700_Thint.S06G201700.1	Thint.S06G201700_Thint.S06G201700.1	370	370	unique	370	370	370	0.8851674641148325	9	419	11.777777777777779	0.628539361054709	10.0	12.0	2.0	2	0.0	1.0	0.628539361054709	12	0	12	0	11.75	0.25	0.25
empirical	user_msa	LOC_Os02g07490_LOC_Os02g07490.1	LOC_Os02g07490_LOC_Os02g07490.1	371	371	unique	371	371	371	0.8875598086124402	9	419	52.77777777777778	0.9162456945817022	52.0	54.0	2.0	3	0.0	1.0	0.9162456945817022	52	0	52	0	52.875	-0.875	-0.875
empirical	user_msa	Oropetium_20150105_02675_Oropetium_20150105_02675A	Oropetium_20150105_02675_Oropetium_20150105_02675A	371	371	unique	371	371	371	0.8875598086124402	9	419	52.77777777777778	0.9162456945817022	52.0	54.0	2.0	3	0.0	1.0	0.9162456945817022	53	0	53	0	52.75	0.25	0.25
empirical	user_msa	ELECO.r07.2AG0102970_ELECO.r07.2AG0102970.1	ELECO.r07.2AG0102970_ELECO.r07.2AG0102970.1	371	371	unique	371	371	371	0.8875598086124402	9	419	52.77777777777778	0.9162456945817022	52.0	54.0	2.0	3	0.0	1.0	0.9162456945817022	52	0	52	0	52.875	-0.875	-0.875
empirical	user_msa	Phala.08G200500_Phala.08G200500.1	Phala.08G200500_Phala.08G200500.1	371	371	unique	371	371	371	0.8875598086124402	9	419	52.77777777777778	0.9162456945817022	52.0	54.0	2.0	3	0.0	1.0	0.9162456945817022	54	0	54	0	52.625	1.375	1.375
empirical	user_msa	Phala.08G200500_Phala.08G200500.3	Phala.08G200500_Phala.08G200500.3	371	371	unique	371	371	371	0.8875598086124402	9	419	52.77777777777778	0.9162456945817022	52.0	54.0	2.0	3	0.0	1.0	0.9162456945817022	54	0	54	0	52.625	1.375	1.375
empirical	user_msa	Phala.08G200500_Phala.08G200500.2	Phala.08G200500_Phala.08G200500.2	371	371	unique	371	371	371	0.8875598086124402	9	419	52.77777777777778	0.9162456945817022	52.0	54.0	2.0	3	0.0	1.0	0.9162456945817022	54	0	54	0	52.625	1.375	1.375
empirical	user_msa	HORVU.MOREX.r3.6HG0571560_HORVU.MOREX.r3.6HG0571560.1	HORVU.MOREX.r3.6HG0571560_HORVU.MOREX.r3.6HG0571560.1	371	371	unique	371	371	371	0.8875598086124402	9	419	52.77777777777778	0.9162456945817022	52.0	54.0	2.0	3	0.0	1.0	0.9162456945817022	52	0	52	0	52.875	-0.875	-0.875
empirical	user_msa	TraesCS6A03G0381800_TraesCS6A03G0381800.1	TraesCS6A03G0381800_TraesCS6A03G0381800.1	371	371	unique	371	371	371	0.8875598086124402	9	419	52.77777777777778	0.9162456945817022	52.0	54.0	2.0	3	0.0	1.0	0.9162456945817022	52	0	52	0	52.875	-0.875	-0.875
empirical	user_msa	Thint.S06G201700_Thint.S06G201700.1	Thint.S06G201700_Thint.S06G201700.1	371	371	unique	371	371	371	0.8875598086124402	9	419	52.77777777777778	0.9162456945817022	52.0	54.0	2.0	3	0.0	1.0	0.9162456945817022	52	0	52	0	52.875	-0.875	-0.875
empirical	user_msa	LOC_Os02g07490_LOC_Os02g07490.1	LOC_Os02g07490_LOC_Os02g07490.1	372	372	unique	372	372	372	0.8899521531100478	9	419	11.666666666666666	0.9428090415820634	11.0	13.0	2.0	2	0.0	1.0	0.9428090415820634	11	0	11	0	11.75	-0.75	-0.75
empirical	user_msa	Oropetium_20150105_02675_Oropetium_20150105_02675A	Oropetium_20150105_02675_Oropetium_20150105_02675A	372	372	unique	372	372	372	0.8899521531100478	9	419	11.666666666666666	0.9428090415820634	11.0	13.0	2.0	2	0.0	1.0	0.9428090415820634	11	0	11	0	11.75	-0.75	-0.75
empirical	user_msa	ELECO.r07.2AG0102970_ELECO.r07.2AG0102970.1	ELECO.r07.2AG0102970_ELECO.r07.2AG0102970.1	372	372	unique	372	372	372	0.8899521531100478	9	419	11.666666666666666	0.9428090415820634	11.0	13.0	2.0	2	0.0	1.0	0.9428090415820634	11	0	11	0	11.75	-0.75	-0.75
empirical	user_msa	Phala.08G200500_Phala.08G200500.1	Phala.08G200500_Phala.08G200500.1	372	372	unique	372	372	372	0.8899521531100478	9	419	11.666666666666666	0.9428090415820634	11.0	13.0	2.0	2	0.0	1.0	0.9428090415820634	11	0	11	0	11.75	-0.75	-0.75
empirical	user_msa	Phala.08G200500_Phala.08G200500.3	Phala.08G200500_Phala.08G200500.3	372	372	unique	372	372	372	0.8899521531100478	9	419	11.666666666666666	0.9428090415820634	11.0	13.0	2.0	2	0.0	1.0	0.9428090415820634	11	0	11	0	11.75	-0.75	-0.75
empirical	user_msa	Phala.08G200500_Phala.08G200500.2	Phala.08G200500_Phala.08G200500.2	372	372	unique	372	372	372	0.8899521531100478	9	419	11.666666666666666	0.9428090415820634	11.0	13.0	2.0	2	0.0	1.0	0.9428090415820634	11	0	11	0	11.75	-0.75	-0.75
empirical	user_msa	HORVU.MOREX.r3.6HG0571560_HORVU.MOREX.r3.6HG0571560.1	HORVU.MOREX.r3.6HG0571560_HORVU.MOREX.r3.6HG0571560.1	372	372	unique	372	372	372	0.8899521531100478	9	419	11.666666666666666	0.9428090415820634	11.0	13.0	2.0	2	0.0	1.0	0.9428090415820634	13	0	13	0	11.5	1.5	1.5
empirical	user_msa	TraesCS6A03G0381800_TraesCS6A03G0381800.1	TraesCS6A03G0381800_TraesCS6A03G0381800.1	372	372	unique	372	372	372	0.8899521531100478	9	419	11.666666666666666	0.9428090415820634	11.0	13.0	2.0	2	0.0	1.0	0.9428090415820634	13	0	13	0	11.5	1.5	1.5
empirical	user_msa	Thint.S06G201700_Thint.S06G201700.1	Thint.S06G201700_Thint.S06G201700.1	372	372	unique	372	372	372	0.8899521531100478	9	419	11.666666666666666	0.9428090415820634	11.0	13.0	2.0	2	0.0	1.0	0.9428090415820634	13	0	13	0	11.5	1.5	1.5
empirical	user_msa	LOC_Os02g07490_LOC_Os02g07490.1	LOC_Os02g07490_LOC_Os02g07490.1	373	373	unique	373	373	373	0.8923444976076556	9	419	18.22222222222222	9.82940913537621	14.0	46.0	32.0	3	0.0	1.0	9.82940913537621	15	0	15	0	18.625	-3.625	-3.625
empirical	user_msa	Oropetium_20150105_02675_Oropetium_20150105_02675A	Oropetium_20150105_02675_Oropetium_20150105_02675A	373	373	unique	373	373	373	0.8923444976076556	9	419	18.22222222222222	9.82940913537621	14.0	46.0	32.0	3	0.0	1.0	9.82940913537621	15	0	15	0	18.625	-3.625	-3.625
empirical	user_msa	ELECO.r07.2AG0102970_ELECO.r07.2AG0102970.1	ELECO.r07.2AG0102970_ELECO.r07.2AG0102970.1	373	373	unique	373	373	373	0.8923444976076556	9	419	18.22222222222222	9.82940913537621	14.0	46.0	32.0	3	0.0	1.0	9.82940913537621	15	0	15	0	18.625	-3.625	-3.625
empirical	user_msa	Phala.08G200500_Phala.08G200500.1	Phala.08G200500_Phala.08G200500.1	373	373	unique	373	373	373	0.8923444976076556	9	419	18.22222222222222	9.82940913537621	14.0	46.0	32.0	3	0.0	1.0	9.82940913537621	15	0	15	0	18.625	-3.625	-3.625
empirical	user_msa	Phala.08G200500_Phala.08G200500.3	Phala.08G200500_Phala.08G200500.3	373	373	unique	373	373	373	0.8923444976076556	9	419	18.22222222222222	9.82940913537621	14.0	46.0	32.0	3	0.0	1.0	9.82940913537621	15	0	15	0	18.625	-3.625	-3.625
empirical	user_msa	Phala.08G200500_Phala.08G200500.2	Phala.08G200500_Phala.08G200500.2	373	373	unique	373	373	373	0.8923444976076556	9	419	18.22222222222222	9.82940913537621	14.0	46.0	32.0	3	0.0	1.0	9.82940913537621	15	0	15	0	18.625	-3.625	-3.625
empirical	user_msa	HORVU.MOREX.r3.6HG0571560_HORVU.MOREX.r3.6HG0571560.1	HORVU.MOREX.r3.6HG0571560_HORVU.MOREX.r3.6HG0571560.1	373	373	unique	373	373	373	0.8923444976076556	9	419	18.22222222222222	9.82940913537621	14.0	46.0	32.0	3	0.0	1.0	9.82940913537621	14	0	14	0	18.75	-4.75	-4.75
empirical	user_msa	TraesCS6A03G0381800_TraesCS6A03G0381800.1	TraesCS6A03G0381800_TraesCS6A03G0381800.1	373	373	unique	373	373	373	0.8923444976076556	9	419	18.22222222222222	9.82940913537621	14.0	46.0	32.0	3	0.0	1.0	9.82940913537621	46	0	46	0	14.75	31.25	31.25
empirical	user_msa	Thint.S06G201700_Thint.S06G201700.1	Thint.S06G201700_Thint.S06G201700.1	373	373	unique	373	373	373	0.8923444976076556	9	419	18.22222222222222	9.82940913537621	14.0	46.0	32.0	3	0.0	1.0	9.82940913537621	14	0	14	0	18.75	-4.75	-4.75
empirical	user_msa	LOC_Os02g07490_LOC_Os02g07490.1	LOC_Os02g07490_LOC_Os02g07490.1	374	374	unique	374	374	374	0.8947368421052632	9	419	62.0	0.0	62.0	62.0	0.0	1	0.0	1.0	0.0	62	0	62	0	62.0	0.0	0.0
empirical	user_msa	Oropetium_20150105_02675_Oropetium_20150105_02675A	Oropetium_20150105_02675_Oropetium_20150105_02675A	374	374	unique	374	374	374	0.8947368421052632	9	419	62.0	0.0	62.0	62.0	0.0	1	0.0	1.0	0.0	62	0	62	0	62.0	0.0	0.0
empirical	user_msa	ELECO.r07.2AG0102970_ELECO.r07.2AG0102970.1	ELECO.r07.2AG0102970_ELECO.r07.2AG0102970.1	374	374	unique	374	374	374	0.8947368421052632	9	419	62.0	0.0	62.0	62.0	0.0	1	0.0	1.0	0.0	62	0	62	0	62.0	0.0	0.0
empirical	user_msa	Phala.08G200500_Phala.08G200500.1	Phala.08G200500_Phala.08G200500.1	374	374	unique	374	374	374	0.8947368421052632	9	419	62.0	0.0	62.0	62.0	0.0	1	0.0	1.0	0.0	62	0	62	0	62.0	0.0	0.0
empirical	user_msa	Phala.08G200500_Phala.08G200500.3	Phala.08G200500_Phala.08G200500.3	374	374	unique	374	374	374	0.8947368421052632	9	419	62.0	0.0	62.0	62.0	0.0	1	0.0	1.0	0.0	62	0	62	0	62.0	0.0	0.0
empirical	user_msa	Phala.08G200500_Phala.08G200500.2	Phala.08G200500_Phala.08G200500.2	374	374	unique	374	374	374	0.8947368421052632	9	419	62.0	0.0	62.0	62.0	0.0	1	0.0	1.0	0.0	62	0	62	0	62.0	0.0	0.0
empirical	user_msa	HORVU.MOREX.r3.6HG0571560_HORVU.MOREX.r3.6HG0571560.1	HORVU.MOREX.r3.6HG0571560_HORVU.MOREX.r3.6HG0571560.1	374	374	unique	374	374	374	0.8947368421052632	9	419	62.0	0.0	62.0	62.0	0.0	1	0.0	1.0	0.0	62	0	62	0	62.0	0.0	0.0
empirical	user_msa	TraesCS6A03G0381800_TraesCS6A03G0381800.1	TraesCS6A03G0381800_TraesCS6A03G0381800.1	374	374	unique	374	374	374	0.8947368421052632	9	419	62.0	0.0	62.0	62.0	0.0	1	0.0	1.0	0.0	62	0	62	0	62.0	0.0	0.0
empirical	user_msa	Thint.S06G201700_Thint.S06G201700.1	Thint.S06G201700_Thint.S06G201700.1	374	374	unique	374	374	374	0.8947368421052632	9	419	62.0	0.0	62.0	62.0	0.0	1	0.0	1.0	0.0	62	0	62	0	62.0	0.0	0.0
empirical	user_msa	LOC_Os02g07490_LOC_Os02g07490.1	LOC_Os02g07490_LOC_Os02g07490.1	375	375	unique	375	375	375	0.8971291866028708	9	419	36.77777777777778	0.628539361054709	35.0	37.0	2.0	2	0.0	1.0	0.628539361054709	37	0	37	0	36.75	0.25	0.25
empirical	user_msa	Oropetium_20150105_02675_Oropetium_20150105_02675A	Oropetium_20150105_02675_Oropetium_20150105_02675A	375	375	unique	375	375	375	0.8971291866028708	9	419	36.77777777777778	0.628539361054709	35.0	37.0	2.0	2	0.0	1.0	0.628539361054709	35	0	35	0	37.0	-2.0	-2.0
empirical	user_msa	ELECO.r07.2AG0102970_ELECO.r07.2AG0102970.1	ELECO.r07.2AG0102970_ELECO.r07.2AG0102970.1	375	375	unique	375	375	375	0.8971291866028708	9	419	36.77777777777778	0.628539361054709	35.0	37.0	2.0	2	0.0	1.0	0.628539361054709	37	0	37	0	36.75	0.25	0.25
empirical	user_msa	Phala.08G200500_Phala.08G200500.1	Phala.08G200500_Phala.08G200500.1	375	375	unique	375	375	375	0.8971291866028708	9	419	36.77777777777778	0.628539361054709	35.0	37.0	2.0	2	0.0	1.0	0.628539361054709	37	0	37	0	36.75	0.25	0.25
empirical	user_msa	Phala.08G200500_Phala.08G200500.3	Phala.08G200500_Phala.08G200500.3	375	375	unique	375	375	375	0.8971291866028708	9	419	36.77777777777778	0.628539361054709	35.0	37.0	2.0	2	0.0	1.0	0.628539361054709	37	0	37	0	36.75	0.25	0.25
empirical	user_msa	Phala.08G200500_Phala.08G200500.2	Phala.08G200500_Phala.08G200500.2	375	375	unique	375	375	375	0.8971291866028708	9	419	36.77777777777778	0.628539361054709	35.0	37.0	2.0	2	0.0	1.0	0.628539361054709	37	0	37	0	36.75	0.25	0.25
empirical	user_msa	HORVU.MOREX.r3.6HG0571560_HORVU.MOREX.r3.6HG0571560.1	HORVU.MOREX.r3.6HG0571560_HORVU.MOREX.r3.6HG0571560.1	375	375	unique	375	375	375	0.8971291866028708	9	419	36.77777777777778	0.628539361054709	35.0	37.0	2.0	2	0.0	1.0	0.628539361054709	37	0	37	0	36.75	0.25	0.25
empirical	user_msa	TraesCS6A03G0381800_TraesCS6A03G0381800.1	TraesCS6A03G0381800_TraesCS6A03G0381800.1	375	375	unique	375	375	375	0.8971291866028708	9	419	36.77777777777778	0.628539361054709	35.0	37.0	2.0	2	0.0	1.0	0.628539361054709	37	0	37	0	36.75	0.25	0.25
empirical	user_msa	Thint.S06G201700_Thint.S06G201700.1	Thint.S06G201700_Thint.S06G201700.1	375	375	unique	375	375	375	0.8971291866028708	9	419	36.77777777777778	0.628539361054709	35.0	37.0	2.0	2	0.0	1.0	0.628539361054709	37	0	37	0	36.75	0.25	0.25
empirical	user_msa	LOC_Os02g07490_LOC_Os02g07490.1	LOC_Os02g07490_LOC_Os02g07490.1	376	376	unique	376	376	376	0.8995215311004785	9	419	39.666666666666664	0.9428090415820634	39.0	41.0	2.0	2	0.0	1.0	0.9428090415820634	39	0	39	0	39.75	-0.75	-0.75
empirical	user_msa	Oropetium_20150105_02675_Oropetium_20150105_02675A	Oropetium_20150105_02675_Oropetium_20150105_02675A	376	376	unique	376	376	376	0.8995215311004785	9	419	39.666666666666664	0.9428090415820634	39.0	41.0	2.0	2	0.0	1.0	0.9428090415820634	39	0	39	0	39.75	-0.75	-0.75
empirical	user_msa	ELECO.r07.2AG0102970_ELECO.r07.2AG0102970.1	ELECO.r07.2AG0102970_ELECO.r07.2AG0102970.1	376	376	unique	376	376	376	0.8995215311004785	9	419	39.666666666666664	0.9428090415820634	39.0	41.0	2.0	2	0.0	1.0	0.9428090415820634	39	0	39	0	39.75	-0.75	-0.75
empirical	user_msa	Phala.08G200500_Phala.08G200500.1	Phala.08G200500_Phala.08G200500.1	376	376	unique	376	376	376	0.8995215311004785	9	419	39.666666666666664	0.9428090415820634	39.0	41.0	2.0	2	0.0	1.0	0.9428090415820634	39	0	39	0	39.75	-0.75	-0.75
empirical	user_msa	Phala.08G200500_Phala.08G200500.3	Phala.08G200500_Phala.08G200500.3	376	376	unique	376	376	376	0.8995215311004785	9	419	39.666666666666664	0.9428090415820634	39.0	41.0	2.0	2	0.0	1.0	0.9428090415820634	39	0	39	0	39.75	-0.75	-0.75
empirical	user_msa	Phala.08G200500_Phala.08G200500.2	Phala.08G200500_Phala.08G200500.2	376	376	unique	376	376	376	0.8995215311004785	9	419	39.666666666666664	0.9428090415820634	39.0	41.0	2.0	2	0.0	1.0	0.9428090415820634	39	0	39	0	39.75	-0.75	-0.75
empirical	user_msa	HORVU.MOREX.r3.6HG0571560_HORVU.MOREX.r3.6HG0571560.1	HORVU.MOREX.r3.6HG0571560_HORVU.MOREX.r3.6HG0571560.1	376	376	unique	376	376	376	0.8995215311004785	9	419	39.666666666666664	0.9428090415820634	39.0	41.0	2.0	2	0.0	1.0	0.9428090415820634	41	0	41	0	39.5	1.5	1.5
empirical	user_msa	TraesCS6A03G0381800_TraesCS6A03G0381800.1	TraesCS6A03G0381800_TraesCS6A03G0381800.1	376	376	unique	376	376	376	0.8995215311004785	9	419	39.666666666666664	0.9428090415820634	39.0	41.0	2.0	2	0.0	1.0	0.9428090415820634	41	0	41	0	39.5	1.5	1.5
empirical	user_msa	Thint.S06G201700_Thint.S06G201700.1	Thint.S06G201700_Thint.S06G201700.1	376	376	unique	376	376	376	0.8995215311004785	9	419	39.666666666666664	0.9428090415820634	39.0	41.0	2.0	2	0.0	1.0	0.9428090415820634	41	0	41	0	39.5	1.5	1.5
empirical	user_msa	LOC_Os02g07490_LOC_Os02g07490.1	LOC_Os02g07490_LOC_Os02g07490.1	377	377	unique	377	377	377	0.9019138755980861	9	419	4.333333333333333	0.4714045207910317	4.0	5.0	1.0	2	0.0	1.0	0.4714045207910317	4	0	4	0	4.375	-0.375	-0.375
empirical	user_msa	Oropetium_20150105_02675_Oropetium_20150105_02675A	Oropetium_20150105_02675_Oropetium_20150105_02675A	377	377	unique	377	377	377	0.9019138755980861	9	419	4.333333333333333	0.4714045207910317	4.0	5.0	1.0	2	0.0	1.0	0.4714045207910317	4	0	4	0	4.375	-0.375	-0.375
empirical	user_msa	ELECO.r07.2AG0102970_ELECO.r07.2AG0102970.1	ELECO.r07.2AG0102970_ELECO.r07.2AG0102970.1	377	377	unique	377	377	377	0.9019138755980861	9	419	4.333333333333333	0.4714045207910317	4.0	5.0	1.0	2	0.0	1.0	0.4714045207910317	4	0	4	0	4.375	-0.375	-0.375
empirical	user_msa	Phala.08G200500_Phala.08G200500.1	Phala.08G200500_Phala.08G200500.1	377	377	unique	377	377	377	0.9019138755980861	9	419	4.333333333333333	0.4714045207910317	4.0	5.0	1.0	2	0.0	1.0	0.4714045207910317	4	0	4	0	4.375	-0.375	-0.375
empirical	user_msa	Phala.08G200500_Phala.08G200500.3	Phala.08G200500_Phala.08G200500.3	377	377	unique	377	377	377	0.9019138755980861	9	419	4.333333333333333	0.4714045207910317	4.0	5.0	1.0	2	0.0	1.0	0.4714045207910317	4	0	4	0	4.375	-0.375	-0.375
empirical	user_msa	Phala.08G200500_Phala.08G200500.2	Phala.08G200500_Phala.08G200500.2	377	377	unique	377	377	377	0.9019138755980861	9	419	4.333333333333333	0.4714045207910317	4.0	5.0	1.0	2	0.0	1.0	0.4714045207910317	4	0	4	0	4.375	-0.375	-0.375
empirical	user_msa	HORVU.MOREX.r3.6HG0571560_HORVU.MOREX.r3.6HG0571560.1	HORVU.MOREX.r3.6HG0571560_HORVU.MOREX.r3.6HG0571560.1	377	377	unique	377	377	377	0.9019138755980861	9	419	4.333333333333333	0.4714045207910317	4.0	5.0	1.0	2	0.0	1.0	0.4714045207910317	5	0	5	0	4.25	0.75	0.75
empirical	user_msa	TraesCS6A03G0381800_TraesCS6A03G0381800.1	TraesCS6A03G0381800_TraesCS6A03G0381800.1	377	377	unique	377	377	377	0.9019138755980861	9	419	4.333333333333333	0.4714045207910317	4.0	5.0	1.0	2	0.0	1.0	0.4714045207910317	5	0	5	0	4.25	0.75	0.75
empirical	user_msa	Thint.S06G201700_Thint.S06G201700.1	Thint.S06G201700_Thint.S06G201700.1	377	377	unique	377	377	377	0.9019138755980861	9	419	4.333333333333333	0.4714045207910317	4.0	5.0	1.0	2	0.0	1.0	0.4714045207910317	5	0	5	0	4.25	0.75	0.75
empirical	user_msa	LOC_Os02g07490_LOC_Os02g07490.1	LOC_Os02g07490_LOC_Os02g07490.1	378	378	unique	378	378	378	0.9043062200956937	9	419	40.666666666666664	0.9428090415820634	38.0	41.0	3.0	2	0.0	1.0	0.9428090415820634	41	0	41	0	40.625	0.375	0.375
empirical	user_msa	Oropetium_20150105_02675_Oropetium_20150105_02675A	Oropetium_20150105_02675_Oropetium_20150105_02675A	378	378	unique	378	378	378	0.9043062200956937	9	419	40.666666666666664	0.9428090415820634	38.0	41.0	3.0	2	0.0	1.0	0.9428090415820634	41	0	41	0	40.625	0.375	0.375
empirical	user_msa	ELECO.r07.2AG0102970_ELECO.r07.2AG0102970.1	ELECO.r07.2AG0102970_ELECO.r07.2AG0102970.1	378	378	unique	378	378	378	0.9043062200956937	9	419	40.666666666666664	0.9428090415820634	38.0	41.0	3.0	2	0.0	1.0	0.9428090415820634	38	0	38	0	41.0	-3.0	-3.0
empirical	user_msa	Phala.08G200500_Phala.08G200500.1	Phala.08G200500_Phala.08G200500.1	378	378	unique	378	378	378	0.9043062200956937	9	419	40.666666666666664	0.9428090415820634	38.0	41.0	3.0	2	0.0	1.0	0.9428090415820634	41	0	41	0	40.625	0.375	0.375
empirical	user_msa	Phala.08G200500_Phala.08G200500.3	Phala.08G200500_Phala.08G200500.3	378	378	unique	378	378	378	0.9043062200956937	9	419	40.666666666666664	0.9428090415820634	38.0	41.0	3.0	2	0.0	1.0	0.9428090415820634	41	0	41	0	40.625	0.375	0.375
empirical	user_msa	Phala.08G200500_Phala.08G200500.2	Phala.08G200500_Phala.08G200500.2	378	378	unique	378	378	378	0.9043062200956937	9	419	40.666666666666664	0.9428090415820634	38.0	41.0	3.0	2	0.0	1.0	0.9428090415820634	41	0	41	0	40.625	0.375	0.375
empirical	user_msa	HORVU.MOREX.r3.6HG0571560_HORVU.MOREX.r3.6HG0571560.1	HORVU.MOREX.r3.6HG0571560_HORVU.MOREX.r3.6HG0571560.1	378	378	unique	378	378	378	0.9043062200956937	9	419	40.666666666666664	0.9428090415820634	38.0	41.0	3.0	2	0.0	1.0	0.9428090415820634	41	0	41	0	40.625	0.375	0.375
empirical	user_msa	TraesCS6A03G0381800_TraesCS6A03G0381800.1	TraesCS6A03G0381800_TraesCS6A03G0381800.1	378	378	unique	378	378	378	0.9043062200956937	9	419	40.666666666666664	0.9428090415820634	38.0	41.0	3.0	2	0.0	1.0	0.9428090415820634	41	0	41	0	40.625	0.375	0.375
empirical	user_msa	Thint.S06G201700_Thint.S06G201700.1	Thint.S06G201700_Thint.S06G201700.1	378	378	unique	378	378	378	0.9043062200956937	9	419	40.666666666666664	0.9428090415820634	38.0	41.0	3.0	2	0.0	1.0	0.9428090415820634	41	0	41	0	40.625	0.375	0.375
empirical	user_msa	LOC_Os02g07490_LOC_Os02g07490.1	LOC_Os02g07490_LOC_Os02g07490.1	379	379	unique	379	379	379	0.9066985645933014	9	419	43.0	1.1547005383792515	42.0	45.0	3.0	3	0.0	1.0	1.1547005383792515	45	0	45	0	42.75	2.25	2.25
empirical	user_msa	Oropetium_20150105_02675_Oropetium_20150105_02675A	Oropetium_20150105_02675_Oropetium_20150105_02675A	379	379	unique	379	379	379	0.9066985645933014	9	419	43.0	1.1547005383792515	42.0	45.0	3.0	3	0.0	1.0	1.1547005383792515	42	0	42	0	43.125	-1.125	-1.125
empirical	user_msa	ELECO.r07.2AG0102970_ELECO.r07.2AG0102970.1	ELECO.r07.2AG0102970_ELECO.r07.2AG0102970.1	379	379	unique	379	379	379	0.9066985645933014	9	419	43.0	1.1547005383792515	42.0	45.0	3.0	3	0.0	1.0	1.1547005383792515	45	0	45	0	42.75	2.25	2.25
empirical	user_msa	Phala.08G200500_Phala.08G200500.1	Phala.08G200500_Phala.08G200500.1	379	379	unique	379	379	379	0.9066985645933014	9	419	43.0	1.1547005383792515	42.0	45.0	3.0	3	0.0	1.0	1.1547005383792515	42	0	42	0	43.125	-1.125	-1.125
empirical	user_msa	Phala.08G200500_Phala.08G200500.3	Phala.08G200500_Phala.08G200500.3	379	379	unique	379	379	379	0.9066985645933014	9	419	43.0	1.1547005383792515	42.0	45.0	3.0	3	0.0	1.0	1.1547005383792515	42	0	42	0	43.125	-1.125	-1.125
empirical	user_msa	Phala.08G200500_Phala.08G200500.2	Phala.08G200500_Phala.08G200500.2	379	379	unique	379	379	379	0.9066985645933014	9	419	43.0	1.1547005383792515	42.0	45.0	3.0	3	0.0	1.0	1.1547005383792515	42	0	42	0	43.125	-1.125	-1.125
empirical	user_msa	HORVU.MOREX.r3.6HG0571560_HORVU.MOREX.r3.6HG0571560.1	HORVU.MOREX.r3.6HG0571560_HORVU.MOREX.r3.6HG0571560.1	379	379	unique	379	379	379	0.9066985645933014	9	419	43.0	1.1547005383792515	42.0	45.0	3.0	3	0.0	1.0	1.1547005383792515	43	0	43	0	43.0	0.0	0.0
empirical	user_msa	TraesCS6A03G0381800_TraesCS6A03G0381800.1	TraesCS6A03G0381800_TraesCS6A03G0381800.1	379	379	unique	379	379	379	0.9066985645933014	9	419	43.0	1.1547005383792515	42.0	45.0	3.0	3	0.0	1.0	1.1547005383792515	43	0	43	0	43.0	0.0	0.0
empirical	user_msa	Thint.S06G201700_Thint.S06G201700.1	Thint.S06G201700_Thint.S06G201700.1	379	379	unique	379	379	379	0.9066985645933014	9	419	43.0	1.1547005383792515	42.0	45.0	3.0	3	0.0	1.0	1.1547005383792515	43	0	43	0	43.0	0.0	0.0
empirical	user_msa	LOC_Os02g07490_LOC_Os02g07490.1	LOC_Os02g07490_LOC_Os02g07490.1	380	380	unique	380	380	380	0.9090909090909091	9	419	16.666666666666668	0.4714045207910317	16.0	17.0	1.0	2	0.0	1.0	0.4714045207910317	17	0	17	0	16.625	0.375	0.375
empirical	user_msa	Oropetium_20150105_02675_Oropetium_20150105_02675A	Oropetium_20150105_02675_Oropetium_20150105_02675A	380	380	unique	380	380	380	0.9090909090909091	9	419	16.666666666666668	0.4714045207910317	16.0	17.0	1.0	2	0.0	1.0	0.4714045207910317	17	0	17	0	16.625	0.375	0.375
empirical	user_msa	ELECO.r07.2AG0102970_ELECO.r07.2AG0102970.1	ELECO.r07.2AG0102970_ELECO.r07.2AG0102970.1	380	380	unique	380	380	380	0.9090909090909091	9	419	16.666666666666668	0.4714045207910317	16.0	17.0	1.0	2	0.0	1.0	0.4714045207910317	17	0	17	0	16.625	0.375	0.375
empirical	user_msa	Phala.08G200500_Phala.08G200500.1	Phala.08G200500_Phala.08G200500.1	380	380	unique	380	380	380	0.9090909090909091	9	419	16.666666666666668	0.4714045207910317	16.0	17.0	1.0	2	0.0	1.0	0.4714045207910317	17	0	17	0	16.625	0.375	0.375
empirical	user_msa	Phala.08G200500_Phala.08G200500.3	Phala.08G200500_Phala.08G200500.3	380	380	unique	380	380	380	0.9090909090909091	9	419	16.666666666666668	0.4714045207910317	16.0	17.0	1.0	2	0.0	1.0	0.4714045207910317	17	0	17	0	16.625	0.375	0.375
empirical	user_msa	Phala.08G200500_Phala.08G200500.2	Phala.08G200500_Phala.08G200500.2	380	380	unique	380	380	380	0.9090909090909091	9	419	16.666666666666668	0.4714045207910317	16.0	17.0	1.0	2	0.0	1.0	0.4714045207910317	17	0	17	0	16.625	0.375	0.375
empirical	user_msa	HORVU.MOREX.r3.6HG0571560_HORVU.MOREX.r3.6HG0571560.1	HORVU.MOREX.r3.6HG0571560_HORVU.MOREX.r3.6HG0571560.1	380	380	unique	380	380	380	0.9090909090909091	9	419	16.666666666666668	0.4714045207910317	16.0	17.0	1.0	2	0.0	1.0	0.4714045207910317	16	0	16	0	16.75	-0.75	-0.75
empirical	user_msa	TraesCS6A03G0381800_TraesCS6A03G0381800.1	TraesCS6A03G0381800_TraesCS6A03G0381800.1	380	380	unique	380	380	380	0.9090909090909091	9	419	16.666666666666668	0.4714045207910317	16.0	17.0	1.0	2	0.0	1.0	0.4714045207910317	16	0	16	0	16.75	-0.75	-0.75
empirical	user_msa	Thint.S06G201700_Thint.S06G201700.1	Thint.S06G201700_Thint.S06G201700.1	380	380	unique	380	380	380	0.9090909090909091	9	419	16.666666666666668	0.4714045207910317	16.0	17.0	1.0	2	0.0	1.0	0.4714045207910317	16	0	16	0	16.75	-0.75	-0.75
empirical	user_msa	LOC_Os02g07490_LOC_Os02g07490.1	LOC_Os02g07490_LOC_Os02g07490.1	381	381	unique	381	381	381	0.9114832535885168	9	419	41.77777777777778	0.9162456945817022	41.0	44.0	3.0	3	0.0	1.0	0.9162456945817022	42	0	42	0	41.75	0.25	0.25
empirical	user_msa	Oropetium_20150105_02675_Oropetium_20150105_02675A	Oropetium_20150105_02675_Oropetium_20150105_02675A	381	381	unique	381	381	381	0.9114832535885168	9	419	41.77777777777778	0.9162456945817022	41.0	44.0	3.0	3	0.0	1.0	0.9162456945817022	41	0	41	0	41.875	-0.875	-0.875
empirical	user_msa	ELECO.r07.2AG0102970_ELECO.r07.2AG0102970.1	ELECO.r07.2AG0102970_ELECO.r07.2AG0102970.1	381	381	unique	381	381	381	0.9114832535885168	9	419	41.77777777777778	0.9162456945817022	41.0	44.0	3.0	3	0.0	1.0	0.9162456945817022	42	0	42	0	41.75	0.25	0.25
empirical	user_msa	Phala.08G200500_Phala.08G200500.1	Phala.08G200500_Phala.08G200500.1	381	381	unique	381	381	381	0.9114832535885168	9	419	41.77777777777778	0.9162456945817022	41.0	44.0	3.0	3	0.0	1.0	0.9162456945817022	41	0	41	0	41.875	-0.875	-0.875
empirical	user_msa	Phala.08G200500_Phala.08G200500.3	Phala.08G200500_Phala.08G200500.3	381	381	unique	381	381	381	0.9114832535885168	9	419	41.77777777777778	0.9162456945817022	41.0	44.0	3.0	3	0.0	1.0	0.9162456945817022	41	0	41	0	41.875	-0.875	-0.875
empirical	user_msa	Phala.08G200500_Phala.08G200500.2	Phala.08G200500_Phala.08G200500.2	381	381	unique	381	381	381	0.9114832535885168	9	419	41.77777777777778	0.9162456945817022	41.0	44.0	3.0	3	0.0	1.0	0.9162456945817022	41	0	41	0	41.875	-0.875	-0.875
empirical	user_msa	HORVU.MOREX.r3.6HG0571560_HORVU.MOREX.r3.6HG0571560.1	HORVU.MOREX.r3.6HG0571560_HORVU.MOREX.r3.6HG0571560.1	381	381	unique	381	381	381	0.9114832535885168	9	419	41.77777777777778	0.9162456945817022	41.0	44.0	3.0	3	0.0	1.0	0.9162456945817022	42	0	42	0	41.75	0.25	0.25
empirical	user_msa	TraesCS6A03G0381800_TraesCS6A03G0381800.1	TraesCS6A03G0381800_TraesCS6A03G0381800.1	381	381	unique	381	381	381	0.9114832535885168	9	419	41.77777777777778	0.9162456945817022	41.0	44.0	3.0	3	0.0	1.0	0.9162456945817022	44	0	44	0	41.5	2.5	2.5
empirical	user_msa	Thint.S06G201700_Thint.S06G201700.1	Thint.S06G201700_Thint.S06G201700.1	381	381	unique	381	381	381	0.9114832535885168	9	419	41.77777777777778	0.9162456945817022	41.0	44.0	3.0	3	0.0	1.0	0.9162456945817022	42	0	42	0	41.75	0.25	0.25
empirical	user_msa	LOC_Os02g07490_LOC_Os02g07490.1	LOC_Os02g07490_LOC_Os02g07490.1	382	382	unique	382	382	382	0.9138755980861244	9	419	35.0	9.213516640723501	30.0	61.0	31.0	3	0.0	1.0	9.213516640723501	32	0	32	0	35.375	-3.375	-3.375
empirical	user_msa	Oropetium_20150105_02675_Oropetium_20150105_02675A	Oropetium_20150105_02675_Oropetium_20150105_02675A	382	382	unique	382	382	382	0.9138755980861244	9	419	35.0	9.213516640723501	30.0	61.0	31.0	3	0.0	1.0	9.213516640723501	61	0	61	0	31.75	29.25	29.25
empirical	user_msa	ELECO.r07.2AG0102970_ELECO.r07.2AG0102970.1	ELECO.r07.2AG0102970_ELECO.r07.2AG0102970.1	382	382	unique	382	382	382	0.9138755980861244	9	419	35.0	9.213516640723501	30.0	61.0	31.0	3	0.0	1.0	9.213516640723501	32	0	32	0	35.375	-3.375	-3.375
empirical	user_msa	Phala.08G200500_Phala.08G200500.1	Phala.08G200500_Phala.08G200500.1	382	382	unique	382	382	382	0.9138755980861244	9	419	35.0	9.213516640723501	30.0	61.0	31.0	3	0.0	1.0	9.213516640723501	32	0	32	0	35.375	-3.375	-3.375
empirical	user_msa	Phala.08G200500_Phala.08G200500.3	Phala.08G200500_Phala.08G200500.3	382	382	unique	382	382	382	0.9138755980861244	9	419	35.0	9.213516640723501	30.0	61.0	31.0	3	0.0	1.0	9.213516640723501	32	0	32	0	35.375	-3.375	-3.375
empirical	user_msa	Phala.08G200500_Phala.08G200500.2	Phala.08G200500_Phala.08G200500.2	382	382	unique	382	382	382	0.9138755980861244	9	419	35.0	9.213516640723501	30.0	61.0	31.0	3	0.0	1.0	9.213516640723501	32	0	32	0	35.375	-3.375	-3.375
empirical	user_msa	HORVU.MOREX.r3.6HG0571560_HORVU.MOREX.r3.6HG0571560.1	HORVU.MOREX.r3.6HG0571560_HORVU.MOREX.r3.6HG0571560.1	382	382	unique	382	382	382	0.9138755980861244	9	419	35.0	9.213516640723501	30.0	61.0	31.0	3	0.0	1.0	9.213516640723501	30	0	30	0	35.625	-5.625	-5.625
empirical	user_msa	TraesCS6A03G0381800_TraesCS6A03G0381800.1	TraesCS6A03G0381800_TraesCS6A03G0381800.1	382	382	unique	382	382	382	0.9138755980861244	9	419	35.0	9.213516640723501	30.0	61.0	31.0	3	0.0	1.0	9.213516640723501	32	0	32	0	35.375	-3.375	-3.375
empirical	user_msa	Thint.S06G201700_Thint.S06G201700.1	Thint.S06G201700_Thint.S06G201700.1	382	382	unique	382	382	382	0.9138755980861244	9	419	35.0	9.213516640723501	30.0	61.0	31.0	3	0.0	1.0	9.213516640723501	32	0	32	0	35.375	-3.375	-3.375
empirical	user_msa	LOC_Os02g07490_LOC_Os02g07490.1	LOC_Os02g07490_LOC_Os02g07490.1	383	383	unique	383	383	383	0.916267942583732	9	419	8.333333333333334	3.5276684147527875	3.0	13.0	10.0	4	0.0	1.0	3.5276684147527875	11	0	11	0	8.0	3.0	3.0
empirical	user_msa	Oropetium_20150105_02675_Oropetium_20150105_02675A	Oropetium_20150105_02675_Oropetium_20150105_02675A	383	383	unique	383	383	383	0.916267942583732	9	419	8.333333333333334	3.5276684147527875	3.0	13.0	10.0	4	0.0	1.0	3.5276684147527875	3	0	3	0	9.0	-6.0	-6.0
empirical	user_msa	ELECO.r07.2AG0102970_ELECO.r07.2AG0102970.1	ELECO.r07.2AG0102970_ELECO.r07.2AG0102970.1	383	383	unique	383	383	383	0.916267942583732	9	419	8.333333333333334	3.5276684147527875	3.0	13.0	10.0	4	0.0	1.0	3.5276684147527875	13	0	13	0	7.75	5.25	5.25
empirical	user_msa	Phala.08G200500_Phala.08G200500.1	Phala.08G200500_Phala.08G200500.1	383	383	unique	383	383	383	0.916267942583732	9	419	8.333333333333334	3.5276684147527875	3.0	13.0	10.0	4	0.0	1.0	3.5276684147527875	5	0	5	0	8.75	-3.75	-3.75
empirical	user_msa	Phala.08G200500_Phala.08G200500.3	Phala.08G200500_Phala.08G200500.3	383	383	unique	383	383	383	0.916267942583732	9	419	8.333333333333334	3.5276684147527875	3.0	13.0	10.0	4	0.0	1.0	3.5276684147527875	5	0	5	0	8.75	-3.75	-3.75
empirical	user_msa	Phala.08G200500_Phala.08G200500.2	Phala.08G200500_Phala.08G200500.2	383	383	unique	383	383	383	0.916267942583732	9	419	8.333333333333334	3.5276684147527875	3.0	13.0	10.0	4	0.0	1.0	3.5276684147527875	5	0	5	0	8.75	-3.75	-3.75
empirical	user_msa	HORVU.MOREX.r3.6HG0571560_HORVU.MOREX.r3.6HG0571560.1	HORVU.MOREX.r3.6HG0571560_HORVU.MOREX.r3.6HG0571560.1	383	383	unique	383	383	383	0.916267942583732	9	419	8.333333333333334	3.5276684147527875	3.0	13.0	10.0	4	0.0	1.0	3.5276684147527875	11	0	11	0	8.0	3.0	3.0
empirical	user_msa	TraesCS6A03G0381800_TraesCS6A03G0381800.1	TraesCS6A03G0381800_TraesCS6A03G0381800.1	383	383	unique	383	383	383	0.916267942583732	9	419	8.333333333333334	3.5276684147527875	3.0	13.0	10.0	4	0.0	1.0	3.5276684147527875	11	0	11	0	8.0	3.0	3.0
empirical	user_msa	Thint.S06G201700_Thint.S06G201700.1	Thint.S06G201700_Thint.S06G201700.1	383	383	unique	383	383	383	0.916267942583732	9	419	8.333333333333334	3.5276684147527875	3.0	13.0	10.0	4	0.0	1.0	3.5276684147527875	11	0	11	0	8.0	3.0	3.0
empirical	user_msa	LOC_Os02g07490_LOC_Os02g07490.1	LOC_Os02g07490_LOC_Os02g07490.1	384	384	unique	384	384	384	0.9186602870813397	9	419	46.111111111111114	9.938079899999064	35.0	55.0	20.0	2	0.0	1.0	9.938079899999064	55	0	55	0	45.0	10.0	10.0
empirical	user_msa	Oropetium_20150105_02675_Oropetium_20150105_02675A	Oropetium_20150105_02675_Oropetium_20150105_02675A	384	384	unique	384	384	384	0.9186602870813397	9	419	46.111111111111114	9.938079899999064	35.0	55.0	20.0	2	0.0	1.0	9.938079899999064	35	0	35	0	47.5	-12.5	-12.5
empirical	user_msa	ELECO.r07.2AG0102970_ELECO.r07.2AG0102970.1	ELECO.r07.2AG0102970_ELECO.r07.2AG0102970.1	384	384	unique	384	384	384	0.9186602870813397	9	419	46.111111111111114	9.938079899999064	35.0	55.0	20.0	2	0.0	1.0	9.938079899999064	55	0	55	0	45.0	10.0	10.0
empirical	user_msa	Phala.08G200500_Phala.08G200500.1	Phala.08G200500_Phala.08G200500.1	384	384	unique	384	384	384	0.9186602870813397	9	419	46.111111111111114	9.938079899999064	35.0	55.0	20.0	2	0.0	1.0	9.938079899999064	35	0	35	0	47.5	-12.5	-12.5
empirical	user_msa	Phala.08G200500_Phala.08G200500.3	Phala.08G200500_Phala.08G200500.3	384	384	unique	384	384	384	0.9186602870813397	9	419	46.111111111111114	9.938079899999064	35.0	55.0	20.0	2	0.0	1.0	9.938079899999064	35	0	35	0	47.5	-12.5	-12.5
empirical	user_msa	Phala.08G200500_Phala.08G200500.2	Phala.08G200500_Phala.08G200500.2	384	384	unique	384	384	384	0.9186602870813397	9	419	46.111111111111114	9.938079899999064	35.0	55.0	20.0	2	0.0	1.0	9.938079899999064	35	0	35	0	47.5	-12.5	-12.5
empirical	user_msa	HORVU.MOREX.r3.6HG0571560_HORVU.MOREX.r3.6HG0571560.1	HORVU.MOREX.r3.6HG0571560_HORVU.MOREX.r3.6HG0571560.1	384	384	unique	384	384	384	0.9186602870813397	9	419	46.111111111111114	9.938079899999064	35.0	55.0	20.0	2	0.0	1.0	9.938079899999064	55	0	55	0	45.0	10.0	10.0
empirical	user_msa	TraesCS6A03G0381800_TraesCS6A03G0381800.1	TraesCS6A03G0381800_TraesCS6A03G0381800.1	384	384	unique	384	384	384	0.9186602870813397	9	419	46.111111111111114	9.938079899999064	35.0	55.0	20.0	2	0.0	1.0	9.938079899999064	55	0	55	0	45.0	10.0	10.0
empirical	user_msa	Thint.S06G201700_Thint.S06G201700.1	Thint.S06G201700_Thint.S06G201700.1	384	384	unique	384	384	384	0.9186602870813397	9	419	46.111111111111114	9.938079899999064	35.0	55.0	20.0	2	0.0	1.0	9.938079899999064	55	0	55	0	45.0	10.0	10.0
empirical	user_msa	LOC_Os02g07490_LOC_Os02g07490.1	LOC_Os02g07490_LOC_Os02g07490.1	385	385	unique	385	385	385	0.9210526315789473	9	419	30.88888888888889	24.722659172168555	3.0	53.0	50.0	3	0.0	1.0	24.722659172168555	53	0	53	0	28.125	24.875	24.875
empirical	user_msa	Oropetium_20150105_02675_Oropetium_20150105_02675A	Oropetium_20150105_02675_Oropetium_20150105_02675A	385	385	unique	385	385	385	0.9210526315789473	9	419	30.88888888888889	24.722659172168555	3.0	53.0	50.0	3	0.0	1.0	24.722659172168555	4	0	4	0	34.25	-30.25	-30.25
empirical	user_msa	ELECO.r07.2AG0102970_ELECO.r07.2AG0102970.1	ELECO.r07.2AG0102970_ELECO.r07.2AG0102970.1	385	385	unique	385	385	385	0.9210526315789473	9	419	30.88888888888889	24.722659172168555	3.0	53.0	50.0	3	0.0	1.0	24.722659172168555	53	0	53	0	28.125	24.875	24.875
empirical	user_msa	Phala.08G200500_Phala.08G200500.1	Phala.08G200500_Phala.08G200500.1	385	385	unique	385	385	385	0.9210526315789473	9	419	30.88888888888889	24.722659172168555	3.0	53.0	50.0	3	0.0	1.0	24.722659172168555	3	0	3	0	34.375	-31.375	-31.375
empirical	user_msa	Phala.08G200500_Phala.08G200500.3	Phala.08G200500_Phala.08G200500.3	385	385	unique	385	385	385	0.9210526315789473	9	419	30.88888888888889	24.722659172168555	3.0	53.0	50.0	3	0.0	1.0	24.722659172168555	3	0	3	0	34.375	-31.375	-31.375
empirical	user_msa	Phala.08G200500_Phala.08G200500.2	Phala.08G200500_Phala.08G200500.2	385	385	unique	385	385	385	0.9210526315789473	9	419	30.88888888888889	24.722659172168555	3.0	53.0	50.0	3	0.0	1.0	24.722659172168555	3	0	3	0	34.375	-31.375	-31.375
empirical	user_msa	HORVU.MOREX.r3.6HG0571560_HORVU.MOREX.r3.6HG0571560.1	HORVU.MOREX.r3.6HG0571560_HORVU.MOREX.r3.6HG0571560.1	385	385	unique	385	385	385	0.9210526315789473	9	419	30.88888888888889	24.722659172168555	3.0	53.0	50.0	3	0.0	1.0	24.722659172168555	53	0	53	0	28.125	24.875	24.875
empirical	user_msa	TraesCS6A03G0381800_TraesCS6A03G0381800.1	TraesCS6A03G0381800_TraesCS6A03G0381800.1	385	385	unique	385	385	385	0.9210526315789473	9	419	30.88888888888889	24.722659172168555	3.0	53.0	50.0	3	0.0	1.0	24.722659172168555	53	0	53	0	28.125	24.875	24.875
empirical	user_msa	Thint.S06G201700_Thint.S06G201700.1	Thint.S06G201700_Thint.S06G201700.1	385	385	unique	385	385	385	0.9210526315789473	9	419	30.88888888888889	24.722659172168555	3.0	53.0	50.0	3	0.0	1.0	24.722659172168555	53	0	53	0	28.125	24.875	24.875
empirical	user_msa	LOC_Os02g07490_LOC_Os02g07490.1	LOC_Os02g07490_LOC_Os02g07490.1	386	386	unique	386	386	386	0.9234449760765551	9	419	60.888888888888886	0.9938079899999066	60.0	62.0	2.0	2	0.0	1.0	0.9938079899999066	60	0	60	0	61.0	-1.0	-1.0
empirical	user_msa	Oropetium_20150105_02675_Oropetium_20150105_02675A	Oropetium_20150105_02675_Oropetium_20150105_02675A	386	386	unique	386	386	386	0.9234449760765551	9	419	60.888888888888886	0.9938079899999066	60.0	62.0	2.0	2	0.0	1.0	0.9938079899999066	62	0	62	0	60.75	1.25	1.25
empirical	user_msa	ELECO.r07.2AG0102970_ELECO.r07.2AG0102970.1	ELECO.r07.2AG0102970_ELECO.r07.2AG0102970.1	386	386	unique	386	386	386	0.9234449760765551	9	419	60.888888888888886	0.9938079899999066	60.0	62.0	2.0	2	0.0	1.0	0.9938079899999066	60	0	60	0	61.0	-1.0	-1.0
empirical	user_msa	Phala.08G200500_Phala.08G200500.1	Phala.08G200500_Phala.08G200500.1	386	386	unique	386	386	386	0.9234449760765551	9	419	60.888888888888886	0.9938079899999066	60.0	62.0	2.0	2	0.0	1.0	0.9938079899999066	62	0	62	0	60.75	1.25	1.25
empirical	user_msa	Phala.08G200500_Phala.08G200500.3	Phala.08G200500_Phala.08G200500.3	386	386	unique	386	386	386	0.9234449760765551	9	419	60.888888888888886	0.9938079899999066	60.0	62.0	2.0	2	0.0	1.0	0.9938079899999066	62	0	62	0	60.75	1.25	1.25
empirical	user_msa	Phala.08G200500_Phala.08G200500.2	Phala.08G200500_Phala.08G200500.2	386	386	unique	386	386	386	0.9234449760765551	9	419	60.888888888888886	0.9938079899999066	60.0	62.0	2.0	2	0.0	1.0	0.9938079899999066	62	0	62	0	60.75	1.25	1.25
empirical	user_msa	HORVU.MOREX.r3.6HG0571560_HORVU.MOREX.r3.6HG0571560.1	HORVU.MOREX.r3.6HG0571560_HORVU.MOREX.r3.6HG0571560.1	386	386	unique	386	386	386	0.9234449760765551	9	419	60.888888888888886	0.9938079899999066	60.0	62.0	2.0	2	0.0	1.0	0.9938079899999066	60	0	60	0	61.0	-1.0	-1.0
empirical	user_msa	TraesCS6A03G0381800_TraesCS6A03G0381800.1	TraesCS6A03G0381800_TraesCS6A03G0381800.1	386	386	unique	386	386	386	0.9234449760765551	9	419	60.888888888888886	0.9938079899999066	60.0	62.0	2.0	2	0.0	1.0	0.9938079899999066	60	0	60	0	61.0	-1.0	-1.0
empirical	user_msa	Thint.S06G201700_Thint.S06G201700.1	Thint.S06G201700_Thint.S06G201700.1	386	386	unique	386	386	386	0.9234449760765551	9	419	60.888888888888886	0.9938079899999066	60.0	62.0	2.0	2	0.0	1.0	0.9938079899999066	60	0	60	0	61.0	-1.0	-1.0
empirical	user_msa	LOC_Os02g07490_LOC_Os02g07490.1	LOC_Os02g07490_LOC_Os02g07490.1	387	387	unique	387	387	387	0.9258373205741627	9	419	17.11111111111111	11.03977097633264	9.0	47.0	38.0	3	0.0	1.0	11.03977097633264	16	0	16	0	17.25	-1.25	-1.25
empirical	user_msa	Oropetium_20150105_02675_Oropetium_20150105_02675A	Oropetium_20150105_02675_Oropetium_20150105_02675A	387	387	unique	387	387	387	0.9258373205741627	9	419	17.11111111111111	11.03977097633264	9.0	47.0	38.0	3	0.0	1.0	11.03977097633264	47	0	47	0	13.375	33.625	33.625
empirical	user_msa	ELECO.r07.2AG0102970_ELECO.r07.2AG0102970.1	ELECO.r07.2AG0102970_ELECO.r07.2AG0102970.1	387	387	unique	387	387	387	0.9258373205741627	9	419	17.11111111111111	11.03977097633264	9.0	47.0	38.0	3	0.0	1.0	11.03977097633264	16	0	16	0	17.25	-1.25	-1.25
empirical	user_msa	Phala.08G200500_Phala.08G200500.1	Phala.08G200500_Phala.08G200500.1	387	387	unique	387	387	387	0.9258373205741627	9	419	17.11111111111111	11.03977097633264	9.0	47.0	38.0	3	0.0	1.0	11.03977097633264	9	0	9	0	18.125	-9.125	-9.125
empirical	user_msa	Phala.08G200500_Phala.08G200500.3	Phala.08G200500_Phala.08G200500.3	387	387	unique	387	387	387	0.9258373205741627	9	419	17.11111111111111	11.03977097633264	9.0	47.0	38.0	3	0.0	1.0	11.03977097633264	9	0	9	0	18.125	-9.125	-9.125
empirical	user_msa	Phala.08G200500_Phala.08G200500.2	Phala.08G200500_Phala.08G200500.2	387	387	unique	387	387	387	0.9258373205741627	9	419	17.11111111111111	11.03977097633264	9.0	47.0	38.0	3	0.0	1.0	11.03977097633264	9	0	9	0	18.125	-9.125	-9.125
empirical	user_msa	HORVU.MOREX.r3.6HG0571560_HORVU.MOREX.r3.6HG0571560.1	HORVU.MOREX.r3.6HG0571560_HORVU.MOREX.r3.6HG0571560.1	387	387	unique	387	387	387	0.9258373205741627	9	419	17.11111111111111	11.03977097633264	9.0	47.0	38.0	3	0.0	1.0	11.03977097633264	16	0	16	0	17.25	-1.25	-1.25
empirical	user_msa	TraesCS6A03G0381800_TraesCS6A03G0381800.1	TraesCS6A03G0381800_TraesCS6A03G0381800.1	387	387	unique	387	387	387	0.9258373205741627	9	419	17.11111111111111	11.03977097633264	9.0	47.0	38.0	3	0.0	1.0	11.03977097633264	16	0	16	0	17.25	-1.25	-1.25
empirical	user_msa	Thint.S06G201700_Thint.S06G201700.1	Thint.S06G201700_Thint.S06G201700.1	387	387	unique	387	387	387	0.9258373205741627	9	419	17.11111111111111	11.03977097633264	9.0	47.0	38.0	3	0.0	1.0	11.03977097633264	16	0	16	0	17.25	-1.25	-1.25
empirical	user_msa	LOC_Os02g07490_LOC_Os02g07490.1	LOC_Os02g07490_LOC_Os02g07490.1	388	388	unique	388	388	388	0.9282296650717703	9	419	4.0	0.0	4.0	4.0	0.0	1	0.0	1.0	0.0	4	0	4	0	4.0	0.0	0.0
empirical	user_msa	Oropetium_20150105_02675_Oropetium_20150105_02675A	Oropetium_20150105_02675_Oropetium_20150105_02675A	388	388	unique	388	388	388	0.9282296650717703	9	419	4.0	0.0	4.0	4.0	0.0	1	0.0	1.0	0.0	4	0	4	0	4.0	0.0	0.0
empirical	user_msa	ELECO.r07.2AG0102970_ELECO.r07.2AG0102970.1	ELECO.r07.2AG0102970_ELECO.r07.2AG0102970.1	388	388	unique	388	388	388	0.9282296650717703	9	419	4.0	0.0	4.0	4.0	0.0	1	0.0	1.0	0.0	4	0	4	0	4.0	0.0	0.0
empirical	user_msa	Phala.08G200500_Phala.08G200500.1	Phala.08G200500_Phala.08G200500.1	388	388	unique	388	388	388	0.9282296650717703	9	419	4.0	0.0	4.0	4.0	0.0	1	0.0	1.0	0.0	4	0	4	0	4.0	0.0	0.0
empirical	user_msa	Phala.08G200500_Phala.08G200500.3	Phala.08G200500_Phala.08G200500.3	388	388	unique	388	388	388	0.9282296650717703	9	419	4.0	0.0	4.0	4.0	0.0	1	0.0	1.0	0.0	4	0	4	0	4.0	0.0	0.0
empirical	user_msa	Phala.08G200500_Phala.08G200500.2	Phala.08G200500_Phala.08G200500.2	388	388	unique	388	388	388	0.9282296650717703	9	419	4.0	0.0	4.0	4.0	0.0	1	0.0	1.0	0.0	4	0	4	0	4.0	0.0	0.0
empirical	user_msa	HORVU.MOREX.r3.6HG0571560_HORVU.MOREX.r3.6HG0571560.1	HORVU.MOREX.r3.6HG0571560_HORVU.MOREX.r3.6HG0571560.1	388	388	unique	388	388	388	0.9282296650717703	9	419	4.0	0.0	4.0	4.0	0.0	1	0.0	1.0	0.0	4	0	4	0	4.0	0.0	0.0
empirical	user_msa	TraesCS6A03G0381800_TraesCS6A03G0381800.1	TraesCS6A03G0381800_TraesCS6A03G0381800.1	388	388	unique	388	388	388	0.9282296650717703	9	419	4.0	0.0	4.0	4.0	0.0	1	0.0	1.0	0.0	4	0	4	0	4.0	0.0	0.0
empirical	user_msa	Thint.S06G201700_Thint.S06G201700.1	Thint.S06G201700_Thint.S06G201700.1	388	388	unique	388	388	388	0.9282296650717703	9	419	4.0	0.0	4.0	4.0	0.0	1	0.0	1.0	0.0	4	0	4	0	4.0	0.0	0.0
empirical	user_msa	LOC_Os02g07490_LOC_Os02g07490.1	LOC_Os02g07490_LOC_Os02g07490.1	389	389	unique	389	389	389	0.930622009569378	9	419	31.666666666666668	0.9428090415820634	31.0	33.0	2.0	2	0.0	1.0	0.9428090415820634	33	0	33	0	31.5	1.5	1.5
empirical	user_msa	Oropetium_20150105_02675_Oropetium_20150105_02675A	Oropetium_20150105_02675_Oropetium_20150105_02675A	389	389	unique	389	389	389	0.930622009569378	9	419	31.666666666666668	0.9428090415820634	31.0	33.0	2.0	2	0.0	1.0	0.9428090415820634	33	0	33	0	31.5	1.5	1.5
empirical	user_msa	ELECO.r07.2AG0102970_ELECO.r07.2AG0102970.1	ELECO.r07.2AG0102970_ELECO.r07.2AG0102970.1	389	389	unique	389	389	389	0.930622009569378	9	419	31.666666666666668	0.9428090415820634	31.0	33.0	2.0	2	0.0	1.0	0.9428090415820634	33	0	33	0	31.5	1.5	1.5
empirical	user_msa	Phala.08G200500_Phala.08G200500.1	Phala.08G200500_Phala.08G200500.1	389	389	unique	389	389	389	0.930622009569378	9	419	31.666666666666668	0.9428090415820634	31.0	33.0	2.0	2	0.0	1.0	0.9428090415820634	31	0	31	0	31.75	-0.75	-0.75
empirical	user_msa	Phala.08G200500_Phala.08G200500.3	Phala.08G200500_Phala.08G200500.3	389	389	unique	389	389	389	0.930622009569378	9	419	31.666666666666668	0.9428090415820634	31.0	33.0	2.0	2	0.0	1.0	0.9428090415820634	31	0	31	0	31.75	-0.75	-0.75
empirical	user_msa	Phala.08G200500_Phala.08G200500.2	Phala.08G200500_Phala.08G200500.2	389	389	unique	389	389	389	0.930622009569378	9	419	31.666666666666668	0.9428090415820634	31.0	33.0	2.0	2	0.0	1.0	0.9428090415820634	31	0	31	0	31.75	-0.75	-0.75
empirical	user_msa	HORVU.MOREX.r3.6HG0571560_HORVU.MOREX.r3.6HG0571560.1	HORVU.MOREX.r3.6HG0571560_HORVU.MOREX.r3.6HG0571560.1	389	389	unique	389	389	389	0.930622009569378	9	419	31.666666666666668	0.9428090415820634	31.0	33.0	2.0	2	0.0	1.0	0.9428090415820634	31	0	31	0	31.75	-0.75	-0.75
empirical	user_msa	TraesCS6A03G0381800_TraesCS6A03G0381800.1	TraesCS6A03G0381800_TraesCS6A03G0381800.1	389	389	unique	389	389	389	0.930622009569378	9	419	31.666666666666668	0.9428090415820634	31.0	33.0	2.0	2	0.0	1.0	0.9428090415820634	31	0	31	0	31.75	-0.75	-0.75
empirical	user_msa	Thint.S06G201700_Thint.S06G201700.1	Thint.S06G201700_Thint.S06G201700.1	389	389	unique	389	389	389	0.930622009569378	9	419	31.666666666666668	0.9428090415820634	31.0	33.0	2.0	2	0.0	1.0	0.9428090415820634	31	0	31	0	31.75	-0.75	-0.75
empirical	user_msa	LOC_Os02g07490_LOC_Os02g07490.1	LOC_Os02g07490_LOC_Os02g07490.1	390	390	unique	390	390	390	0.9330143540669856	9	419	37.55555555555556	14.538157541152112	17.0	48.0	31.0	3	0.0	1.0	14.538157541152112	48	0	48	0	36.25	11.75	11.75
empirical	user_msa	Oropetium_20150105_02675_Oropetium_20150105_02675A	Oropetium_20150105_02675_Oropetium_20150105_02675A	390	390	unique	390	390	390	0.9330143540669856	9	419	37.55555555555556	14.538157541152112	17.0	48.0	31.0	3	0.0	1.0	14.538157541152112	48	0	48	0	36.25	11.75	11.75
empirical	user_msa	ELECO.r07.2AG0102970_ELECO.r07.2AG0102970.1	ELECO.r07.2AG0102970_ELECO.r07.2AG0102970.1	390	390	unique	390	390	390	0.9330143540669856	9	419	37.55555555555556	14.538157541152112	17.0	48.0	31.0	3	0.0	1.0	14.538157541152112	47	0	47	0	36.375	10.625	10.625
empirical	user_msa	Phala.08G200500_Phala.08G200500.1	Phala.08G200500_Phala.08G200500.1	390	390	unique	390	390	390	0.9330143540669856	9	419	37.55555555555556	14.538157541152112	17.0	48.0	31.0	3	0.0	1.0	14.538157541152112	17	0	17	0	40.125	-23.125	-23.125
empirical	user_msa	Phala.08G200500_Phala.08G200500.3	Phala.08G200500_Phala.08G200500.3	390	390	unique	390	390	390	0.9330143540669856	9	419	37.55555555555556	14.538157541152112	17.0	48.0	31.0	3	0.0	1.0	14.538157541152112	17	0	17	0	40.125	-23.125	-23.125
empirical	user_msa	Phala.08G200500_Phala.08G200500.2	Phala.08G200500_Phala.08G200500.2	390	390	unique	390	390	390	0.9330143540669856	9	419	37.55555555555556	14.538157541152112	17.0	48.0	31.0	3	0.0	1.0	14.538157541152112	17	0	17	0	40.125	-23.125	-23.125
empirical	user_msa	HORVU.MOREX.r3.6HG0571560_HORVU.MOREX.r3.6HG0571560.1	HORVU.MOREX.r3.6HG0571560_HORVU.MOREX.r3.6HG0571560.1	390	390	unique	390	390	390	0.9330143540669856	9	419	37.55555555555556	14.538157541152112	17.0	48.0	31.0	3	0.0	1.0	14.538157541152112	48	0	48	0	36.25	11.75	11.75
empirical	user_msa	TraesCS6A03G0381800_TraesCS6A03G0381800.1	TraesCS6A03G0381800_TraesCS6A03G0381800.1	390	390	unique	390	390	390	0.9330143540669856	9	419	37.55555555555556	14.538157541152112	17.0	48.0	31.0	3	0.0	1.0	14.538157541152112	48	0	48	0	36.25	11.75	11.75
empirical	user_msa	Thint.S06G201700_Thint.S06G201700.1	Thint.S06G201700_Thint.S06G201700.1	390	390	unique	390	390	390	0.9330143540669856	9	419	37.55555555555556	14.538157541152112	17.0	48.0	31.0	3	0.0	1.0	14.538157541152112	48	0	48	0	36.25	11.75	11.75
empirical	user_msa	LOC_Os02g07490_LOC_Os02g07490.1	LOC_Os02g07490_LOC_Os02g07490.1	391	391	unique	391	391	391	0.9354066985645934	9	419	50.22222222222222	6.9406656385517405	41.0	61.0	20.0	6	0.0	1.0	6.9406656385517405	52	0	52	0	50.0	2.0	2.0
empirical	user_msa	Oropetium_20150105_02675_Oropetium_20150105_02675A	Oropetium_20150105_02675_Oropetium_20150105_02675A	391	391	unique	391	391	391	0.9354066985645934	9	419	50.22222222222222	6.9406656385517405	41.0	61.0	20.0	6	0.0	1.0	6.9406656385517405	53	0	53	0	49.875	3.125	3.125
empirical	user_msa	ELECO.r07.2AG0102970_ELECO.r07.2AG0102970.1	ELECO.r07.2AG0102970_ELECO.r07.2AG0102970.1	391	391	unique	391	391	391	0.9354066985645934	9	419	50.22222222222222	6.9406656385517405	41.0	61.0	20.0	6	0.0	1.0	6.9406656385517405	55	0	55	0	49.625	5.375	5.375
empirical	user_msa	Phala.08G200500_Phala.08G200500.1	Phala.08G200500_Phala.08G200500.1	391	391	unique	391	391	391	0.9354066985645934	9	419	50.22222222222222	6.9406656385517405	41.0	61.0	20.0	6	0.0	1.0	6.9406656385517405	41	0	41	0	51.375	-10.375	-10.375
empirical	user_msa	Phala.08G200500_Phala.08G200500.3	Phala.08G200500_Phala.08G200500.3	391	391	unique	391	391	391	0.9354066985645934	9	419	50.22222222222222	6.9406656385517405	41.0	61.0	20.0	6	0.0	1.0	6.9406656385517405	41	0	41	0	51.375	-10.375	-10.375
empirical	user_msa	Phala.08G200500_Phala.08G200500.2	Phala.08G200500_Phala.08G200500.2	391	391	unique	391	391	391	0.9354066985645934	9	419	50.22222222222222	6.9406656385517405	41.0	61.0	20.0	6	0.0	1.0	6.9406656385517405	41	0	41	0	51.375	-10.375	-10.375
empirical	user_msa	HORVU.MOREX.r3.6HG0571560_HORVU.MOREX.r3.6HG0571560.1	HORVU.MOREX.r3.6HG0571560_HORVU.MOREX.r3.6HG0571560.1	391	391	unique	391	391	391	0.9354066985645934	9	419	50.22222222222222	6.9406656385517405	41.0	61.0	20.0	6	0.0	1.0	6.9406656385517405	61	0	61	0	48.875	12.125	12.125
empirical	user_msa	TraesCS6A03G0381800_TraesCS6A03G0381800.1	TraesCS6A03G0381800_TraesCS6A03G0381800.1	391	391	unique	391	391	391	0.9354066985645934	9	419	50.22222222222222	6.9406656385517405	41.0	61.0	20.0	6	0.0	1.0	6.9406656385517405	54	0	54	0	49.75	4.25	4.25
empirical	user_msa	Thint.S06G201700_Thint.S06G201700.1	Thint.S06G201700_Thint.S06G201700.1	391	391	unique	391	391	391	0.9354066985645934	9	419	50.22222222222222	6.9406656385517405	41.0	61.0	20.0	6	0.0	1.0	6.9406656385517405	54	0	54	0	49.75	4.25	4.25
empirical	user_msa	LOC_Os02g07490_LOC_Os02g07490.1	LOC_Os02g07490_LOC_Os02g07490.1	392	392	unique	392	392	392	0.937799043062201	9	419	57.0	0.0	57.0	57.0	0.0	1	0.0	1.0	0.0	57	0	57	0	57.0	0.0	0.0
empirical	user_msa	Oropetium_20150105_02675_Oropetium_20150105_02675A	Oropetium_20150105_02675_Oropetium_20150105_02675A	392	392	unique	392	392	392	0.937799043062201	9	419	57.0	0.0	57.0	57.0	0.0	1	0.0	1.0	0.0	57	0	57	0	57.0	0.0	0.0
empirical	user_msa	ELECO.r07.2AG0102970_ELECO.r07.2AG0102970.1	ELECO.r07.2AG0102970_ELECO.r07.2AG0102970.1	392	392	unique	392	392	392	0.937799043062201	9	419	57.0	0.0	57.0	57.0	0.0	1	0.0	1.0	0.0	57	0	57	0	57.0	0.0	0.0
empirical	user_msa	Phala.08G200500_Phala.08G200500.1	Phala.08G200500_Phala.08G200500.1	392	392	unique	392	392	392	0.937799043062201	9	419	57.0	0.0	57.0	57.0	0.0	1	0.0	1.0	0.0	57	0	57	0	57.0	0.0	0.0
empirical	user_msa	Phala.08G200500_Phala.08G200500.3	Phala.08G200500_Phala.08G200500.3	392	392	unique	392	392	392	0.937799043062201	9	419	57.0	0.0	57.0	57.0	0.0	1	0.0	1.0	0.0	57	0	57	0	57.0	0.0	0.0
empirical	user_msa	Phala.08G200500_Phala.08G200500.2	Phala.08G200500_Phala.08G200500.2	392	392	unique	392	392	392	0.937799043062201	9	419	57.0	0.0	57.0	57.0	0.0	1	0.0	1.0	0.0	57	0	57	0	57.0	0.0	0.0
empirical	user_msa	HORVU.MOREX.r3.6HG0571560_HORVU.MOREX.r3.6HG0571560.1	HORVU.MOREX.r3.6HG0571560_HORVU.MOREX.r3.6HG0571560.1	392	392	unique	392	392	392	0.937799043062201	9	419	57.0	0.0	57.0	57.0	0.0	1	0.0	1.0	0.0	57	0	57	0	57.0	0.0	0.0
empirical	user_msa	TraesCS6A03G0381800_TraesCS6A03G0381800.1	TraesCS6A03G0381800_TraesCS6A03G0381800.1	392	392	unique	392	392	392	0.937799043062201	9	419	57.0	0.0	57.0	57.0	0.0	1	0.0	1.0	0.0	57	0	57	0	57.0	0.0	0.0
empirical	user_msa	Thint.S06G201700_Thint.S06G201700.1	Thint.S06G201700_Thint.S06G201700.1	392	392	unique	392	392	392	0.937799043062201	9	419	57.0	0.0	57.0	57.0	0.0	1	0.0	1.0	0.0	57	0	57	0	57.0	0.0	0.0
empirical	user_msa	LOC_Os02g07490_LOC_Os02g07490.1	LOC_Os02g07490_LOC_Os02g07490.1	393	393	unique	393	393	393	0.9401913875598086	9	419	50.55555555555556	0.4969039949999533	50.0	51.0	1.0	2	0.0	1.0	0.4969039949999533	51	0	51	0	50.5	0.5	0.5
empirical	user_msa	Oropetium_20150105_02675_Oropetium_20150105_02675A	Oropetium_20150105_02675_Oropetium_20150105_02675A	393	393	unique	393	393	393	0.9401913875598086	9	419	50.55555555555556	0.4969039949999533	50.0	51.0	1.0	2	0.0	1.0	0.4969039949999533	50	0	50	0	50.625	-0.625	-0.625
empirical	user_msa	ELECO.r07.2AG0102970_ELECO.r07.2AG0102970.1	ELECO.r07.2AG0102970_ELECO.r07.2AG0102970.1	393	393	unique	393	393	393	0.9401913875598086	9	419	50.55555555555556	0.4969039949999533	50.0	51.0	1.0	2	0.0	1.0	0.4969039949999533	51	0	51	0	50.5	0.5	0.5
empirical	user_msa	Phala.08G200500_Phala.08G200500.1	Phala.08G200500_Phala.08G200500.1	393	393	unique	393	393	393	0.9401913875598086	9	419	50.55555555555556	0.4969039949999533	50.0	51.0	1.0	2	0.0	1.0	0.4969039949999533	51	0	51	0	50.5	0.5	0.5
empirical	user_msa	Phala.08G200500_Phala.08G200500.3	Phala.08G200500_Phala.08G200500.3	393	393	unique	393	393	393	0.9401913875598086	9	419	50.55555555555556	0.4969039949999533	50.0	51.0	1.0	2	0.0	1.0	0.4969039949999533	51	0	51	0	50.5	0.5	0.5
empirical	user_msa	Phala.08G200500_Phala.08G200500.2	Phala.08G200500_Phala.08G200500.2	393	393	unique	393	393	393	0.9401913875598086	9	419	50.55555555555556	0.4969039949999533	50.0	51.0	1.0	2	0.0	1.0	0.4969039949999533	51	0	51	0	50.5	0.5	0.5
empirical	user_msa	HORVU.MOREX.r3.6HG0571560_HORVU.MOREX.r3.6HG0571560.1	HORVU.MOREX.r3.6HG0571560_HORVU.MOREX.r3.6HG0571560.1	393	393	unique	393	393	393	0.9401913875598086	9	419	50.55555555555556	0.4969039949999533	50.0	51.0	1.0	2	0.0	1.0	0.4969039949999533	50	0	50	0	50.625	-0.625	-0.625
empirical	user_msa	TraesCS6A03G0381800_TraesCS6A03G0381800.1	TraesCS6A03G0381800_TraesCS6A03G0381800.1	393	393	unique	393	393	393	0.9401913875598086	9	419	50.55555555555556	0.4969039949999533	50.0	51.0	1.0	2	0.0	1.0	0.4969039949999533	50	0	50	0	50.625	-0.625	-0.625
empirical	user_msa	Thint.S06G201700_Thint.S06G201700.1	Thint.S06G201700_Thint.S06G201700.1	393	393	unique	393	393	393	0.9401913875598086	9	419	50.55555555555556	0.4969039949999533	50.0	51.0	1.0	2	0.0	1.0	0.4969039949999533	50	0	50	0	50.625	-0.625	-0.625
empirical	user_msa	LOC_Os02g07490_LOC_Os02g07490.1	LOC_Os02g07490_LOC_Os02g07490.1	394	394	unique	394	394	394	0.9425837320574163	9	419	35.0	0.0	35.0	35.0	0.0	1	0.0	1.0	0.0	35	0	35	0	35.0	0.0	0.0
empirical	user_msa	Oropetium_20150105_02675_Oropetium_20150105_02675A	Oropetium_20150105_02675_Oropetium_20150105_02675A	394	394	unique	394	394	394	0.9425837320574163	9	419	35.0	0.0	35.0	35.0	0.0	1	0.0	1.0	0.0	35	0	35	0	35.0	0.0	0.0
empirical	user_msa	ELECO.r07.2AG0102970_ELECO.r07.2AG0102970.1	ELECO.r07.2AG0102970_ELECO.r07.2AG0102970.1	394	394	unique	394	394	394	0.9425837320574163	9	419	35.0	0.0	35.0	35.0	0.0	1	0.0	1.0	0.0	35	0	35	0	35.0	0.0	0.0
empirical	user_msa	Phala.08G200500_Phala.08G200500.1	Phala.08G200500_Phala.08G200500.1	394	394	unique	394	394	394	0.9425837320574163	9	419	35.0	0.0	35.0	35.0	0.0	1	0.0	1.0	0.0	35	0	35	0	35.0	0.0	0.0
empirical	user_msa	Phala.08G200500_Phala.08G200500.3	Phala.08G200500_Phala.08G200500.3	394	394	unique	394	394	394	0.9425837320574163	9	419	35.0	0.0	35.0	35.0	0.0	1	0.0	1.0	0.0	35	0	35	0	35.0	0.0	0.0
empirical	user_msa	Phala.08G200500_Phala.08G200500.2	Phala.08G200500_Phala.08G200500.2	394	394	unique	394	394	394	0.9425837320574163	9	419	35.0	0.0	35.0	35.0	0.0	1	0.0	1.0	0.0	35	0	35	0	35.0	0.0	0.0
empirical	user_msa	HORVU.MOREX.r3.6HG0571560_HORVU.MOREX.r3.6HG0571560.1	HORVU.MOREX.r3.6HG0571560_HORVU.MOREX.r3.6HG0571560.1	394	394	unique	394	394	394	0.9425837320574163	9	419	35.0	0.0	35.0	35.0	0.0	1	0.0	1.0	0.0	35	0	35	0	35.0	0.0	0.0
empirical	user_msa	TraesCS6A03G0381800_TraesCS6A03G0381800.1	TraesCS6A03G0381800_TraesCS6A03G0381800.1	394	394	unique	394	394	394	0.9425837320574163	9	419	35.0	0.0	35.0	35.0	0.0	1	0.0	1.0	0.0	35	0	35	0	35.0	0.0	0.0
empirical	user_msa	Thint.S06G201700_Thint.S06G201700.1	Thint.S06G201700_Thint.S06G201700.1	394	394	unique	394	394	394	0.9425837320574163	9	419	35.0	0.0	35.0	35.0	0.0	1	0.0	1.0	0.0	35	0	35	0	35.0	0.0	0.0
empirical	user_msa	LOC_Os02g07490_LOC_Os02g07490.1	LOC_Os02g07490_LOC_Os02g07490.1	395	395	unique	395	395	395	0.9449760765550239	9	419	3.0	0.0	3.0	3.0	0.0	1	0.0	1.0	0.0	3	0	3	0	3.0	0.0	0.0
empirical	user_msa	Oropetium_20150105_02675_Oropetium_20150105_02675A	Oropetium_20150105_02675_Oropetium_20150105_02675A	395	395	unique	395	395	395	0.9449760765550239	9	419	3.0	0.0	3.0	3.0	0.0	1	0.0	1.0	0.0	3	0	3	0	3.0	0.0	0.0
empirical	user_msa	ELECO.r07.2AG0102970_ELECO.r07.2AG0102970.1	ELECO.r07.2AG0102970_ELECO.r07.2AG0102970.1	395	395	unique	395	395	395	0.9449760765550239	9	419	3.0	0.0	3.0	3.0	0.0	1	0.0	1.0	0.0	3	0	3	0	3.0	0.0	0.0
empirical	user_msa	Phala.08G200500_Phala.08G200500.1	Phala.08G200500_Phala.08G200500.1	395	395	unique	395	395	395	0.9449760765550239	9	419	3.0	0.0	3.0	3.0	0.0	1	0.0	1.0	0.0	3	0	3	0	3.0	0.0	0.0
empirical	user_msa	Phala.08G200500_Phala.08G200500.3	Phala.08G200500_Phala.08G200500.3	395	395	unique	395	395	395	0.9449760765550239	9	419	3.0	0.0	3.0	3.0	0.0	1	0.0	1.0	0.0	3	0	3	0	3.0	0.0	0.0
empirical	user_msa	Phala.08G200500_Phala.08G200500.2	Phala.08G200500_Phala.08G200500.2	395	395	unique	395	395	395	0.9449760765550239	9	419	3.0	0.0	3.0	3.0	0.0	1	0.0	1.0	0.0	3	0	3	0	3.0	0.0	0.0
empirical	user_msa	HORVU.MOREX.r3.6HG0571560_HORVU.MOREX.r3.6HG0571560.1	HORVU.MOREX.r3.6HG0571560_HORVU.MOREX.r3.6HG0571560.1	395	395	unique	395	395	395	0.9449760765550239	9	419	3.0	0.0	3.0	3.0	0.0	1	0.0	1.0	0.0	3	0	3	0	3.0	0.0	0.0
empirical	user_msa	TraesCS6A03G0381800_TraesCS6A03G0381800.1	TraesCS6A03G0381800_TraesCS6A03G0381800.1	395	395	unique	395	395	395	0.9449760765550239	9	419	3.0	0.0	3.0	3.0	0.0	1	0.0	1.0	0.0	3	0	3	0	3.0	0.0	0.0
empirical	user_msa	Thint.S06G201700_Thint.S06G201700.1	Thint.S06G201700_Thint.S06G201700.1	395	395	unique	395	395	395	0.9449760765550239	9	419	3.0	0.0	3.0	3.0	0.0	1	0.0	1.0	0.0	3	0	3	0	3.0	0.0	0.0
empirical	user_msa	LOC_Os02g07490_LOC_Os02g07490.1	LOC_Os02g07490_LOC_Os02g07490.1	396	396	unique	396	396	396	0.9473684210526315	9	419	36.0	0.0	36.0	36.0	0.0	1	0.0	1.0	0.0	36	0	36	0	36.0	0.0	0.0
empirical	user_msa	Oropetium_20150105_02675_Oropetium_20150105_02675A	Oropetium_20150105_02675_Oropetium_20150105_02675A	396	396	unique	396	396	396	0.9473684210526315	9	419	36.0	0.0	36.0	36.0	0.0	1	0.0	1.0	0.0	36	0	36	0	36.0	0.0	0.0
empirical	user_msa	ELECO.r07.2AG0102970_ELECO.r07.2AG0102970.1	ELECO.r07.2AG0102970_ELECO.r07.2AG0102970.1	396	396	unique	396	396	396	0.9473684210526315	9	419	36.0	0.0	36.0	36.0	0.0	1	0.0	1.0	0.0	36	0	36	0	36.0	0.0	0.0
empirical	user_msa	Phala.08G200500_Phala.08G200500.1	Phala.08G200500_Phala.08G200500.1	396	396	unique	396	396	396	0.9473684210526315	9	419	36.0	0.0	36.0	36.0	0.0	1	0.0	1.0	0.0	36	0	36	0	36.0	0.0	0.0
empirical	user_msa	Phala.08G200500_Phala.08G200500.3	Phala.08G200500_Phala.08G200500.3	396	396	unique	396	396	396	0.9473684210526315	9	419	36.0	0.0	36.0	36.0	0.0	1	0.0	1.0	0.0	36	0	36	0	36.0	0.0	0.0
empirical	user_msa	Phala.08G200500_Phala.08G200500.2	Phala.08G200500_Phala.08G200500.2	396	396	unique	396	396	396	0.9473684210526315	9	419	36.0	0.0	36.0	36.0	0.0	1	0.0	1.0	0.0	36	0	36	0	36.0	0.0	0.0
empirical	user_msa	HORVU.MOREX.r3.6HG0571560_HORVU.MOREX.r3.6HG0571560.1	HORVU.MOREX.r3.6HG0571560_HORVU.MOREX.r3.6HG0571560.1	396	396	unique	396	396	396	0.9473684210526315	9	419	36.0	0.0	36.0	36.0	0.0	1	0.0	1.0	0.0	36	0	36	0	36.0	0.0	0.0
empirical	user_msa	TraesCS6A03G0381800_TraesCS6A03G0381800.1	TraesCS6A03G0381800_TraesCS6A03G0381800.1	396	396	unique	396	396	396	0.9473684210526315	9	419	36.0	0.0	36.0	36.0	0.0	1	0.0	1.0	0.0	36	0	36	0	36.0	0.0	0.0
empirical	user_msa	Thint.S06G201700_Thint.S06G201700.1	Thint.S06G201700_Thint.S06G201700.1	396	396	unique	396	396	396	0.9473684210526315	9	419	36.0	0.0	36.0	36.0	0.0	1	0.0	1.0	0.0	36	0	36	0	36.0	0.0	0.0
empirical	user_msa	LOC_Os02g07490_LOC_Os02g07490.1	LOC_Os02g07490_LOC_Os02g07490.1	397	397	unique	397	397	397	0.9497607655502392	9	419	57.0	0.0	57.0	57.0	0.0	1	0.0	1.0	0.0	57	0	57	0	57.0	0.0	0.0
empirical	user_msa	Oropetium_20150105_02675_Oropetium_20150105_02675A	Oropetium_20150105_02675_Oropetium_20150105_02675A	397	397	unique	397	397	397	0.9497607655502392	9	419	57.0	0.0	57.0	57.0	0.0	1	0.0	1.0	0.0	57	0	57	0	57.0	0.0	0.0
empirical	user_msa	ELECO.r07.2AG0102970_ELECO.r07.2AG0102970.1	ELECO.r07.2AG0102970_ELECO.r07.2AG0102970.1	397	397	unique	397	397	397	0.9497607655502392	9	419	57.0	0.0	57.0	57.0	0.0	1	0.0	1.0	0.0	57	0	57	0	57.0	0.0	0.0
empirical	user_msa	Phala.08G200500_Phala.08G200500.1	Phala.08G200500_Phala.08G200500.1	397	397	unique	397	397	397	0.9497607655502392	9	419	57.0	0.0	57.0	57.0	0.0	1	0.0	1.0	0.0	57	0	57	0	57.0	0.0	0.0
empirical	user_msa	Phala.08G200500_Phala.08G200500.3	Phala.08G200500_Phala.08G200500.3	397	397	unique	397	397	397	0.9497607655502392	9	419	57.0	0.0	57.0	57.0	0.0	1	0.0	1.0	0.0	57	0	57	0	57.0	0.0	0.0
empirical	user_msa	Phala.08G200500_Phala.08G200500.2	Phala.08G200500_Phala.08G200500.2	397	397	unique	397	397	397	0.9497607655502392	9	419	57.0	0.0	57.0	57.0	0.0	1	0.0	1.0	0.0	57	0	57	0	57.0	0.0	0.0
empirical	user_msa	HORVU.MOREX.r3.6HG0571560_HORVU.MOREX.r3.6HG0571560.1	HORVU.MOREX.r3.6HG0571560_HORVU.MOREX.r3.6HG0571560.1	397	397	unique	397	397	397	0.9497607655502392	9	419	57.0	0.0	57.0	57.0	0.0	1	0.0	1.0	0.0	57	0	57	0	57.0	0.0	0.0
empirical	user_msa	TraesCS6A03G0381800_TraesCS6A03G0381800.1	TraesCS6A03G0381800_TraesCS6A03G0381800.1	397	397	unique	397	397	397	0.9497607655502392	9	419	57.0	0.0	57.0	57.0	0.0	1	0.0	1.0	0.0	57	0	57	0	57.0	0.0	0.0
empirical	user_msa	Thint.S06G201700_Thint.S06G201700.1	Thint.S06G201700_Thint.S06G201700.1	397	397	unique	397	397	397	0.9497607655502392	9	419	57.0	0.0	57.0	57.0	0.0	1	0.0	1.0	0.0	57	0	57	0	57.0	0.0	0.0
empirical	user_msa	LOC_Os02g07490_LOC_Os02g07490.1	LOC_Os02g07490_LOC_Os02g07490.1	398	398	unique	398	398	398	0.9521531100478469	9	419	43.0	0.0	43.0	43.0	0.0	1	0.0	1.0	0.0	43	0	43	0	43.0	0.0	0.0
empirical	user_msa	Oropetium_20150105_02675_Oropetium_20150105_02675A	Oropetium_20150105_02675_Oropetium_20150105_02675A	398	398	unique	398	398	398	0.9521531100478469	9	419	43.0	0.0	43.0	43.0	0.0	1	0.0	1.0	0.0	43	0	43	0	43.0	0.0	0.0
empirical	user_msa	ELECO.r07.2AG0102970_ELECO.r07.2AG0102970.1	ELECO.r07.2AG0102970_ELECO.r07.2AG0102970.1	398	398	unique	398	398	398	0.9521531100478469	9	419	43.0	0.0	43.0	43.0	0.0	1	0.0	1.0	0.0	43	0	43	0	43.0	0.0	0.0
empirical	user_msa	Phala.08G200500_Phala.08G200500.1	Phala.08G200500_Phala.08G200500.1	398	398	unique	398	398	398	0.9521531100478469	9	419	43.0	0.0	43.0	43.0	0.0	1	0.0	1.0	0.0	43	0	43	0	43.0	0.0	0.0
empirical	user_msa	Phala.08G200500_Phala.08G200500.3	Phala.08G200500_Phala.08G200500.3	398	398	unique	398	398	398	0.9521531100478469	9	419	43.0	0.0	43.0	43.0	0.0	1	0.0	1.0	0.0	43	0	43	0	43.0	0.0	0.0
empirical	user_msa	Phala.08G200500_Phala.08G200500.2	Phala.08G200500_Phala.08G200500.2	398	398	unique	398	398	398	0.9521531100478469	9	419	43.0	0.0	43.0	43.0	0.0	1	0.0	1.0	0.0	43	0	43	0	43.0	0.0	0.0
empirical	user_msa	HORVU.MOREX.r3.6HG0571560_HORVU.MOREX.r3.6HG0571560.1	HORVU.MOREX.r3.6HG0571560_HORVU.MOREX.r3.6HG0571560.1	398	398	unique	398	398	398	0.9521531100478469	9	419	43.0	0.0	43.0	43.0	0.0	1	0.0	1.0	0.0	43	0	43	0	43.0	0.0	0.0
empirical	user_msa	TraesCS6A03G0381800_TraesCS6A03G0381800.1	TraesCS6A03G0381800_TraesCS6A03G0381800.1	398	398	unique	398	398	398	0.9521531100478469	9	419	43.0	0.0	43.0	43.0	0.0	1	0.0	1.0	0.0	43	0	43	0	43.0	0.0	0.0
empirical	user_msa	Thint.S06G201700_Thint.S06G201700.1	Thint.S06G201700_Thint.S06G201700.1	398	398	unique	398	398	398	0.9521531100478469	9	419	43.0	0.0	43.0	43.0	0.0	1	0.0	1.0	0.0	43	0	43	0	43.0	0.0	0.0
empirical	user_msa	LOC_Os02g07490_LOC_Os02g07490.1	LOC_Os02g07490_LOC_Os02g07490.1	399	399	unique	399	399	399	0.9545454545454546	9	419	50.0	0.0	50.0	50.0	0.0	1	0.0	1.0	0.0	50	0	50	0	50.0	0.0	0.0
empirical	user_msa	Oropetium_20150105_02675_Oropetium_20150105_02675A	Oropetium_20150105_02675_Oropetium_20150105_02675A	399	399	unique	399	399	399	0.9545454545454546	9	419	50.0	0.0	50.0	50.0	0.0	1	0.0	1.0	0.0	50	0	50	0	50.0	0.0	0.0
empirical	user_msa	ELECO.r07.2AG0102970_ELECO.r07.2AG0102970.1	ELECO.r07.2AG0102970_ELECO.r07.2AG0102970.1	399	399	unique	399	399	399	0.9545454545454546	9	419	50.0	0.0	50.0	50.0	0.0	1	0.0	1.0	0.0	50	0	50	0	50.0	0.0	0.0
empirical	user_msa	Phala.08G200500_Phala.08G200500.1	Phala.08G200500_Phala.08G200500.1	399	399	unique	399	399	399	0.9545454545454546	9	419	50.0	0.0	50.0	50.0	0.0	1	0.0	1.0	0.0	50	0	50	0	50.0	0.0	0.0
empirical	user_msa	Phala.08G200500_Phala.08G200500.3	Phala.08G200500_Phala.08G200500.3	399	399	unique	399	399	399	0.9545454545454546	9	419	50.0	0.0	50.0	50.0	0.0	1	0.0	1.0	0.0	50	0	50	0	50.0	0.0	0.0
empirical	user_msa	Phala.08G200500_Phala.08G200500.2	Phala.08G200500_Phala.08G200500.2	399	399	unique	399	399	399	0.9545454545454546	9	419	50.0	0.0	50.0	50.0	0.0	1	0.0	1.0	0.0	50	0	50	0	50.0	0.0	0.0
empirical	user_msa	HORVU.MOREX.r3.6HG0571560_HORVU.MOREX.r3.6HG0571560.1	HORVU.MOREX.r3.6HG0571560_HORVU.MOREX.r3.6HG0571560.1	399	399	unique	399	399	399	0.9545454545454546	9	419	50.0	0.0	50.0	50.0	0.0	1	0.0	1.0	0.0	50	0	50	0	50.0	0.0	0.0
empirical	user_msa	TraesCS6A03G0381800_TraesCS6A03G0381800.1	TraesCS6A03G0381800_TraesCS6A03G0381800.1	399	399	unique	399	399	399	0.9545454545454546	9	419	50.0	0.0	50.0	50.0	0.0	1	0.0	1.0	0.0	50	0	50	0	50.0	0.0	0.0
empirical	user_msa	Thint.S06G201700_Thint.S06G201700.1	Thint.S06G201700_Thint.S06G201700.1	399	399	unique	399	399	399	0.9545454545454546	9	419	50.0	0.0	50.0	50.0	0.0	1	0.0	1.0	0.0	50	0	50	0	50.0	0.0	0.0
empirical	user_msa	LOC_Os02g07490_LOC_Os02g07490.1	LOC_Os02g07490_LOC_Os02g07490.1	400	400	unique	400	400	400	0.9569377990430622	9	419	11.0	0.0	11.0	11.0	0.0	1	0.0	1.0	0.0	11	0	11	0	11.0	0.0	0.0
empirical	user_msa	Oropetium_20150105_02675_Oropetium_20150105_02675A	Oropetium_20150105_02675_Oropetium_20150105_02675A	400	400	unique	400	400	400	0.9569377990430622	9	419	11.0	0.0	11.0	11.0	0.0	1	0.0	1.0	0.0	11	0	11	0	11.0	0.0	0.0
empirical	user_msa	ELECO.r07.2AG0102970_ELECO.r07.2AG0102970.1	ELECO.r07.2AG0102970_ELECO.r07.2AG0102970.1	400	400	unique	400	400	400	0.9569377990430622	9	419	11.0	0.0	11.0	11.0	0.0	1	0.0	1.0	0.0	11	0	11	0	11.0	0.0	0.0
empirical	user_msa	Phala.08G200500_Phala.08G200500.1	Phala.08G200500_Phala.08G200500.1	400	400	unique	400	400	400	0.9569377990430622	9	419	11.0	0.0	11.0	11.0	0.0	1	0.0	1.0	0.0	11	0	11	0	11.0	0.0	0.0
empirical	user_msa	Phala.08G200500_Phala.08G200500.3	Phala.08G200500_Phala.08G200500.3	400	400	unique	400	400	400	0.9569377990430622	9	419	11.0	0.0	11.0	11.0	0.0	1	0.0	1.0	0.0	11	0	11	0	11.0	0.0	0.0
empirical	user_msa	Phala.08G200500_Phala.08G200500.2	Phala.08G200500_Phala.08G200500.2	400	400	unique	400	400	400	0.9569377990430622	9	419	11.0	0.0	11.0	11.0	0.0	1	0.0	1.0	0.0	11	0	11	0	11.0	0.0	0.0
empirical	user_msa	HORVU.MOREX.r3.6HG0571560_HORVU.MOREX.r3.6HG0571560.1	HORVU.MOREX.r3.6HG0571560_HORVU.MOREX.r3.6HG0571560.1	400	400	unique	400	400	400	0.9569377990430622	9	419	11.0	0.0	11.0	11.0	0.0	1	0.0	1.0	0.0	11	0	11	0	11.0	0.0	0.0
empirical	user_msa	TraesCS6A03G0381800_TraesCS6A03G0381800.1	TraesCS6A03G0381800_TraesCS6A03G0381800.1	400	400	unique	400	400	400	0.9569377990430622	9	419	11.0	0.0	11.0	11.0	0.0	1	0.0	1.0	0.0	11	0	11	0	11.0	0.0	0.0
empirical	user_msa	Thint.S06G201700_Thint.S06G201700.1	Thint.S06G201700_Thint.S06G201700.1	400	400	unique	400	400	400	0.9569377990430622	9	419	11.0	0.0	11.0	11.0	0.0	1	0.0	1.0	0.0	11	0	11	0	11.0	0.0	0.0
empirical	user_msa	LOC_Os02g07490_LOC_Os02g07490.1	LOC_Os02g07490_LOC_Os02g07490.1	401	401	unique	401	401	401	0.9593301435406698	9	419	8.555555555555555	15.713484026367722	3.0	53.0	50.0	2	0.0	1.0	15.713484026367722	3	0	3	0	9.25	-6.25	-6.25
empirical	user_msa	Oropetium_20150105_02675_Oropetium_20150105_02675A	Oropetium_20150105_02675_Oropetium_20150105_02675A	401	401	unique	401	401	401	0.9593301435406698	9	419	8.555555555555555	15.713484026367722	3.0	53.0	50.0	2	0.0	1.0	15.713484026367722	53	0	53	0	3.0	50.0	50.0
empirical	user_msa	ELECO.r07.2AG0102970_ELECO.r07.2AG0102970.1	ELECO.r07.2AG0102970_ELECO.r07.2AG0102970.1	401	401	unique	401	401	401	0.9593301435406698	9	419	8.555555555555555	15.713484026367722	3.0	53.0	50.0	2	0.0	1.0	15.713484026367722	3	0	3	0	9.25	-6.25	-6.25
empirical	user_msa	Phala.08G200500_Phala.08G200500.1	Phala.08G200500_Phala.08G200500.1	401	401	unique	401	401	401	0.9593301435406698	9	419	8.555555555555555	15.713484026367722	3.0	53.0	50.0	2	0.0	1.0	15.713484026367722	3	0	3	0	9.25	-6.25	-6.25
empirical	user_msa	Phala.08G200500_Phala.08G200500.3	Phala.08G200500_Phala.08G200500.3	401	401	unique	401	401	401	0.9593301435406698	9	419	8.555555555555555	15.713484026367722	3.0	53.0	50.0	2	0.0	1.0	15.713484026367722	3	0	3	0	9.25	-6.25	-6.25
empirical	user_msa	Phala.08G200500_Phala.08G200500.2	Phala.08G200500_Phala.08G200500.2	401	401	unique	401	401	401	0.9593301435406698	9	419	8.555555555555555	15.713484026367722	3.0	53.0	50.0	2	0.0	1.0	15.713484026367722	3	0	3	0	9.25	-6.25	-6.25
empirical	user_msa	HORVU.MOREX.r3.6HG0571560_HORVU.MOREX.r3.6HG0571560.1	HORVU.MOREX.r3.6HG0571560_HORVU.MOREX.r3.6HG0571560.1	401	401	unique	401	401	401	0.9593301435406698	9	419	8.555555555555555	15.713484026367722	3.0	53.0	50.0	2	0.0	1.0	15.713484026367722	3	0	3	0	9.25	-6.25	-6.25
empirical	user_msa	TraesCS6A03G0381800_TraesCS6A03G0381800.1	TraesCS6A03G0381800_TraesCS6A03G0381800.1	401	401	unique	401	401	401	0.9593301435406698	9	419	8.555555555555555	15.713484026367722	3.0	53.0	50.0	2	0.0	1.0	15.713484026367722	3	0	3	0	9.25	-6.25	-6.25
empirical	user_msa	Thint.S06G201700_Thint.S06G201700.1	Thint.S06G201700_Thint.S06G201700.1	401	401	unique	401	401	401	0.9593301435406698	9	419	8.555555555555555	15.713484026367722	3.0	53.0	50.0	2	0.0	1.0	15.713484026367722	3	0	3	0	9.25	-6.25	-6.25
empirical	user_msa	LOC_Os02g07490_LOC_Os02g07490.1	LOC_Os02g07490_LOC_Os02g07490.1	402	402	unique	402	402	402	0.9617224880382775	9	419	28.22222222222222	1.227262335243029	26.0	29.0	3.0	3	0.0	1.0	1.227262335243029	29	0	29	0	28.125	0.875	0.875
empirical	user_msa	Oropetium_20150105_02675_Oropetium_20150105_02675A	Oropetium_20150105_02675_Oropetium_20150105_02675A	402	402	unique	402	402	402	0.9617224880382775	9	419	28.22222222222222	1.227262335243029	26.0	29.0	3.0	3	0.0	1.0	1.227262335243029	29	0	29	0	28.125	0.875	0.875
empirical	user_msa	ELECO.r07.2AG0102970_ELECO.r07.2AG0102970.1	ELECO.r07.2AG0102970_ELECO.r07.2AG0102970.1	402	402	unique	402	402	402	0.9617224880382775	9	419	28.22222222222222	1.227262335243029	26.0	29.0	3.0	3	0.0	1.0	1.227262335243029	29	0	29	0	28.125	0.875	0.875
empirical	user_msa	Phala.08G200500_Phala.08G200500.1	Phala.08G200500_Phala.08G200500.1	402	402	unique	402	402	402	0.9617224880382775	9	419	28.22222222222222	1.227262335243029	26.0	29.0	3.0	3	0.0	1.0	1.227262335243029	29	0	29	0	28.125	0.875	0.875
empirical	user_msa	Phala.08G200500_Phala.08G200500.3	Phala.08G200500_Phala.08G200500.3	402	402	unique	402	402	402	0.9617224880382775	9	419	28.22222222222222	1.227262335243029	26.0	29.0	3.0	3	0.0	1.0	1.227262335243029	29	0	29	0	28.125	0.875	0.875
empirical	user_msa	Phala.08G200500_Phala.08G200500.2	Phala.08G200500_Phala.08G200500.2	402	402	unique	402	402	402	0.9617224880382775	9	419	28.22222222222222	1.227262335243029	26.0	29.0	3.0	3	0.0	1.0	1.227262335243029	29	0	29	0	28.125	0.875	0.875
empirical	user_msa	HORVU.MOREX.r3.6HG0571560_HORVU.MOREX.r3.6HG0571560.1	HORVU.MOREX.r3.6HG0571560_HORVU.MOREX.r3.6HG0571560.1	402	402	unique	402	402	402	0.9617224880382775	9	419	28.22222222222222	1.227262335243029	26.0	29.0	3.0	3	0.0	1.0	1.227262335243029	26	0	26	0	28.5	-2.5	-2.5
empirical	user_msa	TraesCS6A03G0381800_TraesCS6A03G0381800.1	TraesCS6A03G0381800_TraesCS6A03G0381800.1	402	402	unique	402	402	402	0.9617224880382775	9	419	28.22222222222222	1.227262335243029	26.0	29.0	3.0	3	0.0	1.0	1.227262335243029	28	0	28	0	28.25	-0.25	-0.25
empirical	user_msa	Thint.S06G201700_Thint.S06G201700.1	Thint.S06G201700_Thint.S06G201700.1	402	402	unique	402	402	402	0.9617224880382775	9	419	28.22222222222222	1.227262335243029	26.0	29.0	3.0	3	0.0	1.0	1.227262335243029	26	0	26	0	28.5	-2.5	-2.5
empirical	user_msa	LOC_Os02g07490_LOC_Os02g07490.1	LOC_Os02g07490_LOC_Os02g07490.1	403	403	unique	403	403	403	0.9641148325358851	9	419	48.77777777777778	0.41573970964154905	48.0	49.0	1.0	2	0.0	1.0	0.41573970964154905	48	0	48	0	48.875	-0.875	-0.875
empirical	user_msa	Oropetium_20150105_02675_Oropetium_20150105_02675A	Oropetium_20150105_02675_Oropetium_20150105_02675A	403	403	unique	403	403	403	0.9641148325358851	9	419	48.77777777777778	0.41573970964154905	48.0	49.0	1.0	2	0.0	1.0	0.41573970964154905	48	0	48	0	48.875	-0.875	-0.875
empirical	user_msa	ELECO.r07.2AG0102970_ELECO.r07.2AG0102970.1	ELECO.r07.2AG0102970_ELECO.r07.2AG0102970.1	403	403	unique	403	403	403	0.9641148325358851	9	419	48.77777777777778	0.41573970964154905	48.0	49.0	1.0	2	0.0	1.0	0.41573970964154905	49	0	49	0	48.75	0.25	0.25
empirical	user_msa	Phala.08G200500_Phala.08G200500.1	Phala.08G200500_Phala.08G200500.1	403	403	unique	403	403	403	0.9641148325358851	9	419	48.77777777777778	0.41573970964154905	48.0	49.0	1.0	2	0.0	1.0	0.41573970964154905	49	0	49	0	48.75	0.25	0.25
empirical	user_msa	Phala.08G200500_Phala.08G200500.3	Phala.08G200500_Phala.08G200500.3	403	403	unique	403	403	403	0.9641148325358851	9	419	48.77777777777778	0.41573970964154905	48.0	49.0	1.0	2	0.0	1.0	0.41573970964154905	49	0	49	0	48.75	0.25	0.25
empirical	user_msa	Phala.08G200500_Phala.08G200500.2	Phala.08G200500_Phala.08G200500.2	403	403	unique	403	403	403	0.9641148325358851	9	419	48.77777777777778	0.41573970964154905	48.0	49.0	1.0	2	0.0	1.0	0.41573970964154905	49	0	49	0	48.75	0.25	0.25
empirical	user_msa	HORVU.MOREX.r3.6HG0571560_HORVU.MOREX.r3.6HG0571560.1	HORVU.MOREX.r3.6HG0571560_HORVU.MOREX.r3.6HG0571560.1	403	403	unique	403	403	403	0.9641148325358851	9	419	48.77777777777778	0.41573970964154905	48.0	49.0	1.0	2	0.0	1.0	0.41573970964154905	49	0	49	0	48.75	0.25	0.25
empirical	user_msa	TraesCS6A03G0381800_TraesCS6A03G0381800.1	TraesCS6A03G0381800_TraesCS6A03G0381800.1	403	403	unique	403	403	403	0.9641148325358851	9	419	48.77777777777778	0.41573970964154905	48.0	49.0	1.0	2	0.0	1.0	0.41573970964154905	49	0	49	0	48.75	0.25	0.25
empirical	user_msa	Thint.S06G201700_Thint.S06G201700.1	Thint.S06G201700_Thint.S06G201700.1	403	403	unique	403	403	403	0.9641148325358851	9	419	48.77777777777778	0.41573970964154905	48.0	49.0	1.0	2	0.0	1.0	0.41573970964154905	49	0	49	0	48.75	0.25	0.25
empirical	user_msa	LOC_Os02g07490_LOC_Os02g07490.1	LOC_Os02g07490_LOC_Os02g07490.1	404	404	unique	404	404	404	0.9665071770334929	9	419	42.888888888888886	9.82564043085962	32.0	61.0	29.0	5	0.0	1.0	9.82564043085962	61	0	61	0	40.625	20.375	20.375
empirical	user_msa	Oropetium_20150105_02675_Oropetium_20150105_02675A	Oropetium_20150105_02675_Oropetium_20150105_02675A	404	404	unique	404	404	404	0.9665071770334929	9	419	42.888888888888886	9.82564043085962	32.0	61.0	29.0	5	0.0	1.0	9.82564043085962	47	0	47	0	42.375	4.625	4.625
empirical	user_msa	ELECO.r07.2AG0102970_ELECO.r07.2AG0102970.1	ELECO.r07.2AG0102970_ELECO.r07.2AG0102970.1	404	404	unique	404	404	404	0.9665071770334929	9	419	42.888888888888886	9.82564043085962	32.0	61.0	29.0	5	0.0	1.0	9.82564043085962	32	0	32	0	44.25	-12.25	-12.25
empirical	user_msa	Phala.08G200500_Phala.08G200500.1	Phala.08G200500_Phala.08G200500.1	404	404	unique	404	404	404	0.9665071770334929	9	419	42.888888888888886	9.82564043085962	32.0	61.0	29.0	5	0.0	1.0	9.82564043085962	49	0	49	0	42.125	6.875	6.875
empirical	user_msa	Phala.08G200500_Phala.08G200500.3	Phala.08G200500_Phala.08G200500.3	404	404	unique	404	404	404	0.9665071770334929	9	419	42.888888888888886	9.82564043085962	32.0	61.0	29.0	5	0.0	1.0	9.82564043085962	49	0	49	0	42.125	6.875	6.875
empirical	user_msa	Phala.08G200500_Phala.08G200500.2	Phala.08G200500_Phala.08G200500.2	404	404	unique	404	404	404	0.9665071770334929	9	419	42.888888888888886	9.82564043085962	32.0	61.0	29.0	5	0.0	1.0	9.82564043085962	49	0	49	0	42.125	6.875	6.875
empirical	user_msa	HORVU.MOREX.r3.6HG0571560_HORVU.MOREX.r3.6HG0571560.1	HORVU.MOREX.r3.6HG0571560_HORVU.MOREX.r3.6HG0571560.1	404	404	unique	404	404	404	0.9665071770334929	9	419	42.888888888888886	9.82564043085962	32.0	61.0	29.0	5	0.0	1.0	9.82564043085962	33	0	33	0	44.125	-11.125	-11.125
empirical	user_msa	TraesCS6A03G0381800_TraesCS6A03G0381800.1	TraesCS6A03G0381800_TraesCS6A03G0381800.1	404	404	unique	404	404	404	0.9665071770334929	9	419	42.888888888888886	9.82564043085962	32.0	61.0	29.0	5	0.0	1.0	9.82564043085962	33	0	33	0	44.125	-11.125	-11.125
empirical	user_msa	Thint.S06G201700_Thint.S06G201700.1	Thint.S06G201700_Thint.S06G201700.1	404	404	unique	404	404	404	0.9665071770334929	9	419	42.888888888888886	9.82564043085962	32.0	61.0	29.0	5	0.0	1.0	9.82564043085962	33	0	33	0	44.125	-11.125	-11.125
empirical	user_msa	LOC_Os02g07490_LOC_Os02g07490.1	LOC_Os02g07490_LOC_Os02g07490.1	405	405	unique	405	405	405	0.9688995215311005	9	419	36.111111111111114	0.9938079899999066	35.0	37.0	2.0	2	0.0	1.0	0.9938079899999066	37	0	37	0	36.0	1.0	1.0
empirical	user_msa	Oropetium_20150105_02675_Oropetium_20150105_02675A	Oropetium_20150105_02675_Oropetium_20150105_02675A	405	405	unique	405	405	405	0.9688995215311005	9	419	36.111111111111114	0.9938079899999066	35.0	37.0	2.0	2	0.0	1.0	0.9938079899999066	35	0	35	0	36.25	-1.25	-1.25
empirical	user_msa	ELECO.r07.2AG0102970_ELECO.r07.2AG0102970.1	ELECO.r07.2AG0102970_ELECO.r07.2AG0102970.1	405	405	unique	405	405	405	0.9688995215311005	9	419	36.111111111111114	0.9938079899999066	35.0	37.0	2.0	2	0.0	1.0	0.9938079899999066	37	0	37	0	36.0	1.0	1.0
empirical	user_msa	Phala.08G200500_Phala.08G200500.1	Phala.08G200500_Phala.08G200500.1	405	405	unique	405	405	405	0.9688995215311005	9	419	36.111111111111114	0.9938079899999066	35.0	37.0	2.0	2	0.0	1.0	0.9938079899999066	35	0	35	0	36.25	-1.25	-1.25
empirical	user_msa	Phala.08G200500_Phala.08G200500.3	Phala.08G200500_Phala.08G200500.3	405	405	unique	405	405	405	0.9688995215311005	9	419	36.111111111111114	0.9938079899999066	35.0	37.0	2.0	2	0.0	1.0	0.9938079899999066	35	0	35	0	36.25	-1.25	-1.25
empirical	user_msa	Phala.08G200500_Phala.08G200500.2	Phala.08G200500_Phala.08G200500.2	405	405	unique	405	405	405	0.9688995215311005	9	419	36.111111111111114	0.9938079899999066	35.0	37.0	2.0	2	0.0	1.0	0.9938079899999066	35	0	35	0	36.25	-1.25	-1.25
empirical	user_msa	HORVU.MOREX.r3.6HG0571560_HORVU.MOREX.r3.6HG0571560.1	HORVU.MOREX.r3.6HG0571560_HORVU.MOREX.r3.6HG0571560.1	405	405	unique	405	405	405	0.9688995215311005	9	419	36.111111111111114	0.9938079899999066	35.0	37.0	2.0	2	0.0	1.0	0.9938079899999066	37	0	37	0	36.0	1.0	1.0
empirical	user_msa	TraesCS6A03G0381800_TraesCS6A03G0381800.1	TraesCS6A03G0381800_TraesCS6A03G0381800.1	405	405	unique	405	405	405	0.9688995215311005	9	419	36.111111111111114	0.9938079899999066	35.0	37.0	2.0	2	0.0	1.0	0.9938079899999066	37	0	37	0	36.0	1.0	1.0
empirical	user_msa	Thint.S06G201700_Thint.S06G201700.1	Thint.S06G201700_Thint.S06G201700.1	405	405	unique	405	405	405	0.9688995215311005	9	419	36.111111111111114	0.9938079899999066	35.0	37.0	2.0	2	0.0	1.0	0.9938079899999066	37	0	37	0	36.0	1.0	1.0
empirical	user_msa	LOC_Os02g07490_LOC_Os02g07490.1	LOC_Os02g07490_LOC_Os02g07490.1	406	406	unique	406	406	406	0.9712918660287081	9	419	35.111111111111114	9.158413793331055	31.0	61.0	30.0	3	0.0	1.0	9.158413793331055	32	0	32	0	35.5	-3.5	-3.5
empirical	user_msa	Oropetium_20150105_02675_Oropetium_20150105_02675A	Oropetium_20150105_02675_Oropetium_20150105_02675A	406	406	unique	406	406	406	0.9712918660287081	9	419	35.111111111111114	9.158413793331055	31.0	61.0	30.0	3	0.0	1.0	9.158413793331055	61	0	61	0	31.875	29.125	29.125
empirical	user_msa	ELECO.r07.2AG0102970_ELECO.r07.2AG0102970.1	ELECO.r07.2AG0102970_ELECO.r07.2AG0102970.1	406	406	unique	406	406	406	0.9712918660287081	9	419	35.111111111111114	9.158413793331055	31.0	61.0	30.0	3	0.0	1.0	9.158413793331055	32	0	32	0	35.5	-3.5	-3.5
empirical	user_msa	Phala.08G200500_Phala.08G200500.1	Phala.08G200500_Phala.08G200500.1	406	406	unique	406	406	406	0.9712918660287081	9	419	35.111111111111114	9.158413793331055	31.0	61.0	30.0	3	0.0	1.0	9.158413793331055	32	0	32	0	35.5	-3.5	-3.5
empirical	user_msa	Phala.08G200500_Phala.08G200500.3	Phala.08G200500_Phala.08G200500.3	406	406	unique	406	406	406	0.9712918660287081	9	419	35.111111111111114	9.158413793331055	31.0	61.0	30.0	3	0.0	1.0	9.158413793331055	32	0	32	0	35.5	-3.5	-3.5
empirical	user_msa	Phala.08G200500_Phala.08G200500.2	Phala.08G200500_Phala.08G200500.2	406	406	unique	406	406	406	0.9712918660287081	9	419	35.111111111111114	9.158413793331055	31.0	61.0	30.0	3	0.0	1.0	9.158413793331055	32	0	32	0	35.5	-3.5	-3.5
empirical	user_msa	HORVU.MOREX.r3.6HG0571560_HORVU.MOREX.r3.6HG0571560.1	HORVU.MOREX.r3.6HG0571560_HORVU.MOREX.r3.6HG0571560.1	406	406	unique	406	406	406	0.9712918660287081	9	419	35.111111111111114	9.158413793331055	31.0	61.0	30.0	3	0.0	1.0	9.158413793331055	32	0	32	0	35.5	-3.5	-3.5
empirical	user_msa	TraesCS6A03G0381800_TraesCS6A03G0381800.1	TraesCS6A03G0381800_TraesCS6A03G0381800.1	406	406	unique	406	406	406	0.9712918660287081	9	419	35.111111111111114	9.158413793331055	31.0	61.0	30.0	3	0.0	1.0	9.158413793331055	31	0	31	0	35.625	-4.625	-4.625
empirical	user_msa	Thint.S06G201700_Thint.S06G201700.1	Thint.S06G201700_Thint.S06G201700.1	406	406	unique	406	406	406	0.9712918660287081	9	419	35.111111111111114	9.158413793331055	31.0	61.0	30.0	3	0.0	1.0	9.158413793331055	32	0	32	0	35.5	-3.5	-3.5
empirical	user_msa	LOC_Os02g07490_LOC_Os02g07490.1	LOC_Os02g07490_LOC_Os02g07490.1	407	407	unique	407	407	407	0.9736842105263158	9	419	15.222222222222221	0.628539361054709	15.0	17.0	2.0	2	0.0	1.0	0.628539361054709	17	0	17	0	15.0	2.0	2.0
empirical	user_msa	Oropetium_20150105_02675_Oropetium_20150105_02675A	Oropetium_20150105_02675_Oropetium_20150105_02675A	407	407	unique	407	407	407	0.9736842105263158	9	419	15.222222222222221	0.628539361054709	15.0	17.0	2.0	2	0.0	1.0	0.628539361054709	15	0	15	0	15.25	-0.25	-0.25
empirical	user_msa	ELECO.r07.2AG0102970_ELECO.r07.2AG0102970.1	ELECO.r07.2AG0102970_ELECO.r07.2AG0102970.1	407	407	unique	407	407	407	0.9736842105263158	9	419	15.222222222222221	0.628539361054709	15.0	17.0	2.0	2	0.0	1.0	0.628539361054709	15	0	15	0	15.25	-0.25	-0.25
empirical	user_msa	Phala.08G200500_Phala.08G200500.1	Phala.08G200500_Phala.08G200500.1	407	407	unique	407	407	407	0.9736842105263158	9	419	15.222222222222221	0.628539361054709	15.0	17.0	2.0	2	0.0	1.0	0.628539361054709	15	0	15	0	15.25	-0.25	-0.25
empirical	user_msa	Phala.08G200500_Phala.08G200500.3	Phala.08G200500_Phala.08G200500.3	407	407	unique	407	407	407	0.9736842105263158	9	419	15.222222222222221	0.628539361054709	15.0	17.0	2.0	2	0.0	1.0	0.628539361054709	15	0	15	0	15.25	-0.25	-0.25
empirical	user_msa	Phala.08G200500_Phala.08G200500.2	Phala.08G200500_Phala.08G200500.2	407	407	unique	407	407	407	0.9736842105263158	9	419	15.222222222222221	0.628539361054709	15.0	17.0	2.0	2	0.0	1.0	0.628539361054709	15	0	15	0	15.25	-0.25	-0.25
empirical	user_msa	HORVU.MOREX.r3.6HG0571560_HORVU.MOREX.r3.6HG0571560.1	HORVU.MOREX.r3.6HG0571560_HORVU.MOREX.r3.6HG0571560.1	407	407	unique	407	407	407	0.9736842105263158	9	419	15.222222222222221	0.628539361054709	15.0	17.0	2.0	2	0.0	1.0	0.628539361054709	15	0	15	0	15.25	-0.25	-0.25
empirical	user_msa	TraesCS6A03G0381800_TraesCS6A03G0381800.1	TraesCS6A03G0381800_TraesCS6A03G0381800.1	407	407	unique	407	407	407	0.9736842105263158	9	419	15.222222222222221	0.628539361054709	15.0	17.0	2.0	2	0.0	1.0	0.628539361054709	15	0	15	0	15.25	-0.25	-0.25
empirical	user_msa	Thint.S06G201700_Thint.S06G201700.1	Thint.S06G201700_Thint.S06G201700.1	407	407	unique	407	407	407	0.9736842105263158	9	419	15.222222222222221	0.628539361054709	15.0	17.0	2.0	2	0.0	1.0	0.628539361054709	15	0	15	0	15.25	-0.25	-0.25
empirical	user_msa	LOC_Os02g07490_LOC_Os02g07490.1	LOC_Os02g07490_LOC_Os02g07490.1	408	408	unique	408	408	408	0.9760765550239234	9	419	34.111111111111114	5.586580039989571	27.0	39.0	12.0	3	0.0	1.0	5.586580039989571	39	0	39	0	33.5	5.5	5.5
empirical	user_msa	Oropetium_20150105_02675_Oropetium_20150105_02675A	Oropetium_20150105_02675_Oropetium_20150105_02675A	408	408	unique	408	408	408	0.9760765550239234	9	419	34.111111111111114	5.586580039989571	27.0	39.0	12.0	3	0.0	1.0	5.586580039989571	31	0	31	0	34.5	-3.5	-3.5
empirical	user_msa	ELECO.r07.2AG0102970_ELECO.r07.2AG0102970.1	ELECO.r07.2AG0102970_ELECO.r07.2AG0102970.1	408	408	unique	408	408	408	0.9760765550239234	9	419	34.111111111111114	5.586580039989571	27.0	39.0	12.0	3	0.0	1.0	5.586580039989571	39	0	39	0	33.5	5.5	5.5
empirical	user_msa	Phala.08G200500_Phala.08G200500.1	Phala.08G200500_Phala.08G200500.1	408	408	unique	408	408	408	0.9760765550239234	9	419	34.111111111111114	5.586580039989571	27.0	39.0	12.0	3	0.0	1.0	5.586580039989571	27	0	27	0	35.0	-8.0	-8.0
empirical	user_msa	Phala.08G200500_Phala.08G200500.3	Phala.08G200500_Phala.08G200500.3	408	408	unique	408	408	408	0.9760765550239234	9	419	34.111111111111114	5.586580039989571	27.0	39.0	12.0	3	0.0	1.0	5.586580039989571	27	0	27	0	35.0	-8.0	-8.0
empirical	user_msa	Phala.08G200500_Phala.08G200500.2	Phala.08G200500_Phala.08G200500.2	408	408	unique	408	408	408	0.9760765550239234	9	419	34.111111111111114	5.586580039989571	27.0	39.0	12.0	3	0.0	1.0	5.586580039989571	27	0	27	0	35.0	-8.0	-8.0
empirical	user_msa	HORVU.MOREX.r3.6HG0571560_HORVU.MOREX.r3.6HG0571560.1	HORVU.MOREX.r3.6HG0571560_HORVU.MOREX.r3.6HG0571560.1	408	408	unique	408	408	408	0.9760765550239234	9	419	34.111111111111114	5.586580039989571	27.0	39.0	12.0	3	0.0	1.0	5.586580039989571	39	0	39	0	33.5	5.5	5.5
empirical	user_msa	TraesCS6A03G0381800_TraesCS6A03G0381800.1	TraesCS6A03G0381800_TraesCS6A03G0381800.1	408	408	unique	408	408	408	0.9760765550239234	9	419	34.111111111111114	5.586580039989571	27.0	39.0	12.0	3	0.0	1.0	5.586580039989571	39	0	39	0	33.5	5.5	5.5
empirical	user_msa	Thint.S06G201700_Thint.S06G201700.1	Thint.S06G201700_Thint.S06G201700.1	408	408	unique	408	408	408	0.9760765550239234	9	419	34.111111111111114	5.586580039989571	27.0	39.0	12.0	3	0.0	1.0	5.586580039989571	39	0	39	0	33.5	5.5	5.5
empirical	user_msa	LOC_Os02g07490_LOC_Os02g07490.1	LOC_Os02g07490_LOC_Os02g07490.1	409	409	unique	409	409	409	0.9784688995215312	9	419	19.0	0.0	19.0	19.0	0.0	1	0.0	1.0	0.0	19	0	19	0	19.0	0.0	0.0
empirical	user_msa	Oropetium_20150105_02675_Oropetium_20150105_02675A	Oropetium_20150105_02675_Oropetium_20150105_02675A	409	409	unique	409	409	409	0.9784688995215312	9	419	19.0	0.0	19.0	19.0	0.0	1	0.0	1.0	0.0	19	0	19	0	19.0	0.0	0.0
empirical	user_msa	ELECO.r07.2AG0102970_ELECO.r07.2AG0102970.1	ELECO.r07.2AG0102970_ELECO.r07.2AG0102970.1	409	409	unique	409	409	409	0.9784688995215312	9	419	19.0	0.0	19.0	19.0	0.0	1	0.0	1.0	0.0	19	0	19	0	19.0	0.0	0.0
empirical	user_msa	Phala.08G200500_Phala.08G200500.1	Phala.08G200500_Phala.08G200500.1	409	409	unique	409	409	409	0.9784688995215312	9	419	19.0	0.0	19.0	19.0	0.0	1	0.0	1.0	0.0	19	0	19	0	19.0	0.0	0.0
empirical	user_msa	Phala.08G200500_Phala.08G200500.3	Phala.08G200500_Phala.08G200500.3	409	409	unique	409	409	409	0.9784688995215312	9	419	19.0	0.0	19.0	19.0	0.0	1	0.0	1.0	0.0	19	0	19	0	19.0	0.0	0.0
empirical	user_msa	Phala.08G200500_Phala.08G200500.2	Phala.08G200500_Phala.08G200500.2	409	409	unique	409	409	409	0.9784688995215312	9	419	19.0	0.0	19.0	19.0	0.0	1	0.0	1.0	0.0	19	0	19	0	19.0	0.0	0.0
empirical	user_msa	HORVU.MOREX.r3.6HG0571560_HORVU.MOREX.r3.6HG0571560.1	HORVU.MOREX.r3.6HG0571560_HORVU.MOREX.r3.6HG0571560.1	409	409	unique	409	409	409	0.9784688995215312	9	419	19.0	0.0	19.0	19.0	0.0	1	0.0	1.0	0.0	19	0	19	0	19.0	0.0	0.0
empirical	user_msa	TraesCS6A03G0381800_TraesCS6A03G0381800.1	TraesCS6A03G0381800_TraesCS6A03G0381800.1	409	409	unique	409	409	409	0.9784688995215312	9	419	19.0	0.0	19.0	19.0	0.0	1	0.0	1.0	0.0	19	0	19	0	19.0	0.0	0.0
empirical	user_msa	Thint.S06G201700_Thint.S06G201700.1	Thint.S06G201700_Thint.S06G201700.1	409	409	unique	409	409	409	0.9784688995215312	9	419	19.0	0.0	19.0	19.0	0.0	1	0.0	1.0	0.0	19	0	19	0	19.0	0.0	0.0
empirical	user_msa	LOC_Os02g07490_LOC_Os02g07490.1	LOC_Os02g07490_LOC_Os02g07490.1	410	410	unique	410	410	410	0.9808612440191388	9	419	16.0	0.0	16.0	16.0	0.0	1	0.0	1.0	0.0	16	0	16	0	16.0	0.0	0.0
empirical	user_msa	Oropetium_20150105_02675_Oropetium_20150105_02675A	Oropetium_20150105_02675_Oropetium_20150105_02675A	410	410	unique	410	410	410	0.9808612440191388	9	419	16.0	0.0	16.0	16.0	0.0	1	0.0	1.0	0.0	16	0	16	0	16.0	0.0	0.0
empirical	user_msa	ELECO.r07.2AG0102970_ELECO.r07.2AG0102970.1	ELECO.r07.2AG0102970_ELECO.r07.2AG0102970.1	410	410	unique	410	410	410	0.9808612440191388	9	419	16.0	0.0	16.0	16.0	0.0	1	0.0	1.0	0.0	16	0	16	0	16.0	0.0	0.0
empirical	user_msa	Phala.08G200500_Phala.08G200500.1	Phala.08G200500_Phala.08G200500.1	410	410	unique	410	410	410	0.9808612440191388	9	419	16.0	0.0	16.0	16.0	0.0	1	0.0	1.0	0.0	16	0	16	0	16.0	0.0	0.0
empirical	user_msa	Phala.08G200500_Phala.08G200500.3	Phala.08G200500_Phala.08G200500.3	410	410	unique	410	410	410	0.9808612440191388	9	419	16.0	0.0	16.0	16.0	0.0	1	0.0	1.0	0.0	16	0	16	0	16.0	0.0	0.0
empirical	user_msa	Phala.08G200500_Phala.08G200500.2	Phala.08G200500_Phala.08G200500.2	410	410	unique	410	410	410	0.9808612440191388	9	419	16.0	0.0	16.0	16.0	0.0	1	0.0	1.0	0.0	16	0	16	0	16.0	0.0	0.0
empirical	user_msa	HORVU.MOREX.r3.6HG0571560_HORVU.MOREX.r3.6HG0571560.1	HORVU.MOREX.r3.6HG0571560_HORVU.MOREX.r3.6HG0571560.1	410	410	unique	410	410	410	0.9808612440191388	9	419	16.0	0.0	16.0	16.0	0.0	1	0.0	1.0	0.0	16	0	16	0	16.0	0.0	0.0
empirical	user_msa	TraesCS6A03G0381800_TraesCS6A03G0381800.1	TraesCS6A03G0381800_TraesCS6A03G0381800.1	410	410	unique	410	410	410	0.9808612440191388	9	419	16.0	0.0	16.0	16.0	0.0	1	0.0	1.0	0.0	16	0	16	0	16.0	0.0	0.0
empirical	user_msa	Thint.S06G201700_Thint.S06G201700.1	Thint.S06G201700_Thint.S06G201700.1	410	410	unique	410	410	410	0.9808612440191388	9	419	16.0	0.0	16.0	16.0	0.0	1	0.0	1.0	0.0	16	0	16	0	16.0	0.0	0.0
empirical	user_msa	LOC_Os02g07490_LOC_Os02g07490.1	LOC_Os02g07490_LOC_Os02g07490.1	411	411	unique	411	411	411	0.9832535885167464	9	419	37.888888888888886	6.740333728045823	19.0	41.0	22.0	3	0.0	1.0	6.740333728045823	41	0	41	0	37.5	3.5	3.5
empirical	user_msa	Oropetium_20150105_02675_Oropetium_20150105_02675A	Oropetium_20150105_02675_Oropetium_20150105_02675A	411	411	unique	411	411	411	0.9832535885167464	9	419	37.888888888888886	6.740333728045823	19.0	41.0	22.0	3	0.0	1.0	6.740333728045823	19	0	19	0	40.25	-21.25	-21.25
empirical	user_msa	ELECO.r07.2AG0102970_ELECO.r07.2AG0102970.1	ELECO.r07.2AG0102970_ELECO.r07.2AG0102970.1	411	411	unique	411	411	411	0.9832535885167464	9	419	37.888888888888886	6.740333728045823	19.0	41.0	22.0	3	0.0	1.0	6.740333728045823	41	0	41	0	37.5	3.5	3.5
empirical	user_msa	Phala.08G200500_Phala.08G200500.1	Phala.08G200500_Phala.08G200500.1	411	411	unique	411	411	411	0.9832535885167464	9	419	37.888888888888886	6.740333728045823	19.0	41.0	22.0	3	0.0	1.0	6.740333728045823	39	0	39	0	37.75	1.25	1.25
empirical	user_msa	Phala.08G200500_Phala.08G200500.3	Phala.08G200500_Phala.08G200500.3	411	411	unique	411	411	411	0.9832535885167464	9	419	37.888888888888886	6.740333728045823	19.0	41.0	22.0	3	0.0	1.0	6.740333728045823	39	0	39	0	37.75	1.25	1.25
empirical	user_msa	Phala.08G200500_Phala.08G200500.2	Phala.08G200500_Phala.08G200500.2	411	411	unique	411	411	411	0.9832535885167464	9	419	37.888888888888886	6.740333728045823	19.0	41.0	22.0	3	0.0	1.0	6.740333728045823	39	0	39	0	37.75	1.25	1.25
empirical	user_msa	HORVU.MOREX.r3.6HG0571560_HORVU.MOREX.r3.6HG0571560.1	HORVU.MOREX.r3.6HG0571560_HORVU.MOREX.r3.6HG0571560.1	411	411	unique	411	411	411	0.9832535885167464	9	419	37.888888888888886	6.740333728045823	19.0	41.0	22.0	3	0.0	1.0	6.740333728045823	41	0	41	0	37.5	3.5	3.5
empirical	user_msa	TraesCS6A03G0381800_TraesCS6A03G0381800.1	TraesCS6A03G0381800_TraesCS6A03G0381800.1	411	411	unique	411	411	411	0.9832535885167464	9	419	37.888888888888886	6.740333728045823	19.0	41.0	22.0	3	0.0	1.0	6.740333728045823	41	0	41	0	37.5	3.5	3.5
empirical	user_msa	Thint.S06G201700_Thint.S06G201700.1	Thint.S06G201700_Thint.S06G201700.1	411	411	unique	411	411	411	0.9832535885167464	9	419	37.888888888888886	6.740333728045823	19.0	41.0	22.0	3	0.0	1.0	6.740333728045823	41	0	41	0	37.5	3.5	3.5
empirical	user_msa	LOC_Os02g07490_LOC_Os02g07490.1	LOC_Os02g07490_LOC_Os02g07490.1	412	412	unique	412	412	412	0.9856459330143541	9	419	20.0	14.53730832490435	3.0	33.0	30.0	3	0.0	1.0	14.53730832490435	33	0	33	0	18.375	14.625	14.625
empirical	user_msa	Oropetium_20150105_02675_Oropetium_20150105_02675A	Oropetium_20150105_02675_Oropetium_20150105_02675A	412	412	unique	412	412	412	0.9856459330143541	9	419	20.0	14.53730832490435	3.0	33.0	30.0	3	0.0	1.0	14.53730832490435	3	0	3	0	22.125	-19.125	-19.125
empirical	user_msa	ELECO.r07.2AG0102970_ELECO.r07.2AG0102970.1	ELECO.r07.2AG0102970_ELECO.r07.2AG0102970.1	412	412	unique	412	412	412	0.9856459330143541	9	419	20.0	14.53730832490435	3.0	33.0	30.0	3	0.0	1.0	14.53730832490435	33	0	33	0	18.375	14.625	14.625
empirical	user_msa	Phala.08G200500_Phala.08G200500.1	Phala.08G200500_Phala.08G200500.1	412	412	unique	412	412	412	0.9856459330143541	9	419	20.0	14.53730832490435	3.0	33.0	30.0	3	0.0	1.0	14.53730832490435	4	0	4	0	22.0	-18.0	-18.0
empirical	user_msa	Phala.08G200500_Phala.08G200500.3	Phala.08G200500_Phala.08G200500.3	412	412	unique	412	412	412	0.9856459330143541	9	419	20.0	14.53730832490435	3.0	33.0	30.0	3	0.0	1.0	14.53730832490435	4	0	4	0	22.0	-18.0	-18.0
empirical	user_msa	Phala.08G200500_Phala.08G200500.2	Phala.08G200500_Phala.08G200500.2	412	412	unique	412	412	412	0.9856459330143541	9	419	20.0	14.53730832490435	3.0	33.0	30.0	3	0.0	1.0	14.53730832490435	4	0	4	0	22.0	-18.0	-18.0
empirical	user_msa	HORVU.MOREX.r3.6HG0571560_HORVU.MOREX.r3.6HG0571560.1	HORVU.MOREX.r3.6HG0571560_HORVU.MOREX.r3.6HG0571560.1	412	412	unique	412	412	412	0.9856459330143541	9	419	20.0	14.53730832490435	3.0	33.0	30.0	3	0.0	1.0	14.53730832490435	33	0	33	0	18.375	14.625	14.625
empirical	user_msa	TraesCS6A03G0381800_TraesCS6A03G0381800.1	TraesCS6A03G0381800_TraesCS6A03G0381800.1	412	412	unique	412	412	412	0.9856459330143541	9	419	20.0	14.53730832490435	3.0	33.0	30.0	3	0.0	1.0	14.53730832490435	33	0	33	0	18.375	14.625	14.625
empirical	user_msa	Thint.S06G201700_Thint.S06G201700.1	Thint.S06G201700_Thint.S06G201700.1	412	412	unique	412	412	412	0.9856459330143541	9	419	20.0	14.53730832490435	3.0	33.0	30.0	3	0.0	1.0	14.53730832490435	33	0	33	0	18.375	14.625	14.625
empirical	user_msa	LOC_Os02g07490_LOC_Os02g07490.1	LOC_Os02g07490_LOC_Os02g07490.1	413	413	unique	413	413	413	0.9880382775119617	9	419	29.88888888888889	19.13951377789731	7.0	47.0	40.0	3	0.0	1.0	19.13951377789731	47	0	47	0	27.75	19.25	19.25
empirical	user_msa	Oropetium_20150105_02675_Oropetium_20150105_02675A	Oropetium_20150105_02675_Oropetium_20150105_02675A	413	413	unique	413	413	413	0.9880382775119617	9	419	29.88888888888889	19.13951377789731	7.0	47.0	40.0	3	0.0	1.0	19.13951377789731	7	0	7	0	32.75	-25.75	-25.75
empirical	user_msa	ELECO.r07.2AG0102970_ELECO.r07.2AG0102970.1	ELECO.r07.2AG0102970_ELECO.r07.2AG0102970.1	413	413	unique	413	413	413	0.9880382775119617	9	419	29.88888888888889	19.13951377789731	7.0	47.0	40.0	3	0.0	1.0	19.13951377789731	47	0	47	0	27.75	19.25	19.25
empirical	user_msa	Phala.08G200500_Phala.08G200500.1	Phala.08G200500_Phala.08G200500.1	413	413	unique	413	413	413	0.9880382775119617	9	419	29.88888888888889	19.13951377789731	7.0	47.0	40.0	3	0.0	1.0	19.13951377789731	9	0	9	0	32.5	-23.5	-23.5
empirical	user_msa	Phala.08G200500_Phala.08G200500.3	Phala.08G200500_Phala.08G200500.3	413	413	unique	413	413	413	0.9880382775119617	9	419	29.88888888888889	19.13951377789731	7.0	47.0	40.0	3	0.0	1.0	19.13951377789731	9	0	9	0	32.5	-23.5	-23.5
empirical	user_msa	Phala.08G200500_Phala.08G200500.2	Phala.08G200500_Phala.08G200500.2	413	413	unique	413	413	413	0.9880382775119617	9	419	29.88888888888889	19.13951377789731	7.0	47.0	40.0	3	0.0	1.0	19.13951377789731	9	0	9	0	32.5	-23.5	-23.5
empirical	user_msa	HORVU.MOREX.r3.6HG0571560_HORVU.MOREX.r3.6HG0571560.1	HORVU.MOREX.r3.6HG0571560_HORVU.MOREX.r3.6HG0571560.1	413	413	unique	413	413	413	0.9880382775119617	9	419	29.88888888888889	19.13951377789731	7.0	47.0	40.0	3	0.0	1.0	19.13951377789731	47	0	47	0	27.75	19.25	19.25
empirical	user_msa	TraesCS6A03G0381800_TraesCS6A03G0381800.1	TraesCS6A03G0381800_TraesCS6A03G0381800.1	413	413	unique	413	413	413	0.9880382775119617	9	419	29.88888888888889	19.13951377789731	7.0	47.0	40.0	3	0.0	1.0	19.13951377789731	47	0	47	0	27.75	19.25	19.25
empirical	user_msa	Thint.S06G201700_Thint.S06G201700.1	Thint.S06G201700_Thint.S06G201700.1	413	413	unique	413	413	413	0.9880382775119617	9	419	29.88888888888889	19.13951377789731	7.0	47.0	40.0	3	0.0	1.0	19.13951377789731	47	0	47	0	27.75	19.25	19.25
empirical	user_msa	LOC_Os02g07490_LOC_Os02g07490.1	LOC_Os02g07490_LOC_Os02g07490.1	414	414	unique	414	414	414	0.9904306220095693	9	419	10.666666666666666	15.165750888103101	3.0	53.0	50.0	5	0.0	1.0	15.165750888103101	3	0	3	0	11.625	-8.625	-8.625
empirical	user_msa	Oropetium_20150105_02675_Oropetium_20150105_02675A	Oropetium_20150105_02675_Oropetium_20150105_02675A	414	414	unique	414	414	414	0.9904306220095693	9	419	10.666666666666666	15.165750888103101	3.0	53.0	50.0	5	0.0	1.0	15.165750888103101	3	0	3	0	11.625	-8.625	-8.625
empirical	user_msa	ELECO.r07.2AG0102970_ELECO.r07.2AG0102970.1	ELECO.r07.2AG0102970_ELECO.r07.2AG0102970.1	414	414	unique	414	414	414	0.9904306220095693	9	419	10.666666666666666	15.165750888103101	3.0	53.0	50.0	5	0.0	1.0	15.165750888103101	11	0	11	0	10.625	0.375	0.375
empirical	user_msa	Phala.08G200500_Phala.08G200500.1	Phala.08G200500_Phala.08G200500.1	414	414	unique	414	414	414	0.9904306220095693	9	419	10.666666666666666	15.165750888103101	3.0	53.0	50.0	5	0.0	1.0	15.165750888103101	4	0	4	0	11.5	-7.5	-7.5
empirical	user_msa	Phala.08G200500_Phala.08G200500.3	Phala.08G200500_Phala.08G200500.3	414	414	unique	414	414	414	0.9904306220095693	9	419	10.666666666666666	15.165750888103101	3.0	53.0	50.0	5	0.0	1.0	15.165750888103101	4	0	4	0	11.5	-7.5	-7.5
empirical	user_msa	Phala.08G200500_Phala.08G200500.2	Phala.08G200500_Phala.08G200500.2	414	414	unique	414	414	414	0.9904306220095693	9	419	10.666666666666666	15.165750888103101	3.0	53.0	50.0	5	0.0	1.0	15.165750888103101	4	0	4	0	11.5	-7.5	-7.5
empirical	user_msa	HORVU.MOREX.r3.6HG0571560_HORVU.MOREX.r3.6HG0571560.1	HORVU.MOREX.r3.6HG0571560_HORVU.MOREX.r3.6HG0571560.1	414	414	unique	414	414	414	0.9904306220095693	9	419	10.666666666666666	15.165750888103101	3.0	53.0	50.0	5	0.0	1.0	15.165750888103101	7	0	7	0	11.125	-4.125	-4.125
empirical	user_msa	TraesCS6A03G0381800_TraesCS6A03G0381800.1	TraesCS6A03G0381800_TraesCS6A03G0381800.1	414	414	unique	414	414	414	0.9904306220095693	9	419	10.666666666666666	15.165750888103101	3.0	53.0	50.0	5	0.0	1.0	15.165750888103101	53	0	53	0	5.375	47.625	47.625
empirical	user_msa	Thint.S06G201700_Thint.S06G201700.1	Thint.S06G201700_Thint.S06G201700.1	414	414	unique	414	414	414	0.9904306220095693	9	419	10.666666666666666	15.165750888103101	3.0	53.0	50.0	5	0.0	1.0	15.165750888103101	7	0	7	0	11.125	-4.125	-4.125
empirical	user_msa	LOC_Os02g07490_LOC_Os02g07490.1	LOC_Os02g07490_LOC_Os02g07490.1	415	415	unique	415	415	415	0.992822966507177	9	419	22.333333333333332	19.090428084368472	1.0	41.0	40.0	3	0.4444444444444444	0.5555555555555556	19.090428084368472	39	0	39	0	20.25	18.75	18.75
empirical	user_msa	Oropetium_20150105_02675_Oropetium_20150105_02675A	Oropetium_20150105_02675_Oropetium_20150105_02675A	415	415	unique	415	415	415	0.992822966507177	9	419	22.333333333333332	19.090428084368472	1.0	41.0	40.0	3	0.4444444444444444	0.5555555555555556	19.090428084368472	1	1	1	1	25.0	-24.0	-24.0
empirical	user_msa	ELECO.r07.2AG0102970_ELECO.r07.2AG0102970.1	ELECO.r07.2AG0102970_ELECO.r07.2AG0102970.1	415	415	unique	415	415	415	0.992822966507177	9	419	22.333333333333332	19.090428084368472	1.0	41.0	40.0	3	0.4444444444444444	0.5555555555555556	19.090428084368472	41	0	41	0	20.0	21.0	21.0
empirical	user_msa	Phala.08G200500_Phala.08G200500.1	Phala.08G200500_Phala.08G200500.1	415	415	unique	415	415	415	0.992822966507177	9	419	22.333333333333332	19.090428084368472	1.0	41.0	40.0	3	0.4444444444444444	0.5555555555555556	19.090428084368472	1	1	1	1	25.0	-24.0	-24.0
empirical	user_msa	Phala.08G200500_Phala.08G200500.3	Phala.08G200500_Phala.08G200500.3	415	415	unique	415	415	415	0.992822966507177	9	419	22.333333333333332	19.090428084368472	1.0	41.0	40.0	3	0.4444444444444444	0.5555555555555556	19.090428084368472	1	1	1	1	25.0	-24.0	-24.0
empirical	user_msa	Phala.08G200500_Phala.08G200500.2	Phala.08G200500_Phala.08G200500.2	415	415	unique	415	415	415	0.992822966507177	9	419	22.333333333333332	19.090428084368472	1.0	41.0	40.0	3	0.4444444444444444	0.5555555555555556	19.090428084368472	1	1	1	1	25.0	-24.0	-24.0
empirical	user_msa	HORVU.MOREX.r3.6HG0571560_HORVU.MOREX.r3.6HG0571560.1	HORVU.MOREX.r3.6HG0571560_HORVU.MOREX.r3.6HG0571560.1	415	415	unique	415	415	415	0.992822966507177	9	419	22.333333333333332	19.090428084368472	1.0	41.0	40.0	3	0.4444444444444444	0.5555555555555556	19.090428084368472	39	0	39	0	20.25	18.75	18.75
empirical	user_msa	TraesCS6A03G0381800_TraesCS6A03G0381800.1	TraesCS6A03G0381800_TraesCS6A03G0381800.1	415	415	unique	415	415	415	0.992822966507177	9	419	22.333333333333332	19.090428084368472	1.0	41.0	40.0	3	0.4444444444444444	0.5555555555555556	19.090428084368472	39	0	39	0	20.25	18.75	18.75
empirical	user_msa	Thint.S06G201700_Thint.S06G201700.1	Thint.S06G201700_Thint.S06G201700.1	415	415	unique	415	415	415	0.992822966507177	9	419	22.333333333333332	19.090428084368472	1.0	41.0	40.0	3	0.4444444444444444	0.5555555555555556	19.090428084368472	39	0	39	0	20.25	18.75	18.75
empirical	user_msa	LOC_Os02g07490_LOC_Os02g07490.1	LOC_Os02g07490_LOC_Os02g07490.1	416	416	unique	416	416	416	0.9952153110047847	9	419	2.6666666666666665	1.4907119849998598	1.0	4.0	3.0	2	0.4444444444444444	0.5555555555555556	1.4907119849998598	4	0	4	0	2.5	1.5	1.5
empirical	user_msa	Oropetium_20150105_02675_Oropetium_20150105_02675A	Oropetium_20150105_02675_Oropetium_20150105_02675A	416	416	unique	416	416	416	0.9952153110047847	9	419	2.6666666666666665	1.4907119849998598	1.0	4.0	3.0	2	0.4444444444444444	0.5555555555555556	1.4907119849998598	1	1	1	1	2.875	-1.875	-1.875
empirical	user_msa	ELECO.r07.2AG0102970_ELECO.r07.2AG0102970.1	ELECO.r07.2AG0102970_ELECO.r07.2AG0102970.1	416	416	unique	416	416	416	0.9952153110047847	9	419	2.6666666666666665	1.4907119849998598	1.0	4.0	3.0	2	0.4444444444444444	0.5555555555555556	1.4907119849998598	4	0	4	0	2.5	1.5	1.5
empirical	user_msa	Phala.08G200500_Phala.08G200500.1	Phala.08G200500_Phala.08G200500.1	416	416	unique	416	416	416	0.9952153110047847	9	419	2.6666666666666665	1.4907119849998598	1.0	4.0	3.0	2	0.4444444444444444	0.5555555555555556	1.4907119849998598	1	1	1	1	2.875	-1.875	-1.875
empirical	user_msa	Phala.08G200500_Phala.08G200500.3	Phala.08G200500_Phala.08G200500.3	416	416	unique	416	416	416	0.9952153110047847	9	419	2.6666666666666665	1.4907119849998598	1.0	4.0	3.0	2	0.4444444444444444	0.5555555555555556	1.4907119849998598	1	1	1	1	2.875	-1.875	-1.875
empirical	user_msa	Phala.08G200500_Phala.08G200500.2	Phala.08G200500_Phala.08G200500.2	416	416	unique	416	416	416	0.9952153110047847	9	419	2.6666666666666665	1.4907119849998598	1.0	4.0	3.0	2	0.4444444444444444	0.5555555555555556	1.4907119849998598	1	1	1	1	2.875	-1.875	-1.875
empirical	user_msa	HORVU.MOREX.r3.6HG0571560_HORVU.MOREX.r3.6HG0571560.1	HORVU.MOREX.r3.6HG0571560_HORVU.MOREX.r3.6HG0571560.1	416	416	unique	416	416	416	0.9952153110047847	9	419	2.6666666666666665	1.4907119849998598	1.0	4.0	3.0	2	0.4444444444444444	0.5555555555555556	1.4907119849998598	4	0	4	0	2.5	1.5	1.5
empirical	user_msa	TraesCS6A03G0381800_TraesCS6A03G0381800.1	TraesCS6A03G0381800_TraesCS6A03G0381800.1	416	416	unique	416	416	416	0.9952153110047847	9	419	2.6666666666666665	1.4907119849998598	1.0	4.0	3.0	2	0.4444444444444444	0.5555555555555556	1.4907119849998598	4	0	4	0	2.5	1.5	1.5
empirical	user_msa	Thint.S06G201700_Thint.S06G201700.1	Thint.S06G201700_Thint.S06G201700.1	416	416	unique	416	416	416	0.9952153110047847	9	419	2.6666666666666665	1.4907119849998598	1.0	4.0	3.0	2	0.4444444444444444	0.5555555555555556	1.4907119849998598	4	0	4	0	2.5	1.5	1.5
empirical	user_msa	LOC_Os02g07490_LOC_Os02g07490.1	LOC_Os02g07490_LOC_Os02g07490.1	417	417	unique	417	417	417	0.9976076555023924	9	419	11.0	8.94427190999916	1.0	19.0	18.0	2	0.4444444444444444	0.5555555555555556	8.94427190999916	19	0	19	0	10.0	9.0	9.0
empirical	user_msa	Oropetium_20150105_02675_Oropetium_20150105_02675A	Oropetium_20150105_02675_Oropetium_20150105_02675A	417	417	unique	417	417	417	0.9976076555023924	9	419	11.0	8.94427190999916	1.0	19.0	18.0	2	0.4444444444444444	0.5555555555555556	8.94427190999916	1	1	1	1	12.25	-11.25	-11.25
empirical	user_msa	ELECO.r07.2AG0102970_ELECO.r07.2AG0102970.1	ELECO.r07.2AG0102970_ELECO.r07.2AG0102970.1	417	417	unique	417	417	417	0.9976076555023924	9	419	11.0	8.94427190999916	1.0	19.0	18.0	2	0.4444444444444444	0.5555555555555556	8.94427190999916	19	0	19	0	10.0	9.0	9.0
empirical	user_msa	Phala.08G200500_Phala.08G200500.1	Phala.08G200500_Phala.08G200500.1	417	417	unique	417	417	417	0.9976076555023924	9	419	11.0	8.94427190999916	1.0	19.0	18.0	2	0.4444444444444444	0.5555555555555556	8.94427190999916	1	1	1	1	12.25	-11.25	-11.25
empirical	user_msa	Phala.08G200500_Phala.08G200500.3	Phala.08G200500_Phala.08G200500.3	417	417	unique	417	417	417	0.9976076555023924	9	419	11.0	8.94427190999916	1.0	19.0	18.0	2	0.4444444444444444	0.5555555555555556	8.94427190999916	1	1	1	1	12.25	-11.25	-11.25
empirical	user_msa	Phala.08G200500_Phala.08G200500.2	Phala.08G200500_Phala.08G200500.2	417	417	unique	417	417	417	0.9976076555023924	9	419	11.0	8.94427190999916	1.0	19.0	18.0	2	0.4444444444444444	0.5555555555555556	8.94427190999916	1	1	1	1	12.25	-11.25	-11.25
empirical	user_msa	HORVU.MOREX.r3.6HG0571560_HORVU.MOREX.r3.6HG0571560.1	HORVU.MOREX.r3.6HG0571560_HORVU.MOREX.r3.6HG0571560.1	417	417	unique	417	417	417	0.9976076555023924	9	419	11.0	8.94427190999916	1.0	19.0	18.0	2	0.4444444444444444	0.5555555555555556	8.94427190999916	19	0	19	0	10.0	9.0	9.0
empirical	user_msa	TraesCS6A03G0381800_TraesCS6A03G0381800.1	TraesCS6A03G0381800_TraesCS6A03G0381800.1	417	417	unique	417	417	417	0.9976076555023924	9	419	11.0	8.94427190999916	1.0	19.0	18.0	2	0.4444444444444444	0.5555555555555556	8.94427190999916	19	0	19	0	10.0	9.0	9.0
empirical	user_msa	Thint.S06G201700_Thint.S06G201700.1	Thint.S06G201700_Thint.S06G201700.1	417	417	unique	417	417	417	0.9976076555023924	9	419	11.0	8.94427190999916	1.0	19.0	18.0	2	0.4444444444444444	0.5555555555555556	8.94427190999916	19	0	19	0	10.0	9.0	9.0
empirical	user_msa	LOC_Os02g07490_LOC_Os02g07490.1	LOC_Os02g07490_LOC_Os02g07490.1	418	418	unique	418	418	418	1.0	9	419	0.0	0.0	0.0	0.0	0.0	1	0.0	1.0	0.0	0	0	0	0	0.0	0.0	0.0
empirical	user_msa	Oropetium_20150105_02675_Oropetium_20150105_02675A	Oropetium_20150105_02675_Oropetium_20150105_02675A	418	418	unique	418	418	418	1.0	9	419	0.0	0.0	0.0	0.0	0.0	1	0.0	1.0	0.0	0	0	0	0	0.0	0.0	0.0
empirical	user_msa	ELECO.r07.2AG0102970_ELECO.r07.2AG0102970.1	ELECO.r07.2AG0102970_ELECO.r07.2AG0102970.1	418	418	unique	418	418	418	1.0	9	419	0.0	0.0	0.0	0.0	0.0	1	0.0	1.0	0.0	0	0	0	0	0.0	0.0	0.0
empirical	user_msa	Phala.08G200500_Phala.08G200500.1	Phala.08G200500_Phala.08G200500.1	418	418	unique	418	418	418	1.0	9	419	0.0	0.0	0.0	0.0	0.0	1	0.0	1.0	0.0	0	0	0	0	0.0	0.0	0.0
empirical	user_msa	Phala.08G200500_Phala.08G200500.3	Phala.08G200500_Phala.08G200500.3	418	418	unique	418	418	418	1.0	9	419	0.0	0.0	0.0	0.0	0.0	1	0.0	1.0	0.0	0	0	0	0	0.0	0.0	0.0
empirical	user_msa	Phala.08G200500_Phala.08G200500.2	Phala.08G200500_Phala.08G200500.2	418	418	unique	418	418	418	1.0	9	419	0.0	0.0	0.0	0.0	0.0	1	0.0	1.0	0.0	0	0	0	0	0.0	0.0	0.0
empirical	user_msa	HORVU.MOREX.r3.6HG0571560_HORVU.MOREX.r3.6HG0571560.1	HORVU.MOREX.r3.6HG0571560_HORVU.MOREX.r3.6HG0571560.1	418	418	unique	418	418	418	1.0	9	419	0.0	0.0	0.0	0.0	0.0	1	0.0	1.0	0.0	0	0	0	0	0.0	0.0	0.0
empirical	user_msa	TraesCS6A03G0381800_TraesCS6A03G0381800.1	TraesCS6A03G0381800_TraesCS6A03G0381800.1	418	418	unique	418	418	418	1.0	9	419	0.0	0.0	0.0	0.0	0.0	1	0.0	1.0	0.0	0	0	0	0	0.0	0.0	0.0
empirical	user_msa	Thint.S06G201700_Thint.S06G201700.1	Thint.S06G201700_Thint.S06G201700.1	418	418	unique	418	418	418	1.0	9	419	0.0	0.0	0.0	0.0	0.0	1	0.0	1.0	0.0	0	0	0	0	0.0	0.0	0.0
