Orthogroup	Drosophila_ananassae	Drosophila_biarmipes	Drosophila_mauritiana	Drosophila_melanogaster	Drosophila_pseudoobscura	Drosophila_sechellia	Drosophila_simulans	Drosophila_subobscura	Drosophila_suzukii	Drosophila_virilis	Drosophila_willistoni	Drosophila_yakuba
OG0013881			Drosophila_mauritiana__LOC117136909__XP_033153922.1									
OG0013882											Drosophila_willistoni__LOC124459954__XP_046865824.1	
OG0013883	Drosophila_ananassae__LOC6506851__XP_001957118.2											
OG0013884			Drosophila_mauritiana__LOC117145090__XP_033166499.1									
OG0013885										Drosophila_virilis__LOC6632597__XP_032289719.1		
OG0013886							Drosophila_simulans__LOC27208480__XP_039148035.1					
OG0013887					Drosophila_pseudoobscura__LOC117184392__XP_033237380.1							
OG0013888											Drosophila_willistoni__LOC6651713__XP_002073275.4	
OG0013889												Drosophila_yakuba__LOC26535055__XP_015054579.1
OG0013890					Drosophila_pseudoobscura__LOC117184827__XP_033239692.1							
OG0013891		Drosophila_biarmipes__LOC122819043__XP_050742212.1										
OG0013892											Drosophila_willistoni__LOC124460698__XP_046868069.1	
OG0013893											Drosophila_willistoni__LOC111519299__XP_023035135.2	
OG0013894	Drosophila_ananassae__LOC123257939__XP_044573815.1											
OG0013895		Drosophila_biarmipes__LOC122818823__XP_043950041.1										
OG0013896					Drosophila_pseudoobscura__LOC6901812__XP_015042146.2							
OG0013897	Drosophila_ananassae__LOC26514896__XP_014767357.1											
OG0013898			Drosophila_mauritiana__LOC117135677__XP_033151968.1									
OG0013899	Drosophila_ananassae__LOC6505324__XP_001965758.2											
OG0013900	Drosophila_ananassae__LOC123257818__XP_044573736.1											
OG0013901										Drosophila_virilis__LOC138911560__XP_070067018.1		
OG0013902					Drosophila_pseudoobscura__LOC6902818__XP_033236041.1							
OG0013903								Drosophila_subobscura__LOC117901138__XP_034667671.1				
OG0013904	Drosophila_ananassae__LOC123257191__XP_044571141.1											
OG0013905											Drosophila_willistoni__LOC124460484__XP_046867326.1	
OG0013906										Drosophila_virilis__LOC6624768__XP_002050721.2		
OG0013907											Drosophila_willistoni__LOC111519265__XP_023034698.1	
OG0013908	Drosophila_ananassae__LOC26515220__XP_014760116.1											
OG0013909								Drosophila_subobscura__LOC117893466__XP_034655978.1				
OG0013910		Drosophila_biarmipes__LOC108027472__XP_050745051.1										
OG0013911											Drosophila_willistoni__LOC124459833__XP_046865518.1	
OG0013912											Drosophila_willistoni__LOC6647143__XP_023034128.1	
OG0013913											Drosophila_willistoni__LOC124459811__XP_046865458.1	
OG0013914									Drosophila_suzukii__LOC139355176__XP_070855641.1			
OG0013915					Drosophila_pseudoobscura__LOC26534306__XP_033232597.1							
OG0013916								Drosophila_subobscura__LOC117897261__XP_034661879.1				
OG0013917			Drosophila_mauritiana__LOC117145206__XP_033166661.1									
OG0013918										Drosophila_virilis__LOC6633372__XP_032295932.1		
OG0013919	Drosophila_ananassae__LOC26515128__XP_014765701.1											
OG0013920											Drosophila_willistoni__LOC26530214__XP_015034782.2	
OG0013921									Drosophila_suzukii__LOC118877460__XP_036672327.3			
OG0013922					Drosophila_pseudoobscura__LOC117185186__XP_033241389.1							
OG0013923										Drosophila_virilis__LOC6634046__XP_015025274.1		
OG0013924									Drosophila_suzukii__LOC139352248__XP_070850429.1			
OG0013925											Drosophila_willistoni__LOC26528933__XP_023037637.1	
OG0013926				Drosophila_melanogaster__CG10918__NP_608453.1								
OG0013927				Drosophila_melanogaster__hrg__NP_001036562.1								
OG0013928					Drosophila_pseudoobscura__LOC6902930__XP_033235731.1							
OG0013929									Drosophila_suzukii__LOC139354538__XP_070854893.1			
OG0013930		Drosophila_biarmipes__LOC127012204__XP_050746341.1										
OG0013931										Drosophila_virilis__LOC6626521__XP_032292396.1		
OG0013932					Drosophila_pseudoobscura__LOC117185085__XP_033240735.1							
OG0013933											Drosophila_willistoni__LOC124460919__XP_046868471.1	
OG0013934				Drosophila_melanogaster__CG17734__NP_001247043.1								
OG0013935					Drosophila_pseudoobscura__LOC117185081__XP_033240726.1							
OG0013936			Drosophila_mauritiana__LOC117136668__XP_033153561.1									
OG0013937					Drosophila_pseudoobscura__LOC26533499__XP_015035442.2							
OG0013938			Drosophila_mauritiana__LOC117150735__XP_033173660.1									
OG0013939											Drosophila_willistoni__LOC111518963__XP_023033157.1	
OG0013940		Drosophila_biarmipes__LOC122818205__XP_043948341.1										
OG0013941										Drosophila_virilis__LOC6631644__XP_002055363.2		
OG0013942	Drosophila_ananassae__LOC6504466__XP_001966957.1											
OG0013943											Drosophila_willistoni__LOC111519454__XP_023036231.1	
OG0013944											Drosophila_willistoni__LOC124460156__XP_046866395.1	
OG0013945	Drosophila_ananassae__LOC116656058__XP_032311281.1											
OG0013946											Drosophila_willistoni__LOC6639682__XP_002062892.2	
OG0013947											Drosophila_willistoni__LOC6645763__XP_023033429.2	
OG0013948								Drosophila_subobscura__LOC117892634__XP_034654877.1				
OG0013949					Drosophila_pseudoobscura__LOC117183298__XP_033232607.1							
OG0013950												Drosophila_yakuba__LOC26535598__XP_043063105.1
OG0013951					Drosophila_pseudoobscura__LOC26532410__XP_015037772.1							
OG0013952					Drosophila_pseudoobscura__LOC26533055__XP_015036616.2							
OG0013953					Drosophila_pseudoobscura__LOC26532967__XP_033238003.1							
OG0013954								Drosophila_subobscura__LOC117897421__XP_034662150.1				
OG0013955									Drosophila_suzukii__LOC139352316__XP_070850519.1			
OG0013956				Drosophila_melanogaster__Mst84Dc__NP_001097701.1								
OG0013957					Drosophila_pseudoobscura__LOC26532518__XP_015039122.2							
OG0013958					Drosophila_pseudoobscura__LOC6904094__XP_002136425.1							
OG0013959										Drosophila_virilis__LOC6623054__XP_002047093.2		
OG0013960											Drosophila_willistoni__LOC124461767__XP_046869182.1	
OG0013961					Drosophila_pseudoobscura__LOC6901593__XP_002134264.3							
OG0013962							Drosophila_simulans__LOC123327273__XP_044779174.1					
OG0013963					Drosophila_pseudoobscura__LOC6901788__XP_015042116.1							
OG0013964	Drosophila_ananassae__LOC6506016__XP_044573380.1											
OG0013965								Drosophila_subobscura__LOC117902208__XP_034669319.1				
OG0013966											Drosophila_willistoni__LOC111518432__XP_023030853.1	
OG0013967		Drosophila_biarmipes__LOC108024776__XP_050744718.1										
OG0013968									Drosophila_suzukii__LOC139353339__XP_070853347.1			
OG0013969					Drosophila_pseudoobscura__LOC6903172__XP_002132872.2							
OG0013970	Drosophila_ananassae__LOC116656563__XP_044570280.1											
OG0013971					Drosophila_pseudoobscura__LOC26532050__XP_033234625.1							
OG0013972									Drosophila_suzukii__LOC139354160__XP_070854519.1			
OG0013973								Drosophila_subobscura__LOC117893359__XP_034655841.1				
OG0013974		Drosophila_biarmipes__LOC127011790__XP_050745864.1										
OG0013975					Drosophila_pseudoobscura__LOC26532863__XP_015038958.2							
OG0013976		Drosophila_biarmipes__LOC122819136__XP_043951543.1										
OG0013977	Drosophila_ananassae__LOC6495889__XP_001959789.2											
OG0013978										Drosophila_virilis__LOC6632839__XP_002056347.1		
OG0013979				Drosophila_melanogaster__CG17724__NP_610844.1								
OG0013980											Drosophila_willistoni__LOC26529966__XP_015033002.3	
OG0013981											Drosophila_willistoni__LOC111519566__XP_023036709.1	
OG0013982								Drosophila_subobscura__LOC117894377__XP_034657273.1				
OG0013983					Drosophila_pseudoobscura__LOC6902092__XP_002133623.1							
OG0013984											Drosophila_willistoni__LOC111519754__XP_023037404.1	
OG0013985		Drosophila_biarmipes__LOC122819046__XP_050742564.1										
OG0013986										Drosophila_virilis__LOC116649888__XP_032289049.2		
OG0013987		Drosophila_biarmipes__LOC127011612__XP_050745377.1										
OG0013988										Drosophila_virilis__LOC6634701__XP_032296440.1		
OG0013989						Drosophila_sechellia__LOC116801550__XP_032577767.1						
OG0013990											Drosophila_willistoni__LOC6646860__XP_002069722.1	
OG0013991										Drosophila_virilis__LOC6628027__XP_070065015.1		
OG0013992										Drosophila_virilis__LOC26531096__XP_032292490.2		
OG0013993				Drosophila_melanogaster__CG43348__NP_001245834.1								
OG0013994					Drosophila_pseudoobscura__LOC117185115__XP_033240946.1							
OG0013995		Drosophila_biarmipes__LOC127010792__XP_050741729.1										
OG0013996							Drosophila_simulans__LOC123327337__XP_044779498.1					
OG0013997		Drosophila_biarmipes__LOC127010920__XP_050742719.1										
OG0013998					Drosophila_pseudoobscura__LOC117184593__XP_033238839.1							
OG0013999										Drosophila_virilis__LOC6636000__XP_002059500.1		
OG0014000					Drosophila_pseudoobscura__LOC6899994__XP_002135360.2							
OG0014001										Drosophila_virilis__LOC6628882__XP_070065374.1		
OG0014002								Drosophila_subobscura__LOC117894148__XP_034656937.1				
OG0014003										Drosophila_virilis__Oxp__XP_032292791.1		
OG0014004											Drosophila_willistoni__LOC26530257__XP_015033615.1	
OG0014005										Drosophila_virilis__LOC116652041__XP_032295661.1		
OG0014006										Drosophila_virilis__LOC6622425__XP_002048417.1		
OG0014007										Drosophila_virilis__LOC116649883__XP_070065295.1		
OG0014008								Drosophila_subobscura__LOC117900578__XP_034666882.1				
OG0014009										Drosophila_virilis__LOC6632992__XP_002056493.2		
OG0014010		Drosophila_biarmipes__LOC127010791__XP_050741728.1										
OG0014011											Drosophila_willistoni__LOC111518636__XP_023031777.1	
OG0014012		Drosophila_biarmipes__LOC127010842__XP_050742078.1										
OG0014013									Drosophila_suzukii__LOC139352500__XP_070850880.1			
OG0014014											Drosophila_willistoni__LOC124460555__XP_046867540.1	
OG0014015	Drosophila_ananassae__LOC6503954__XP_001963911.2											
OG0014016		Drosophila_biarmipes__LOC127010973__XP_050743284.1										
OG0014017										Drosophila_virilis__LOC6624020__XP_002047848.1		
OG0014018							Drosophila_simulans__LOC27206887__XP_039154264.1					
OG0014019										Drosophila_virilis__LOC6634833__XP_002058014.1		
OG0014020	Drosophila_ananassae__LOC6492981__XP_001956785.1											
OG0014021			Drosophila_mauritiana__LOC117150470__XP_033173257.1									
OG0014022	Drosophila_ananassae__LOC6507181__XP_001956533.2											
OG0014023			Drosophila_mauritiana__LOC117150063__XP_033172810.1									
OG0014024									Drosophila_suzukii__LOC139354138__XP_070854505.1			
OG0014025									Drosophila_suzukii__LOC139355003__XP_070855372.1			
OG0014026									Drosophila_suzukii__LOC139352400__XP_070850606.1			
OG0014027					Drosophila_pseudoobscura__LOC26532767__XP_033238286.1							
OG0014028											Drosophila_willistoni__LOC124460772__XP_046868314.1	
OG0014029									Drosophila_suzukii__LOC136117154__XP_065722767.2			
OG0014030												Drosophila_yakuba__LOC26534661__XP_039226649.1
OG0014031					Drosophila_pseudoobscura__l_1_10Bb__XP_033239450.1							
OG0014032							Drosophila_simulans__LOC27207666__XP_016039267.3					
OG0014033		Drosophila_biarmipes__LOC127011512__XP_050744468.1										
OG0014034							Drosophila_simulans__LOC123327194__XP_044778830.1					
OG0014035											Drosophila_willistoni__LOC26529630__XP_023034404.1	
OG0014036									Drosophila_suzukii__LOC139352425__XP_070850633.1			
OG0014037										Drosophila_virilis__LOC6629076__XP_070065018.1		
OG0014038	Drosophila_ananassae__LOC6506723__XP_001965235.1											
OG0014039									Drosophila_suzukii__LOC139353165__XP_070852692.1			
OG0014040		Drosophila_biarmipes__LOC108034442__XP_016964816.2										
OG0014041											Drosophila_willistoni__LOC6644188__XP_023032474.1	
OG0014042										Drosophila_virilis__LOC6637058__XP_002060476.1		
OG0014043		Drosophila_biarmipes__LOC108023787__XP_050740647.1										
OG0014044											Drosophila_willistoni__LOC26529226__XP_015032956.1	
OG0014045			Drosophila_mauritiana__LOC117146669__XP_033168907.1									
OG0014046				Drosophila_melanogaster__CG14742__NP_001247074.1								
OG0014047											Drosophila_willistoni__LOC124460161__XP_046866423.1	
OG0014048					Drosophila_pseudoobscura__LOC26533952__XP_015036112.2							
OG0014049						Drosophila_sechellia__LOC116801561__XP_032577834.1						
OG0014050									Drosophila_suzukii__LOC136116832__XP_065720215.2			
OG0014051										Drosophila_virilis__LOC138910999__XP_070063778.1		
OG0014052		Drosophila_biarmipes__LOC122818737__XP_043949750.1										
OG0014053									Drosophila_suzukii__LOC118877378__XP_036671827.3			
OG0014054											Drosophila_willistoni__LOC111518603__XP_023031695.2	
OG0014055									Drosophila_suzukii__LOC108019583__XP_070850712.1			
OG0014056		Drosophila_biarmipes__LOC108028699__XP_016956135.1										
OG0014057												Drosophila_yakuba__LOC120321180__XP_039228946.1
OG0014058	Drosophila_ananassae__LOC116655269__XP_032308774.1											
OG0014059											Drosophila_willistoni__LOC6652484__XP_002074723.1	
OG0014060												Drosophila_yakuba__LOC26535396__XP_015051127.1
OG0014061										Drosophila_virilis__LOC6630746__XP_002053207.1		
OG0014062		Drosophila_biarmipes__LOC127011548__XP_050744756.1										
OG0014063									Drosophila_suzukii__LOC139352247__XP_070850428.1			
OG0014064											Drosophila_willistoni__LOC124460477__XP_046867305.1	
OG0014065										Drosophila_virilis__LOC138911281__XP_070065422.1		
OG0014066											Drosophila_willistoni__LOC124461344__XP_046868827.1	
OG0014067											Drosophila_willistoni__LOC111518652__XP_023031795.1	
OG0014068										Drosophila_virilis__LOC26531591__XP_070062889.1		
OG0014069											Drosophila_willistoni__LOC26529373__XP_015032049.1	
OG0014070		Drosophila_biarmipes__LOC127010888__XP_050742385.1										
OG0014071									Drosophila_suzukii__LOC139352391__XP_070850597.1			
OG0014072									Drosophila_suzukii__LOC108008175__XP_016927455.3			
OG0014073										Drosophila_virilis__LOC6633214__XP_002055979.2		
OG0014074												Drosophila_yakuba__LOC26536325__XP_015045363.1
OG0014075								Drosophila_subobscura__LOC117890617__XP_034651452.1				
OG0014076								Drosophila_subobscura__LOC117898277__XP_034663423.1				
OG0014077								Drosophila_subobscura__LOC117890438__XP_034651159.1				
OG0014078											Drosophila_willistoni__LOC111518512__XP_023031223.1	
OG0014079					Drosophila_pseudoobscura__LOC6901064__XP_002134543.3							
OG0014080					Drosophila_pseudoobscura__LOC26533804__XP_015041860.2							
OG0014081	Drosophila_ananassae__LOC123257093__XP_044570557.1											
OG0014082											Drosophila_willistoni__LOC111519762__XP_023037442.1	
OG0014083											Drosophila_willistoni__LOC111518493__XP_046867317.1	
OG0014084			Drosophila_mauritiana__LOC117145811__XP_033167504.1									
OG0014085	Drosophila_ananassae__LOC6505152__XP_014760305.1											
OG0014086		Drosophila_biarmipes__LOC127011061__XP_050744106.1										
OG0014087		Drosophila_biarmipes__LOC127011036__XP_050743901.1										
OG0014088		Drosophila_biarmipes__LOC127010768__XP_050741538.1										
OG0014089										Drosophila_virilis__LOC138911194__XP_070065013.1		
OG0014090												Drosophila_yakuba__LOC6526020__XP_002101837.1
OG0014091											Drosophila_willistoni__LOC6640907__XP_002063863.1	
OG0014092	Drosophila_ananassae__LOC6505934__XP_044570101.1											
OG0014093										Drosophila_virilis__LOC6632796__XP_002056112.1		
OG0014094												Drosophila_yakuba__LOC120321082__XP_039228431.1
OG0014095			Drosophila_mauritiana__LOC117147153__XP_033169827.1									
OG0014096		Drosophila_biarmipes__LOC108034624__XP_016965049.1										
OG0014097										Drosophila_virilis__LOC138911663__XP_070067141.1		
OG0014098											Drosophila_willistoni__LOC6649509__XP_002072218.1	
OG0014099									Drosophila_suzukii__LOC139352595__XP_070851385.1			
OG0014100											Drosophila_willistoni__LOC111518482__XP_023031091.1	
OG0014101											Drosophila_willistoni__LOC6646400__XP_023033819.2	
OG0014102											Drosophila_willistoni__LOC111519751__XP_023037380.2	
OG0014103					Drosophila_pseudoobscura__LOC117183355__XP_033232938.1							
OG0014104	Drosophila_ananassae__LOC116655797__XP_032310028.1											
OG0014105									Drosophila_suzukii__LOC108021833__XP_016946126.2			
OG0014106									Drosophila_suzukii__LOC118878782__XP_036677677.1			
OG0014107											Drosophila_willistoni__LOC26529408__XP_023033887.2	
OG0014108										Drosophila_virilis__LOC116652271__XP_032296430.1		
OG0014109											Drosophila_willistoni__LOC111519290__XP_023034984.1	
OG0014110												Drosophila_yakuba__LOC120322247__XP_039233237.1
OG0014111											Drosophila_willistoni__LOC124459760__XP_046865325.1	
OG0014112					Drosophila_pseudoobscura__LOC6900951__XP_015042423.2							
OG0014113									Drosophila_suzukii__LOC139354985__XP_070855358.1			
OG0014114												Drosophila_yakuba__LOC120322385__XP_039233501.1
OG0014115					Drosophila_pseudoobscura__LOC26532684__XP_015043366.2							
OG0014116			Drosophila_mauritiana__LOC117145483__XP_033167051.1									
OG0014117											Drosophila_willistoni__LOC6638102__XP_023031302.1	
OG0014118					Drosophila_pseudoobscura__LOC6901589__XP_002134260.2							
OG0014119	Drosophila_ananassae__LOC123257429__XP_044572433.1											
OG0014120										Drosophila_virilis__LOC116650860__XP_032291635.1		
OG0014121	Drosophila_ananassae__LOC26513658__XP_014765514.1											
OG0014122									Drosophila_suzukii__LOC136117058__XP_070854542.1			
OG0014123			Drosophila_mauritiana__LOC117137915__XP_033155552.1									
OG0014124								Drosophila_subobscura__LOC117892966__XP_034655190.1				
OG0014125										Drosophila_virilis__LOC6628062__XP_002051531.1		
OG0014126							Drosophila_simulans__LOC27208698__XP_044779128.1					
OG0014127								Drosophila_subobscura__LOC117900245__XP_034666432.1				
OG0014128								Drosophila_subobscura__LOC117892096__XP_034653983.1				
OG0014129							Drosophila_simulans__LOC6738111__XP_044778906.1					
OG0014130			Drosophila_mauritiana__LOC117139256__XP_033157363.1									
OG0014131											Drosophila_willistoni__LOC124460771__XP_046868313.1	
OG0014132							Drosophila_simulans__LOC120284353__XP_039147399.1					
OG0014133								Drosophila_subobscura__LOC117893632__XP_034656208.1				
OG0014134							Drosophila_simulans__LOC123327084__XP_044778410.1					
OG0014135										Drosophila_virilis__LOC6634304__XP_002057555.1		
OG0014136											Drosophila_willistoni__LOC26529514__XP_015033194.1	
OG0014137					Drosophila_pseudoobscura__LOC117184618__XP_033238987.1							
OG0014138	Drosophila_ananassae__LOC6500257__XP_001952924.1											
OG0014139								Drosophila_subobscura__LOC117901884__XP_034668737.1				
OG0014140							Drosophila_simulans__LOC120285072__XP_039151816.1					
OG0014141								Drosophila_subobscura__LOC117890322__XP_034651001.1				
OG0014142									Drosophila_suzukii__LOC139352411__XP_070850618.1			
OG0014143									Drosophila_suzukii__LOC108015217__XP_016937045.3			
OG0014144										Drosophila_virilis__LOC138911123__XP_070064620.1		
OG0014145											Drosophila_willistoni__LOC6640638__XP_002063608.1	
OG0014146											Drosophila_willistoni__LOC124460240__XP_046866675.1	
OG0014147											Drosophila_willistoni__LOC111519284__XP_023034865.2	
OG0014148									Drosophila_suzukii__LOC139352891__XP_070851647.1			
OG0014149											Drosophila_willistoni__LOC26530113__XP_015033990.2	
OG0014150									Drosophila_suzukii__LOC108004713__XP_016923221.3			
OG0014151	Drosophila_ananassae__LOC26515063__XP_014762398.1											
OG0014152											Drosophila_willistoni__LOC6648857__XP_002070947.1	
OG0014153											Drosophila_willistoni__LOC6649003__XP_002071623.1	
OG0014154											Drosophila_willistoni__LOC111519187__XP_023034392.1	
OG0014155								Drosophila_subobscura__LOC117894493__XP_034657492.1				
OG0014156										Drosophila_virilis__LOC138911088__XP_070064361.1		
OG0014157										Drosophila_virilis__LOC26531762__XP_015028983.1		
OG0014158										Drosophila_virilis__LOC6635422__XP_032295490.1		
OG0014159			Drosophila_mauritiana__LOC117145764__XP_033167421.1									
OG0014160									Drosophila_suzukii__LOC108010540__XP_016930908.4			
OG0014161									Drosophila_suzukii__LOC139354765__XP_070855116.1			
OG0014162							Drosophila_simulans__LOC123327313__XP_044779351.1					
OG0014163												Drosophila_yakuba__LOC26536035__XP_015051122.1
OG0014164												Drosophila_yakuba__LOC120322411__XP_039233638.1
OG0014165					Drosophila_pseudoobscura__LOC117184043__XP_033235968.1							
OG0014166									Drosophila_suzukii__LOC139352213__XP_070850399.1			
OG0014167							Drosophila_simulans__LOC27208005__XP_039150109.1					
OG0014168		Drosophila_biarmipes__LOC127011687__XP_050745649.1										
OG0014169											Drosophila_willistoni__LOC111518563__XP_023031530.2	
OG0014170							Drosophila_simulans__LOC120285298__XP_039152888.1					
OG0014171					Drosophila_pseudoobscura__LOC26533974__XP_033240239.1							
OG0014172									Drosophila_suzukii__LOC139354071__XP_070854414.1			
OG0014173										Drosophila_virilis__LOC138911253__XP_070065332.1		
OG0014174	Drosophila_ananassae__LOC123257980__XP_044573845.1											
OG0014175						Drosophila_sechellia__LysX__XP_002034864.1						
OG0014176					Drosophila_pseudoobscura__LOC26532649__XP_033237374.1							
OG0014177											Drosophila_willistoni__LOC124460367__XP_046866945.1	
OG0014178		Drosophila_biarmipes__LOC122818013__XP_043947393.1										
OG0014179												Drosophila_yakuba__LOC120321435__XP_039229789.1
OG0014180								Drosophila_subobscura__LOC117897960__XP_034662954.1				
OG0014181											Drosophila_willistoni__LOC26530146__XP_023037801.1	
OG0014182							Drosophila_simulans__LOC120285393__XP_039154055.1					
OG0014183												Drosophila_yakuba__LOC6536050__XP_002096660.2
OG0014184							Drosophila_simulans__LOC120285683__XP_039154265.1					
OG0014185		Drosophila_biarmipes__LOC127010880__XP_050742259.1										
OG0014186						Drosophila_sechellia__LOC116802440__XP_032582810.1						
OG0014187										Drosophila_virilis__LOC26531711__XP_032288797.1		
OG0014188					Drosophila_pseudoobscura__LOC117184416__XP_033237532.1							
OG0014189										Drosophila_virilis__LOC6634792__XP_002058128.1		
OG0014190										Drosophila_virilis__LOC116650393__XP_032289826.1		
OG0014191								Drosophila_subobscura__LOC117899028__XP_034664678.1				
OG0014192		Drosophila_biarmipes__LOC108027040__XP_016953732.1										
OG0014193											Drosophila_willistoni__LOC6645633__XP_002068388.2	
OG0014194								Drosophila_subobscura__LOC117901074__XP_034667577.1				
OG0014195									Drosophila_suzukii__LOC108011271__XP_065721294.2			
OG0014196									Drosophila_suzukii__LOC108020963__XP_016944898.1			
OG0014197								Drosophila_subobscura__LOC117897436__XP_034662165.1				
OG0014198					Drosophila_pseudoobscura__LOC6901438__XP_002134124.2							
OG0014199										Drosophila_virilis__LOC6628550__XP_002052176.2		
OG0014200								Drosophila_subobscura__LOC117903640__XP_034671814.1				
OG0014201		Drosophila_biarmipes__LOC127011073__XP_050744200.1										
OG0014202					Drosophila_pseudoobscura__LOC6897663__XP_002137801.2							
OG0014203									Drosophila_suzukii__LOC118877204__XP_036670444.3			
OG0014204								Drosophila_subobscura__LOC117902038__XP_034668992.1				
OG0014205	Drosophila_ananassae__LOC6507883__XP_032310593.1											
OG0014206								Drosophila_subobscura__LOC117896343__XP_034660477.1				
OG0014207												Drosophila_yakuba__LOC122319454__XP_043062707.1
OG0014208										Drosophila_virilis__LOC138911632__XP_070067114.1		
OG0014209											Drosophila_willistoni__LOC111519005__XP_046867873.1	
OG0014210	Drosophila_ananassae__LOC123258018__XP_044573878.1											
OG0014211	Drosophila_ananassae__LOC116655366__XP_032309076.1											
OG0014212									Drosophila_suzukii__Ccp84Af__XP_036675047.3			
OG0014213						Drosophila_sechellia__LOC6609886__XP_002034536.2						
OG0014214										Drosophila_virilis__LOC6631471__XP_002055115.1		
OG0014215										Drosophila_virilis__LOC6631528__XP_032295548.1		
OG0014216								Drosophila_subobscura__LOC117895531__XP_034659128.1				
OG0014217				Drosophila_melanogaster__cpo__NP_001014631.3								
OG0014218	Drosophila_ananassae__LOC6504162__XP_014761199.1											
OG0014219		Drosophila_biarmipes__LOC127012064__XP_050746203.1										
OG0014220			Drosophila_mauritiana__LOC117149084__XP_033172622.1									
OG0014221					Drosophila_pseudoobscura__LOC6903780__XP_002136696.2							
OG0014222								Drosophila_subobscura__LOC117900443__XP_034666704.1				
OG0014223						Drosophila_sechellia__LOC116802201__XP_032581773.1						
OG0014224											Drosophila_willistoni__LOC124459673__XP_046867283.1	
OG0014225										Drosophila_virilis__LOC138911207__XP_070065051.1		
OG0014226									Drosophila_suzukii__LOC139352250__XP_070850430.1			
OG0014227												Drosophila_yakuba__LOC120321196__XP_039229113.1
OG0014228					Drosophila_pseudoobscura__LOC117184499__XP_033238309.1							
OG0014229										Drosophila_virilis__LOC138911131__XP_070064646.1		
OG0014230									Drosophila_suzukii__LOC139352423__XP_070850630.1			
OG0014231											Drosophila_willistoni__LOC6644544__XP_002067536.1	
OG0014232			Drosophila_mauritiana__LOC117143848__XP_033164597.1									
OG0014233								Drosophila_subobscura__LOC117899606__XP_034665626.1				
OG0014234	Drosophila_ananassae__LOC6503521__XP_001964218.2											
OG0014235									Drosophila_suzukii__LOC139354745__XP_070855086.1			
OG0014236											Drosophila_willistoni__LOC6641026__XP_002063847.1	
OG0014237									Drosophila_suzukii__LOC139352409__XP_070850616.1			
OG0014238	Drosophila_ananassae__LOC26515085__XP_014764087.1											
OG0014239		Drosophila_biarmipes__LOC127010642__XP_050740927.1										
OG0014240										Drosophila_virilis__LOC138911331__XP_070065854.1		
OG0014241					Drosophila_pseudoobscura__LOC26532600__XP_015041317.2							
OG0014242					Drosophila_pseudoobscura__LOC26532134__XP_033237115.1							
OG0014243									Drosophila_suzukii__lcs__XP_065724804.2			
OG0014244			Drosophila_mauritiana__LOC117139828__XP_033158360.1									
OG0014245								Drosophila_subobscura__LOC117890552__XP_034651374.1				
OG0014246											Drosophila_willistoni__LOC6641306__XP_002064183.1	
OG0014247								Drosophila_subobscura__LOC117900659__XP_034666985.1				
OG0014248											Drosophila_willistoni__LOC26529892__XP_015032751.1	
OG0014249										Drosophila_virilis__LOC6628280__XP_002051473.2		
OG0014250					Drosophila_pseudoobscura__LOC6901299__XP_033240426.1							
OG0014251					Drosophila_pseudoobscura__LOC6902852__XP_002132588.3							
OG0014252	Drosophila_ananassae__LOC6507233__XP_001956423.1											
OG0014253										Drosophila_virilis__LOC26531920__XP_032296710.1		
OG0014254					Drosophila_pseudoobscura__LOC6900240__XP_002135569.2							
OG0014255	Drosophila_ananassae__LOC123257941__XP_044573817.1											
OG0014256	Drosophila_ananassae__LOC116655796__XP_032310026.1											
OG0014257										Drosophila_virilis__LOC138911172__XP_070064895.1		
OG0014258							Drosophila_simulans__LOC120284359__XP_039147457.1					
OG0014259											Drosophila_willistoni__LOC124460394__XP_046866998.1	
OG0014260										Drosophila_virilis__LOC138911553__XP_070067009.1		
OG0014261									Drosophila_suzukii__LOC139352404__XP_070850610.1			
OG0014262										Drosophila_virilis__LOC6635047__XP_002058690.1		
OG0014263										Drosophila_virilis__LOC138911206__XP_070065049.1		
OG0014264								Drosophila_subobscura__LOC117901413__XP_034668039.1				
OG0014265	Drosophila_ananassae__LOC116654959__XP_032307688.1											
OG0014266	Drosophila_ananassae__LOC6507615__XP_001956005.2											
OG0014267						Drosophila_sechellia__LOC116800900__XP_032573242.1						
OG0014268					Drosophila_pseudoobscura__LOC6903385__XP_002132264.2							
OG0014269											Drosophila_willistoni__LOC124460319__XP_046866815.1	
OG0014270												Drosophila_yakuba__LOC26536427__XP_015052978.1
OG0014271										Drosophila_virilis__LOC116651412__XP_070065052.1		
OG0014272												Drosophila_yakuba__LOC6525256__XP_039233530.1
OG0014273	Drosophila_ananassae__LOC26514576__XP_014765643.1											
OG0014274											Drosophila_willistoni__LOC6645070__XP_002067813.1	
OG0014275		Drosophila_biarmipes__LOC127011570__XP_050744894.1										
OG0014276											Drosophila_willistoni__LOC6649475__XP_002072133.3	
OG0014277						Drosophila_sechellia__LOC116800312__XP_032570280.1						
OG0014278				Drosophila_melanogaster__CG31639__NP_723162.1								
OG0014279												Drosophila_yakuba__LOC6534218__XP_002094900.1
OG0014280											Drosophila_willistoni__LOC6650044__XP_046865365.1	
OG0014281								Drosophila_subobscura__LOC117893441__XP_034655951.1				
OG0014282										Drosophila_virilis__LOC26530680__XP_070065126.1		
OG0014283					Drosophila_pseudoobscura__LOC6898740__XP_002138727.2							
OG0014284				Drosophila_melanogaster__CG43610__NP_001369119.1								
OG0014285										Drosophila_virilis__LOC116652030__XP_032295626.1		
OG0014286											Drosophila_willistoni__LOC6638632__XP_023036778.1	
OG0014287			Drosophila_mauritiana__LOC117144076__XP_033164977.1									
OG0014288									Drosophila_suzukii__LOC139353259__XP_070853014.1			
OG0014289								Drosophila_subobscura__LOC117898143__XP_034663231.1				
OG0014290								Drosophila_subobscura__LOC117903417__XP_034671323.1				
OG0014291					Drosophila_pseudoobscura__LOC117185091__XP_033240770.1							
OG0014292										Drosophila_virilis__LOC26530709__XP_070066964.1		
OG0014293									Drosophila_suzukii__LOC139352421__XP_070850628.1			
OG0014294										Drosophila_virilis__whe__XP_002058307.2		
OG0014295							Drosophila_simulans__LOC120284736__XP_039149217.1					
OG0014296	Drosophila_ananassae__LOC26515093__XP_032305667.1											
OG0014297											Drosophila_willistoni__LOC111519408__XP_023035880.1	
OG0014298		Drosophila_biarmipes__LOC122817801__XP_043947036.2										
OG0014299					Drosophila_pseudoobscura__LOC26532321__XP_033236725.1							
OG0014300	Drosophila_ananassae__LOC26515150__XP_044573243.1											
OG0014301									Drosophila_suzukii__LOC139352430__XP_070850638.1			
OG0014302										Drosophila_virilis__LOC138911399__XP_070066311.1		
OG0014303											Drosophila_willistoni__LOC6646130__XP_023033584.1	
OG0014304										Drosophila_virilis__LOC6628143__XP_002052430.1		
OG0014305		Drosophila_biarmipes__LOC108024314__XP_016949706.1										
OG0014306		Drosophila_biarmipes__LOC108025574__XP_016951591.2										
OG0014307	Drosophila_ananassae__LOC123257520__XP_044572899.1											
OG0014308	Drosophila_ananassae__LOC26514624__XP_014767315.1											
OG0014309										Drosophila_virilis__LOC26530804__XP_015030248.1		
OG0014310							Drosophila_simulans__LOC27208802__XP_039150246.1					
OG0014311								Drosophila_subobscura__LOC117895660__XP_034659372.1				
OG0014312					Drosophila_pseudoobscura__LOC117183403__XP_033233146.1							
OG0014313							Drosophila_simulans__LOC123327172__XP_044778763.1					
OG0014314						Drosophila_sechellia__LOC116802098__XP_032581115.1						
OG0014315											Drosophila_willistoni__LOC6652262__XP_002074628.1	
OG0014316											Drosophila_willistoni__LOC26530277__XP_015033336.1	
OG0014317											Drosophila_willistoni__LOC6643904__XP_002067122.2	
OG0014318									Drosophila_suzukii__LOC139353345__XP_070853372.1			
OG0014319							Drosophila_simulans__LOC6732356__XP_016025006.1					
OG0014320										Drosophila_virilis__LOC26530582__XP_032294686.1		
OG0014321	Drosophila_ananassae__LOC26515570__XP_014762447.1											
OG0014322	Drosophila_ananassae__LOC26514038__XP_032307819.1											
OG0014323												Drosophila_yakuba__LOC120321451__XP_039229887.1
OG0014324				Drosophila_melanogaster__CG14669__NP_001303485.1								
OG0014325											Drosophila_willistoni__LOC26529849__XP_046866652.1	
OG0014326	Drosophila_ananassae__LOC116655132__XP_032308297.1											
OG0014327			Drosophila_mauritiana__LOC117141719__XP_033161226.1									
OG0014328	Drosophila_ananassae__LOC123257595__XP_044573269.1											
OG0014329											Drosophila_willistoni__LOC6643072__XP_002065765.2	
OG0014330					Drosophila_pseudoobscura__LOC6903493__XP_002132372.3							
OG0014331	Drosophila_ananassae__LOC6501150__XP_001954645.1											
OG0014332					Drosophila_pseudoobscura__LOC26532677__XP_033235943.1							
OG0014333								Drosophila_subobscura__LOC117893535__XP_034656070.1				
OG0014334											Drosophila_willistoni__LOC6649075__XP_002071005.1	
OG0014335											Drosophila_willistoni__LOC6642641__XP_002065550.2	
OG0014336		Drosophila_biarmipes__LOC108021912__XP_016946221.1										
OG0014337	Drosophila_ananassae__LOC26513664__XP_032305624.2											
OG0014338		Drosophila_biarmipes__LOC122819135__XP_043951542.1										
OG0014339											Drosophila_willistoni__LOC111519067__XP_023033644.1	
OG0014340											Drosophila_willistoni__LOC26528934__XP_046866133.1	
OG0014341	Drosophila_ananassae__LOC26513854__XP_014763944.1											
OG0014342											Drosophila_willistoni__LOC26528814__XP_023034791.1	
OG0014343											Drosophila_willistoni__LOC26530123__XP_046868013.1	
OG0014344								Drosophila_subobscura__LOC117902968__XP_034670516.1				
OG0014345										Drosophila_virilis__LOC138911309__XP_070065688.1		
OG0014346	Drosophila_ananassae__LOC123257518__XP_044572875.1											
OG0014347											Drosophila_willistoni__LOC111519270__XP_023034768.1	
OG0014348	Drosophila_ananassae__LOC26515472__XP_014765733.1											
OG0014349										Drosophila_virilis__LOC116650606__XP_070064302.1		
OG0014350											Drosophila_willistoni__LOC6644126__XP_002066698.2	
OG0014351											Drosophila_willistoni__LOC6638502__XP_002061485.1	
OG0014352										Drosophila_virilis__LOC6634966__XP_002058713.1		
OG0014353							Drosophila_simulans__LOC123327268__XP_044779167.1					
OG0014354											Drosophila_willistoni__LOC26529929__XP_015033598.2	
OG0014355		Drosophila_biarmipes__LOC122819132__XP_043951515.1										
OG0014356										Drosophila_virilis__LOC138910993__XP_070063714.1		
OG0014357										Drosophila_virilis__LOC138910949__XP_070063437.1		
OG0014358		Drosophila_biarmipes__LOC108025686__XP_016951710.1										
OG0014359					Drosophila_pseudoobscura__LOC6901682__XP_033239073.1							
OG0014360						Drosophila_sechellia__LOC116800959__XP_032573758.1						
OG0014361						Drosophila_sechellia__LOC116801787__XP_032579202.1						
OG0014362											Drosophila_willistoni__LOC6652507__XP_046865544.1	
OG0014363										Drosophila_virilis__LOC6634807__XP_002057920.1		
OG0014364	Drosophila_ananassae__LOC6504899__XP_001966554.1											
OG0014365	Drosophila_ananassae__LOC26515560__XP_014765742.1											
OG0014366								Drosophila_subobscura__LOC117903307__XP_034671131.1				
OG0014367			Drosophila_mauritiana__LOC117137361__XP_033154656.1									
OG0014368											Drosophila_willistoni__LOC124462105__XP_046869445.1	
OG0014369					Drosophila_pseudoobscura__LOC6897195__XP_002137374.2							
OG0014370											Drosophila_willistoni__LOC124460460__XP_046867248.1	
OG0014371					Drosophila_pseudoobscura__LOC26533097__XP_033240128.1							
OG0014372		Drosophila_biarmipes__LOC122817756__XP_043946751.1										
OG0014373									Drosophila_suzukii__LOC139354139__XP_070854506.1			
OG0014374	Drosophila_ananassae__LOC123257524__XP_044572916.1											
OG0014375											Drosophila_willistoni__LOC26528861__XP_046865647.1	
OG0014376									Drosophila_suzukii__LOC139352770__XP_070851502.1			
OG0014377											Drosophila_willistoni__LOC6648539__XP_023035361.1	
OG0014378									Drosophila_suzukii__LOC139352245__XP_070850426.1			
OG0014379		Drosophila_biarmipes__LOC122818517__XP_043948610.1										
OG0014380		Drosophila_biarmipes__LOC122818630__XP_050743854.1										
OG0014381		Drosophila_biarmipes__LOC108023748__XP_050745789.1										
OG0014382		Drosophila_biarmipes__LOC127011032__XP_050743837.1										
OG0014383		Drosophila_biarmipes__LOC108028972__XP_016956501.1										
OG0014384											Drosophila_willistoni__LOC26529862__XP_015032998.1	
OG0014385					Drosophila_pseudoobscura__LOC6901641__XP_015041917.2							
OG0014386		Drosophila_biarmipes__LOC122818977__XP_043950669.1										
OG0014387	Drosophila_ananassae__LOC123257457__XP_044572559.1											
OG0014388							Drosophila_simulans__LOC120284789__XP_039149694.1					
OG0014389											Drosophila_willistoni__LOC124459798__XP_046865401.1	
OG0014390											Drosophila_willistoni__LOC6643164__XP_046868216.1	
OG0014391											Drosophila_willistoni__LOC124460657__XP_046867885.1	
OG0014392	Drosophila_ananassae__LOC123257725__XP_044573587.1											
OG0014393											Drosophila_willistoni__LOC6639798__XP_002062898.3	
OG0014394						Drosophila_sechellia__LOC116802057__XP_032580996.1						
OG0014395				Drosophila_melanogaster__CG6282__NP_648243.1								
OG0014396					Drosophila_pseudoobscura__LOC26532815__XP_015037227.1							
OG0014397							Drosophila_simulans__LOC27207331__XP_039154424.1					
OG0014398										Drosophila_virilis__LOC116650057__XP_032289300.1		
OG0014399												Drosophila_yakuba__LOC122319518__XP_043062818.1
OG0014400										Drosophila_virilis__Pp1-87B__XP_002054468.1		
OG0014401											Drosophila_willistoni__LOC6639455__XP_002061936.1	
OG0014402									Drosophila_suzukii__LOC108018616__XP_070852063.1			
OG0014403			Drosophila_mauritiana__LOC117138179__XP_033155960.1									
OG0014404											Drosophila_willistoni__LOC111519073__XP_023033670.2	
OG0014405							Drosophila_simulans__LOC6735093__XP_016028367.1					
OG0014406											Drosophila_willistoni__LOC124460003__XP_046865948.1	
OG0014407							Drosophila_simulans__LOC123327365__XP_044779620.1					
OG0014408					Drosophila_pseudoobscura__LOC117184779__XP_033239544.1							
OG0014409												Drosophila_yakuba__LOC122319583__XP_043062983.1
OG0014410										Drosophila_virilis__LOC138911771__XP_070067295.1		
OG0014411									Drosophila_suzukii__LOC139352414__XP_070850621.1			
OG0014412										Drosophila_virilis__LOC6628064__XP_002051533.1		
OG0014413											Drosophila_willistoni__LOC6638845__XP_002061886.1	
OG0014414					Drosophila_pseudoobscura__LOC117184410__XP_033237490.1							
OG0014415						Drosophila_sechellia__LOC6605208__XP_032574035.1						
OG0014416											Drosophila_willistoni__LOC111518548__XP_023031450.1	
OG0014417											Drosophila_willistoni__LOC26528813__XP_023034668.1	
OG0014418		Drosophila_biarmipes__LOC127010967__XP_050743219.1										
OG0014419					Drosophila_pseudoobscura__LOC6902120__XP_002133651.2							
OG0014420										Drosophila_virilis__LOC138911460__XP_070066834.1		
OG0014421										Drosophila_virilis__LOC26530877__XP_070064943.1		
OG0014422	Drosophila_ananassae__LOC6504327__XP_032311864.2											
OG0014423							Drosophila_simulans__LOC27207227__XP_039150654.1					
OG0014424	Drosophila_ananassae__LOC123257236__XP_044571382.1											
OG0014425					Drosophila_pseudoobscura__LOC117183978__XP_033235634.1							
OG0014426										Drosophila_virilis__LOC6637103__XP_015023611.2		
OG0014427										Drosophila_virilis__ND-B14.5AL__XP_002047937.2		
OG0014428										Drosophila_virilis__LOC26531497__XP_032293178.2		
OG0014429										Drosophila_virilis__LOC6626003__XP_002049446.2		
OG0014430												Drosophila_yakuba__LOC26536043__XP_015050223.1
OG0014431						Drosophila_sechellia__LOC116802324__XP_032582406.1						
OG0014432		Drosophila_biarmipes__LOC127011599__XP_050745265.1										
OG0014433										Drosophila_virilis__LOC26530541__XP_032289050.1		
OG0014434								Drosophila_subobscura__LOC117899077__XP_034664738.1				
OG0014435								Drosophila_subobscura__LOC117891561__XP_034652975.1				
OG0014436	Drosophila_ananassae__LOC26513880__XP_014762269.1											
OG0014437					Drosophila_pseudoobscura__LOC26531961__XP_015036721.2							
OG0014438									Drosophila_suzukii__LOC108010894__XP_016931375.3			
OG0014439	Drosophila_ananassae__LOC26515114__XP_014767384.1											
OG0014440						Drosophila_sechellia__LOC116802046__XP_032580968.1						
OG0014441		Drosophila_biarmipes__LOC127011627__XP_050745496.1										
OG0014442	Drosophila_ananassae__LOC123257414__XP_044572313.1											
OG0014443	Drosophila_ananassae__LOC116654676__XP_032306007.1											
OG0014444											Drosophila_willistoni__LOC124460391__XP_046866991.1	
OG0014445						Drosophila_sechellia__LOC116800916__XP_032573421.1						
OG0014446					Drosophila_pseudoobscura__LOC26533703__XP_015036008.2							
OG0014447										Drosophila_virilis__LOC6633696__XP_015025697.1		
OG0014448	Drosophila_ananassae__LOC116654956__XP_032307681.1											
OG0014449					Drosophila_pseudoobscura__LOC117184832__XP_033239712.1							
OG0014450	Drosophila_ananassae__LOC26515325__XP_032307671.1											
OG0014451											Drosophila_willistoni__LOC6652803__XP_002075445.1	
OG0014452										Drosophila_virilis__LOC6632273__XP_002056401.1		
OG0014453												Drosophila_yakuba__LOC122319598__XP_043063004.1
OG0014454												Drosophila_yakuba__LOC6529165__XP_039228253.2
OG0014455							Drosophila_simulans__LOC120284780__XP_039149626.1					
OG0014456	Drosophila_ananassae__LOC26514369__XP_014759886.1											
OG0014457								Drosophila_subobscura__LOC117893715__XP_034656294.1				
OG0014458					Drosophila_pseudoobscura__LOC117184032__XP_033235923.1							
OG0014459											Drosophila_willistoni__LOC6640555__XP_046866190.1	
OG0014460											Drosophila_willistoni__LOC6642048__XP_046866725.1	
OG0014461										Drosophila_virilis__LOC138911574__XP_070067058.1		
OG0014462									Drosophila_suzukii__LOC108007789__XP_065722045.2			
OG0014463											Drosophila_willistoni__LOC6650814__XP_023035679.1	
OG0014464										Drosophila_virilis__LOC6624118__XP_002047414.1		
OG0014465							Drosophila_simulans__LOC123327055__XP_044778312.1					
OG0014466										Drosophila_virilis__LOC138911789__XP_070067419.1		
OG0014467	Drosophila_ananassae__LOC26514611__XP_014767310.1											
OG0014468					Drosophila_pseudoobscura__LOC26534374__XP_015041316.2							
OG0014469						Drosophila_sechellia__LOC116801479__XP_032577246.1						
OG0014470										Drosophila_virilis__LOC26531885__XP_015023815.1		
OG0014471								Drosophila_subobscura__LOC117893993__XP_034656694.1				
OG0014472											Drosophila_willistoni__LOC111518580__XP_023031612.1	
OG0014473						Drosophila_sechellia__LOC116803601__XP_032583489.1						
OG0014474											Drosophila_willistoni__LOC26529083__XP_023036409.1	
OG0014475					Drosophila_pseudoobscura__LOC117184909__XP_033239966.1							
OG0014476									Drosophila_suzukii__LOC139355075__XP_070855481.1			
OG0014477				Drosophila_melanogaster__CG46435__NP_001369062.1								
OG0014478								Drosophila_subobscura__LOC117899076__XP_034664737.1				
OG0014479		Drosophila_biarmipes__LOC127011543__XP_050744727.1										
OG0014480											Drosophila_willistoni__LOC6646990__XP_002070796.1	
OG0014481											Drosophila_willistoni__LOC124461133__XP_046868647.1	
OG0014482	Drosophila_ananassae__LOC123257684__XP_044573444.1											
OG0014483								Drosophila_subobscura__LOC117892565__XP_034654778.1				
OG0014484												Drosophila_yakuba__LOC120321621__XP_043063062.1
OG0014485											Drosophila_willistoni__LOC124461188__XP_046868699.1	
OG0014486		Drosophila_biarmipes__LOC108027125__XP_016953831.1										
OG0014487					Drosophila_pseudoobscura__LOC26533120__XP_015037600.2							
OG0014488								Drosophila_subobscura__LOC117902526__XP_034669844.1				
OG0014489		Drosophila_biarmipes__LOC108025603__XP_016951627.1										
OG0014490	Drosophila_ananassae__LOC123257265__XP_044571598.1											
OG0014491											Drosophila_willistoni__LOC111519306__XP_046867217.1	
OG0014492										Drosophila_virilis__LOC138911052__XP_070064090.1		
OG0014493					Drosophila_pseudoobscura__LOC117183327__XP_033232760.1							
OG0014494		Drosophila_biarmipes__LOC108025046__XP_043951591.1										
OG0014495		Drosophila_biarmipes__LOC108028441__XP_016955764.1										
OG0014496									Drosophila_suzukii__LOC108018767__XP_016941836.3			
OG0014497									Drosophila_suzukii__LOC139354336__XP_070854661.1			
OG0014498											Drosophila_willistoni__LOC124460651__XP_046867864.1	
OG0014499				Drosophila_melanogaster__Pif2__NP_731093.2								
OG0014500	Drosophila_ananassae__LOC116655138__XP_032308325.1											
OG0014501					Drosophila_pseudoobscura__LOC6900364__XP_015042608.2							
OG0014502					Drosophila_pseudoobscura__LOC4813664__XP_033241423.1							
OG0014503	Drosophila_ananassae__LOC6507215__XP_032310367.1											
OG0014504	Drosophila_ananassae__LOC123257167__XP_044571009.1											
OG0014505						Drosophila_sechellia__LOC6617680__XP_032581334.1						
OG0014506										Drosophila_virilis__LOC26530650__XP_015026759.1		
OG0014507											Drosophila_willistoni__LOC111519746__XP_023037358.1	
OG0014508											Drosophila_willistoni__LOC124460033__XP_046866145.1	
OG0014509								Drosophila_subobscura__LOC117891677__XP_034653143.1				
OG0014510											Drosophila_willistoni__LOC26530066__XP_015034883.2	
OG0014511								Drosophila_subobscura__LOC117893692__XP_034656273.1				
OG0014512				Drosophila_melanogaster__lcs__NP_523436.1								
OG0014513			Drosophila_mauritiana__LOC117144807__XP_033166073.1									
OG0014514										Drosophila_virilis__LOC26531344__XP_070066354.1		
OG0014515										Drosophila_virilis__LOC6633489__XP_015025703.1		
OG0014516					Drosophila_pseudoobscura__LOC26533295__XP_033236337.1							
OG0014517											Drosophila_willistoni__LOC111518988__XP_023033254.2	
OG0014518					Drosophila_pseudoobscura__LOC117184654__XP_033239132.1							
OG0014519	Drosophila_ananassae__LOC123257267__XP_044571644.1											
OG0014520					Drosophila_pseudoobscura__LOC26534429__XP_015041686.2							
OG0014521		Drosophila_biarmipes__LOC127011071__XP_050744164.1										
OG0014522											Drosophila_willistoni__LOC111518898__XP_023032799.1	
OG0014523												Drosophila_yakuba__LOC6538867__XP_039231804.1
OG0014524										Drosophila_virilis__LOC116652347__XP_032296706.1		
OG0014525										Drosophila_virilis__LOC138910935__XP_070063284.1		
OG0014526										Drosophila_virilis__LOC138911007__XP_070063878.1		
OG0014527											Drosophila_willistoni__LOC124460584__XP_046867665.1	
OG0014528	Drosophila_ananassae__LOC123257790__XP_044573710.1											
OG0014529		Drosophila_biarmipes__LOC127011694__XP_050745684.1										
OG0014530										Drosophila_virilis__LOC26531773__XP_070065250.1		
OG0014531								Drosophila_subobscura__LOC117893245__XP_034655703.1				
OG0014532											Drosophila_willistoni__LOC111519286__XP_023034874.2	
OG0014533					Drosophila_pseudoobscura__LOC117184000__XP_033235730.1							
OG0014534	Drosophila_ananassae__LOC26514994__XP_032311179.2											
OG0014535												Drosophila_yakuba__LOC26536216__XP_039233504.1
OG0014536			Drosophila_mauritiana__LOC117143700__XP_033164387.1									
OG0014537								Drosophila_subobscura__LOC117903445__XP_034671368.1				
OG0014538			Drosophila_mauritiana__LOC117149137__XP_033172640.1									
OG0014539												Drosophila_yakuba__LOC26535325__XP_015045117.1
OG0014540										Drosophila_virilis__LOC138911367__XP_070066090.1		
OG0014541											Drosophila_willistoni__LOC6645478__XP_046867866.1	
OG0014542											Drosophila_willistoni__LOC124461148__XP_046868656.1	
OG0014543					Drosophila_pseudoobscura__LOC117183617__XP_033234038.1							
OG0014544	Drosophila_ananassae__LOC6504705__XP_001966362.3											
OG0014545										Drosophila_virilis__LOC138911014__XP_070063937.1		
OG0014546						Drosophila_sechellia__LOC6618062__XP_002042360.1						
OG0014547									Drosophila_suzukii__LOC108013923__XP_016935416.4			
OG0014548	Drosophila_ananassae__LOC6503590__XP_001964105.2											
OG0014549									Drosophila_suzukii__LOC139352437__XP_070850645.1			
OG0014550					Drosophila_pseudoobscura__LOC26534140__XP_033240822.1							
OG0014551					Drosophila_pseudoobscura__LOC6902104__XP_002133635.1							
OG0014552	Drosophila_ananassae__LOC116654918__XP_032307454.1											
OG0014553								Drosophila_subobscura__LOC117903815__XP_034672146.1				
OG0014554			Drosophila_mauritiana__LOC117148889__XP_033172489.1									
OG0014555											Drosophila_willistoni__LOC6647765__XP_002070564.2	
OG0014556									Drosophila_suzukii__LOC139352386__XP_070850592.1			
OG0014557					Drosophila_pseudoobscura__LOC6902734__XP_033235928.1							
OG0014558											Drosophila_willistoni__LOC124460729__XP_046868179.1	
OG0014559					Drosophila_pseudoobscura__LOC26532147__XP_015037073.2							
OG0014560								Drosophila_subobscura__LOC117894441__XP_034657405.1				
OG0014561		Drosophila_biarmipes__LOC108035743__XP_050741845.1										
OG0014562	Drosophila_ananassae__LOC26514223__XP_014765590.1											
OG0014563		Drosophila_biarmipes__LOC127011742__XP_050745775.1										
OG0014564					Drosophila_pseudoobscura__LOC4802315__XP_015037733.2							
OG0014565									Drosophila_suzukii__LOC139352298__XP_070850479.1			
OG0014566					Drosophila_pseudoobscura__LOC6902288__XP_002133815.1							
OG0014567	Drosophila_ananassae__LOC6504588__XP_001964897.1											
OG0014568	Drosophila_ananassae__LOC123257985__XP_044573848.1											
OG0014569								Drosophila_subobscura__LOC117893639__XP_034656217.1				
OG0014570										Drosophila_virilis__LOC138911364__XP_070066079.1		
OG0014571					Drosophila_pseudoobscura__LOC26534171__XP_015036113.2							
OG0014572											Drosophila_willistoni__LOC111519274__XP_023034794.1	
OG0014573									Drosophila_suzukii__LOC139352369__XP_070850574.1			
OG0014574										Drosophila_virilis__LOC6631956__XP_070065420.1		
OG0014575								Drosophila_subobscura__LOC117900870__XP_034667285.1				
OG0014576					Drosophila_pseudoobscura__LOC117184238__XP_033236736.1							
OG0014577											Drosophila_willistoni__LOC6652807__XP_002075449.1	
OG0014578										Drosophila_virilis__Grx1__XP_002047597.2		
OG0014579											Drosophila_willistoni__LOC124459654__XP_046867887.1	
OG0014580					Drosophila_pseudoobscura__LOC26532023__XP_015040092.1							
OG0014581	Drosophila_ananassae__LOC123257500__XP_044572702.1											
OG0014582											Drosophila_willistoni__LOC124460592__XP_046867712.1	
OG0014583							Drosophila_simulans__LOC27207861__XP_016035142.1					
OG0014584			Drosophila_mauritiana__LOC117137454__XP_033154789.1									
OG0014585												Drosophila_yakuba__LOC6524757__XP_002100601.2
OG0014586			Drosophila_mauritiana__LOC117135920__XP_033152378.1									
OG0014587		Drosophila_biarmipes__LOC108036161__XP_050741108.1										
OG0014588									Drosophila_suzukii__LOC139354903__XP_070855259.1			
OG0014589											Drosophila_willistoni__LOC111519434__XP_023036151.1	
OG0014590											Drosophila_willistoni__LOC124460783__XP_046868331.1	
OG0014591		Drosophila_biarmipes__LOC108023981__XP_043947326.1										
OG0014592		Drosophila_biarmipes__LOC127012517__XP_050746564.1										
OG0014593	Drosophila_ananassae__LOC116654527__XP_032305621.1											
OG0014594	Drosophila_ananassae__LOC116654679__XP_032306018.2											
OG0014595											Drosophila_willistoni__LOC111519468__XP_023036288.1	
OG0014596					Drosophila_pseudoobscura__LOC117184428__XP_033237652.1							
OG0014597								Drosophila_subobscura__LOC117899084__XP_034664750.1				
OG0014598							Drosophila_simulans__LOC27207729__XP_016031366.1					
OG0014599			Drosophila_mauritiana__LOC117148563__XP_033171908.1									
OG0014600										Drosophila_virilis__LOC6628979__XP_002052731.1		
OG0014601										Drosophila_virilis__LOC6633716__XP_002057120.1		
OG0014602		Drosophila_biarmipes__LOC127011626__XP_050745492.1										
OG0014603											Drosophila_willistoni__LOC6647792__XP_023034235.1	
OG0014604											Drosophila_willistoni__LOC124459845__XP_046865553.1	
OG0014605									Drosophila_suzukii__LOC139352390__XP_070850596.1			
OG0014606	Drosophila_ananassae__LOC6497787__XP_001961452.1											
OG0014607								Drosophila_subobscura__LOC117893892__XP_034656559.1				
OG0014608					Drosophila_pseudoobscura__LOC6901334__XP_015041581.2							
OG0014609	Drosophila_ananassae__LOC123257906__XP_044573807.1											
OG0014610		Drosophila_biarmipes__LOC108033524__XP_016963358.1										
OG0014611											Drosophila_willistoni__LOC6643428__XP_002066062.2	
OG0014612					Drosophila_pseudoobscura__LOC26533542__XP_033236746.1							
OG0014613								Drosophila_subobscura__LOC117892165__XP_034654125.1				
OG0014614		Drosophila_biarmipes__LOC108029524__XP_050743578.1										
OG0014615									Drosophila_suzukii__LOC139352358__XP_070850563.1			
OG0014616							Drosophila_simulans__LOC120285359__XP_039153667.1					
OG0014617											Drosophila_willistoni__LOC124460561__XP_046867555.1	
OG0014618										Drosophila_virilis__LOC116650880__XP_070066692.1		
OG0014619											Drosophila_willistoni__LOC124460357__XP_046866914.1	
OG0014620											Drosophila_willistoni__LOC111518358__XP_023030565.2	
OG0014621					Drosophila_pseudoobscura__LOC6900801__XP_033239891.1							
OG0014622									Drosophila_suzukii__LOC139352582__XP_070851324.1			
OG0014623										Drosophila_virilis__LOC6637070__XP_002060485.1		
OG0014624												Drosophila_yakuba__LOC120321579__XP_039230465.1
OG0014625												Drosophila_yakuba__LOC120321506__XP_039230078.1
OG0014626		Drosophila_biarmipes__LOC108027978__XP_016955092.1										
OG0014627											Drosophila_willistoni__LOC6650266__XP_002073997.1	
OG0014628											Drosophila_willistoni__LOC26528956__XP_023036975.1	
OG0014629						Drosophila_sechellia__LOC116801587__XP_032578016.1						
OG0014630			Drosophila_mauritiana__LOC117149082__XP_033172620.1									
OG0014631												Drosophila_yakuba__LOC26535074__XP_015052865.1
OG0014632											Drosophila_willistoni__LOC111518415__XP_023030782.1	
OG0014633					Drosophila_pseudoobscura__LOC6903197__XP_002132896.3							
OG0014634											Drosophila_willistoni__LOC111519071__XP_046866353.1	
OG0014635											Drosophila_willistoni__LOC124460154__XP_046866389.1	
OG0014636										Drosophila_virilis__LOC138911019__XP_070063947.1		
OG0014637					Drosophila_pseudoobscura__LOC117183961__XP_033235588.1							
OG0014638											Drosophila_willistoni__LOC6648748__XP_023034976.1	
OG0014639												Drosophila_yakuba__LOC6533236__XP_015049856.1
OG0014640							Drosophila_simulans__LOC120284406__XP_039147924.1					
OG0014641		Drosophila_biarmipes__LOC122818519__XP_043948627.1										
OG0014642										Drosophila_virilis__LOC6631640__XP_002055143.1		
OG0014643								Drosophila_subobscura__LOC117894227__XP_034657033.1				
OG0014644											Drosophila_willistoni__LOC124460380__XP_046866970.1	
OG0014645											Drosophila_willistoni__LOC6642894__XP_002065983.1	
OG0014646		Drosophila_biarmipes__LOC122817916__XP_043947300.1										
OG0014647					Drosophila_pseudoobscura__LOC117184985__XP_033240229.1							
OG0014648	Drosophila_ananassae__LOC116656374__XP_032311762.1											
OG0014649		Drosophila_biarmipes__LOC127011552__XP_050744796.1										
OG0014650					Drosophila_pseudoobscura__LOC117184467__XP_033238081.1							
OG0014651									Drosophila_suzukii__LOC139353180__XP_070852743.1			
OG0014652				Drosophila_melanogaster__CG31952__NP_608775.1								
OG0014653					Drosophila_pseudoobscura__LOC6902040__XP_033240579.1							
OG0014654	Drosophila_ananassae__LOC6502747__XP_014760371.2											
OG0014655											Drosophila_willistoni__LOC111518576__XP_023031571.1	
OG0014656										Drosophila_virilis__LOC6632184__XP_002055639.2		
OG0014657									Drosophila_suzukii__LOC136116546__XP_065719274.2			
OG0014658					Drosophila_pseudoobscura__LOC117184222__XP_033236714.1							
OG0014659		Drosophila_biarmipes__LOC122818637__XP_043949200.1										
OG0014660	Drosophila_ananassae__LOC6504034__XP_001964051.2											
OG0014661							Drosophila_simulans__LOC120285383__XP_039153945.1					
OG0014662											Drosophila_willistoni__LOC111519146__XP_023034005.1	
OG0014663							Drosophila_simulans__LOC27208016__XP_016024542.1					
OG0014664				Drosophila_melanogaster__att-ORFB__NP_996245.1								
OG0014665	Drosophila_ananassae__LOC123257708__XP_044573543.1											
OG0014666							Drosophila_simulans__LOC120284767__XP_039149469.1					
OG0014667					Drosophila_pseudoobscura__LOC6898929__XP_002138894.3							
OG0014668								Drosophila_subobscura__LOC117896909__XP_034661340.1				
OG0014669									Drosophila_suzukii__LOC139353024__XP_070852189.1			
OG0014670											Drosophila_willistoni__LOC6638547__XP_002062370.1	
OG0014671										Drosophila_virilis__LOC6634621__XP_032296398.1		
OG0014672				Drosophila_melanogaster__NP_732632.1__NP_732632.1								
OG0014673	Drosophila_ananassae__LOC26513752__XP_014765528.1											
OG0014674					Drosophila_pseudoobscura__LOC26534456__XP_015042108.2							
OG0014675											Drosophila_willistoni__LOC111519418__XP_023036016.1	
OG0014676									Drosophila_suzukii__LOC139352353__XP_070850557.1			
OG0014677								Drosophila_subobscura__LOC117900890__XP_034667312.1				
OG0014678									Drosophila_suzukii__LOC108012748__XP_065719578.2			
OG0014679					Drosophila_pseudoobscura__LOC6901302__XP_033240427.1							
OG0014680			Drosophila_mauritiana__LOC117140601__XP_033159503.1									
OG0014681											Drosophila_willistoni__LOC124459996__XP_046865928.1	
OG0014682		Drosophila_biarmipes__LOC108033497__XP_016963330.1										
OG0014683									Drosophila_suzukii__LOC118876815__XP_070852696.1			
OG0014684										Drosophila_virilis__LOC6629199__XP_002051601.3		
OG0014685					Drosophila_pseudoobscura__LOC117184631__XP_033239039.1							
OG0014686					Drosophila_pseudoobscura__LOC117184890__XP_033239887.1							
OG0014687		Drosophila_biarmipes__LOC127012103__XP_050746281.1										
OG0014688			Drosophila_mauritiana__LOC117149954__XP_033172744.1									
OG0014689		Drosophila_biarmipes__LOC127012091__XP_050746273.1										
OG0014690										Drosophila_virilis__LOC26531340__XP_015024562.1		
OG0014691											Drosophila_willistoni__LOC6653433__XP_046868660.1	
OG0014692					Drosophila_pseudoobscura__LOC26532726__XP_015039304.1							
OG0014693										Drosophila_virilis__VhaM9.7-c__XP_002046319.1		
OG0014694										Drosophila_virilis__LOC6636690__XP_002060168.1		
OG0014695												Drosophila_yakuba__LOC120322421__XP_039233703.1
OG0014696											Drosophila_willistoni__LOC6639897__XP_002062724.2	
OG0014697										Drosophila_virilis__LOC138911049__XP_070064065.1		
OG0014698								Drosophila_subobscura__LOC117897981__XP_034662988.1				
OG0014699												Drosophila_yakuba__LOC26535089__XP_015052868.1
OG0014700		Drosophila_biarmipes__LOC127010657__XP_050741006.1										
OG0014701	Drosophila_ananassae__LOC6503619__XP_001964048.3											
OG0014702			Drosophila_mauritiana__LOC117145401__XP_033166930.1									
OG0014703		Drosophila_biarmipes__LOC127011623__XP_050745446.1										
OG0014704											Drosophila_willistoni__LOC111519095__XP_046867879.1	
OG0014705					Drosophila_pseudoobscura__LOC26532368__XP_015042240.1							
OG0014706												Drosophila_yakuba__LOC120320443__XP_039232394.1
OG0014707												Drosophila_yakuba__LOC26536057__XP_043063048.1
OG0014708									Drosophila_suzukii__LOC139354942__XP_070855319.1			
OG0014709		Drosophila_biarmipes__LOC108025938__XP_050744347.1										
OG0014710										Drosophila_virilis__LOC138910978__XP_070063644.1		
OG0014711										Drosophila_virilis__LOC6636505__XP_002059985.3		
OG0014712					Drosophila_pseudoobscura__LOC117185678__XP_033241882.1							
OG0014713					Drosophila_pseudoobscura__LOC117184013__XP_033235805.1							
OG0014714	Drosophila_ananassae__LOC123257007__XP_044570127.1											
OG0014715										Drosophila_virilis__LOC6635308__XP_032289196.1		
OG0014716									Drosophila_suzukii__LOC118878283__XP_070852417.1			
OG0014717											Drosophila_willistoni__LOC26529367__XP_023032851.2	
OG0014718											Drosophila_willistoni__LOC111519397__XP_046865335.1	
OG0014719	Drosophila_ananassae__LOC6504032__XP_001964049.1											
OG0014720										Drosophila_virilis__LOC138911768__XP_070067257.1		
OG0014721			Drosophila_mauritiana__LOC117139890__XP_033158460.1									
OG0014722								Drosophila_subobscura__LOC117893199__XP_034655604.1				
OG0014723	Drosophila_ananassae__LOC6503737__XP_001963830.1											
OG0014724											Drosophila_willistoni__LOC111518877__XP_023032748.2	
OG0014725											Drosophila_willistoni__LOC124460019__XP_046866084.1	
OG0014726											Drosophila_willistoni__LOC26528993__XP_023032176.1	
OG0014727	Drosophila_ananassae__LOC26514737__XP_014761222.1											
OG0014728	Drosophila_ananassae__LOC123257494__XP_044572663.1											
OG0014729							Drosophila_simulans__LOC27208078__XP_039153433.1					
OG0014730	Drosophila_ananassae__LOC123257558__XP_044573125.1											
OG0014731								Drosophila_subobscura__LOC117901095__XP_034667614.1				
OG0014732									Drosophila_suzukii__LOC139352229__XP_070850412.1			
OG0014733	Drosophila_ananassae__LOC6504031__XP_014761162.1											
OG0014734										Drosophila_virilis__LOC116651215__XP_032292979.1		
OG0014735		Drosophila_biarmipes__LOC122818822__XP_050741410.1										
OG0014736					Drosophila_pseudoobscura__LOC26532045__XP_033235922.1							
OG0014737											Drosophila_willistoni__LOC6649261__XP_002071654.1	
OG0014738		Drosophila_biarmipes__LOC108032499__XP_016961806.1										
OG0014739	Drosophila_ananassae__LOC6500978__XP_032311958.1											
OG0014740											Drosophila_willistoni__LOC6644676__XP_002067303.2	
OG0014741							Drosophila_simulans__LOC27207580__XP_044778284.1					
OG0014742										Drosophila_virilis__LOC26531374__XP_070065042.1		
OG0014743					Drosophila_pseudoobscura__LOC6902416__XP_033235697.1							
OG0014744											Drosophila_willistoni__LOC124461208__XP_046868723.1	
OG0014745											Drosophila_willistoni__LOC111519600__XP_023036962.1	
OG0014746									Drosophila_suzukii__LOC139352393__XP_070850599.1			
OG0014747				Drosophila_melanogaster__CG34135__NP_001036689.1								
OG0014748										Drosophila_virilis__LOC6628283__XP_015028012.2		
OG0014749										Drosophila_virilis__LOC6628368__XP_070065193.1		
OG0014750	Drosophila_ananassae__LOC6499526__XP_044572983.1											
OG0014751										Drosophila_virilis__LOC138911054__XP_070064115.1		
OG0014752											Drosophila_willistoni__LOC111519039__XP_023033480.1	
OG0014753											Drosophila_willistoni__LOC6641244__XP_023031139.2	
OG0014754					Drosophila_pseudoobscura__LOC26533673__XP_015038269.2							
OG0014755						Drosophila_sechellia__LOC116801467__XP_032577132.1						
OG0014756											Drosophila_willistoni__LOC111519641__XP_023037182.1	
OG0014757					Drosophila_pseudoobscura__LOC117183648__XP_033234137.1							
OG0014758											Drosophila_willistoni__LOC111519268__XP_023034740.1	
OG0014759					Drosophila_pseudoobscura__LOC6903491__XP_002132370.1							
OG0014760											Drosophila_willistoni__LOC124460559__XP_046867553.1	
OG0014761		Drosophila_biarmipes__LOC127010697__XP_050741092.1										
OG0014762											Drosophila_willistoni__LOC6638090__XP_046867168.1	
OG0014763										Drosophila_virilis__LOC6623769__XP_002046202.1		
OG0014764	Drosophila_ananassae__LOC6497047__XP_001962856.2											
OG0014765											Drosophila_willistoni__LOC124460696__XP_046868067.1	
OG0014766										Drosophila_virilis__LOC116651010__XP_032292454.1		
OG0014767					Drosophila_pseudoobscura__LOC6900009__XP_033238774.1							
OG0014768					Drosophila_pseudoobscura__LOC117184395__XP_033237394.1							
OG0014769						Drosophila_sechellia__LOC116802717__XP_032582944.1						
OG0014770										Drosophila_virilis__LOC6637180__XP_002060526.1		
OG0014771					Drosophila_pseudoobscura__LOC26532170__XP_015040614.2							
OG0014772	Drosophila_ananassae__LOC123257519__XP_044572876.1											
OG0014773		Drosophila_biarmipes__LOC127010627__XP_050740851.1										
OG0014774									Drosophila_suzukii__LOC139353708__XP_070854133.1			
OG0014775		Drosophila_biarmipes__LOC108028932__XP_050740885.1										
OG0014776										Drosophila_virilis__LOC6635415__XP_032296144.1		
OG0014777									Drosophila_suzukii__LOC139352541__XP_070851197.1			
OG0014778								Drosophila_subobscura__LOC117899123__XP_034664807.1				
OG0014779	Drosophila_ananassae__LOC6507335__XP_001956222.2											
OG0014780										Drosophila_virilis__LOC116650857__XP_032291621.1		
OG0014781		Drosophila_biarmipes__LOC127011693__XP_050745683.1										
OG0014782				Drosophila_melanogaster__CG32829__NP_723227.1								
OG0014783											Drosophila_willistoni__LOC124460201__XP_046866578.1	
OG0014784							Drosophila_simulans__LOC27207842__XP_016035658.1					
OG0014785										Drosophila_virilis__LOC138910900__XP_070063067.1		
OG0014786											Drosophila_willistoni__LOC6652411__XP_023036943.2	
OG0014787										Drosophila_virilis__LOC138911332__XP_070065855.1		
OG0014788										Drosophila_virilis__Muc68D__XP_002048623.2		
OG0014789										Drosophila_virilis__LOC138910967__XP_070063589.1		
OG0014790											Drosophila_willistoni__LOC6651100__XP_046868258.1	
OG0014791								Drosophila_subobscura__LOC117898932__XP_034664532.1				
OG0014792	Drosophila_ananassae__LOC123257434__XP_044572456.1											
OG0014793									Drosophila_suzukii__LOC139352596__XP_070851387.1			
OG0014794					Drosophila_pseudoobscura__LOC6903264__XP_015036481.2							
OG0014795					Drosophila_pseudoobscura__LOC26533520__XP_015034948.2							
OG0014796									Drosophila_suzukii__LOC108016994__XP_016939469.2			
OG0014797		Drosophila_biarmipes__LOC127010838__XP_050742040.1										
OG0014798					Drosophila_pseudoobscura__LOC6901260__XP_002133961.1							
OG0014799												Drosophila_yakuba__LOC26535404__XP_015054619.1
OG0014800						Drosophila_sechellia__LOC116802197__XP_032581737.1						
OG0014801										Drosophila_virilis__LOC138911518__XP_070066939.1		
OG0014802	Drosophila_ananassae__LOC6504933__XP_044572711.1											
OG0014803											Drosophila_willistoni__LOC111518435__XP_023030872.1	
OG0014804									Drosophila_suzukii__LOC118877523__XP_070852614.1			
OG0014805												Drosophila_yakuba__LOC6526012__XP_002101830.1
OG0014806								Drosophila_subobscura__LOC117891726__XP_034653213.1				
OG0014807											Drosophila_willistoni__LOC26529246__XP_015032589.1	
OG0014808											Drosophila_willistoni__LOC26529473__XP_015034393.3	
OG0014809											Drosophila_willistoni__LOC6644724__XP_046867545.1	
OG0014810												Drosophila_yakuba__LOC6533785__XP_015050262.1
OG0014811		Drosophila_biarmipes__LOC127010871__XP_050742199.1										
OG0014812							Drosophila_simulans__LOC27207612__XP_016024228.1					
OG0014813					Drosophila_pseudoobscura__LOC6902499__XP_002133044.3							
OG0014814					Drosophila_pseudoobscura__LOC6900091__XP_002135449.2							
OG0014815										Drosophila_virilis__LOC6633771__XP_032295822.1		
OG0014816							Drosophila_simulans__LOC120284735__XP_044778818.1					
OG0014817										Drosophila_virilis__LOC6637215__XP_002060533.1		
OG0014818					Drosophila_pseudoobscura__LOC6903005__XP_002132727.2							
OG0014819										Drosophila_virilis__LOC6627782__XP_032294191.1		
OG0014820	Drosophila_ananassae__LOC6505246__XP_032307969.1											
OG0014821		Drosophila_biarmipes__LOC127010680__XP_050741049.1										
OG0014822											Drosophila_willistoni__LOC6642747__XP_002065360.1	
OG0014823	Drosophila_ananassae__LOC6504166__XP_001964304.1											
OG0014824	Drosophila_ananassae__LOC6506706__XP_001957389.2											
OG0014825					Drosophila_pseudoobscura__LOC26532114__XP_033239564.1							
OG0014826				Drosophila_melanogaster__Mst84Db__NP_524255.2								
OG0014827									Drosophila_suzukii__LOC136116825__XP_065720140.2			
OG0014828							Drosophila_simulans__LOC123327181__XP_044778791.1					
OG0014829									Drosophila_suzukii__LOC139353365__XP_070853414.1			
OG0014830	Drosophila_ananassae__LOC26514072__XP_032308238.1											
OG0014831										Drosophila_virilis__LOC116652293__XP_070066900.1		
OG0014832										Drosophila_virilis__LOC6628746__XP_032293631.1		
OG0014833										Drosophila_virilis__LOC6629630__XP_015027209.1		
OG0014834	Drosophila_ananassae__LOC6498810__XP_001967302.2											
OG0014835											Drosophila_willistoni__LOC111518611__XP_023031716.1	
OG0014836									Drosophila_suzukii__LOC118877443__XP_036672178.3			
OG0014837										Drosophila_virilis__LOC26530682__XP_015031635.1		
OG0014838											Drosophila_willistoni__LOC6645885__XP_023033414.2	
OG0014839								Drosophila_subobscura__LOC117889705__XP_034650016.1				
OG0014840											Drosophila_willistoni__LOC111519772__XP_023037491.1	
OG0014841									Drosophila_suzukii__LOC139352419__XP_070850626.1			
OG0014842	Drosophila_ananassae__LOC116655121__XP_032308253.1											
OG0014843											Drosophila_willistoni__LOC124460859__XP_046868420.1	
OG0014844							Drosophila_simulans__LOC27208825__XP_044778565.1					
OG0014845					Drosophila_pseudoobscura__LOC6902850__XP_015035871.2							
OG0014846										Drosophila_virilis__LOC6625200__XP_002050296.2		
OG0014847										Drosophila_virilis__LOC6626907__XP_002050967.1		
OG0014848												Drosophila_yakuba__LOC26534959__XP_015054566.1
OG0014849										Drosophila_virilis__LOC6634837__XP_002058018.1		
OG0014850					Drosophila_pseudoobscura__LOC26531966__XP_015041328.2							
OG0014851							Drosophila_simulans__LOC27208449__XP_016033594.2					
OG0014852											Drosophila_willistoni__LOC124461234__XP_046868746.1	
OG0014853		Drosophila_biarmipes__LOC108034451__XP_016964825.1										
OG0014854											Drosophila_willistoni__LOC26529607__XP_023036574.1	
OG0014855		Drosophila_biarmipes__LOC127011831__XP_050745963.1										
OG0014856											Drosophila_willistoni__LOC6651705__XP_002072926.1	
OG0014857	Drosophila_ananassae__LOC6503193__XP_001963617.2											
OG0014858	Drosophila_ananassae__LOC26515312__XP_032311724.1											
OG0014859												Drosophila_yakuba__LOC122319582__XP_043062982.1
OG0014860		Drosophila_biarmipes__LOC108027418__XP_016954349.1										
OG0014861						Drosophila_sechellia__LOC6612040__XP_002036557.1						
OG0014862	Drosophila_ananassae__LOC116654774__XP_044571622.1											
OG0014863	Drosophila_ananassae__LOC6498673__XP_001963295.1											
OG0014864		Drosophila_biarmipes__LOC127011730__XP_050745749.1										
OG0014865	Drosophila_ananassae__LOC26513973__XP_044571306.1											
OG0014866											Drosophila_willistoni__LOC124460588__XP_046867697.1	
OG0014867										Drosophila_virilis__LOC6622140__XP_002048182.3		
OG0014868										Drosophila_virilis__LOC26530857__XP_015025721.2		
OG0014869							Drosophila_simulans__LOC120284983__XP_039150864.1					
OG0014870	Drosophila_ananassae__LOC26514938__XP_032310778.2											
OG0014871											Drosophila_willistoni__LOC6644497__XP_046867493.1	
OG0014872											Drosophila_willistoni__LOC124460373__XP_046866953.1	
OG0014873		Drosophila_biarmipes__LOC127011579__XP_050745015.1										
OG0014874					Drosophila_pseudoobscura__LOC4813480__XP_001353827.2							
OG0014875											Drosophila_willistoni__LOC124460337__XP_046866871.1	
OG0014876	Drosophila_ananassae__LOC123257849__XP_044573748.1											
OG0014877					Drosophila_pseudoobscura__LOC6899901__XP_033239468.1							
OG0014878												Drosophila_yakuba__LOC122319484__XP_043062749.1
OG0014879											Drosophila_willistoni__LOC124460893__XP_046868443.1	
OG0014880											Drosophila_willistoni__LOC124459840__XP_046865543.1	
OG0014881											Drosophila_willistoni__LOC26529643__XP_015034767.1	
OG0014882										Drosophila_virilis__LOC6634846__XP_032295197.1		
OG0014883				Drosophila_melanogaster__CG32212__NP_730416.1								
OG0014884						Drosophila_sechellia__LOC116801708__XP_032578726.1						
OG0014885										Drosophila_virilis__LOC116651461__XP_070065411.1		
OG0014886											Drosophila_willistoni__LOC111518706__XP_023031947.1	
OG0014887									Drosophila_suzukii__LOC139352286__XP_070850466.1			
OG0014888									Drosophila_suzukii__LOC139352380__XP_070850585.1			
OG0014889										Drosophila_virilis__LOC138910956__XP_070063513.1		
OG0014890								Drosophila_subobscura__LOC117900607__XP_034666912.1				
OG0014891											Drosophila_willistoni__LOC6648893__XP_046867243.1	
OG0014892										Drosophila_virilis__LOC6625605__XP_002049100.2		
OG0014893											Drosophila_willistoni__LOC6639221__XP_002061804.2	
OG0014894											Drosophila_willistoni__LOC26529955__XP_015032487.1	
OG0014895			Drosophila_mauritiana__LOC117138326__XP_033156294.1									
OG0014896					Drosophila_pseudoobscura__LOC26533523__XP_033233203.1							
OG0014897											Drosophila_willistoni__LOC124460653__XP_046867875.1	
OG0014898							Drosophila_simulans__LOC120284357__XP_039147450.1					
OG0014899			Drosophila_mauritiana__LOC117139937__XP_033158513.1									
OG0014900					Drosophila_pseudoobscura__LOC26533697__XP_015044505.2							
OG0014901											Drosophila_willistoni__LOC111519111__XP_046866685.1	
OG0014902	Drosophila_ananassae__LOC123257777__XP_044573707.1											
OG0014903										Drosophila_virilis__LOC138911776__XP_070067308.1		
OG0014904											Drosophila_willistoni__LOC111518992__XP_023033263.2	
OG0014905										Drosophila_virilis__LOC6633584__XP_002057262.1		
OG0014906		Drosophila_biarmipes__LOC122818210__XP_043948410.1										
OG0014907			Drosophila_mauritiana__LOC117144943__XP_033166288.1									
OG0014908										Drosophila_virilis__LOC138910961__XP_070063541.1		
OG0014909											Drosophila_willistoni__LOC6640586__XP_002063155.1	
OG0014910										Drosophila_virilis__LOC116652053__XP_070067314.1		
OG0014911									Drosophila_suzukii__LOC139352433__XP_070850641.1			
OG0014912	Drosophila_ananassae__LOC116655740__XP_032309493.2											
OG0014913						Drosophila_sechellia__LOC116803602__XP_032583491.1						
OG0014914											Drosophila_willistoni__LOC6638658__XP_002062657.3	
OG0014915				Drosophila_melanogaster__pre-mod_mdg4_-AA__NP_001303536.2								
OG0014916		Drosophila_biarmipes__LOC127012502__XP_050746487.1										
OG0014917		Drosophila_biarmipes__LOC122818178__XP_043948017.1										
OG0014918					Drosophila_pseudoobscura__LOC6897203__XP_002137375.1							
OG0014919					Drosophila_pseudoobscura__LOC6898573__XP_002138593.1							
OG0014920					Drosophila_pseudoobscura__I-3__XP_001355047.3							
OG0014921											Drosophila_willistoni__LOC6638717__XP_002062643.1	
OG0014922	Drosophila_ananassae__LOC123257136__XP_044570860.1											
OG0014923					Drosophila_pseudoobscura__LOC26532559__XP_015035329.2							
OG0014924									Drosophila_suzukii__LOC118879131__XP_070854274.1			
OG0014925										Drosophila_virilis__LOC26530605__XP_070063017.1		
OG0014926		Drosophila_biarmipes__LOC108031858__XP_050745159.1										
OG0014927											Drosophila_willistoni__LOC6645940__XP_002068559.1	
OG0014928										Drosophila_virilis__LOC6622156__XP_002048476.2		
OG0014929												Drosophila_yakuba__LOC120321226__XP_039229287.1
OG0014930									Drosophila_suzukii__LOC139352890__XP_070851642.1			
OG0014931							Drosophila_simulans__LOC27206932__XP_016025464.1					
OG0014932	Drosophila_ananassae__LOC6503814__XP_001963692.3											
OG0014933					Drosophila_pseudoobscura__LOC6903342__XP_015035271.2							
OG0014934		Drosophila_biarmipes__LOC127011520__XP_050744519.1										
OG0014935	Drosophila_ananassae__LOC26513960__XP_014767230.1											
OG0014936											Drosophila_willistoni__LOC6652381__XP_015031999.1	
OG0014937									Drosophila_suzukii__LOC139352402__XP_070850608.1			
OG0014938												Drosophila_yakuba__LOC6531884__XP_002092671.1
OG0014939											Drosophila_willistoni__LOC124460342__XP_046866886.1	
OG0014940	Drosophila_ananassae__LOC6504093__XP_001964161.1											
OG0014941									Drosophila_suzukii__LOC139352420__XP_070850627.1			
OG0014942									Drosophila_suzukii__LOC139352589__XP_070851362.1			
OG0014943											Drosophila_willistoni__LOC6646515__XP_002069134.2	
OG0014944											Drosophila_willistoni__LOC124460662__XP_046867916.1	
OG0014945											Drosophila_willistoni__LOC26529485__XP_015031842.1	
OG0014946											Drosophila_willistoni__LOC26529328__XP_015031873.2	
OG0014947								Drosophila_subobscura__LOC117901071__XP_034667574.1				
OG0014948									Drosophila_suzukii__LOC139352301__XP_070850482.1			
OG0014949											Drosophila_willistoni__LOC111519394__XP_046869658.1	
OG0014950										Drosophila_virilis__LOC6633512__XP_002057230.1		
OG0014951										Drosophila_virilis__LOC6632244__XP_002056073.1		
OG0014952	Drosophila_ananassae__LOC6504407__XP_032308094.1											
OG0014953									Drosophila_suzukii__LOC139353098__XP_070852437.1			
OG0014954					Drosophila_pseudoobscura__LOC6902403__XP_002133338.3							
OG0014955					Drosophila_pseudoobscura__LOC26533786__XP_033232400.1							
OG0014956										Drosophila_virilis__LOC6624063__XP_002046863.1		
OG0014957					Drosophila_pseudoobscura__LOC6902667__XP_015036758.2							
OG0014958											Drosophila_willistoni__LOC26528966__XP_015033906.1	
OG0014959								Drosophila_subobscura__LOC117894978__XP_034658209.1				
OG0014960	Drosophila_ananassae__LOC116655370__XP_044573123.1											
OG0014961			Drosophila_mauritiana__LOC117136808__XP_033153768.1									
OG0014962							Drosophila_simulans__LOC27209084__XP_016037966.1					
OG0014963											Drosophila_willistoni__LOC124459850__XP_046865563.1	
OG0014964		Drosophila_biarmipes__LOC127010917__XP_050742700.1										
OG0014965										Drosophila_virilis__LOC26530570__XP_015028831.1		
OG0014966					Drosophila_pseudoobscura__LOC117184394__XP_033237385.1							
OG0014967											Drosophila_willistoni__LOC6644124__XP_002066696.2	
OG0014968									Drosophila_suzukii__LOC139352456__XP_070850663.1			
OG0014969								Drosophila_subobscura__LOC117895749__XP_034659514.1				
OG0014970												Drosophila_yakuba__LOC6525536__XP_002101371.1
OG0014971											Drosophila_willistoni__LOC6652545__XP_002074643.2	
OG0014972		Drosophila_biarmipes__LOC108023313__XP_050746482.1										
OG0014973					Drosophila_pseudoobscura__LOC6901262__XP_015041533.2							
OG0014974									Drosophila_suzukii__LOC118878334__XP_070853630.1			
OG0014975	Drosophila_ananassae__LOC116655337__XP_032308970.1											
OG0014976										Drosophila_virilis__LOC6635552__XP_002059026.2		
OG0014977					Drosophila_pseudoobscura__LOC26533105__XP_015041143.1							
OG0014978	Drosophila_ananassae__LOC116655124__XP_032308261.1											
OG0014979										Drosophila_virilis__LOC26531426__XP_070065665.1		
OG0014980						Drosophila_sechellia__LOC6606718__XP_002031517.1						
OG0014981			Drosophila_mauritiana__LOC117145188__XP_033166636.1									
OG0014982											Drosophila_willistoni__LOC6647129__XP_002070116.1	
OG0014983	Drosophila_ananassae__LOC26515524__XP_014767437.1											
OG0014984									Drosophila_suzukii__LOC118879737__XP_036678529.1			
OG0014985					Drosophila_pseudoobscura__LOC6901044__XP_002134523.2							
OG0014986												Drosophila_yakuba__LOC120321973__XP_039232316.1
OG0014987											Drosophila_willistoni__LOC6652965__XP_023037167.1	
OG0014988			Drosophila_mauritiana__LOC117145391__XP_033166918.1									
OG0014989										Drosophila_virilis__LOC26531847__XP_015025741.1		
OG0014990						Drosophila_sechellia__LOC6620387__XP_032577160.1						
OG0014991		Drosophila_biarmipes__LOC127010632__XP_050740884.1										
OG0014992	Drosophila_ananassae__LOC116655258__XP_032308688.1											
OG0014993		Drosophila_biarmipes__LOC127011720__XP_050745743.1										
OG0014994					Drosophila_pseudoobscura__LOC6897242__XP_002137413.3							
OG0014995									Drosophila_suzukii__LOC139353061__XP_070852357.1			
OG0014996	Drosophila_ananassae__LOC116655734__XP_032309480.1											
OG0014997										Drosophila_virilis__LOC6625118__XP_070066168.1		
OG0014998												Drosophila_yakuba__LOC26534651__XP_015054534.1
OG0014999	Drosophila_ananassae__LOC6502750__XP_014760372.1											
OG0015000					Drosophila_pseudoobscura__LOC6897636__XP_002137779.3							
OG0015001											Drosophila_willistoni__LOC26528756__XP_015033305.1	
OG0015002	Drosophila_ananassae__LOC116655904__XP_032310740.1											
OG0015003		Drosophila_biarmipes__LOC127011544__XP_050744730.1										
OG0015004											Drosophila_willistoni__LOC6641783__XP_002064558.1	
OG0015005	Drosophila_ananassae__LOC6501640__XP_032312130.1											
OG0015006											Drosophila_willistoni__LOC124460731__XP_046868196.1	
OG0015007											Drosophila_willistoni__LOC124459812__XP_046865461.1	
OG0015008		Drosophila_biarmipes__LOC108032768__XP_016962253.1										
OG0015009									Drosophila_suzukii__LOC108016448__XP_065723065.2			
OG0015010					Drosophila_pseudoobscura__LOC26533374__XP_015040062.2							
OG0015011				Drosophila_melanogaster__CG17105__NP_609434.1								
OG0015012											Drosophila_willistoni__LOC6645899__XP_002068554.3	
OG0015013	Drosophila_ananassae__LOC6503620__XP_014760995.1											
OG0015014							Drosophila_simulans__LOC120285001__XP_039151017.1					
OG0015015	Drosophila_ananassae__LOC26514813__XP_014762376.1											
OG0015016				Drosophila_melanogaster__CG15741__NP_572751.1								
OG0015017		Drosophila_biarmipes__LOC108031863__XP_016961106.1										
OG0015018									Drosophila_suzukii__LOC139352291__XP_070850471.1			
OG0015019											Drosophila_willistoni__LOC111519233__XP_023034678.1	
OG0015020					Drosophila_pseudoobscura__LOC26534383__XP_033235882.1							
OG0015021									Drosophila_suzukii__LOC139352259__XP_070850439.1			
OG0015022										Drosophila_virilis__LOC138911528__XP_070066953.1		
OG0015023										Drosophila_virilis__LOC26530902__XP_015030258.1		
OG0015024											Drosophila_willistoni__LOC26529795__XP_015033246.1	
OG0015025	Drosophila_ananassae__LOC6504909__XP_032309301.1											
OG0015026											Drosophila_willistoni__LOC124459729__XP_046865289.1	
OG0015027										Drosophila_virilis__LOC6625599__XP_002050259.2		
OG0015028								Drosophila_subobscura__LOC117896743__XP_034661099.1				
OG0015029								Drosophila_subobscura__LOC117898039__XP_034663090.1				
OG0015030									Drosophila_suzukii__LOC139354677__XP_070855020.1			
OG0015031											Drosophila_willistoni__LOC111519191__XP_023034409.1	
OG0015032											Drosophila_willistoni__LOC124460523__XP_046867486.1	
OG0015033										Drosophila_virilis__LOC6628828__XP_002052069.2		
OG0015034										Drosophila_virilis__LOC116651544__XP_032294000.1		
OG0015035					Drosophila_pseudoobscura__LOC117183528__XP_033233472.1							
OG0015036		Drosophila_biarmipes__LOC108031314__XP_016960048.1										
OG0015037		Drosophila_biarmipes__LOC127011562__XP_050744833.1										
OG0015038								Drosophila_subobscura__LOC117896972__XP_034661413.1				
OG0015039											Drosophila_willistoni__LOC111518629__XP_046866667.1	
OG0015040								Drosophila_subobscura__LOC117896499__XP_034660741.1				
OG0015041									Drosophila_suzukii__LOC139353961__XP_070854256.1			
OG0015042							Drosophila_simulans__LOC120284941__XP_039150480.1					
OG0015043											Drosophila_willistoni__LOC6641731__XP_002064647.4	
OG0015044									Drosophila_suzukii__LOC139352367__XP_070850572.1			
OG0015045	Drosophila_ananassae__LOC26514507__XP_014762338.1											
OG0015046												Drosophila_yakuba__LOC26535376__XP_015046750.1
OG0015047	Drosophila_ananassae__LOC116656076__XP_032311367.1											
OG0015048									Drosophila_suzukii__LOC136117066__XP_070852124.1			
OG0015049											Drosophila_willistoni__LOC111518977__XP_023033232.1	
OG0015050											Drosophila_willistoni__LOC124460551__XP_046867534.1	
OG0015051						Drosophila_sechellia__LOC6608540__XP_032572811.1						
OG0015052											Drosophila_willistoni__LOC111518834__XP_046866620.1	
OG0015053											Drosophila_willistoni__LOC111518716__XP_023032002.1	
OG0015054					Drosophila_pseudoobscura__LOC117185062__XP_033240618.1							
OG0015055					Drosophila_pseudoobscura__LOC6903031__XP_033235351.1							
OG0015056					Drosophila_pseudoobscura__LOC117183346__XP_033232906.1							
OG0015057											Drosophila_willistoni__LOC111518991__XP_046865409.1	
OG0015058											Drosophila_willistoni__LOC124459838__XP_046865542.1	
OG0015059								Drosophila_subobscura__LOC117900854__XP_034667266.1				
OG0015060	Drosophila_ananassae__LOC6497435__XP_001962087.4											
OG0015061											Drosophila_willistoni__LOC6653508__XP_002075856.2	
OG0015062							Drosophila_simulans__LOC123327262__XP_044779147.1					
OG0015063												Drosophila_yakuba__LOC120322277__XP_039233270.1
OG0015064									Drosophila_suzukii__LOC139352392__XP_070850598.1			
OG0015065											Drosophila_willistoni__LOC124459912__XP_046865651.1	
OG0015066												Drosophila_yakuba__LOC26536282__XP_015054719.1
OG0015067					Drosophila_pseudoobscura__LOC6903282__XP_033235587.1							
OG0015068	Drosophila_ananassae__LOC123258017__XP_044573877.1											
OG0015069								Drosophila_subobscura__LOC117898977__XP_034664609.1				
OG0015070											Drosophila_willistoni__LOC124461761__XP_046869180.1	
OG0015071											Drosophila_willistoni__LOC111519334__XP_023035349.1	
OG0015072												Drosophila_yakuba__LOC6528262__XP_002089315.1
OG0015073											Drosophila_willistoni__LOC6651444__XP_023036403.1	
OG0015074									Drosophila_suzukii__LOC139352239__XP_070850420.1			
OG0015075										Drosophila_virilis__LOC6628869__XP_002052335.2		
OG0015076											Drosophila_willistoni__LOC26529810__XP_015033966.3	
OG0015077			Drosophila_mauritiana__LOC117139650__XP_033158003.1									
OG0015078		Drosophila_biarmipes__LOC127012050__XP_050746183.1										
OG0015079					Drosophila_pseudoobscura__LOC26533286__XP_033238768.1							
OG0015080											Drosophila_willistoni__LOC26528869__XP_023033303.2	
OG0015081											Drosophila_willistoni__LOC6646989__XP_023034493.1	
OG0015082											Drosophila_willistoni__LOC111519591__XP_023036919.1	
OG0015083								Drosophila_subobscura__LOC117892496__XP_034654663.1				
OG0015084								Drosophila_subobscura__LOC117900869__XP_034667284.1				
OG0015085											Drosophila_willistoni__LOC124461999__XP_046869354.1	
OG0015086										Drosophila_virilis__LOC26531422__XP_015028932.1		
OG0015087									Drosophila_suzukii__LOC139354321__XP_070854645.1			
OG0015088	Drosophila_ananassae__LOC6504399__XP_032308212.1											
OG0015089				Drosophila_melanogaster__pre-mod_mdg4_-C__NP_001287453.2								
OG0015090		Drosophila_biarmipes__LOC127010827__XP_050741949.1										
OG0015091											Drosophila_willistoni__LOC111519634__XP_023037074.1	
OG0015092		Drosophila_biarmipes__LOC108028110__XP_016955245.2										
OG0015093		Drosophila_biarmipes__LOC127011624__XP_050745456.1										
OG0015094	Drosophila_ananassae__LOC6503986__XP_044572799.1											
OG0015095									Drosophila_suzukii__LOC108016525__XP_070853335.1			
OG0015096											Drosophila_willistoni__LOC124461254__XP_046868760.1	
OG0015097												Drosophila_yakuba__LOC122319640__XP_043063176.1
OG0015098	Drosophila_ananassae__LOC6498773__XP_001967234.1											
OG0015099	Drosophila_ananassae__LOC123257377__XP_044572130.1											
OG0015100								Drosophila_subobscura__LOC117901461__XP_034668110.1				
OG0015101					Drosophila_pseudoobscura__LOC117184881__XP_033239872.1							
OG0015102									Drosophila_suzukii__LOC139354478__XP_070854823.1			
OG0015103											Drosophila_willistoni__LOC6644838__XP_023032809.2	
OG0015104								Drosophila_subobscura__LOC117889925__XP_034650341.1				
OG0015105								Drosophila_subobscura__LOC117893586__XP_034656149.1				
OG0015106	Drosophila_ananassae__LOC6506688__XP_001957412.1											
OG0015107							Drosophila_simulans__LOC123327091__XP_044778433.1					
OG0015108	Drosophila_ananassae__LOC6504586__XP_001966576.1											
OG0015109					Drosophila_pseudoobscura__LOC26532938__XP_033235208.1							
OG0015110										Drosophila_virilis__LOC6622488__XP_002047709.2		
OG0015111											Drosophila_willistoni__LOC6642765__XP_023031426.1	
OG0015112		Drosophila_biarmipes__LOC127011676__XP_050745640.1										
OG0015113					Drosophila_pseudoobscura__LOC117184037__XP_033235937.1							
OG0015114							Drosophila_simulans__LOC120284783__XP_039149634.2					
OG0015115									Drosophila_suzukii__LOC139352701__XP_070851433.1			
OG0015116										Drosophila_virilis__LOC6632161__XP_002055770.1		
OG0015117											Drosophila_willistoni__LOC26529670__XP_015033954.1	
OG0015118									Drosophila_suzukii__LOC139352398__XP_070850604.1			
OG0015119	Drosophila_ananassae__LOC6493585__XP_001958042.1											
OG0015120										Drosophila_virilis__LOC138911058__XP_070064133.1		
OG0015121					Drosophila_pseudoobscura__LOC6902977__XP_015036111.2							
OG0015122	Drosophila_ananassae__LOC123257060__XP_044570421.1											
OG0015123									Drosophila_suzukii__LOC139352215__XP_070850401.1			
OG0015124											Drosophila_willistoni__LOC6646290__XP_023033551.2	
OG0015125		Drosophila_biarmipes__LOC127010639__XP_050740912.1										
OG0015126								Drosophila_subobscura__LOC117894666__XP_034657738.1				
OG0015127						Drosophila_sechellia__LOC116800533__XP_032571920.1						
OG0015128					Drosophila_pseudoobscura__LOC117183409__XP_033233178.1							
OG0015129									Drosophila_suzukii__LOC118876865__XP_036668833.1			
OG0015130										Drosophila_virilis__LOC116651723__XP_032294580.1		
OG0015131					Drosophila_pseudoobscura__LOC6902451__XP_002132996.3							
OG0015132										Drosophila_virilis__LOC6628992__XP_002052123.1		
OG0015133										Drosophila_virilis__LOC6634832__XP_002058013.3		
OG0015134								Drosophila_subobscura__LOC117893321__XP_034655800.1				
OG0015135				Drosophila_melanogaster__CG34168__NP_001097166.1								
OG0015136										Drosophila_virilis__LOC26530684__XP_015030235.1		
OG0015137								Drosophila_subobscura__LOC117899297__XP_034665105.1				
OG0015138					Drosophila_pseudoobscura__LOC6903454__XP_002132333.3							
OG0015139					Drosophila_pseudoobscura__LOC6901121__XP_002134596.1							
OG0015140		Drosophila_biarmipes__LOC122818980__XP_050744708.1										
OG0015141					Drosophila_pseudoobscura__LOC26532910__XP_015036476.2							
OG0015142								Drosophila_subobscura__LOC117896927__XP_034661358.1				
OG0015143										Drosophila_virilis__LOC116651840__XP_032294966.1		
OG0015144										Drosophila_virilis__LOC138911053__XP_070064113.1		
OG0015145										Drosophila_virilis__LOC116651712__XP_032294537.1		
OG0015146										Drosophila_virilis__LOC6634043__XP_002057497.1		
OG0015147							Drosophila_simulans__LOC123327089__XP_044778420.1					
OG0015148				Drosophila_melanogaster__CG43220__NP_001260533.1								
OG0015149	Drosophila_ananassae__LOC6496906__XP_001963173.3											
OG0015150	Drosophila_ananassae__LOC26514911__XP_044572108.1											
OG0015151									Drosophila_suzukii__LOC139352271__XP_070850451.1			
OG0015152												Drosophila_yakuba__LOC6533665__XP_002094371.1
OG0015153											Drosophila_willistoni__LOC124460366__XP_046866939.1	
OG0015154							Drosophila_simulans__LOC120284788__XP_039149691.1					
OG0015155									Drosophila_suzukii__LOC108005945__XP_065724476.2			
OG0015156									Drosophila_suzukii__LOC139352583__XP_070851323.1			
OG0015157							Drosophila_simulans__LOC123327254__XP_044779129.1					
OG0015158											Drosophila_willistoni__LOC124460422__XP_046867095.1	
OG0015159	Drosophila_ananassae__LOC26515351__XP_014767419.2											
OG0015160									Drosophila_suzukii__ng3__XP_065723702.2			
OG0015161					Drosophila_pseudoobscura__LOC6901527__XP_002134201.3							
OG0015162											Drosophila_willistoni__LOC124459863__XP_046865589.1	
OG0015163		Drosophila_biarmipes__LOC108028202__XP_016955352.1										
OG0015164			Drosophila_mauritiana__LOC117146508__XP_033168654.1									
OG0015165							Drosophila_simulans__LOC27209296__XP_016023315.1					
OG0015166		Drosophila_biarmipes__LOC127011499__XP_050744320.1										
OG0015167											Drosophila_willistoni__LOC111519152__XP_046865783.1	
OG0015168									Drosophila_suzukii__LOC139355059__XP_070855470.1			
OG0015169												Drosophila_yakuba__LOC26535402__XP_039232527.1
OG0015170		Drosophila_biarmipes__LOC127011836__XP_050745986.1										
OG0015171										Drosophila_virilis__LOC6635529__XP_032294769.1		
OG0015172									Drosophila_suzukii__LOC139352899__XP_070851672.1			
OG0015173					Drosophila_pseudoobscura__LOC117184603__XP_033238882.1							
OG0015174											Drosophila_willistoni__LOC6638334__XP_023033319.1	
OG0015175							Drosophila_simulans__LOC120285270__XP_039152663.1					
OG0015176		Drosophila_biarmipes__LOC122818640__XP_043949283.1										
OG0015177			Drosophila_mauritiana__LOC117135919__XP_033152377.1									
OG0015178			Drosophila_mauritiana__LOC117149085__XP_033172623.1									
OG0015179			Drosophila_mauritiana__LOC117145132__XP_033166543.1									
OG0015180										Drosophila_virilis__LOC6633697__XP_002057292.1		
OG0015181										Drosophila_virilis__LOC6629721__XP_002053678.2		
OG0015182								Drosophila_subobscura__LOC117900778__XP_034667150.1				
OG0015183							Drosophila_simulans__LOC27207007__XP_039149700.1					
OG0015184											Drosophila_willistoni__LOC6650578__XP_002073087.3	
OG0015185	Drosophila_ananassae__LOC116654470__XP_032310299.1											
OG0015186									Drosophila_suzukii__LOC136117315__XP_065723974.1			
OG0015187												Drosophila_yakuba__LOC26534467__XP_039226288.1
OG0015188											Drosophila_willistoni__LOC6645061__XP_046867651.1	
OG0015189											Drosophila_willistoni__LOC124460345__XP_046866900.1	
OG0015190								Drosophila_subobscura__LOC117903622__XP_034671771.1				
OG0015191						Drosophila_sechellia__LOC116800525__XP_032571857.1						
OG0015192										Drosophila_virilis__LOC138910904__XP_070063108.1		
OG0015193					Drosophila_pseudoobscura__LOC26532522__XP_033236436.1							
OG0015194										Drosophila_virilis__LOC116652142__XP_032295978.1		
OG0015195												Drosophila_yakuba__LOC120322358__XP_043063222.1
OG0015196											Drosophila_willistoni__LOC124460715__XP_046868136.1	
OG0015197											Drosophila_willistoni__LOC111519297__XP_023035113.1	
OG0015198		Drosophila_biarmipes__LOC127010994__XP_050743522.1										
OG0015199	Drosophila_ananassae__LOC26515046__XP_014760114.1											
OG0015200										Drosophila_virilis__Mlp60A__XP_015029303.1		
OG0015201	Drosophila_ananassae__LOC123257686__XP_044573446.1											
OG0015202											Drosophila_willistoni__LOC124460234__XP_046866678.1	
OG0015203												Drosophila_yakuba__LOC6536769__XP_002097340.1
OG0015204						Drosophila_sechellia__LOC116801204__XP_032575221.1						
OG0015205	Drosophila_ananassae__LOC26513870__XP_014759884.1											
OG0015206								Drosophila_subobscura__LOC117893389__XP_034655875.1				
OG0015207							Drosophila_simulans__LOC6737668__XP_002084500.3					
OG0015208	Drosophila_ananassae__LOC6493135__XP_001957119.2											
OG0015209					Drosophila_pseudoobscura__LOC117184973__XP_033240190.1							
OG0015210					Drosophila_pseudoobscura__LOC6899905__XP_002135273.2							
OG0015211								Drosophila_subobscura__LOC117894096__XP_034656860.1				
OG0015212									Drosophila_suzukii__LOC108018163__XP_016941143.2			
OG0015213											Drosophila_willistoni__LOC6649841__XP_002071947.1	
OG0015214					Drosophila_pseudoobscura__LOC26532158__XP_015041492.2							
OG0015215		Drosophila_biarmipes__LOC108023767__XP_043950364.1										
OG0015216												Drosophila_yakuba__LOC6526756__XP_002087859.1
OG0015217					Drosophila_pseudoobscura__LOC117183376__XP_033233002.1							
OG0015218										Drosophila_virilis__LOC6624536__XP_002047923.1		
OG0015219	Drosophila_ananassae__LOC26514459__XP_014764018.1											
OG0015220											Drosophila_willistoni__LOC26529843__XP_015033968.1	
OG0015221									Drosophila_suzukii__LOC139352397__XP_070850603.1			
OG0015222											Drosophila_willistoni__LOC111518620__XP_023031735.1	
OG0015223									Drosophila_suzukii__LOC139353348__XP_070853377.1			
OG0015224												Drosophila_yakuba__LOC26536040__XP_043062873.1
OG0015225									Drosophila_suzukii__LOC139353056__XP_070852354.1			
OG0015226					Drosophila_pseudoobscura__LOC117183316__XP_033232682.1							
OG0015227		Drosophila_biarmipes__LOC127010725__XP_050741290.1										
OG0015228												Drosophila_yakuba__LOC26536149__XP_015052953.1
OG0015229								Drosophila_subobscura__LOC117889585__XP_034649884.1				
OG0015230											Drosophila_willistoni__LOC6647227__XP_023034228.1	
OG0015231							Drosophila_simulans__LOC123327189__XP_044778810.1					
OG0015232	Drosophila_ananassae__LOC26514031__XP_014760634.1											
OG0015233												Drosophila_yakuba__LOC6535171__XP_002095833.1
OG0015234											Drosophila_willistoni__LOC6647293__XP_002070633.2	
OG0015235							Drosophila_simulans__LOC123327451__XP_044779807.1					
OG0015236												Drosophila_yakuba__LOC120321877__XP_039231863.1
OG0015237							Drosophila_simulans__LOC27207572__XP_044778367.1					
OG0015238										Drosophila_virilis__LOC6631872__XP_002055733.1		
OG0015239												Drosophila_yakuba__LOC26536021__XP_015054683.2
OG0015240									Drosophila_suzukii__LOC139352262__XP_070850442.1			
OG0015241		Drosophila_biarmipes__LOC127010965__XP_050743182.1										
OG0015242										Drosophila_virilis__LOC6626028__XP_002049604.1		
OG0015243	Drosophila_ananassae__LOC26515394__XP_032307327.1											
OG0015244					Drosophila_pseudoobscura__LOC6902458__XP_002133003.2							
OG0015245											Drosophila_willistoni__LOC6649487__XP_002072372.1	
OG0015246											Drosophila_willistoni__LOC111519035__XP_023033432.1	
OG0015247											Drosophila_willistoni__LOC6648136__XP_002069805.1	
OG0015248											Drosophila_willistoni__LOC111518806__XP_023032350.1	
OG0015249					Drosophila_pseudoobscura__LOC6901065__XP_015042241.2							
OG0015250												Drosophila_yakuba__LOC120320993__XP_039228031.1
OG0015251								Drosophila_subobscura__LOC117900620__XP_034666938.1				
OG0015252	Drosophila_ananassae__LOC116655058__XP_032307978.1											
OG0015253											Drosophila_willistoni__LOC124460417__XP_046867059.1	
OG0015254				Drosophila_melanogaster__CG42779__NP_001189239.1								
OG0015255				Drosophila_melanogaster__CG14454__NP_649404.1								
OG0015256									Drosophila_suzukii__LOC108010447__XP_016930800.2			
OG0015257	Drosophila_ananassae__LOC6493536__XP_001957956.3											
OG0015258		Drosophila_biarmipes__LOC108036871__XP_050746188.1										
OG0015259						Drosophila_sechellia__LOC116800313__XP_032570281.1						
OG0015260					Drosophila_pseudoobscura__LOC26532871__XP_015041353.1							
OG0015261										Drosophila_virilis__LOC26530740__XP_015030240.1		
OG0015262												Drosophila_yakuba__LOC120322405__XP_039233605.1
OG0015263											Drosophila_willistoni__LOC124460424__XP_046867102.1	
OG0015264										Drosophila_virilis__LOC6626980__XP_002049533.2		
OG0015265											Drosophila_willistoni__LOC6641342__XP_002064331.1	
OG0015266									Drosophila_suzukii__LOC139352885__XP_070851634.1			
OG0015267											Drosophila_willistoni__LOC6638824__XP_046868106.1	
OG0015268									Drosophila_suzukii__LOC139353982__XP_070854273.1			
OG0015269											Drosophila_willistoni__LOC6649063__XP_046867332.1	
OG0015270	Drosophila_ananassae__LOC116655847__XP_032310278.1											
OG0015271						Drosophila_sechellia__LOC116801458__XP_032577075.1						
OG0015272								Drosophila_subobscura__LOC117895610__XP_034659250.1				
OG0015273									Drosophila_suzukii__LOC118878265__XP_036676046.2			
OG0015274									Drosophila_suzukii__LOC139352573__XP_070851347.1			
OG0015275					Drosophila_pseudoobscura__LOC6901012__XP_015042397.2							
OG0015276										Drosophila_virilis__LOC6630453__XP_002053914.1		
OG0015277												Drosophila_yakuba__LOC6525941__XP_039230867.1
OG0015278								Drosophila_subobscura__LOC117897954__XP_034662947.1				
OG0015279											Drosophila_willistoni__LOC111518612__XP_023031719.1	
OG0015280											Drosophila_willistoni__LOC124460433__XP_046867133.1	
OG0015281											Drosophila_willistoni__LOC6644644__XP_002067276.1	
OG0015282							Drosophila_simulans__LOC120284782__XP_039149632.1					
OG0015283									Drosophila_suzukii__LOC139352559__XP_070851249.1			
OG0015284	Drosophila_ananassae__LOC123257296__XP_044571811.1											
OG0015285										Drosophila_virilis__LOC6623785__XP_002046291.1		
OG0015286							Drosophila_simulans__LOC27206674__XP_016033439.1					
OG0015287										Drosophila_virilis__LOC138911018__XP_070063945.1		
OG0015288			Drosophila_mauritiana__LOC117139314__XP_033157449.1									
OG0015289										Drosophila_virilis__LOC116650092__XP_070063651.1		
OG0015290									Drosophila_suzukii__LOC139354303__XP_070854625.1			
OG0015291											Drosophila_willistoni__LOC6641295__XP_046867144.1	
OG0015292	Drosophila_ananassae__LOC6502870__XP_032311863.2											
OG0015293	Drosophila_ananassae__LOC26514883__XP_014767356.2											
OG0015294					Drosophila_pseudoobscura__LOC26532524__XP_033235976.1							
OG0015295					Drosophila_pseudoobscura__LOC6900592__XP_002134965.2							
OG0015296											Drosophila_willistoni__LOC124459686__XP_046865135.1	
OG0015297						Drosophila_sechellia__LOC116801757__XP_032578977.1						
OG0015298			Drosophila_mauritiana__LOC117145574__XP_033167171.1									
OG0015299				Drosophila_melanogaster__CG43645__NP_001334742.1								
OG0015300											Drosophila_willistoni__LOC111519232__XP_023034676.1	
OG0015301					Drosophila_pseudoobscura__LOC117183980__XP_033235636.1							
OG0015302					Drosophila_pseudoobscura__LOC6897283__XP_002137443.2							
OG0015303											Drosophila_willistoni__LOC6651693__XP_002073247.1	
OG0015304								Drosophila_subobscura__LOC117895181__XP_034658535.1				
OG0015305										Drosophila_virilis__LOC6625606__XP_002049101.2		
OG0015306											Drosophila_willistoni__LOC124460354__XP_046866912.1	
OG0015307					Drosophila_pseudoobscura__LOC6902110__XP_015041169.2							
OG0015308												Drosophila_yakuba__LOC26534605__XP_015051124.1
OG0015309											Drosophila_willistoni__LOC124459787__XP_046865364.1	
OG0015310									Drosophila_suzukii__LOC139352521__XP_070851004.1			
OG0015311								Drosophila_subobscura__LOC117903266__XP_034671059.1				
OG0015312	Drosophila_ananassae__LOC116655298__XP_044573322.1											
OG0015313											Drosophila_willistoni__LOC6651013__XP_002073538.1	
OG0015314								Drosophila_subobscura__LOC117898901__XP_034664477.1				
OG0015315		Drosophila_biarmipes__LOC108032148__XP_016961483.1										
OG0015316						Drosophila_sechellia__LOC116801117__XP_032574708.1						
OG0015317		Drosophila_biarmipes__LOC127010714__XP_050741254.1										
OG0015318									Drosophila_suzukii__LOC139352427__XP_070850635.1			
OG0015319											Drosophila_willistoni__LOC124459776__XP_046865345.1	
OG0015320										Drosophila_virilis__LOC6633535__XP_032295966.1		
OG0015321										Drosophila_virilis__LOC26530883__XP_015028872.1		
OG0015322										Drosophila_virilis__LOC116651945__XP_032295376.1		
OG0015323					Drosophila_pseudoobscura__LOC26532281__XP_015042875.1							
OG0015324				Drosophila_melanogaster__CG32198__NP_730339.1								
OG0015325								Drosophila_subobscura__LOC117893135__XP_034655481.1				
OG0015326						Drosophila_sechellia__LOC116800225__XP_032569995.1						
OG0015327								Drosophila_subobscura__LOC117898074__XP_034663140.1				
OG0015328									Drosophila_suzukii__TpnC47D__XP_070851226.1			
OG0015329									Drosophila_suzukii__LOC139354971__XP_070855346.1			
OG0015330	Drosophila_ananassae__LOC26515568__XP_032307506.1											
OG0015331								Drosophila_subobscura__LOC117897647__XP_034662517.1				
OG0015332								Drosophila_subobscura__LOC117895957__XP_034659804.1				
OG0015333											Drosophila_willistoni__LOC111519398__XP_023035725.1	
OG0015334											Drosophila_willistoni__LOC6648302__XP_002070875.1	
OG0015335		Drosophila_biarmipes__LOC127011080__XP_050744240.1										
OG0015336	Drosophila_ananassae__LOC6496280__XP_001960596.1											
OG0015337	Drosophila_ananassae__LOC6503755__XP_001963802.1											
OG0015338	Drosophila_ananassae__LOC6500295__XP_001952916.1											
OG0015339											Drosophila_willistoni__LOC124461380__XP_046868864.1	
OG0015340										Drosophila_virilis__LOC6634516__XP_002058065.1		
OG0015341										Drosophila_virilis__LOC26531529__XP_070066365.1		
OG0015342								Drosophila_subobscura__LOC117894038__XP_034656776.1				
OG0015343											Drosophila_willistoni__LOC111519843__XP_023037813.2	
OG0015344	Drosophila_ananassae__LOC6494603__XP_032306465.1											
OG0015345					Drosophila_pseudoobscura__LOC117184025__XP_033235888.1							
OG0015346						Drosophila_sechellia__LOC6615207__XP_002039617.1						
OG0015347		Drosophila_biarmipes__LOC108023372__XP_016948309.1										
OG0015348										Drosophila_virilis__LOC6624643__XP_002046576.1		
OG0015349										Drosophila_virilis__LOC116651279__XP_032293326.1		
OG0015350										Drosophila_virilis__LOC6622125__XP_032289930.1		
OG0015351		Drosophila_biarmipes__LOC127011525__XP_050744567.1										
OG0015352											Drosophila_willistoni__LOC26529319__XP_046866608.1	
OG0015353											Drosophila_willistoni__LOC124461500__XP_046868965.1	
OG0015354											Drosophila_willistoni__LOC124459696__XP_046865175.1	
OG0015355	Drosophila_ananassae__LOC26514243__XP_014763993.1											
OG0015356			Drosophila_mauritiana__LOC117136089__XP_033152660.1									
OG0015357											Drosophila_willistoni__LOC6651964__XP_023036748.1	
OG0015358	Drosophila_ananassae__LOC123257562__XP_044573148.1											
OG0015359											Drosophila_willistoni__LOC111519442__XP_023036181.1	
OG0015360	Drosophila_ananassae__LOC123257681__XP_044573441.1											
OG0015361			Drosophila_mauritiana__LOC117135260__XP_033151297.1									
OG0015362							Drosophila_simulans__LOC6728413__XP_002103760.1					
OG0015363									Drosophila_suzukii__LOC108012822__XP_016933760.3			
OG0015364		Drosophila_biarmipes__LOC127011542__XP_050744723.1										
OG0015365								Drosophila_subobscura__LOC117889620__XP_034649959.1				
OG0015366								Drosophila_subobscura__LOC117890512__XP_034651306.1				
OG0015367		Drosophila_biarmipes__LOC122818650__XP_043949371.1										
OG0015368								Drosophila_subobscura__LOC117900871__XP_034667286.1				
OG0015369		Drosophila_biarmipes__LOC127010712__XP_050741203.1										
OG0015370										Drosophila_virilis__LOC6630939__XP_002054041.3		
OG0015371	Drosophila_ananassae__LOC6498781__XP_032308129.1											
OG0015372	Drosophila_ananassae__LOC26513867__XP_032310831.1											
OG0015373		Drosophila_biarmipes__LOC122818984__XP_043950698.1										
OG0015374			Drosophila_mauritiana__LOC117148402__XP_033171660.1									
OG0015375					Drosophila_pseudoobscura__LOC26533889__XP_015040238.2							
OG0015376	Drosophila_ananassae__LOC116654584__XP_032305853.1											
OG0015377											Drosophila_willistoni__LOC26528770__XP_023036161.1	
OG0015378								Drosophila_subobscura__LOC117895387__XP_034658900.1				
OG0015379							Drosophila_simulans__LOC27206572__XP_039153136.1					
OG0015380									Drosophila_suzukii__LOC139352964__XP_070851976.1			
OG0015381											Drosophila_willistoni__LOC6653105__XP_023037117.1	
OG0015382											Drosophila_willistoni__LOC6639460__XP_002061946.1	
OG0015383									Drosophila_suzukii__LOC139352238__XP_070850419.1			
OG0015384						Drosophila_sechellia__LOC6616932__XP_032577230.1						
OG0015385	Drosophila_ananassae__LOC123257876__XP_044573783.1											
OG0015386												Drosophila_yakuba__LOC6524856__XP_039226956.1
OG0015387			Drosophila_mauritiana__LOC117142390__XP_033162223.1									
OG0015388									Drosophila_suzukii__LOC139353048__XP_070852294.1			
OG0015389												Drosophila_yakuba__LOC6533009__XP_039229382.1
OG0015390		Drosophila_biarmipes__LOC127011022__XP_050743757.1										
OG0015391										Drosophila_virilis__LOC138911197__XP_070065022.1		
OG0015392											Drosophila_willistoni__LOC124460210__XP_046866596.1	
OG0015393						Drosophila_sechellia__LOC116801790__XP_032579260.1						
OG0015394		Drosophila_biarmipes__LOC108027391__XP_016954320.1										
OG0015395	Drosophila_ananassae__LOC123257685__XP_044573445.1											
OG0015396										Drosophila_virilis__LOC6622698__XP_032291358.1		
OG0015397											Drosophila_willistoni__LOC124460726__XP_046868176.1	
OG0015398									Drosophila_suzukii__LOC139352197__XP_070850379.1			
OG0015399					Drosophila_pseudoobscura__LOC117184425__XP_033237622.1							
OG0015400										Drosophila_virilis__LOC138911438__XP_070066705.1		
OG0015401										Drosophila_virilis__LOC6626520__XP_002050563.1		
OG0015402									Drosophila_suzukii__LOC108015454__XP_070852468.1			
OG0015403												Drosophila_yakuba__LOC120321886__XP_039231924.1
OG0015404											Drosophila_willistoni__LOC6646175__XP_002068725.2	
OG0015405											Drosophila_willistoni__LOC124460766__XP_046868299.1	
OG0015406	Drosophila_ananassae__LOC6506474__XP_001957801.1											
OG0015407										Drosophila_virilis__LOC138911229__XP_070065192.1		
OG0015408									Drosophila_suzukii__LOC108018705__XP_016941768.4			
OG0015409										Drosophila_virilis__LOC26530800__XP_032295677.1		
OG0015410											Drosophila_willistoni__LOC26528769__XP_015033890.1	
OG0015411		Drosophila_biarmipes__LOC108027542__XP_016954480.1										
OG0015412											Drosophila_willistoni__LOC124460858__XP_046868419.1	
OG0015413		Drosophila_biarmipes__LOC122818646__XP_050741263.1										
OG0015414											Drosophila_willistoni__LOC111518360__XP_023030600.2	
OG0015415								Drosophila_subobscura__LOC117891898__XP_034653593.1				
OG0015416	Drosophila_ananassae__LOC123258340__XP_044574137.1											
OG0015417										Drosophila_virilis__LOC138911112__XP_070064516.1		
OG0015418											Drosophila_willistoni__LOC111519203__XP_023034506.1	
OG0015419		Drosophila_biarmipes__LOC108027969__XP_016955083.1										
OG0015420										Drosophila_virilis__LOC26530768__XP_015028856.1		
OG0015421									Drosophila_suzukii__LOC139353359__XP_070853400.1			
OG0015422											Drosophila_willistoni__LOC124460226__XP_046866656.1	
OG0015423											Drosophila_willistoni__LOC6644635__XP_002067543.1	
OG0015424											Drosophila_willistoni__LOC6639765__XP_002062674.1	
OG0015425										Drosophila_virilis__LOC6634656__XP_002058109.1		
OG0015426					Drosophila_pseudoobscura__LOC26531960__XP_015043219.2							
OG0015427										Drosophila_virilis__LOC116649775__XP_032291164.1		
OG0015428							Drosophila_simulans__LOC120285312__XP_039153063.1					
OG0015429			Drosophila_mauritiana__LOC117150713__XP_033173619.1									
OG0015430										Drosophila_virilis__LOC6632630__XP_002056107.2		
OG0015431						Drosophila_sechellia__LOC116801258__XP_032575497.1						
OG0015432											Drosophila_willistoni__LOC124459988__XP_046865907.1	
OG0015433									Drosophila_suzukii__LOC136116555__XP_070850967.1			
OG0015434	Drosophila_ananassae__LOC6494761__XP_001959723.2											
OG0015435											Drosophila_willistoni__LOC6637925__XP_002061106.1	
OG0015436					Drosophila_pseudoobscura__LOC26533044__XP_015038209.2							
OG0015437							Drosophila_simulans__LOC27208734__XP_039149208.1					
OG0015438		Drosophila_biarmipes__LOC127011515__XP_050744478.1										
OG0015439						Drosophila_sechellia__LOC6609280__XP_032572229.1						
OG0015440										Drosophila_virilis__LOC26531720__XP_070065716.1		
OG0015441											Drosophila_willistoni__LOC6650447__XP_002073666.3	
OG0015442					Drosophila_pseudoobscura__LOC117184401__XP_033237409.1							
OG0015443										Drosophila_virilis__LOC6635554__XP_015024582.1		
OG0015444												Drosophila_yakuba__LOC120321628__XP_039230894.1
OG0015445								Drosophila_subobscura__LOC117899453__XP_034665353.1				
OG0015446					Drosophila_pseudoobscura__LOC117184088__XP_033236139.1							
OG0015447											Drosophila_willistoni__LOC6649098__XP_002071271.3	
OG0015448											Drosophila_willistoni__LOC6641325__XP_002064327.2	
OG0015449										Drosophila_virilis__LOC138911035__XP_070064009.1		
OG0015450									Drosophila_suzukii__LOC108021154__XP_016945217.1			
OG0015451			Drosophila_mauritiana__LOC117135916__XP_033152375.1									
OG0015452									Drosophila_suzukii__LOC139352706__XP_070851437.1			
OG0015453							Drosophila_simulans__LOC27207785__XP_016026134.3					
OG0015454					Drosophila_pseudoobscura__LOC6903261__XP_002132960.1							
OG0015455							Drosophila_simulans__LOC123327128__XP_044778560.1					
OG0015456										Drosophila_virilis__LOC6633294__XP_002056877.1		
OG0015457										Drosophila_virilis__LOC26530356__XP_070065279.1		
OG0015458												Drosophila_yakuba__LOC26535694__XP_043062714.1
OG0015459		Drosophila_biarmipes__LOC122818739__XP_050745639.1										
OG0015460											Drosophila_willistoni__LOC6641261__XP_002064222.3	
OG0015461									Drosophila_suzukii__LOC108007288__XP_016926456.4			
OG0015462											Drosophila_willistoni__LOC6641802__XP_002065399.1	
OG0015463										Drosophila_virilis__LOC6633423__XP_002057216.1		
OG0015464					Drosophila_pseudoobscura__LOC117183530__XP_033233478.1							
OG0015465					Drosophila_pseudoobscura__LOC117183717__XP_033234491.1							
OG0015466									Drosophila_suzukii__LOC108009692__XP_016929730.2			
OG0015467										Drosophila_virilis__LOC6633469__XP_002057060.1		
OG0015468								Drosophila_subobscura__LOC117895814__XP_034659630.1				
OG0015469					Drosophila_pseudoobscura__LOC117184534__XP_033238571.1							
OG0015470											Drosophila_willistoni__LOC124459928__XP_046865713.1	
OG0015471	Drosophila_ananassae__LOC6498813__XP_001967308.1											
OG0015472									Drosophila_suzukii__LOC108017424__XP_036673747.1			
OG0015473											Drosophila_willistoni__LOC124460578__XP_046867632.1	
OG0015474								Drosophila_subobscura__LOC117893261__XP_034655719.1				
OG0015475					Drosophila_pseudoobscura__LOC117183918__XP_033235319.1							
OG0015476		Drosophila_biarmipes__LOC127012518__XP_050746576.1										
OG0015477										Drosophila_virilis__LOC6625528__XP_002051022.2		
OG0015478	Drosophila_ananassae__LOC26515293__XP_032310234.1											
OG0015479										Drosophila_virilis__LOC6631634__XP_002055137.2		
OG0015480			Drosophila_mauritiana__LOC117144877__XP_033166178.1									
OG0015481		Drosophila_biarmipes__LOC108035118__XP_016966036.1										
OG0015482										Drosophila_virilis__LOC6636422__XP_002059973.1		
OG0015483	Drosophila_ananassae__LOC26514120__XP_014762408.1											
OG0015484				Drosophila_melanogaster__Mst87F__NP_524346.1								
OG0015485	Drosophila_ananassae__LOC116655369__XP_032309082.1											
OG0015486										Drosophila_virilis__LOC138911021__XP_070063957.1		
OG0015487		Drosophila_biarmipes__LOC108030027__XP_016958056.1										
OG0015488						Drosophila_sechellia__LOC116801247__XP_032575396.1						
OG0015489		Drosophila_biarmipes__LOC127010947__XP_050743030.1										
OG0015490											Drosophila_willistoni__LOC124461319__XP_046868807.1	
OG0015491					Drosophila_pseudoobscura__LOC26532966__XP_015035464.2							
OG0015492		Drosophila_biarmipes__LOC127010711__XP_050741183.1										
OG0015493			Drosophila_mauritiana__LOC117143849__XP_033164603.1									
OG0015494				Drosophila_melanogaster__CG12853__NP_652377.1								
OG0015495	Drosophila_ananassae__LOC6503736__XP_001963832.1											
OG0015496											Drosophila_willistoni__LOC124460254__XP_046866721.1	
OG0015497											Drosophila_willistoni__LOC6650786__XP_002073450.2	
OG0015498								Drosophila_subobscura__LOC117901245__XP_034667811.1				
OG0015499								Drosophila_subobscura__LOC117903420__XP_034671327.1				
OG0015500			Drosophila_mauritiana__LOC117149728__XP_033172706.1									
OG0015501										Drosophila_virilis__LOC138911158__XP_070064792.1		
OG0015502								Drosophila_subobscura__LOC117903265__XP_034671058.1				
OG0015503											Drosophila_willistoni__LOC124460511__XP_046867411.1	
OG0015504					Drosophila_pseudoobscura__LOC6901917__XP_002133451.2							
OG0015505											Drosophila_willistoni__LOC26529241__XP_015032028.1	
OG0015506		Drosophila_biarmipes__LOC127010790__XP_050741726.1										
OG0015507										Drosophila_virilis__LOC138911578__XP_070067063.1		
OG0015508	Drosophila_ananassae__LOC123257638__XP_044573341.1											
OG0015509					Drosophila_pseudoobscura__LOC6898356__XP_002138409.2							
OG0015510	Drosophila_ananassae__LOC123257402__XP_044572232.1											
OG0015511		Drosophila_biarmipes__LOC108028983__XP_016956512.2										
OG0015512									Drosophila_suzukii__LOC139352412__XP_070850619.1			
OG0015513			Drosophila_mauritiana__LOC117139318__XP_033157453.1									
OG0015514								Drosophila_subobscura__LOC117900068__XP_034666166.1				
OG0015515								Drosophila_subobscura__LOC117893820__XP_034656462.1				
OG0015516								Drosophila_subobscura__LOC117900668__XP_034667004.1				
OG0015517					Drosophila_pseudoobscura__LOC26532536__XP_015041268.2							
OG0015518											Drosophila_willistoni__LOC111518980__XP_023033238.1	
OG0015519											Drosophila_willistoni__LOC111518487__XP_023031107.1	
OG0015520									Drosophila_suzukii__LOC108017195__XP_016939679.1			
OG0015521		Drosophila_biarmipes__LOC127011833__XP_050745971.1										
OG0015522										Drosophila_virilis__LOC116650861__XP_070066635.1		
OG0015523									Drosophila_suzukii__Atg8a__XP_065724173.2			
OG0015524										Drosophila_virilis__LOC138911060__XP_070064171.1		
OG0015525									Drosophila_suzukii__LOC139353149__XP_070852635.1			
OG0015526								Drosophila_subobscura__LOC117902350__XP_034669552.1				
OG0015527											Drosophila_willistoni__LOC124459789__XP_046865373.1	
OG0015528											Drosophila_willistoni__LOC6649788__XP_023035584.1	
OG0015529										Drosophila_virilis__LOC26531751__XP_070067360.1		
OG0015530		Drosophila_biarmipes__LOC127011789__XP_050745862.1										
OG0015531							Drosophila_simulans__LOC6740325__XP_039153219.1					
OG0015532					Drosophila_pseudoobscura__LOC6896860__XP_002137051.2							
OG0015533							Drosophila_simulans__LOC120285044__XP_039151384.1					
OG0015534											Drosophila_willistoni__LOC26529358__XP_015031933.1	
OG0015535												Drosophila_yakuba__LOC120320456__XP_039226083.1
OG0015536										Drosophila_virilis__LOC26530556__XP_015028827.1		
OG0015537					Drosophila_pseudoobscura__LOC117183938__XP_033235466.1							
OG0015538											Drosophila_willistoni__LOC26530226__XP_046865520.1	
OG0015539	Drosophila_ananassae__LOC6504041__XP_001964057.1											
OG0015540	Drosophila_ananassae__LOC116654695__XP_032306322.1											
OG0015541						Drosophila_sechellia__LOC116801649__XP_032578412.1						
OG0015542					Drosophila_pseudoobscura__LOC117184106__XP_033236192.1							
OG0015543											Drosophila_willistoni__LOC6647551__XP_002070036.1	
OG0015544				Drosophila_melanogaster__CG17107__NP_609435.1								
OG0015545								Drosophila_subobscura__LOC117903095__XP_034670795.1				
OG0015546										Drosophila_virilis__LOC6628080__XP_032293843.1		
OG0015547							Drosophila_simulans__LOC123327333__XP_044779486.1					
OG0015548										Drosophila_virilis__LOC138911103__XP_070064432.1		
OG0015549		Drosophila_biarmipes__LOC127010633__XP_050740889.1										
OG0015550								Drosophila_subobscura__LOC117903418__XP_034671324.1				
OG0015551										Drosophila_virilis__LOC138911324__XP_070065799.1		
OG0015552								Drosophila_subobscura__LOC117896690__XP_034661035.1				
OG0015553	Drosophila_ananassae__LOC6498770__XP_001967241.2											
OG0015554						Drosophila_sechellia__LOC116800608__XP_032572380.1						
OG0015555											Drosophila_willistoni__LOC111519320__XP_023035255.1	
OG0015556					Drosophila_pseudoobscura__LOC26534447__XP_033238617.1							
OG0015557				Drosophila_melanogaster__seq__NP_001027415.1								
OG0015558					Drosophila_pseudoobscura__LOC6900936__XP_002134729.2							
OG0015559											Drosophila_willistoni__LOC6646207__XP_046866295.1	
OG0015560							Drosophila_simulans__LOC120285049__XP_039151483.1					
OG0015561										Drosophila_virilis__LOC138911209__XP_070065086.1		
OG0015562		Drosophila_biarmipes__LOC122818816__XP_050740900.1										
OG0015563	Drosophila_ananassae__LOC26514777__XP_032306529.1											
OG0015564				Drosophila_melanogaster__homer__NP_001260151.1								
OG0015565										Drosophila_virilis__LOC6636588__XP_002060025.1		
OG0015566	Drosophila_ananassae__LOC26515019__XP_014764074.1											
OG0015567								Drosophila_subobscura__LOC117892471__XP_034654617.1				
OG0015568											Drosophila_willistoni__LOC6642030__XP_023031768.1	
OG0015569											Drosophila_willistoni__LOC6641920__XP_002065032.2	
OG0015570		Drosophila_biarmipes__LOC108028483__XP_016955838.1										
OG0015571					Drosophila_pseudoobscura__LOC6902453__XP_033236182.1							
OG0015572								Drosophila_subobscura__LOC117893444__XP_034655954.1				
OG0015573				Drosophila_melanogaster__CG32453__NP_730733.1								
OG0015574	Drosophila_ananassae__LOC6502320__XP_001966231.1											
OG0015575	Drosophila_ananassae__LOC26514470__XP_014764019.1											
OG0015576					Drosophila_pseudoobscura__LOC26533512__XP_033233851.1							
OG0015577		Drosophila_biarmipes__LOC108024937__XP_016950625.1										
OG0015578								Drosophila_subobscura__LOC117900845__XP_034667251.1				
OG0015579	Drosophila_ananassae__LOC6501598__XP_001955559.2											
OG0015580											Drosophila_willistoni__LOC6653004__XP_002075270.3	
OG0015581					Drosophila_pseudoobscura__LOC26532631__XP_015040232.2							
OG0015582											Drosophila_willistoni__LOC111518791__XP_023032280.2	
OG0015583									Drosophila_suzukii__LOC139352305__XP_070850486.1			
OG0015584	Drosophila_ananassae__LOC26515021__XP_014765692.1											
OG0015585										Drosophila_virilis__LOC6637029__XP_002060450.1		
OG0015586								Drosophila_subobscura__LOC117896954__XP_034661392.1				
OG0015587								Drosophila_subobscura__LOC117896397__XP_034660601.1				
OG0015588								Drosophila_subobscura__LOC117903243__XP_034671036.1				
OG0015589		Drosophila_biarmipes__LOC108028009__XP_016955127.1										
OG0015590									Drosophila_suzukii__LOC139352413__XP_070850620.1			
OG0015591	Drosophila_ananassae__LOC116655134__XP_032308309.1											
OG0015592								Drosophila_subobscura__LOC117903709__XP_034671946.1				
OG0015593											Drosophila_willistoni__LOC111519074__XP_023033677.2	
OG0015594											Drosophila_willistoni__LOC6651159__XP_002073573.1	
OG0015595									Drosophila_suzukii__LOC139352954__XP_070851946.1			
OG0015596					Drosophila_pseudoobscura__LOC117184404__XP_033237424.1							
OG0015597	Drosophila_ananassae__LOC116654563__XP_044573209.1											
OG0015598					Drosophila_pseudoobscura__LOC117185650__XP_033241764.1							
OG0015599	Drosophila_ananassae__LOC123257148__XP_044570919.1											
OG0015600										Drosophila_virilis__LOC6630358__XP_002054038.1		
OG0015601											Drosophila_willistoni__LOC124459985__XP_046865898.1	
OG0015602									Drosophila_suzukii__LOC139355184__XP_070855652.1			
OG0015603					Drosophila_pseudoobscura__LOC117185040__XP_033240425.1							
OG0015604										Drosophila_virilis__LOC138910848__XP_070066553.1		
OG0015605					Drosophila_pseudoobscura__LOC26532679__XP_015042110.2							
OG0015606											Drosophila_willistoni__LOC124460525__XP_046867489.1	
OG0015607		Drosophila_biarmipes__LOC127010630__XP_050740879.1										
OG0015608											Drosophila_willistoni__LOC124459852__XP_046865565.1	
OG0015609											Drosophila_willistoni__LOC6648155__XP_002069768.3	
OG0015610											Drosophila_willistoni__LOC124460488__XP_046867333.1	
OG0015611										Drosophila_virilis__LOC138911408__XP_070066387.1		
OG0015612							Drosophila_simulans__LOC27208120__XP_039151693.1					
OG0015613	Drosophila_ananassae__LOC116655181__XP_032308553.1											
OG0015614									Drosophila_suzukii__LOC108021824__XP_016946116.2			
OG0015615											Drosophila_willistoni__LOC111519024__XP_023033385.1	
OG0015616									Drosophila_suzukii__LOC136117279__XP_065723672.2			
OG0015617	Drosophila_ananassae__LOC26515384__XP_014760682.1											
OG0015618										Drosophila_virilis__LOC6625648__XP_002049563.2		
OG0015619	Drosophila_ananassae__LOC123258172__XP_044573984.1											
OG0015620									Drosophila_suzukii__LOC118876900__XP_070855631.1			
OG0015621											Drosophila_willistoni__LOC6642200__XP_002065699.3	
OG0015622	Drosophila_ananassae__LOC116656358__XP_032311701.1											
OG0015623											Drosophila_willistoni__LOC111519051__XP_023033528.1	
OG0015624			Drosophila_mauritiana__LOC117143645__XP_033164315.1									
OG0015625			Drosophila_mauritiana__LOC117135281__XP_033151343.1									
OG0015626									Drosophila_suzukii__LOC139353362__XP_070853408.1			
OG0015627												Drosophila_yakuba__LOC26534991__XP_015047975.1
OG0015628		Drosophila_biarmipes__LOC108021867__XP_043947405.1										
OG0015629							Drosophila_simulans__LOC123327354__XP_044779562.1					
OG0015630					Drosophila_pseudoobscura__LOC117184606__XP_033238887.1							
OG0015631			Drosophila_mauritiana__LOC117136412__XP_033153211.1									
OG0015632										Drosophila_virilis__LOC138911196__XP_070065020.1		
OG0015633									Drosophila_suzukii__LOC139352374__XP_070850579.1			
OG0015634											Drosophila_willistoni__LOC26528839__XP_015032050.2	
OG0015635											Drosophila_willistoni__LOC124459810__XP_046865457.1	
OG0015636									Drosophila_suzukii__LOC136117025__XP_065721591.2			
OG0015637											Drosophila_willistoni__LOC6638579__XP_002062217.1	
OG0015638						Drosophila_sechellia__LOC116801234__XP_032575351.1						
OG0015639	Drosophila_ananassae__LOC6496112__XP_032306064.1											
OG0015640											Drosophila_willistoni__LOC111518486__XP_023031101.1	
OG0015641					Drosophila_pseudoobscura__LOC6902439__XP_002132984.2							
OG0015642								Drosophila_subobscura__LOC117898722__XP_034664231.1				
OG0015643			Drosophila_mauritiana__LOC117141066__XP_033160252.1									
OG0015644								Drosophila_subobscura__LOC117902996__XP_034670608.1				
OG0015645									Drosophila_suzukii__LOC139352479__XP_070850778.1			
OG0015646											Drosophila_willistoni__LOC111518369__XP_023030643.1	
OG0015647					Drosophila_pseudoobscura__LOC26533050__XP_033239351.1							
OG0015648	Drosophila_ananassae__LOC116655916__XP_032310789.1											
OG0015649											Drosophila_willistoni__LOC6637959__XP_002061071.1	
OG0015650												Drosophila_yakuba__LOC6523695__XP_015046723.1
OG0015651									Drosophila_suzukii__LOC139354255__XP_070854586.1			
OG0015652											Drosophila_willistoni__LOC6643460__XP_002066461.1	
OG0015653					Drosophila_pseudoobscura__LOC6903471__XP_015035428.2							
OG0015654										Drosophila_virilis__LOC116652260__XP_070065424.1		
OG0015655			Drosophila_mauritiana__LOC117143035__XP_033163319.1									
OG0015656											Drosophila_willistoni__LOC6641266__XP_023031090.2	
OG0015657								Drosophila_subobscura__LOC117890675__XP_034651547.1				
OG0015658								Drosophila_subobscura__LOC117893584__XP_034656148.1				
OG0015659								Drosophila_subobscura__LOC117895568__XP_034659180.1				
OG0015660								Drosophila_subobscura__LOC117890490__XP_034651270.1				
OG0015661					Drosophila_pseudoobscura__LOC6901436__XP_033238908.1							
OG0015662											Drosophila_willistoni__LOC111518495__XP_023031155.1	
OG0015663												Drosophila_yakuba__LOC26535143__XP_039233096.1
OG0015664	Drosophila_ananassae__LOC123257183__XP_044571100.1											
OG0015665											Drosophila_willistoni__LOC111518368__XP_023030636.2	
OG0015666										Drosophila_virilis__LOC116651583__XP_032294117.2		
OG0015667					Drosophila_pseudoobscura__LOC26534321__XP_015042803.2							
OG0015668										Drosophila_virilis__LOC6630940__XP_032295845.1		
OG0015669										Drosophila_virilis__LOC116652255__XP_032296367.1		
OG0015670											Drosophila_willistoni__LOC111519141__XP_023033984.1	
OG0015671											Drosophila_willistoni__LOC6641612__XP_046866950.1	
OG0015672										Drosophila_virilis__LOC6625748__XP_002049652.2		
OG0015673											Drosophila_willistoni__LOC6648577__XP_002071160.1	
OG0015674									Drosophila_suzukii__LOC108008127__XP_016927406.4			
OG0015675											Drosophila_willistoni__LOC111519062__XP_023033624.2	
OG0015676					Drosophila_pseudoobscura__LOC6900580__XP_033237344.1							
OG0015677										Drosophila_virilis__LOC6625085__XP_002050486.2		
OG0015678	Drosophila_ananassae__LOC26514772__XP_044570230.1											
OG0015679											Drosophila_willistoni__LOC6638458__XP_046865444.1	
OG0015680					Drosophila_pseudoobscura__LOC6903032__XP_033235352.1							
OG0015681					Drosophila_pseudoobscura__LOC117183996__XP_033235706.1							
OG0015682							Drosophila_simulans__LOC123327159__XP_044778695.1					
OG0015683											Drosophila_willistoni__LOC26529969__XP_015033331.1	
OG0015684	Drosophila_ananassae__LOC6503589__XP_001965282.1											
OG0015685					Drosophila_pseudoobscura__LOC117184518__XP_033238496.1							
OG0015686					Drosophila_pseudoobscura__LOC5495517__XP_002136945.3							
OG0015687	Drosophila_ananassae__LOC26514339__XP_032307359.1											
OG0015688		Drosophila_biarmipes__LOC108033793__XP_016963892.1										
OG0015689							Drosophila_simulans__LOC27207676__XP_016033576.1					
OG0015690										Drosophila_virilis__LOC6633425__XP_070064402.1		
OG0015691											Drosophila_willistoni__LOC111519374__XP_023035582.2	
OG0015692											Drosophila_willistoni__LOC6642331__XP_015033860.1	
OG0015693												Drosophila_yakuba__LOC6531236__XP_002092048.1
OG0015694										Drosophila_virilis__LOC116650977__XP_032292249.1		
OG0015695								Drosophila_subobscura__LOC117892681__XP_034654977.1				
OG0015696	Drosophila_ananassae__LOC26515140__XP_014760937.1											
OG0015697	Drosophila_ananassae__LOC6504983__XP_001965690.1											
OG0015698		Drosophila_biarmipes__LOC108028935__XP_016956443.1										
OG0015699			Drosophila_mauritiana__LOC117139653__XP_033158005.1									
OG0015700			Drosophila_mauritiana__LOC117137704__XP_033155167.1									
OG0015701											Drosophila_willistoni__LOC124459995__XP_046865927.1	
OG0015702											Drosophila_willistoni__LOC111518560__XP_023031526.1	
OG0015703											Drosophila_willistoni__LOC6647115__XP_002070474.1	
OG0015704										Drosophila_virilis__LOC116652259__XP_070065985.1		
OG0015705					Drosophila_pseudoobscura__LOC6903576__XP_033236638.1							
OG0015706										Drosophila_virilis__LOC138910888__XP_070062932.1		
OG0015707					Drosophila_pseudoobscura__LOC26534098__XP_015037974.2							
OG0015708										Drosophila_virilis__LOC6630357__XP_002054037.1		
OG0015709										Drosophila_virilis__LOC116651905__XP_032295373.1		
OG0015710					Drosophila_pseudoobscura__LOC117185025__XP_033240365.1							
OG0015711					Drosophila_pseudoobscura__LOC117183949__XP_033235518.1							
OG0015712											Drosophila_willistoni__LOC6646542__XP_002069215.2	
OG0015713											Drosophila_willistoni__LOC6651220__XP_046865328.1	
OG0015714								Drosophila_subobscura__LOC117899472__XP_034665381.1				
OG0015715					Drosophila_pseudoobscura__LOC117184620__XP_033238996.1							
OG0015716				Drosophila_melanogaster__CG43349__NP_001245835.1								
OG0015717			Drosophila_mauritiana__LOC117147772__XP_033170698.1									
OG0015718									Drosophila_suzukii__LOC139352378__XP_070850583.1			
OG0015719		Drosophila_biarmipes__LOC127011503__XP_050744380.1										
OG0015720									Drosophila_suzukii__LOC139352363__XP_070850568.1			
OG0015721								Drosophila_subobscura__LOC117894705__XP_034657779.1				
OG0015722		Drosophila_biarmipes__LOC127012049__XP_050746179.1										
OG0015723				Drosophila_melanogaster__CG34198__NP_001097379.1								
OG0015724				Drosophila_melanogaster__NP_001401036.1__NP_001401036.1								
OG0015725											Drosophila_willistoni__LOC6649906__XP_002072257.2	
OG0015726	Drosophila_ananassae__LOC26513744__XP_014767206.1											
OG0015727											Drosophila_willistoni__LOC6639116__XP_002062273.3	
OG0015728	Drosophila_ananassae__LOC6504876__XP_001966503.1											
OG0015729							Drosophila_simulans__LOC27207506__XP_039149417.1					
OG0015730											Drosophila_willistoni__LOC111518915__XP_046865879.1	
OG0015731	Drosophila_ananassae__LOC123258004__XP_044573860.1											
OG0015732									Drosophila_suzukii__LOC139352471__XP_070850742.1			
OG0015733					Drosophila_pseudoobscura__LOC117183520__XP_033233402.1							
OG0015734								Drosophila_subobscura__LOC117891722__XP_034653205.1				
OG0015735												Drosophila_yakuba__LOC120321622__XP_039230815.1
OG0015736											Drosophila_willistoni__LOC6650849__XP_023035835.1	
OG0015737												Drosophila_yakuba__LOC120321825__XP_039231737.1
OG0015738											Drosophila_willistoni__LOC111518742__XP_023032123.2	
OG0015739											Drosophila_willistoni__LOC6651845__XP_023036695.1	
OG0015740										Drosophila_virilis__LOC6622667__XP_002046449.1		
OG0015741				Drosophila_melanogaster__pre-mod_mdg4_-O__NP_001303534.2								
OG0015742		Drosophila_biarmipes__LOC127011631__XP_050745507.1										
OG0015743					Drosophila_pseudoobscura__LOC6902577__XP_002133105.1							
OG0015744				Drosophila_melanogaster__NP_732620.1__NP_732620.1								
OG0015745											Drosophila_willistoni__LOC6652506__XP_002074935.1	
OG0015746												Drosophila_yakuba__LOC6525148__XP_039226420.1
OG0015747		Drosophila_biarmipes__LOC127010491__XP_050742395.1										
OG0015748										Drosophila_virilis__LOC138911039__XP_070064020.1		
OG0015749								Drosophila_subobscura__LOC117891570__XP_034652987.1				
OG0015750											Drosophila_willistoni__LOC124460695__XP_046868060.1	
OG0015751								Drosophila_subobscura__LOC117893144__XP_034655495.1				
OG0015752		Drosophila_biarmipes__LOC127010811__XP_050741837.1										
OG0015753					Drosophila_pseudoobscura__LOC117183578__XP_033233810.1							
OG0015754				Drosophila_melanogaster__pan__NP_726528.2								
OG0015755									Drosophila_suzukii__LOC139354994__XP_070855364.1			
OG0015756					Drosophila_pseudoobscura__LOC6902943__XP_033236409.1							
OG0015757					Drosophila_pseudoobscura__LOC6903457__XP_002132336.2							
OG0015758									Drosophila_suzukii__LOC139352394__XP_070850600.1			
OG0015759								Drosophila_subobscura__LOC117891923__XP_034653640.1				
OG0015760							Drosophila_simulans__LOC27208766__XP_039149205.1					
OG0015761	Drosophila_ananassae__LOC26514898__XP_044573953.1											
OG0015762						Drosophila_sechellia__LOC116802224__XP_032581912.1						
OG0015763					Drosophila_pseudoobscura__LOC6897168__XP_002137348.2							
OG0015764									Drosophila_suzukii__LOC108008120__XP_070850800.1			
OG0015765	Drosophila_ananassae__LOC116654977__XP_032307790.1											
OG0015766			Drosophila_mauritiana__LOC117140620__XP_033159530.1									
OG0015767									Drosophila_suzukii__LOC139352897__XP_070851663.1			
OG0015768										Drosophila_virilis__LOC138911292__XP_070065496.1		
OG0015769	Drosophila_ananassae__LOC123257405__XP_044572240.1											
OG0015770											Drosophila_willistoni__LOC6639857__XP_015034442.1	
OG0015771		Drosophila_biarmipes__LOC127010637__XP_050740903.1										
OG0015772	Drosophila_ananassae__LOC26514225__XP_014765591.1											
OG0015773									Drosophila_suzukii__LOC139354571__XP_070854928.1			
OG0015774											Drosophila_willistoni__LOC6640379__XP_002063240.1	
OG0015775	Drosophila_ananassae__LOC6494016__XP_014762540.1											
OG0015776											Drosophila_willistoni__LOC6645020__XP_023032988.1	
OG0015777		Drosophila_biarmipes__LOC108029808__XP_016957815.1										
OG0015778					Drosophila_pseudoobscura__LOC26534313__XP_015040258.2							
OG0015779									Drosophila_suzukii__LOC139352415__XP_070850622.1			
OG0015780										Drosophila_virilis__LOC6624897__XP_002049115.1		
OG0015781											Drosophila_willistoni__LOC111518949__XP_023033014.1	
OG0015782					Drosophila_pseudoobscura__LOC6899922__XP_002135290.1							
OG0015783	Drosophila_ananassae__LOC6503112__XP_001963444.2											
OG0015784									Drosophila_suzukii__LOC108021722__XP_065719010.2			
OG0015785	Drosophila_ananassae__LOC6502294__XP_001966184.1											
OG0015786											Drosophila_willistoni__LOC6649264__XP_023035173.1	
OG0015787												Drosophila_yakuba__LOC6535130__XP_015051035.3
OG0015788												Drosophila_yakuba__LOC26535024__XP_015049458.1
OG0015789											Drosophila_willistoni__LOC111518765__XP_023032170.1	
OG0015790					Drosophila_pseudoobscura__LOC117183641__XP_033234133.1							
OG0015791	Drosophila_ananassae__LOC26514152__XP_014765581.1											
OG0015792											Drosophila_willistoni__LOC6641609__XP_023031282.1	
OG0015793							Drosophila_simulans__LOC123327362__XP_044779608.1					
OG0015794												Drosophila_yakuba__LOC6524550__XP_002100407.2
OG0015795							Drosophila_simulans__LOC123327316__XP_044779366.1					
OG0015796												Drosophila_yakuba__LOC26535897__XP_015045712.1
OG0015797								Drosophila_subobscura__LOC117896026__XP_034659925.1				
OG0015798									Drosophila_suzukii__LOC139352236__XP_070850417.1			
OG0015799									Drosophila_suzukii__LOC139354938__XP_070855304.1			
OG0015800												Drosophila_yakuba__LOC26534518__XP_015048897.2
OG0015801		Drosophila_biarmipes__LOC108027012__XP_016953699.2										
OG0015802		Drosophila_biarmipes__LOC127010501__XP_050740690.1										
OG0015803											Drosophila_willistoni__LOC111518541__XP_023031366.1	
OG0015804		Drosophila_biarmipes__LOC108023756__XP_050742112.1										
OG0015805		Drosophila_biarmipes__LOC127012060__XP_050746199.1										
OG0015806									Drosophila_suzukii__LOC139354289__XP_070854610.1			
OG0015807		Drosophila_biarmipes__LOC108025682__XP_016951706.1										
OG0015808								Drosophila_subobscura__LOC117900797__XP_034667170.1				
OG0015809					Drosophila_pseudoobscura__LOC26532740__XP_015043952.2							
OG0015810	Drosophila_ananassae__LOC26514766__XP_014762368.2											
OG0015811						Drosophila_sechellia__LOC116800924__XP_032573472.1						
OG0015812	Drosophila_ananassae__LOC116656558__XP_044573762.1											
OG0015813					Drosophila_pseudoobscura__LOC26533406__XP_015041361.2							
OG0015814											Drosophila_willistoni__LOC6652405__XP_046865814.1	
OG0015815			Drosophila_mauritiana__LOC117137437__XP_033154763.1									
OG0015816					Drosophila_pseudoobscura__LOC26533892__XP_015040197.2							
OG0015817										Drosophila_virilis__Sgs4__XP_032296138.1		
OG0015818					Drosophila_pseudoobscura__LOC117183340__XP_033232828.1							
OG0015819										Drosophila_virilis__LOC6629455__XP_032295332.1		
OG0015820								Drosophila_subobscura__LOC117901826__XP_034668647.1				
OG0015821									Drosophila_suzukii__LOC139352416__XP_070850623.1			
OG0015822						Drosophila_sechellia__LOC116801924__XP_032579796.1						
OG0015823		Drosophila_biarmipes__LOC127010739__XP_050741338.1										
OG0015824		Drosophila_biarmipes__LOC108033544__XP_016963379.1										
OG0015825											Drosophila_willistoni__LOC6646540__XP_002069213.2	
OG0015826											Drosophila_willistoni__LOC111519278__XP_023034809.1	
OG0015827										Drosophila_virilis__LOC138910958__XP_070063533.1		
OG0015828												Drosophila_yakuba__LOC120321783__XP_039231616.1
OG0015829								Drosophila_subobscura__LOC117891938__XP_034653673.1				
OG0015830										Drosophila_virilis__LOC138911568__XP_070067046.1		
OG0015831	Drosophila_ananassae__LOC6492971__XP_001956768.1											
OG0015832	Drosophila_ananassae__LOC123258385__XP_044574198.1											
OG0015833	Drosophila_ananassae__LOC6503921__XP_001963847.1											
OG0015834											Drosophila_willistoni__LOC124460294__XP_046866781.1	
OG0015835	Drosophila_ananassae__LOC6503801__XP_001963719.1											
OG0015836					Drosophila_pseudoobscura__LOC26534069__XP_033235741.1							
OG0015837										Drosophila_virilis__LOC6628735__XP_032293435.1		
OG0015838										Drosophila_virilis__LOC6633626__XP_070066967.1		
OG0015839						Drosophila_sechellia__LOC116802337__XP_032582548.1						
OG0015840										Drosophila_virilis__LOC6632347__XP_002056709.1		
OG0015841											Drosophila_willistoni__LOC124459775__XP_046865344.1	
OG0015842								Drosophila_subobscura__LOC117902922__XP_034670394.1				
OG0015843									Drosophila_suzukii__LOC139354730__XP_070855067.1			
OG0015844					Drosophila_pseudoobscura__LOC6901551__XP_002134226.2							
OG0015845								Drosophila_subobscura__LOC117900628__XP_034666948.1				
OG0015846					Drosophila_pseudoobscura__LOC6899499__XP_002136033.3							
OG0015847												Drosophila_yakuba__LOC120320563__XP_039226451.1
OG0015848												Drosophila_yakuba__LOC26535793__XP_015050335.1
OG0015849									Drosophila_suzukii__LOC139352407__XP_070850614.1			
OG0015850			Drosophila_mauritiana__LOC117137025__XP_033154118.1									
OG0015851											Drosophila_willistoni__LOC6643715__XP_002066443.2	
OG0015852			Drosophila_mauritiana__LOC117137589__XP_033154992.1									
OG0015853								Drosophila_subobscura__LOC117901518__XP_034668180.1				
OG0015854	Drosophila_ananassae__LOC6501812__XP_001966875.2											
OG0015855									Drosophila_suzukii__LOC139353119__XP_070852519.1			
OG0015856											Drosophila_willistoni__LOC26530150__XP_023030818.1	
OG0015857									Drosophila_suzukii__LOC139352169__XP_065720305.2			
OG0015858					Drosophila_pseudoobscura__LOC117183497__XP_033233224.1							
OG0015859										Drosophila_virilis__LOC138911046__XP_070064050.1		
OG0015860											Drosophila_willistoni__LOC6647842__XP_002069551.1	
OG0015861					Drosophila_pseudoobscura__LOC26533359__XP_033241575.1							
OG0015862										Drosophila_virilis__LOC6635317__XP_070065878.1		
OG0015863											Drosophila_willistoni__LOC26528895__XP_023034257.1	
OG0015864					Drosophila_pseudoobscura__LOC26534158__XP_015036064.2							
OG0015865												Drosophila_yakuba__LOC26535152__XP_039229698.1
OG0015866					Drosophila_pseudoobscura__LOC26532124__XP_033238981.1							
OG0015867											Drosophila_willistoni__LOC6642639__XP_046866438.1	
OG0015868					Drosophila_pseudoobscura__LOC117184159__XP_033236491.1							
OG0015869			Drosophila_mauritiana__LOC117138484__XP_033156505.1									
OG0015870											Drosophila_willistoni__LOC6652511__XP_002074940.1	
OG0015871									Drosophila_suzukii__LOC139352560__XP_070851250.1			
OG0015872	Drosophila_ananassae__LOC123258013__XP_044573874.1											
OG0015873								Drosophila_subobscura__LOC117903803__XP_034672129.1				
OG0015874	Drosophila_ananassae__LOC26515192__XP_044573182.1											
OG0015875					Drosophila_pseudoobscura__LOC117185161__XP_033241170.1							
OG0015876											Drosophila_willistoni__LOC26529337__XP_023031597.1	
OG0015877										Drosophila_virilis__LOC116650888__XP_032291738.2		
OG0015878											Drosophila_willistoni__LOC6642107__XP_046866566.1	
OG0015879					Drosophila_pseudoobscura__LOC117183989__XP_033235683.1							
OG0015880								Drosophila_subobscura__LOC117899288__XP_034665132.1				
OG0015881											Drosophila_willistoni__LOC6646775__XP_002069428.4	
OG0015882		Drosophila_biarmipes__LOC127010916__XP_050742688.1										
OG0015883	Drosophila_ananassae__LOC6503475__XP_001964312.1											
OG0015884											Drosophila_willistoni__LOC111518525__XP_023031295.1	
OG0015885				Drosophila_melanogaster__CG15126__NP_652363.1								
OG0015886								Drosophila_subobscura__LOC117901457__XP_034668102.1				
OG0015887			Drosophila_mauritiana__LOC117136975__XP_033154041.1									
OG0015888											Drosophila_willistoni__LOC6639158__XP_002062245.3	
OG0015889		Drosophila_biarmipes__LOC108026472__XP_050743147.1										
OG0015890									Drosophila_suzukii__LOC139352567__XP_070851275.1			
OG0015891										Drosophila_virilis__LOC116650897__XP_032291818.1		
OG0015892											Drosophila_willistoni__LOC111518616__XP_023031723.1	
OG0015893						Drosophila_sechellia__LOC116800390__XP_032570928.1						
OG0015894									Drosophila_suzukii__LOC139354327__XP_070854652.1			
OG0015895										Drosophila_virilis__LOC6626811__XP_002050928.1		
OG0015896	Drosophila_ananassae__LOC26514980__XP_014759400.1											
OG0015897								Drosophila_subobscura__LOC117890965__XP_034651995.1				
OG0015898								Drosophila_subobscura__LOC117901248__XP_034667820.1				
