Orthogroup	Duplications (all)	Duplications (50% support)
OG0000000	339	305
OG0000001	201	184
OG0000002	56	49
OG0000003	94	94
OG0000004	72	61
OG0000005	5	2
OG0000006	129	116
OG0000007	9	7
OG0000008	4	3
OG0000009	132	129
OG0000010	119	119
OG0000011	17	12
OG0000012	56	50
OG0000013	53	52
OG0000014	0	0
OG0000015	82	79
OG0000016	67	55
OG0000017	60	56
OG0000018	26	24
OG0000019	78	78
OG0000020	55	53
OG0000021	63	51
OG0000022	27	25
OG0000023	21	20
OG0000024	28	23
OG0000025	30	23
OG0000026	47	40
OG0000027	47	44
OG0000028	56	52
OG0000029	18	15
OG0000030	48	48
OG0000031	44	41
OG0000032	44	42
OG0000033	26	24
OG0000034	45	33
OG0000035	14	13
OG0000036	19	18
OG0000037	27	27
OG0000038	50	50
OG0000039	21	17
OG0000040	52	52
OG0000041	15	14
OG0000042	16	15
OG0000043	13	13
OG0000044	18	17
OG0000045	15	12
OG0000046	50	48
OG0000047	15	15
OG0000048	50	48
OG0000049	17	17
OG0000050	32	30
OG0000051	31	31
OG0000052	30	27
OG0000053	51	51
OG0000054	12	11
OG0000055	37	36
OG0000056	36	33
OG0000057	9	9
OG0000058	38	38
OG0000059	42	39
OG0000060	20	19
OG0000061	15	14
OG0000062	10	9
OG0000063	20	20
OG0000064	30	26
OG0000065	36	35
OG0000066	27	26
OG0000067	7	6
OG0000068	10	9
OG0000069	13	13
OG0000070	32	32
OG0000071	13	11
OG0000072	41	41
OG0000073	5	3
OG0000074	5	4
OG0000075	14	10
OG0000076	8	8
OG0000077	6	6
OG0000078	9	8
OG0000079	4	4
OG0000080	39	39
OG0000081	25	25
OG0000082	23	21
OG0000083	4	4
OG0000084	11	9
OG0000085	6	6
OG0000086	6	6
OG0000087	6	6
OG0000088	9	9
OG0000089	38	38
OG0000090	9	7
OG0000091	9	9
OG0000092	16	16
OG0000093	19	18
OG0000094	26	26
OG0000095	14	13
OG0000096	14	10
OG0000097	9	9
OG0000098	10	10
OG0000099	5	5
OG0000100	17	13
OG0000101	8	8
OG0000102	29	29
OG0000103	11	8
OG0000104	12	12
OG0000105	29	27
OG0000106	8	7
OG0000107	12	11
OG0000108	16	16
OG0000109	13	13
OG0000110	9	8
OG0000111	4	4
OG0000112	11	9
OG0000113	23	22
OG0000114	16	16
OG0000115	22	21
OG0000116	8	8
OG0000117	6	5
OG0000118	9	9
OG0000119	33	33
OG0000120	12	12
OG0000121	14	14
OG0000122	9	9
OG0000123	4	4
OG0000124	8	8
OG0000125	27	27
OG0000126	8	8
OG0000127	6	6
OG0000128	3	3
OG0000129	3	2
OG0000130	3	3
OG0000131	8	7
OG0000132	9	9
OG0000133	5	5
OG0000134	7	7
OG0000135	8	6
OG0000136	12	10
OG0000137	7	7
OG0000138	10	10
OG0000139	7	5
OG0000140	11	10
OG0000141	7	7
OG0000142	31	31
OG0000143	21	21
OG0000144	5	3
OG0000145	7	7
OG0000146	4	4
OG0000147	8	7
OG0000148	24	24
OG0000149	24	24
OG0000150	9	8
OG0000151	29	29
OG0000152	4	3
OG0000153	15	14
OG0000154	4	4
OG0000155	7	7
OG0000156	11	11
OG0000157	6	6
OG0000158	2	2
OG0000159	6	6
OG0000160	5	5
OG0000161	12	12
OG0000162	9	7
OG0000163	12	10
OG0000164	7	4
OG0000165	14	13
OG0000166	11	10
OG0000167	7	7
OG0000168	5	5
OG0000169	5	4
OG0000170	2	2
OG0000171	2	2
OG0000172	22	22
OG0000173	19	19
OG0000174	22	22
OG0000175	23	23
OG0000176	7	5
OG0000177	2	2
OG0000178	7	7
OG0000179	3	3
OG0000180	16	15
OG0000181	2	2
OG0000182	5	5
OG0000183	4	4
OG0000184	10	10
OG0000185	6	6
OG0000186	5	4
OG0000187	7	7
OG0000188	8	4
OG0000189	7	7
OG0000190	5	4
OG0000191	4	4
OG0000192	16	16
OG0000193	4	4
OG0000194	5	5
OG0000195	4	3
OG0000196	7	7
OG0000197	11	11
OG0000198	7	7
OG0000199	2	2
OG0000200	7	7
OG0000201	17	17
OG0000202	9	9
OG0000203	23	23
OG0000204	16	16
OG0000205	8	8
OG0000206	11	11
OG0000207	2	2
OG0000208	6	6
OG0000209	5	5
OG0000210	16	16
OG0000211	14	14
OG0000212	12	10
OG0000213	2	2
OG0000214	7	7
OG0000215	3	1
OG0000216	7	7
OG0000217	3	3
OG0000218	3	3
OG0000219	3	3
OG0000220	16	16
OG0000221	16	14
OG0000222	6	5
OG0000223	15	15
OG0000224	11	8
OG0000225	3	3
OG0000226	7	7
OG0000227	5	4
OG0000228	4	4
OG0000229	17	14
OG0000230	3	2
OG0000231	14	13
OG0000232	6	2
OG0000233	4	4
OG0000234	4	3
OG0000235	6	6
OG0000236	4	3
OG0000237	5	5
OG0000238	9	6
OG0000239	4	4
OG0000240	3	3
OG0000241	5	0
OG0000242	9	8
OG0000243	22	21
OG0000244	5	5
OG0000245	6	6
OG0000246	4	3
OG0000247	23	23
OG0000248	5	3
OG0000249	13	13
OG0000250	4	4
OG0000251	14	13
OG0000252	7	6
OG0000253	7	7
OG0000254	7	7
OG0000255	6	6
OG0000256	6	6
OG0000257	5	4
OG0000258	5	5
OG0000259	6	6
OG0000260	7	7
OG0000261	13	13
OG0000262	21	21
OG0000263	21	17
OG0000264	14	11
OG0000265	1	0
OG0000266	4	4
OG0000267	3	3
OG0000268	12	11
OG0000269	8	8
OG0000270	4	3
OG0000271	4	2
OG0000272	10	8
OG0000273	3	3
OG0000274	14	14
OG0000275	12	7
OG0000276	2	1
OG0000277	4	3
OG0000278	4	4
OG0000279	5	4
OG0000280	4	4
OG0000281	14	14
OG0000282	3	2
OG0000283	3	1
OG0000284	8	7
OG0000285	21	21
OG0000286	4	4
OG0000287	3	3
OG0000288	2	1
OG0000289	19	17
OG0000290	12	12
OG0000291	2	2
OG0000292	2	2
OG0000293	2	2
OG0000294	11	11
OG0000295	3	3
OG0000296	12	12
OG0000297	17	15
OG0000298	12	12
OG0000299	3	3
OG0000300	8	8
OG0000301	7	6
OG0000302	8	8
OG0000303	4	4
OG0000304	4	3
OG0000305	3	3
OG0000306	6	6
OG0000307	11	11
OG0000308	4	4
OG0000309	2	2
OG0000310	5	5
OG0000311	2	2
OG0000312	2	2
OG0000313	6	6
OG0000314	8	6
OG0000315	9	9
OG0000316	2	2
OG0000317	11	11
OG0000318	15	15
OG0000319	3	3
OG0000320	9	8
OG0000321	3	1
OG0000322	1	1
OG0000323	6	6
OG0000324	2	2
OG0000325	4	4
OG0000326	4	3
OG0000327	6	6
OG0000328	2	1
OG0000329	8	8
OG0000330	1	1
OG0000331	4	3
OG0000332	9	8
OG0000333	2	1
OG0000334	19	19
OG0000335	3	3
OG0000336	7	7
OG0000337	3	3
OG0000338	2	2
OG0000339	2	2
OG0000340	3	1
OG0000341	2	2
OG0000342	1	1
OG0000343	1	1
OG0000344	1	1
OG0000345	1	1
OG0000346	1	1
OG0000347	2	1
OG0000348	5	5
OG0000349	3	2
OG0000350	10	10
OG0000351	1	1
OG0000352	4	4
OG0000353	2	1
OG0000354	6	6
OG0000355	2	2
OG0000356	1	1
OG0000357	1	1
OG0000358	1	1
OG0000359	1	1
OG0000360	1	1
OG0000361	1	1
OG0000362	1	1
OG0000363	2	2
OG0000364	1	1
OG0000365	8	8
OG0000366	11	11
OG0000367	4	3
OG0000368	5	4
OG0000369	8	8
OG0000370	2	2
OG0000371	8	8
OG0000372	3	2
OG0000373	2	2
OG0000374	1	1
OG0000375	4	4
OG0000376	8	8
OG0000377	1	1
OG0000378	6	5
OG0000379	1	1
OG0000380	1	1
OG0000381	1	1
OG0000382	1	1
OG0000383	1	1
OG0000384	2	2
OG0000385	7	7
OG0000386	7	5
OG0000387	3	3
OG0000388	1	1
OG0000389	5	4
OG0000390	7	7
OG0000391	5	4
OG0000392	2	2
OG0000393	4	2
OG0000394	2	2
OG0000395	6	6
OG0000396	3	3
OG0000397	2	2
OG0000398	1	1
OG0000399	2	2
OG0000400	1	1
OG0000401	1	1
OG0000402	2	2
OG0000403	1	1
OG0000404	1	1
OG0000405	1	1
OG0000406	1	1
OG0000407	1	1
OG0000408	1	1
OG0000409	2	2
OG0000410	10	10
OG0000411	1	1
OG0000412	3	3
OG0000413	3	3
OG0000414	10	10
OG0000415	2	1
OG0000416	1	1
OG0000417	3	3
OG0000418	4	4
OG0000419	7	6
OG0000420	5	5
OG0000421	1	1
OG0000422	2	2
OG0000423	1	1
OG0000424	20	20
OG0000425	4	4
OG0000426	19	19
OG0000427	6	5
OG0000428	7	5
OG0000429	3	3
OG0000430	16	16
OG0000431	9	9
OG0000432	3	3
OG0000433	2	1
OG0000434	8	8
OG0000435	4	3
OG0000436	4	4
OG0000437	1	1
OG0000438	1	1
OG0000439	2	2
OG0000440	2	1
OG0000441	5	5
OG0000442	2	2
OG0000443	3	3
OG0000444	1	1
OG0000445	4	1
OG0000446	17	17
OG0000447	8	7
OG0000448	2	1
OG0000449	17	16
OG0000450	12	9
OG0000451	3	3
OG0000452	2	2
OG0000453	2	2
OG0000454	3	3
OG0000455	5	2
OG0000456	2	0
OG0000457	8	8
OG0000458	12	12
OG0000459	1	1
OG0000460	1	1
OG0000461	7	7
OG0000462	1	1
OG0000463	2	2
OG0000464	2	2
OG0000465	6	5
OG0000466	9	9
OG0000467	1	1
OG0000468	1	1
OG0000469	8	7
OG0000470	2	2
OG0000471	1	1
OG0000472	1	1
OG0000473	1	1
OG0000474	2	1
OG0000475	1	1
OG0000476	1	1
OG0000477	6	6
OG0000478	3	3
OG0000479	1	1
OG0000480	1	1
OG0000481	4	4
OG0000482	4	4
OG0000483	2	2
OG0000484	4	4
OG0000485	3	3
OG0000486	9	9
OG0000487	2	2
OG0000488	5	5
OG0000489	4	4
OG0000490	20	20
OG0000491	2	2
OG0000492	4	4
OG0000493	3	2
OG0000494	4	1
OG0000495	7	5
OG0000496	8	8
OG0000497	2	2
OG0000498	2	2
OG0000499	6	5
OG0000500	4	4
OG0000501	2	2
OG0000502	1	1
OG0000503	1	1
OG0000504	1	1
OG0000505	1	1
OG0000506	3	3
OG0000507	5	5
OG0000508	8	8
OG0000509	2	2
OG0000510	4	3
OG0000511	1	1
OG0000512	3	3
OG0000513	2	2
OG0000514	3	3
OG0000515	1	1
OG0000516	1	1
OG0000517	6	6
OG0000518	1	1
OG0000519	3	3
OG0000520	2	2
OG0000521	2	2
OG0000522	2	2
OG0000523	4	4
OG0000524	2	2
OG0000525	6	6
OG0000526	3	3
OG0000527	1	1
OG0000528	5	4
OG0000529	1	1
OG0000530	1	1
OG0000531	8	8
OG0000532	1	1
OG0000533	1	1
OG0000534	2	2
OG0000535	3	3
OG0000536	1	1
OG0000537	8	8
OG0000538	1	1
OG0000539	8	8
OG0000540	7	7
OG0000541	7	7
OG0000542	1	1
OG0000543	1	1
OG0000544	2	2
OG0000545	2	2
OG0000546	10	10
OG0000547	3	2
OG0000548	4	4
OG0000549	3	3
OG0000550	1	1
OG0000551	5	5
OG0000552	3	3
OG0000553	4	2
OG0000554	1	1
OG0000555	1	1
OG0000556	7	7
OG0000557	0	0
OG0000558	6	6
OG0000559	3	2
OG0000560	3	3
OG0000561	7	7
OG0000562	3	3
OG0000563	1	1
OG0000564	1	1
OG0000565	1	1
OG0000566	1	1
OG0000567	1	1
OG0000568	2	2
OG0000569	9	7
OG0000570	4	4
OG0000571	3	3
OG0000572	1	1
OG0000573	10	10
OG0000574	7	7
OG0000575	2	1
OG0000576	11	6
OG0000577	5	1
OG0000578	2	1
OG0000579	3	3
OG0000580	1	1
OG0000581	1	1
OG0000582	6	6
OG0000583	4	2
OG0000584	1	1
OG0000585	6	6
OG0000586	1	1
OG0000587	3	3
OG0000588	1	1
OG0000589	1	1
OG0000590	1	1
OG0000591	3	1
OG0000592	2	1
OG0000593	6	6
OG0000594	1	1
OG0000595	1	1
OG0000596	1	1
OG0000597	1	1
OG0000598	4	4
OG0000599	3	1
OG0000600	1	1
OG0000601	2	2
OG0000602	2	2
OG0000603	1	1
OG0000604	2	0
OG0000605	5	5
OG0000606	1	1
OG0000607	3	3
OG0000608	6	6
OG0000609	7	7
OG0000610	1	1
OG0000611	5	4
OG0000612	4	4
OG0000613	2	2
OG0000614	1	1
OG0000615	6	6
OG0000616	1	1
OG0000617	1	1
OG0000618	4	3
OG0000619	1	1
OG0000620	6	6
OG0000621	1	1
OG0000622	2	1
OG0000623	1	1
OG0000624	1	1
OG0000625	2	2
OG0000626	7	7
OG0000627	12	12
OG0000628	15	15
OG0000629	13	13
OG0000630	14	14
OG0000631	3	2
OG0000632	5	4
OG0000633	12	6
OG0000634	7	6
OG0000635	13	13
OG0000636	6	6
OG0000637	3	2
OG0000638	6	6
OG0000639	1	1
OG0000640	2	2
OG0000641	16	16
OG0000642	3	3
OG0000643	4	3
OG0000644	1	1
OG0000645	13	13
OG0000646	1	1
OG0000647	1	1
OG0000648	5	5
OG0000649	1	1
OG0000650	10	8
OG0000651	1	1
OG0000652	6	6
OG0000653	5	5
OG0000654	6	6
OG0000655	3	2
OG0000656	2	2
OG0000657	4	2
OG0000658	6	6
OG0000659	1	1
OG0000660	2	2
OG0000661	4	4
OG0000662	1	1
OG0000663	5	3
OG0000664	5	5
OG0000665	2	2
OG0000666	4	4
OG0000667	1	1
OG0000668	1	1
OG0000669	3	3
OG0000670	5	5
OG0000671	6	6
OG0000672	6	6
OG0000673	5	4
OG0000674	6	6
OG0000675	1	1
OG0000676	2	1
OG0000677	4	1
OG0000678	5	5
OG0000679	3	3
OG0000680	1	1
OG0000681	6	5
OG0000682	2	2
OG0000683	6	6
OG0000684	1	1
OG0000685	7	6
OG0000686	6	6
OG0000687	2	2
OG0000688	10	6
OG0000689	15	15
OG0000690	15	15
OG0000691	5	5
OG0000692	10	8
OG0000693	13	13
OG0000694	11	11
OG0000695	3	3
OG0000696	3	3
OG0000697	9	9
OG0000698	5	5
OG0000699	5	5
OG0000700	5	5
OG0000701	4	4
OG0000702	4	4
OG0000703	2	1
OG0000704	7	7
OG0000705	3	3
OG0000706	2	1
OG0000707	5	5
OG0000708	5	5
OG0000709	2	2
OG0000710	2	1
OG0000711	14	14
OG0000712	2	2
OG0000713	4	4
OG0000714	5	5
OG0000715	4	3
OG0000716	4	4
OG0000717	3	3
OG0000718	4	4
OG0000719	4	4
OG0000720	1	1
OG0000721	2	2
OG0000722	4	4
OG0000723	4	4
OG0000724	6	6
OG0000725	1	1
OG0000726	4	4
OG0000727	5	5
OG0000728	3	3
OG0000729	2	2
OG0000730	5	5
OG0000731	5	5
OG0000732	1	1
OG0000733	2	1
OG0000734	1	1
OG0000735	5	5
OG0000736	4	4
OG0000737	4	4
OG0000738	5	5
OG0000739	1	1
OG0000740	5	5
OG0000741	5	5
OG0000742	4	4
OG0000743	3	3
OG0000744	4	4
OG0000745	8	8
OG0000746	3	2
OG0000747	6	6
OG0000748	5	5
OG0000749	4	4
OG0000750	1	1
OG0000751	5	5
OG0000752	1	1
OG0000753	5	5
OG0000754	5	5
OG0000755	5	5
OG0000756	6	5
OG0000757	11	11
OG0000758	4	4
OG0000759	3	3
OG0000760	3	3
OG0000761	2	2
OG0000762	2	1
OG0000763	2	1
OG0000764	4	4
OG0000765	1	1
OG0000766	1	1
OG0000767	3	3
OG0000768	2	2
OG0000769	3	3
OG0000770	4	4
OG0000771	5	5
OG0000772	5	5
OG0000773	4	4
OG0000774	3	3
OG0000775	4	4
OG0000776	4	4
OG0000777	3	3
OG0000778	4	4
OG0000779	3	2
OG0000780	3	3
OG0000781	5	5
OG0000782	4	4
OG0000783	10	9
OG0000784	3	2
OG0000785	3	3
OG0000786	5	5
OG0000787	7	7
OG0000788	2	2
OG0000789	11	11
OG0000790	4	4
OG0000791	4	4
OG0000792	2	2
OG0000793	4	4
OG0000794	4	4
OG0000795	4	4
OG0000796	4	4
OG0000797	4	4
OG0000798	2	1
OG0000799	3	3
OG0000800	1	1
OG0000801	2	2
OG0000802	4	4
OG0000803	3	2
OG0000804	5	5
OG0000805	4	4
OG0000806	2	2
OG0000807	4	4
OG0000808	4	4
OG0000809	3	3
OG0000810	1	1
OG0000811	3	3
OG0000812	3	3
OG0000813	4	4
OG0000814	4	3
OG0000815	3	3
OG0000816	4	4
OG0000817	4	4
OG0000818	3	3
OG0000819	2	2
OG0000820	3	1
OG0000821	1	0
OG0000822	3	3
OG0000823	4	4
OG0000824	4	4
OG0000825	3	3
OG0000826	2	1
OG0000827	3	3
OG0000828	3	3
OG0000829	4	4
OG0000830	4	4
OG0000831	4	4
OG0000832	4	4
OG0000833	4	4
OG0000834	4	4
OG0000835	3	3
OG0000836	4	4
OG0000837	4	4
OG0000838	4	4
OG0000839	3	3
OG0000840	2	1
OG0000841	1	1
OG0000842	4	4
OG0000843	3	3
OG0000844	4	4
OG0000845	4	4
OG0000846	3	3
OG0000847	4	4
OG0000848	2	1
OG0000849	3	3
OG0000850	2	2
OG0000851	4	4
OG0000852	1	1
OG0000853	3	3
OG0000854	2	2
OG0000855	1	1
OG0000856	3	3
OG0000857	2	2
OG0000858	3	3
OG0000859	2	1
OG0000860	2	2
OG0000861	3	3
OG0000862	2	1
OG0000863	4	4
OG0000864	5	5
OG0000865	2	2
OG0000866	3	3
OG0000867	3	3
OG0000868	4	4
OG0000869	3	3
OG0000870	8	7
OG0000871	15	15
OG0000872	14	14
OG0000873	6	4
OG0000874	3	3
OG0000875	4	4
OG0000876	3	2
OG0000877	3	3
OG0000878	3	3
OG0000879	3	3
OG0000880	3	3
OG0000881	2	2
OG0000882	2	2
OG0000883	2	2
OG0000884	2	0
OG0000885	5	5
OG0000886	3	3
OG0000887	3	3
OG0000888	2	2
OG0000889	3	3
OG0000890	3	3
OG0000891	3	3
OG0000892	3	2
OG0000893	3	3
OG0000894	2	1
OG0000895	2	2
OG0000896	3	3
OG0000897	3	3
OG0000898	3	3
OG0000899	3	3
OG0000900	11	11
OG0000901	6	2
OG0000902	2	2
OG0000903	3	3
OG0000904	3	3
OG0000905	3	3
OG0000906	3	3
OG0000907	3	3
OG0000908	2	2
OG0000909	2	1
OG0000910	3	2
OG0000911	2	1
OG0000912	2	1
OG0000913	3	3
OG0000914	2	2
OG0000915	5	4
OG0000916	4	4
OG0000917	2	2
OG0000918	3	3
OG0000919	10	9
OG0000920	5	5
OG0000921	3	3
OG0000922	2	1
OG0000923	10	5
OG0000924	3	3
OG0000925	4	4
OG0000926	2	2
OG0000927	13	13
OG0000928	7	6
OG0000929	2	2
OG0000930	3	3
OG0000931	3	3
OG0000932	3	3
OG0000933	2	2
OG0000934	2	1
OG0000935	1	0
OG0000936	3	3
OG0000937	2	2
OG0000938	2	2
OG0000939	3	3
OG0000940	3	3
OG0000941	1	0
OG0000942	5	5
OG0000943	1	0
OG0000944	2	1
OG0000945	3	3
OG0000946	2	2
OG0000947	2	2
OG0000948	1	1
OG0000949	3	3
OG0000950	3	3
OG0000951	3	3
OG0000952	3	3
OG0000953	1	1
OG0000954	3	3
OG0000955	3	3
OG0000956	3	3
OG0000957	3	3
OG0000958	2	2
OG0000959	3	3
OG0000960	3	3
OG0000961	3	3
OG0000962	3	3
OG0000963	3	3
OG0000964	1	0
OG0000965	1	1
OG0000966	3	3
OG0000967	3	3
OG0000968	2	2
OG0000969	3	3
OG0000970	3	3
OG0000971	2	1
OG0000972	3	3
OG0000973	3	3
OG0000974	3	3
OG0000975	3	3
OG0000976	2	2
OG0000977	4	4
OG0000978	2	2
OG0000979	3	3
OG0000980	3	3
OG0000981	2	1
OG0000982	2	2
OG0000983	3	3
OG0000984	3	3
OG0000985	3	3
OG0000986	2	2
OG0000987	3	3
OG0000988	1	0
OG0000989	3	3
OG0000990	2	2
OG0000991	3	3
OG0000992	4	4
OG0000993	2	2
OG0000994	2	2
OG0000995	2	2
OG0000996	2	2
OG0000997	2	2
OG0000998	3	3
OG0000999	1	1
OG0001000	3	3
OG0001001	3	3
OG0001002	4	4
OG0001003	2	2
OG0001004	1	0
OG0001005	2	1
OG0001006	1	0
OG0001007	2	2
OG0001008	3	3
OG0001009	2	2
OG0001010	2	2
OG0001011	1	0
OG0001012	3	3
OG0001013	3	3
OG0001014	3	3
OG0001015	1	0
OG0001016	3	3
OG0001017	2	2
OG0001018	3	3
OG0001019	3	3
OG0001020	2	2
OG0001021	3	3
OG0001022	3	3
OG0001023	2	2
OG0001024	3	3
OG0001025	3	3
OG0001026	4	4
OG0001027	3	3
OG0001028	3	3
OG0001029	3	3
OG0001030	3	3
OG0001031	3	3
OG0001032	2	2
OG0001033	3	3
OG0001034	2	2
OG0001035	3	3
OG0001036	2	1
OG0001037	3	3
OG0001038	3	3
OG0001039	4	4
OG0001040	3	3
OG0001041	1	1
OG0001042	7	7
OG0001043	14	14
OG0001044	2	2
OG0001045	12	12
OG0001046	3	3
OG0001047	1	1
OG0001048	2	2
OG0001049	2	2
OG0001050	2	2
OG0001051	2	2
OG0001052	1	1
OG0001053	2	2
OG0001054	1	1
OG0001055	2	2
OG0001056	2	2
OG0001057	1	1
OG0001058	3	3
OG0001059	2	2
OG0001060	1	1
OG0001061	5	5
OG0001062	2	2
OG0001063	2	2
OG0001064	2	2
OG0001065	2	2
OG0001066	1	0
OG0001067	1	1
OG0001068	2	2
OG0001069	2	2
OG0001070	2	2
OG0001071	2	2
OG0001072	2	1
OG0001073	2	2
OG0001074	2	2
OG0001075	2	2
OG0001076	2	2
OG0001077	2	2
OG0001078	2	2
OG0001079	2	2
OG0001080	2	2
OG0001081	1	1
OG0001082	2	2
OG0001083	1	1
OG0001084	2	1
OG0001085	1	1
OG0001086	3	3
OG0001087	2	2
OG0001088	0	0
OG0001089	2	2
OG0001090	2	2
OG0001091	1	1
OG0001092	2	2
OG0001093	1	0
OG0001094	2	2
OG0001095	3	3
OG0001096	2	2
OG0001097	1	1
OG0001098	1	1
OG0001099	2	2
OG0001100	1	1
OG0001101	2	2
OG0001102	1	1
OG0001103	2	2
OG0001104	2	2
OG0001105	2	2
OG0001106	2	1
OG0001107	5	5
OG0001108	2	2
OG0001109	2	2
OG0001110	2	2
OG0001111	2	2
OG0001112	2	2
OG0001113	5	4
OG0001114	2	2
OG0001115	2	2
OG0001116	2	2
OG0001117	2	2
OG0001118	2	2
OG0001119	2	2
OG0001120	2	0
OG0001121	2	2
OG0001122	4	4
OG0001123	2	2
OG0001124	2	2
OG0001125	2	2
OG0001126	2	2
OG0001127	2	2
OG0001128	2	2
OG0001129	2	2
OG0001130	2	2
OG0001131	2	2
OG0001132	2	2
OG0001133	2	2
OG0001134	1	1
OG0001135	2	2
OG0001136	3	3
OG0001137	2	2
OG0001138	2	2
OG0001139	3	2
OG0001140	1	0
OG0001141	2	2
OG0001142	2	2
OG0001143	2	2
OG0001144	2	2
OG0001145	2	2
OG0001146	2	2
OG0001147	1	1
OG0001148	2	2
OG0001149	2	2
OG0001150	2	2
OG0001151	2	2
OG0001152	2	2
OG0001153	1	0
OG0001154	1	1
OG0001155	2	2
OG0001156	1	1
OG0001157	2	2
OG0001158	1	1
OG0001159	2	2
OG0001160	2	2
OG0001161	2	2
OG0001162	2	2
OG0001163	1	0
OG0001164	2	2
OG0001165	2	2
OG0001166	1	0
OG0001167	2	2
OG0001168	2	2
OG0001169	2	2
OG0001170	2	2
OG0001171	2	2
OG0001172	2	0
OG0001173	2	2
OG0001174	1	1
OG0001175	1	1
OG0001176	2	2
OG0001177	2	2
OG0001178	2	2
OG0001179	1	1
OG0001180	2	2
OG0001181	1	1
OG0001182	2	1
OG0001183	2	2
OG0001184	2	2
OG0001185	2	2
OG0001186	2	2
OG0001187	2	2
OG0001188	2	2
OG0001189	2	2
OG0001190	2	2
OG0001191	2	2
OG0001192	1	1
OG0001193	2	2
OG0001194	2	2
OG0001195	2	2
OG0001196	2	2
OG0001197	2	2
OG0001198	2	2
OG0001199	2	2
OG0001200	1	1
OG0001201	2	2
OG0001202	2	2
OG0001203	2	2
OG0001204	2	2
OG0001205	2	2
OG0001206	2	2
OG0001207	2	2
OG0001208	2	2
OG0001209	4	4
OG0001210	2	2
OG0001211	2	2
OG0001212	1	1
OG0001213	2	2
OG0001214	2	2
OG0001215	2	2
OG0001216	2	2
OG0001217	2	2
OG0001218	1	1
OG0001219	2	2
OG0001220	2	2
OG0001221	2	2
OG0001222	2	2
OG0001223	2	2
OG0001224	1	1
OG0001225	2	2
OG0001226	2	2
OG0001227	2	2
OG0001228	1	1
OG0001229	2	2
OG0001230	2	2
OG0001231	2	2
OG0001232	1	1
OG0001233	2	2
OG0001234	2	2
OG0001235	2	2
OG0001236	2	2
OG0001237	2	2
OG0001238	2	2
OG0001239	2	2
OG0001240	1	1
OG0001241	2	2
OG0001242	2	2
OG0001243	2	2
OG0001244	2	2
OG0001245	2	2
OG0001246	2	2
OG0001247	2	2
OG0001248	2	2
OG0001249	1	1
OG0001250	2	2
OG0001251	2	2
OG0001252	2	2
OG0001253	2	1
OG0001254	2	2
OG0001255	1	1
OG0001256	2	2
OG0001257	2	2
OG0001258	2	1
OG0001259	2	2
OG0001260	2	2
OG0001261	2	2
OG0001262	2	2
OG0001263	3	3
OG0001264	2	2
OG0001265	2	2
OG0001266	2	2
OG0001267	2	2
OG0001268	2	2
OG0001269	2	2
OG0001270	2	2
OG0001271	1	1
OG0001272	1	1
OG0001273	2	2
OG0001274	2	2
OG0001275	1	1
OG0001276	2	2
OG0001277	2	2
OG0001278	2	2
OG0001279	2	2
OG0001280	1	1
OG0001281	1	1
OG0001282	1	1
OG0001283	2	2
OG0001284	2	2
OG0001285	2	2
OG0001286	2	2
OG0001287	1	1
OG0001288	2	2
OG0001289	2	2
OG0001290	2	2
OG0001291	2	2
OG0001292	1	1
OG0001293	3	3
OG0001294	2	2
OG0001295	1	0
OG0001296	2	2
OG0001297	3	3
OG0001298	1	1
OG0001299	2	2
OG0001300	2	2
OG0001301	1	1
OG0001302	1	1
OG0001303	2	2
OG0001304	1	0
OG0001305	1	1
OG0001306	2	2
OG0001307	1	1
OG0001308	1	1
OG0001309	2	2
OG0001310	2	2
OG0001311	2	2
OG0001312	1	1
OG0001313	2	2
OG0001314	2	2
OG0001315	2	2
OG0001316	1	1
OG0001317	1	0
OG0001318	1	1
OG0001319	1	1
OG0001320	2	2
OG0001321	2	2
OG0001322	2	2
OG0001323	1	1
OG0001324	1	1
OG0001325	2	2
OG0001326	2	2
OG0001327	2	2
OG0001328	2	2
OG0001329	1	1
OG0001330	2	2
OG0001331	2	2
OG0001332	1	1
OG0001333	1	1
OG0001334	1	1
OG0001335	2	2
OG0001336	2	2
OG0001337	2	2
OG0001338	2	2
OG0001339	2	2
OG0001340	2	2
OG0001341	2	2
OG0001342	2	2
OG0001343	1	1
OG0001344	1	1
OG0001345	1	1
OG0001346	2	2
OG0001347	2	2
OG0001348	2	2
OG0001349	1	1
OG0001350	2	2
OG0001351	2	2
OG0001352	2	2
OG0001353	2	2
OG0001354	2	2
OG0001355	2	2
OG0001356	2	2
OG0001357	2	2
OG0001358	1	1
OG0001359	2	2
OG0001360	2	2
OG0001361	2	2
OG0001362	2	2
OG0001363	4	4
OG0001364	3	2
OG0001365	4	4
OG0001366	9	9
OG0001367	1	1
OG0001368	13	13
OG0001369	3	3
OG0001370	1	1
OG0001371	1	1
OG0001372	1	1
OG0001373	1	1
OG0001374	1	1
OG0001375	1	1
OG0001376	1	1
OG0001377	1	1
OG0001378	1	1
OG0001379	1	1
OG0001380	1	1
OG0001381	1	1
OG0001382	1	1
OG0001383	1	1
OG0001384	1	1
OG0001385	1	1
OG0001386	1	1
OG0001387	1	1
OG0001388	1	1
OG0001389	2	2
OG0001390	1	0
OG0001391	1	0
OG0001392	1	1
OG0001393	1	1
OG0001394	1	1
OG0001395	1	1
OG0001396	1	1
OG0001397	3	3
OG0001398	1	1
OG0001399	1	1
OG0001400	0	0
OG0001401	1	1
OG0001402	1	1
OG0001403	2	2
OG0001404	1	1
OG0001405	1	1
OG0001406	1	1
OG0001407	1	1
OG0001408	1	1
OG0001409	1	1
OG0001410	1	1
OG0001411	1	1
OG0001412	4	4
OG0001413	1	1
OG0001414	1	1
OG0001415	1	1
OG0001416	5	5
OG0001417	6	6
OG0001418	1	1
OG0001419	1	1
OG0001420	1	1
OG0001421	1	1
OG0001422	1	1
OG0001423	1	1
OG0001424	1	0
OG0001425	1	1
OG0001426	1	1
OG0001427	1	1
OG0001428	1	1
OG0001429	1	1
OG0001430	1	1
OG0001431	1	1
OG0001432	1	1
OG0001433	1	1
OG0001434	1	1
OG0001435	1	1
OG0001436	11	11
OG0001437	1	1
OG0001438	1	1
OG0001439	1	1
OG0001440	1	1
OG0001441	1	1
OG0001442	1	1
OG0001443	1	1
OG0001444	1	1
OG0001445	1	1
OG0001446	1	1
OG0001447	1	1
OG0001448	1	1
OG0001449	1	1
OG0001450	1	1
OG0001451	1	1
OG0001452	1	1
OG0001453	1	1
OG0001454	1	1
OG0001455	1	1
OG0001456	1	0
OG0001457	1	1
OG0001458	1	1
OG0001459	1	1
OG0001460	1	1
OG0001461	1	1
OG0001462	1	1
OG0001463	1	0
OG0001464	1	0
OG0001465	1	1
OG0001466	1	1
OG0001467	1	1
OG0001468	1	1
OG0001469	1	1
OG0001470	1	1
OG0001471	1	1
OG0001472	1	1
OG0001473	1	1
OG0001474	1	1
OG0001475	1	1
OG0001476	1	1
OG0001477	1	1
OG0001478	1	1
OG0001479	1	1
OG0001480	1	1
OG0001481	1	1
OG0001482	1	1
OG0001483	1	1
OG0001484	1	1
OG0001485	1	1
OG0001486	1	1
OG0001487	0	0
OG0001488	1	1
OG0001489	1	1
OG0001490	1	1
OG0001491	1	1
OG0001492	1	1
OG0001493	1	1
OG0001494	1	1
OG0001495	1	1
OG0001496	1	1
OG0001497	1	0
OG0001498	1	1
OG0001499	1	1
OG0001500	1	1
OG0001501	1	1
OG0001502	1	1
OG0001503	1	1
OG0001504	1	1
OG0001505	1	1
OG0001506	1	1
OG0001507	1	1
OG0001508	1	1
OG0001509	1	1
OG0001510	1	1
OG0001511	1	1
OG0001512	1	1
OG0001513	1	1
OG0001514	1	1
OG0001515	1	1
OG0001516	1	1
OG0001517	1	1
OG0001518	1	1
OG0001519	0	0
OG0001520	1	1
OG0001521	2	2
OG0001522	1	1
OG0001523	1	1
OG0001524	2	2
OG0001525	1	0
OG0001526	1	0
OG0001527	1	1
OG0001528	1	1
OG0001529	1	1
OG0001530	1	1
OG0001531	2	2
OG0001532	1	1
OG0001533	1	1
OG0001534	1	1
OG0001535	2	2
OG0001536	0	0
OG0001537	1	1
OG0001538	1	1
OG0001539	1	1
OG0001540	1	1
OG0001541	1	1
OG0001542	5	4
OG0001543	1	1
OG0001544	1	1
OG0001545	12	12
OG0001546	1	1
OG0001547	1	1
OG0001548	1	1
OG0001549	2	2
OG0001550	1	1
OG0001551	1	1
OG0001552	0	0
OG0001553	1	1
OG0001554	1	1
OG0001555	1	1
OG0001556	1	1
OG0001557	1	1
OG0001558	1	1
OG0001559	1	1
OG0001560	1	1
OG0001561	1	1
OG0001562	8	7
OG0001563	1	1
OG0001564	1	1
OG0001565	1	1
OG0001566	1	1
OG0001567	1	1
OG0001568	1	1
OG0001569	1	1
OG0001570	1	1
OG0001571	1	1
OG0001572	1	1
OG0001573	1	1
OG0001574	1	1
OG0001575	1	1
OG0001576	1	1
OG0001577	1	1
OG0001578	1	1
OG0001579	1	1
OG0001580	1	1
OG0001581	1	1
OG0001582	1	1
OG0001583	1	1
OG0001584	1	1
OG0001585	2	1
OG0001586	1	1
OG0001587	1	1
OG0001588	0	0
OG0001589	1	1
OG0001590	1	1
OG0001591	1	1
OG0001592	2	2
OG0001593	1	1
OG0001594	1	1
OG0001595	1	1
OG0001596	1	1
OG0001597	2	2
OG0001598	1	1
OG0001599	1	1
OG0001600	1	1
OG0001601	1	1
OG0001602	1	1
OG0001603	1	1
OG0001604	1	1
OG0001605	1	1
OG0001606	1	1
OG0001607	1	1
OG0001608	1	1
OG0001609	1	1
OG0001610	2	2
OG0001611	1	1
OG0001612	1	1
OG0001613	1	1
OG0001614	1	1
OG0001615	1	1
OG0001616	1	1
OG0001617	1	1
OG0001618	1	1
OG0001619	1	1
OG0001620	1	1
OG0001621	1	1
OG0001622	1	1
OG0001623	1	1
OG0001624	1	1
OG0001625	1	1
OG0001626	1	1
OG0001627	1	1
OG0001628	1	1
OG0001629	1	1
OG0001630	2	2
OG0001631	1	1
OG0001632	1	1
OG0001633	1	1
OG0001634	1	1
OG0001635	1	1
OG0001636	1	1
OG0001637	1	1
OG0001638	1	1
OG0001639	1	1
OG0001640	1	1
OG0001641	1	1
OG0001642	1	1
OG0001643	1	1
OG0001644	1	1
OG0001645	1	1
OG0001646	1	1
OG0001647	1	1
OG0001648	1	1
OG0001649	1	1
OG0001650	1	1
OG0001651	1	1
OG0001652	1	1
OG0001653	1	1
OG0001654	1	1
OG0001655	1	1
OG0001656	1	1
OG0001657	1	1
OG0001658	1	1
OG0001659	1	1
OG0001660	1	0
OG0001661	1	1
OG0001662	1	1
OG0001663	1	1
OG0001664	1	1
OG0001665	1	1
OG0001666	1	1
OG0001667	1	1
OG0001668	1	1
OG0001669	1	1
OG0001670	1	1
OG0001671	1	1
OG0001672	1	1
OG0001673	1	1
OG0001674	1	1
OG0001675	1	1
OG0001676	1	1
OG0001677	1	1
OG0001678	2	2
OG0001679	1	1
OG0001680	1	1
OG0001681	1	1
OG0001682	1	1
OG0001683	1	1
OG0001684	1	1
OG0001685	1	1
OG0001686	1	1
OG0001687	1	1
OG0001688	1	1
OG0001689	1	1
OG0001690	1	1
OG0001691	1	1
OG0001692	1	1
OG0001693	1	1
OG0001694	1	1
OG0001695	1	1
OG0001696	1	1
OG0001697	1	1
OG0001698	1	1
OG0001699	1	1
OG0001700	1	1
OG0001701	1	1
OG0001702	1	1
OG0001703	1	1
OG0001704	1	1
OG0001705	1	1
OG0001706	1	1
OG0001707	1	1
OG0001708	1	1
OG0001709	1	1
OG0001710	1	1
OG0001711	1	1
OG0001712	1	1
OG0001713	1	1
OG0001714	1	1
OG0001715	1	1
OG0001716	1	1
OG0001717	1	1
OG0001718	1	1
OG0001719	1	1
OG0001720	1	1
OG0001721	1	1
OG0001722	1	1
OG0001723	1	1
OG0001724	1	1
OG0001725	1	1
OG0001726	1	1
OG0001727	1	1
OG0001728	1	1
OG0001729	1	1
OG0001730	1	1
OG0001731	1	1
OG0001732	1	1
OG0001733	1	1
OG0001734	1	1
OG0001735	1	1
OG0001736	1	1
OG0001737	1	1
OG0001738	1	1
OG0001739	1	1
OG0001740	1	1
OG0001741	1	1
OG0001742	1	1
OG0001743	1	1
OG0001744	1	1
OG0001745	1	1
OG0001746	2	2
OG0001747	1	1
OG0001748	1	1
OG0001749	1	1
OG0001750	1	1
OG0001751	1	1
OG0001752	1	1
OG0001753	1	1
OG0001754	1	1
OG0001755	1	1
OG0001756	1	1
OG0001757	1	1
OG0001758	1	1
OG0001759	1	1
OG0001760	1	1
OG0001761	1	1
OG0001762	1	1
OG0001763	1	1
OG0001764	1	1
OG0001765	1	1
OG0001766	1	1
OG0001767	1	1
OG0001768	1	1
OG0001769	1	1
OG0001770	1	1
OG0001771	1	1
OG0001772	1	1
OG0001773	1	1
OG0001774	1	1
OG0001775	1	1
OG0001776	1	1
OG0001777	1	1
OG0001778	1	1
OG0001779	1	1
OG0001780	1	1
OG0001781	1	1
OG0001782	1	1
OG0001783	1	1
OG0001784	1	1
OG0001785	1	1
OG0001786	1	1
OG0001787	1	1
OG0001788	1	1
OG0001789	1	0
OG0001790	1	1
OG0001791	1	1
OG0001792	1	1
OG0001793	1	1
OG0001794	1	1
OG0001795	1	1
OG0001796	1	1
OG0001797	1	1
OG0001798	1	1
OG0001799	1	1
OG0001800	1	1
OG0001801	1	1
OG0001802	1	1
OG0001803	1	1
OG0001804	1	1
OG0001805	1	1
OG0001806	1	1
OG0001807	1	1
OG0001808	1	1
OG0001809	1	1
OG0001810	1	1
OG0001811	1	1
OG0001812	1	1
OG0001813	1	1
OG0001814	1	1
OG0001815	1	1
OG0001816	1	1
OG0001817	1	1
OG0001818	1	1
OG0001819	1	1
OG0001820	1	1
OG0001821	1	1
OG0001822	1	1
OG0001823	1	0
OG0001824	1	1
OG0001825	1	1
OG0001826	1	1
OG0001827	1	1
OG0001828	1	1
OG0001829	1	1
OG0001830	1	1
OG0001831	1	1
OG0001832	1	1
OG0001833	1	1
OG0001834	1	1
OG0001835	1	1
OG0001836	1	1
OG0001837	1	1
OG0001838	3	3
OG0001839	1	1
OG0001840	1	1
OG0001841	1	1
OG0001842	1	1
OG0001843	1	1
OG0001844	1	1
OG0001845	1	1
OG0001846	1	1
OG0001847	1	1
OG0001848	1	1
OG0001849	1	1
OG0001850	1	1
OG0001851	1	1
OG0001852	1	1
OG0001853	1	1
OG0001854	1	1
OG0001855	1	1
OG0001856	1	1
OG0001857	1	1
OG0001858	1	1
OG0001859	1	1
OG0001860	2	2
OG0001861	1	1
OG0001862	1	0
OG0001863	1	1
OG0001864	1	1
OG0001865	1	1
OG0001866	1	1
OG0001867	1	1
OG0001868	1	1
OG0001869	1	1
OG0001870	1	1
OG0001871	1	1
OG0001872	1	1
OG0001873	1	1
OG0001874	1	1
OG0001875	1	1
OG0001876	1	1
OG0001877	1	1
OG0001878	1	1
OG0001879	1	1
OG0001880	1	1
OG0001881	1	1
OG0001882	1	1
OG0001883	1	1
OG0001884	1	1
OG0001885	1	1
OG0001886	1	1
OG0001887	1	1
OG0001888	1	1
OG0001889	1	1
OG0001890	1	1
OG0001891	1	1
OG0001892	1	1
OG0001893	1	1
OG0001894	1	1
OG0001895	1	1
OG0001896	1	1
OG0001897	1	1
OG0001898	1	1
OG0001899	1	1
OG0001900	1	1
OG0001901	1	1
OG0001902	1	1
OG0001903	1	1
OG0001904	1	1
OG0001905	1	1
OG0001906	1	1
OG0001907	1	1
OG0001908	1	1
OG0001909	1	1
OG0001910	1	1
OG0001911	1	1
OG0001912	1	1
OG0001913	1	1
OG0001914	1	1
OG0001915	1	1
OG0001916	1	1
OG0001917	1	1
OG0001918	2	2
OG0001919	1	1
OG0001920	1	1
OG0001921	1	1
OG0001922	1	1
OG0001923	1	1
OG0001924	1	1
OG0001925	1	1
OG0001926	1	1
OG0001927	1	1
OG0001928	1	1
OG0001929	1	1
OG0001930	1	1
OG0001931	1	1
OG0001932	1	1
OG0001933	1	1
OG0001934	1	1
OG0001935	1	1
OG0001936	1	1
OG0001937	1	1
OG0001938	1	1
OG0001939	1	1
OG0001940	1	1
OG0001941	1	1
OG0001942	1	1
OG0001943	1	1
OG0001944	1	1
OG0001945	1	1
OG0001946	1	1
OG0001947	1	1
OG0001948	1	1
OG0001949	1	1
OG0001950	2	2
OG0001951	1	1
OG0001952	1	1
OG0001953	1	1
OG0001954	1	1
OG0001955	1	1
OG0001956	1	1
OG0001957	1	1
OG0001958	1	1
OG0001959	1	1
OG0001960	1	1
OG0001961	1	1
OG0001962	1	1
OG0001963	1	1
OG0001964	1	1
OG0001965	1	1
OG0001966	1	1
OG0001967	1	1
OG0001968	1	1
OG0001969	1	1
OG0001970	1	1
OG0001971	1	1
OG0001972	1	1
OG0001973	1	1
OG0001974	1	1
OG0001975	1	1
OG0001976	1	1
OG0001977	1	1
OG0001978	1	1
OG0001979	1	1
OG0001980	1	1
OG0001981	1	1
OG0001982	1	1
OG0001983	1	1
OG0001984	1	1
OG0001985	1	1
OG0001986	1	1
OG0001987	1	1
OG0001988	1	1
OG0001989	1	1
OG0001990	1	1
OG0001991	1	1
OG0001992	1	1
OG0001993	1	1
OG0001994	1	1
OG0001995	1	1
OG0001996	1	1
OG0001997	2	2
OG0001998	1	1
OG0001999	1	1
OG0002000	1	1
OG0002001	1	1
OG0002002	1	1
OG0002003	1	1
OG0002004	1	1
OG0002005	1	1
OG0002006	1	1
OG0002007	1	1
OG0002008	1	1
OG0002009	1	1
OG0002010	1	1
OG0002011	1	1
OG0002012	1	1
OG0002013	2	2
OG0002014	1	1
OG0002015	1	1
OG0002016	1	1
OG0002017	1	1
OG0002018	1	1
OG0002019	1	1
OG0002020	1	1
OG0002021	1	1
OG0002022	1	1
OG0002023	1	1
OG0002024	1	1
OG0002025	1	1
OG0002026	1	1
OG0002027	1	1
OG0002028	1	1
OG0002029	1	1
OG0002030	1	1
OG0002031	1	1
OG0002032	1	1
OG0002033	1	1
OG0002034	1	1
OG0002035	1	1
OG0002036	1	1
OG0002037	1	1
OG0002038	1	1
OG0002039	1	1
OG0002040	1	1
OG0002041	1	1
OG0002042	1	1
OG0002043	1	1
OG0002044	1	1
OG0002045	1	1
OG0002046	1	1
OG0002047	1	1
OG0002048	2	2
OG0002049	1	1
OG0002050	2	2
OG0002051	1	1
OG0002052	1	1
OG0002053	1	1
OG0002054	1	1
OG0002055	1	1
OG0002056	1	1
OG0002057	1	1
OG0002058	1	1
OG0002059	1	1
OG0002060	1	1
OG0002061	1	1
OG0002062	1	1
OG0002063	1	0
OG0002064	1	1
OG0002065	2	2
OG0002066	1	1
OG0002067	1	1
OG0002068	2	2
OG0002069	1	1
OG0002070	1	1
OG0002071	1	1
OG0002072	1	1
OG0002073	1	1
OG0002074	1	1
OG0002075	0	0
OG0002076	1	1
OG0002077	1	1
OG0002078	1	1
OG0002079	1	1
OG0002080	1	1
OG0002081	1	1
OG0002082	1	1
OG0002083	1	1
OG0002084	1	1
OG0002085	1	1
OG0002086	1	1
OG0002087	1	1
OG0002088	1	1
OG0002089	1	1
OG0002090	1	1
OG0002091	1	1
OG0002092	1	1
OG0002093	1	1
OG0002094	1	1
OG0002095	1	1
OG0002096	1	1
OG0002097	1	1
OG0002098	1	1
OG0002099	1	1
OG0002100	1	1
OG0002101	1	1
OG0002102	1	1
OG0002103	1	1
OG0002104	1	1
OG0002105	1	1
OG0002106	1	1
OG0002107	1	1
OG0002108	1	1
OG0002109	1	1
OG0002110	0	0
OG0002111	1	1
OG0002112	1	1
OG0002113	1	1
OG0002114	1	1
OG0002115	1	1
OG0002116	1	1
OG0002117	1	1
OG0002118	1	1
OG0002119	1	1
OG0002120	1	0
OG0002121	1	1
OG0002122	1	1
OG0002123	1	1
OG0002124	1	1
OG0002125	1	1
OG0002126	1	1
OG0002127	1	1
OG0002128	1	1
OG0002129	1	1
OG0002130	1	1
OG0002131	1	1
OG0002132	1	1
OG0002133	1	1
OG0002134	1	1
OG0002135	1	1
OG0002136	1	1
OG0002137	1	1
OG0002138	1	1
OG0002139	1	1
OG0002140	1	1
OG0002141	1	1
OG0002142	1	1
OG0002143	1	1
OG0002144	1	1
OG0002145	1	1
OG0002146	1	1
OG0002147	1	1
OG0002148	1	1
OG0002149	1	1
OG0002150	1	1
OG0002151	1	1
OG0002152	1	1
OG0002153	1	1
OG0002154	1	1
OG0002155	1	1
OG0002156	1	1
OG0002157	1	1
OG0002158	1	1
OG0002159	1	1
OG0002160	0	0
OG0002161	1	1
OG0002162	1	1
OG0002163	1	1
OG0002164	1	1
OG0002165	1	1
OG0002166	1	1
OG0002167	1	1
OG0002168	1	1
OG0002169	1	1
OG0002170	1	1
OG0002171	1	1
OG0002172	1	1
OG0002173	1	1
OG0002174	1	1
OG0002175	1	1
OG0002176	1	1
OG0002177	1	1
OG0002178	3	3
OG0002179	1	1
OG0002180	0	0
OG0002181	1	1
OG0002182	1	1
OG0002183	1	1
OG0002184	1	1
OG0002185	1	1
OG0002186	1	1
OG0002187	1	1
OG0002188	1	1
OG0002189	1	1
OG0002190	1	1
OG0002191	1	1
OG0002192	1	1
OG0002193	2	2
OG0002194	1	1
OG0002195	1	1
OG0002196	1	1
OG0002197	1	1
OG0002198	1	1
OG0002199	1	1
OG0002200	1	1
OG0002201	1	1
OG0002202	1	0
OG0002203	1	0
OG0002204	1	1
OG0002205	1	1
OG0002206	1	1
OG0002207	1	1
OG0002208	1	1
OG0002209	1	1
OG0002210	1	1
OG0002211	1	1
OG0002212	1	1
OG0002213	1	1
OG0002214	1	1
OG0002215	1	1
OG0002216	1	1
OG0002217	1	1
OG0002218	1	1
OG0002219	1	1
OG0002220	1	1
OG0002221	1	1
OG0002222	1	1
OG0002223	1	1
OG0002224	1	1
OG0002225	1	1
OG0002226	1	1
OG0002227	1	1
OG0002228	1	1
OG0002229	1	1
OG0002230	1	1
OG0002231	1	1
OG0002232	1	1
OG0002233	1	1
OG0002234	1	1
OG0002235	1	1
OG0002236	1	1
OG0002237	1	1
OG0002238	1	1
OG0002239	1	1
OG0002240	1	1
OG0002241	1	1
OG0002242	1	1
OG0002243	1	1
OG0002244	1	1
OG0002245	1	1
OG0002246	1	1
OG0002247	1	1
OG0002248	1	1
OG0002249	1	1
OG0002250	1	1
OG0002251	1	1
OG0002252	1	1
OG0002253	1	1
OG0002254	1	1
OG0002255	1	1
OG0002256	1	1
OG0002257	1	1
OG0002258	1	1
OG0002259	1	1
OG0002260	1	1
OG0002261	1	1
OG0002262	1	1
OG0002263	2	2
OG0002264	1	1
OG0002265	1	1
OG0002266	1	1
OG0002267	1	1
OG0002268	1	1
OG0002269	1	0
OG0002270	1	1
OG0002271	1	1
OG0002272	1	1
OG0002273	1	1
OG0002274	1	1
OG0002275	1	1
OG0002276	1	1
OG0002277	1	1
OG0002278	1	1
OG0002279	1	1
OG0002280	1	1
OG0002281	1	1
OG0002282	1	1
OG0002283	1	1
OG0002284	1	1
OG0002285	1	1
OG0002286	1	1
OG0002287	1	1
OG0002288	1	1
OG0002289	1	1
OG0002290	1	1
OG0002291	1	1
OG0002292	1	1
OG0002293	1	1
OG0002294	1	1
OG0002295	1	1
OG0002296	1	1
OG0002297	1	1
OG0002298	1	1
OG0002299	1	1
OG0002300	1	1
OG0002301	1	1
OG0002302	1	1
OG0002303	1	1
OG0002304	1	1
OG0002305	1	1
OG0002306	1	1
OG0002307	1	1
OG0002308	1	1
OG0002309	1	1
OG0002310	1	1
OG0002311	1	1
OG0002312	1	1
OG0002313	1	1
OG0002314	1	1
OG0002315	1	1
OG0002316	1	1
OG0002317	1	1
OG0002318	1	1
OG0002319	1	1
OG0002320	1	1
OG0002321	1	1
OG0002322	1	1
OG0002323	1	1
OG0002324	1	1
OG0002325	1	1
OG0002326	1	1
OG0002327	1	1
OG0002328	1	1
OG0002329	1	1
OG0002330	1	1
OG0002331	1	1
OG0002332	1	1
OG0002333	1	1
OG0002334	1	1
OG0002335	1	1
OG0002336	1	1
OG0002337	1	1
OG0002338	1	1
OG0002339	1	1
OG0002340	1	1
OG0002341	1	1
OG0002342	1	1
OG0002343	1	1
OG0002344	1	1
OG0002345	1	1
OG0002346	1	1
OG0002347	1	1
OG0002348	1	1
OG0002349	1	1
OG0002350	1	1
OG0002351	1	1
OG0002352	1	1
OG0002353	1	1
OG0002354	1	1
OG0002355	1	1
OG0002356	1	1
OG0002357	1	1
OG0002358	1	1
OG0002359	1	1
OG0002360	1	1
OG0002361	1	1
OG0002362	1	1
OG0002363	1	1
OG0002364	1	1
OG0002365	1	1
OG0002366	1	1
OG0002367	1	1
OG0002368	1	1
OG0002369	1	1
OG0002370	1	1
OG0002371	1	1
OG0002372	1	1
OG0002373	1	1
OG0002374	1	1
OG0002375	1	1
OG0002376	1	1
OG0002377	1	1
OG0002378	1	1
OG0002379	1	1
OG0002380	1	1
OG0002381	1	1
OG0002382	1	1
OG0002383	1	1
OG0002384	1	0
OG0002385	1	1
OG0002386	1	1
OG0002387	1	1
OG0002388	1	1
OG0002389	1	1
OG0002390	1	1
OG0002391	1	1
OG0002392	1	1
OG0002393	1	1
OG0002394	1	0
OG0002395	1	1
OG0002396	1	1
OG0002397	1	1
OG0002398	1	1
OG0002399	1	1
OG0002400	0	0
OG0002401	1	1
OG0002402	1	1
OG0002403	1	1
OG0002404	1	1
OG0002405	2	2
OG0002406	1	1
OG0002407	1	1
OG0002408	1	1
OG0002409	5	5
OG0002410	1	1
OG0002411	7	7
OG0002412	2	2
OG0002413	1	1
OG0002414	2	2
OG0002415	2	1
OG0002416	1	1
OG0002417	11	11
OG0002418	2	1
OG0002419	8	8
OG0002420	8	8
OG0002421	10	10
OG0002422	0	0
OG0002423	1	1
OG0002424	0	0
OG0002425	0	0
OG0002426	0	0
OG0002427	0	0
OG0002428	0	0
OG0002429	0	0
OG0002430	0	0
OG0002431	0	0
OG0002432	11	11
OG0002433	0	0
OG0002434	0	0
OG0002435	0	0
OG0002436	0	0
OG0002437	0	0
OG0002438	0	0
OG0002439	0	0
OG0002440	1	1
OG0002441	0	0
OG0002442	0	0
OG0002443	0	0
OG0002444	0	0
OG0002445	0	0
OG0002446	0	0
OG0002447	0	0
OG0002448	0	0
OG0002449	0	0
OG0002450	0	0
OG0002451	0	0
OG0002452	1	1
OG0002453	0	0
OG0002454	2	2
OG0002455	0	0
OG0002456	0	0
OG0002457	0	0
OG0002458	0	0
OG0002459	0	0
OG0002460	0	0
OG0002461	0	0
OG0002462	0	0
OG0002463	0	0
OG0002464	0	0
OG0002465	0	0
OG0002466	0	0
OG0002467	0	0
OG0002468	1	1
OG0002469	0	0
OG0002470	0	0
OG0002471	0	0
OG0002472	0	0
OG0002473	0	0
OG0002474	0	0
OG0002475	0	0
OG0002476	0	0
OG0002477	0	0
OG0002478	0	0
OG0002479	0	0
OG0002480	0	0
OG0002481	0	0
OG0002482	0	0
OG0002483	0	0
OG0002484	0	0
OG0002485	0	0
OG0002486	0	0
OG0002487	0	0
OG0002488	0	0
OG0002489	0	0
OG0002490	0	0
OG0002491	1	1
OG0002492	0	0
OG0002493	0	0
OG0002494	0	0
OG0002495	0	0
OG0002496	0	0
OG0002497	0	0
OG0002498	0	0
OG0002499	0	0
OG0002500	0	0
OG0002501	0	0
OG0002502	0	0
OG0002503	0	0
OG0002504	0	0
OG0002505	2	2
OG0002506	0	0
OG0002507	0	0
OG0002508	0	0
OG0002509	10	10
OG0002510	0	0
OG0002511	0	0
OG0002512	0	0
OG0002513	0	0
OG0002514	0	0
OG0002515	0	0
OG0002516	0	0
OG0002517	0	0
OG0002518	1	1
OG0002519	0	0
OG0002520	0	0
OG0002521	0	0
OG0002522	0	0
OG0002523	0	0
OG0002524	0	0
OG0002525	0	0
OG0002526	0	0
OG0002527	0	0
OG0002528	0	0
OG0002529	0	0
OG0002530	0	0
OG0002531	0	0
OG0002532	0	0
OG0002533	0	0
OG0002534	0	0
OG0002535	0	0
OG0002536	0	0
OG0002537	0	0
OG0002538	0	0
OG0002539	0	0
OG0002540	0	0
OG0002541	0	0
OG0002542	0	0
OG0002543	0	0
OG0002544	0	0
OG0002545	0	0
OG0002546	0	0
OG0002547	0	0
OG0002548	0	0
OG0002549	0	0
OG0002550	0	0
OG0002551	0	0
OG0002552	0	0
OG0002553	0	0
OG0002554	0	0
OG0002555	0	0
OG0002556	0	0
OG0002557	0	0
OG0002558	0	0
OG0002559	0	0
OG0002560	0	0
OG0002561	0	0
OG0002562	0	0
OG0002563	0	0
OG0002564	0	0
OG0002565	0	0
OG0002566	0	0
OG0002567	0	0
OG0002568	0	0
OG0002569	2	2
OG0002570	0	0
OG0002571	0	0
OG0002572	0	0
OG0002573	0	0
OG0002574	0	0
OG0002575	0	0
OG0002576	0	0
OG0002577	0	0
OG0002578	0	0
OG0002579	2	2
OG0002580	0	0
OG0002581	1	1
OG0002582	0	0
OG0002583	0	0
OG0002584	0	0
OG0002585	0	0
OG0002586	0	0
OG0002587	0	0
OG0002588	0	0
OG0002589	0	0
OG0002590	0	0
OG0002591	0	0
OG0002592	0	0
OG0002593	0	0
OG0002594	0	0
OG0002595	0	0
OG0002596	0	0
OG0002597	0	0
OG0002598	0	0
OG0002599	0	0
OG0002600	0	0
OG0002601	0	0
OG0002602	0	0
OG0002603	0	0
OG0002604	0	0
OG0002605	0	0
OG0002606	0	0
OG0002607	0	0
OG0002608	0	0
OG0002609	0	0
OG0002610	0	0
OG0002611	0	0
OG0002612	0	0
OG0002613	0	0
OG0002614	0	0
OG0002615	0	0
OG0002616	0	0
OG0002617	0	0
OG0002618	0	0
OG0002619	0	0
OG0002620	0	0
OG0002621	0	0
OG0002622	0	0
OG0002623	0	0
OG0002624	0	0
OG0002625	0	0
OG0002626	0	0
OG0002627	0	0
OG0002628	0	0
OG0002629	0	0
OG0002630	0	0
OG0002631	0	0
OG0002632	0	0
OG0002633	0	0
OG0002634	1	1
OG0002635	3	3
OG0002636	0	0
OG0002637	0	0
OG0002638	0	0
OG0002639	0	0
OG0002640	0	0
OG0002641	0	0
OG0002642	0	0
OG0002643	0	0
OG0002644	0	0
OG0002645	0	0
OG0002646	0	0
OG0002647	0	0
OG0002648	0	0
OG0002649	0	0
OG0002650	0	0
OG0002651	0	0
OG0002652	0	0
OG0002653	0	0
OG0002654	0	0
OG0002655	0	0
OG0002656	0	0
OG0002657	0	0
OG0002658	0	0
OG0002659	0	0
OG0002660	0	0
OG0002661	0	0
OG0002662	0	0
OG0002663	0	0
OG0002664	0	0
OG0002665	0	0
OG0002666	0	0
OG0002667	0	0
OG0002668	0	0
OG0002669	0	0
OG0002670	0	0
OG0002671	0	0
OG0002672	0	0
OG0002673	0	0
OG0002674	0	0
OG0002675	0	0
OG0002676	0	0
OG0002677	0	0
OG0002678	0	0
OG0002679	0	0
OG0002680	0	0
OG0002681	0	0
OG0002682	0	0
OG0002683	0	0
OG0002684	0	0
OG0002685	0	0
OG0002686	0	0
OG0002687	0	0
OG0002688	0	0
OG0002689	0	0
OG0002690	0	0
OG0002691	0	0
OG0002692	0	0
OG0002693	0	0
OG0002694	0	0
OG0002695	0	0
OG0002696	0	0
OG0002697	0	0
OG0002698	0	0
OG0002699	0	0
OG0002700	0	0
OG0002701	0	0
OG0002702	0	0
OG0002703	0	0
OG0002704	1	0
OG0002705	1	0
OG0002706	0	0
OG0002707	0	0
OG0002708	0	0
OG0002709	0	0
OG0002710	0	0
OG0002711	0	0
OG0002712	0	0
OG0002713	1	1
OG0002714	1	1
OG0002715	0	0
OG0002716	0	0
OG0002717	0	0
OG0002718	0	0
OG0002719	0	0
OG0002720	0	0
OG0002721	0	0
OG0002722	0	0
OG0002723	0	0
OG0002724	0	0
OG0002725	0	0
OG0002726	0	0
OG0002727	0	0
OG0002728	0	0
OG0002729	0	0
OG0002730	0	0
OG0002731	2	2
OG0002732	0	0
OG0002733	0	0
OG0002734	0	0
OG0002735	0	0
OG0002736	0	0
OG0002737	0	0
OG0002738	0	0
OG0002739	0	0
OG0002740	0	0
OG0002741	0	0
OG0002742	0	0
OG0002743	0	0
OG0002744	0	0
OG0002745	0	0
OG0002746	0	0
OG0002747	0	0
OG0002748	0	0
OG0002749	0	0
OG0002750	0	0
OG0002751	1	1
OG0002752	0	0
OG0002753	0	0
OG0002754	0	0
OG0002755	0	0
OG0002756	0	0
OG0002757	0	0
OG0002758	0	0
OG0002759	0	0
OG0002760	0	0
OG0002761	0	0
OG0002762	0	0
OG0002763	0	0
OG0002764	0	0
OG0002765	0	0
OG0002766	0	0
OG0002767	0	0
OG0002768	0	0
OG0002769	0	0
OG0002770	0	0
OG0002771	0	0
OG0002772	0	0
OG0002773	0	0
OG0002774	0	0
OG0002775	0	0
OG0002776	0	0
OG0002777	0	0
OG0002778	0	0
OG0002779	0	0
OG0002780	0	0
OG0002781	0	0
OG0002782	0	0
OG0002783	1	1
OG0002784	0	0
OG0002785	0	0
OG0002786	0	0
OG0002787	0	0
OG0002788	0	0
OG0002789	0	0
OG0002790	0	0
OG0002791	0	0
OG0002792	0	0
OG0002793	0	0
OG0002794	0	0
OG0002795	0	0
OG0002796	0	0
OG0002797	0	0
OG0002798	0	0
OG0002799	0	0
OG0002800	0	0
OG0002801	0	0
OG0002802	0	0
OG0002803	0	0
OG0002804	0	0
OG0002805	0	0
OG0002806	0	0
OG0002807	0	0
OG0002808	0	0
OG0002809	0	0
OG0002810	0	0
OG0002811	0	0
OG0002812	0	0
OG0002813	1	1
OG0002814	0	0
OG0002815	0	0
OG0002816	0	0
OG0002817	0	0
OG0002818	0	0
OG0002819	0	0
OG0002820	0	0
OG0002821	0	0
OG0002822	0	0
OG0002823	0	0
OG0002824	0	0
OG0002825	0	0
OG0002826	0	0
OG0002827	0	0
OG0002828	0	0
OG0002829	0	0
OG0002830	0	0
OG0002831	0	0
OG0002832	0	0
OG0002833	0	0
OG0002834	0	0
OG0002835	0	0
OG0002836	0	0
OG0002837	0	0
OG0002838	0	0
OG0002839	0	0
OG0002840	0	0
OG0002841	0	0
OG0002842	0	0
OG0002843	0	0
OG0002844	0	0
OG0002845	0	0
OG0002846	0	0
OG0002847	0	0
OG0002848	0	0
OG0002849	0	0
OG0002850	0	0
OG0002851	0	0
OG0002852	0	0
OG0002853	0	0
OG0002854	0	0
OG0002855	0	0
OG0002856	0	0
OG0002857	0	0
OG0002858	0	0
OG0002859	0	0
OG0002860	0	0
OG0002861	0	0
OG0002862	0	0
OG0002863	0	0
OG0002864	0	0
OG0002865	0	0
OG0002866	0	0
OG0002867	0	0
OG0002868	0	0
OG0002869	0	0
OG0002870	0	0
OG0002871	0	0
OG0002872	0	0
OG0002873	0	0
OG0002874	0	0
OG0002875	0	0
OG0002876	0	0
OG0002877	0	0
OG0002878	0	0
OG0002879	0	0
OG0002880	0	0
OG0002881	1	1
OG0002882	0	0
OG0002883	0	0
OG0002884	0	0
OG0002885	0	0
OG0002886	0	0
OG0002887	0	0
OG0002888	0	0
OG0002889	1	1
OG0002890	0	0
OG0002891	0	0
OG0002892	0	0
OG0002893	0	0
OG0002894	0	0
OG0002895	0	0
OG0002896	0	0
OG0002897	0	0
OG0002898	0	0
OG0002899	0	0
OG0002900	2	1
OG0002901	0	0
OG0002902	0	0
OG0002903	0	0
OG0002904	0	0
OG0002905	0	0
OG0002906	0	0
OG0002907	0	0
OG0002908	0	0
OG0002909	0	0
OG0002910	0	0
OG0002911	0	0
OG0002912	0	0
OG0002913	0	0
OG0002914	0	0
OG0002915	0	0
OG0002916	0	0
OG0002917	0	0
OG0002918	0	0
OG0002919	0	0
OG0002920	0	0
OG0002921	0	0
OG0002922	0	0
OG0002923	0	0
OG0002924	0	0
OG0002925	0	0
OG0002926	0	0
OG0002927	0	0
OG0002928	0	0
OG0002929	0	0
OG0002930	0	0
OG0002931	0	0
OG0002932	0	0
OG0002933	0	0
OG0002934	0	0
OG0002935	0	0
OG0002936	0	0
OG0002937	0	0
OG0002938	0	0
OG0002939	0	0
OG0002940	0	0
OG0002941	0	0
OG0002942	0	0
OG0002943	0	0
OG0002944	0	0
OG0002945	0	0
OG0002946	0	0
OG0002947	0	0
OG0002948	0	0
OG0002949	0	0
OG0002950	0	0
OG0002951	0	0
OG0002952	0	0
OG0002953	0	0
OG0002954	0	0
OG0002955	0	0
OG0002956	0	0
OG0002957	0	0
OG0002958	0	0
OG0002959	0	0
OG0002960	0	0
OG0002961	0	0
OG0002962	0	0
OG0002963	0	0
OG0002964	0	0
OG0002965	0	0
OG0002966	0	0
OG0002967	0	0
OG0002968	0	0
OG0002969	0	0
OG0002970	0	0
OG0002971	0	0
OG0002972	0	0
OG0002973	0	0
OG0002974	0	0
OG0002975	0	0
OG0002976	0	0
OG0002977	0	0
OG0002978	0	0
OG0002979	0	0
OG0002980	0	0
OG0002981	0	0
OG0002982	0	0
OG0002983	0	0
OG0002984	0	0
OG0002985	0	0
OG0002986	0	0
OG0002987	0	0
OG0002988	0	0
OG0002989	0	0
OG0002990	0	0
OG0002991	0	0
OG0002992	0	0
OG0002993	0	0
OG0002994	0	0
OG0002995	0	0
OG0002996	0	0
OG0002997	0	0
OG0002998	0	0
OG0002999	0	0
OG0003000	0	0
OG0003001	0	0
OG0003002	0	0
OG0003003	0	0
OG0003004	0	0
OG0003005	0	0
OG0003006	0	0
OG0003007	0	0
OG0003008	0	0
OG0003009	0	0
OG0003010	0	0
OG0003011	0	0
OG0003012	0	0
OG0003013	0	0
OG0003014	0	0
OG0003015	0	0
OG0003016	0	0
OG0003017	0	0
OG0003018	0	0
OG0003019	0	0
OG0003020	0	0
OG0003021	0	0
OG0003022	0	0
OG0003023	0	0
OG0003024	0	0
OG0003025	2	2
OG0003026	0	0
OG0003027	0	0
OG0003028	0	0
OG0003029	0	0
OG0003030	0	0
OG0003031	0	0
OG0003032	0	0
OG0003033	0	0
OG0003034	0	0
OG0003035	0	0
OG0003036	0	0
OG0003037	0	0
OG0003038	0	0
OG0003039	0	0
OG0003040	0	0
OG0003041	0	0
OG0003042	0	0
OG0003043	0	0
OG0003044	0	0
OG0003045	0	0
OG0003046	0	0
OG0003047	0	0
OG0003048	1	1
OG0003049	0	0
OG0003050	0	0
OG0003051	0	0
OG0003052	0	0
OG0003053	0	0
OG0003054	0	0
OG0003055	0	0
OG0003056	0	0
OG0003057	0	0
OG0003058	0	0
OG0003059	0	0
OG0003060	0	0
OG0003061	0	0
OG0003062	0	0
OG0003063	0	0
OG0003064	0	0
OG0003065	0	0
OG0003066	0	0
OG0003067	0	0
OG0003068	0	0
OG0003069	0	0
OG0003070	0	0
OG0003071	0	0
OG0003072	0	0
OG0003073	0	0
OG0003074	0	0
OG0003075	0	0
OG0003076	0	0
OG0003077	0	0
OG0003078	1	1
OG0003079	0	0
OG0003080	0	0
OG0003081	0	0
OG0003082	0	0
OG0003083	0	0
OG0003084	0	0
OG0003085	0	0
OG0003086	0	0
OG0003087	0	0
OG0003088	0	0
OG0003089	0	0
OG0003090	0	0
OG0003091	0	0
OG0003092	0	0
OG0003093	0	0
OG0003094	0	0
OG0003095	0	0
OG0003096	0	0
OG0003097	0	0
OG0003098	0	0
OG0003099	0	0
OG0003100	0	0
OG0003101	0	0
OG0003102	0	0
OG0003103	0	0
OG0003104	0	0
OG0003105	0	0
OG0003106	0	0
OG0003107	0	0
OG0003108	0	0
OG0003109	0	0
OG0003110	1	1
OG0003111	0	0
OG0003112	0	0
OG0003113	2	2
OG0003114	0	0
OG0003115	0	0
OG0003116	0	0
OG0003117	0	0
OG0003118	0	0
OG0003119	0	0
OG0003120	0	0
OG0003121	0	0
OG0003122	0	0
OG0003123	0	0
OG0003124	0	0
OG0003125	0	0
OG0003126	0	0
OG0003127	0	0
OG0003128	1	0
OG0003129	0	0
OG0003130	0	0
OG0003131	0	0
OG0003132	0	0
OG0003133	0	0
OG0003134	0	0
OG0003135	0	0
OG0003136	0	0
OG0003137	0	0
OG0003138	0	0
OG0003139	0	0
OG0003140	0	0
OG0003141	0	0
OG0003142	0	0
OG0003143	0	0
OG0003144	0	0
OG0003145	0	0
OG0003146	0	0
OG0003147	0	0
OG0003148	0	0
OG0003149	0	0
OG0003150	0	0
OG0003151	0	0
OG0003152	0	0
OG0003153	0	0
OG0003154	0	0
OG0003155	0	0
OG0003156	0	0
OG0003157	0	0
OG0003158	0	0
OG0003159	0	0
OG0003160	0	0
OG0003161	0	0
OG0003162	0	0
OG0003163	0	0
OG0003164	0	0
OG0003165	0	0
OG0003166	1	1
OG0003167	0	0
OG0003168	0	0
OG0003169	0	0
OG0003170	10	10
OG0003171	0	0
OG0003172	0	0
OG0003173	0	0
OG0003174	0	0
OG0003175	8	7
OG0003176	0	0
OG0003177	0	0
OG0003178	0	0
OG0003179	0	0
OG0003180	0	0
OG0003181	0	0
OG0003182	0	0
OG0003183	0	0
OG0003184	0	0
OG0003185	0	0
OG0003186	1	1
OG0003187	0	0
OG0003188	0	0
OG0003189	0	0
OG0003190	0	0
OG0003191	0	0
OG0003192	0	0
OG0003193	0	0
OG0003194	0	0
OG0003195	0	0
OG0003196	0	0
OG0003197	2	2
OG0003198	0	0
OG0003199	0	0
OG0003200	0	0
OG0003201	0	0
OG0003202	0	0
OG0003203	0	0
OG0003204	0	0
OG0003205	0	0
OG0003206	0	0
OG0003207	0	0
OG0003208	0	0
OG0003209	0	0
OG0003210	1	1
OG0003211	0	0
OG0003212	0	0
OG0003213	0	0
OG0003214	0	0
OG0003215	0	0
OG0003216	0	0
OG0003217	0	0
OG0003218	0	0
OG0003219	0	0
OG0003220	0	0
OG0003221	0	0
OG0003222	0	0
OG0003223	0	0
OG0003224	0	0
OG0003225	0	0
OG0003226	0	0
OG0003227	0	0
OG0003228	0	0
OG0003229	0	0
OG0003230	0	0
OG0003231	0	0
OG0003232	0	0
OG0003233	0	0
OG0003234	0	0
OG0003235	0	0
OG0003236	0	0
OG0003237	0	0
OG0003238	0	0
OG0003239	0	0
OG0003240	0	0
OG0003241	0	0
OG0003242	0	0
OG0003243	0	0
OG0003244	1	1
OG0003245	0	0
OG0003246	0	0
OG0003247	0	0
OG0003248	0	0
OG0003249	0	0
OG0003250	0	0
OG0003251	0	0
OG0003252	0	0
OG0003253	0	0
OG0003254	0	0
OG0003255	2	2
OG0003256	0	0
OG0003257	0	0
OG0003258	0	0
OG0003259	0	0
OG0003260	0	0
OG0003261	0	0
OG0003262	0	0
OG0003263	0	0
OG0003264	0	0
OG0003265	0	0
OG0003266	0	0
OG0003267	0	0
OG0003268	0	0
OG0003269	0	0
OG0003270	0	0
OG0003271	0	0
OG0003272	0	0
OG0003273	0	0
OG0003274	0	0
OG0003275	0	0
OG0003276	0	0
OG0003277	0	0
OG0003278	0	0
OG0003279	0	0
OG0003280	0	0
OG0003281	0	0
OG0003282	0	0
OG0003283	0	0
OG0003284	0	0
OG0003285	0	0
OG0003286	0	0
OG0003287	0	0
OG0003288	0	0
OG0003289	0	0
OG0003290	0	0
OG0003291	0	0
OG0003292	0	0
OG0003293	0	0
OG0003294	0	0
OG0003295	0	0
OG0003296	0	0
OG0003297	0	0
OG0003298	0	0
OG0003299	0	0
OG0003300	1	1
OG0003301	0	0
OG0003302	0	0
OG0003303	1	1
OG0003304	0	0
OG0003305	0	0
OG0003306	0	0
OG0003307	0	0
OG0003308	0	0
OG0003309	0	0
OG0003310	0	0
OG0003311	1	1
OG0003312	0	0
OG0003313	0	0
OG0003314	0	0
OG0003315	0	0
OG0003316	0	0
OG0003317	0	0
OG0003318	0	0
OG0003319	0	0
OG0003320	0	0
OG0003321	0	0
OG0003322	0	0
OG0003323	0	0
OG0003324	0	0
OG0003325	0	0
OG0003326	0	0
OG0003327	0	0
OG0003328	0	0
OG0003329	1	1
OG0003330	0	0
OG0003331	0	0
OG0003332	0	0
OG0003333	0	0
OG0003334	0	0
OG0003335	0	0
OG0003336	0	0
OG0003337	0	0
OG0003338	0	0
OG0003339	1	1
OG0003340	0	0
OG0003341	0	0
OG0003342	0	0
OG0003343	1	1
OG0003344	0	0
OG0003345	0	0
OG0003346	0	0
OG0003347	0	0
OG0003348	0	0
OG0003349	0	0
OG0003350	0	0
OG0003351	0	0
OG0003352	0	0
OG0003353	0	0
OG0003354	0	0
OG0003355	0	0
OG0003356	0	0
OG0003357	0	0
OG0003358	0	0
OG0003359	0	0
OG0003360	0	0
OG0003361	0	0
OG0003362	0	0
OG0003363	0	0
OG0003364	0	0
OG0003365	0	0
OG0003366	0	0
OG0003367	0	0
OG0003368	0	0
OG0003369	0	0
OG0003370	0	0
OG0003371	0	0
OG0003372	0	0
OG0003373	0	0
OG0003374	0	0
OG0003375	0	0
OG0003376	0	0
OG0003377	0	0
OG0003378	0	0
OG0003379	0	0
OG0003380	0	0
OG0003381	0	0
OG0003382	0	0
OG0003383	0	0
OG0003384	0	0
OG0003385	0	0
OG0003386	0	0
OG0003387	0	0
OG0003388	0	0
OG0003389	0	0
OG0003390	0	0
OG0003391	0	0
OG0003392	0	0
OG0003393	0	0
OG0003394	0	0
OG0003395	0	0
OG0003396	0	0
OG0003397	0	0
OG0003398	0	0
OG0003399	0	0
OG0003400	0	0
OG0003401	0	0
OG0003402	0	0
OG0003403	0	0
OG0003404	0	0
OG0003405	0	0
OG0003406	0	0
OG0003407	0	0
OG0003408	0	0
OG0003409	0	0
OG0003410	0	0
OG0003411	0	0
OG0003412	0	0
OG0003413	0	0
OG0003414	0	0
OG0003415	0	0
OG0003416	0	0
OG0003417	0	0
OG0003418	0	0
OG0003419	0	0
OG0003420	0	0
OG0003421	0	0
OG0003422	0	0
OG0003423	0	0
OG0003424	0	0
OG0003425	0	0
OG0003426	0	0
OG0003427	0	0
OG0003428	0	0
OG0003429	0	0
OG0003430	0	0
OG0003431	0	0
OG0003432	0	0
OG0003433	0	0
OG0003434	0	0
OG0003435	0	0
OG0003436	0	0
OG0003437	0	0
OG0003438	0	0
OG0003439	0	0
OG0003440	0	0
OG0003441	0	0
OG0003442	0	0
OG0003443	0	0
OG0003444	0	0
OG0003445	0	0
OG0003446	0	0
OG0003447	0	0
OG0003448	0	0
OG0003449	0	0
OG0003450	0	0
OG0003451	0	0
OG0003452	0	0
OG0003453	0	0
OG0003454	0	0
OG0003455	0	0
OG0003456	0	0
OG0003457	0	0
OG0003458	0	0
OG0003459	0	0
OG0003460	0	0
OG0003461	0	0
OG0003462	0	0
OG0003463	0	0
OG0003464	0	0
OG0003465	0	0
OG0003466	0	0
OG0003467	0	0
OG0003468	0	0
OG0003469	0	0
OG0003470	0	0
OG0003471	0	0
OG0003472	0	0
OG0003473	0	0
OG0003474	0	0
OG0003475	0	0
OG0003476	0	0
OG0003477	0	0
OG0003478	0	0
OG0003479	0	0
OG0003480	0	0
OG0003481	0	0
OG0003482	0	0
OG0003483	0	0
OG0003484	0	0
OG0003485	0	0
OG0003486	0	0
OG0003487	0	0
OG0003488	0	0
OG0003489	0	0
OG0003490	0	0
OG0003491	0	0
OG0003492	0	0
OG0003493	0	0
OG0003494	0	0
OG0003495	0	0
OG0003496	0	0
OG0003497	0	0
OG0003498	0	0
OG0003499	0	0
OG0003500	0	0
OG0003501	0	0
OG0003502	0	0
OG0003503	0	0
OG0003504	0	0
OG0003505	0	0
OG0003506	0	0
OG0003507	0	0
OG0003508	0	0
OG0003509	0	0
OG0003510	0	0
OG0003511	0	0
OG0003512	0	0
OG0003513	0	0
OG0003514	0	0
OG0003515	0	0
OG0003516	0	0
OG0003517	0	0
OG0003518	0	0
OG0003519	0	0
OG0003520	0	0
OG0003521	0	0
OG0003522	0	0
OG0003523	0	0
OG0003524	0	0
OG0003525	0	0
OG0003526	0	0
OG0003527	0	0
OG0003528	0	0
OG0003529	0	0
OG0003530	0	0
OG0003531	0	0
OG0003532	0	0
OG0003533	0	0
OG0003534	0	0
OG0003535	0	0
OG0003536	0	0
OG0003537	0	0
OG0003538	0	0
OG0003539	0	0
OG0003540	0	0
OG0003541	0	0
OG0003542	0	0
OG0003543	0	0
OG0003544	0	0
OG0003545	0	0
OG0003546	0	0
OG0003547	0	0
OG0003548	0	0
OG0003549	0	0
OG0003550	0	0
OG0003551	0	0
OG0003552	0	0
OG0003553	0	0
OG0003554	0	0
OG0003555	0	0
OG0003556	0	0
OG0003557	0	0
OG0003558	0	0
OG0003559	0	0
OG0003560	0	0
OG0003561	0	0
OG0003562	0	0
OG0003563	0	0
OG0003564	0	0
OG0003565	0	0
OG0003566	0	0
OG0003567	0	0
OG0003568	0	0
OG0003569	0	0
OG0003570	0	0
OG0003571	0	0
OG0003572	0	0
OG0003573	0	0
OG0003574	0	0
OG0003575	0	0
OG0003576	0	0
OG0003577	0	0
OG0003578	0	0
OG0003579	0	0
OG0003580	0	0
OG0003581	0	0
OG0003582	0	0
OG0003583	0	0
OG0003584	0	0
OG0003585	0	0
OG0003586	0	0
OG0003587	1	1
OG0003588	0	0
OG0003589	0	0
OG0003590	0	0
OG0003591	0	0
OG0003592	0	0
OG0003593	0	0
OG0003594	0	0
OG0003595	0	0
OG0003596	0	0
OG0003597	0	0
OG0003598	0	0
OG0003599	0	0
OG0003600	0	0
OG0003601	0	0
OG0003602	0	0
OG0003603	0	0
OG0003604	0	0
OG0003605	0	0
OG0003606	0	0
OG0003607	0	0
OG0003608	0	0
OG0003609	0	0
OG0003610	0	0
OG0003611	0	0
OG0003612	0	0
OG0003613	0	0
OG0003614	0	0
OG0003615	0	0
OG0003616	0	0
OG0003617	0	0
OG0003618	0	0
OG0003619	0	0
OG0003620	0	0
OG0003621	0	0
OG0003622	0	0
OG0003623	0	0
OG0003624	0	0
OG0003625	0	0
OG0003626	0	0
OG0003627	0	0
OG0003628	0	0
OG0003629	0	0
OG0003630	0	0
OG0003631	0	0
OG0003632	0	0
OG0003633	0	0
OG0003634	0	0
OG0003635	0	0
OG0003636	0	0
OG0003637	0	0
OG0003638	0	0
OG0003639	0	0
OG0003640	0	0
OG0003641	0	0
OG0003642	0	0
OG0003643	0	0
OG0003644	0	0
OG0003645	0	0
OG0003646	0	0
OG0003647	0	0
OG0003648	0	0
OG0003649	0	0
OG0003650	0	0
OG0003651	0	0
OG0003652	0	0
OG0003653	0	0
OG0003654	0	0
OG0003655	0	0
OG0003656	0	0
OG0003657	0	0
OG0003658	0	0
OG0003659	0	0
OG0003660	0	0
OG0003661	0	0
OG0003662	0	0
OG0003663	0	0
OG0003664	0	0
OG0003665	0	0
OG0003666	0	0
OG0003667	0	0
OG0003668	0	0
OG0003669	0	0
OG0003670	0	0
OG0003671	0	0
OG0003672	0	0
OG0003673	0	0
OG0003674	0	0
OG0003675	0	0
OG0003676	0	0
OG0003677	0	0
OG0003678	0	0
OG0003679	0	0
OG0003680	0	0
OG0003681	0	0
OG0003682	0	0
OG0003683	2	2
OG0003684	0	0
OG0003685	0	0
OG0003686	0	0
OG0003687	0	0
OG0003688	0	0
OG0003689	0	0
OG0003690	0	0
OG0003691	0	0
OG0003692	0	0
OG0003693	0	0
OG0003694	0	0
OG0003695	0	0
OG0003696	0	0
OG0003697	0	0
OG0003698	0	0
OG0003699	0	0
OG0003700	0	0
OG0003701	0	0
OG0003702	0	0
OG0003703	0	0
OG0003704	0	0
OG0003705	0	0
OG0003706	0	0
OG0003707	0	0
OG0003708	0	0
OG0003709	0	0
OG0003710	0	0
OG0003711	0	0
OG0003712	0	0
OG0003713	0	0
OG0003714	0	0
OG0003715	0	0
OG0003716	0	0
OG0003717	0	0
OG0003718	0	0
OG0003719	0	0
OG0003720	0	0
OG0003721	0	0
OG0003722	0	0
OG0003723	0	0
OG0003724	0	0
OG0003725	0	0
OG0003726	0	0
OG0003727	0	0
OG0003728	0	0
OG0003729	0	0
OG0003730	0	0
OG0003731	0	0
OG0003732	0	0
OG0003733	0	0
OG0003734	0	0
OG0003735	0	0
OG0003736	0	0
OG0003737	0	0
OG0003738	0	0
OG0003739	0	0
OG0003740	0	0
OG0003741	0	0
OG0003742	0	0
OG0003743	0	0
OG0003744	0	0
OG0003745	0	0
OG0003746	0	0
OG0003747	0	0
OG0003748	0	0
OG0003749	0	0
OG0003750	0	0
OG0003751	0	0
OG0003752	0	0
OG0003753	0	0
OG0003754	0	0
OG0003755	0	0
OG0003756	0	0
OG0003757	0	0
OG0003758	0	0
OG0003759	0	0
OG0003760	0	0
OG0003761	0	0
OG0003762	0	0
OG0003763	0	0
OG0003764	0	0
OG0003765	0	0
OG0003766	0	0
OG0003767	0	0
OG0003768	0	0
OG0003769	0	0
OG0003770	0	0
OG0003771	0	0
OG0003772	0	0
OG0003773	0	0
OG0003774	0	0
OG0003775	0	0
OG0003776	0	0
OG0003777	0	0
OG0003778	0	0
OG0003779	0	0
OG0003780	0	0
OG0003781	0	0
OG0003782	0	0
OG0003783	0	0
OG0003784	0	0
OG0003785	0	0
OG0003786	0	0
OG0003787	0	0
OG0003788	0	0
OG0003789	0	0
OG0003790	0	0
OG0003791	0	0
OG0003792	0	0
OG0003793	0	0
OG0003794	0	0
OG0003795	0	0
OG0003796	0	0
OG0003797	0	0
OG0003798	0	0
OG0003799	0	0
OG0003800	0	0
OG0003801	0	0
OG0003802	0	0
OG0003803	0	0
OG0003804	0	0
OG0003805	0	0
OG0003806	0	0
OG0003807	0	0
OG0003808	0	0
OG0003809	0	0
OG0003810	0	0
OG0003811	0	0
OG0003812	0	0
OG0003813	0	0
OG0003814	0	0
OG0003815	0	0
OG0003816	0	0
OG0003817	0	0
OG0003818	0	0
OG0003819	0	0
OG0003820	0	0
OG0003821	0	0
OG0003822	0	0
OG0003823	0	0
OG0003824	0	0
OG0003825	0	0
OG0003826	0	0
OG0003827	0	0
OG0003828	0	0
OG0003829	0	0
OG0003830	0	0
OG0003831	0	0
OG0003832	0	0
OG0003833	0	0
OG0003834	0	0
OG0003835	0	0
OG0003836	0	0
OG0003837	0	0
OG0003838	0	0
OG0003839	0	0
OG0003840	0	0
OG0003841	0	0
OG0003842	0	0
OG0003843	0	0
OG0003844	0	0
OG0003845	0	0
OG0003846	0	0
OG0003847	0	0
OG0003848	0	0
OG0003849	0	0
OG0003850	0	0
OG0003851	0	0
OG0003852	0	0
OG0003853	0	0
OG0003854	0	0
OG0003855	0	0
OG0003856	0	0
OG0003857	0	0
OG0003858	0	0
OG0003859	0	0
OG0003860	0	0
OG0003861	0	0
OG0003862	0	0
OG0003863	0	0
OG0003864	0	0
OG0003865	0	0
OG0003866	0	0
OG0003867	0	0
OG0003868	0	0
OG0003869	0	0
OG0003870	0	0
OG0003871	0	0
OG0003872	0	0
OG0003873	0	0
OG0003874	0	0
OG0003875	0	0
OG0003876	0	0
OG0003877	0	0
OG0003878	0	0
OG0003879	0	0
OG0003880	0	0
OG0003881	0	0
OG0003882	0	0
OG0003883	0	0
OG0003884	0	0
OG0003885	0	0
OG0003886	0	0
OG0003887	0	0
OG0003888	0	0
OG0003889	0	0
OG0003890	0	0
OG0003891	0	0
OG0003892	0	0
OG0003893	0	0
OG0003894	0	0
OG0003895	0	0
OG0003896	0	0
OG0003897	0	0
OG0003898	0	0
OG0003899	0	0
OG0003900	0	0
OG0003901	0	0
OG0003902	0	0
OG0003903	0	0
OG0003904	0	0
OG0003905	0	0
OG0003906	0	0
OG0003907	0	0
OG0003908	0	0
OG0003909	0	0
OG0003910	0	0
OG0003911	0	0
OG0003912	0	0
OG0003913	0	0
OG0003914	0	0
OG0003915	0	0
OG0003916	0	0
OG0003917	0	0
OG0003918	0	0
OG0003919	0	0
OG0003920	0	0
OG0003921	0	0
OG0003922	0	0
OG0003923	0	0
OG0003924	0	0
OG0003925	0	0
OG0003926	0	0
OG0003927	0	0
OG0003928	0	0
OG0003929	0	0
OG0003930	0	0
OG0003931	0	0
OG0003932	0	0
OG0003933	0	0
OG0003934	0	0
OG0003935	0	0
OG0003936	0	0
OG0003937	0	0
OG0003938	0	0
OG0003939	0	0
OG0003940	0	0
OG0003941	0	0
OG0003942	0	0
OG0003943	0	0
OG0003944	0	0
OG0003945	0	0
OG0003946	0	0
OG0003947	0	0
OG0003948	0	0
OG0003949	0	0
OG0003950	0	0
OG0003951	0	0
OG0003952	0	0
OG0003953	0	0
OG0003954	0	0
OG0003955	0	0
OG0003956	0	0
OG0003957	0	0
OG0003958	0	0
OG0003959	0	0
OG0003960	0	0
OG0003961	0	0
OG0003962	0	0
OG0003963	0	0
OG0003964	0	0
OG0003965	0	0
OG0003966	0	0
OG0003967	0	0
OG0003968	1	1
OG0003969	0	0
OG0003970	0	0
OG0003971	0	0
OG0003972	0	0
OG0003973	0	0
OG0003974	0	0
OG0003975	0	0
OG0003976	0	0
OG0003977	0	0
OG0003978	0	0
OG0003979	0	0
OG0003980	0	0
OG0003981	0	0
OG0003982	0	0
OG0003983	0	0
OG0003984	0	0
OG0003985	0	0
OG0003986	0	0
OG0003987	0	0
OG0003988	0	0
OG0003989	0	0
OG0003990	0	0
OG0003991	0	0
OG0003992	0	0
OG0003993	0	0
OG0003994	0	0
OG0003995	0	0
OG0003996	0	0
OG0003997	0	0
OG0003998	0	0
OG0003999	0	0
OG0004000	0	0
OG0004001	0	0
OG0004002	0	0
OG0004003	0	0
OG0004004	0	0
OG0004005	0	0
OG0004006	0	0
OG0004007	0	0
OG0004008	0	0
OG0004009	0	0
OG0004010	0	0
OG0004011	0	0
OG0004012	0	0
OG0004013	0	0
OG0004014	0	0
OG0004015	0	0
OG0004016	0	0
OG0004017	0	0
OG0004018	0	0
OG0004019	0	0
OG0004020	0	0
OG0004021	0	0
OG0004022	0	0
OG0004023	0	0
OG0004024	0	0
OG0004025	0	0
OG0004026	0	0
OG0004027	0	0
OG0004028	0	0
OG0004029	0	0
OG0004030	0	0
OG0004031	0	0
OG0004032	0	0
OG0004033	0	0
OG0004034	0	0
OG0004035	0	0
OG0004036	0	0
OG0004037	0	0
OG0004038	0	0
OG0004039	0	0
OG0004040	0	0
OG0004041	0	0
OG0004042	0	0
OG0004043	0	0
OG0004044	0	0
OG0004045	0	0
OG0004046	0	0
OG0004047	0	0
OG0004048	0	0
OG0004049	0	0
OG0004050	0	0
OG0004051	0	0
OG0004052	0	0
OG0004053	0	0
OG0004054	0	0
OG0004055	0	0
OG0004056	0	0
OG0004057	0	0
OG0004058	0	0
OG0004059	0	0
OG0004060	0	0
OG0004061	0	0
OG0004062	0	0
OG0004063	0	0
OG0004064	0	0
OG0004065	0	0
OG0004066	0	0
OG0004067	0	0
OG0004068	0	0
OG0004069	0	0
OG0004070	0	0
OG0004071	0	0
OG0004072	0	0
OG0004073	0	0
OG0004074	0	0
OG0004075	0	0
OG0004076	0	0
OG0004077	0	0
OG0004078	0	0
OG0004079	0	0
OG0004080	0	0
OG0004081	0	0
OG0004082	0	0
OG0004083	0	0
OG0004084	0	0
OG0004085	0	0
OG0004086	0	0
OG0004087	0	0
OG0004088	0	0
OG0004089	0	0
OG0004090	0	0
OG0004091	0	0
OG0004092	0	0
OG0004093	0	0
OG0004094	0	0
OG0004095	0	0
OG0004096	0	0
OG0004097	0	0
OG0004098	0	0
OG0004099	0	0
OG0004100	0	0
OG0004101	0	0
OG0004102	0	0
OG0004103	0	0
OG0004104	0	0
OG0004105	0	0
OG0004106	0	0
OG0004107	0	0
OG0004108	0	0
OG0004109	0	0
OG0004110	0	0
OG0004111	0	0
OG0004112	0	0
OG0004113	0	0
OG0004114	0	0
OG0004115	0	0
OG0004116	0	0
OG0004117	0	0
OG0004118	0	0
OG0004119	0	0
OG0004120	0	0
OG0004121	0	0
OG0004122	0	0
OG0004123	0	0
OG0004124	0	0
OG0004125	0	0
OG0004126	0	0
OG0004127	0	0
OG0004128	0	0
OG0004129	0	0
OG0004130	0	0
OG0004131	0	0
OG0004132	0	0
OG0004133	0	0
OG0004134	0	0
OG0004135	0	0
OG0004136	0	0
OG0004137	0	0
OG0004138	0	0
OG0004139	0	0
OG0004140	0	0
OG0004141	0	0
OG0004142	0	0
OG0004143	0	0
OG0004144	0	0
OG0004145	0	0
OG0004146	0	0
OG0004147	0	0
OG0004148	0	0
OG0004149	0	0
OG0004150	0	0
OG0004151	0	0
OG0004152	0	0
OG0004153	0	0
OG0004154	0	0
OG0004155	0	0
OG0004156	0	0
OG0004157	0	0
OG0004158	1	1
OG0004159	0	0
OG0004160	0	0
OG0004161	0	0
OG0004162	0	0
OG0004163	0	0
OG0004164	0	0
OG0004165	0	0
OG0004166	0	0
OG0004167	0	0
OG0004168	0	0
OG0004169	0	0
OG0004170	0	0
OG0004171	0	0
OG0004172	0	0
OG0004173	0	0
OG0004174	0	0
OG0004175	0	0
OG0004176	0	0
OG0004177	0	0
OG0004178	0	0
OG0004179	0	0
OG0004180	0	0
OG0004181	0	0
OG0004182	0	0
OG0004183	0	0
OG0004184	0	0
OG0004185	0	0
OG0004186	0	0
OG0004187	0	0
OG0004188	0	0
OG0004189	0	0
OG0004190	0	0
OG0004191	0	0
OG0004192	0	0
OG0004193	0	0
OG0004194	0	0
OG0004195	0	0
OG0004196	0	0
OG0004197	0	0
OG0004198	0	0
OG0004199	0	0
OG0004200	0	0
OG0004201	0	0
OG0004202	0	0
OG0004203	0	0
OG0004204	0	0
OG0004205	0	0
OG0004206	0	0
OG0004207	0	0
OG0004208	0	0
OG0004209	0	0
OG0004210	0	0
OG0004211	0	0
OG0004212	0	0
OG0004213	0	0
OG0004214	0	0
OG0004215	0	0
OG0004216	0	0
OG0004217	0	0
OG0004218	0	0
OG0004219	0	0
OG0004220	0	0
OG0004221	0	0
OG0004222	0	0
OG0004223	0	0
OG0004224	0	0
OG0004225	0	0
OG0004226	0	0
OG0004227	0	0
OG0004228	0	0
OG0004229	0	0
OG0004230	0	0
OG0004231	0	0
OG0004232	0	0
OG0004233	0	0
OG0004234	0	0
OG0004235	0	0
OG0004236	0	0
OG0004237	0	0
OG0004238	0	0
OG0004239	0	0
OG0004240	0	0
OG0004241	0	0
OG0004242	0	0
OG0004243	0	0
OG0004244	0	0
OG0004245	0	0
OG0004246	0	0
OG0004247	0	0
OG0004248	0	0
OG0004249	0	0
OG0004250	0	0
OG0004251	0	0
OG0004252	0	0
OG0004253	0	0
OG0004254	0	0
OG0004255	0	0
OG0004256	0	0
OG0004257	0	0
OG0004258	0	0
OG0004259	0	0
OG0004260	0	0
OG0004261	0	0
OG0004262	0	0
OG0004263	0	0
OG0004264	0	0
OG0004265	0	0
OG0004266	0	0
OG0004267	0	0
OG0004268	0	0
OG0004269	0	0
OG0004270	0	0
OG0004271	0	0
OG0004272	0	0
OG0004273	0	0
OG0004274	0	0
OG0004275	0	0
OG0004276	0	0
OG0004277	0	0
OG0004278	0	0
OG0004279	0	0
OG0004280	0	0
OG0004281	0	0
OG0004282	0	0
OG0004283	0	0
OG0004284	0	0
OG0004285	0	0
OG0004286	0	0
OG0004287	0	0
OG0004288	0	0
OG0004289	0	0
OG0004290	0	0
OG0004291	0	0
OG0004292	0	0
OG0004293	0	0
OG0004294	0	0
OG0004295	0	0
OG0004296	0	0
OG0004297	0	0
OG0004298	0	0
OG0004299	0	0
OG0004300	0	0
OG0004301	0	0
OG0004302	0	0
OG0004303	0	0
OG0004304	0	0
OG0004305	0	0
OG0004306	1	1
OG0004307	0	0
OG0004308	0	0
OG0004309	0	0
OG0004310	0	0
OG0004311	0	0
OG0004312	0	0
OG0004313	0	0
OG0004314	0	0
OG0004315	0	0
OG0004316	0	0
OG0004317	0	0
OG0004318	0	0
OG0004319	0	0
OG0004320	0	0
OG0004321	0	0
OG0004322	0	0
OG0004323	0	0
OG0004324	0	0
OG0004325	0	0
OG0004326	0	0
OG0004327	0	0
OG0004328	0	0
OG0004329	0	0
OG0004330	0	0
OG0004331	0	0
OG0004332	0	0
OG0004333	0	0
OG0004334	0	0
OG0004335	0	0
OG0004336	0	0
OG0004337	0	0
OG0004338	0	0
OG0004339	0	0
OG0004340	0	0
OG0004341	0	0
OG0004342	0	0
OG0004343	0	0
OG0004344	0	0
OG0004345	0	0
OG0004346	0	0
OG0004347	0	0
OG0004348	0	0
OG0004349	0	0
OG0004350	0	0
OG0004351	0	0
OG0004352	0	0
OG0004353	0	0
OG0004354	0	0
OG0004355	0	0
OG0004356	0	0
OG0004357	0	0
OG0004358	0	0
OG0004359	0	0
OG0004360	0	0
OG0004361	0	0
OG0004362	0	0
OG0004363	0	0
OG0004364	0	0
OG0004365	0	0
OG0004366	0	0
OG0004367	0	0
OG0004368	0	0
OG0004369	0	0
OG0004370	0	0
OG0004371	0	0
OG0004372	0	0
OG0004373	0	0
OG0004374	0	0
OG0004375	0	0
OG0004376	0	0
OG0004377	0	0
OG0004378	0	0
OG0004379	0	0
OG0004380	0	0
OG0004381	0	0
OG0004382	0	0
OG0004383	0	0
OG0004384	0	0
OG0004385	0	0
OG0004386	0	0
OG0004387	0	0
OG0004388	0	0
OG0004389	0	0
OG0004390	0	0
OG0004391	0	0
OG0004392	0	0
OG0004393	0	0
OG0004394	0	0
OG0004395	0	0
OG0004396	0	0
OG0004397	0	0
OG0004398	0	0
OG0004399	0	0
OG0004400	0	0
OG0004401	0	0
OG0004402	0	0
OG0004403	0	0
OG0004404	0	0
OG0004405	0	0
OG0004406	0	0
OG0004407	0	0
OG0004408	0	0
OG0004409	0	0
OG0004410	0	0
OG0004411	0	0
OG0004412	0	0
OG0004413	0	0
OG0004414	0	0
OG0004415	0	0
OG0004416	0	0
OG0004417	0	0
OG0004418	0	0
OG0004419	0	0
OG0004420	0	0
OG0004421	0	0
OG0004422	0	0
OG0004423	0	0
OG0004424	0	0
OG0004425	0	0
OG0004426	0	0
OG0004427	0	0
OG0004428	0	0
OG0004429	0	0
OG0004430	0	0
OG0004431	0	0
OG0004432	0	0
OG0004433	0	0
OG0004434	0	0
OG0004435	0	0
OG0004436	0	0
OG0004437	0	0
OG0004438	0	0
OG0004439	0	0
OG0004440	0	0
OG0004441	0	0
OG0004442	0	0
OG0004443	0	0
OG0004444	0	0
OG0004445	0	0
OG0004446	0	0
OG0004447	0	0
OG0004448	0	0
OG0004449	0	0
OG0004450	0	0
OG0004451	0	0
OG0004452	0	0
OG0004453	0	0
OG0004454	0	0
OG0004455	0	0
OG0004456	0	0
OG0004457	0	0
OG0004458	0	0
OG0004459	0	0
OG0004460	0	0
OG0004461	0	0
OG0004462	0	0
OG0004463	0	0
OG0004464	0	0
OG0004465	0	0
OG0004466	0	0
OG0004467	0	0
OG0004468	0	0
OG0004469	0	0
OG0004470	0	0
OG0004471	0	0
OG0004472	0	0
OG0004473	0	0
OG0004474	0	0
OG0004475	0	0
OG0004476	0	0
OG0004477	0	0
OG0004478	0	0
OG0004479	0	0
OG0004480	0	0
OG0004481	0	0
OG0004482	0	0
OG0004483	0	0
OG0004484	0	0
OG0004485	0	0
OG0004486	0	0
OG0004487	0	0
OG0004488	0	0
OG0004489	0	0
OG0004490	0	0
OG0004491	0	0
OG0004492	0	0
OG0004493	0	0
OG0004494	0	0
OG0004495	0	0
OG0004496	0	0
OG0004497	0	0
OG0004498	0	0
OG0004499	0	0
OG0004500	0	0
OG0004501	0	0
OG0004502	0	0
OG0004503	0	0
OG0004504	0	0
OG0004505	0	0
OG0004506	0	0
OG0004507	0	0
OG0004508	0	0
OG0004509	0	0
OG0004510	0	0
OG0004511	0	0
OG0004512	0	0
OG0004513	0	0
OG0004514	0	0
OG0004515	0	0
OG0004516	0	0
OG0004517	0	0
OG0004518	0	0
OG0004519	0	0
OG0004520	0	0
OG0004521	0	0
OG0004522	0	0
OG0004523	0	0
OG0004524	0	0
OG0004525	0	0
OG0004526	0	0
OG0004527	0	0
OG0004528	0	0
OG0004529	0	0
OG0004530	0	0
OG0004531	0	0
OG0004532	0	0
OG0004533	0	0
OG0004534	0	0
OG0004535	0	0
OG0004536	0	0
OG0004537	0	0
OG0004538	0	0
OG0004539	0	0
OG0004540	0	0
OG0004541	0	0
OG0004542	0	0
OG0004543	0	0
OG0004544	0	0
OG0004545	0	0
OG0004546	0	0
OG0004547	0	0
OG0004548	0	0
OG0004549	0	0
OG0004550	0	0
OG0004551	0	0
OG0004552	0	0
OG0004553	0	0
OG0004554	0	0
OG0004555	0	0
OG0004556	0	0
OG0004557	0	0
OG0004558	0	0
OG0004559	0	0
OG0004560	0	0
OG0004561	0	0
OG0004562	0	0
OG0004563	0	0
OG0004564	0	0
OG0004565	0	0
OG0004566	0	0
OG0004567	0	0
OG0004568	0	0
OG0004569	0	0
OG0004570	0	0
OG0004571	0	0
OG0004572	0	0
OG0004573	0	0
OG0004574	0	0
OG0004575	0	0
OG0004576	0	0
OG0004577	0	0
OG0004578	0	0
OG0004579	0	0
OG0004580	0	0
OG0004581	0	0
OG0004582	0	0
OG0004583	0	0
OG0004584	0	0
OG0004585	0	0
OG0004586	0	0
OG0004587	0	0
OG0004588	0	0
OG0004589	0	0
OG0004590	0	0
OG0004591	0	0
OG0004592	0	0
OG0004593	0	0
OG0004594	0	0
OG0004595	0	0
OG0004596	0	0
OG0004597	0	0
OG0004598	0	0
OG0004599	0	0
OG0004600	0	0
OG0004601	0	0
OG0004602	0	0
OG0004603	0	0
OG0004604	0	0
OG0004605	0	0
OG0004606	0	0
OG0004607	0	0
OG0004608	0	0
OG0004609	0	0
OG0004610	0	0
OG0004611	0	0
OG0004612	0	0
OG0004613	0	0
OG0004614	0	0
OG0004615	0	0
OG0004616	0	0
OG0004617	0	0
OG0004618	0	0
OG0004619	0	0
OG0004620	0	0
OG0004621	0	0
OG0004622	0	0
OG0004623	0	0
OG0004624	0	0
OG0004625	0	0
OG0004626	0	0
OG0004627	0	0
OG0004628	0	0
OG0004629	0	0
OG0004630	0	0
OG0004631	0	0
OG0004632	0	0
OG0004633	0	0
OG0004634	0	0
OG0004635	0	0
OG0004636	0	0
OG0004637	0	0
OG0004638	0	0
OG0004639	0	0
OG0004640	0	0
OG0004641	0	0
OG0004642	0	0
OG0004643	0	0
OG0004644	0	0
OG0004645	0	0
OG0004646	0	0
OG0004647	0	0
OG0004648	0	0
OG0004649	0	0
OG0004650	1	1
OG0004651	0	0
OG0004652	0	0
OG0004653	0	0
OG0004654	0	0
OG0004655	0	0
OG0004656	0	0
OG0004657	0	0
OG0004658	0	0
OG0004659	0	0
OG0004660	0	0
OG0004661	0	0
OG0004662	0	0
OG0004663	0	0
OG0004664	0	0
OG0004665	0	0
OG0004666	0	0
OG0004667	0	0
OG0004668	0	0
OG0004669	1	1
OG0004670	0	0
OG0004671	0	0
OG0004672	0	0
OG0004673	0	0
OG0004674	0	0
OG0004675	0	0
OG0004676	0	0
OG0004677	0	0
OG0004678	0	0
OG0004679	0	0
OG0004680	0	0
OG0004681	0	0
OG0004682	0	0
OG0004683	0	0
OG0004684	0	0
OG0004685	0	0
OG0004686	0	0
OG0004687	0	0
OG0004688	0	0
OG0004689	0	0
OG0004690	0	0
OG0004691	0	0
OG0004692	0	0
OG0004693	0	0
OG0004694	0	0
OG0004695	0	0
OG0004696	0	0
OG0004697	0	0
OG0004698	0	0
OG0004699	0	0
OG0004700	0	0
OG0004701	0	0
OG0004702	0	0
OG0004703	0	0
OG0004704	0	0
OG0004705	0	0
OG0004706	0	0
OG0004707	0	0
OG0004708	0	0
OG0004709	0	0
OG0004710	0	0
OG0004711	0	0
OG0004712	0	0
OG0004713	0	0
OG0004714	0	0
OG0004715	0	0
OG0004716	0	0
OG0004717	0	0
OG0004718	0	0
OG0004719	0	0
OG0004720	0	0
OG0004721	0	0
OG0004722	0	0
OG0004723	0	0
OG0004724	0	0
OG0004725	0	0
OG0004726	0	0
OG0004727	0	0
OG0004728	0	0
OG0004729	0	0
OG0004730	0	0
OG0004731	0	0
OG0004732	0	0
OG0004733	0	0
OG0004734	0	0
OG0004735	0	0
OG0004736	0	0
OG0004737	0	0
OG0004738	0	0
OG0004739	0	0
OG0004740	0	0
OG0004741	0	0
OG0004742	0	0
OG0004743	0	0
OG0004744	0	0
OG0004745	0	0
OG0004746	0	0
OG0004747	0	0
OG0004748	0	0
OG0004749	0	0
OG0004750	0	0
OG0004751	0	0
OG0004752	0	0
OG0004753	0	0
OG0004754	0	0
OG0004755	0	0
OG0004756	0	0
OG0004757	1	1
OG0004758	1	1
OG0004759	0	0
OG0004760	0	0
OG0004761	0	0
OG0004762	0	0
OG0004763	0	0
OG0004764	0	0
OG0004765	0	0
OG0004766	0	0
OG0004767	0	0
OG0004768	0	0
OG0004769	0	0
OG0004770	1	1
OG0004771	0	0
OG0004772	0	0
OG0004773	0	0
OG0004774	0	0
OG0004775	0	0
OG0004776	0	0
OG0004777	0	0
OG0004778	0	0
OG0004779	0	0
OG0004780	0	0
OG0004781	0	0
OG0004782	0	0
OG0004783	0	0
OG0004784	0	0
OG0004785	0	0
OG0004786	0	0
OG0004787	0	0
OG0004788	0	0
OG0004789	0	0
OG0004790	0	0
OG0004791	0	0
OG0004792	0	0
OG0004793	0	0
OG0004794	0	0
OG0004795	0	0
OG0004796	0	0
OG0004797	0	0
OG0004798	0	0
OG0004799	0	0
OG0004800	0	0
OG0004801	0	0
OG0004802	0	0
OG0004803	0	0
OG0004804	0	0
OG0004805	0	0
OG0004806	0	0
OG0004807	0	0
OG0004808	0	0
OG0004809	0	0
OG0004810	0	0
OG0004811	0	0
OG0004812	0	0
OG0004813	0	0
OG0004814	0	0
OG0004815	0	0
OG0004816	0	0
OG0004817	0	0
OG0004818	0	0
OG0004819	0	0
OG0004820	0	0
OG0004821	0	0
OG0004822	0	0
OG0004823	0	0
OG0004824	0	0
OG0004825	0	0
OG0004826	0	0
OG0004827	0	0
OG0004828	0	0
OG0004829	0	0
OG0004830	0	0
OG0004831	0	0
OG0004832	0	0
OG0004833	0	0
OG0004834	0	0
OG0004835	0	0
OG0004836	0	0
OG0004837	0	0
OG0004838	0	0
OG0004839	0	0
OG0004840	0	0
OG0004841	0	0
OG0004842	0	0
OG0004843	0	0
OG0004844	0	0
OG0004845	0	0
OG0004846	0	0
OG0004847	0	0
OG0004848	0	0
OG0004849	0	0
OG0004850	0	0
OG0004851	0	0
OG0004852	0	0
OG0004853	0	0
OG0004854	0	0
OG0004855	0	0
OG0004856	0	0
OG0004857	0	0
OG0004858	0	0
OG0004859	0	0
OG0004860	0	0
OG0004861	0	0
OG0004862	0	0
OG0004863	0	0
OG0004864	0	0
OG0004865	0	0
OG0004866	0	0
OG0004867	0	0
OG0004868	0	0
OG0004869	0	0
OG0004870	0	0
OG0004871	0	0
OG0004872	0	0
OG0004873	0	0
OG0004874	0	0
OG0004875	0	0
OG0004876	0	0
OG0004877	0	0
OG0004878	0	0
OG0004879	0	0
OG0004880	0	0
OG0004881	0	0
OG0004882	0	0
OG0004883	0	0
OG0004884	0	0
OG0004885	0	0
OG0004886	0	0
OG0004887	0	0
OG0004888	0	0
OG0004889	0	0
OG0004890	0	0
OG0004891	0	0
OG0004892	0	0
OG0004893	0	0
OG0004894	0	0
OG0004895	0	0
OG0004896	0	0
OG0004897	0	0
OG0004898	0	0
OG0004899	0	0
OG0004900	0	0
OG0004901	0	0
OG0004902	0	0
OG0004903	0	0
OG0004904	0	0
OG0004905	0	0
OG0004906	0	0
OG0004907	0	0
OG0004908	0	0
OG0004909	0	0
OG0004910	0	0
OG0004911	0	0
OG0004912	0	0
OG0004913	0	0
OG0004914	0	0
OG0004915	0	0
OG0004916	0	0
OG0004917	0	0
OG0004918	0	0
OG0004919	0	0
OG0004920	0	0
OG0004921	0	0
OG0004922	0	0
OG0004923	0	0
OG0004924	0	0
OG0004925	0	0
OG0004926	0	0
OG0004927	0	0
OG0004928	0	0
OG0004929	0	0
OG0004930	0	0
OG0004931	0	0
OG0004932	0	0
OG0004933	0	0
OG0004934	0	0
OG0004935	0	0
OG0004936	0	0
OG0004937	0	0
OG0004938	0	0
OG0004939	0	0
OG0004940	0	0
OG0004941	0	0
OG0004942	0	0
OG0004943	0	0
OG0004944	0	0
OG0004945	0	0
OG0004946	0	0
OG0004947	0	0
OG0004948	0	0
OG0004949	0	0
OG0004950	0	0
OG0004951	0	0
OG0004952	0	0
OG0004953	0	0
OG0004954	0	0
OG0004955	0	0
OG0004956	0	0
OG0004957	0	0
OG0004958	0	0
OG0004959	0	0
OG0004960	0	0
OG0004961	0	0
OG0004962	0	0
OG0004963	0	0
OG0004964	0	0
OG0004965	0	0
OG0004966	0	0
OG0004967	0	0
OG0004968	0	0
OG0004969	0	0
OG0004970	0	0
OG0004971	0	0
OG0004972	0	0
OG0004973	0	0
OG0004974	0	0
OG0004975	0	0
OG0004976	0	0
OG0004977	0	0
OG0004978	0	0
OG0004979	0	0
OG0004980	0	0
OG0004981	0	0
OG0004982	0	0
OG0004983	0	0
OG0004984	0	0
OG0004985	0	0
OG0004986	0	0
OG0004987	0	0
OG0004988	0	0
OG0004989	0	0
OG0004990	0	0
OG0004991	0	0
OG0004992	0	0
OG0004993	0	0
OG0004994	0	0
OG0004995	0	0
OG0004996	0	0
OG0004997	0	0
OG0004998	0	0
OG0004999	0	0
OG0005000	0	0
OG0005001	0	0
OG0005002	0	0
OG0005003	0	0
OG0005004	0	0
OG0005005	0	0
OG0005006	0	0
OG0005007	0	0
OG0005008	0	0
OG0005009	0	0
OG0005010	0	0
OG0005011	0	0
OG0005012	0	0
OG0005013	0	0
OG0005014	0	0
OG0005015	0	0
OG0005016	0	0
OG0005017	0	0
OG0005018	0	0
OG0005019	0	0
OG0005020	0	0
OG0005021	0	0
OG0005022	0	0
OG0005023	0	0
OG0005024	0	0
OG0005025	0	0
OG0005026	0	0
OG0005027	0	0
OG0005028	0	0
OG0005029	0	0
OG0005030	0	0
OG0005031	0	0
OG0005032	0	0
OG0005033	0	0
OG0005034	0	0
OG0005035	0	0
OG0005036	0	0
OG0005037	0	0
OG0005038	0	0
OG0005039	0	0
OG0005040	0	0
OG0005041	0	0
OG0005042	0	0
OG0005043	0	0
OG0005044	0	0
OG0005045	0	0
OG0005046	0	0
OG0005047	0	0
OG0005048	0	0
OG0005049	0	0
OG0005050	0	0
OG0005051	0	0
OG0005052	0	0
OG0005053	0	0
OG0005054	0	0
OG0005055	0	0
OG0005056	0	0
OG0005057	0	0
OG0005058	0	0
OG0005059	0	0
OG0005060	0	0
OG0005061	0	0
OG0005062	0	0
OG0005063	0	0
OG0005064	0	0
OG0005065	0	0
OG0005066	0	0
OG0005067	0	0
OG0005068	0	0
OG0005069	0	0
OG0005070	0	0
OG0005071	0	0
OG0005072	0	0
OG0005073	0	0
OG0005074	0	0
OG0005075	0	0
OG0005076	0	0
OG0005077	0	0
OG0005078	0	0
OG0005079	0	0
OG0005080	0	0
OG0005081	0	0
OG0005082	0	0
OG0005083	0	0
OG0005084	0	0
OG0005085	0	0
OG0005086	0	0
OG0005087	0	0
OG0005088	0	0
OG0005089	0	0
OG0005090	0	0
OG0005091	0	0
OG0005092	0	0
OG0005093	0	0
OG0005094	0	0
OG0005095	0	0
OG0005096	0	0
OG0005097	0	0
OG0005098	0	0
OG0005099	0	0
OG0005100	0	0
OG0005101	0	0
OG0005102	0	0
OG0005103	0	0
OG0005104	0	0
OG0005105	0	0
OG0005106	0	0
OG0005107	0	0
OG0005108	0	0
OG0005109	0	0
OG0005110	0	0
OG0005111	0	0
OG0005112	0	0
OG0005113	0	0
OG0005114	0	0
OG0005115	0	0
OG0005116	0	0
OG0005117	0	0
OG0005118	0	0
OG0005119	0	0
OG0005120	0	0
OG0005121	0	0
OG0005122	0	0
OG0005123	0	0
OG0005124	0	0
OG0005125	0	0
OG0005126	0	0
OG0005127	0	0
OG0005128	0	0
OG0005129	0	0
OG0005130	0	0
OG0005131	0	0
OG0005132	0	0
OG0005133	0	0
OG0005134	0	0
OG0005135	0	0
OG0005136	0	0
OG0005137	0	0
OG0005138	0	0
OG0005139	0	0
OG0005140	0	0
OG0005141	0	0
OG0005142	0	0
OG0005143	0	0
OG0005144	0	0
OG0005145	0	0
OG0005146	0	0
OG0005147	0	0
OG0005148	0	0
OG0005149	0	0
OG0005150	0	0
OG0005151	0	0
OG0005152	0	0
OG0005153	0	0
OG0005154	0	0
OG0005155	0	0
OG0005156	0	0
OG0005157	0	0
OG0005158	0	0
OG0005159	0	0
OG0005160	1	1
OG0005161	0	0
OG0005162	0	0
OG0005163	0	0
OG0005164	0	0
OG0005165	0	0
OG0005166	0	0
OG0005167	0	0
OG0005168	0	0
OG0005169	0	0
OG0005170	0	0
OG0005171	0	0
OG0005172	0	0
OG0005173	0	0
OG0005174	0	0
OG0005175	1	1
OG0005176	0	0
OG0005177	0	0
OG0005178	0	0
OG0005179	0	0
OG0005180	0	0
OG0005181	0	0
OG0005182	0	0
OG0005183	0	0
OG0005184	0	0
OG0005185	0	0
OG0005186	0	0
OG0005187	0	0
OG0005188	0	0
OG0005189	0	0
OG0005190	0	0
OG0005191	0	0
OG0005192	0	0
OG0005193	0	0
OG0005194	0	0
OG0005195	0	0
OG0005196	0	0
OG0005197	0	0
OG0005198	0	0
OG0005199	0	0
OG0005200	0	0
OG0005201	0	0
OG0005202	0	0
OG0005203	0	0
OG0005204	0	0
OG0005205	0	0
OG0005206	0	0
OG0005207	0	0
OG0005208	0	0
OG0005209	0	0
OG0005210	0	0
OG0005211	0	0
OG0005212	0	0
OG0005213	0	0
OG0005214	0	0
OG0005215	0	0
OG0005216	0	0
OG0005217	0	0
OG0005218	0	0
OG0005219	0	0
OG0005220	0	0
OG0005221	0	0
OG0005222	0	0
OG0005223	0	0
OG0005224	0	0
OG0005225	0	0
OG0005226	0	0
OG0005227	0	0
OG0005228	0	0
OG0005229	0	0
OG0005230	0	0
OG0005231	0	0
OG0005232	0	0
OG0005233	0	0
OG0005234	0	0
OG0005235	0	0
OG0005236	0	0
OG0005237	0	0
OG0005238	0	0
OG0005239	0	0
OG0005240	0	0
OG0005241	0	0
OG0005242	0	0
OG0005243	0	0
OG0005244	0	0
OG0005245	0	0
OG0005246	0	0
OG0005247	0	0
OG0005248	0	0
OG0005249	0	0
OG0005250	0	0
OG0005251	0	0
OG0005252	0	0
OG0005253	0	0
OG0005254	0	0
OG0005255	0	0
OG0005256	0	0
OG0005257	0	0
OG0005258	0	0
OG0005259	0	0
OG0005260	0	0
OG0005261	0	0
OG0005262	0	0
OG0005263	0	0
OG0005264	0	0
OG0005265	0	0
OG0005266	0	0
OG0005267	0	0
OG0005268	0	0
OG0005269	1	1
OG0005270	0	0
OG0005271	0	0
OG0005272	0	0
OG0005273	0	0
OG0005274	0	0
OG0005275	0	0
OG0005276	0	0
OG0005277	0	0
OG0005278	0	0
OG0005279	0	0
OG0005280	0	0
OG0005281	0	0
OG0005282	0	0
OG0005283	0	0
OG0005284	0	0
OG0005285	0	0
OG0005286	0	0
OG0005287	0	0
OG0005288	0	0
OG0005289	0	0
OG0005290	0	0
OG0005291	0	0
OG0005292	0	0
OG0005293	0	0
OG0005294	0	0
OG0005295	0	0
OG0005296	1	0
OG0005297	0	0
OG0005298	0	0
OG0005299	0	0
OG0005300	0	0
OG0005301	0	0
OG0005302	0	0
OG0005303	0	0
OG0005304	0	0
OG0005305	0	0
OG0005306	0	0
OG0005307	0	0
OG0005308	0	0
OG0005309	0	0
OG0005310	0	0
OG0005311	0	0
OG0005312	0	0
OG0005313	0	0
OG0005314	0	0
OG0005315	0	0
OG0005316	0	0
OG0005317	0	0
OG0005318	0	0
OG0005319	0	0
OG0005320	0	0
OG0005321	0	0
OG0005322	0	0
OG0005323	0	0
OG0005324	0	0
OG0005325	0	0
OG0005326	0	0
OG0005327	0	0
OG0005328	0	0
OG0005329	0	0
OG0005330	0	0
OG0005331	0	0
OG0005332	0	0
OG0005333	0	0
OG0005334	0	0
OG0005335	0	0
OG0005336	0	0
OG0005337	0	0
OG0005338	0	0
OG0005339	0	0
OG0005340	0	0
OG0005341	0	0
OG0005342	0	0
OG0005343	0	0
OG0005344	0	0
OG0005345	0	0
OG0005346	0	0
OG0005347	0	0
OG0005348	0	0
OG0005349	0	0
OG0005350	0	0
OG0005351	0	0
OG0005352	0	0
OG0005353	0	0
OG0005354	0	0
OG0005355	0	0
OG0005356	0	0
OG0005357	0	0
OG0005358	0	0
OG0005359	0	0
OG0005360	0	0
OG0005361	0	0
OG0005362	0	0
OG0005363	0	0
OG0005364	0	0
OG0005365	0	0
OG0005366	0	0
OG0005367	0	0
OG0005368	0	0
OG0005369	0	0
OG0005370	0	0
OG0005371	0	0
OG0005372	0	0
OG0005373	0	0
OG0005374	0	0
OG0005375	0	0
OG0005376	0	0
OG0005377	0	0
OG0005378	0	0
OG0005379	0	0
OG0005380	0	0
OG0005381	0	0
OG0005382	0	0
OG0005383	0	0
OG0005384	0	0
OG0005385	0	0
OG0005386	0	0
OG0005387	0	0
OG0005388	0	0
OG0005389	0	0
OG0005390	0	0
OG0005391	0	0
OG0005392	0	0
OG0005393	0	0
OG0005394	0	0
OG0005395	0	0
OG0005396	0	0
OG0005397	0	0
OG0005398	0	0
OG0005399	0	0
OG0005400	0	0
OG0005401	0	0
OG0005402	0	0
OG0005403	0	0
OG0005404	0	0
OG0005405	0	0
OG0005406	0	0
OG0005407	0	0
OG0005408	0	0
OG0005409	0	0
OG0005410	0	0
OG0005411	0	0
OG0005412	0	0
OG0005413	0	0
OG0005414	0	0
OG0005415	0	0
OG0005416	0	0
OG0005417	0	0
OG0005418	0	0
OG0005419	0	0
OG0005420	0	0
OG0005421	0	0
OG0005422	0	0
OG0005423	0	0
OG0005424	0	0
OG0005425	0	0
OG0005426	0	0
OG0005427	0	0
OG0005428	0	0
OG0005429	0	0
OG0005430	0	0
OG0005431	0	0
OG0005432	0	0
OG0005433	0	0
OG0005434	0	0
OG0005435	0	0
OG0005436	0	0
OG0005437	0	0
OG0005438	0	0
OG0005439	0	0
OG0005440	0	0
OG0005441	0	0
OG0005442	0	0
OG0005443	0	0
OG0005444	0	0
OG0005445	0	0
OG0005446	0	0
OG0005447	0	0
OG0005448	0	0
OG0005449	0	0
OG0005450	0	0
OG0005451	0	0
OG0005452	0	0
OG0005453	0	0
OG0005454	0	0
OG0005455	0	0
OG0005456	0	0
OG0005457	0	0
OG0005458	0	0
OG0005459	0	0
OG0005460	0	0
OG0005461	0	0
OG0005462	0	0
OG0005463	0	0
OG0005464	0	0
OG0005465	0	0
OG0005466	0	0
OG0005467	0	0
OG0005468	0	0
OG0005469	0	0
OG0005470	0	0
OG0005471	0	0
OG0005472	0	0
OG0005473	0	0
OG0005474	0	0
OG0005475	0	0
OG0005476	0	0
OG0005477	0	0
OG0005478	0	0
OG0005479	0	0
OG0005480	0	0
OG0005481	0	0
OG0005482	0	0
OG0005483	0	0
OG0005484	0	0
OG0005485	0	0
OG0005486	0	0
OG0005487	0	0
OG0005488	0	0
OG0005489	0	0
OG0005490	0	0
OG0005491	0	0
OG0005492	0	0
OG0005493	0	0
OG0005494	0	0
OG0005495	0	0
OG0005496	0	0
OG0005497	0	0
OG0005498	0	0
OG0005499	0	0
OG0005500	0	0
OG0005501	0	0
OG0005502	0	0
OG0005503	0	0
OG0005504	0	0
OG0005505	0	0
OG0005506	0	0
OG0005507	0	0
OG0005508	0	0
OG0005509	0	0
OG0005510	0	0
OG0005511	0	0
OG0005512	0	0
OG0005513	0	0
OG0005514	0	0
OG0005515	0	0
OG0005516	0	0
OG0005517	0	0
OG0005518	0	0
OG0005519	0	0
OG0005520	0	0
OG0005521	0	0
OG0005522	0	0
OG0005523	0	0
OG0005524	0	0
OG0005525	0	0
OG0005526	0	0
OG0005527	0	0
OG0005528	0	0
OG0005529	0	0
OG0005530	0	0
OG0005531	0	0
OG0005532	0	0
OG0005533	0	0
OG0005534	0	0
OG0005535	0	0
OG0005536	0	0
OG0005537	0	0
OG0005538	0	0
OG0005539	0	0
OG0005540	0	0
OG0005541	0	0
OG0005542	0	0
OG0005543	0	0
OG0005544	0	0
OG0005545	0	0
OG0005546	0	0
OG0005547	0	0
OG0005548	0	0
OG0005549	0	0
OG0005550	0	0
OG0005551	0	0
OG0005552	0	0
OG0005553	0	0
OG0005554	0	0
OG0005555	0	0
OG0005556	0	0
OG0005557	0	0
OG0005558	0	0
OG0005559	0	0
OG0005560	0	0
OG0005561	0	0
OG0005562	0	0
OG0005563	0	0
OG0005564	0	0
OG0005565	0	0
OG0005566	0	0
OG0005567	0	0
OG0005568	0	0
OG0005569	0	0
OG0005570	0	0
OG0005571	0	0
OG0005572	0	0
OG0005573	0	0
OG0005574	0	0
OG0005575	0	0
OG0005576	0	0
OG0005577	0	0
OG0005578	0	0
OG0005579	0	0
OG0005580	0	0
OG0005581	0	0
OG0005582	0	0
OG0005583	0	0
OG0005584	0	0
OG0005585	0	0
OG0005586	0	0
OG0005587	0	0
OG0005588	0	0
OG0005589	0	0
OG0005590	0	0
OG0005591	0	0
OG0005592	0	0
OG0005593	0	0
OG0005594	0	0
OG0005595	0	0
OG0005596	0	0
OG0005597	0	0
OG0005598	0	0
OG0005599	0	0
OG0005600	0	0
OG0005601	0	0
OG0005602	0	0
OG0005603	0	0
OG0005604	0	0
OG0005605	0	0
OG0005606	0	0
OG0005607	0	0
OG0005608	0	0
OG0005609	0	0
OG0005610	0	0
OG0005611	0	0
OG0005612	0	0
OG0005613	0	0
OG0005614	0	0
OG0005615	0	0
OG0005616	0	0
OG0005617	0	0
OG0005618	0	0
OG0005619	0	0
OG0005620	0	0
OG0005621	0	0
OG0005622	0	0
OG0005623	0	0
OG0005624	0	0
OG0005625	0	0
OG0005626	0	0
OG0005627	0	0
OG0005628	0	0
OG0005629	0	0
OG0005630	0	0
OG0005631	0	0
OG0005632	0	0
OG0005633	0	0
OG0005634	0	0
OG0005635	0	0
OG0005636	0	0
OG0005637	0	0
OG0005638	0	0
OG0005639	0	0
OG0005640	0	0
OG0005641	0	0
OG0005642	0	0
OG0005643	0	0
OG0005644	0	0
OG0005645	0	0
OG0005646	0	0
OG0005647	0	0
OG0005648	0	0
OG0005649	0	0
OG0005650	0	0
OG0005651	0	0
OG0005652	0	0
OG0005653	0	0
OG0005654	0	0
OG0005655	0	0
OG0005656	0	0
OG0005657	0	0
OG0005658	0	0
OG0005659	0	0
OG0005660	0	0
OG0005661	0	0
OG0005662	0	0
OG0005663	0	0
OG0005664	0	0
OG0005665	0	0
OG0005666	0	0
OG0005667	0	0
OG0005668	0	0
OG0005669	0	0
OG0005670	0	0
OG0005671	0	0
OG0005672	0	0
OG0005673	0	0
OG0005674	0	0
OG0005675	0	0
OG0005676	0	0
OG0005677	0	0
OG0005678	0	0
OG0005679	0	0
OG0005680	0	0
OG0005681	0	0
OG0005682	0	0
OG0005683	0	0
OG0005684	0	0
OG0005685	0	0
OG0005686	0	0
OG0005687	0	0
OG0005688	0	0
OG0005689	0	0
OG0005690	0	0
OG0005691	0	0
OG0005692	0	0
OG0005693	0	0
OG0005694	0	0
OG0005695	0	0
OG0005696	0	0
OG0005697	0	0
OG0005698	0	0
OG0005699	0	0
OG0005700	0	0
OG0005701	0	0
OG0005702	0	0
OG0005703	0	0
OG0005704	0	0
OG0005705	0	0
OG0005706	0	0
OG0005707	0	0
OG0005708	0	0
OG0005709	0	0
OG0005710	0	0
OG0005711	0	0
OG0005712	0	0
OG0005713	0	0
OG0005714	0	0
OG0005715	0	0
OG0005716	0	0
OG0005717	0	0
OG0005718	0	0
OG0005719	0	0
OG0005720	0	0
OG0005721	0	0
OG0005722	0	0
OG0005723	0	0
OG0005724	0	0
OG0005725	0	0
OG0005726	0	0
OG0005727	0	0
OG0005728	0	0
OG0005729	0	0
OG0005730	0	0
OG0005731	0	0
OG0005732	0	0
OG0005733	0	0
OG0005734	0	0
OG0005735	0	0
OG0005736	0	0
OG0005737	1	1
OG0005738	0	0
OG0005739	0	0
OG0005740	0	0
OG0005741	0	0
OG0005742	0	0
OG0005743	0	0
OG0005744	0	0
OG0005745	0	0
OG0005746	0	0
OG0005747	0	0
OG0005748	0	0
OG0005749	0	0
OG0005750	0	0
OG0005751	0	0
OG0005752	0	0
OG0005753	0	0
OG0005754	0	0
OG0005755	0	0
OG0005756	0	0
OG0005757	0	0
OG0005758	0	0
OG0005759	0	0
OG0005760	0	0
OG0005761	0	0
OG0005762	0	0
OG0005763	0	0
OG0005764	0	0
OG0005765	0	0
OG0005766	0	0
OG0005767	0	0
OG0005768	0	0
OG0005769	0	0
OG0005770	0	0
OG0005771	0	0
OG0005772	0	0
OG0005773	0	0
OG0005774	0	0
OG0005775	0	0
OG0005776	0	0
OG0005777	0	0
OG0005778	0	0
OG0005779	0	0
OG0005780	0	0
OG0005781	0	0
OG0005782	0	0
OG0005783	0	0
OG0005784	0	0
OG0005785	0	0
OG0005786	0	0
OG0005787	0	0
OG0005788	0	0
OG0005789	0	0
OG0005790	0	0
OG0005791	0	0
OG0005792	0	0
OG0005793	0	0
OG0005794	0	0
OG0005795	0	0
OG0005796	0	0
OG0005797	0	0
OG0005798	0	0
OG0005799	0	0
OG0005800	0	0
OG0005801	0	0
OG0005802	0	0
OG0005803	0	0
OG0005804	0	0
OG0005805	0	0
OG0005806	0	0
OG0005807	0	0
OG0005808	0	0
OG0005809	0	0
OG0005810	0	0
OG0005811	0	0
OG0005812	0	0
OG0005813	0	0
OG0005814	0	0
OG0005815	0	0
OG0005816	0	0
OG0005817	0	0
OG0005818	0	0
OG0005819	0	0
OG0005820	0	0
OG0005821	0	0
OG0005822	0	0
OG0005823	0	0
OG0005824	0	0
OG0005825	0	0
OG0005826	0	0
OG0005827	0	0
OG0005828	0	0
OG0005829	0	0
OG0005830	0	0
OG0005831	0	0
OG0005832	0	0
OG0005833	1	1
OG0005834	0	0
OG0005835	0	0
OG0005836	0	0
OG0005837	0	0
OG0005838	0	0
OG0005839	0	0
OG0005840	0	0
OG0005841	0	0
OG0005842	0	0
OG0005843	0	0
OG0005844	0	0
OG0005845	0	0
OG0005846	0	0
OG0005847	0	0
OG0005848	0	0
OG0005849	0	0
OG0005850	0	0
OG0005851	0	0
OG0005852	0	0
OG0005853	0	0
OG0005854	0	0
OG0005855	0	0
OG0005856	0	0
OG0005857	0	0
OG0005858	0	0
OG0005859	0	0
OG0005860	0	0
OG0005861	0	0
OG0005862	0	0
OG0005863	0	0
OG0005864	0	0
OG0005865	0	0
OG0005866	0	0
OG0005867	0	0
OG0005868	0	0
OG0005869	0	0
OG0005870	0	0
OG0005871	0	0
OG0005872	0	0
OG0005873	0	0
OG0005874	0	0
OG0005875	0	0
OG0005876	0	0
OG0005877	0	0
OG0005878	0	0
OG0005879	0	0
OG0005880	0	0
OG0005881	0	0
OG0005882	0	0
OG0005883	0	0
OG0005884	0	0
OG0005885	0	0
OG0005886	0	0
OG0005887	0	0
OG0005888	0	0
OG0005889	0	0
OG0005890	0	0
OG0005891	0	0
OG0005892	0	0
OG0005893	0	0
OG0005894	0	0
OG0005895	0	0
OG0005896	0	0
OG0005897	0	0
OG0005898	0	0
OG0005899	0	0
OG0005900	0	0
OG0005901	0	0
OG0005902	0	0
OG0005903	0	0
OG0005904	0	0
OG0005905	0	0
OG0005906	0	0
OG0005907	0	0
OG0005908	0	0
OG0005909	0	0
OG0005910	0	0
OG0005911	0	0
OG0005912	0	0
OG0005913	0	0
OG0005914	0	0
OG0005915	0	0
OG0005916	0	0
OG0005917	0	0
OG0005918	0	0
OG0005919	0	0
OG0005920	0	0
OG0005921	0	0
OG0005922	0	0
OG0005923	0	0
OG0005924	0	0
OG0005925	0	0
OG0005926	0	0
OG0005927	0	0
OG0005928	0	0
OG0005929	0	0
OG0005930	0	0
OG0005931	0	0
OG0005932	0	0
OG0005933	0	0
OG0005934	0	0
OG0005935	0	0
OG0005936	0	0
OG0005937	0	0
OG0005938	0	0
OG0005939	0	0
OG0005940	0	0
OG0005941	0	0
OG0005942	0	0
OG0005943	0	0
OG0005944	0	0
OG0005945	0	0
OG0005946	0	0
OG0005947	0	0
OG0005948	0	0
OG0005949	0	0
OG0005950	0	0
OG0005951	1	1
OG0005952	0	0
OG0005953	0	0
OG0005954	0	0
OG0005955	0	0
OG0005956	0	0
OG0005957	0	0
OG0005958	0	0
OG0005959	0	0
OG0005960	0	0
OG0005961	0	0
OG0005962	0	0
OG0005963	0	0
OG0005964	0	0
OG0005965	0	0
OG0005966	0	0
OG0005967	0	0
OG0005968	0	0
OG0005969	0	0
OG0005970	0	0
OG0005971	0	0
OG0005972	1	1
OG0005973	1	1
OG0005974	0	0
OG0005975	0	0
OG0005976	0	0
OG0005977	0	0
OG0005978	0	0
OG0005979	0	0
OG0005980	0	0
OG0005981	0	0
OG0005982	0	0
OG0005983	0	0
OG0005984	0	0
OG0005985	0	0
OG0005986	0	0
OG0005987	0	0
OG0005988	0	0
OG0005989	0	0
OG0005990	0	0
OG0005991	0	0
OG0005992	0	0
OG0005993	0	0
OG0005994	0	0
OG0005995	0	0
OG0005996	0	0
OG0005997	0	0
OG0005998	0	0
OG0005999	0	0
OG0006000	0	0
OG0006001	0	0
OG0006002	0	0
OG0006003	0	0
OG0006004	0	0
OG0006005	0	0
OG0006006	0	0
OG0006007	0	0
OG0006008	0	0
OG0006009	0	0
OG0006010	0	0
OG0006011	0	0
OG0006012	0	0
OG0006013	0	0
OG0006014	0	0
OG0006015	0	0
OG0006016	0	0
OG0006017	0	0
OG0006018	0	0
OG0006019	0	0
OG0006020	0	0
OG0006021	0	0
OG0006022	0	0
OG0006023	0	0
OG0006024	0	0
OG0006025	0	0
OG0006026	0	0
OG0006027	0	0
OG0006028	0	0
OG0006029	0	0
OG0006030	0	0
OG0006031	0	0
OG0006032	0	0
OG0006033	0	0
OG0006034	0	0
OG0006035	0	0
OG0006036	0	0
OG0006037	0	0
OG0006038	0	0
OG0006039	0	0
OG0006040	0	0
OG0006041	0	0
OG0006042	0	0
OG0006043	0	0
OG0006044	0	0
OG0006045	0	0
OG0006046	0	0
OG0006047	0	0
OG0006048	0	0
OG0006049	0	0
OG0006050	0	0
OG0006051	0	0
OG0006052	0	0
OG0006053	0	0
OG0006054	0	0
OG0006055	0	0
OG0006056	0	0
OG0006057	0	0
OG0006058	0	0
OG0006059	0	0
OG0006060	0	0
OG0006061	0	0
OG0006062	0	0
OG0006063	0	0
OG0006064	0	0
OG0006065	0	0
OG0006066	0	0
OG0006067	0	0
OG0006068	0	0
OG0006069	0	0
OG0006070	0	0
OG0006071	0	0
OG0006072	0	0
OG0006073	0	0
OG0006074	0	0
OG0006075	0	0
OG0006076	0	0
OG0006077	0	0
OG0006078	0	0
OG0006079	0	0
OG0006080	0	0
OG0006081	0	0
OG0006082	0	0
OG0006083	0	0
OG0006084	0	0
OG0006085	0	0
OG0006086	0	0
OG0006087	0	0
OG0006088	0	0
OG0006089	0	0
OG0006090	0	0
OG0006091	0	0
OG0006092	0	0
OG0006093	0	0
OG0006094	0	0
OG0006095	0	0
OG0006096	0	0
OG0006097	0	0
OG0006098	0	0
OG0006099	0	0
OG0006100	0	0
OG0006101	0	0
OG0006102	0	0
OG0006103	0	0
OG0006104	0	0
OG0006105	0	0
OG0006106	1	1
OG0006107	0	0
OG0006108	0	0
OG0006109	0	0
OG0006110	0	0
OG0006111	0	0
OG0006112	0	0
OG0006113	0	0
OG0006114	0	0
OG0006115	0	0
OG0006116	0	0
OG0006117	0	0
OG0006118	1	1
OG0006119	0	0
OG0006120	0	0
OG0006121	0	0
OG0006122	0	0
OG0006123	0	0
OG0006124	0	0
OG0006125	0	0
OG0006126	0	0
OG0006127	0	0
OG0006128	0	0
OG0006129	0	0
OG0006130	0	0
OG0006131	0	0
OG0006132	0	0
OG0006133	0	0
OG0006134	0	0
OG0006135	0	0
OG0006136	0	0
OG0006137	0	0
OG0006138	0	0
OG0006139	0	0
OG0006140	0	0
OG0006141	0	0
OG0006142	0	0
OG0006143	0	0
OG0006144	0	0
OG0006145	0	0
OG0006146	0	0
OG0006147	0	0
OG0006148	0	0
OG0006149	0	0
OG0006150	0	0
OG0006151	0	0
OG0006152	0	0
OG0006153	0	0
OG0006154	0	0
OG0006155	0	0
OG0006156	0	0
OG0006157	0	0
OG0006158	0	0
OG0006159	0	0
OG0006160	0	0
OG0006161	0	0
OG0006162	0	0
OG0006163	0	0
OG0006164	0	0
OG0006165	0	0
OG0006166	0	0
OG0006167	0	0
OG0006168	2	2
OG0006169	0	0
OG0006170	0	0
OG0006171	0	0
OG0006172	0	0
OG0006173	0	0
OG0006174	0	0
OG0006175	0	0
OG0006176	0	0
OG0006177	0	0
OG0006178	0	0
OG0006179	0	0
OG0006180	0	0
OG0006181	0	0
OG0006182	0	0
OG0006183	0	0
OG0006184	0	0
OG0006185	0	0
OG0006186	0	0
OG0006187	0	0
OG0006188	0	0
OG0006189	0	0
OG0006190	0	0
OG0006191	0	0
OG0006192	0	0
OG0006193	0	0
OG0006194	0	0
OG0006195	0	0
OG0006196	0	0
OG0006197	0	0
OG0006198	0	0
OG0006199	0	0
OG0006200	0	0
OG0006201	0	0
OG0006202	0	0
OG0006203	0	0
OG0006204	0	0
OG0006205	0	0
OG0006206	0	0
OG0006207	0	0
OG0006208	0	0
OG0006209	0	0
OG0006210	0	0
OG0006211	0	0
OG0006212	0	0
OG0006213	0	0
OG0006214	0	0
OG0006215	0	0
OG0006216	0	0
OG0006217	0	0
OG0006218	0	0
OG0006219	0	0
OG0006220	0	0
OG0006221	0	0
OG0006222	0	0
OG0006223	0	0
OG0006224	0	0
OG0006225	0	0
OG0006226	0	0
OG0006227	0	0
OG0006228	0	0
OG0006229	0	0
OG0006230	0	0
OG0006231	0	0
OG0006232	0	0
OG0006233	0	0
OG0006234	0	0
OG0006235	0	0
OG0006236	0	0
OG0006237	0	0
OG0006238	0	0
OG0006239	0	0
OG0006240	0	0
OG0006241	0	0
OG0006242	0	0
OG0006243	0	0
OG0006244	0	0
OG0006245	0	0
OG0006246	0	0
OG0006247	0	0
OG0006248	0	0
OG0006249	0	0
OG0006250	0	0
OG0006251	0	0
OG0006252	0	0
OG0006253	0	0
OG0006254	0	0
OG0006255	0	0
OG0006256	0	0
OG0006257	0	0
OG0006258	0	0
OG0006259	0	0
OG0006260	0	0
OG0006261	0	0
OG0006262	0	0
OG0006263	0	0
OG0006264	0	0
OG0006265	0	0
OG0006266	0	0
OG0006267	0	0
OG0006268	0	0
OG0006269	0	0
OG0006270	0	0
OG0006271	0	0
OG0006272	0	0
OG0006273	0	0
OG0006274	0	0
OG0006275	0	0
OG0006276	0	0
OG0006277	0	0
OG0006278	0	0
OG0006279	0	0
OG0006280	0	0
OG0006281	0	0
OG0006282	0	0
OG0006283	0	0
OG0006284	0	0
OG0006285	0	0
OG0006286	0	0
OG0006287	0	0
OG0006288	0	0
OG0006289	0	0
OG0006290	0	0
OG0006291	0	0
OG0006292	0	0
OG0006293	0	0
OG0006294	0	0
OG0006295	0	0
OG0006296	0	0
OG0006297	0	0
OG0006298	0	0
OG0006299	0	0
OG0006300	0	0
OG0006301	0	0
OG0006302	0	0
OG0006303	0	0
OG0006304	0	0
OG0006305	0	0
OG0006306	0	0
OG0006307	0	0
OG0006308	0	0
OG0006309	0	0
OG0006310	0	0
OG0006311	0	0
OG0006312	0	0
OG0006313	0	0
OG0006314	0	0
OG0006315	0	0
OG0006316	0	0
OG0006317	0	0
OG0006318	0	0
OG0006319	0	0
OG0006320	0	0
OG0006321	0	0
OG0006322	0	0
OG0006323	0	0
OG0006324	0	0
OG0006325	0	0
OG0006326	0	0
OG0006327	0	0
OG0006328	0	0
OG0006329	0	0
OG0006330	0	0
OG0006331	0	0
OG0006332	0	0
OG0006333	0	0
OG0006334	0	0
OG0006335	0	0
OG0006336	0	0
OG0006337	0	0
OG0006338	0	0
OG0006339	0	0
OG0006340	0	0
OG0006341	0	0
OG0006342	0	0
OG0006343	0	0
OG0006344	0	0
OG0006345	0	0
OG0006346	0	0
OG0006347	0	0
OG0006348	0	0
OG0006349	0	0
OG0006350	0	0
OG0006351	0	0
OG0006352	0	0
OG0006353	0	0
OG0006354	0	0
OG0006355	0	0
OG0006356	0	0
OG0006357	0	0
OG0006358	0	0
OG0006359	0	0
OG0006360	0	0
OG0006361	0	0
OG0006362	0	0
OG0006363	0	0
OG0006364	0	0
OG0006365	0	0
OG0006366	0	0
OG0006367	0	0
OG0006368	0	0
OG0006369	0	0
OG0006370	0	0
OG0006371	0	0
OG0006372	0	0
OG0006373	0	0
OG0006374	0	0
OG0006375	0	0
OG0006376	0	0
OG0006377	0	0
OG0006378	0	0
OG0006379	0	0
OG0006380	0	0
OG0006381	0	0
OG0006382	0	0
OG0006383	0	0
OG0006384	0	0
OG0006385	0	0
OG0006386	0	0
OG0006387	0	0
OG0006388	0	0
OG0006389	0	0
OG0006390	0	0
OG0006391	0	0
OG0006392	0	0
OG0006393	0	0
OG0006394	0	0
OG0006395	0	0
OG0006396	0	0
OG0006397	0	0
OG0006398	0	0
OG0006399	0	0
OG0006400	0	0
OG0006401	0	0
OG0006402	0	0
OG0006403	0	0
OG0006404	0	0
OG0006405	0	0
OG0006406	0	0
OG0006407	0	0
OG0006408	0	0
OG0006409	0	0
OG0006410	0	0
OG0006411	0	0
OG0006412	0	0
OG0006413	0	0
OG0006414	0	0
OG0006415	0	0
OG0006416	0	0
OG0006417	0	0
OG0006418	0	0
OG0006419	0	0
OG0006420	0	0
OG0006421	0	0
OG0006422	0	0
OG0006423	0	0
OG0006424	0	0
OG0006425	0	0
OG0006426	0	0
OG0006427	0	0
OG0006428	0	0
OG0006429	0	0
OG0006430	0	0
OG0006431	0	0
OG0006432	0	0
OG0006433	0	0
OG0006434	0	0
OG0006435	0	0
OG0006436	0	0
OG0006437	0	0
OG0006438	0	0
OG0006439	0	0
OG0006440	0	0
OG0006441	0	0
OG0006442	0	0
OG0006443	0	0
OG0006444	0	0
OG0006445	0	0
OG0006446	0	0
OG0006447	0	0
OG0006448	0	0
OG0006449	0	0
OG0006450	0	0
OG0006451	0	0
OG0006452	0	0
OG0006453	0	0
OG0006454	0	0
OG0006455	0	0
OG0006456	0	0
OG0006457	0	0
OG0006458	0	0
OG0006459	0	0
OG0006460	0	0
OG0006461	0	0
OG0006462	0	0
OG0006463	0	0
OG0006464	0	0
OG0006465	0	0
OG0006466	0	0
OG0006467	0	0
OG0006468	0	0
OG0006469	0	0
OG0006470	0	0
OG0006471	0	0
OG0006472	0	0
OG0006473	0	0
OG0006474	0	0
OG0006475	0	0
OG0006476	0	0
OG0006477	0	0
OG0006478	0	0
OG0006479	0	0
OG0006480	0	0
OG0006481	0	0
OG0006482	0	0
OG0006483	0	0
OG0006484	0	0
OG0006485	0	0
OG0006486	0	0
OG0006487	0	0
OG0006488	0	0
OG0006489	0	0
OG0006490	0	0
OG0006491	0	0
OG0006492	0	0
OG0006493	0	0
OG0006494	0	0
OG0006495	0	0
OG0006496	0	0
OG0006497	0	0
OG0006498	0	0
OG0006499	0	0
OG0006500	0	0
OG0006501	0	0
OG0006502	0	0
OG0006503	0	0
OG0006504	0	0
OG0006505	0	0
OG0006506	0	0
OG0006507	0	0
OG0006508	0	0
OG0006509	0	0
OG0006510	0	0
OG0006511	0	0
OG0006512	0	0
OG0006513	0	0
OG0006514	0	0
OG0006515	0	0
OG0006516	0	0
OG0006517	0	0
OG0006518	0	0
OG0006519	0	0
OG0006520	0	0
OG0006521	0	0
OG0006522	0	0
OG0006523	0	0
OG0006524	0	0
OG0006525	0	0
OG0006526	0	0
OG0006527	0	0
OG0006528	0	0
OG0006529	0	0
OG0006530	0	0
OG0006531	0	0
OG0006532	0	0
OG0006533	0	0
OG0006534	0	0
OG0006535	0	0
OG0006536	0	0
OG0006537	0	0
OG0006538	0	0
OG0006539	0	0
OG0006540	0	0
OG0006541	0	0
OG0006542	0	0
OG0006543	0	0
OG0006544	0	0
OG0006545	0	0
OG0006546	0	0
OG0006547	0	0
OG0006548	0	0
OG0006549	0	0
OG0006550	0	0
OG0006551	0	0
OG0006552	0	0
OG0006553	0	0
OG0006554	0	0
OG0006555	0	0
OG0006556	0	0
OG0006557	0	0
OG0006558	0	0
OG0006559	0	0
OG0006560	0	0
OG0006561	0	0
OG0006562	0	0
OG0006563	0	0
OG0006564	0	0
OG0006565	0	0
OG0006566	0	0
OG0006567	0	0
OG0006568	0	0
OG0006569	0	0
OG0006570	0	0
OG0006571	0	0
OG0006572	0	0
OG0006573	0	0
OG0006574	0	0
OG0006575	1	1
OG0006576	0	0
OG0006577	0	0
OG0006578	0	0
OG0006579	0	0
OG0006580	0	0
OG0006581	0	0
OG0006582	0	0
OG0006583	0	0
OG0006584	0	0
OG0006585	0	0
OG0006586	0	0
OG0006587	0	0
OG0006588	0	0
OG0006589	0	0
OG0006590	0	0
OG0006591	0	0
OG0006592	0	0
OG0006593	0	0
OG0006594	0	0
OG0006595	0	0
OG0006596	0	0
OG0006597	0	0
OG0006598	0	0
OG0006599	0	0
OG0006600	0	0
OG0006601	0	0
OG0006602	2	2
OG0006603	0	0
OG0006604	0	0
OG0006605	0	0
OG0006606	0	0
OG0006607	0	0
OG0006608	0	0
OG0006609	0	0
OG0006610	0	0
OG0006611	0	0
OG0006612	0	0
OG0006613	0	0
OG0006614	0	0
OG0006615	0	0
OG0006616	0	0
OG0006617	0	0
OG0006618	0	0
OG0006619	1	1
OG0006620	0	0
OG0006621	0	0
OG0006622	0	0
OG0006623	0	0
OG0006624	0	0
OG0006625	0	0
OG0006626	0	0
OG0006627	0	0
OG0006628	0	0
OG0006629	0	0
OG0006630	0	0
OG0006631	0	0
OG0006632	0	0
OG0006633	0	0
OG0006634	0	0
OG0006635	0	0
OG0006636	0	0
OG0006637	0	0
OG0006638	0	0
OG0006639	0	0
OG0006640	0	0
OG0006641	0	0
OG0006642	0	0
OG0006643	0	0
OG0006644	0	0
OG0006645	0	0
OG0006646	0	0
OG0006647	0	0
OG0006648	0	0
OG0006649	0	0
OG0006650	0	0
OG0006651	0	0
OG0006652	0	0
OG0006653	0	0
OG0006654	0	0
OG0006655	0	0
OG0006656	0	0
OG0006657	0	0
OG0006658	0	0
OG0006659	0	0
OG0006660	0	0
OG0006661	0	0
OG0006662	0	0
OG0006663	0	0
OG0006664	0	0
OG0006665	0	0
OG0006666	0	0
OG0006667	0	0
OG0006668	0	0
OG0006669	0	0
OG0006670	0	0
OG0006671	0	0
OG0006672	0	0
OG0006673	0	0
OG0006674	0	0
OG0006675	0	0
OG0006676	0	0
OG0006677	0	0
OG0006678	0	0
OG0006679	0	0
OG0006680	0	0
OG0006681	0	0
OG0006682	0	0
OG0006683	0	0
OG0006684	0	0
OG0006685	0	0
OG0006686	0	0
OG0006687	0	0
OG0006688	0	0
OG0006689	0	0
OG0006690	0	0
OG0006691	0	0
OG0006692	0	0
OG0006693	0	0
OG0006694	0	0
OG0006695	0	0
OG0006696	0	0
OG0006697	0	0
OG0006698	0	0
OG0006699	1	1
OG0006700	0	0
OG0006701	0	0
OG0006702	0	0
OG0006703	0	0
OG0006704	0	0
OG0006705	0	0
OG0006706	0	0
OG0006707	0	0
OG0006708	0	0
OG0006709	0	0
OG0006710	0	0
OG0006711	0	0
OG0006712	0	0
OG0006713	0	0
OG0006714	0	0
OG0006715	0	0
OG0006716	0	0
OG0006717	0	0
OG0006718	0	0
OG0006719	0	0
OG0006720	0	0
OG0006721	0	0
OG0006722	0	0
OG0006723	0	0
OG0006724	0	0
OG0006725	0	0
OG0006726	0	0
OG0006727	0	0
OG0006728	0	0
OG0006729	0	0
OG0006730	0	0
OG0006731	0	0
OG0006732	0	0
OG0006733	0	0
OG0006734	0	0
OG0006735	0	0
OG0006736	0	0
OG0006737	0	0
OG0006738	0	0
OG0006739	0	0
OG0006740	0	0
OG0006741	0	0
OG0006742	0	0
OG0006743	0	0
OG0006744	0	0
OG0006745	0	0
OG0006746	0	0
OG0006747	0	0
OG0006748	0	0
OG0006749	0	0
OG0006750	0	0
OG0006751	0	0
OG0006752	0	0
OG0006753	0	0
OG0006754	0	0
OG0006755	0	0
OG0006756	0	0
OG0006757	0	0
OG0006758	0	0
OG0006759	0	0
OG0006760	0	0
OG0006761	0	0
OG0006762	0	0
OG0006763	0	0
OG0006764	0	0
OG0006765	0	0
OG0006766	0	0
OG0006767	0	0
OG0006768	0	0
OG0006769	0	0
OG0006770	0	0
OG0006771	0	0
OG0006772	0	0
OG0006773	0	0
OG0006774	0	0
OG0006775	0	0
OG0006776	2	2
OG0006777	0	0
OG0006778	0	0
OG0006779	0	0
OG0006780	0	0
OG0006781	0	0
OG0006782	0	0
OG0006783	0	0
OG0006784	0	0
OG0006785	0	0
OG0006786	0	0
OG0006787	0	0
OG0006788	0	0
OG0006789	0	0
OG0006790	0	0
OG0006791	0	0
OG0006792	0	0
OG0006793	0	0
OG0006794	0	0
OG0006795	0	0
OG0006796	0	0
OG0006797	0	0
OG0006798	0	0
OG0006799	0	0
OG0006800	0	0
OG0006801	0	0
OG0006802	0	0
OG0006803	0	0
OG0006804	0	0
OG0006805	0	0
OG0006806	0	0
OG0006807	0	0
OG0006808	0	0
OG0006809	0	0
OG0006810	0	0
OG0006811	0	0
OG0006812	0	0
OG0006813	0	0
OG0006814	0	0
OG0006815	0	0
OG0006816	0	0
OG0006817	0	0
OG0006818	0	0
OG0006819	0	0
OG0006820	0	0
OG0006821	0	0
OG0006822	0	0
OG0006823	0	0
OG0006824	0	0
OG0006825	0	0
OG0006826	0	0
OG0006827	0	0
OG0006828	0	0
OG0006829	0	0
OG0006830	0	0
OG0006831	0	0
OG0006832	0	0
OG0006833	0	0
OG0006834	0	0
OG0006835	0	0
OG0006836	0	0
OG0006837	0	0
OG0006838	0	0
OG0006839	0	0
OG0006840	0	0
OG0006841	0	0
OG0006842	0	0
OG0006843	0	0
OG0006844	0	0
OG0006845	0	0
OG0006846	0	0
OG0006847	0	0
OG0006848	0	0
OG0006849	0	0
OG0006850	0	0
OG0006851	0	0
OG0006852	0	0
OG0006853	0	0
OG0006854	0	0
OG0006855	0	0
OG0006856	0	0
OG0006857	0	0
OG0006858	0	0
OG0006859	0	0
OG0006860	0	0
OG0006861	0	0
OG0006862	0	0
OG0006863	0	0
OG0006864	0	0
OG0006865	0	0
OG0006866	0	0
OG0006867	0	0
OG0006868	0	0
OG0006869	0	0
OG0006870	0	0
OG0006871	0	0
OG0006872	0	0
OG0006873	0	0
OG0006874	0	0
OG0006875	0	0
OG0006876	0	0
OG0006877	0	0
OG0006878	0	0
OG0006879	0	0
OG0006880	0	0
OG0006881	0	0
OG0006882	0	0
OG0006883	0	0
OG0006884	0	0
OG0006885	0	0
OG0006886	0	0
OG0006887	0	0
OG0006888	0	0
OG0006889	0	0
OG0006890	0	0
OG0006891	0	0
OG0006892	0	0
OG0006893	0	0
OG0006894	0	0
OG0006895	0	0
OG0006896	0	0
OG0006897	0	0
OG0006898	0	0
OG0006899	0	0
OG0006900	0	0
OG0006901	0	0
OG0006902	0	0
OG0006903	0	0
OG0006904	0	0
OG0006905	0	0
OG0006906	0	0
OG0006907	0	0
OG0006908	0	0
OG0006909	0	0
OG0006910	1	1
OG0006911	0	0
OG0006912	0	0
OG0006913	0	0
OG0006914	0	0
OG0006915	0	0
OG0006916	0	0
OG0006917	0	0
OG0006918	0	0
OG0006919	0	0
OG0006920	0	0
OG0006921	0	0
OG0006922	0	0
OG0006923	0	0
OG0006924	0	0
OG0006925	0	0
OG0006926	0	0
OG0006927	0	0
OG0006928	0	0
OG0006929	0	0
OG0006930	0	0
OG0006931	0	0
OG0006932	0	0
OG0006933	0	0
OG0006934	0	0
OG0006935	0	0
OG0006936	0	0
OG0006937	0	0
OG0006938	0	0
OG0006939	0	0
OG0006940	0	0
OG0006941	0	0
OG0006942	0	0
OG0006943	0	0
OG0006944	0	0
OG0006945	0	0
OG0006946	0	0
OG0006947	0	0
OG0006948	0	0
OG0006949	0	0
OG0006950	0	0
OG0006951	0	0
OG0006952	0	0
OG0006953	0	0
OG0006954	0	0
OG0006955	0	0
OG0006956	0	0
OG0006957	0	0
OG0006958	0	0
OG0006959	0	0
OG0006960	1	1
OG0006961	1	1
OG0006962	0	0
OG0006963	0	0
OG0006964	0	0
OG0006965	0	0
OG0006966	0	0
OG0006967	0	0
OG0006968	0	0
OG0006969	0	0
OG0006970	0	0
OG0006971	0	0
OG0006972	0	0
OG0006973	0	0
OG0006974	0	0
OG0006975	0	0
OG0006976	0	0
OG0006977	0	0
OG0006978	0	0
OG0006979	0	0
OG0006980	0	0
OG0006981	0	0
OG0006982	0	0
OG0006983	0	0
OG0006984	0	0
OG0006985	0	0
OG0006986	0	0
OG0006987	0	0
OG0006988	0	0
OG0006989	0	0
OG0006990	0	0
OG0006991	0	0
OG0006992	0	0
OG0006993	0	0
OG0006994	0	0
OG0006995	0	0
OG0006996	0	0
OG0006997	0	0
OG0006998	0	0
OG0006999	0	0
OG0007000	0	0
OG0007001	0	0
OG0007002	0	0
OG0007003	0	0
OG0007004	0	0
OG0007005	0	0
OG0007006	0	0
OG0007007	0	0
OG0007008	0	0
OG0007009	0	0
OG0007010	0	0
OG0007011	0	0
OG0007012	0	0
OG0007013	0	0
OG0007014	0	0
OG0007015	0	0
OG0007016	0	0
OG0007017	1	1
OG0007018	0	0
OG0007019	0	0
OG0007020	0	0
OG0007021	0	0
OG0007022	0	0
OG0007023	0	0
OG0007024	0	0
OG0007025	0	0
OG0007026	0	0
OG0007027	0	0
OG0007028	0	0
OG0007029	0	0
OG0007030	0	0
OG0007031	0	0
OG0007032	0	0
OG0007033	0	0
OG0007034	0	0
OG0007035	0	0
OG0007036	0	0
OG0007037	0	0
OG0007038	0	0
OG0007039	0	0
OG0007040	0	0
OG0007041	0	0
OG0007042	0	0
OG0007043	0	0
OG0007044	0	0
OG0007045	0	0
OG0007046	0	0
OG0007047	0	0
OG0007048	0	0
OG0007049	0	0
OG0007050	0	0
OG0007051	0	0
OG0007052	0	0
OG0007053	0	0
OG0007054	0	0
OG0007055	0	0
OG0007056	0	0
OG0007057	0	0
OG0007058	0	0
OG0007059	0	0
OG0007060	0	0
OG0007061	0	0
OG0007062	0	0
OG0007063	0	0
OG0007064	0	0
OG0007065	0	0
OG0007066	0	0
OG0007067	0	0
OG0007068	0	0
OG0007069	0	0
OG0007070	0	0
OG0007071	0	0
OG0007072	0	0
OG0007073	0	0
OG0007074	0	0
OG0007075	0	0
OG0007076	0	0
OG0007077	0	0
OG0007078	0	0
OG0007079	0	0
OG0007080	0	0
OG0007081	0	0
OG0007082	0	0
OG0007083	0	0
OG0007084	0	0
OG0007085	0	0
OG0007086	0	0
OG0007087	0	0
OG0007088	0	0
OG0007089	0	0
OG0007090	0	0
OG0007091	0	0
OG0007092	0	0
OG0007093	0	0
OG0007094	0	0
OG0007095	0	0
OG0007096	0	0
OG0007097	0	0
OG0007098	0	0
OG0007099	0	0
OG0007100	0	0
OG0007101	0	0
OG0007102	0	0
OG0007103	0	0
OG0007104	0	0
OG0007105	0	0
OG0007106	0	0
OG0007107	0	0
OG0007108	0	0
OG0007109	0	0
OG0007110	0	0
OG0007111	0	0
OG0007112	0	0
OG0007113	0	0
OG0007114	0	0
OG0007115	0	0
OG0007116	0	0
OG0007117	0	0
OG0007118	0	0
OG0007119	0	0
OG0007120	0	0
OG0007121	0	0
OG0007122	0	0
OG0007123	0	0
OG0007124	0	0
OG0007125	0	0
OG0007126	0	0
OG0007127	0	0
OG0007128	0	0
OG0007129	0	0
OG0007130	0	0
OG0007131	0	0
OG0007132	0	0
OG0007133	0	0
OG0007134	0	0
OG0007135	0	0
OG0007136	0	0
OG0007137	0	0
OG0007138	0	0
OG0007139	0	0
OG0007140	0	0
OG0007141	0	0
OG0007142	0	0
OG0007143	0	0
OG0007144	0	0
OG0007145	0	0
OG0007146	0	0
OG0007147	0	0
OG0007148	0	0
OG0007149	0	0
OG0007150	0	0
OG0007151	0	0
OG0007152	0	0
OG0007153	0	0
OG0007154	0	0
OG0007155	0	0
OG0007156	0	0
OG0007157	0	0
OG0007158	0	0
OG0007159	0	0
OG0007160	0	0
OG0007161	0	0
OG0007162	0	0
OG0007163	0	0
OG0007164	0	0
OG0007165	0	0
OG0007166	0	0
OG0007167	0	0
OG0007168	0	0
OG0007169	0	0
OG0007170	0	0
OG0007171	0	0
OG0007172	1	1
OG0007173	0	0
OG0007174	0	0
OG0007175	0	0
OG0007176	0	0
OG0007177	1	1
OG0007178	0	0
OG0007179	0	0
OG0007180	0	0
OG0007181	0	0
OG0007182	0	0
OG0007183	0	0
OG0007184	0	0
OG0007185	0	0
OG0007186	0	0
OG0007187	0	0
OG0007188	0	0
OG0007189	0	0
OG0007190	0	0
OG0007191	0	0
OG0007192	0	0
OG0007193	0	0
OG0007194	0	0
OG0007195	0	0
OG0007196	0	0
OG0007197	0	0
OG0007198	0	0
OG0007199	0	0
OG0007200	0	0
OG0007201	0	0
OG0007202	0	0
OG0007203	0	0
OG0007204	0	0
OG0007205	0	0
OG0007206	0	0
OG0007207	0	0
OG0007208	0	0
OG0007209	0	0
OG0007210	0	0
OG0007211	0	0
OG0007212	0	0
OG0007213	0	0
OG0007214	0	0
OG0007215	0	0
OG0007216	0	0
OG0007217	0	0
OG0007218	0	0
OG0007219	0	0
OG0007220	0	0
OG0007221	0	0
OG0007222	0	0
OG0007223	0	0
OG0007224	0	0
OG0007225	0	0
OG0007226	0	0
OG0007227	0	0
OG0007228	0	0
OG0007229	0	0
OG0007230	0	0
OG0007231	0	0
OG0007232	0	0
OG0007233	0	0
OG0007234	0	0
OG0007235	0	0
OG0007236	0	0
OG0007237	0	0
OG0007238	0	0
OG0007239	0	0
OG0007240	0	0
OG0007241	0	0
OG0007242	0	0
OG0007243	0	0
OG0007244	0	0
OG0007245	0	0
OG0007246	0	0
OG0007247	0	0
OG0007248	0	0
OG0007249	0	0
OG0007250	0	0
OG0007251	0	0
OG0007252	0	0
OG0007253	0	0
OG0007254	0	0
OG0007255	0	0
OG0007256	0	0
OG0007257	0	0
OG0007258	0	0
OG0007259	0	0
OG0007260	0	0
OG0007261	0	0
OG0007262	0	0
OG0007263	0	0
OG0007264	0	0
OG0007265	0	0
OG0007266	0	0
OG0007267	0	0
OG0007268	0	0
OG0007269	0	0
OG0007270	0	0
OG0007271	0	0
OG0007272	0	0
OG0007273	0	0
OG0007274	0	0
OG0007275	0	0
OG0007276	0	0
OG0007277	0	0
OG0007278	0	0
OG0007279	0	0
OG0007280	0	0
OG0007281	0	0
OG0007282	0	0
OG0007283	0	0
OG0007284	0	0
OG0007285	0	0
OG0007286	0	0
OG0007287	0	0
OG0007288	0	0
OG0007289	0	0
OG0007290	0	0
OG0007291	0	0
OG0007292	0	0
OG0007293	0	0
OG0007294	0	0
OG0007295	0	0
OG0007296	0	0
OG0007297	0	0
OG0007298	0	0
OG0007299	0	0
OG0007300	0	0
OG0007301	0	0
OG0007302	0	0
OG0007303	0	0
OG0007304	0	0
OG0007305	0	0
OG0007306	0	0
OG0007307	0	0
OG0007308	0	0
OG0007309	0	0
OG0007310	0	0
OG0007311	0	0
OG0007312	0	0
OG0007313	0	0
OG0007314	0	0
OG0007315	0	0
OG0007316	0	0
OG0007317	0	0
OG0007318	0	0
OG0007319	0	0
OG0007320	0	0
OG0007321	0	0
OG0007322	0	0
OG0007323	0	0
OG0007324	0	0
OG0007325	0	0
OG0007326	0	0
OG0007327	0	0
OG0007328	0	0
OG0007329	0	0
OG0007330	0	0
OG0007331	0	0
OG0007332	0	0
OG0007333	0	0
OG0007334	0	0
OG0007335	0	0
OG0007336	0	0
OG0007337	0	0
OG0007338	0	0
OG0007339	0	0
OG0007340	0	0
OG0007341	0	0
OG0007342	0	0
OG0007343	0	0
OG0007344	0	0
OG0007345	0	0
OG0007346	0	0
OG0007347	0	0
OG0007348	0	0
OG0007349	0	0
OG0007350	0	0
OG0007351	0	0
OG0007352	0	0
OG0007353	0	0
OG0007354	0	0
OG0007355	0	0
OG0007356	0	0
OG0007357	0	0
OG0007358	0	0
OG0007359	0	0
OG0007360	0	0
OG0007361	0	0
OG0007362	0	0
OG0007363	0	0
OG0007364	0	0
OG0007365	0	0
OG0007366	0	0
OG0007367	0	0
OG0007368	0	0
OG0007369	0	0
OG0007370	0	0
OG0007371	0	0
OG0007372	0	0
OG0007373	0	0
OG0007374	0	0
OG0007375	0	0
OG0007376	0	0
OG0007377	0	0
OG0007378	0	0
OG0007379	0	0
OG0007380	0	0
OG0007381	0	0
OG0007382	0	0
OG0007383	0	0
OG0007384	0	0
OG0007385	0	0
OG0007386	0	0
OG0007387	0	0
OG0007388	0	0
OG0007389	0	0
OG0007390	0	0
OG0007391	0	0
OG0007392	0	0
OG0007393	0	0
OG0007394	0	0
OG0007395	0	0
OG0007396	0	0
OG0007397	0	0
OG0007398	0	0
OG0007399	0	0
OG0007400	0	0
OG0007401	0	0
OG0007402	0	0
OG0007403	0	0
OG0007404	0	0
OG0007405	0	0
OG0007406	0	0
OG0007407	0	0
OG0007408	0	0
OG0007409	0	0
OG0007410	0	0
OG0007411	0	0
OG0007412	0	0
OG0007413	0	0
OG0007414	0	0
OG0007415	0	0
OG0007416	0	0
OG0007417	0	0
OG0007418	0	0
OG0007419	0	0
OG0007420	0	0
OG0007421	0	0
OG0007422	0	0
OG0007423	0	0
OG0007424	0	0
OG0007425	0	0
OG0007426	0	0
OG0007427	0	0
OG0007428	0	0
OG0007429	0	0
OG0007430	0	0
OG0007431	0	0
OG0007432	0	0
OG0007433	0	0
OG0007434	0	0
OG0007435	0	0
OG0007436	0	0
OG0007437	0	0
OG0007438	0	0
OG0007439	0	0
OG0007440	0	0
OG0007441	0	0
OG0007442	0	0
OG0007443	0	0
OG0007444	0	0
OG0007445	0	0
OG0007446	0	0
OG0007447	0	0
OG0007448	0	0
OG0007449	0	0
OG0007450	0	0
OG0007451	0	0
OG0007452	0	0
OG0007453	0	0
OG0007454	0	0
OG0007455	0	0
OG0007456	0	0
OG0007457	0	0
OG0007458	0	0
OG0007459	0	0
OG0007460	0	0
OG0007461	0	0
OG0007462	0	0
OG0007463	0	0
OG0007464	0	0
OG0007465	0	0
OG0007466	0	0
OG0007467	0	0
OG0007468	0	0
OG0007469	0	0
OG0007470	0	0
OG0007471	0	0
OG0007472	0	0
OG0007473	0	0
OG0007474	0	0
OG0007475	0	0
OG0007476	0	0
OG0007477	0	0
OG0007478	0	0
OG0007479	0	0
OG0007480	0	0
OG0007481	0	0
OG0007482	0	0
OG0007483	0	0
OG0007484	0	0
OG0007485	0	0
OG0007486	0	0
OG0007487	0	0
OG0007488	0	0
OG0007489	0	0
OG0007490	0	0
OG0007491	0	0
OG0007492	0	0
OG0007493	0	0
OG0007494	0	0
OG0007495	0	0
OG0007496	0	0
OG0007497	0	0
OG0007498	0	0
OG0007499	0	0
OG0007500	0	0
OG0007501	0	0
OG0007502	0	0
OG0007503	0	0
OG0007504	0	0
OG0007505	0	0
OG0007506	0	0
OG0007507	0	0
OG0007508	0	0
OG0007509	0	0
OG0007510	0	0
OG0007511	0	0
OG0007512	0	0
OG0007513	0	0
OG0007514	0	0
OG0007515	0	0
OG0007516	0	0
OG0007517	0	0
OG0007518	0	0
OG0007519	0	0
OG0007520	0	0
OG0007521	0	0
OG0007522	0	0
OG0007523	0	0
OG0007524	0	0
OG0007525	0	0
OG0007526	0	0
OG0007527	0	0
OG0007528	0	0
OG0007529	0	0
OG0007530	0	0
OG0007531	0	0
OG0007532	0	0
OG0007533	0	0
OG0007534	0	0
OG0007535	0	0
OG0007536	0	0
OG0007537	0	0
OG0007538	0	0
OG0007539	0	0
OG0007540	0	0
OG0007541	0	0
OG0007542	0	0
OG0007543	0	0
OG0007544	0	0
OG0007545	0	0
OG0007546	0	0
OG0007547	0	0
OG0007548	0	0
OG0007549	0	0
OG0007550	0	0
OG0007551	0	0
OG0007552	0	0
OG0007553	0	0
OG0007554	0	0
OG0007555	0	0
OG0007556	0	0
OG0007557	0	0
OG0007558	0	0
OG0007559	0	0
OG0007560	0	0
OG0007561	0	0
OG0007562	0	0
OG0007563	0	0
OG0007564	0	0
OG0007565	0	0
OG0007566	0	0
OG0007567	0	0
OG0007568	0	0
OG0007569	0	0
OG0007570	0	0
OG0007571	0	0
OG0007572	0	0
OG0007573	0	0
OG0007574	0	0
OG0007575	0	0
OG0007576	0	0
OG0007577	0	0
OG0007578	0	0
OG0007579	0	0
OG0007580	0	0
OG0007581	0	0
OG0007582	0	0
OG0007583	0	0
OG0007584	0	0
OG0007585	0	0
OG0007586	0	0
OG0007587	0	0
OG0007588	0	0
OG0007589	0	0
OG0007590	0	0
OG0007591	0	0
OG0007592	0	0
OG0007593	0	0
OG0007594	0	0
OG0007595	0	0
OG0007596	0	0
OG0007597	0	0
OG0007598	0	0
OG0007599	0	0
OG0007600	0	0
OG0007601	0	0
OG0007602	0	0
OG0007603	0	0
OG0007604	0	0
OG0007605	0	0
OG0007606	0	0
OG0007607	0	0
OG0007608	0	0
OG0007609	0	0
OG0007610	0	0
OG0007611	0	0
OG0007612	0	0
OG0007613	0	0
OG0007614	0	0
OG0007615	0	0
OG0007616	0	0
OG0007617	0	0
OG0007618	0	0
OG0007619	0	0
OG0007620	0	0
OG0007621	0	0
OG0007622	0	0
OG0007623	0	0
OG0007624	0	0
OG0007625	0	0
OG0007626	0	0
OG0007627	0	0
OG0007628	0	0
OG0007629	0	0
OG0007630	0	0
OG0007631	0	0
OG0007632	0	0
OG0007633	0	0
OG0007634	0	0
OG0007635	0	0
OG0007636	0	0
OG0007637	0	0
OG0007638	0	0
OG0007639	0	0
OG0007640	0	0
OG0007641	0	0
OG0007642	0	0
OG0007643	0	0
OG0007644	0	0
OG0007645	0	0
OG0007646	0	0
OG0007647	0	0
OG0007648	0	0
OG0007649	0	0
OG0007650	0	0
OG0007651	0	0
OG0007652	0	0
OG0007653	0	0
OG0007654	0	0
OG0007655	0	0
OG0007656	0	0
OG0007657	0	0
OG0007658	0	0
OG0007659	0	0
OG0007660	0	0
OG0007661	0	0
OG0007662	0	0
OG0007663	0	0
OG0007664	0	0
OG0007665	0	0
OG0007666	0	0
OG0007667	0	0
OG0007668	0	0
OG0007669	0	0
OG0007670	0	0
OG0007671	0	0
OG0007672	0	0
OG0007673	0	0
OG0007674	0	0
OG0007675	0	0
OG0007676	0	0
OG0007677	0	0
OG0007678	0	0
OG0007679	0	0
OG0007680	0	0
OG0007681	0	0
OG0007682	0	0
OG0007683	0	0
OG0007684	0	0
OG0007685	0	0
OG0007686	0	0
OG0007687	0	0
OG0007688	0	0
OG0007689	0	0
OG0007690	0	0
OG0007691	0	0
OG0007692	0	0
OG0007693	0	0
OG0007694	0	0
OG0007695	0	0
OG0007696	0	0
OG0007697	0	0
OG0007698	0	0
OG0007699	0	0
OG0007700	0	0
OG0007701	0	0
OG0007702	0	0
OG0007703	0	0
OG0007704	0	0
OG0007705	0	0
OG0007706	0	0
OG0007707	0	0
OG0007708	0	0
OG0007709	0	0
OG0007710	0	0
OG0007711	0	0
OG0007712	0	0
OG0007713	0	0
OG0007714	0	0
OG0007715	0	0
OG0007716	0	0
OG0007717	0	0
OG0007718	0	0
OG0007719	0	0
OG0007720	0	0
OG0007721	0	0
OG0007722	0	0
OG0007723	0	0
OG0007724	0	0
OG0007725	0	0
OG0007726	0	0
OG0007727	0	0
OG0007728	0	0
OG0007729	0	0
OG0007730	0	0
OG0007731	0	0
OG0007732	0	0
OG0007733	0	0
OG0007734	0	0
OG0007735	0	0
OG0007736	0	0
OG0007737	0	0
OG0007738	0	0
OG0007739	0	0
OG0007740	0	0
OG0007741	0	0
OG0007742	0	0
OG0007743	0	0
OG0007744	0	0
OG0007745	0	0
OG0007746	0	0
OG0007747	0	0
OG0007748	0	0
OG0007749	0	0
OG0007750	0	0
OG0007751	0	0
OG0007752	0	0
OG0007753	0	0
OG0007754	0	0
OG0007755	0	0
OG0007756	0	0
OG0007757	0	0
OG0007758	0	0
OG0007759	0	0
OG0007760	0	0
OG0007761	0	0
OG0007762	0	0
OG0007763	0	0
OG0007764	0	0
OG0007765	0	0
OG0007766	0	0
OG0007767	0	0
OG0007768	0	0
OG0007769	0	0
OG0007770	0	0
OG0007771	0	0
OG0007772	0	0
OG0007773	0	0
OG0007774	0	0
OG0007775	0	0
OG0007776	0	0
OG0007777	0	0
OG0007778	0	0
OG0007779	0	0
OG0007780	0	0
OG0007781	0	0
OG0007782	0	0
OG0007783	0	0
OG0007784	0	0
OG0007785	0	0
OG0007786	0	0
OG0007787	0	0
OG0007788	0	0
OG0007789	1	1
OG0007790	0	0
OG0007791	0	0
OG0007792	0	0
OG0007793	0	0
OG0007794	0	0
OG0007795	0	0
OG0007796	0	0
OG0007797	0	0
OG0007798	0	0
OG0007799	0	0
OG0007800	0	0
OG0007801	0	0
OG0007802	0	0
OG0007803	0	0
OG0007804	0	0
OG0007805	0	0
OG0007806	0	0
OG0007807	0	0
OG0007808	0	0
OG0007809	0	0
OG0007810	0	0
OG0007811	0	0
OG0007812	0	0
OG0007813	0	0
OG0007814	0	0
OG0007815	0	0
OG0007816	0	0
OG0007817	0	0
OG0007818	0	0
OG0007819	0	0
OG0007820	0	0
OG0007821	0	0
OG0007822	0	0
OG0007823	0	0
OG0007824	0	0
OG0007825	0	0
OG0007826	0	0
OG0007827	0	0
OG0007828	0	0
OG0007829	0	0
OG0007830	0	0
OG0007831	0	0
OG0007832	0	0
OG0007833	0	0
OG0007834	0	0
OG0007835	0	0
OG0007836	0	0
OG0007837	0	0
OG0007838	0	0
OG0007839	0	0
OG0007840	0	0
OG0007841	0	0
OG0007842	0	0
OG0007843	0	0
OG0007844	0	0
OG0007845	0	0
OG0007846	0	0
OG0007847	0	0
OG0007848	0	0
OG0007849	0	0
OG0007850	0	0
OG0007851	0	0
OG0007852	0	0
OG0007853	0	0
OG0007854	0	0
OG0007855	0	0
OG0007856	0	0
OG0007857	0	0
OG0007858	0	0
OG0007859	0	0
OG0007860	0	0
OG0007861	0	0
OG0007862	0	0
OG0007863	0	0
OG0007864	0	0
OG0007865	0	0
OG0007866	0	0
OG0007867	0	0
OG0007868	0	0
OG0007869	0	0
OG0007870	0	0
OG0007871	0	0
OG0007872	0	0
OG0007873	0	0
OG0007874	0	0
OG0007875	0	0
OG0007876	0	0
OG0007877	0	0
OG0007878	0	0
OG0007879	0	0
OG0007880	0	0
OG0007881	0	0
OG0007882	0	0
OG0007883	0	0
OG0007884	0	0
OG0007885	0	0
OG0007886	0	0
OG0007887	0	0
OG0007888	0	0
OG0007889	0	0
OG0007890	0	0
OG0007891	0	0
OG0007892	0	0
OG0007893	0	0
OG0007894	0	0
OG0007895	0	0
OG0007896	0	0
OG0007897	0	0
OG0007898	0	0
OG0007899	0	0
OG0007900	0	0
OG0007901	0	0
OG0007902	0	0
OG0007903	0	0
OG0007904	0	0
OG0007905	0	0
OG0007906	0	0
OG0007907	0	0
OG0007908	0	0
OG0007909	0	0
OG0007910	0	0
OG0007911	0	0
OG0007912	0	0
OG0007913	0	0
OG0007914	0	0
OG0007915	0	0
OG0007916	0	0
OG0007917	0	0
OG0007918	0	0
OG0007919	0	0
OG0007920	0	0
OG0007921	0	0
OG0007922	0	0
OG0007923	0	0
OG0007924	0	0
OG0007925	0	0
OG0007926	0	0
OG0007927	0	0
OG0007928	0	0
OG0007929	0	0
OG0007930	0	0
OG0007931	0	0
OG0007932	0	0
OG0007933	0	0
OG0007934	0	0
OG0007935	0	0
OG0007936	0	0
OG0007937	0	0
OG0007938	0	0
OG0007939	0	0
OG0007940	0	0
OG0007941	0	0
OG0007942	0	0
OG0007943	0	0
OG0007944	0	0
OG0007945	0	0
OG0007946	0	0
OG0007947	0	0
OG0007948	0	0
OG0007949	0	0
OG0007950	0	0
OG0007951	0	0
OG0007952	0	0
OG0007953	0	0
OG0007954	0	0
OG0007955	0	0
OG0007956	0	0
OG0007957	0	0
OG0007958	0	0
OG0007959	0	0
OG0007960	0	0
OG0007961	0	0
OG0007962	0	0
OG0007963	0	0
OG0007964	0	0
OG0007965	0	0
OG0007966	0	0
OG0007967	0	0
OG0007968	0	0
OG0007969	0	0
OG0007970	0	0
OG0007971	0	0
OG0007972	0	0
OG0007973	0	0
OG0007974	0	0
OG0007975	0	0
OG0007976	0	0
OG0007977	0	0
OG0007978	0	0
OG0007979	0	0
OG0007980	0	0
OG0007981	0	0
OG0007982	0	0
OG0007983	0	0
OG0007984	0	0
OG0007985	0	0
OG0007986	0	0
OG0007987	0	0
OG0007988	0	0
OG0007989	0	0
OG0007990	0	0
OG0007991	0	0
OG0007992	0	0
OG0007993	0	0
OG0007994	0	0
OG0007995	0	0
OG0007996	0	0
OG0007997	0	0
OG0007998	0	0
OG0007999	0	0
OG0008000	0	0
OG0008001	0	0
OG0008002	0	0
OG0008003	0	0
OG0008004	0	0
OG0008005	0	0
OG0008006	0	0
OG0008007	0	0
OG0008008	0	0
OG0008009	0	0
OG0008010	0	0
OG0008011	0	0
OG0008012	0	0
OG0008013	0	0
OG0008014	0	0
OG0008015	0	0
OG0008016	0	0
OG0008017	0	0
OG0008018	0	0
OG0008019	0	0
OG0008020	0	0
OG0008021	0	0
OG0008022	0	0
OG0008023	0	0
OG0008024	0	0
OG0008025	0	0
OG0008026	0	0
OG0008027	0	0
OG0008028	0	0
OG0008029	0	0
OG0008030	0	0
OG0008031	0	0
OG0008032	0	0
OG0008033	0	0
OG0008034	0	0
OG0008035	0	0
OG0008036	0	0
OG0008037	0	0
OG0008038	0	0
OG0008039	0	0
OG0008040	0	0
OG0008041	0	0
OG0008042	0	0
OG0008043	0	0
OG0008044	0	0
OG0008045	0	0
OG0008046	0	0
OG0008047	0	0
OG0008048	0	0
OG0008049	0	0
OG0008050	0	0
OG0008051	0	0
OG0008052	0	0
OG0008053	0	0
OG0008054	0	0
OG0008055	0	0
OG0008056	0	0
OG0008057	0	0
OG0008058	1	1
OG0008059	0	0
OG0008060	0	0
OG0008061	0	0
OG0008062	0	0
OG0008063	0	0
OG0008064	0	0
OG0008065	0	0
OG0008066	0	0
OG0008067	0	0
OG0008068	0	0
OG0008069	0	0
OG0008070	0	0
OG0008071	0	0
OG0008072	0	0
OG0008073	0	0
OG0008074	0	0
OG0008075	0	0
OG0008076	0	0
OG0008077	0	0
OG0008078	0	0
OG0008079	0	0
OG0008080	0	0
OG0008081	0	0
OG0008082	0	0
OG0008083	0	0
OG0008084	0	0
OG0008085	0	0
OG0008086	0	0
OG0008087	0	0
OG0008088	0	0
OG0008089	0	0
OG0008090	0	0
OG0008091	0	0
OG0008092	0	0
OG0008093	0	0
OG0008094	0	0
OG0008095	0	0
OG0008096	0	0
OG0008097	0	0
OG0008098	0	0
OG0008099	0	0
OG0008100	0	0
OG0008101	0	0
OG0008102	0	0
OG0008103	0	0
OG0008104	0	0
OG0008105	0	0
OG0008106	0	0
OG0008107	0	0
OG0008108	0	0
OG0008109	0	0
OG0008110	0	0
OG0008111	0	0
OG0008112	0	0
OG0008113	0	0
OG0008114	0	0
OG0008115	0	0
OG0008116	0	0
OG0008117	0	0
OG0008118	0	0
OG0008119	0	0
OG0008120	0	0
OG0008121	0	0
OG0008122	0	0
OG0008123	0	0
OG0008124	0	0
OG0008125	0	0
OG0008126	0	0
OG0008127	0	0
OG0008128	0	0
OG0008129	0	0
OG0008130	0	0
OG0008131	0	0
OG0008132	0	0
OG0008133	0	0
OG0008134	0	0
OG0008135	0	0
OG0008136	0	0
OG0008137	0	0
OG0008138	0	0
OG0008139	0	0
OG0008140	0	0
OG0008141	0	0
OG0008142	0	0
OG0008143	0	0
OG0008144	0	0
OG0008145	0	0
OG0008146	0	0
OG0008147	0	0
OG0008148	0	0
OG0008149	0	0
OG0008150	0	0
OG0008151	0	0
OG0008152	0	0
OG0008153	0	0
OG0008154	0	0
OG0008155	0	0
OG0008156	0	0
OG0008157	0	0
OG0008158	1	1
OG0008159	0	0
OG0008160	0	0
OG0008161	0	0
OG0008162	0	0
OG0008163	0	0
OG0008164	0	0
OG0008165	0	0
OG0008166	0	0
OG0008167	0	0
OG0008168	0	0
OG0008169	0	0
OG0008170	0	0
OG0008171	0	0
OG0008172	0	0
OG0008173	0	0
OG0008174	0	0
OG0008175	0	0
OG0008176	0	0
OG0008177	0	0
OG0008178	0	0
OG0008179	0	0
OG0008180	0	0
OG0008181	0	0
OG0008182	0	0
OG0008183	0	0
OG0008184	0	0
OG0008185	0	0
OG0008186	0	0
OG0008187	0	0
OG0008188	0	0
OG0008189	0	0
OG0008190	0	0
OG0008191	0	0
OG0008192	0	0
OG0008193	0	0
OG0008194	0	0
OG0008195	0	0
OG0008196	0	0
OG0008197	0	0
OG0008198	0	0
OG0008199	0	0
OG0008200	0	0
OG0008201	0	0
OG0008202	0	0
OG0008203	0	0
OG0008204	0	0
OG0008205	0	0
OG0008206	0	0
OG0008207	0	0
OG0008208	0	0
OG0008209	0	0
OG0008210	0	0
OG0008211	0	0
OG0008212	0	0
OG0008213	0	0
OG0008214	0	0
OG0008215	0	0
OG0008216	0	0
OG0008217	0	0
OG0008218	0	0
OG0008219	0	0
OG0008220	0	0
OG0008221	0	0
OG0008222	0	0
OG0008223	0	0
OG0008224	0	0
OG0008225	0	0
OG0008226	0	0
OG0008227	0	0
OG0008228	0	0
OG0008229	0	0
OG0008230	0	0
OG0008231	0	0
OG0008232	0	0
OG0008233	0	0
OG0008234	0	0
OG0008235	0	0
OG0008236	0	0
OG0008237	0	0
OG0008238	0	0
OG0008239	0	0
OG0008240	0	0
OG0008241	0	0
OG0008242	0	0
OG0008243	0	0
OG0008244	0	0
OG0008245	0	0
OG0008246	0	0
OG0008247	0	0
OG0008248	0	0
OG0008249	0	0
OG0008250	0	0
OG0008251	0	0
OG0008252	0	0
OG0008253	0	0
OG0008254	0	0
OG0008255	0	0
OG0008256	0	0
OG0008257	0	0
OG0008258	0	0
OG0008259	0	0
OG0008260	0	0
OG0008261	0	0
OG0008262	0	0
OG0008263	0	0
OG0008264	0	0
OG0008265	0	0
OG0008266	0	0
OG0008267	0	0
OG0008268	0	0
OG0008269	0	0
OG0008270	0	0
OG0008271	0	0
OG0008272	0	0
OG0008273	0	0
OG0008274	0	0
OG0008275	0	0
OG0008276	0	0
OG0008277	0	0
OG0008278	0	0
OG0008279	0	0
OG0008280	0	0
OG0008281	0	0
OG0008282	0	0
OG0008283	0	0
OG0008284	0	0
OG0008285	0	0
OG0008286	0	0
OG0008287	0	0
OG0008288	0	0
OG0008289	0	0
OG0008290	0	0
OG0008291	0	0
OG0008292	0	0
OG0008293	0	0
OG0008294	0	0
OG0008295	0	0
OG0008296	0	0
OG0008297	0	0
OG0008298	0	0
OG0008299	0	0
OG0008300	0	0
OG0008301	0	0
OG0008302	0	0
OG0008303	0	0
OG0008304	0	0
OG0008305	0	0
OG0008306	0	0
OG0008307	0	0
OG0008308	0	0
OG0008309	0	0
OG0008310	0	0
OG0008311	0	0
OG0008312	0	0
OG0008313	0	0
OG0008314	0	0
OG0008315	0	0
OG0008316	0	0
OG0008317	0	0
OG0008318	0	0
OG0008319	0	0
OG0008320	0	0
OG0008321	0	0
OG0008322	0	0
OG0008323	0	0
OG0008324	0	0
OG0008325	0	0
OG0008326	0	0
OG0008327	0	0
OG0008328	0	0
OG0008329	0	0
OG0008330	0	0
OG0008331	0	0
OG0008332	0	0
OG0008333	0	0
OG0008334	0	0
OG0008335	0	0
OG0008336	0	0
OG0008337	0	0
OG0008338	0	0
OG0008339	0	0
OG0008340	0	0
OG0008341	0	0
OG0008342	0	0
OG0008343	0	0
OG0008344	1	1
OG0008345	0	0
OG0008346	0	0
OG0008347	1	1
OG0008348	0	0
OG0008349	0	0
OG0008350	0	0
OG0008351	0	0
OG0008352	0	0
OG0008353	0	0
OG0008354	2	2
OG0008355	0	0
OG0008356	0	0
OG0008357	0	0
OG0008358	0	0
OG0008359	0	0
OG0008360	0	0
OG0008361	0	0
OG0008362	0	0
OG0008363	0	0
OG0008364	0	0
OG0008365	0	0
OG0008366	0	0
OG0008367	0	0
OG0008368	1	1
OG0008369	0	0
OG0008370	0	0
OG0008371	0	0
OG0008372	0	0
OG0008373	0	0
OG0008374	0	0
OG0008375	0	0
OG0008376	0	0
OG0008377	0	0
OG0008378	0	0
OG0008379	0	0
OG0008380	0	0
OG0008381	0	0
OG0008382	3	3
OG0008383	0	0
OG0008384	0	0
OG0008385	0	0
OG0008386	0	0
OG0008387	0	0
OG0008388	0	0
OG0008389	0	0
OG0008390	0	0
OG0008391	0	0
OG0008392	0	0
OG0008393	0	0
OG0008394	0	0
OG0008395	0	0
OG0008396	0	0
OG0008397	0	0
OG0008398	0	0
OG0008399	0	0
OG0008400	0	0
OG0008401	0	0
OG0008402	0	0
OG0008403	0	0
OG0008404	0	0
OG0008405	0	0
OG0008406	0	0
OG0008407	0	0
OG0008408	0	0
OG0008409	0	0
OG0008410	0	0
OG0008411	0	0
OG0008412	0	0
OG0008413	0	0
OG0008414	0	0
OG0008415	0	0
OG0008416	0	0
OG0008417	1	1
OG0008418	0	0
OG0008419	0	0
OG0008420	0	0
OG0008421	0	0
OG0008422	0	0
OG0008423	0	0
OG0008424	0	0
OG0008425	0	0
OG0008426	0	0
OG0008427	0	0
OG0008428	0	0
OG0008429	0	0
OG0008430	0	0
OG0008431	0	0
OG0008432	0	0
OG0008433	0	0
OG0008434	0	0
OG0008435	0	0
OG0008436	0	0
OG0008437	0	0
OG0008438	0	0
OG0008439	0	0
OG0008440	1	1
OG0008441	0	0
OG0008442	0	0
OG0008443	0	0
OG0008444	0	0
OG0008445	0	0
OG0008446	0	0
OG0008447	0	0
OG0008448	0	0
OG0008449	0	0
OG0008450	0	0
OG0008451	0	0
OG0008452	0	0
OG0008453	0	0
OG0008454	0	0
OG0008455	0	0
OG0008456	0	0
OG0008457	0	0
OG0008458	0	0
OG0008459	0	0
OG0008460	1	1
OG0008461	0	0
OG0008462	0	0
OG0008463	0	0
OG0008464	0	0
OG0008465	0	0
OG0008466	0	0
OG0008467	0	0
OG0008468	0	0
OG0008469	0	0
OG0008470	0	0
OG0008471	0	0
OG0008472	0	0
OG0008473	0	0
OG0008474	0	0
OG0008475	0	0
OG0008476	0	0
OG0008477	0	0
OG0008478	0	0
OG0008479	0	0
OG0008480	0	0
OG0008481	0	0
OG0008482	0	0
OG0008483	0	0
OG0008484	0	0
OG0008485	0	0
OG0008486	0	0
OG0008487	0	0
OG0008488	0	0
OG0008489	0	0
OG0008490	0	0
OG0008491	0	0
OG0008492	0	0
OG0008493	0	0
OG0008494	0	0
OG0008495	0	0
OG0008496	0	0
OG0008497	0	0
OG0008498	0	0
OG0008499	0	0
OG0008500	0	0
OG0008501	0	0
OG0008502	0	0
OG0008503	0	0
OG0008504	0	0
OG0008505	0	0
OG0008506	0	0
OG0008507	0	0
OG0008508	0	0
OG0008509	0	0
OG0008510	0	0
OG0008511	0	0
OG0008512	0	0
OG0008513	1	1
OG0008514	0	0
OG0008515	0	0
OG0008516	0	0
OG0008517	0	0
OG0008518	0	0
OG0008519	0	0
OG0008520	0	0
OG0008521	0	0
OG0008522	0	0
OG0008523	0	0
OG0008524	0	0
OG0008525	0	0
OG0008526	0	0
OG0008527	0	0
OG0008528	0	0
OG0008529	0	0
OG0008530	0	0
OG0008531	0	0
OG0008532	0	0
OG0008533	0	0
OG0008534	0	0
OG0008535	0	0
OG0008536	0	0
OG0008537	0	0
OG0008538	0	0
OG0008539	0	0
OG0008540	0	0
OG0008541	0	0
OG0008542	0	0
OG0008543	0	0
OG0008544	0	0
OG0008545	0	0
OG0008546	0	0
OG0008547	0	0
OG0008548	0	0
OG0008549	0	0
OG0008550	0	0
OG0008551	0	0
OG0008552	0	0
OG0008553	0	0
OG0008554	0	0
OG0008555	0	0
OG0008556	0	0
OG0008557	0	0
OG0008558	0	0
OG0008559	0	0
OG0008560	0	0
OG0008561	0	0
OG0008562	0	0
OG0008563	0	0
OG0008564	0	0
OG0008565	0	0
OG0008566	0	0
OG0008567	0	0
OG0008568	0	0
OG0008569	0	0
OG0008570	0	0
OG0008571	0	0
OG0008572	0	0
OG0008573	0	0
OG0008574	0	0
OG0008575	0	0
OG0008576	0	0
OG0008577	0	0
OG0008578	0	0
OG0008579	0	0
OG0008580	0	0
OG0008581	0	0
OG0008582	0	0
OG0008583	0	0
OG0008584	0	0
OG0008585	0	0
OG0008586	0	0
OG0008587	0	0
OG0008588	0	0
OG0008589	0	0
OG0008590	0	0
OG0008591	0	0
OG0008592	0	0
OG0008593	0	0
OG0008594	0	0
OG0008595	0	0
OG0008596	0	0
OG0008597	0	0
OG0008598	0	0
OG0008599	0	0
OG0008600	0	0
OG0008601	0	0
OG0008602	0	0
OG0008603	0	0
OG0008604	0	0
OG0008605	0	0
OG0008606	0	0
OG0008607	0	0
OG0008608	0	0
OG0008609	0	0
OG0008610	0	0
OG0008611	0	0
OG0008612	0	0
OG0008613	0	0
OG0008614	0	0
OG0008615	0	0
OG0008616	0	0
OG0008617	0	0
OG0008618	0	0
OG0008619	0	0
OG0008620	0	0
OG0008621	0	0
OG0008622	0	0
OG0008623	0	0
OG0008624	0	0
OG0008625	0	0
OG0008626	0	0
OG0008627	0	0
OG0008628	0	0
OG0008629	0	0
OG0008630	0	0
OG0008631	0	0
OG0008632	0	0
OG0008633	0	0
OG0008634	0	0
OG0008635	0	0
OG0008636	0	0
OG0008637	0	0
OG0008638	0	0
OG0008639	0	0
OG0008640	0	0
OG0008641	0	0
OG0008642	0	0
OG0008643	0	0
OG0008644	0	0
OG0008645	0	0
OG0008646	0	0
OG0008647	0	0
OG0008648	0	0
OG0008649	0	0
OG0008650	0	0
OG0008651	0	0
OG0008652	0	0
OG0008653	0	0
OG0008654	0	0
OG0008655	0	0
OG0008656	0	0
OG0008657	0	0
OG0008658	0	0
OG0008659	0	0
OG0008660	0	0
OG0008661	0	0
OG0008662	0	0
OG0008663	0	0
OG0008664	0	0
OG0008665	0	0
OG0008666	0	0
OG0008667	0	0
OG0008668	0	0
OG0008669	0	0
OG0008670	0	0
OG0008671	0	0
OG0008672	0	0
OG0008673	0	0
OG0008674	0	0
OG0008675	0	0
OG0008676	0	0
OG0008677	0	0
OG0008678	0	0
OG0008679	0	0
OG0008680	0	0
OG0008681	0	0
OG0008682	0	0
OG0008683	0	0
OG0008684	0	0
OG0008685	0	0
OG0008686	0	0
OG0008687	0	0
OG0008688	0	0
OG0008689	0	0
OG0008690	0	0
OG0008691	0	0
OG0008692	0	0
OG0008693	0	0
OG0008694	0	0
OG0008695	0	0
OG0008696	0	0
OG0008697	0	0
OG0008698	0	0
OG0008699	0	0
OG0008700	0	0
OG0008701	0	0
OG0008702	0	0
OG0008703	0	0
OG0008704	0	0
OG0008705	0	0
OG0008706	0	0
OG0008707	0	0
OG0008708	0	0
OG0008709	0	0
OG0008710	0	0
OG0008711	0	0
OG0008712	0	0
OG0008713	0	0
OG0008714	0	0
OG0008715	0	0
OG0008716	0	0
OG0008717	0	0
OG0008718	0	0
OG0008719	0	0
OG0008720	0	0
OG0008721	0	0
OG0008722	0	0
OG0008723	0	0
OG0008724	0	0
OG0008725	0	0
OG0008726	0	0
OG0008727	0	0
OG0008728	0	0
OG0008729	0	0
OG0008730	0	0
OG0008731	0	0
OG0008732	0	0
OG0008733	0	0
OG0008734	0	0
OG0008735	0	0
OG0008736	0	0
OG0008737	0	0
OG0008738	0	0
OG0008739	0	0
OG0008740	0	0
OG0008741	0	0
OG0008742	0	0
OG0008743	0	0
OG0008744	0	0
OG0008745	0	0
OG0008746	0	0
OG0008747	0	0
OG0008748	0	0
OG0008749	0	0
OG0008750	0	0
OG0008751	0	0
OG0008752	0	0
OG0008753	0	0
OG0008754	0	0
OG0008755	0	0
OG0008756	0	0
OG0008757	0	0
OG0008758	0	0
OG0008759	0	0
OG0008760	0	0
OG0008761	0	0
OG0008762	0	0
OG0008763	0	0
OG0008764	1	1
OG0008765	0	0
OG0008766	0	0
OG0008767	0	0
OG0008768	0	0
OG0008769	0	0
OG0008770	0	0
OG0008771	0	0
OG0008772	0	0
OG0008773	0	0
OG0008774	0	0
OG0008775	0	0
OG0008776	0	0
OG0008777	0	0
OG0008778	0	0
OG0008779	0	0
OG0008780	0	0
OG0008781	0	0
OG0008782	0	0
OG0008783	0	0
OG0008784	0	0
OG0008785	0	0
OG0008786	0	0
OG0008787	0	0
OG0008788	0	0
OG0008789	0	0
OG0008790	0	0
OG0008791	0	0
OG0008792	0	0
OG0008793	0	0
OG0008794	0	0
OG0008795	0	0
OG0008796	0	0
OG0008797	0	0
OG0008798	0	0
OG0008799	0	0
OG0008800	0	0
OG0008801	0	0
OG0008802	0	0
OG0008803	0	0
OG0008804	0	0
OG0008805	0	0
OG0008806	0	0
OG0008807	0	0
OG0008808	0	0
OG0008809	0	0
OG0008810	0	0
OG0008811	0	0
OG0008812	0	0
OG0008813	0	0
OG0008814	0	0
OG0008815	0	0
OG0008816	0	0
OG0008817	0	0
OG0008818	0	0
OG0008819	0	0
OG0008820	0	0
OG0008821	0	0
OG0008822	0	0
OG0008823	0	0
OG0008824	0	0
OG0008825	0	0
OG0008826	0	0
OG0008827	0	0
OG0008828	0	0
OG0008829	0	0
OG0008830	0	0
OG0008831	0	0
OG0008832	0	0
OG0008833	0	0
OG0008834	0	0
OG0008835	0	0
OG0008836	0	0
OG0008837	0	0
OG0008838	0	0
OG0008839	0	0
OG0008840	0	0
OG0008841	0	0
OG0008842	0	0
OG0008843	0	0
OG0008844	0	0
OG0008845	0	0
OG0008846	0	0
OG0008847	0	0
OG0008848	0	0
OG0008849	0	0
OG0008850	0	0
OG0008851	0	0
OG0008852	0	0
OG0008853	0	0
OG0008854	0	0
OG0008855	0	0
OG0008856	0	0
OG0008857	0	0
OG0008858	0	0
OG0008859	0	0
OG0008860	0	0
OG0008861	0	0
OG0008862	0	0
OG0008863	0	0
OG0008864	0	0
OG0008865	0	0
OG0008866	0	0
OG0008867	0	0
OG0008868	0	0
OG0008869	0	0
OG0008870	0	0
OG0008871	0	0
OG0008872	0	0
OG0008873	0	0
OG0008874	0	0
OG0008875	0	0
OG0008876	0	0
OG0008877	0	0
OG0008878	0	0
OG0008879	0	0
OG0008880	0	0
OG0008881	0	0
OG0008882	0	0
OG0008883	0	0
OG0008884	0	0
OG0008885	0	0
OG0008886	0	0
OG0008887	0	0
OG0008888	0	0
OG0008889	0	0
OG0008890	0	0
OG0008891	0	0
OG0008892	0	0
OG0008893	0	0
OG0008894	0	0
OG0008895	0	0
OG0008896	0	0
OG0008897	0	0
OG0008898	0	0
OG0008899	0	0
OG0008900	0	0
OG0008901	0	0
OG0008902	0	0
OG0008903	0	0
OG0008904	0	0
OG0008905	0	0
OG0008906	0	0
OG0008907	0	0
OG0008908	0	0
OG0008909	0	0
OG0008910	0	0
OG0008911	0	0
OG0008912	0	0
OG0008913	0	0
OG0008914	0	0
OG0008915	0	0
OG0008916	0	0
OG0008917	0	0
OG0008918	0	0
OG0008919	1	1
OG0008920	0	0
OG0008921	0	0
OG0008922	0	0
OG0008923	0	0
OG0008924	0	0
OG0008925	0	0
OG0008926	0	0
OG0008927	0	0
OG0008928	0	0
OG0008929	0	0
OG0008930	0	0
OG0008931	0	0
OG0008932	0	0
OG0008933	0	0
OG0008934	0	0
OG0008935	0	0
OG0008936	0	0
OG0008937	0	0
OG0008938	0	0
OG0008939	0	0
OG0008940	0	0
OG0008941	0	0
OG0008942	0	0
OG0008943	0	0
OG0008944	0	0
OG0008945	0	0
OG0008946	0	0
OG0008947	0	0
OG0008948	0	0
OG0008949	0	0
OG0008950	0	0
OG0008951	0	0
OG0008952	0	0
OG0008953	0	0
OG0008954	0	0
OG0008955	0	0
OG0008956	0	0
OG0008957	0	0
OG0008958	0	0
OG0008959	0	0
OG0008960	0	0
OG0008961	0	0
OG0008962	0	0
OG0008963	0	0
OG0008964	0	0
OG0008965	0	0
OG0008966	0	0
OG0008967	0	0
OG0008968	0	0
OG0008969	0	0
OG0008970	0	0
OG0008971	0	0
OG0008972	0	0
OG0008973	0	0
OG0008974	0	0
OG0008975	0	0
OG0008976	0	0
OG0008977	0	0
OG0008978	0	0
OG0008979	0	0
OG0008980	0	0
OG0008981	0	0
OG0008982	0	0
OG0008983	0	0
OG0008984	0	0
OG0008985	0	0
OG0008986	0	0
OG0008987	0	0
OG0008988	0	0
OG0008989	0	0
OG0008990	0	0
OG0008991	0	0
OG0008992	0	0
OG0008993	0	0
OG0008994	0	0
OG0008995	0	0
OG0008996	0	0
OG0008997	0	0
OG0008998	0	0
OG0008999	0	0
OG0009000	0	0
OG0009001	0	0
OG0009002	0	0
OG0009003	0	0
OG0009004	0	0
OG0009005	0	0
OG0009006	0	0
OG0009007	0	0
OG0009008	0	0
OG0009009	0	0
OG0009010	0	0
OG0009011	0	0
OG0009012	0	0
OG0009013	0	0
OG0009014	0	0
OG0009015	0	0
OG0009016	0	0
OG0009017	0	0
OG0009018	0	0
OG0009019	0	0
OG0009020	0	0
OG0009021	0	0
OG0009022	0	0
OG0009023	0	0
OG0009024	0	0
OG0009025	0	0
OG0009026	0	0
OG0009027	0	0
OG0009028	0	0
OG0009029	0	0
OG0009030	0	0
OG0009031	0	0
OG0009032	0	0
OG0009033	0	0
OG0009034	3	3
OG0009035	0	0
OG0009036	0	0
OG0009037	0	0
OG0009038	0	0
OG0009039	0	0
OG0009040	0	0
OG0009041	0	0
OG0009042	0	0
OG0009043	0	0
OG0009044	1	1
OG0009045	0	0
OG0009046	0	0
OG0009047	0	0
OG0009048	0	0
OG0009049	0	0
OG0009050	0	0
OG0009051	0	0
OG0009052	0	0
OG0009053	0	0
OG0009054	0	0
OG0009055	0	0
OG0009056	0	0
OG0009057	0	0
OG0009058	0	0
OG0009059	0	0
OG0009060	0	0
OG0009061	0	0
OG0009062	0	0
OG0009063	0	0
OG0009064	0	0
OG0009065	0	0
OG0009066	0	0
OG0009067	0	0
OG0009068	0	0
OG0009069	0	0
OG0009070	0	0
OG0009071	0	0
OG0009072	0	0
OG0009073	0	0
OG0009074	0	0
OG0009075	0	0
OG0009076	0	0
OG0009077	0	0
OG0009078	0	0
OG0009079	0	0
OG0009080	0	0
OG0009081	0	0
OG0009082	0	0
OG0009083	0	0
OG0009084	0	0
OG0009085	0	0
OG0009086	0	0
OG0009087	0	0
OG0009088	0	0
OG0009089	0	0
OG0009090	0	0
OG0009091	0	0
OG0009092	0	0
OG0009093	0	0
OG0009094	0	0
OG0009095	0	0
OG0009096	0	0
OG0009097	0	0
OG0009098	0	0
OG0009099	0	0
OG0009100	0	0
OG0009101	0	0
OG0009102	0	0
OG0009103	0	0
OG0009104	0	0
OG0009105	0	0
OG0009106	0	0
OG0009107	0	0
OG0009108	0	0
OG0009109	0	0
OG0009110	0	0
OG0009111	0	0
OG0009112	0	0
OG0009113	0	0
OG0009114	0	0
OG0009115	0	0
OG0009116	0	0
OG0009117	0	0
OG0009118	0	0
OG0009119	0	0
OG0009120	0	0
OG0009121	0	0
OG0009122	0	0
OG0009123	0	0
OG0009124	0	0
OG0009125	0	0
OG0009126	0	0
OG0009127	0	0
OG0009128	0	0
OG0009129	0	0
OG0009130	0	0
OG0009131	0	0
OG0009132	0	0
OG0009133	0	0
OG0009134	0	0
OG0009135	0	0
OG0009136	0	0
OG0009137	0	0
OG0009138	0	0
OG0009139	0	0
OG0009140	0	0
OG0009141	0	0
OG0009142	0	0
OG0009143	0	0
OG0009144	0	0
OG0009145	0	0
OG0009146	0	0
OG0009147	0	0
OG0009148	0	0
OG0009149	0	0
OG0009150	0	0
OG0009151	0	0
OG0009152	0	0
OG0009153	0	0
OG0009154	0	0
OG0009155	0	0
OG0009156	0	0
OG0009157	0	0
OG0009158	0	0
OG0009159	0	0
OG0009160	0	0
OG0009161	0	0
OG0009162	0	0
OG0009163	0	0
OG0009164	0	0
OG0009165	0	0
OG0009166	0	0
OG0009167	0	0
OG0009168	0	0
OG0009169	0	0
OG0009170	0	0
OG0009171	0	0
OG0009172	0	0
OG0009173	0	0
OG0009174	0	0
OG0009175	0	0
OG0009176	0	0
OG0009177	0	0
OG0009178	0	0
OG0009179	0	0
OG0009180	0	0
OG0009181	0	0
OG0009182	0	0
OG0009183	0	0
OG0009184	0	0
OG0009185	0	0
OG0009186	0	0
OG0009187	0	0
OG0009188	0	0
OG0009189	0	0
OG0009190	0	0
OG0009191	0	0
OG0009192	0	0
OG0009193	0	0
OG0009194	0	0
OG0009195	0	0
OG0009196	0	0
OG0009197	2	2
OG0009198	0	0
OG0009199	0	0
OG0009200	0	0
OG0009201	0	0
OG0009202	0	0
OG0009203	0	0
OG0009204	0	0
OG0009205	0	0
OG0009206	0	0
OG0009207	0	0
OG0009208	0	0
OG0009209	0	0
OG0009210	0	0
OG0009211	0	0
OG0009212	0	0
OG0009213	0	0
OG0009214	0	0
OG0009215	0	0
OG0009216	0	0
OG0009217	0	0
OG0009218	0	0
OG0009219	0	0
OG0009220	0	0
OG0009221	0	0
OG0009222	0	0
OG0009223	0	0
OG0009224	0	0
OG0009225	0	0
OG0009226	0	0
OG0009227	0	0
OG0009228	0	0
OG0009229	0	0
OG0009230	0	0
OG0009231	0	0
OG0009232	0	0
OG0009233	0	0
OG0009234	0	0
OG0009235	0	0
OG0009236	0	0
OG0009237	0	0
OG0009238	0	0
OG0009239	0	0
OG0009240	0	0
OG0009241	0	0
OG0009242	0	0
OG0009243	0	0
OG0009244	0	0
OG0009245	0	0
OG0009246	0	0
OG0009247	0	0
OG0009248	0	0
OG0009249	0	0
OG0009250	0	0
OG0009251	0	0
OG0009252	0	0
OG0009253	0	0
OG0009254	0	0
OG0009255	0	0
OG0009256	0	0
OG0009257	0	0
OG0009258	0	0
OG0009259	0	0
OG0009260	0	0
OG0009261	0	0
OG0009262	0	0
OG0009263	0	0
OG0009264	0	0
OG0009265	0	0
OG0009266	0	0
OG0009267	1	1
OG0009268	0	0
OG0009269	0	0
OG0009270	0	0
OG0009271	0	0
OG0009272	0	0
OG0009273	0	0
OG0009274	0	0
OG0009275	0	0
OG0009276	0	0
OG0009277	0	0
OG0009278	0	0
OG0009279	0	0
OG0009280	0	0
OG0009281	0	0
OG0009282	0	0
OG0009283	0	0
OG0009284	0	0
OG0009285	0	0
OG0009286	0	0
OG0009287	0	0
OG0009288	0	0
OG0009289	0	0
OG0009290	0	0
OG0009291	0	0
OG0009292	0	0
OG0009293	0	0
OG0009294	0	0
OG0009295	0	0
OG0009296	0	0
OG0009297	0	0
OG0009298	0	0
OG0009299	0	0
OG0009300	0	0
OG0009301	0	0
OG0009302	0	0
OG0009303	0	0
OG0009304	0	0
OG0009305	0	0
OG0009306	0	0
OG0009307	0	0
OG0009308	0	0
OG0009309	0	0
OG0009310	0	0
OG0009311	0	0
OG0009312	0	0
OG0009313	0	0
OG0009314	0	0
OG0009315	0	0
OG0009316	0	0
OG0009317	0	0
OG0009318	0	0
OG0009319	0	0
OG0009320	0	0
OG0009321	0	0
OG0009322	0	0
OG0009323	0	0
OG0009324	0	0
OG0009325	0	0
OG0009326	0	0
OG0009327	0	0
OG0009328	0	0
OG0009329	0	0
OG0009330	0	0
OG0009331	0	0
OG0009332	0	0
OG0009333	0	0
OG0009334	0	0
OG0009335	0	0
OG0009336	0	0
OG0009337	0	0
OG0009338	0	0
OG0009339	0	0
OG0009340	0	0
OG0009341	0	0
OG0009342	0	0
OG0009343	0	0
OG0009344	0	0
OG0009345	0	0
OG0009346	0	0
OG0009347	0	0
OG0009348	0	0
OG0009349	0	0
OG0009350	0	0
OG0009351	0	0
OG0009352	0	0
OG0009353	0	0
OG0009354	0	0
OG0009355	0	0
OG0009356	0	0
OG0009357	0	0
OG0009358	0	0
OG0009359	0	0
OG0009360	0	0
OG0009361	0	0
OG0009362	0	0
OG0009363	0	0
OG0009364	0	0
OG0009365	0	0
OG0009366	0	0
OG0009367	0	0
OG0009368	0	0
OG0009369	0	0
OG0009370	0	0
OG0009371	0	0
OG0009372	0	0
OG0009373	0	0
OG0009374	0	0
OG0009375	0	0
OG0009376	0	0
OG0009377	0	0
OG0009378	0	0
OG0009379	0	0
OG0009380	0	0
OG0009381	0	0
OG0009382	0	0
OG0009383	0	0
OG0009384	0	0
OG0009385	0	0
OG0009386	0	0
OG0009387	0	0
OG0009388	0	0
OG0009389	0	0
OG0009390	0	0
OG0009391	0	0
OG0009392	0	0
OG0009393	0	0
OG0009394	0	0
OG0009395	0	0
OG0009396	1	1
OG0009397	0	0
OG0009398	0	0
OG0009399	0	0
OG0009400	0	0
OG0009401	0	0
OG0009402	0	0
OG0009403	0	0
OG0009404	0	0
OG0009405	0	0
OG0009406	0	0
OG0009407	0	0
OG0009408	0	0
OG0009409	0	0
OG0009410	0	0
OG0009411	0	0
OG0009412	1	1
OG0009413	0	0
OG0009414	0	0
OG0009415	0	0
OG0009416	0	0
OG0009417	0	0
OG0009418	0	0
OG0009419	0	0
OG0009420	0	0
OG0009421	0	0
OG0009422	0	0
OG0009423	0	0
OG0009424	0	0
OG0009425	0	0
OG0009426	0	0
OG0009427	0	0
OG0009428	0	0
OG0009429	0	0
OG0009430	0	0
OG0009431	0	0
OG0009432	0	0
OG0009433	0	0
OG0009434	0	0
OG0009435	0	0
OG0009436	0	0
OG0009437	0	0
OG0009438	0	0
OG0009439	0	0
OG0009440	0	0
OG0009441	0	0
OG0009442	0	0
OG0009443	0	0
OG0009444	0	0
OG0009445	0	0
OG0009446	0	0
OG0009447	0	0
OG0009448	0	0
OG0009449	0	0
OG0009450	0	0
OG0009451	0	0
OG0009452	0	0
OG0009453	0	0
OG0009454	0	0
OG0009455	0	0
OG0009456	0	0
OG0009457	0	0
OG0009458	0	0
OG0009459	0	0
OG0009460	0	0
OG0009461	0	0
OG0009462	0	0
OG0009463	0	0
OG0009464	2	2
OG0009465	0	0
OG0009466	0	0
OG0009467	0	0
OG0009468	0	0
OG0009469	0	0
OG0009470	0	0
OG0009471	0	0
OG0009472	0	0
OG0009473	0	0
OG0009474	0	0
OG0009475	0	0
OG0009476	0	0
OG0009477	0	0
OG0009478	0	0
OG0009479	0	0
OG0009480	0	0
OG0009481	0	0
OG0009482	0	0
OG0009483	0	0
OG0009484	0	0
OG0009485	0	0
OG0009486	0	0
OG0009487	0	0
OG0009488	0	0
OG0009489	0	0
OG0009490	0	0
OG0009491	0	0
OG0009492	0	0
OG0009493	0	0
OG0009494	0	0
OG0009495	0	0
OG0009496	0	0
OG0009497	0	0
OG0009498	0	0
OG0009499	0	0
OG0009500	0	0
OG0009501	0	0
OG0009502	0	0
OG0009503	0	0
OG0009504	0	0
OG0009505	0	0
OG0009506	0	0
OG0009507	0	0
OG0009508	0	0
OG0009509	0	0
OG0009510	0	0
OG0009511	0	0
OG0009512	0	0
OG0009513	0	0
OG0009514	0	0
OG0009515	0	0
OG0009516	0	0
OG0009517	0	0
OG0009518	0	0
OG0009519	0	0
OG0009520	0	0
OG0009521	0	0
OG0009522	0	0
OG0009523	0	0
OG0009524	0	0
OG0009525	0	0
OG0009526	0	0
OG0009527	0	0
OG0009528	0	0
OG0009529	0	0
OG0009530	0	0
OG0009531	0	0
OG0009532	0	0
OG0009533	0	0
OG0009534	0	0
OG0009535	0	0
OG0009536	0	0
OG0009537	0	0
OG0009538	0	0
OG0009539	0	0
OG0009540	0	0
OG0009541	0	0
OG0009542	0	0
OG0009543	0	0
OG0009544	0	0
OG0009545	0	0
OG0009546	0	0
OG0009547	0	0
OG0009548	0	0
OG0009549	0	0
OG0009550	0	0
OG0009551	0	0
OG0009552	0	0
OG0009553	0	0
OG0009554	0	0
OG0009555	0	0
OG0009556	0	0
OG0009557	0	0
OG0009558	0	0
OG0009559	0	0
OG0009560	0	0
OG0009561	0	0
OG0009562	0	0
OG0009563	0	0
OG0009564	0	0
OG0009565	0	0
OG0009566	0	0
OG0009567	0	0
OG0009568	0	0
OG0009569	0	0
OG0009570	0	0
OG0009571	0	0
OG0009572	0	0
OG0009573	0	0
OG0009574	0	0
OG0009575	0	0
OG0009576	0	0
OG0009577	0	0
OG0009578	0	0
OG0009579	0	0
OG0009580	0	0
OG0009581	0	0
OG0009582	0	0
OG0009583	0	0
OG0009584	0	0
OG0009585	0	0
OG0009586	0	0
OG0009587	0	0
OG0009588	0	0
OG0009589	0	0
OG0009590	0	0
OG0009591	0	0
OG0009592	0	0
OG0009593	0	0
OG0009594	0	0
OG0009595	0	0
OG0009596	0	0
OG0009597	0	0
OG0009598	0	0
OG0009599	0	0
OG0009600	0	0
OG0009601	0	0
OG0009602	0	0
OG0009603	0	0
OG0009604	0	0
OG0009605	0	0
OG0009606	0	0
OG0009607	0	0
OG0009608	0	0
OG0009609	0	0
OG0009610	0	0
OG0009611	0	0
OG0009612	0	0
OG0009613	0	0
OG0009614	0	0
OG0009615	0	0
OG0009616	0	0
OG0009617	0	0
OG0009618	0	0
OG0009619	0	0
OG0009620	0	0
OG0009621	0	0
OG0009622	0	0
OG0009623	0	0
OG0009624	0	0
OG0009625	0	0
OG0009626	0	0
OG0009627	0	0
OG0009628	0	0
OG0009629	0	0
OG0009630	0	0
OG0009631	0	0
OG0009632	0	0
OG0009633	0	0
OG0009634	0	0
OG0009635	0	0
OG0009636	0	0
OG0009637	0	0
OG0009638	0	0
OG0009639	0	0
OG0009640	0	0
OG0009641	0	0
OG0009642	0	0
OG0009643	0	0
OG0009644	0	0
OG0009645	0	0
OG0009646	0	0
OG0009647	0	0
OG0009648	0	0
OG0009649	0	0
OG0009650	0	0
OG0009651	0	0
OG0009652	0	0
OG0009653	0	0
OG0009654	0	0
OG0009655	0	0
OG0009656	0	0
OG0009657	0	0
OG0009658	0	0
OG0009659	0	0
OG0009660	0	0
OG0009661	0	0
OG0009662	0	0
OG0009663	0	0
OG0009664	0	0
OG0009665	0	0
OG0009666	0	0
OG0009667	0	0
OG0009668	0	0
OG0009669	0	0
OG0009670	0	0
OG0009671	0	0
OG0009672	0	0
OG0009673	0	0
OG0009674	0	0
OG0009675	0	0
OG0009676	0	0
OG0009677	0	0
OG0009678	0	0
OG0009679	0	0
OG0009680	0	0
OG0009681	0	0
OG0009682	0	0
OG0009683	0	0
OG0009684	0	0
OG0009685	0	0
OG0009686	0	0
OG0009687	0	0
OG0009688	0	0
OG0009689	0	0
OG0009690	0	0
OG0009691	0	0
OG0009692	0	0
OG0009693	0	0
OG0009694	0	0
OG0009695	0	0
OG0009696	0	0
OG0009697	0	0
OG0009698	0	0
OG0009699	0	0
OG0009700	0	0
OG0009701	0	0
OG0009702	0	0
OG0009703	0	0
OG0009704	0	0
OG0009705	0	0
OG0009706	0	0
OG0009707	0	0
OG0009708	0	0
OG0009709	0	0
OG0009710	0	0
OG0009711	0	0
OG0009712	0	0
OG0009713	0	0
OG0009714	0	0
OG0009715	0	0
OG0009716	0	0
OG0009717	0	0
OG0009718	0	0
OG0009719	0	0
OG0009720	0	0
OG0009721	0	0
OG0009722	0	0
OG0009723	0	0
OG0009724	0	0
OG0009725	0	0
OG0009726	0	0
OG0009727	0	0
OG0009728	0	0
OG0009729	0	0
OG0009730	0	0
OG0009731	0	0
OG0009732	0	0
OG0009733	0	0
OG0009734	0	0
OG0009735	0	0
OG0009736	0	0
OG0009737	0	0
OG0009738	0	0
OG0009739	0	0
OG0009740	0	0
OG0009741	0	0
OG0009742	0	0
OG0009743	0	0
OG0009744	0	0
OG0009745	0	0
OG0009746	0	0
OG0009747	0	0
OG0009748	0	0
OG0009749	0	0
OG0009750	0	0
OG0009751	0	0
OG0009752	0	0
OG0009753	0	0
OG0009754	0	0
OG0009755	0	0
OG0009756	0	0
OG0009757	0	0
OG0009758	0	0
OG0009759	0	0
OG0009760	0	0
OG0009761	0	0
OG0009762	0	0
OG0009763	0	0
OG0009764	0	0
OG0009765	0	0
OG0009766	0	0
OG0009767	0	0
OG0009768	0	0
OG0009769	0	0
OG0009770	0	0
OG0009771	0	0
OG0009772	0	0
OG0009773	0	0
OG0009774	0	0
OG0009775	0	0
OG0009776	0	0
OG0009777	0	0
OG0009778	0	0
OG0009779	0	0
OG0009780	0	0
OG0009781	0	0
OG0009782	0	0
OG0009783	0	0
OG0009784	0	0
OG0009785	0	0
OG0009786	0	0
OG0009787	0	0
OG0009788	0	0
OG0009789	0	0
OG0009790	0	0
OG0009791	0	0
OG0009792	0	0
OG0009793	0	0
OG0009794	0	0
OG0009795	0	0
OG0009796	0	0
OG0009797	0	0
OG0009798	0	0
OG0009799	0	0
OG0009800	0	0
OG0009801	0	0
OG0009802	0	0
OG0009803	0	0
OG0009804	0	0
OG0009805	0	0
OG0009806	0	0
OG0009807	0	0
OG0009808	0	0
OG0009809	0	0
OG0009810	0	0
OG0009811	0	0
OG0009812	0	0
OG0009813	0	0
OG0009814	0	0
OG0009815	0	0
OG0009816	0	0
OG0009817	0	0
OG0009818	0	0
OG0009819	0	0
OG0009820	0	0
OG0009821	0	0
OG0009822	0	0
OG0009823	0	0
OG0009824	0	0
OG0009825	0	0
OG0009826	0	0
OG0009827	0	0
OG0009828	0	0
OG0009829	0	0
OG0009830	0	0
OG0009831	0	0
OG0009832	0	0
OG0009833	0	0
OG0009834	0	0
OG0009835	0	0
OG0009836	0	0
OG0009837	0	0
OG0009838	0	0
OG0009839	0	0
OG0009840	0	0
OG0009841	0	0
OG0009842	0	0
OG0009843	0	0
OG0009844	0	0
OG0009845	0	0
OG0009846	0	0
OG0009847	1	1
OG0009848	0	0
OG0009849	0	0
OG0009850	0	0
OG0009851	0	0
OG0009852	0	0
OG0009853	0	0
OG0009854	0	0
OG0009855	0	0
OG0009856	0	0
OG0009857	0	0
OG0009858	0	0
OG0009859	0	0
OG0009860	0	0
OG0009861	0	0
OG0009862	0	0
OG0009863	0	0
OG0009864	0	0
OG0009865	0	0
OG0009866	0	0
OG0009867	0	0
OG0009868	0	0
OG0009869	0	0
OG0009870	0	0
OG0009871	0	0
OG0009872	0	0
OG0009873	0	0
OG0009874	0	0
OG0009875	0	0
OG0009876	0	0
OG0009877	0	0
OG0009878	0	0
OG0009879	0	0
OG0009880	0	0
OG0009881	0	0
OG0009882	0	0
OG0009883	0	0
OG0009884	0	0
OG0009885	0	0
OG0009886	0	0
OG0009887	0	0
OG0009888	0	0
OG0009889	0	0
OG0009890	0	0
OG0009891	0	0
OG0009892	0	0
OG0009893	0	0
OG0009894	0	0
OG0009895	0	0
OG0009896	0	0
OG0009897	0	0
OG0009898	0	0
OG0009899	0	0
OG0009900	0	0
OG0009901	0	0
OG0009902	0	0
OG0009903	0	0
OG0009904	0	0
OG0009905	0	0
OG0009906	0	0
OG0009907	0	0
OG0009908	0	0
OG0009909	0	0
OG0009910	0	0
OG0009911	0	0
OG0009912	0	0
OG0009913	0	0
OG0009914	0	0
OG0009915	0	0
OG0009916	0	0
OG0009917	0	0
OG0009918	0	0
OG0009919	0	0
OG0009920	0	0
OG0009921	0	0
OG0009922	0	0
OG0009923	0	0
OG0009924	0	0
OG0009925	0	0
OG0009926	0	0
OG0009927	0	0
OG0009928	0	0
OG0009929	0	0
OG0009930	0	0
OG0009931	0	0
OG0009932	0	0
OG0009933	0	0
OG0009934	0	0
OG0009935	0	0
OG0009936	0	0
OG0009937	0	0
OG0009938	0	0
OG0009939	0	0
OG0009940	0	0
OG0009941	0	0
OG0009942	0	0
OG0009943	0	0
OG0009944	0	0
OG0009945	0	0
OG0009946	0	0
OG0009947	0	0
OG0009948	0	0
OG0009949	0	0
OG0009950	0	0
OG0009951	0	0
OG0009952	0	0
OG0009953	0	0
OG0009954	0	0
OG0009955	0	0
OG0009956	0	0
OG0009957	0	0
OG0009958	0	0
OG0009959	0	0
OG0009960	0	0
OG0009961	0	0
OG0009962	0	0
OG0009963	0	0
OG0009964	0	0
OG0009965	0	0
OG0009966	0	0
OG0009967	0	0
OG0009968	0	0
OG0009969	0	0
OG0009970	0	0
OG0009971	0	0
OG0009972	0	0
OG0009973	0	0
OG0009974	0	0
OG0009975	0	0
OG0009976	0	0
OG0009977	0	0
OG0009978	0	0
OG0009979	0	0
OG0009980	0	0
OG0009981	0	0
OG0009982	0	0
OG0009983	0	0
OG0009984	0	0
OG0009985	0	0
OG0009986	0	0
OG0009987	0	0
OG0009988	0	0
OG0009989	0	0
OG0009990	0	0
OG0009991	0	0
OG0009992	0	0
OG0009993	0	0
OG0009994	0	0
OG0009995	0	0
OG0009996	0	0
OG0009997	0	0
OG0009998	0	0
OG0009999	0	0
OG0010000	0	0
OG0010001	0	0
OG0010002	0	0
OG0010003	0	0
OG0010004	0	0
OG0010005	0	0
OG0010006	0	0
OG0010007	0	0
OG0010008	0	0
OG0010009	0	0
OG0010010	0	0
OG0010011	0	0
OG0010012	0	0
OG0010013	0	0
OG0010014	0	0
OG0010015	0	0
OG0010016	0	0
OG0010017	0	0
OG0010018	0	0
OG0010019	0	0
OG0010020	0	0
OG0010021	1	1
OG0010022	0	0
OG0010023	0	0
OG0010024	0	0
OG0010025	0	0
OG0010026	0	0
OG0010027	0	0
OG0010028	0	0
OG0010029	0	0
OG0010030	0	0
OG0010031	0	0
OG0010032	0	0
OG0010033	0	0
OG0010034	0	0
OG0010035	0	0
OG0010036	0	0
OG0010037	0	0
OG0010038	0	0
OG0010039	0	0
OG0010040	0	0
OG0010041	0	0
OG0010042	0	0
OG0010043	0	0
OG0010044	0	0
OG0010045	0	0
OG0010046	0	0
OG0010047	0	0
OG0010048	0	0
OG0010049	0	0
OG0010050	0	0
OG0010051	0	0
OG0010052	0	0
OG0010053	0	0
OG0010054	0	0
OG0010055	0	0
OG0010056	0	0
OG0010057	0	0
OG0010058	0	0
OG0010059	0	0
OG0010060	0	0
OG0010061	0	0
OG0010062	0	0
OG0010063	0	0
OG0010064	0	0
OG0010065	0	0
OG0010066	0	0
OG0010067	0	0
OG0010068	0	0
OG0010069	0	0
OG0010070	0	0
OG0010071	0	0
OG0010072	0	0
OG0010073	0	0
OG0010074	0	0
OG0010075	0	0
OG0010076	0	0
OG0010077	0	0
OG0010078	0	0
OG0010079	0	0
OG0010080	0	0
OG0010081	0	0
OG0010082	0	0
OG0010083	0	0
OG0010084	0	0
OG0010085	0	0
OG0010086	0	0
OG0010087	0	0
OG0010088	0	0
OG0010089	0	0
OG0010090	0	0
OG0010091	0	0
OG0010092	0	0
OG0010093	0	0
OG0010094	0	0
OG0010095	0	0
OG0010096	0	0
OG0010097	0	0
OG0010098	0	0
OG0010099	0	0
OG0010100	0	0
OG0010101	0	0
OG0010102	0	0
OG0010103	0	0
OG0010104	0	0
OG0010105	0	0
OG0010106	0	0
OG0010107	0	0
OG0010108	0	0
OG0010109	0	0
OG0010110	0	0
OG0010111	0	0
OG0010112	0	0
OG0010113	0	0
OG0010114	0	0
OG0010115	0	0
OG0010116	0	0
OG0010117	0	0
OG0010118	0	0
OG0010119	0	0
OG0010120	0	0
OG0010121	0	0
OG0010122	0	0
OG0010123	0	0
OG0010124	0	0
OG0010125	0	0
OG0010126	0	0
OG0010127	0	0
OG0010128	0	0
OG0010129	0	0
OG0010130	0	0
OG0010131	0	0
OG0010132	0	0
OG0010133	0	0
OG0010134	0	0
OG0010135	0	0
OG0010136	0	0
OG0010137	0	0
OG0010138	0	0
OG0010139	0	0
OG0010140	0	0
OG0010141	0	0
OG0010142	0	0
OG0010143	0	0
OG0010144	0	0
OG0010145	0	0
OG0010146	0	0
OG0010147	0	0
OG0010148	0	0
OG0010149	0	0
OG0010150	0	0
OG0010151	0	0
OG0010152	0	0
OG0010153	0	0
OG0010154	0	0
OG0010155	0	0
OG0010156	0	0
OG0010157	0	0
OG0010158	0	0
OG0010159	0	0
OG0010160	0	0
OG0010161	0	0
OG0010162	0	0
OG0010163	0	0
OG0010164	0	0
OG0010165	0	0
OG0010166	0	0
OG0010167	0	0
OG0010168	0	0
OG0010169	0	0
OG0010170	0	0
OG0010171	0	0
OG0010172	0	0
OG0010173	0	0
OG0010174	0	0
OG0010175	0	0
OG0010176	0	0
OG0010177	0	0
OG0010178	0	0
OG0010179	0	0
OG0010180	0	0
OG0010181	0	0
OG0010182	0	0
OG0010183	0	0
OG0010184	0	0
OG0010185	0	0
OG0010186	0	0
OG0010187	0	0
OG0010188	0	0
OG0010189	0	0
OG0010190	0	0
OG0010191	0	0
OG0010192	0	0
OG0010193	0	0
OG0010194	0	0
OG0010195	0	0
OG0010196	0	0
OG0010197	0	0
OG0010198	0	0
OG0010199	0	0
OG0010200	0	0
OG0010201	0	0
OG0010202	0	0
OG0010203	0	0
OG0010204	0	0
OG0010205	0	0
OG0010206	0	0
OG0010207	0	0
OG0010208	0	0
OG0010209	0	0
OG0010210	0	0
OG0010211	0	0
OG0010212	0	0
OG0010213	0	0
OG0010214	0	0
OG0010215	0	0
OG0010216	0	0
OG0010217	0	0
OG0010218	0	0
OG0010219	0	0
OG0010220	0	0
OG0010221	0	0
OG0010222	0	0
OG0010223	0	0
OG0010224	0	0
OG0010225	0	0
OG0010226	0	0
OG0010227	0	0
OG0010228	0	0
OG0010229	0	0
OG0010230	0	0
OG0010231	0	0
OG0010232	0	0
OG0010233	0	0
OG0010234	0	0
OG0010235	0	0
OG0010236	0	0
OG0010237	0	0
OG0010238	0	0
OG0010239	0	0
OG0010240	0	0
OG0010241	0	0
OG0010242	0	0
OG0010243	0	0
OG0010244	0	0
OG0010245	0	0
OG0010246	0	0
OG0010247	0	0
OG0010248	0	0
OG0010249	0	0
OG0010250	0	0
OG0010251	0	0
OG0010252	0	0
OG0010253	0	0
OG0010254	0	0
OG0010255	0	0
OG0010256	0	0
OG0010257	0	0
OG0010258	0	0
OG0010259	0	0
OG0010260	0	0
OG0010261	0	0
OG0010262	0	0
OG0010263	0	0
OG0010264	0	0
OG0010265	0	0
OG0010266	0	0
OG0010267	0	0
OG0010268	0	0
OG0010269	0	0
OG0010270	0	0
OG0010271	0	0
OG0010272	0	0
OG0010273	0	0
OG0010274	0	0
OG0010275	0	0
OG0010276	0	0
OG0010277	0	0
OG0010278	0	0
OG0010279	0	0
OG0010280	0	0
OG0010281	0	0
OG0010282	0	0
OG0010283	0	0
OG0010284	0	0
OG0010285	0	0
OG0010286	0	0
OG0010287	0	0
OG0010288	0	0
OG0010289	0	0
OG0010290	0	0
OG0010291	0	0
OG0010292	0	0
OG0010293	0	0
OG0010294	0	0
OG0010295	0	0
OG0010296	0	0
OG0010297	0	0
OG0010298	0	0
OG0010299	0	0
OG0010300	0	0
OG0010301	0	0
OG0010302	0	0
OG0010303	0	0
OG0010304	0	0
OG0010305	0	0
OG0010306	0	0
OG0010307	0	0
OG0010308	0	0
OG0010309	0	0
OG0010310	0	0
OG0010311	0	0
OG0010312	0	0
OG0010313	0	0
OG0010314	0	0
OG0010315	0	0
OG0010316	0	0
OG0010317	0	0
OG0010318	0	0
OG0010319	0	0
OG0010320	0	0
OG0010321	0	0
OG0010322	0	0
OG0010323	0	0
OG0010324	0	0
OG0010325	0	0
OG0010326	0	0
OG0010327	0	0
OG0010328	0	0
OG0010329	0	0
OG0010330	0	0
OG0010331	0	0
OG0010332	0	0
OG0010333	0	0
OG0010334	0	0
OG0010335	0	0
OG0010336	0	0
OG0010337	0	0
OG0010338	0	0
OG0010339	0	0
OG0010340	0	0
OG0010341	0	0
OG0010342	0	0
OG0010343	0	0
OG0010344	0	0
OG0010345	0	0
OG0010346	0	0
OG0010347	0	0
OG0010348	0	0
OG0010349	0	0
OG0010350	0	0
OG0010351	0	0
OG0010352	0	0
OG0010353	0	0
OG0010354	0	0
OG0010355	0	0
OG0010356	0	0
OG0010357	0	0
OG0010358	0	0
OG0010359	0	0
OG0010360	0	0
OG0010361	0	0
OG0010362	0	0
OG0010363	0	0
OG0010364	0	0
OG0010365	0	0
OG0010366	0	0
OG0010367	0	0
OG0010368	0	0
OG0010369	0	0
OG0010370	0	0
OG0010371	0	0
OG0010372	0	0
OG0010373	0	0
OG0010374	0	0
OG0010375	0	0
OG0010376	0	0
OG0010377	0	0
OG0010378	0	0
OG0010379	0	0
OG0010380	0	0
OG0010381	0	0
OG0010382	0	0
OG0010383	0	0
OG0010384	0	0
OG0010385	0	0
OG0010386	0	0
OG0010387	0	0
OG0010388	0	0
OG0010389	0	0
OG0010390	0	0
OG0010391	0	0
OG0010392	0	0
OG0010393	0	0
OG0010394	0	0
OG0010395	0	0
OG0010396	0	0
OG0010397	0	0
OG0010398	0	0
OG0010399	0	0
OG0010400	0	0
OG0010401	0	0
OG0010402	0	0
OG0010403	0	0
OG0010404	0	0
OG0010405	0	0
OG0010406	0	0
OG0010407	0	0
OG0010408	0	0
OG0010409	0	0
OG0010410	0	0
OG0010411	0	0
OG0010412	0	0
OG0010413	0	0
OG0010414	0	0
OG0010415	0	0
OG0010416	0	0
OG0010417	0	0
OG0010418	0	0
OG0010419	0	0
OG0010420	0	0
OG0010421	0	0
OG0010422	0	0
OG0010423	0	0
OG0010424	0	0
OG0010425	0	0
OG0010426	0	0
OG0010427	0	0
OG0010428	0	0
OG0010429	0	0
OG0010430	0	0
OG0010431	0	0
OG0010432	0	0
OG0010433	0	0
OG0010434	0	0
OG0010435	0	0
OG0010436	0	0
OG0010437	0	0
OG0010438	0	0
OG0010439	0	0
OG0010440	0	0
OG0010441	0	0
OG0010442	0	0
OG0010443	0	0
OG0010444	0	0
OG0010445	0	0
OG0010446	0	0
OG0010447	0	0
OG0010448	0	0
OG0010449	0	0
OG0010450	0	0
OG0010451	0	0
OG0010452	0	0
OG0010453	0	0
OG0010454	0	0
OG0010455	0	0
OG0010456	0	0
OG0010457	0	0
OG0010458	0	0
OG0010459	0	0
OG0010460	0	0
OG0010461	0	0
OG0010462	0	0
OG0010463	0	0
OG0010464	0	0
OG0010465	0	0
OG0010466	0	0
OG0010467	0	0
OG0010468	0	0
OG0010469	0	0
OG0010470	0	0
OG0010471	0	0
OG0010472	0	0
OG0010473	0	0
OG0010474	0	0
OG0010475	0	0
OG0010476	0	0
OG0010477	0	0
OG0010478	0	0
OG0010479	0	0
OG0010480	0	0
OG0010481	0	0
OG0010482	0	0
OG0010483	0	0
OG0010484	0	0
OG0010485	0	0
OG0010486	0	0
OG0010487	0	0
OG0010488	0	0
OG0010489	0	0
OG0010490	0	0
OG0010491	0	0
OG0010492	0	0
OG0010493	0	0
OG0010494	0	0
OG0010495	0	0
OG0010496	0	0
OG0010497	0	0
OG0010498	0	0
OG0010499	0	0
OG0010500	0	0
OG0010501	0	0
OG0010502	0	0
OG0010503	0	0
OG0010504	0	0
OG0010505	0	0
OG0010506	0	0
OG0010507	0	0
OG0010508	0	0
OG0010509	0	0
OG0010510	0	0
OG0010511	0	0
OG0010512	0	0
OG0010513	0	0
OG0010514	0	0
OG0010515	0	0
OG0010516	0	0
OG0010517	0	0
OG0010518	0	0
OG0010519	0	0
OG0010520	0	0
OG0010521	0	0
OG0010522	0	0
OG0010523	0	0
OG0010524	0	0
OG0010525	0	0
OG0010526	0	0
OG0010527	0	0
OG0010528	0	0
OG0010529	0	0
OG0010530	0	0
OG0010531	0	0
OG0010532	0	0
OG0010533	0	0
OG0010534	0	0
OG0010535	0	0
OG0010536	0	0
OG0010537	0	0
OG0010538	0	0
OG0010539	0	0
OG0010540	0	0
OG0010541	0	0
OG0010542	0	0
OG0010543	0	0
OG0010544	0	0
OG0010545	0	0
OG0010546	0	0
OG0010547	0	0
OG0010548	0	0
OG0010549	0	0
OG0010550	0	0
OG0010551	0	0
OG0010552	0	0
OG0010553	0	0
OG0010554	0	0
OG0010555	0	0
OG0010556	0	0
OG0010557	0	0
OG0010558	0	0
OG0010559	0	0
OG0010560	0	0
OG0010561	0	0
OG0010562	0	0
OG0010563	0	0
OG0010564	0	0
OG0010565	0	0
OG0010566	0	0
OG0010567	0	0
OG0010568	0	0
OG0010569	0	0
OG0010570	0	0
OG0010571	0	0
OG0010572	0	0
OG0010573	0	0
OG0010574	0	0
OG0010575	0	0
OG0010576	0	0
OG0010577	0	0
OG0010578	0	0
OG0010579	0	0
OG0010580	0	0
OG0010581	0	0
OG0010582	0	0
OG0010583	0	0
OG0010584	0	0
OG0010585	0	0
OG0010586	0	0
OG0010587	0	0
OG0010588	0	0
OG0010589	0	0
OG0010590	0	0
OG0010591	0	0
OG0010592	0	0
OG0010593	0	0
OG0010594	0	0
OG0010595	0	0
OG0010596	0	0
OG0010597	0	0
OG0010598	0	0
OG0010599	0	0
OG0010600	0	0
OG0010601	0	0
OG0010602	0	0
OG0010603	0	0
OG0010604	0	0
OG0010605	0	0
OG0010606	0	0
OG0010607	0	0
OG0010608	0	0
OG0010609	0	0
OG0010610	0	0
OG0010611	0	0
OG0010612	0	0
OG0010613	0	0
OG0010614	0	0
OG0010615	0	0
OG0010616	0	0
OG0010617	0	0
OG0010618	0	0
OG0010619	0	0
OG0010620	0	0
OG0010621	0	0
OG0010622	0	0
OG0010623	0	0
OG0010624	0	0
OG0010625	0	0
OG0010626	0	0
OG0010627	0	0
OG0010628	0	0
OG0010629	0	0
OG0010630	0	0
OG0010631	0	0
OG0010632	0	0
OG0010633	0	0
OG0010634	0	0
OG0010635	0	0
OG0010636	0	0
OG0010637	0	0
OG0010638	0	0
OG0010639	0	0
OG0010640	0	0
OG0010641	0	0
OG0010642	0	0
OG0010643	0	0
OG0010644	0	0
OG0010645	0	0
OG0010646	0	0
OG0010647	0	0
OG0010648	0	0
OG0010649	0	0
OG0010650	0	0
OG0010651	0	0
OG0010652	0	0
OG0010653	0	0
OG0010654	0	0
OG0010655	0	0
OG0010656	0	0
OG0010657	0	0
OG0010658	0	0
OG0010659	0	0
OG0010660	0	0
OG0010661	0	0
OG0010662	0	0
OG0010663	0	0
OG0010664	0	0
OG0010665	0	0
OG0010666	0	0
OG0010667	0	0
OG0010668	0	0
OG0010669	0	0
OG0010670	0	0
OG0010671	0	0
OG0010672	0	0
OG0010673	0	0
OG0010674	0	0
OG0010675	0	0
OG0010676	0	0
OG0010677	0	0
OG0010678	0	0
OG0010679	0	0
OG0010680	0	0
OG0010681	0	0
OG0010682	0	0
OG0010683	0	0
OG0010684	0	0
OG0010685	0	0
OG0010686	0	0
OG0010687	0	0
OG0010688	0	0
OG0010689	0	0
OG0010690	0	0
OG0010691	0	0
OG0010692	0	0
OG0010693	0	0
OG0010694	0	0
OG0010695	0	0
OG0010696	0	0
OG0010697	0	0
OG0010698	0	0
OG0010699	0	0
OG0010700	0	0
OG0010701	0	0
OG0010702	0	0
OG0010703	0	0
OG0010704	0	0
OG0010705	0	0
OG0010706	0	0
OG0010707	0	0
OG0010708	0	0
OG0010709	0	0
OG0010710	0	0
OG0010711	0	0
OG0010712	0	0
OG0010713	0	0
OG0010714	0	0
OG0010715	0	0
OG0010716	0	0
OG0010717	0	0
OG0010718	0	0
OG0010719	0	0
OG0010720	0	0
OG0010721	0	0
OG0010722	0	0
OG0010723	0	0
OG0010724	0	0
OG0010725	0	0
OG0010726	0	0
OG0010727	0	0
OG0010728	0	0
OG0010729	0	0
OG0010730	0	0
OG0010731	0	0
OG0010732	0	0
OG0010733	0	0
OG0010734	0	0
OG0010735	0	0
OG0010736	0	0
OG0010737	0	0
OG0010738	0	0
OG0010739	0	0
OG0010740	0	0
OG0010741	0	0
OG0010742	0	0
OG0010743	0	0
OG0010744	0	0
OG0010745	0	0
OG0010746	0	0
OG0010747	0	0
OG0010748	0	0
OG0010749	0	0
OG0010750	0	0
OG0010751	0	0
OG0010752	0	0
OG0010753	0	0
OG0010754	0	0
OG0010755	0	0
OG0010756	0	0
OG0010757	0	0
OG0010758	0	0
OG0010759	0	0
OG0010760	0	0
OG0010761	0	0
OG0010762	0	0
OG0010763	0	0
OG0010764	0	0
OG0010765	0	0
OG0010766	0	0
OG0010767	0	0
OG0010768	0	0
OG0010769	0	0
OG0010770	0	0
OG0010771	0	0
OG0010772	0	0
OG0010773	0	0
OG0010774	0	0
OG0010775	0	0
OG0010776	0	0
OG0010777	0	0
OG0010778	0	0
OG0010779	0	0
OG0010780	0	0
OG0010781	0	0
OG0010782	0	0
OG0010783	0	0
OG0010784	0	0
OG0010785	0	0
OG0010786	0	0
OG0010787	0	0
OG0010788	0	0
OG0010789	0	0
OG0010790	0	0
OG0010791	0	0
OG0010792	0	0
OG0010793	0	0
OG0010794	0	0
OG0010795	0	0
OG0010796	0	0
OG0010797	0	0
OG0010798	0	0
OG0010799	0	0
OG0010800	0	0
OG0010801	0	0
OG0010802	0	0
OG0010803	0	0
OG0010804	0	0
OG0010805	0	0
OG0010806	0	0
OG0010807	0	0
OG0010808	0	0
OG0010809	0	0
OG0010810	0	0
OG0010811	0	0
OG0010812	0	0
OG0010813	0	0
OG0010814	0	0
OG0010815	0	0
OG0010816	0	0
OG0010817	0	0
OG0010818	0	0
OG0010819	0	0
OG0010820	0	0
OG0010821	0	0
OG0010822	0	0
OG0010823	1	1
OG0010824	0	0
OG0010825	0	0
OG0010826	0	0
OG0010827	0	0
OG0010828	0	0
OG0010829	0	0
OG0010830	0	0
OG0010831	0	0
OG0010832	0	0
OG0010833	0	0
OG0010834	0	0
OG0010835	0	0
OG0010836	0	0
OG0010837	0	0
OG0010838	0	0
OG0010839	0	0
OG0010840	0	0
OG0010841	0	0
OG0010842	0	0
OG0010843	0	0
OG0010844	0	0
OG0010845	0	0
OG0010846	0	0
OG0010847	0	0
OG0010848	0	0
OG0010849	0	0
OG0010850	0	0
OG0010851	0	0
OG0010852	0	0
OG0010853	0	0
OG0010854	0	0
OG0010855	0	0
OG0010856	0	0
OG0010857	0	0
OG0010858	0	0
OG0010859	0	0
OG0010860	0	0
OG0010861	0	0
OG0010862	0	0
OG0010863	0	0
OG0010864	0	0
OG0010865	0	0
OG0010866	0	0
OG0010867	0	0
OG0010868	0	0
OG0010869	0	0
OG0010870	0	0
OG0010871	0	0
OG0010872	0	0
OG0010873	0	0
OG0010874	0	0
OG0010875	0	0
OG0010876	0	0
OG0010877	0	0
OG0010878	0	0
OG0010879	0	0
OG0010880	0	0
OG0010881	0	0
OG0010882	0	0
OG0010883	0	0
OG0010884	0	0
OG0010885	0	0
OG0010886	0	0
OG0010887	0	0
OG0010888	0	0
OG0010889	0	0
OG0010890	0	0
OG0010891	0	0
OG0010892	0	0
OG0010893	0	0
OG0010894	0	0
OG0010895	0	0
OG0010896	0	0
OG0010897	0	0
OG0010898	0	0
OG0010899	0	0
OG0010900	0	0
OG0010901	0	0
OG0010902	0	0
OG0010903	0	0
OG0010904	0	0
OG0010905	0	0
OG0010906	0	0
OG0010907	0	0
OG0010908	0	0
OG0010909	0	0
OG0010910	0	0
OG0010911	0	0
OG0010912	0	0
OG0010913	0	0
OG0010914	0	0
OG0010915	0	0
OG0010916	0	0
OG0010917	0	0
OG0010918	0	0
OG0010919	0	0
OG0010920	0	0
OG0010921	0	0
OG0010922	0	0
OG0010923	0	0
OG0010924	0	0
OG0010925	0	0
OG0010926	0	0
OG0010927	0	0
OG0010928	0	0
OG0010929	0	0
OG0010930	0	0
OG0010931	0	0
OG0010932	0	0
OG0010933	0	0
OG0010934	0	0
OG0010935	0	0
OG0010936	0	0
OG0010937	0	0
OG0010938	0	0
OG0010939	0	0
OG0010940	0	0
OG0010941	0	0
OG0010942	0	0
OG0010943	0	0
OG0010944	0	0
OG0010945	0	0
OG0010946	0	0
OG0010947	0	0
OG0010948	0	0
OG0010949	0	0
OG0010950	0	0
OG0010951	0	0
OG0010952	0	0
OG0010953	2	2
OG0010954	0	0
OG0010955	0	0
OG0010956	0	0
OG0010957	0	0
OG0010958	0	0
OG0010959	0	0
OG0010960	0	0
OG0010961	0	0
OG0010962	0	0
OG0010963	0	0
OG0010964	0	0
OG0010965	0	0
OG0010966	0	0
OG0010967	0	0
OG0010968	0	0
OG0010969	0	0
OG0010970	0	0
OG0010971	0	0
OG0010972	0	0
OG0010973	0	0
OG0010974	0	0
OG0010975	0	0
OG0010976	0	0
OG0010977	0	0
OG0010978	0	0
OG0010979	0	0
OG0010980	0	0
OG0010981	0	0
OG0010982	0	0
OG0010983	0	0
OG0010984	0	0
OG0010985	0	0
OG0010986	0	0
OG0010987	0	0
OG0010988	0	0
OG0010989	0	0
OG0010990	0	0
OG0010991	0	0
OG0010992	0	0
OG0010993	0	0
OG0010994	0	0
OG0010995	0	0
OG0010996	0	0
OG0010997	0	0
OG0010998	0	0
OG0010999	0	0
OG0011000	0	0
OG0011001	0	0
OG0011002	0	0
OG0011003	0	0
OG0011004	0	0
OG0011005	0	0
OG0011006	0	0
OG0011007	0	0
OG0011008	0	0
OG0011009	0	0
OG0011010	0	0
OG0011011	0	0
OG0011012	0	0
OG0011013	0	0
OG0011014	0	0
OG0011015	0	0
OG0011016	1	1
OG0011017	2	2
OG0011018	1	1
OG0011019	1	1
OG0011020	1	1
OG0011021	2	2
OG0011022	1	1
OG0011023	1	1
OG0011024	2	2
OG0011025	7	7
OG0011026	0	0
OG0011027	6	6
OG0011028	2	2
OG0011029	3	3
OG0011030	0	0
OG0011031	0	0
OG0011032	0	0
OG0011033	0	0
OG0011034	0	0
OG0011035	0	0
OG0011036	0	0
OG0011037	0	0
OG0011038	0	0
OG0011039	1	1
OG0011040	1	1
OG0011041	1	1
OG0011042	0	0
OG0011043	8	8
OG0011044	7	7
OG0011045	0	0
OG0011046	0	0
OG0011047	0	0
OG0011048	0	0
OG0011049	0	0
OG0011050	0	0
OG0011051	0	0
OG0011052	0	0
OG0011053	1	1
OG0011054	0	0
OG0011055	0	0
OG0011056	2	2
OG0011057	0	0
OG0011058	0	0
OG0011059	0	0
OG0011060	0	0
OG0011061	0	0
OG0011062	0	0
OG0011063	0	0
OG0011064	0	0
OG0011065	0	0
OG0011066	0	0
OG0011067	0	0
OG0011068	0	0
OG0011069	0	0
OG0011070	0	0
OG0011071	0	0
OG0011072	0	0
OG0011073	0	0
OG0011074	0	0
OG0011075	0	0
OG0011076	1	1
OG0011077	0	0
OG0011078	0	0
OG0011079	0	0
OG0011080	0	0
OG0011081	0	0
OG0011082	0	0
OG0011083	0	0
OG0011084	0	0
OG0011085	0	0
OG0011086	0	0
OG0011087	0	0
OG0011088	0	0
OG0011089	0	0
OG0011090	0	0
OG0011091	0	0
OG0011092	0	0
OG0011093	0	0
OG0011094	0	0
OG0011095	0	0
OG0011096	1	1
OG0011097	0	0
OG0011098	0	0
OG0011099	0	0
OG0011100	0	0
OG0011101	0	0
OG0011102	0	0
OG0011103	3	3
OG0011104	0	0
OG0011105	0	0
OG0011106	0	0
OG0011107	0	0
OG0011108	0	0
OG0011109	0	0
OG0011110	0	0
OG0011111	0	0
OG0011112	0	0
OG0011113	0	0
OG0011114	0	0
OG0011115	3	3
OG0011116	0	0
OG0011117	0	0
OG0011118	0	0
OG0011119	0	0
OG0011120	0	0
OG0011121	0	0
OG0011122	0	0
OG0011123	0	0
OG0011124	0	0
OG0011125	0	0
OG0011126	0	0
OG0011127	0	0
OG0011128	0	0
OG0011129	0	0
OG0011130	0	0
OG0011131	0	0
OG0011132	1	1
OG0011133	0	0
OG0011134	0	0
OG0011135	0	0
OG0011136	0	0
OG0011137	0	0
OG0011138	0	0
OG0011139	0	0
OG0011140	0	0
OG0011141	0	0
OG0011142	0	0
OG0011143	0	0
OG0011144	0	0
OG0011145	0	0
OG0011146	0	0
OG0011147	0	0
OG0011148	0	0
OG0011149	0	0
OG0011150	0	0
OG0011151	0	0
OG0011152	0	0
OG0011153	0	0
OG0011154	0	0
OG0011155	0	0
OG0011156	0	0
OG0011157	0	0
OG0011158	0	0
OG0011159	0	0
OG0011160	0	0
OG0011161	0	0
OG0011162	0	0
OG0011163	0	0
OG0011164	0	0
OG0011165	0	0
OG0011166	0	0
OG0011167	0	0
OG0011168	0	0
OG0011169	0	0
OG0011170	0	0
OG0011171	0	0
OG0011172	0	0
OG0011173	0	0
OG0011174	0	0
OG0011175	0	0
OG0011176	0	0
OG0011177	0	0
OG0011178	0	0
OG0011179	4	4
OG0011180	0	0
OG0011181	1	1
OG0011182	0	0
OG0011183	0	0
OG0011184	0	0
OG0011185	5	3
OG0011186	0	0
OG0011187	0	0
OG0011188	0	0
OG0011189	0	0
OG0011190	3	3
OG0011191	10	10
OG0011192	2	2
OG0011193	0	0
OG0011194	1	1
OG0011195	0	0
OG0011196	0	0
OG0011197	0	0
OG0011198	1	1
OG0011199	1	1
OG0011200	0	0
OG0011201	8	8
OG0011202	0	0
OG0011203	0	0
OG0011204	0	0
OG0011205	0	0
OG0011206	0	0
OG0011207	0	0
OG0011208	0	0
OG0011209	0	0
OG0011210	1	1
OG0011211	0	0
OG0011212	0	0
OG0011213	0	0
OG0011214	0	0
OG0011215	0	0
OG0011216	0	0
OG0011217	0	0
OG0011218	0	0
OG0011219	0	0
OG0011220	0	0
OG0011221	0	0
OG0011222	0	0
OG0011223	0	0
OG0011224	0	0
OG0011225	0	0
OG0011226	0	0
OG0011227	0	0
OG0011228	0	0
OG0011229	1	1
OG0011230	0	0
OG0011231	0	0
OG0011232	0	0
OG0011233	0	0
OG0011234	0	0
OG0011235	0	0
OG0011236	1	1
OG0011237	0	0
OG0011238	0	0
OG0011239	0	0
OG0011240	0	0
OG0011241	0	0
OG0011242	0	0
OG0011243	0	0
OG0011244	0	0
OG0011245	2	2
OG0011246	0	0
OG0011247	0	0
OG0011248	0	0
OG0011249	0	0
OG0011250	0	0
OG0011251	0	0
OG0011252	0	0
OG0011253	0	0
OG0011254	0	0
OG0011255	0	0
OG0011256	0	0
OG0011257	0	0
OG0011258	0	0
OG0011259	0	0
OG0011260	0	0
OG0011261	0	0
OG0011262	0	0
OG0011263	0	0
OG0011264	0	0
OG0011265	0	0
OG0011266	0	0
OG0011267	0	0
OG0011268	0	0
OG0011269	0	0
OG0011270	0	0
OG0011271	0	0
OG0011272	0	0
OG0011273	0	0
OG0011274	0	0
OG0011275	0	0
OG0011276	0	0
OG0011277	0	0
OG0011278	0	0
OG0011279	0	0
OG0011280	0	0
OG0011281	0	0
OG0011282	0	0
OG0011283	0	0
OG0011284	0	0
OG0011285	0	0
OG0011286	0	0
OG0011287	0	0
OG0011288	0	0
OG0011289	0	0
OG0011290	0	0
OG0011291	0	0
OG0011292	0	0
OG0011293	0	0
OG0011294	0	0
OG0011295	0	0
OG0011296	0	0
OG0011297	0	0
OG0011298	0	0
OG0011299	0	0
OG0011300	0	0
OG0011301	0	0
OG0011302	0	0
OG0011303	0	0
OG0011304	0	0
OG0011305	0	0
OG0011306	0	0
OG0011307	0	0
OG0011308	0	0
OG0011309	0	0
OG0011310	0	0
OG0011311	0	0
OG0011312	0	0
OG0011313	0	0
OG0011314	0	0
OG0011315	0	0
OG0011316	0	0
OG0011317	0	0
OG0011318	0	0
OG0011319	0	0
OG0011320	0	0
OG0011321	0	0
OG0011322	0	0
OG0011323	0	0
OG0011324	0	0
OG0011325	0	0
OG0011326	0	0
OG0011327	0	0
OG0011328	0	0
OG0011329	0	0
OG0011330	0	0
OG0011331	0	0
OG0011332	0	0
OG0011333	0	0
OG0011334	0	0
OG0011335	0	0
OG0011336	0	0
OG0011337	0	0
OG0011338	0	0
OG0011339	0	0
OG0011340	0	0
OG0011341	0	0
OG0011342	0	0
OG0011343	0	0
OG0011344	0	0
OG0011345	0	0
OG0011346	0	0
OG0011347	0	0
OG0011348	0	0
OG0011349	0	0
OG0011350	0	0
OG0011351	0	0
OG0011352	0	0
OG0011353	0	0
OG0011354	0	0
OG0011355	0	0
OG0011356	0	0
OG0011357	0	0
OG0011358	0	0
OG0011359	0	0
OG0011360	0	0
OG0011361	0	0
OG0011362	0	0
OG0011363	0	0
OG0011364	0	0
OG0011365	0	0
OG0011366	0	0
OG0011367	0	0
OG0011368	0	0
OG0011369	0	0
OG0011370	0	0
OG0011371	0	0
OG0011372	0	0
OG0011373	0	0
OG0011374	0	0
OG0011375	0	0
OG0011376	0	0
OG0011377	0	0
OG0011378	0	0
OG0011379	0	0
OG0011380	0	0
OG0011381	0	0
OG0011382	0	0
OG0011383	0	0
OG0011384	0	0
OG0011385	0	0
OG0011386	0	0
OG0011387	0	0
OG0011388	0	0
OG0011389	0	0
OG0011390	0	0
OG0011391	0	0
OG0011392	0	0
OG0011393	1	1
OG0011394	0	0
OG0011395	0	0
OG0011396	0	0
OG0011397	0	0
OG0011398	0	0
OG0011399	0	0
OG0011400	0	0
OG0011401	2	2
OG0011402	0	0
OG0011403	0	0
OG0011404	0	0
OG0011405	0	0
OG0011406	1	1
OG0011407	0	0
OG0011408	0	0
OG0011409	0	0
OG0011410	0	0
OG0011411	0	0
OG0011412	0	0
OG0011413	0	0
OG0011414	0	0
OG0011415	0	0
OG0011416	0	0
OG0011417	1	1
OG0011418	0	0
OG0011419	0	0
OG0011420	1	1
OG0011421	0	0
OG0011422	0	0
OG0011423	0	0
OG0011424	0	0
OG0011425	0	0
OG0011426	0	0
OG0011427	0	0
OG0011428	0	0
OG0011429	0	0
OG0011430	0	0
OG0011431	1	1
OG0011432	0	0
OG0011433	0	0
OG0011434	0	0
OG0011435	0	0
OG0011436	0	0
OG0011437	0	0
OG0011438	0	0
OG0011439	0	0
OG0011440	0	0
OG0011441	1	1
OG0011442	0	0
OG0011443	0	0
OG0011444	0	0
OG0011445	0	0
OG0011446	0	0
OG0011447	0	0
OG0011448	0	0
OG0011449	2	2
OG0011450	0	0
OG0011451	0	0
OG0011452	0	0
OG0011453	0	0
OG0011454	1	1
OG0011455	0	0
OG0011456	0	0
OG0011457	0	0
OG0011458	0	0
OG0011459	0	0
OG0011460	0	0
OG0011461	0	0
OG0011462	0	0
OG0011463	0	0
OG0011464	0	0
OG0011465	0	0
OG0011466	0	0
OG0011467	0	0
OG0011468	0	0
OG0011469	0	0
OG0011470	0	0
OG0011471	0	0
OG0011472	0	0
OG0011473	0	0
OG0011474	0	0
OG0011475	0	0
OG0011476	0	0
OG0011477	0	0
OG0011478	0	0
OG0011479	0	0
OG0011480	0	0
OG0011481	0	0
OG0011482	0	0
OG0011483	0	0
OG0011484	0	0
OG0011485	0	0
OG0011486	0	0
OG0011487	2	2
OG0011488	0	0
OG0011489	0	0
OG0011490	0	0
OG0011491	0	0
OG0011492	0	0
OG0011493	0	0
OG0011494	0	0
OG0011495	0	0
OG0011496	0	0
OG0011497	0	0
OG0011498	0	0
OG0011499	0	0
OG0011500	0	0
OG0011501	0	0
OG0011502	0	0
OG0011503	0	0
OG0011504	0	0
OG0011505	0	0
OG0011506	0	0
OG0011507	0	0
OG0011508	0	0
OG0011509	0	0
OG0011510	0	0
OG0011511	0	0
OG0011512	0	0
OG0011513	0	0
OG0011514	0	0
OG0011515	0	0
OG0011516	0	0
OG0011517	0	0
OG0011518	0	0
OG0011519	0	0
OG0011520	0	0
OG0011521	0	0
OG0011522	0	0
OG0011523	0	0
OG0011524	0	0
OG0011525	0	0
OG0011526	0	0
OG0011527	0	0
OG0011528	0	0
OG0011529	0	0
OG0011530	0	0
OG0011531	0	0
OG0011532	0	0
OG0011533	0	0
OG0011534	0	0
OG0011535	0	0
OG0011536	0	0
OG0011537	0	0
OG0011538	0	0
OG0011539	0	0
OG0011540	0	0
OG0011541	0	0
OG0011542	0	0
OG0011543	0	0
OG0011544	0	0
OG0011545	0	0
OG0011546	0	0
OG0011547	0	0
OG0011548	0	0
OG0011549	0	0
OG0011550	0	0
OG0011551	0	0
OG0011552	0	0
OG0011553	0	0
OG0011554	0	0
OG0011555	0	0
OG0011556	0	0
OG0011557	0	0
OG0011558	1	1
OG0011559	0	0
OG0011560	0	0
OG0011561	0	0
OG0011562	0	0
OG0011563	0	0
OG0011564	0	0
OG0011565	0	0
OG0011566	0	0
OG0011567	0	0
OG0011568	0	0
OG0011569	0	0
OG0011570	0	0
OG0011571	0	0
OG0011572	0	0
OG0011573	0	0
OG0011574	0	0
OG0011575	0	0
OG0011576	0	0
OG0011577	0	0
OG0011578	0	0
OG0011579	0	0
OG0011580	0	0
OG0011581	0	0
OG0011582	0	0
OG0011583	0	0
OG0011584	0	0
OG0011585	0	0
OG0011586	0	0
OG0011587	0	0
OG0011588	0	0
OG0011589	0	0
OG0011590	0	0
OG0011591	0	0
OG0011592	1	1
OG0011593	0	0
OG0011594	0	0
OG0011595	0	0
OG0011596	0	0
OG0011597	0	0
OG0011598	0	0
OG0011599	0	0
OG0011600	0	0
OG0011601	0	0
OG0011602	0	0
OG0011603	0	0
OG0011604	0	0
OG0011605	0	0
OG0011606	0	0
OG0011607	0	0
OG0011608	0	0
OG0011609	0	0
OG0011610	0	0
OG0011611	0	0
OG0011612	0	0
OG0011613	0	0
OG0011614	0	0
OG0011615	0	0
OG0011616	0	0
OG0011617	0	0
OG0011618	0	0
OG0011619	0	0
OG0011620	0	0
OG0011621	1	1
OG0011622	0	0
OG0011623	0	0
OG0011624	0	0
OG0011625	0	0
OG0011626	0	0
OG0011627	0	0
OG0011628	0	0
OG0011629	0	0
OG0011630	0	0
OG0011631	0	0
OG0011632	0	0
OG0011633	0	0
OG0011634	0	0
OG0011635	0	0
OG0011636	0	0
OG0011637	0	0
OG0011638	0	0
OG0011639	0	0
OG0011640	0	0
OG0011641	0	0
OG0011642	0	0
OG0011643	0	0
OG0011644	0	0
OG0011645	0	0
OG0011646	0	0
OG0011647	0	0
OG0011648	0	0
OG0011649	0	0
OG0011650	0	0
OG0011651	0	0
OG0011652	0	0
OG0011653	0	0
OG0011654	0	0
OG0011655	0	0
OG0011656	0	0
OG0011657	0	0
OG0011658	0	0
OG0011659	0	0
OG0011660	0	0
OG0011661	0	0
OG0011662	0	0
OG0011663	0	0
OG0011664	0	0
OG0011665	0	0
OG0011666	0	0
OG0011667	0	0
OG0011668	0	0
OG0011669	0	0
OG0011670	0	0
OG0011671	0	0
OG0011672	0	0
OG0011673	0	0
OG0011674	0	0
OG0011675	0	0
OG0011676	0	0
OG0011677	0	0
OG0011678	0	0
OG0011679	0	0
OG0011680	0	0
OG0011681	0	0
OG0011682	0	0
OG0011683	0	0
OG0011684	0	0
OG0011685	0	0
OG0011686	0	0
OG0011687	0	0
OG0011688	0	0
OG0011689	0	0
OG0011690	0	0
OG0011691	0	0
OG0011692	0	0
OG0011693	0	0
OG0011694	0	0
OG0011695	0	0
OG0011696	0	0
OG0011697	0	0
OG0011698	0	0
OG0011699	0	0
OG0011700	0	0
OG0011701	0	0
OG0011702	0	0
OG0011703	0	0
OG0011704	0	0
OG0011705	0	0
OG0011706	0	0
OG0011707	0	0
OG0011708	0	0
OG0011709	0	0
OG0011710	0	0
OG0011711	0	0
OG0011712	0	0
OG0011713	0	0
OG0011714	0	0
OG0011715	0	0
OG0011716	0	0
OG0011717	0	0
OG0011718	0	0
OG0011719	0	0
OG0011720	0	0
OG0011721	0	0
OG0011722	0	0
OG0011723	0	0
OG0011724	0	0
OG0011725	0	0
OG0011726	0	0
OG0011727	0	0
OG0011728	0	0
OG0011729	2	1
OG0011730	0	0
OG0011731	0	0
OG0011732	0	0
OG0011733	0	0
OG0011734	0	0
OG0011735	0	0
OG0011736	0	0
OG0011737	0	0
OG0011738	0	0
OG0011739	0	0
OG0011740	0	0
OG0011741	0	0
OG0011742	2	2
OG0011743	0	0
OG0011744	0	0
OG0011745	4	4
OG0011746	1	1
OG0011747	0	0
OG0011748	0	0
OG0011749	1	1
OG0011750	0	0
OG0011751	2	2
OG0011752	0	0
OG0011753	0	0
OG0011754	0	0
OG0011755	0	0
OG0011756	0	0
OG0011757	0	0
OG0011758	0	0
OG0011759	0	0
OG0011760	0	0
OG0011761	0	0
OG0011762	0	0
OG0011763	2	2
OG0011764	0	0
OG0011765	0	0
OG0011766	0	0
OG0011767	0	0
OG0011768	0	0
OG0011769	0	0
OG0011770	2	1
OG0011771	0	0
OG0011772	1	1
OG0011773	3	3
OG0011774	10	10
OG0011775	4	4
OG0011776	8	8
OG0011777	0	0
OG0011778	0	0
OG0011779	0	0
OG0011780	0	0
OG0011781	1	1
OG0011782	1	1
OG0011783	0	0
OG0011784	0	0
OG0011785	0	0
OG0011786	0	0
OG0011787	1	1
OG0011788	0	0
OG0011789	0	0
OG0011790	0	0
OG0011791	0	0
OG0011792	0	0
OG0011793	0	0
OG0011794	0	0
OG0011795	0	0
OG0011796	0	0
OG0011797	0	0
OG0011798	0	0
OG0011799	0	0
OG0011800	1	1
OG0011801	0	0
OG0011802	9	9
OG0011803	0	0
OG0011804	0	0
OG0011805	0	0
OG0011806	0	0
OG0011807	0	0
OG0011808	0	0
OG0011809	1	1
OG0011810	0	0
OG0011811	0	0
OG0011812	0	0
OG0011813	0	0
OG0011814	0	0
OG0011815	0	0
OG0011816	0	0
OG0011817	0	0
OG0011818	1	1
OG0011819	0	0
OG0011820	0	0
OG0011821	0	0
OG0011822	0	0
OG0011823	0	0
OG0011824	0	0
OG0011825	0	0
OG0011826	0	0
OG0011827	0	0
OG0011828	0	0
OG0011829	5	5
OG0011830	0	0
OG0011831	0	0
OG0011832	0	0
OG0011833	0	0
OG0011834	0	0
OG0011835	0	0
OG0011836	0	0
OG0011837	0	0
OG0011838	0	0
OG0011839	0	0
OG0011840	0	0
OG0011841	0	0
OG0011842	1	1
OG0011843	0	0
OG0011844	0	0
OG0011845	0	0
OG0011846	0	0
OG0011847	0	0
OG0011848	0	0
OG0011849	2	2
OG0011850	0	0
OG0011851	0	0
OG0011852	5	5
OG0011853	1	1
OG0011854	0	0
OG0011855	0	0
OG0011856	0	0
OG0011857	0	0
OG0011858	0	0
OG0011859	0	0
OG0011860	1	1
OG0011861	0	0
OG0011862	1	1
OG0011863	0	0
OG0011864	0	0
OG0011865	0	0
OG0011866	0	0
OG0011867	0	0
OG0011868	0	0
OG0011869	0	0
OG0011870	0	0
OG0011871	0	0
OG0011872	0	0
OG0011873	0	0
OG0011874	0	0
OG0011875	0	0
OG0011876	0	0
OG0011877	0	0
OG0011878	0	0
OG0011879	0	0
OG0011880	0	0
OG0011881	0	0
OG0011882	0	0
OG0011883	0	0
OG0011884	0	0
OG0011885	0	0
OG0011886	0	0
OG0011887	0	0
OG0011888	0	0
OG0011889	0	0
OG0011890	2	2
OG0011891	0	0
OG0011892	0	0
OG0011893	0	0
OG0011894	0	0
OG0011895	0	0
OG0011896	0	0
OG0011897	0	0
OG0011898	0	0
OG0011899	0	0
OG0011900	0	0
OG0011901	0	0
OG0011902	0	0
OG0011903	0	0
OG0011904	0	0
OG0011905	0	0
OG0011906	0	0
OG0011907	0	0
OG0011908	0	0
OG0011909	0	0
OG0011910	0	0
OG0011911	0	0
OG0011912	0	0
OG0011913	0	0
OG0011914	0	0
OG0011915	0	0
OG0011916	0	0
OG0011917	0	0
OG0011918	0	0
OG0011919	1	1
OG0011920	0	0
OG0011921	0	0
OG0011922	0	0
OG0011923	0	0
OG0011924	0	0
OG0011925	0	0
OG0011926	0	0
OG0011927	0	0
OG0011928	0	0
OG0011929	0	0
OG0011930	0	0
OG0011931	0	0
OG0011932	0	0
OG0011933	0	0
OG0011934	0	0
OG0011935	0	0
OG0011936	1	1
OG0011937	0	0
OG0011938	0	0
OG0011939	0	0
OG0011940	0	0
OG0011941	0	0
OG0011942	0	0
OG0011943	0	0
OG0011944	0	0
OG0011945	0	0
OG0011946	0	0
OG0011947	0	0
OG0011948	0	0
OG0011949	0	0
OG0011950	1	1
OG0011951	0	0
OG0011952	0	0
OG0011953	0	0
OG0011954	0	0
OG0011955	0	0
OG0011956	0	0
OG0011957	0	0
OG0011958	0	0
OG0011959	0	0
OG0011960	0	0
OG0011961	0	0
OG0011962	0	0
OG0011963	0	0
OG0011964	0	0
OG0011965	0	0
OG0011966	0	0
OG0011967	0	0
OG0011968	0	0
OG0011969	0	0
OG0011970	0	0
OG0011971	0	0
OG0011972	0	0
OG0011973	0	0
OG0011974	0	0
OG0011975	0	0
OG0011976	0	0
OG0011977	0	0
OG0011978	0	0
OG0011979	0	0
OG0011980	0	0
OG0011981	0	0
OG0011982	0	0
OG0011983	1	1
OG0011984	0	0
OG0011985	0	0
OG0011986	0	0
OG0011987	0	0
OG0011988	0	0
OG0011989	0	0
OG0011990	0	0
OG0011991	0	0
OG0011992	0	0
OG0011993	0	0
OG0011994	0	0
OG0011995	0	0
OG0011996	0	0
OG0011997	0	0
OG0011998	0	0
OG0011999	0	0
OG0012000	0	0
OG0012001	0	0
OG0012002	0	0
OG0012003	0	0
OG0012004	0	0
OG0012005	0	0
OG0012006	0	0
OG0012007	0	0
OG0012008	0	0
OG0012009	0	0
OG0012010	1	1
OG0012011	0	0
OG0012012	0	0
OG0012013	0	0
OG0012014	0	0
OG0012015	0	0
OG0012016	0	0
OG0012017	0	0
OG0012018	0	0
OG0012019	0	0
OG0012020	0	0
OG0012021	0	0
OG0012022	0	0
OG0012023	0	0
OG0012024	0	0
OG0012025	2	2
OG0012026	0	0
OG0012027	0	0
OG0012028	0	0
OG0012029	1	1
OG0012030	0	0
OG0012031	0	0
OG0012032	0	0
OG0012033	0	0
OG0012034	0	0
OG0012035	0	0
OG0012036	1	1
OG0012037	0	0
OG0012038	0	0
OG0012039	0	0
OG0012040	0	0
OG0012041	0	0
OG0012042	0	0
OG0012043	0	0
OG0012044	0	0
OG0012045	0	0
OG0012046	0	0
OG0012047	0	0
OG0012048	0	0
OG0012049	0	0
OG0012050	0	0
OG0012051	0	0
OG0012052	0	0
OG0012053	0	0
OG0012054	1	1
OG0012055	0	0
OG0012056	0	0
OG0012057	0	0
OG0012058	0	0
OG0012059	0	0
OG0012060	1	1
OG0012061	0	0
OG0012062	0	0
OG0012063	0	0
OG0012064	0	0
OG0012065	0	0
OG0012066	0	0
OG0012067	0	0
OG0012068	0	0
OG0012069	0	0
OG0012070	0	0
OG0012071	0	0
OG0012072	0	0
OG0012073	0	0
OG0012074	0	0
OG0012075	0	0
OG0012076	0	0
OG0012077	0	0
OG0012078	0	0
OG0012079	0	0
OG0012080	0	0
OG0012081	0	0
OG0012082	0	0
OG0012083	0	0
OG0012084	0	0
OG0012085	0	0
OG0012086	0	0
OG0012087	0	0
OG0012088	0	0
OG0012089	0	0
OG0012090	0	0
OG0012091	0	0
OG0012092	0	0
OG0012093	0	0
OG0012094	0	0
OG0012095	0	0
OG0012096	0	0
OG0012097	0	0
OG0012098	0	0
OG0012099	2	2
OG0012100	3	3
OG0012101	0	0
OG0012102	0	0
OG0012103	1	0
OG0012104	1	1
OG0012105	0	0
OG0012106	0	0
OG0012107	0	0
OG0012108	3	3
OG0012109	0	0
OG0012110	0	0
OG0012111	0	0
OG0012112	0	0
OG0012113	1	1
OG0012114	0	0
OG0012115	2	2
OG0012116	0	0
OG0012117	0	0
OG0012118	0	0
OG0012119	1	1
OG0012120	0	0
OG0012121	1	1
OG0012122	0	0
OG0012123	0	0
OG0012124	6	6
OG0012125	3	1
OG0012126	3	3
OG0012127	0	0
OG0012128	4	4
OG0012129	8	8
OG0012130	8	8
OG0012131	6	6
OG0012132	0	0
OG0012133	6	6
OG0012134	0	0
OG0012135	2	2
OG0012136	0	0
OG0012137	1	1
OG0012138	0	0
OG0012139	0	0
OG0012140	0	0
OG0012141	0	0
OG0012142	0	0
OG0012143	0	0
OG0012144	0	0
OG0012145	0	0
OG0012146	0	0
OG0012147	0	0
OG0012148	1	1
OG0012149	0	0
OG0012150	0	0
OG0012151	0	0
OG0012152	0	0
OG0012153	0	0
OG0012154	1	1
OG0012155	0	0
OG0012156	0	0
OG0012157	0	0
OG0012158	1	1
OG0012159	0	0
OG0012160	0	0
OG0012161	1	1
OG0012162	3	3
OG0012163	1	1
OG0012164	1	1
OG0012165	1	1
OG0012166	2	2
OG0012167	0	0
OG0012168	0	0
OG0012169	0	0
OG0012170	0	0
OG0012171	0	0
OG0012172	0	0
OG0012173	0	0
OG0012174	0	0
OG0012175	0	0
OG0012176	7	7
OG0012177	0	0
OG0012178	5	5
OG0012179	0	0
OG0012180	0	0
OG0012181	1	1
OG0012182	0	0
OG0012183	0	0
OG0012184	0	0
OG0012185	0	0
OG0012186	0	0
OG0012187	0	0
OG0012188	0	0
OG0012189	0	0
OG0012190	1	0
OG0012191	1	1
OG0012192	1	1
OG0012193	1	1
OG0012194	0	0
OG0012195	0	0
OG0012196	0	0
OG0012197	0	0
OG0012198	0	0
OG0012199	0	0
OG0012200	0	0
OG0012201	0	0
OG0012202	3	3
OG0012203	0	0
OG0012204	0	0
OG0012205	0	0
OG0012206	0	0
OG0012207	0	0
OG0012208	0	0
OG0012209	0	0
OG0012210	0	0
OG0012211	0	0
OG0012212	0	0
OG0012213	0	0
OG0012214	0	0
OG0012215	0	0
OG0012216	0	0
OG0012217	0	0
OG0012218	0	0
OG0012219	0	0
OG0012220	0	0
OG0012221	0	0
OG0012222	0	0
OG0012223	0	0
OG0012224	0	0
OG0012225	1	1
OG0012226	0	0
OG0012227	0	0
OG0012228	0	0
OG0012229	0	0
OG0012230	1	1
OG0012231	0	0
OG0012232	0	0
OG0012233	0	0
OG0012234	0	0
OG0012235	1	1
OG0012236	1	1
OG0012237	0	0
OG0012238	1	1
OG0012239	0	0
OG0012240	0	0
OG0012241	0	0
OG0012242	0	0
OG0012243	0	0
OG0012244	0	0
OG0012245	0	0
OG0012246	4	4
OG0012247	0	0
OG0012248	0	0
OG0012249	0	0
OG0012250	1	1
OG0012251	0	0
OG0012252	0	0
OG0012253	0	0
OG0012254	1	1
OG0012255	0	0
OG0012256	0	0
OG0012257	0	0
OG0012258	0	0
OG0012259	0	0
OG0012260	0	0
OG0012261	0	0
OG0012262	0	0
OG0012263	0	0
OG0012264	0	0
OG0012265	0	0
OG0012266	0	0
OG0012267	0	0
OG0012268	1	1
OG0012269	0	0
OG0012270	0	0
OG0012271	0	0
OG0012272	0	0
OG0012273	0	0
OG0012274	0	0
OG0012275	0	0
OG0012276	0	0
OG0012277	0	0
OG0012278	1	1
OG0012279	0	0
OG0012280	0	0
OG0012281	7	7
OG0012282	0	0
OG0012283	0	0
OG0012284	0	0
OG0012285	0	0
OG0012286	0	0
OG0012287	0	0
OG0012288	0	0
OG0012289	0	0
OG0012290	0	0
OG0012291	0	0
OG0012292	0	0
OG0012293	0	0
OG0012294	0	0
OG0012295	0	0
OG0012296	0	0
OG0012297	0	0
OG0012298	0	0
OG0012299	0	0
OG0012300	0	0
OG0012301	1	1
OG0012302	1	1
OG0012303	0	0
OG0012304	1	1
OG0012305	0	0
OG0012306	0	0
OG0012307	0	0
OG0012308	0	0
OG0012309	0	0
OG0012310	1	1
OG0012311	2	2
OG0012312	0	0
OG0012313	0	0
OG0012314	1	0
OG0012315	0	0
OG0012316	7	7
OG0012317	0	0
OG0012318	0	0
OG0012319	0	0
OG0012320	0	0
OG0012321	0	0
OG0012322	0	0
OG0012323	0	0
OG0012324	0	0
OG0012325	1	1
OG0012326	0	0
OG0012327	1	1
OG0012328	0	0
OG0012329	0	0
OG0012330	0	0
OG0012331	0	0
OG0012332	0	0
OG0012333	1	1
OG0012334	0	0
OG0012335	0	0
OG0012336	0	0
OG0012337	6	6
OG0012338	0	0
OG0012339	0	0
OG0012340	0	0
OG0012341	0	0
OG0012342	0	0
OG0012343	0	0
OG0012344	0	0
OG0012345	1	1
OG0012346	1	1
OG0012347	0	0
OG0012348	4	4
OG0012349	3	3
OG0012350	2	2
OG0012351	4	4
OG0012352	7	7
OG0012353	3	3
OG0012354	4	4
OG0012355	4	4
OG0012356	6	6
OG0012357	0	0
OG0012358	5	5
OG0012359	1	1
OG0012360	4	4
OG0012361	1	1
OG0012362	0	0
OG0012363	0	0
OG0012364	0	0
OG0012365	0	0
OG0012366	1	1
OG0012367	0	0
OG0012368	0	0
OG0012369	6	6
OG0012370	1	1
OG0012371	0	0
OG0012372	4	4
OG0012373	0	0
OG0012374	2	2
OG0012375	0	0
OG0012376	0	0
OG0012377	0	0
OG0012378	0	0
OG0012379	0	0
OG0012380	0	0
OG0012381	0	0
OG0012382	1	1
OG0012383	0	0
OG0012384	0	0
OG0012385	0	0
OG0012386	7	7
OG0012387	0	0
OG0012388	0	0
OG0012389	0	0
OG0012390	0	0
OG0012391	0	0
OG0012392	0	0
OG0012393	0	0
OG0012394	0	0
OG0012395	0	0
OG0012396	3	3
OG0012397	1	1
OG0012398	1	0
OG0012399	0	0
OG0012400	0	0
OG0012401	0	0
OG0012402	0	0
OG0012403	0	0
OG0012404	4	4
OG0012405	0	0
OG0012406	0	0
OG0012407	0	0
OG0012408	0	0
OG0012409	0	0
OG0012410	0	0
OG0012411	0	0
OG0012412	0	0
OG0012413	0	0
OG0012414	0	0
OG0012415	0	0
OG0012416	0	0
OG0012417	0	0
OG0012418	0	0
OG0012419	0	0
OG0012420	0	0
OG0012421	0	0
OG0012422	0	0
OG0012423	0	0
OG0012424	0	0
OG0012425	0	0
OG0012426	0	0
OG0012427	2	2
OG0012428	0	0
OG0012429	0	0
OG0012430	0	0
OG0012431	0	0
OG0012432	0	0
OG0012433	0	0
OG0012434	0	0
OG0012435	0	0
OG0012436	0	0
OG0012437	0	0
OG0012438	0	0
OG0012439	0	0
OG0012440	0	0
OG0012441	0	0
OG0012442	0	0
OG0012443	0	0
OG0012444	0	0
OG0012445	0	0
OG0012446	0	0
OG0012447	0	0
OG0012448	0	0
OG0012449	0	0
OG0012450	0	0
OG0012451	0	0
OG0012452	0	0
OG0012453	0	0
OG0012454	0	0
OG0012455	0	0
OG0012456	0	0
OG0012457	0	0
OG0012458	0	0
OG0012459	0	0
OG0012460	0	0
OG0012461	0	0
OG0012462	0	0
OG0012463	0	0
OG0012464	0	0
OG0012465	0	0
OG0012466	0	0
OG0012467	0	0
OG0012468	0	0
OG0012469	0	0
OG0012470	0	0
OG0012471	0	0
OG0012472	0	0
OG0012473	0	0
OG0012474	0	0
OG0012475	0	0
OG0012476	0	0
OG0012477	0	0
OG0012478	0	0
OG0012479	0	0
OG0012480	0	0
OG0012481	0	0
OG0012482	0	0
OG0012483	0	0
OG0012484	0	0
OG0012485	0	0
OG0012486	0	0
OG0012487	0	0
OG0012488	0	0
OG0012489	0	0
OG0012490	0	0
OG0012491	0	0
OG0012492	0	0
OG0012493	0	0
OG0012494	0	0
OG0012495	0	0
OG0012496	0	0
OG0012497	0	0
OG0012498	5	5
OG0012499	0	0
OG0012500	0	0
OG0012501	0	0
OG0012502	0	0
OG0012503	0	0
OG0012504	0	0
OG0012505	0	0
OG0012506	0	0
OG0012507	1	1
OG0012508	2	2
OG0012509	0	0
OG0012510	1	1
OG0012511	1	1
OG0012512	0	0
OG0012513	0	0
OG0012514	1	1
OG0012515	0	0
OG0012516	0	0
OG0012517	0	0
OG0012518	0	0
OG0012519	0	0
OG0012520	0	0
OG0012521	0	0
OG0012522	1	1
OG0012523	0	0
OG0012524	0	0
OG0012525	0	0
OG0012526	0	0
OG0012527	0	0
OG0012528	0	0
OG0012529	0	0
OG0012530	0	0
OG0012531	0	0
OG0012532	0	0
OG0012533	0	0
OG0012534	0	0
OG0012535	1	1
OG0012536	0	0
OG0012537	0	0
OG0012538	6	6
OG0012539	1	1
OG0012540	6	6
OG0012541	1	1
OG0012542	1	1
OG0012543	1	1
OG0012544	0	0
OG0012545	2	2
OG0012546	0	0
OG0012547	1	1
OG0012548	0	0
OG0012549	7	7
OG0012550	7	7
OG0012551	7	7
OG0012552	4	4
OG0012553	7	7
OG0012554	4	4
OG0012555	4	4
OG0012556	0	0
OG0012557	4	4
OG0012558	0	0
OG0012559	4	4
OG0012560	4	4
OG0012561	0	0
OG0012562	0	0
OG0012563	5	5
OG0012564	2	2
OG0012565	0	0
OG0012566	1	1
OG0012567	2	2
OG0012568	0	0
OG0012569	0	0
OG0012570	3	3
OG0012571	0	0
OG0012572	0	0
OG0012573	0	0
OG0012574	0	0
OG0012575	2	2
OG0012576	0	0
OG0012577	1	1
OG0012578	0	0
OG0012579	0	0
OG0012580	6	6
OG0012581	0	0
OG0012582	0	0
OG0012583	0	0
OG0012584	0	0
OG0012585	0	0
OG0012586	0	0
OG0012587	0	0
OG0012588	0	0
OG0012589	0	0
OG0012590	0	0
OG0012591	1	1
OG0012592	0	0
OG0012593	3	3
OG0012594	1	1
OG0012595	0	0
OG0012596	1	1
OG0012597	0	0
OG0012598	1	0
OG0012599	0	0
OG0012600	0	0
OG0012601	1	1
OG0012602	0	0
OG0012603	0	0
OG0012604	0	0
OG0012605	0	0
OG0012606	0	0
OG0012607	0	0
OG0012608	0	0
OG0012609	0	0
OG0012610	0	0
OG0012611	0	0
OG0012612	0	0
OG0012613	0	0
OG0012614	1	1
OG0012615	0	0
OG0012616	0	0
OG0012617	0	0
OG0012618	0	0
OG0012619	0	0
OG0012620	5	5
OG0012621	0	0
OG0012622	1	1
OG0012623	0	0
OG0012624	0	0
OG0012625	0	0
OG0012626	0	0
OG0012627	5	5
OG0012628	0	0
OG0012629	0	0
OG0012630	0	0
OG0012631	0	0
OG0012632	0	0
OG0012633	0	0
OG0012634	0	0
OG0012635	0	0
OG0012636	0	0
OG0012637	0	0
OG0012638	0	0
OG0012639	0	0
OG0012640	0	0
OG0012641	0	0
OG0012642	0	0
OG0012643	0	0
OG0012644	0	0
OG0012645	0	0
OG0012646	0	0
OG0012647	0	0
OG0012648	0	0
OG0012649	0	0
OG0012650	2	1
OG0012651	0	0
OG0012652	0	0
OG0012653	0	0
OG0012654	0	0
OG0012655	0	0
OG0012656	0	0
OG0012657	0	0
OG0012658	1	1
OG0012659	0	0
OG0012660	0	0
OG0012661	0	0
OG0012662	0	0
OG0012663	0	0
OG0012664	0	0
OG0012665	0	0
OG0012666	0	0
OG0012667	0	0
OG0012668	0	0
OG0012669	0	0
OG0012670	0	0
OG0012671	0	0
OG0012672	0	0
OG0012673	0	0
OG0012674	0	0
OG0012675	0	0
OG0012676	0	0
OG0012677	0	0
OG0012678	1	1
OG0012679	0	0
OG0012680	0	0
OG0012681	0	0
OG0012682	0	0
OG0012683	0	0
OG0012684	0	0
OG0012685	0	0
OG0012686	0	0
OG0012687	0	0
OG0012688	0	0
OG0012689	0	0
OG0012690	0	0
OG0012691	0	0
OG0012692	0	0
OG0012693	0	0
OG0012694	0	0
OG0012695	0	0
OG0012696	0	0
OG0012697	0	0
OG0012698	0	0
OG0012699	0	0
OG0012700	0	0
OG0012701	0	0
OG0012702	0	0
OG0012703	0	0
OG0012704	0	0
OG0012705	0	0
OG0012706	0	0
OG0012707	0	0
OG0012708	0	0
OG0012709	5	5
OG0012710	0	0
OG0012711	0	0
OG0012712	0	0
OG0012713	0	0
OG0012714	4	4
OG0012715	0	0
OG0012716	0	0
OG0012717	0	0
OG0012718	0	0
OG0012719	0	0
OG0012720	0	0
OG0012721	0	0
OG0012722	0	0
OG0012723	0	0
OG0012724	1	1
OG0012725	0	0
OG0012726	0	0
OG0012727	3	3
OG0012728	1	1
OG0012729	1	1
OG0012730	3	3
OG0012731	4	4
OG0012732	4	4
OG0012733	3	3
OG0012734	6	6
OG0012735	4	4
OG0012736	3	3
OG0012737	0	0
OG0012738	1	1
OG0012739	2	2
OG0012740	0	0
OG0012741	2	1
OG0012742	0	0
OG0012743	2	2
OG0012744	0	0
OG0012745	0	0
OG0012746	1	1
OG0012747	1	1
OG0012748	1	1
OG0012749	0	0
OG0012750	0	0
OG0012751	1	1
OG0012752	0	0
OG0012753	3	3
OG0012754	5	5
OG0012755	0	0
OG0012756	0	0
OG0012757	0	0
OG0012758	0	0
OG0012759	0	0
OG0012760	0	0
OG0012761	5	5
OG0012762	2	2
OG0012763	3	3
OG0012764	0	0
OG0012765	0	0
OG0012766	0	0
OG0012767	1	1
OG0012768	0	0
OG0012769	1	1
OG0012770	0	0
OG0012771	0	0
OG0012772	4	4
OG0012773	0	0
OG0012774	0	0
OG0012775	0	0
OG0012776	0	0
OG0012777	0	0
OG0012778	0	0
OG0012779	0	0
OG0012780	0	0
OG0012781	0	0
OG0012782	0	0
OG0012783	0	0
OG0012784	0	0
OG0012785	0	0
OG0012786	2	2
OG0012787	2	2
OG0012788	0	0
OG0012789	0	0
OG0012790	2	2
OG0012791	0	0
OG0012792	0	0
OG0012793	0	0
OG0012794	1	1
OG0012795	0	0
OG0012796	0	0
OG0012797	0	0
OG0012798	0	0
OG0012799	0	0
OG0012800	0	0
OG0012801	1	1
OG0012802	0	0
OG0012803	0	0
OG0012804	0	0
OG0012805	1	1
OG0012806	0	0
OG0012807	1	1
OG0012808	0	0
OG0012809	0	0
OG0012810	0	0
OG0012811	0	0
OG0012812	0	0
OG0012813	0	0
OG0012814	0	0
OG0012815	0	0
OG0012816	0	0
OG0012817	0	0
OG0012818	0	0
OG0012819	0	0
OG0012820	0	0
OG0012821	0	0
OG0012822	0	0
OG0012823	0	0
OG0012824	0	0
OG0012825	4	4
OG0012826	0	0
OG0012827	0	0
OG0012828	0	0
OG0012829	0	0
OG0012830	0	0
OG0012831	0	0
OG0012832	0	0
OG0012833	0	0
OG0012834	0	0
OG0012835	0	0
OG0012836	0	0
OG0012837	0	0
OG0012838	0	0
OG0012839	4	4
OG0012840	0	0
OG0012841	0	0
OG0012842	0	0
OG0012843	0	0
OG0012844	0	0
OG0012845	0	0
OG0012846	0	0
OG0012847	0	0
OG0012848	0	0
OG0012849	0	0
OG0012850	0	0
OG0012851	0	0
OG0012852	0	0
OG0012853	0	0
OG0012854	0	0
OG0012855	2	2
OG0012856	0	0
OG0012857	0	0
OG0012858	1	1
OG0012859	0	0
OG0012860	0	0
OG0012861	0	0
OG0012862	0	0
OG0012863	0	0
OG0012864	0	0
OG0012865	0	0
OG0012866	0	0
OG0012867	0	0
OG0012868	1	1
OG0012869	0	0
OG0012870	0	0
OG0012871	0	0
OG0012872	5	5
OG0012873	0	0
OG0012874	3	3
OG0012875	3	3
OG0012876	2	2
OG0012877	5	5
OG0012878	4	4
OG0012879	5	5
OG0012880	4	4
OG0012881	5	5
OG0012882	5	5
OG0012883	2	2
OG0012884	5	5
OG0012885	0	0
OG0012886	1	1
OG0012887	3	3
OG0012888	2	2
OG0012889	3	3
OG0012890	0	0
OG0012891	2	2
OG0012892	1	1
OG0012893	2	2
OG0012894	0	0
OG0012895	0	0
OG0012896	0	0
OG0012897	0	0
OG0012898	2	2
OG0012899	0	0
OG0012900	0	0
OG0012901	2	2
OG0012902	0	0
OG0012903	0	0
OG0012904	1	1
OG0012905	0	0
OG0012906	0	0
OG0012907	0	0
OG0012908	1	1
OG0012909	0	0
OG0012910	0	0
OG0012911	4	4
OG0012912	2	2
OG0012913	2	2
OG0012914	0	0
OG0012915	0	0
OG0012916	0	0
OG0012917	2	2
OG0012918	0	0
OG0012919	1	1
OG0012920	0	0
OG0012921	2	2
OG0012922	3	3
OG0012923	0	0
OG0012924	0	0
OG0012925	0	0
OG0012926	0	0
OG0012927	0	0
OG0012928	0	0
OG0012929	3	3
OG0012930	0	0
OG0012931	0	0
OG0012932	0	0
OG0012933	1	1
OG0012934	0	0
OG0012935	0	0
OG0012936	0	0
OG0012937	1	1
OG0012938	0	0
OG0012939	0	0
OG0012940	1	1
OG0012941	0	0
OG0012942	0	0
OG0012943	0	0
OG0012944	0	0
OG0012945	3	3
OG0012946	0	0
OG0012947	1	1
OG0012948	0	0
OG0012949	3	3
OG0012950	0	0
OG0012951	3	3
OG0012952	0	0
OG0012953	0	0
OG0012954	0	0
OG0012955	0	0
OG0012956	0	0
OG0012957	0	0
OG0012958	3	3
OG0012959	0	0
OG0012960	0	0
OG0012961	0	0
OG0012962	0	0
OG0012963	0	0
OG0012964	0	0
OG0012965	0	0
OG0012966	0	0
OG0012967	0	0
OG0012968	0	0
OG0012969	0	0
OG0012970	0	0
OG0012971	0	0
OG0012972	0	0
OG0012973	0	0
OG0012974	0	0
OG0012975	0	0
OG0012976	0	0
OG0012977	0	0
OG0012978	0	0
OG0012979	0	0
OG0012980	0	0
OG0012981	0	0
OG0012982	0	0
OG0012983	0	0
OG0012984	0	0
OG0012985	0	0
OG0012986	0	0
OG0012987	0	0
OG0012988	0	0
OG0012989	0	0
OG0012990	0	0
OG0012991	0	0
OG0012992	0	0
OG0012993	0	0
OG0012994	0	0
OG0012995	1	1
OG0012996	0	0
OG0012997	0	0
OG0012998	0	0
OG0012999	0	0
OG0013000	0	0
OG0013001	0	0
OG0013002	0	0
OG0013003	0	0
OG0013004	0	0
OG0013005	0	0
OG0013006	1	1
OG0013007	0	0
OG0013008	0	0
OG0013009	0	0
OG0013010	0	0
OG0013011	0	0
OG0013012	0	0
OG0013013	3	3
OG0013014	0	0
OG0013015	0	0
OG0013016	0	0
OG0013017	0	0
OG0013018	0	0
OG0013019	0	0
OG0013020	0	0
OG0013021	0	0
OG0013022	0	0
OG0013023	0	0
OG0013024	0	0
OG0013025	0	0
OG0013026	0	0
OG0013027	0	0
OG0013028	4	4
OG0013029	3	3
OG0013030	1	1
OG0013031	3	3
OG0013032	0	0
OG0013033	3	3
OG0013034	4	4
OG0013035	4	4
OG0013036	4	4
OG0013037	4	4
OG0013038	4	4
OG0013039	4	4
OG0013040	2	2
OG0013041	4	4
OG0013042	3	3
OG0013043	1	1
OG0013044	0	0
OG0013045	2	2
OG0013046	0	0
OG0013047	1	1
OG0013048	2	2
OG0013049	0	0
OG0013050	1	1
OG0013051	0	0
OG0013052	0	0
OG0013053	1	1
OG0013054	0	0
OG0013055	1	1
OG0013056	2	2
OG0013057	0	0
OG0013058	0	0
OG0013059	0	0
OG0013060	0	0
OG0013061	0	0
OG0013062	2	2
OG0013063	2	2
OG0013064	0	0
OG0013065	0	0
OG0013066	0	0
OG0013067	0	0
OG0013068	0	0
OG0013069	0	0
OG0013070	0	0
OG0013071	0	0
OG0013072	0	0
OG0013073	0	0
OG0013074	1	1
OG0013075	0	0
OG0013076	0	0
OG0013077	1	1
OG0013078	0	0
OG0013079	0	0
OG0013080	0	0
OG0013081	2	2
OG0013082	3	3
OG0013083	0	0
OG0013084	0	0
OG0013085	1	1
OG0013086	3	3
OG0013087	0	0
OG0013088	1	1
OG0013089	2	2
OG0013090	3	3
OG0013091	2	2
OG0013092	2	2
OG0013093	3	3
OG0013094	1	1
OG0013095	0	0
OG0013096	2	2
OG0013097	2	2
OG0013098	1	1
OG0013099	0	0
OG0013100	0	0
OG0013101	1	1
OG0013102	0	0
OG0013103	0	0
OG0013104	0	0
OG0013105	0	0
OG0013106	0	0
OG0013107	0	0
OG0013108	0	0
OG0013109	0	0
OG0013110	0	0
OG0013111	2	2
OG0013112	0	0
OG0013113	0	0
OG0013114	0	0
OG0013115	0	0
OG0013116	0	0
OG0013117	0	0
OG0013118	0	0
OG0013119	0	0
OG0013120	2	2
OG0013121	3	3
OG0013122	0	0
OG0013123	0	0
OG0013124	0	0
OG0013125	0	0
OG0013126	2	2
OG0013127	0	0
OG0013128	1	1
OG0013129	0	0
OG0013130	2	2
OG0013131	0	0
OG0013132	0	0
OG0013133	2	2
OG0013134	0	0
OG0013135	0	0
OG0013136	0	0
OG0013137	2	2
OG0013138	0	0
OG0013139	0	0
OG0013140	0	0
OG0013141	0	0
OG0013142	0	0
OG0013143	0	0
OG0013144	0	0
OG0013145	0	0
OG0013146	0	0
OG0013147	0	0
OG0013148	0	0
OG0013149	0	0
OG0013150	0	0
OG0013151	0	0
OG0013152	0	0
OG0013153	0	0
OG0013154	0	0
OG0013155	0	0
OG0013156	0	0
OG0013157	0	0
OG0013158	0	0
OG0013159	0	0
OG0013160	0	0
OG0013161	0	0
OG0013162	0	0
OG0013163	0	0
OG0013164	0	0
OG0013165	1	1
OG0013166	0	0
OG0013167	0	0
OG0013168	0	0
OG0013169	0	0
OG0013170	0	0
OG0013171	0	0
OG0013172	0	0
OG0013173	0	0
OG0013174	0	0
OG0013175	0	0
OG0013176	0	0
OG0013177	0	0
OG0013178	0	0
OG0013179	0	0
OG0013180	0	0
OG0013181	0	0
OG0013182	0	0
OG0013183	0	0
OG0013184	3	3
OG0013185	3	3
OG0013186	0	0
OG0013187	1	1
OG0013188	3	3
OG0013189	2	2
OG0013190	0	0
OG0013191	0	0
OG0013192	1	1
OG0013193	0	0
OG0013194	0	0
OG0013195	0	0
OG0013196	2	2
OG0013197	0	0
OG0013198	1	1
OG0013199	2	2
OG0013200	2	2
OG0013201	0	0
OG0013202	2	2
OG0013203	2	2
OG0013204	2	2
OG0013205	0	0
OG0013206	0	0
OG0013207	0	0
OG0013208	0	0
OG0013209	1	1
OG0013210	0	0
OG0013211	0	0
OG0013212	0	0
OG0013213	3	3
OG0013214	2	2
OG0013215	2	2
OG0013216	2	2
OG0013217	2	2
OG0013218	2	2
OG0013219	2	2
OG0013220	2	2
OG0013221	2	2
OG0013222	3	3
OG0013223	3	3
OG0013224	3	3
OG0013225	3	3
OG0013226	3	3
OG0013227	3	3
OG0013228	3	3
