branch_id	codon_site	msa_codon_site	aligned_codon_site	branch_degapped_codon_site	branch_codon	prob_positive	called_positive	confidence	tier_model	calibrated_threshold	diagnostic_only	method
Drosophila_ananassae_Drosophila_ananassae__LOC6500548__XP_001953433.1	1	1	1		---	0.0	0	below_threshold	high	0.062	False	user_msa
Drosophila_biarmipes_Drosophila_biarmipes__LOC108032098__XP_016961415.1	1	1	1		---	0.0	0	below_threshold	high	0.062	False	user_msa
Drosophila_mauritiana_Drosophila_mauritiana__LOC117142441__XP_033162295.1	1	1	1		---	0.0	0	below_threshold	high	0.062	False	user_msa
Drosophila_melanogaster_Drosophila_melanogaster__betaTub85D__NP_524290.2	1	1	1		---	0.0	0	below_threshold	high	0.062	False	user_msa
Drosophila_pseudoobscura_Drosophila_pseudoobscura__betaTub85D__XP_001357842.1	1	1	1		---	0.0	0	below_threshold	high	0.062	False	user_msa
Drosophila_sechellia_Drosophila_sechellia__betaTub85D__XP_002031904.1	1	1	1		---	0.0	0	below_threshold	high	0.062	False	user_msa
Drosophila_simulans_Drosophila_simulans__LOC6728793__XP_002104128.1	1	1	1		---	0.0	0	below_threshold	high	0.062	False	user_msa
Drosophila_subobscura_Drosophila_subobscura__LOC117897634__XP_034662499.1	1	1	1		---	0.0	0	below_threshold	high	0.062	False	user_msa
Drosophila_suzukii_Drosophila_suzukii__betaTub85D__XP_016937909.1	1	1	1		---	0.0	0	below_threshold	high	0.062	False	user_msa
Drosophila_virilis_Drosophila_virilis__betaTub85D__XP_002053003.1	1	1	1		---	0.0	0	below_threshold	high	0.062	False	user_msa
Drosophila_willistoni_Drosophila_willistoni__LOC6647585__XP_002070575.1	1	1	1		---	0.0	0	below_threshold	high	0.062	False	user_msa
Drosophila_yakuba_Drosophila_yakuba__LOC6536356__XP_002096938.1	1	1	1		---	0.0	0	below_threshold	high	0.062	False	user_msa
Drosophila_ananassae_Drosophila_ananassae__LOC6500548__XP_001953433.1	2	2	2		---	0.0	0	below_threshold	high	0.062	False	user_msa
Drosophila_biarmipes_Drosophila_biarmipes__LOC108032098__XP_016961415.1	2	2	2		---	0.0	0	below_threshold	high	0.062	False	user_msa
Drosophila_mauritiana_Drosophila_mauritiana__LOC117142441__XP_033162295.1	2	2	2		---	0.0	0	below_threshold	high	0.062	False	user_msa
Drosophila_melanogaster_Drosophila_melanogaster__betaTub85D__NP_524290.2	2	2	2		---	0.0	0	below_threshold	high	0.062	False	user_msa
Drosophila_pseudoobscura_Drosophila_pseudoobscura__betaTub85D__XP_001357842.1	2	2	2		---	0.0	0	below_threshold	high	0.062	False	user_msa
Drosophila_sechellia_Drosophila_sechellia__betaTub85D__XP_002031904.1	2	2	2		---	0.0	0	below_threshold	high	0.062	False	user_msa
Drosophila_simulans_Drosophila_simulans__LOC6728793__XP_002104128.1	2	2	2		---	0.0	0	below_threshold	high	0.062	False	user_msa
Drosophila_subobscura_Drosophila_subobscura__LOC117897634__XP_034662499.1	2	2	2		---	0.0	0	below_threshold	high	0.062	False	user_msa
Drosophila_suzukii_Drosophila_suzukii__betaTub85D__XP_016937909.1	2	2	2		---	0.0	0	below_threshold	high	0.062	False	user_msa
Drosophila_virilis_Drosophila_virilis__betaTub85D__XP_002053003.1	2	2	2		---	0.0	0	below_threshold	high	0.062	False	user_msa
Drosophila_willistoni_Drosophila_willistoni__LOC6647585__XP_002070575.1	2	2	2		---	0.0	0	below_threshold	high	0.062	False	user_msa
Drosophila_yakuba_Drosophila_yakuba__LOC6536356__XP_002096938.1	2	2	2		---	0.0	0	below_threshold	high	0.062	False	user_msa
Drosophila_ananassae_Drosophila_ananassae__LOC6500548__XP_001953433.1	3	3	3		---	0.0	0	below_threshold	high	0.062	False	user_msa
Drosophila_biarmipes_Drosophila_biarmipes__LOC108032098__XP_016961415.1	3	3	3		---	0.0	0	below_threshold	high	0.062	False	user_msa
Drosophila_mauritiana_Drosophila_mauritiana__LOC117142441__XP_033162295.1	3	3	3		---	0.0	0	below_threshold	high	0.062	False	user_msa
Drosophila_melanogaster_Drosophila_melanogaster__betaTub85D__NP_524290.2	3	3	3		---	0.0	0	below_threshold	high	0.062	False	user_msa
Drosophila_pseudoobscura_Drosophila_pseudoobscura__betaTub85D__XP_001357842.1	3	3	3		---	0.0	0	below_threshold	high	0.062	False	user_msa
Drosophila_sechellia_Drosophila_sechellia__betaTub85D__XP_002031904.1	3	3	3		---	0.0	0	below_threshold	high	0.062	False	user_msa
Drosophila_simulans_Drosophila_simulans__LOC6728793__XP_002104128.1	3	3	3		---	0.0	0	below_threshold	high	0.062	False	user_msa
Drosophila_subobscura_Drosophila_subobscura__LOC117897634__XP_034662499.1	3	3	3		---	0.0	0	below_threshold	high	0.062	False	user_msa
Drosophila_suzukii_Drosophila_suzukii__betaTub85D__XP_016937909.1	3	3	3		---	0.0	0	below_threshold	high	0.062	False	user_msa
Drosophila_virilis_Drosophila_virilis__betaTub85D__XP_002053003.1	3	3	3		---	0.0	0	below_threshold	high	0.062	False	user_msa
Drosophila_willistoni_Drosophila_willistoni__LOC6647585__XP_002070575.1	3	3	3		---	0.0	0	below_threshold	high	0.062	False	user_msa
Drosophila_yakuba_Drosophila_yakuba__LOC6536356__XP_002096938.1	3	3	3		---	0.0	0	below_threshold	high	0.062	False	user_msa
Drosophila_ananassae_Drosophila_ananassae__LOC6500548__XP_001953433.1	4	4	4		---	0.0	0	below_threshold	high	0.062	False	user_msa
Drosophila_biarmipes_Drosophila_biarmipes__LOC108032098__XP_016961415.1	4	4	4		---	0.0	0	below_threshold	high	0.062	False	user_msa
Drosophila_mauritiana_Drosophila_mauritiana__LOC117142441__XP_033162295.1	4	4	4		---	0.0	0	below_threshold	high	0.062	False	user_msa
Drosophila_melanogaster_Drosophila_melanogaster__betaTub85D__NP_524290.2	4	4	4		---	0.0	0	below_threshold	high	0.062	False	user_msa
Drosophila_pseudoobscura_Drosophila_pseudoobscura__betaTub85D__XP_001357842.1	4	4	4		---	0.0	0	below_threshold	high	0.062	False	user_msa
Drosophila_sechellia_Drosophila_sechellia__betaTub85D__XP_002031904.1	4	4	4		---	0.0	0	below_threshold	high	0.062	False	user_msa
Drosophila_simulans_Drosophila_simulans__LOC6728793__XP_002104128.1	4	4	4		---	0.0	0	below_threshold	high	0.062	False	user_msa
Drosophila_subobscura_Drosophila_subobscura__LOC117897634__XP_034662499.1	4	4	4		---	0.0	0	below_threshold	high	0.062	False	user_msa
Drosophila_suzukii_Drosophila_suzukii__betaTub85D__XP_016937909.1	4	4	4		---	0.0	0	below_threshold	high	0.062	False	user_msa
Drosophila_virilis_Drosophila_virilis__betaTub85D__XP_002053003.1	4	4	4		---	0.0	0	below_threshold	high	0.062	False	user_msa
Drosophila_willistoni_Drosophila_willistoni__LOC6647585__XP_002070575.1	4	4	4		---	0.0	0	below_threshold	high	0.062	False	user_msa
Drosophila_yakuba_Drosophila_yakuba__LOC6536356__XP_002096938.1	4	4	4		---	0.0	0	below_threshold	high	0.062	False	user_msa
Drosophila_ananassae_Drosophila_ananassae__LOC6500548__XP_001953433.1	5	5	5	1	ATG	0.0	0	below_threshold	high	0.062	False	user_msa
Drosophila_biarmipes_Drosophila_biarmipes__LOC108032098__XP_016961415.1	5	5	5	1	ATG	0.0	0	below_threshold	high	0.062	False	user_msa
Drosophila_mauritiana_Drosophila_mauritiana__LOC117142441__XP_033162295.1	5	5	5	1	ATG	0.0	0	below_threshold	high	0.062	False	user_msa
Drosophila_melanogaster_Drosophila_melanogaster__betaTub85D__NP_524290.2	5	5	5	1	ATG	0.0	0	below_threshold	high	0.062	False	user_msa
Drosophila_pseudoobscura_Drosophila_pseudoobscura__betaTub85D__XP_001357842.1	5	5	5	1	ATG	0.0	0	below_threshold	high	0.062	False	user_msa
Drosophila_sechellia_Drosophila_sechellia__betaTub85D__XP_002031904.1	5	5	5	1	ATG	0.0	0	below_threshold	high	0.062	False	user_msa
Drosophila_simulans_Drosophila_simulans__LOC6728793__XP_002104128.1	5	5	5	1	ATG	0.0	0	below_threshold	high	0.062	False	user_msa
Drosophila_subobscura_Drosophila_subobscura__LOC117897634__XP_034662499.1	5	5	5	1	ATG	0.0	0	below_threshold	high	0.062	False	user_msa
Drosophila_suzukii_Drosophila_suzukii__betaTub85D__XP_016937909.1	5	5	5	1	ATG	0.0	0	below_threshold	high	0.062	False	user_msa
Drosophila_virilis_Drosophila_virilis__betaTub85D__XP_002053003.1	5	5	5	1	ATG	0.0	0	below_threshold	high	0.062	False	user_msa
Drosophila_willistoni_Drosophila_willistoni__LOC6647585__XP_002070575.1	5	5	5	1	ATG	0.0	0	below_threshold	high	0.062	False	user_msa
Drosophila_yakuba_Drosophila_yakuba__LOC6536356__XP_002096938.1	5	5	5	1	ATG	0.0	0	below_threshold	high	0.062	False	user_msa
Drosophila_ananassae_Drosophila_ananassae__LOC6500548__XP_001953433.1	6	6	6	2	CGT	0.0	0	below_threshold	high	0.062	False	user_msa
Drosophila_biarmipes_Drosophila_biarmipes__LOC108032098__XP_016961415.1	6	6	6	2	CGT	0.0	0	below_threshold	high	0.062	False	user_msa
Drosophila_mauritiana_Drosophila_mauritiana__LOC117142441__XP_033162295.1	6	6	6	2	CGT	0.0	0	below_threshold	high	0.062	False	user_msa
Drosophila_melanogaster_Drosophila_melanogaster__betaTub85D__NP_524290.2	6	6	6	2	CGT	0.0	0	below_threshold	high	0.062	False	user_msa
Drosophila_pseudoobscura_Drosophila_pseudoobscura__betaTub85D__XP_001357842.1	6	6	6	2	CGC	0.0	0	below_threshold	high	0.062	False	user_msa
Drosophila_sechellia_Drosophila_sechellia__betaTub85D__XP_002031904.1	6	6	6	2	CGT	0.0	0	below_threshold	high	0.062	False	user_msa
Drosophila_simulans_Drosophila_simulans__LOC6728793__XP_002104128.1	6	6	6	2	CGT	0.0	0	below_threshold	high	0.062	False	user_msa
Drosophila_subobscura_Drosophila_subobscura__LOC117897634__XP_034662499.1	6	6	6	2	CGC	0.0	0	below_threshold	high	0.062	False	user_msa
Drosophila_suzukii_Drosophila_suzukii__betaTub85D__XP_016937909.1	6	6	6	2	CGT	0.0	0	below_threshold	high	0.062	False	user_msa
Drosophila_virilis_Drosophila_virilis__betaTub85D__XP_002053003.1	6	6	6	2	CGT	0.0	0	below_threshold	high	0.062	False	user_msa
Drosophila_willistoni_Drosophila_willistoni__LOC6647585__XP_002070575.1	6	6	6	2	CGC	0.0	0	below_threshold	high	0.062	False	user_msa
Drosophila_yakuba_Drosophila_yakuba__LOC6536356__XP_002096938.1	6	6	6	2	CGT	0.0	0	below_threshold	high	0.062	False	user_msa
Drosophila_ananassae_Drosophila_ananassae__LOC6500548__XP_001953433.1	7	7	7	3	GAG	0.0	0	below_threshold	high	0.062	False	user_msa
Drosophila_biarmipes_Drosophila_biarmipes__LOC108032098__XP_016961415.1	7	7	7	3	GAA	0.0	0	below_threshold	high	0.062	False	user_msa
Drosophila_mauritiana_Drosophila_mauritiana__LOC117142441__XP_033162295.1	7	7	7	3	GAA	0.0	0	below_threshold	high	0.062	False	user_msa
Drosophila_melanogaster_Drosophila_melanogaster__betaTub85D__NP_524290.2	7	7	7	3	GAA	0.0	0	below_threshold	high	0.062	False	user_msa
Drosophila_pseudoobscura_Drosophila_pseudoobscura__betaTub85D__XP_001357842.1	7	7	7	3	GAG	0.0	0	below_threshold	high	0.062	False	user_msa
Drosophila_sechellia_Drosophila_sechellia__betaTub85D__XP_002031904.1	7	7	7	3	GAA	0.0	0	below_threshold	high	0.062	False	user_msa
Drosophila_simulans_Drosophila_simulans__LOC6728793__XP_002104128.1	7	7	7	3	GAA	0.0	0	below_threshold	high	0.062	False	user_msa
Drosophila_subobscura_Drosophila_subobscura__LOC117897634__XP_034662499.1	7	7	7	3	GAA	0.0	0	below_threshold	high	0.062	False	user_msa
Drosophila_suzukii_Drosophila_suzukii__betaTub85D__XP_016937909.1	7	7	7	3	GAA	0.0	0	below_threshold	high	0.062	False	user_msa
Drosophila_virilis_Drosophila_virilis__betaTub85D__XP_002053003.1	7	7	7	3	GAA	0.0	0	below_threshold	high	0.062	False	user_msa
Drosophila_willistoni_Drosophila_willistoni__LOC6647585__XP_002070575.1	7	7	7	3	GAA	0.0	0	below_threshold	high	0.062	False	user_msa
Drosophila_yakuba_Drosophila_yakuba__LOC6536356__XP_002096938.1	7	7	7	3	GAA	0.0	0	below_threshold	high	0.062	False	user_msa
Drosophila_ananassae_Drosophila_ananassae__LOC6500548__XP_001953433.1	8	8	8	4	ATC	0.0	0	below_threshold	high	0.062	False	user_msa
Drosophila_biarmipes_Drosophila_biarmipes__LOC108032098__XP_016961415.1	8	8	8	4	ATC	0.0	0	below_threshold	high	0.062	False	user_msa
Drosophila_mauritiana_Drosophila_mauritiana__LOC117142441__XP_033162295.1	8	8	8	4	ATT	0.0	0	below_threshold	high	0.062	False	user_msa
Drosophila_melanogaster_Drosophila_melanogaster__betaTub85D__NP_524290.2	8	8	8	4	ATT	0.0	0	below_threshold	high	0.062	False	user_msa
Drosophila_pseudoobscura_Drosophila_pseudoobscura__betaTub85D__XP_001357842.1	8	8	8	4	ATT	0.0	0	below_threshold	high	0.062	False	user_msa
Drosophila_sechellia_Drosophila_sechellia__betaTub85D__XP_002031904.1	8	8	8	4	ATT	0.0	0	below_threshold	high	0.062	False	user_msa
Drosophila_simulans_Drosophila_simulans__LOC6728793__XP_002104128.1	8	8	8	4	ATT	0.0	0	below_threshold	high	0.062	False	user_msa
Drosophila_subobscura_Drosophila_subobscura__LOC117897634__XP_034662499.1	8	8	8	4	ATT	0.0	0	below_threshold	high	0.062	False	user_msa
Drosophila_suzukii_Drosophila_suzukii__betaTub85D__XP_016937909.1	8	8	8	4	ATC	0.0	0	below_threshold	high	0.062	False	user_msa
Drosophila_virilis_Drosophila_virilis__betaTub85D__XP_002053003.1	8	8	8	4	ATC	0.0	0	below_threshold	high	0.062	False	user_msa
Drosophila_willistoni_Drosophila_willistoni__LOC6647585__XP_002070575.1	8	8	8	4	ATC	0.0	0	below_threshold	high	0.062	False	user_msa
Drosophila_yakuba_Drosophila_yakuba__LOC6536356__XP_002096938.1	8	8	8	4	ATT	0.0	0	below_threshold	high	0.062	False	user_msa
Drosophila_ananassae_Drosophila_ananassae__LOC6500548__XP_001953433.1	9	9	9	5	GTG	0.0	0	below_threshold	high	0.062	False	user_msa
Drosophila_biarmipes_Drosophila_biarmipes__LOC108032098__XP_016961415.1	9	9	9	5	GTG	0.0	0	below_threshold	high	0.062	False	user_msa
Drosophila_mauritiana_Drosophila_mauritiana__LOC117142441__XP_033162295.1	9	9	9	5	GTA	0.0	0	below_threshold	high	0.062	False	user_msa
Drosophila_melanogaster_Drosophila_melanogaster__betaTub85D__NP_524290.2	9	9	9	5	GTA	0.0	0	below_threshold	high	0.062	False	user_msa
Drosophila_pseudoobscura_Drosophila_pseudoobscura__betaTub85D__XP_001357842.1	9	9	9	5	GTT	0.0	0	below_threshold	high	0.062	False	user_msa
Drosophila_sechellia_Drosophila_sechellia__betaTub85D__XP_002031904.1	9	9	9	5	GTA	0.0	0	below_threshold	high	0.062	False	user_msa
Drosophila_simulans_Drosophila_simulans__LOC6728793__XP_002104128.1	9	9	9	5	GTA	0.0	0	below_threshold	high	0.062	False	user_msa
Drosophila_subobscura_Drosophila_subobscura__LOC117897634__XP_034662499.1	9	9	9	5	GTA	0.0	0	below_threshold	high	0.062	False	user_msa
Drosophila_suzukii_Drosophila_suzukii__betaTub85D__XP_016937909.1	9	9	9	5	GTG	0.0	0	below_threshold	high	0.062	False	user_msa
Drosophila_virilis_Drosophila_virilis__betaTub85D__XP_002053003.1	9	9	9	5	GTG	0.0	0	below_threshold	high	0.062	False	user_msa
Drosophila_willistoni_Drosophila_willistoni__LOC6647585__XP_002070575.1	9	9	9	5	GTC	0.0	0	below_threshold	high	0.062	False	user_msa
Drosophila_yakuba_Drosophila_yakuba__LOC6536356__XP_002096938.1	9	9	9	5	GTG	0.0	0	below_threshold	high	0.062	False	user_msa
Drosophila_ananassae_Drosophila_ananassae__LOC6500548__XP_001953433.1	10	10	10	6	CAC	0.0	0	below_threshold	high	0.062	False	user_msa
Drosophila_biarmipes_Drosophila_biarmipes__LOC108032098__XP_016961415.1	10	10	10	6	CAC	0.0	0	below_threshold	high	0.062	False	user_msa
Drosophila_mauritiana_Drosophila_mauritiana__LOC117142441__XP_033162295.1	10	10	10	6	CAC	0.0	0	below_threshold	high	0.062	False	user_msa
Drosophila_melanogaster_Drosophila_melanogaster__betaTub85D__NP_524290.2	10	10	10	6	CAC	0.0	0	below_threshold	high	0.062	False	user_msa
Drosophila_pseudoobscura_Drosophila_pseudoobscura__betaTub85D__XP_001357842.1	10	10	10	6	CAC	0.0	0	below_threshold	high	0.062	False	user_msa
Drosophila_sechellia_Drosophila_sechellia__betaTub85D__XP_002031904.1	10	10	10	6	CAC	0.0	0	below_threshold	high	0.062	False	user_msa
Drosophila_simulans_Drosophila_simulans__LOC6728793__XP_002104128.1	10	10	10	6	CAC	0.0	0	below_threshold	high	0.062	False	user_msa
Drosophila_subobscura_Drosophila_subobscura__LOC117897634__XP_034662499.1	10	10	10	6	CAC	0.0	0	below_threshold	high	0.062	False	user_msa
Drosophila_suzukii_Drosophila_suzukii__betaTub85D__XP_016937909.1	10	10	10	6	CAC	0.0	0	below_threshold	high	0.062	False	user_msa
Drosophila_virilis_Drosophila_virilis__betaTub85D__XP_002053003.1	10	10	10	6	CAC	0.0	0	below_threshold	high	0.062	False	user_msa
Drosophila_willistoni_Drosophila_willistoni__LOC6647585__XP_002070575.1	10	10	10	6	CAC	0.0	0	below_threshold	high	0.062	False	user_msa
Drosophila_yakuba_Drosophila_yakuba__LOC6536356__XP_002096938.1	10	10	10	6	CAC	0.0	0	below_threshold	high	0.062	False	user_msa
Drosophila_ananassae_Drosophila_ananassae__LOC6500548__XP_001953433.1	11	11	11	7	ATC	0.0	0	below_threshold	high	0.062	False	user_msa
Drosophila_biarmipes_Drosophila_biarmipes__LOC108032098__XP_016961415.1	11	11	11	7	ATC	0.0	0	below_threshold	high	0.062	False	user_msa
Drosophila_mauritiana_Drosophila_mauritiana__LOC117142441__XP_033162295.1	11	11	11	7	ATT	0.0	0	below_threshold	high	0.062	False	user_msa
Drosophila_melanogaster_Drosophila_melanogaster__betaTub85D__NP_524290.2	11	11	11	7	ATT	0.0	0	below_threshold	high	0.062	False	user_msa
Drosophila_pseudoobscura_Drosophila_pseudoobscura__betaTub85D__XP_001357842.1	11	11	11	7	ATT	0.0	0	below_threshold	high	0.062	False	user_msa
Drosophila_sechellia_Drosophila_sechellia__betaTub85D__XP_002031904.1	11	11	11	7	ATT	0.0	0	below_threshold	high	0.062	False	user_msa
Drosophila_simulans_Drosophila_simulans__LOC6728793__XP_002104128.1	11	11	11	7	ATT	0.0	0	below_threshold	high	0.062	False	user_msa
Drosophila_subobscura_Drosophila_subobscura__LOC117897634__XP_034662499.1	11	11	11	7	ATC	0.0	0	below_threshold	high	0.062	False	user_msa
Drosophila_suzukii_Drosophila_suzukii__betaTub85D__XP_016937909.1	11	11	11	7	ATT	0.0	0	below_threshold	high	0.062	False	user_msa
Drosophila_virilis_Drosophila_virilis__betaTub85D__XP_002053003.1	11	11	11	7	ATT	0.0	0	below_threshold	high	0.062	False	user_msa
Drosophila_willistoni_Drosophila_willistoni__LOC6647585__XP_002070575.1	11	11	11	7	ATT	0.0	0	below_threshold	high	0.062	False	user_msa
Drosophila_yakuba_Drosophila_yakuba__LOC6536356__XP_002096938.1	11	11	11	7	ATC	0.0	0	below_threshold	high	0.062	False	user_msa
Drosophila_ananassae_Drosophila_ananassae__LOC6500548__XP_001953433.1	12	12	12	8	CAG	0.0	0	below_threshold	high	0.062	False	user_msa
Drosophila_biarmipes_Drosophila_biarmipes__LOC108032098__XP_016961415.1	12	12	12	8	CAG	0.0	0	below_threshold	high	0.062	False	user_msa
Drosophila_mauritiana_Drosophila_mauritiana__LOC117142441__XP_033162295.1	12	12	12	8	CAG	0.0	0	below_threshold	high	0.062	False	user_msa
Drosophila_melanogaster_Drosophila_melanogaster__betaTub85D__NP_524290.2	12	12	12	8	CAG	0.0	0	below_threshold	high	0.062	False	user_msa
Drosophila_pseudoobscura_Drosophila_pseudoobscura__betaTub85D__XP_001357842.1	12	12	12	8	CAG	0.0	0	below_threshold	high	0.062	False	user_msa
Drosophila_sechellia_Drosophila_sechellia__betaTub85D__XP_002031904.1	12	12	12	8	CAG	0.0	0	below_threshold	high	0.062	False	user_msa
Drosophila_simulans_Drosophila_simulans__LOC6728793__XP_002104128.1	12	12	12	8	CAG	0.0	0	below_threshold	high	0.062	False	user_msa
Drosophila_subobscura_Drosophila_subobscura__LOC117897634__XP_034662499.1	12	12	12	8	CAG	0.0	0	below_threshold	high	0.062	False	user_msa
Drosophila_suzukii_Drosophila_suzukii__betaTub85D__XP_016937909.1	12	12	12	8	CAG	0.0	0	below_threshold	high	0.062	False	user_msa
Drosophila_virilis_Drosophila_virilis__betaTub85D__XP_002053003.1	12	12	12	8	CAG	0.0	0	below_threshold	high	0.062	False	user_msa
Drosophila_willistoni_Drosophila_willistoni__LOC6647585__XP_002070575.1	12	12	12	8	CAG	0.0	0	below_threshold	high	0.062	False	user_msa
Drosophila_yakuba_Drosophila_yakuba__LOC6536356__XP_002096938.1	12	12	12	8	CAG	0.0	0	below_threshold	high	0.062	False	user_msa
Drosophila_ananassae_Drosophila_ananassae__LOC6500548__XP_001953433.1	13	13	13	9	GCC	0.0	0	below_threshold	high	0.062	False	user_msa
Drosophila_biarmipes_Drosophila_biarmipes__LOC108032098__XP_016961415.1	13	13	13	9	GCC	0.0	0	below_threshold	high	0.062	False	user_msa
Drosophila_mauritiana_Drosophila_mauritiana__LOC117142441__XP_033162295.1	13	13	13	9	GCC	0.0	0	below_threshold	high	0.062	False	user_msa
Drosophila_melanogaster_Drosophila_melanogaster__betaTub85D__NP_524290.2	13	13	13	9	GCC	0.0	0	below_threshold	high	0.062	False	user_msa
Drosophila_pseudoobscura_Drosophila_pseudoobscura__betaTub85D__XP_001357842.1	13	13	13	9	GCG	0.0	0	below_threshold	high	0.062	False	user_msa
Drosophila_sechellia_Drosophila_sechellia__betaTub85D__XP_002031904.1	13	13	13	9	GCC	0.0	0	below_threshold	high	0.062	False	user_msa
Drosophila_simulans_Drosophila_simulans__LOC6728793__XP_002104128.1	13	13	13	9	GCC	0.0	0	below_threshold	high	0.062	False	user_msa
Drosophila_subobscura_Drosophila_subobscura__LOC117897634__XP_034662499.1	13	13	13	9	GCG	0.0	0	below_threshold	high	0.062	False	user_msa
Drosophila_suzukii_Drosophila_suzukii__betaTub85D__XP_016937909.1	13	13	13	9	GCC	0.0	0	below_threshold	high	0.062	False	user_msa
Drosophila_virilis_Drosophila_virilis__betaTub85D__XP_002053003.1	13	13	13	9	GCT	0.0	0	below_threshold	high	0.062	False	user_msa
Drosophila_willistoni_Drosophila_willistoni__LOC6647585__XP_002070575.1	13	13	13	9	GCT	0.0	0	below_threshold	high	0.062	False	user_msa
Drosophila_yakuba_Drosophila_yakuba__LOC6536356__XP_002096938.1	13	13	13	9	GCC	0.0	0	below_threshold	high	0.062	False	user_msa
Drosophila_ananassae_Drosophila_ananassae__LOC6500548__XP_001953433.1	14	14	14	10	GGG	0.0	0	below_threshold	high	0.062	False	user_msa
Drosophila_biarmipes_Drosophila_biarmipes__LOC108032098__XP_016961415.1	14	14	14	10	GGA	0.0	0	below_threshold	high	0.062	False	user_msa
Drosophila_mauritiana_Drosophila_mauritiana__LOC117142441__XP_033162295.1	14	14	14	10	GGT	0.0	0	below_threshold	high	0.062	False	user_msa
Drosophila_melanogaster_Drosophila_melanogaster__betaTub85D__NP_524290.2	14	14	14	10	GGT	0.0	0	below_threshold	high	0.062	False	user_msa
Drosophila_pseudoobscura_Drosophila_pseudoobscura__betaTub85D__XP_001357842.1	14	14	14	10	GGC	0.0	0	below_threshold	high	0.062	False	user_msa
Drosophila_sechellia_Drosophila_sechellia__betaTub85D__XP_002031904.1	14	14	14	10	GGT	0.0	0	below_threshold	high	0.062	False	user_msa
Drosophila_simulans_Drosophila_simulans__LOC6728793__XP_002104128.1	14	14	14	10	GGT	0.0	0	below_threshold	high	0.062	False	user_msa
Drosophila_subobscura_Drosophila_subobscura__LOC117897634__XP_034662499.1	14	14	14	10	GGC	0.0	0	below_threshold	high	0.062	False	user_msa
Drosophila_suzukii_Drosophila_suzukii__betaTub85D__XP_016937909.1	14	14	14	10	GGA	0.0	0	below_threshold	high	0.062	False	user_msa
Drosophila_virilis_Drosophila_virilis__betaTub85D__XP_002053003.1	14	14	14	10	GGC	0.0	0	below_threshold	high	0.062	False	user_msa
Drosophila_willistoni_Drosophila_willistoni__LOC6647585__XP_002070575.1	14	14	14	10	GGC	0.0	0	below_threshold	high	0.062	False	user_msa
Drosophila_yakuba_Drosophila_yakuba__LOC6536356__XP_002096938.1	14	14	14	10	GGT	0.0	0	below_threshold	high	0.062	False	user_msa
Drosophila_ananassae_Drosophila_ananassae__LOC6500548__XP_001953433.1	15	15	15	11	CAG	0.0	0	below_threshold	high	0.062	False	user_msa
Drosophila_biarmipes_Drosophila_biarmipes__LOC108032098__XP_016961415.1	15	15	15	11	CAA	0.0	0	below_threshold	high	0.062	False	user_msa
Drosophila_mauritiana_Drosophila_mauritiana__LOC117142441__XP_033162295.1	15	15	15	11	CAA	0.0	0	below_threshold	high	0.062	False	user_msa
Drosophila_melanogaster_Drosophila_melanogaster__betaTub85D__NP_524290.2	15	15	15	11	CAA	0.0	0	below_threshold	high	0.062	False	user_msa
Drosophila_pseudoobscura_Drosophila_pseudoobscura__betaTub85D__XP_001357842.1	15	15	15	11	CAA	0.0	0	below_threshold	high	0.062	False	user_msa
Drosophila_sechellia_Drosophila_sechellia__betaTub85D__XP_002031904.1	15	15	15	11	CAA	0.0	0	below_threshold	high	0.062	False	user_msa
Drosophila_simulans_Drosophila_simulans__LOC6728793__XP_002104128.1	15	15	15	11	CAA	0.0	0	below_threshold	high	0.062	False	user_msa
Drosophila_subobscura_Drosophila_subobscura__LOC117897634__XP_034662499.1	15	15	15	11	CAG	0.0	0	below_threshold	high	0.062	False	user_msa
Drosophila_suzukii_Drosophila_suzukii__betaTub85D__XP_016937909.1	15	15	15	11	CAA	0.0	0	below_threshold	high	0.062	False	user_msa
Drosophila_virilis_Drosophila_virilis__betaTub85D__XP_002053003.1	15	15	15	11	CAA	0.0	0	below_threshold	high	0.062	False	user_msa
Drosophila_willistoni_Drosophila_willistoni__LOC6647585__XP_002070575.1	15	15	15	11	CAG	0.0	0	below_threshold	high	0.062	False	user_msa
Drosophila_yakuba_Drosophila_yakuba__LOC6536356__XP_002096938.1	15	15	15	11	CAA	0.0	0	below_threshold	high	0.062	False	user_msa
Drosophila_ananassae_Drosophila_ananassae__LOC6500548__XP_001953433.1	16	16	16	12	TGC	0.0	0	below_threshold	high	0.062	False	user_msa
Drosophila_biarmipes_Drosophila_biarmipes__LOC108032098__XP_016961415.1	16	16	16	12	TGC	0.0	0	below_threshold	high	0.062	False	user_msa
Drosophila_mauritiana_Drosophila_mauritiana__LOC117142441__XP_033162295.1	16	16	16	12	TGC	0.0	0	below_threshold	high	0.062	False	user_msa
Drosophila_melanogaster_Drosophila_melanogaster__betaTub85D__NP_524290.2	16	16	16	12	TGC	0.0	0	below_threshold	high	0.062	False	user_msa
Drosophila_pseudoobscura_Drosophila_pseudoobscura__betaTub85D__XP_001357842.1	16	16	16	12	TGC	0.0	0	below_threshold	high	0.062	False	user_msa
Drosophila_sechellia_Drosophila_sechellia__betaTub85D__XP_002031904.1	16	16	16	12	TGC	0.0	0	below_threshold	high	0.062	False	user_msa
Drosophila_simulans_Drosophila_simulans__LOC6728793__XP_002104128.1	16	16	16	12	TGC	0.0	0	below_threshold	high	0.062	False	user_msa
Drosophila_subobscura_Drosophila_subobscura__LOC117897634__XP_034662499.1	16	16	16	12	TGC	0.0	0	below_threshold	high	0.062	False	user_msa
Drosophila_suzukii_Drosophila_suzukii__betaTub85D__XP_016937909.1	16	16	16	12	TGC	0.0	0	below_threshold	high	0.062	False	user_msa
Drosophila_virilis_Drosophila_virilis__betaTub85D__XP_002053003.1	16	16	16	12	TGC	0.0	0	below_threshold	high	0.062	False	user_msa
Drosophila_willistoni_Drosophila_willistoni__LOC6647585__XP_002070575.1	16	16	16	12	TGC	0.0	0	below_threshold	high	0.062	False	user_msa
Drosophila_yakuba_Drosophila_yakuba__LOC6536356__XP_002096938.1	16	16	16	12	TGC	0.0	0	below_threshold	high	0.062	False	user_msa
Drosophila_ananassae_Drosophila_ananassae__LOC6500548__XP_001953433.1	17	17	17	13	GGC	0.0	0	below_threshold	high	0.062	False	user_msa
Drosophila_biarmipes_Drosophila_biarmipes__LOC108032098__XP_016961415.1	17	17	17	13	GGT	0.0	0	below_threshold	high	0.062	False	user_msa
Drosophila_mauritiana_Drosophila_mauritiana__LOC117142441__XP_033162295.1	17	17	17	13	GGC	0.0	0	below_threshold	high	0.062	False	user_msa
Drosophila_melanogaster_Drosophila_melanogaster__betaTub85D__NP_524290.2	17	17	17	13	GGT	0.0	0	below_threshold	high	0.062	False	user_msa
Drosophila_pseudoobscura_Drosophila_pseudoobscura__betaTub85D__XP_001357842.1	17	17	17	13	GGC	0.0	0	below_threshold	high	0.062	False	user_msa
Drosophila_sechellia_Drosophila_sechellia__betaTub85D__XP_002031904.1	17	17	17	13	GGC	0.0	0	below_threshold	high	0.062	False	user_msa
Drosophila_simulans_Drosophila_simulans__LOC6728793__XP_002104128.1	17	17	17	13	GGC	0.0	0	below_threshold	high	0.062	False	user_msa
Drosophila_subobscura_Drosophila_subobscura__LOC117897634__XP_034662499.1	17	17	17	13	GGC	0.0	0	below_threshold	high	0.062	False	user_msa
Drosophila_suzukii_Drosophila_suzukii__betaTub85D__XP_016937909.1	17	17	17	13	GGT	0.0	0	below_threshold	high	0.062	False	user_msa
Drosophila_virilis_Drosophila_virilis__betaTub85D__XP_002053003.1	17	17	17	13	GGC	0.0	0	below_threshold	high	0.062	False	user_msa
Drosophila_willistoni_Drosophila_willistoni__LOC6647585__XP_002070575.1	17	17	17	13	GGA	0.0	0	below_threshold	high	0.062	False	user_msa
Drosophila_yakuba_Drosophila_yakuba__LOC6536356__XP_002096938.1	17	17	17	13	GGC	0.0	0	below_threshold	high	0.062	False	user_msa
Drosophila_ananassae_Drosophila_ananassae__LOC6500548__XP_001953433.1	18	18	18		---	0.0	0	below_threshold	high	0.062	False	user_msa
Drosophila_biarmipes_Drosophila_biarmipes__LOC108032098__XP_016961415.1	18	18	18		---	0.0	0	below_threshold	high	0.062	False	user_msa
Drosophila_mauritiana_Drosophila_mauritiana__LOC117142441__XP_033162295.1	18	18	18		---	0.0	0	below_threshold	high	0.062	False	user_msa
Drosophila_melanogaster_Drosophila_melanogaster__betaTub85D__NP_524290.2	18	18	18		---	0.0	0	below_threshold	high	0.062	False	user_msa
Drosophila_pseudoobscura_Drosophila_pseudoobscura__betaTub85D__XP_001357842.1	18	18	18		---	0.0	0	below_threshold	high	0.062	False	user_msa
Drosophila_sechellia_Drosophila_sechellia__betaTub85D__XP_002031904.1	18	18	18		---	0.0	0	below_threshold	high	0.062	False	user_msa
Drosophila_simulans_Drosophila_simulans__LOC6728793__XP_002104128.1	18	18	18		---	0.0	0	below_threshold	high	0.062	False	user_msa
Drosophila_subobscura_Drosophila_subobscura__LOC117897634__XP_034662499.1	18	18	18		---	0.0	0	below_threshold	high	0.062	False	user_msa
Drosophila_suzukii_Drosophila_suzukii__betaTub85D__XP_016937909.1	18	18	18		---	0.0	0	below_threshold	high	0.062	False	user_msa
Drosophila_virilis_Drosophila_virilis__betaTub85D__XP_002053003.1	18	18	18		---	0.0	0	below_threshold	high	0.062	False	user_msa
Drosophila_willistoni_Drosophila_willistoni__LOC6647585__XP_002070575.1	18	18	18		---	0.0	0	below_threshold	high	0.062	False	user_msa
Drosophila_yakuba_Drosophila_yakuba__LOC6536356__XP_002096938.1	18	18	18		---	0.0	0	below_threshold	high	0.062	False	user_msa
Drosophila_ananassae_Drosophila_ananassae__LOC6500548__XP_001953433.1	19	19	19		---	0.0	0	below_threshold	high	0.062	False	user_msa
Drosophila_biarmipes_Drosophila_biarmipes__LOC108032098__XP_016961415.1	19	19	19		---	0.0	0	below_threshold	high	0.062	False	user_msa
Drosophila_mauritiana_Drosophila_mauritiana__LOC117142441__XP_033162295.1	19	19	19		---	0.0	0	below_threshold	high	0.062	False	user_msa
Drosophila_melanogaster_Drosophila_melanogaster__betaTub85D__NP_524290.2	19	19	19		---	0.0	0	below_threshold	high	0.062	False	user_msa
Drosophila_pseudoobscura_Drosophila_pseudoobscura__betaTub85D__XP_001357842.1	19	19	19		---	0.0	0	below_threshold	high	0.062	False	user_msa
Drosophila_sechellia_Drosophila_sechellia__betaTub85D__XP_002031904.1	19	19	19		---	0.0	0	below_threshold	high	0.062	False	user_msa
Drosophila_simulans_Drosophila_simulans__LOC6728793__XP_002104128.1	19	19	19		---	0.0	0	below_threshold	high	0.062	False	user_msa
Drosophila_subobscura_Drosophila_subobscura__LOC117897634__XP_034662499.1	19	19	19		---	0.0	0	below_threshold	high	0.062	False	user_msa
Drosophila_suzukii_Drosophila_suzukii__betaTub85D__XP_016937909.1	19	19	19		---	0.0	0	below_threshold	high	0.062	False	user_msa
Drosophila_virilis_Drosophila_virilis__betaTub85D__XP_002053003.1	19	19	19		---	0.0	0	below_threshold	high	0.062	False	user_msa
Drosophila_willistoni_Drosophila_willistoni__LOC6647585__XP_002070575.1	19	19	19		---	0.0	0	below_threshold	high	0.062	False	user_msa
Drosophila_yakuba_Drosophila_yakuba__LOC6536356__XP_002096938.1	19	19	19		---	0.0	0	below_threshold	high	0.062	False	user_msa
Drosophila_ananassae_Drosophila_ananassae__LOC6500548__XP_001953433.1	20	20	20		---	0.0	0	below_threshold	high	0.062	False	user_msa
Drosophila_biarmipes_Drosophila_biarmipes__LOC108032098__XP_016961415.1	20	20	20		---	0.0	0	below_threshold	high	0.062	False	user_msa
Drosophila_mauritiana_Drosophila_mauritiana__LOC117142441__XP_033162295.1	20	20	20		---	0.0	0	below_threshold	high	0.062	False	user_msa
Drosophila_melanogaster_Drosophila_melanogaster__betaTub85D__NP_524290.2	20	20	20		---	0.0	0	below_threshold	high	0.062	False	user_msa
Drosophila_pseudoobscura_Drosophila_pseudoobscura__betaTub85D__XP_001357842.1	20	20	20		---	0.0	0	below_threshold	high	0.062	False	user_msa
Drosophila_sechellia_Drosophila_sechellia__betaTub85D__XP_002031904.1	20	20	20		---	0.0	0	below_threshold	high	0.062	False	user_msa
Drosophila_simulans_Drosophila_simulans__LOC6728793__XP_002104128.1	20	20	20		---	0.0	0	below_threshold	high	0.062	False	user_msa
Drosophila_subobscura_Drosophila_subobscura__LOC117897634__XP_034662499.1	20	20	20		---	0.0	0	below_threshold	high	0.062	False	user_msa
Drosophila_suzukii_Drosophila_suzukii__betaTub85D__XP_016937909.1	20	20	20		---	0.0	0	below_threshold	high	0.062	False	user_msa
Drosophila_virilis_Drosophila_virilis__betaTub85D__XP_002053003.1	20	20	20		---	0.0	0	below_threshold	high	0.062	False	user_msa
Drosophila_willistoni_Drosophila_willistoni__LOC6647585__XP_002070575.1	20	20	20		---	0.0	0	below_threshold	high	0.062	False	user_msa
Drosophila_yakuba_Drosophila_yakuba__LOC6536356__XP_002096938.1	20	20	20		---	0.0	0	below_threshold	high	0.062	False	user_msa
Drosophila_ananassae_Drosophila_ananassae__LOC6500548__XP_001953433.1	21	21	21		---	0.0	0	below_threshold	high	0.062	False	user_msa
Drosophila_biarmipes_Drosophila_biarmipes__LOC108032098__XP_016961415.1	21	21	21		---	0.0	0	below_threshold	high	0.062	False	user_msa
Drosophila_mauritiana_Drosophila_mauritiana__LOC117142441__XP_033162295.1	21	21	21		---	0.0	0	below_threshold	high	0.062	False	user_msa
Drosophila_melanogaster_Drosophila_melanogaster__betaTub85D__NP_524290.2	21	21	21		---	0.0	0	below_threshold	high	0.062	False	user_msa
Drosophila_pseudoobscura_Drosophila_pseudoobscura__betaTub85D__XP_001357842.1	21	21	21		---	0.0	0	below_threshold	high	0.062	False	user_msa
Drosophila_sechellia_Drosophila_sechellia__betaTub85D__XP_002031904.1	21	21	21		---	0.0	0	below_threshold	high	0.062	False	user_msa
Drosophila_simulans_Drosophila_simulans__LOC6728793__XP_002104128.1	21	21	21		---	0.0	0	below_threshold	high	0.062	False	user_msa
Drosophila_subobscura_Drosophila_subobscura__LOC117897634__XP_034662499.1	21	21	21		---	0.0	0	below_threshold	high	0.062	False	user_msa
Drosophila_suzukii_Drosophila_suzukii__betaTub85D__XP_016937909.1	21	21	21		---	0.0	0	below_threshold	high	0.062	False	user_msa
Drosophila_virilis_Drosophila_virilis__betaTub85D__XP_002053003.1	21	21	21		---	0.0	0	below_threshold	high	0.062	False	user_msa
Drosophila_willistoni_Drosophila_willistoni__LOC6647585__XP_002070575.1	21	21	21		---	0.0	0	below_threshold	high	0.062	False	user_msa
Drosophila_yakuba_Drosophila_yakuba__LOC6536356__XP_002096938.1	21	21	21		---	0.0	0	below_threshold	high	0.062	False	user_msa
Drosophila_ananassae_Drosophila_ananassae__LOC6500548__XP_001953433.1	22	22	22		---	0.0	0	below_threshold	high	0.062	False	user_msa
Drosophila_biarmipes_Drosophila_biarmipes__LOC108032098__XP_016961415.1	22	22	22		---	0.0	0	below_threshold	high	0.062	False	user_msa
Drosophila_mauritiana_Drosophila_mauritiana__LOC117142441__XP_033162295.1	22	22	22		---	0.0	0	below_threshold	high	0.062	False	user_msa
Drosophila_melanogaster_Drosophila_melanogaster__betaTub85D__NP_524290.2	22	22	22		---	0.0	0	below_threshold	high	0.062	False	user_msa
Drosophila_pseudoobscura_Drosophila_pseudoobscura__betaTub85D__XP_001357842.1	22	22	22		---	0.0	0	below_threshold	high	0.062	False	user_msa
Drosophila_sechellia_Drosophila_sechellia__betaTub85D__XP_002031904.1	22	22	22		---	0.0	0	below_threshold	high	0.062	False	user_msa
Drosophila_simulans_Drosophila_simulans__LOC6728793__XP_002104128.1	22	22	22		---	0.0	0	below_threshold	high	0.062	False	user_msa
Drosophila_subobscura_Drosophila_subobscura__LOC117897634__XP_034662499.1	22	22	22		---	0.0	0	below_threshold	high	0.062	False	user_msa
Drosophila_suzukii_Drosophila_suzukii__betaTub85D__XP_016937909.1	22	22	22		---	0.0	0	below_threshold	high	0.062	False	user_msa
Drosophila_virilis_Drosophila_virilis__betaTub85D__XP_002053003.1	22	22	22		---	0.0	0	below_threshold	high	0.062	False	user_msa
Drosophila_willistoni_Drosophila_willistoni__LOC6647585__XP_002070575.1	22	22	22		---	0.0	0	below_threshold	high	0.062	False	user_msa
Drosophila_yakuba_Drosophila_yakuba__LOC6536356__XP_002096938.1	22	22	22		---	0.0	0	below_threshold	high	0.062	False	user_msa
Drosophila_ananassae_Drosophila_ananassae__LOC6500548__XP_001953433.1	23	23	23	14	AAC	0.0	0	below_threshold	high	0.062	False	user_msa
Drosophila_biarmipes_Drosophila_biarmipes__LOC108032098__XP_016961415.1	23	23	23	14	AAC	0.0	0	below_threshold	high	0.062	False	user_msa
Drosophila_mauritiana_Drosophila_mauritiana__LOC117142441__XP_033162295.1	23	23	23	14	AAC	0.0	0	below_threshold	high	0.062	False	user_msa
Drosophila_melanogaster_Drosophila_melanogaster__betaTub85D__NP_524290.2	23	23	23	14	AAC	0.0	0	below_threshold	high	0.062	False	user_msa
Drosophila_pseudoobscura_Drosophila_pseudoobscura__betaTub85D__XP_001357842.1	23	23	23	14	AAC	0.0	0	below_threshold	high	0.062	False	user_msa
Drosophila_sechellia_Drosophila_sechellia__betaTub85D__XP_002031904.1	23	23	23	14	AAC	0.0	0	below_threshold	high	0.062	False	user_msa
Drosophila_simulans_Drosophila_simulans__LOC6728793__XP_002104128.1	23	23	23	14	AAC	0.0	0	below_threshold	high	0.062	False	user_msa
Drosophila_subobscura_Drosophila_subobscura__LOC117897634__XP_034662499.1	23	23	23	14	AAC	0.0	0	below_threshold	high	0.062	False	user_msa
Drosophila_suzukii_Drosophila_suzukii__betaTub85D__XP_016937909.1	23	23	23	14	AAC	0.0	0	below_threshold	high	0.062	False	user_msa
Drosophila_virilis_Drosophila_virilis__betaTub85D__XP_002053003.1	23	23	23	14	AAT	0.0	0	below_threshold	high	0.062	False	user_msa
Drosophila_willistoni_Drosophila_willistoni__LOC6647585__XP_002070575.1	23	23	23	14	AAC	0.0	0	below_threshold	high	0.062	False	user_msa
Drosophila_yakuba_Drosophila_yakuba__LOC6536356__XP_002096938.1	23	23	23	14	AAC	0.0	0	below_threshold	high	0.062	False	user_msa
Drosophila_ananassae_Drosophila_ananassae__LOC6500548__XP_001953433.1	24	24	24	15	CAA	0.0	0	below_threshold	high	0.062	False	user_msa
Drosophila_biarmipes_Drosophila_biarmipes__LOC108032098__XP_016961415.1	24	24	24	15	CAG	0.0	0	below_threshold	high	0.062	False	user_msa
Drosophila_mauritiana_Drosophila_mauritiana__LOC117142441__XP_033162295.1	24	24	24	15	CAG	0.0	0	below_threshold	high	0.062	False	user_msa
Drosophila_melanogaster_Drosophila_melanogaster__betaTub85D__NP_524290.2	24	24	24	15	CAG	0.0	0	below_threshold	high	0.062	False	user_msa
Drosophila_pseudoobscura_Drosophila_pseudoobscura__betaTub85D__XP_001357842.1	24	24	24	15	CAA	0.0	0	below_threshold	high	0.062	False	user_msa
Drosophila_sechellia_Drosophila_sechellia__betaTub85D__XP_002031904.1	24	24	24	15	CAG	0.0	0	below_threshold	high	0.062	False	user_msa
Drosophila_simulans_Drosophila_simulans__LOC6728793__XP_002104128.1	24	24	24	15	CAG	0.0	0	below_threshold	high	0.062	False	user_msa
Drosophila_subobscura_Drosophila_subobscura__LOC117897634__XP_034662499.1	24	24	24	15	CAG	0.0	0	below_threshold	high	0.062	False	user_msa
Drosophila_suzukii_Drosophila_suzukii__betaTub85D__XP_016937909.1	24	24	24	15	CAG	0.0	0	below_threshold	high	0.062	False	user_msa
Drosophila_virilis_Drosophila_virilis__betaTub85D__XP_002053003.1	24	24	24	15	CAG	0.0	0	below_threshold	high	0.062	False	user_msa
Drosophila_willistoni_Drosophila_willistoni__LOC6647585__XP_002070575.1	24	24	24	15	CAG	0.0	0	below_threshold	high	0.062	False	user_msa
Drosophila_yakuba_Drosophila_yakuba__LOC6536356__XP_002096938.1	24	24	24	15	CAG	0.0	0	below_threshold	high	0.062	False	user_msa
Drosophila_ananassae_Drosophila_ananassae__LOC6500548__XP_001953433.1	25	25	25	16	ATC	0.0	0	below_threshold	high	0.062	False	user_msa
Drosophila_biarmipes_Drosophila_biarmipes__LOC108032098__XP_016961415.1	25	25	25	16	ATC	0.0	0	below_threshold	high	0.062	False	user_msa
Drosophila_mauritiana_Drosophila_mauritiana__LOC117142441__XP_033162295.1	25	25	25	16	ATC	0.0	0	below_threshold	high	0.062	False	user_msa
Drosophila_melanogaster_Drosophila_melanogaster__betaTub85D__NP_524290.2	25	25	25	16	ATC	0.0	0	below_threshold	high	0.062	False	user_msa
Drosophila_pseudoobscura_Drosophila_pseudoobscura__betaTub85D__XP_001357842.1	25	25	25	16	ATA	0.0	0	below_threshold	high	0.062	False	user_msa
Drosophila_sechellia_Drosophila_sechellia__betaTub85D__XP_002031904.1	25	25	25	16	ATC	0.0	0	below_threshold	high	0.062	False	user_msa
Drosophila_simulans_Drosophila_simulans__LOC6728793__XP_002104128.1	25	25	25	16	ATC	0.0	0	below_threshold	high	0.062	False	user_msa
Drosophila_subobscura_Drosophila_subobscura__LOC117897634__XP_034662499.1	25	25	25	16	ATT	0.0	0	below_threshold	high	0.062	False	user_msa
Drosophila_suzukii_Drosophila_suzukii__betaTub85D__XP_016937909.1	25	25	25	16	ATC	0.0	0	below_threshold	high	0.062	False	user_msa
Drosophila_virilis_Drosophila_virilis__betaTub85D__XP_002053003.1	25	25	25	16	ATT	0.0	0	below_threshold	high	0.062	False	user_msa
Drosophila_willistoni_Drosophila_willistoni__LOC6647585__XP_002070575.1	25	25	25	16	ATT	0.0	0	below_threshold	high	0.062	False	user_msa
Drosophila_yakuba_Drosophila_yakuba__LOC6536356__XP_002096938.1	25	25	25	16	ATC	0.0	0	below_threshold	high	0.062	False	user_msa
Drosophila_ananassae_Drosophila_ananassae__LOC6500548__XP_001953433.1	26	26	26	17	GGT	0.0	0	below_threshold	high	0.062	False	user_msa
Drosophila_biarmipes_Drosophila_biarmipes__LOC108032098__XP_016961415.1	26	26	26	17	GGT	0.0	0	below_threshold	high	0.062	False	user_msa
Drosophila_mauritiana_Drosophila_mauritiana__LOC117142441__XP_033162295.1	26	26	26	17	GGT	0.0	0	below_threshold	high	0.062	False	user_msa
Drosophila_melanogaster_Drosophila_melanogaster__betaTub85D__NP_524290.2	26	26	26	17	GGT	0.0	0	below_threshold	high	0.062	False	user_msa
Drosophila_pseudoobscura_Drosophila_pseudoobscura__betaTub85D__XP_001357842.1	26	26	26	17	GGG	0.0	0	below_threshold	high	0.062	False	user_msa
Drosophila_sechellia_Drosophila_sechellia__betaTub85D__XP_002031904.1	26	26	26	17	GGT	0.0	0	below_threshold	high	0.062	False	user_msa
Drosophila_simulans_Drosophila_simulans__LOC6728793__XP_002104128.1	26	26	26	17	GGT	0.0	0	below_threshold	high	0.062	False	user_msa
Drosophila_subobscura_Drosophila_subobscura__LOC117897634__XP_034662499.1	26	26	26	17	GGG	0.0	0	below_threshold	high	0.062	False	user_msa
Drosophila_suzukii_Drosophila_suzukii__betaTub85D__XP_016937909.1	26	26	26	17	GGT	0.0	0	below_threshold	high	0.062	False	user_msa
Drosophila_virilis_Drosophila_virilis__betaTub85D__XP_002053003.1	26	26	26	17	GGC	0.0	0	below_threshold	high	0.062	False	user_msa
Drosophila_willistoni_Drosophila_willistoni__LOC6647585__XP_002070575.1	26	26	26	17	GGA	0.0	0	below_threshold	high	0.062	False	user_msa
Drosophila_yakuba_Drosophila_yakuba__LOC6536356__XP_002096938.1	26	26	26	17	GGT	0.0	0	below_threshold	high	0.062	False	user_msa
Drosophila_ananassae_Drosophila_ananassae__LOC6500548__XP_001953433.1	27	27	27	18	GGC	0.0	0	below_threshold	high	0.062	False	user_msa
Drosophila_biarmipes_Drosophila_biarmipes__LOC108032098__XP_016961415.1	27	27	27	18	GGT	0.0	0	below_threshold	high	0.062	False	user_msa
Drosophila_mauritiana_Drosophila_mauritiana__LOC117142441__XP_033162295.1	27	27	27	18	GGT	0.0	0	below_threshold	high	0.062	False	user_msa
Drosophila_melanogaster_Drosophila_melanogaster__betaTub85D__NP_524290.2	27	27	27	18	GGT	0.0	0	below_threshold	high	0.062	False	user_msa
Drosophila_pseudoobscura_Drosophila_pseudoobscura__betaTub85D__XP_001357842.1	27	27	27	18	GGA	0.0	0	below_threshold	high	0.062	False	user_msa
Drosophila_sechellia_Drosophila_sechellia__betaTub85D__XP_002031904.1	27	27	27	18	GGT	0.0	0	below_threshold	high	0.062	False	user_msa
Drosophila_simulans_Drosophila_simulans__LOC6728793__XP_002104128.1	27	27	27	18	GGA	0.0	0	below_threshold	high	0.062	False	user_msa
Drosophila_subobscura_Drosophila_subobscura__LOC117897634__XP_034662499.1	27	27	27	18	GGA	0.0	0	below_threshold	high	0.062	False	user_msa
Drosophila_suzukii_Drosophila_suzukii__betaTub85D__XP_016937909.1	27	27	27	18	GGT	0.0	0	below_threshold	high	0.062	False	user_msa
Drosophila_virilis_Drosophila_virilis__betaTub85D__XP_002053003.1	27	27	27	18	GGC	0.0	0	below_threshold	high	0.062	False	user_msa
Drosophila_willistoni_Drosophila_willistoni__LOC6647585__XP_002070575.1	27	27	27	18	GGT	0.0	0	below_threshold	high	0.062	False	user_msa
Drosophila_yakuba_Drosophila_yakuba__LOC6536356__XP_002096938.1	27	27	27	18	GGT	0.0	0	below_threshold	high	0.062	False	user_msa
Drosophila_ananassae_Drosophila_ananassae__LOC6500548__XP_001953433.1	28	28	28	19	AAG	0.0	0	below_threshold	high	0.062	False	user_msa
Drosophila_biarmipes_Drosophila_biarmipes__LOC108032098__XP_016961415.1	28	28	28	19	AAA	0.0	0	below_threshold	high	0.062	False	user_msa
Drosophila_mauritiana_Drosophila_mauritiana__LOC117142441__XP_033162295.1	28	28	28	19	AAG	0.0	0	below_threshold	high	0.062	False	user_msa
Drosophila_melanogaster_Drosophila_melanogaster__betaTub85D__NP_524290.2	28	28	28	19	AAA	0.0	0	below_threshold	high	0.062	False	user_msa
Drosophila_pseudoobscura_Drosophila_pseudoobscura__betaTub85D__XP_001357842.1	28	28	28	19	AAG	0.0	0	below_threshold	high	0.062	False	user_msa
Drosophila_sechellia_Drosophila_sechellia__betaTub85D__XP_002031904.1	28	28	28	19	AAG	0.0	0	below_threshold	high	0.062	False	user_msa
Drosophila_simulans_Drosophila_simulans__LOC6728793__XP_002104128.1	28	28	28	19	AAG	0.0	0	below_threshold	high	0.062	False	user_msa
Drosophila_subobscura_Drosophila_subobscura__LOC117897634__XP_034662499.1	28	28	28	19	AAG	0.0	0	below_threshold	high	0.062	False	user_msa
Drosophila_suzukii_Drosophila_suzukii__betaTub85D__XP_016937909.1	28	28	28	19	AAA	0.0	0	below_threshold	high	0.062	False	user_msa
Drosophila_virilis_Drosophila_virilis__betaTub85D__XP_002053003.1	28	28	28	19	AAG	0.0	0	below_threshold	high	0.062	False	user_msa
Drosophila_willistoni_Drosophila_willistoni__LOC6647585__XP_002070575.1	28	28	28	19	AAG	0.0	0	below_threshold	high	0.062	False	user_msa
Drosophila_yakuba_Drosophila_yakuba__LOC6536356__XP_002096938.1	28	28	28	19	AAA	0.0	0	below_threshold	high	0.062	False	user_msa
Drosophila_ananassae_Drosophila_ananassae__LOC6500548__XP_001953433.1	29	29	29	20	TTC	0.0	0	below_threshold	high	0.062	False	user_msa
Drosophila_biarmipes_Drosophila_biarmipes__LOC108032098__XP_016961415.1	29	29	29	20	TTC	0.0	0	below_threshold	high	0.062	False	user_msa
Drosophila_mauritiana_Drosophila_mauritiana__LOC117142441__XP_033162295.1	29	29	29	20	TTC	0.0	0	below_threshold	high	0.062	False	user_msa
Drosophila_melanogaster_Drosophila_melanogaster__betaTub85D__NP_524290.2	29	29	29	20	TTC	0.0	0	below_threshold	high	0.062	False	user_msa
Drosophila_pseudoobscura_Drosophila_pseudoobscura__betaTub85D__XP_001357842.1	29	29	29	20	TTT	0.0	0	below_threshold	high	0.062	False	user_msa
Drosophila_sechellia_Drosophila_sechellia__betaTub85D__XP_002031904.1	29	29	29	20	TTC	0.0	0	below_threshold	high	0.062	False	user_msa
Drosophila_simulans_Drosophila_simulans__LOC6728793__XP_002104128.1	29	29	29	20	TTC	0.0	0	below_threshold	high	0.062	False	user_msa
Drosophila_subobscura_Drosophila_subobscura__LOC117897634__XP_034662499.1	29	29	29	20	TTC	0.0	0	below_threshold	high	0.062	False	user_msa
Drosophila_suzukii_Drosophila_suzukii__betaTub85D__XP_016937909.1	29	29	29	20	TTC	0.0	0	below_threshold	high	0.062	False	user_msa
Drosophila_virilis_Drosophila_virilis__betaTub85D__XP_002053003.1	29	29	29	20	TTC	0.0	0	below_threshold	high	0.062	False	user_msa
Drosophila_willistoni_Drosophila_willistoni__LOC6647585__XP_002070575.1	29	29	29	20	TTC	0.0	0	below_threshold	high	0.062	False	user_msa
Drosophila_yakuba_Drosophila_yakuba__LOC6536356__XP_002096938.1	29	29	29	20	TTC	0.0	0	below_threshold	high	0.062	False	user_msa
Drosophila_ananassae_Drosophila_ananassae__LOC6500548__XP_001953433.1	30	30	30	21	TGG	0.0	0	below_threshold	high	0.062	False	user_msa
Drosophila_biarmipes_Drosophila_biarmipes__LOC108032098__XP_016961415.1	30	30	30	21	TGG	0.0	0	below_threshold	high	0.062	False	user_msa
Drosophila_mauritiana_Drosophila_mauritiana__LOC117142441__XP_033162295.1	30	30	30	21	TGG	0.0	0	below_threshold	high	0.062	False	user_msa
Drosophila_melanogaster_Drosophila_melanogaster__betaTub85D__NP_524290.2	30	30	30	21	TGG	0.0	0	below_threshold	high	0.062	False	user_msa
Drosophila_pseudoobscura_Drosophila_pseudoobscura__betaTub85D__XP_001357842.1	30	30	30	21	TGG	0.0	0	below_threshold	high	0.062	False	user_msa
Drosophila_sechellia_Drosophila_sechellia__betaTub85D__XP_002031904.1	30	30	30	21	TGG	0.0	0	below_threshold	high	0.062	False	user_msa
Drosophila_simulans_Drosophila_simulans__LOC6728793__XP_002104128.1	30	30	30	21	TGG	0.0	0	below_threshold	high	0.062	False	user_msa
Drosophila_subobscura_Drosophila_subobscura__LOC117897634__XP_034662499.1	30	30	30	21	TGG	0.0	0	below_threshold	high	0.062	False	user_msa
Drosophila_suzukii_Drosophila_suzukii__betaTub85D__XP_016937909.1	30	30	30	21	TGG	0.0	0	below_threshold	high	0.062	False	user_msa
Drosophila_virilis_Drosophila_virilis__betaTub85D__XP_002053003.1	30	30	30	21	TGG	0.0	0	below_threshold	high	0.062	False	user_msa
Drosophila_willistoni_Drosophila_willistoni__LOC6647585__XP_002070575.1	30	30	30	21	TGG	0.0	0	below_threshold	high	0.062	False	user_msa
Drosophila_yakuba_Drosophila_yakuba__LOC6536356__XP_002096938.1	30	30	30	21	TGG	0.0	0	below_threshold	high	0.062	False	user_msa
Drosophila_ananassae_Drosophila_ananassae__LOC6500548__XP_001953433.1	31	31	31	22	GAG	0.0	0	below_threshold	high	0.062	False	user_msa
Drosophila_biarmipes_Drosophila_biarmipes__LOC108032098__XP_016961415.1	31	31	31	22	GAG	0.0	0	below_threshold	high	0.062	False	user_msa
Drosophila_mauritiana_Drosophila_mauritiana__LOC117142441__XP_033162295.1	31	31	31	22	GAG	0.0	0	below_threshold	high	0.062	False	user_msa
Drosophila_melanogaster_Drosophila_melanogaster__betaTub85D__NP_524290.2	31	31	31	22	GAG	0.0	0	below_threshold	high	0.062	False	user_msa
Drosophila_pseudoobscura_Drosophila_pseudoobscura__betaTub85D__XP_001357842.1	31	31	31	22	GAG	0.0	0	below_threshold	high	0.062	False	user_msa
Drosophila_sechellia_Drosophila_sechellia__betaTub85D__XP_002031904.1	31	31	31	22	GAG	0.0	0	below_threshold	high	0.062	False	user_msa
Drosophila_simulans_Drosophila_simulans__LOC6728793__XP_002104128.1	31	31	31	22	GAG	0.0	0	below_threshold	high	0.062	False	user_msa
Drosophila_subobscura_Drosophila_subobscura__LOC117897634__XP_034662499.1	31	31	31	22	GAG	0.0	0	below_threshold	high	0.062	False	user_msa
Drosophila_suzukii_Drosophila_suzukii__betaTub85D__XP_016937909.1	31	31	31	22	GAG	0.0	0	below_threshold	high	0.062	False	user_msa
Drosophila_virilis_Drosophila_virilis__betaTub85D__XP_002053003.1	31	31	31	22	GAG	0.0	0	below_threshold	high	0.062	False	user_msa
Drosophila_willistoni_Drosophila_willistoni__LOC6647585__XP_002070575.1	31	31	31	22	GAG	0.0	0	below_threshold	high	0.062	False	user_msa
Drosophila_yakuba_Drosophila_yakuba__LOC6536356__XP_002096938.1	31	31	31	22	GAG	0.0	0	below_threshold	high	0.062	False	user_msa
Drosophila_ananassae_Drosophila_ananassae__LOC6500548__XP_001953433.1	32	32	32	23	GTT	0.0	0	below_threshold	high	0.062	False	user_msa
Drosophila_biarmipes_Drosophila_biarmipes__LOC108032098__XP_016961415.1	32	32	32	23	GTA	0.0	0	below_threshold	high	0.062	False	user_msa
Drosophila_mauritiana_Drosophila_mauritiana__LOC117142441__XP_033162295.1	32	32	32	23	GTA	0.0	0	below_threshold	high	0.062	False	user_msa
Drosophila_melanogaster_Drosophila_melanogaster__betaTub85D__NP_524290.2	32	32	32	23	GTA	0.0	0	below_threshold	high	0.062	False	user_msa
Drosophila_pseudoobscura_Drosophila_pseudoobscura__betaTub85D__XP_001357842.1	32	32	32	23	GTA	0.0	0	below_threshold	high	0.062	False	user_msa
Drosophila_sechellia_Drosophila_sechellia__betaTub85D__XP_002031904.1	32	32	32	23	GTA	0.0	0	below_threshold	high	0.062	False	user_msa
Drosophila_simulans_Drosophila_simulans__LOC6728793__XP_002104128.1	32	32	32	23	GTA	0.0	0	below_threshold	high	0.062	False	user_msa
Drosophila_subobscura_Drosophila_subobscura__LOC117897634__XP_034662499.1	32	32	32	23	GTG	0.0	0	below_threshold	high	0.062	False	user_msa
Drosophila_suzukii_Drosophila_suzukii__betaTub85D__XP_016937909.1	32	32	32	23	GTT	0.0	0	below_threshold	high	0.062	False	user_msa
Drosophila_virilis_Drosophila_virilis__betaTub85D__XP_002053003.1	32	32	32	23	GTC	0.0	0	below_threshold	high	0.062	False	user_msa
Drosophila_willistoni_Drosophila_willistoni__LOC6647585__XP_002070575.1	32	32	32	23	GTC	0.0	0	below_threshold	high	0.062	False	user_msa
Drosophila_yakuba_Drosophila_yakuba__LOC6536356__XP_002096938.1	32	32	32	23	GTC	0.0	0	below_threshold	high	0.062	False	user_msa
Drosophila_ananassae_Drosophila_ananassae__LOC6500548__XP_001953433.1	33	33	33	24	ATT	0.0	0	below_threshold	high	0.062	False	user_msa
Drosophila_biarmipes_Drosophila_biarmipes__LOC108032098__XP_016961415.1	33	33	33	24	ATC	0.0	0	below_threshold	high	0.062	False	user_msa
Drosophila_mauritiana_Drosophila_mauritiana__LOC117142441__XP_033162295.1	33	33	33	24	ATC	0.0	0	below_threshold	high	0.062	False	user_msa
Drosophila_melanogaster_Drosophila_melanogaster__betaTub85D__NP_524290.2	33	33	33	24	ATC	0.0	0	below_threshold	high	0.062	False	user_msa
Drosophila_pseudoobscura_Drosophila_pseudoobscura__betaTub85D__XP_001357842.1	33	33	33	24	ATA	0.0	0	below_threshold	high	0.062	False	user_msa
Drosophila_sechellia_Drosophila_sechellia__betaTub85D__XP_002031904.1	33	33	33	24	ATC	0.0	0	below_threshold	high	0.062	False	user_msa
Drosophila_simulans_Drosophila_simulans__LOC6728793__XP_002104128.1	33	33	33	24	ATC	0.0	0	below_threshold	high	0.062	False	user_msa
Drosophila_subobscura_Drosophila_subobscura__LOC117897634__XP_034662499.1	33	33	33	24	ATC	0.0	0	below_threshold	high	0.062	False	user_msa
Drosophila_suzukii_Drosophila_suzukii__betaTub85D__XP_016937909.1	33	33	33	24	ATT	0.0	0	below_threshold	high	0.062	False	user_msa
Drosophila_virilis_Drosophila_virilis__betaTub85D__XP_002053003.1	33	33	33	24	ATC	0.0	0	below_threshold	high	0.062	False	user_msa
Drosophila_willistoni_Drosophila_willistoni__LOC6647585__XP_002070575.1	33	33	33	24	ATC	0.0	0	below_threshold	high	0.062	False	user_msa
Drosophila_yakuba_Drosophila_yakuba__LOC6536356__XP_002096938.1	33	33	33	24	ATC	0.0	0	below_threshold	high	0.062	False	user_msa
Drosophila_ananassae_Drosophila_ananassae__LOC6500548__XP_001953433.1	34	34	34	25	TCC	0.0	0	below_threshold	high	0.062	False	user_msa
Drosophila_biarmipes_Drosophila_biarmipes__LOC108032098__XP_016961415.1	34	34	34	25	TCG	0.0	0	below_threshold	high	0.062	False	user_msa
Drosophila_mauritiana_Drosophila_mauritiana__LOC117142441__XP_033162295.1	34	34	34	25	TCG	0.0	0	below_threshold	high	0.062	False	user_msa
Drosophila_melanogaster_Drosophila_melanogaster__betaTub85D__NP_524290.2	34	34	34	25	TCG	0.0	0	below_threshold	high	0.062	False	user_msa
Drosophila_pseudoobscura_Drosophila_pseudoobscura__betaTub85D__XP_001357842.1	34	34	34	25	TCT	0.0	0	below_threshold	high	0.062	False	user_msa
Drosophila_sechellia_Drosophila_sechellia__betaTub85D__XP_002031904.1	34	34	34	25	TCG	0.0	0	below_threshold	high	0.062	False	user_msa
Drosophila_simulans_Drosophila_simulans__LOC6728793__XP_002104128.1	34	34	34	25	TCG	0.0	0	below_threshold	high	0.062	False	user_msa
Drosophila_subobscura_Drosophila_subobscura__LOC117897634__XP_034662499.1	34	34	34	25	TCG	0.0	0	below_threshold	high	0.062	False	user_msa
Drosophila_suzukii_Drosophila_suzukii__betaTub85D__XP_016937909.1	34	34	34	25	TCG	0.0	0	below_threshold	high	0.062	False	user_msa
Drosophila_virilis_Drosophila_virilis__betaTub85D__XP_002053003.1	34	34	34	25	TCA	0.0	0	below_threshold	high	0.062	False	user_msa
Drosophila_willistoni_Drosophila_willistoni__LOC6647585__XP_002070575.1	34	34	34	25	TCG	0.0	0	below_threshold	high	0.062	False	user_msa
Drosophila_yakuba_Drosophila_yakuba__LOC6536356__XP_002096938.1	34	34	34	25	TCG	0.0	0	below_threshold	high	0.062	False	user_msa
Drosophila_ananassae_Drosophila_ananassae__LOC6500548__XP_001953433.1	35	35	35	26	GAC	0.0	0	below_threshold	high	0.062	False	user_msa
Drosophila_biarmipes_Drosophila_biarmipes__LOC108032098__XP_016961415.1	35	35	35	26	GAT	0.0	0	below_threshold	high	0.062	False	user_msa
Drosophila_mauritiana_Drosophila_mauritiana__LOC117142441__XP_033162295.1	35	35	35	26	GAT	0.0	0	below_threshold	high	0.062	False	user_msa
Drosophila_melanogaster_Drosophila_melanogaster__betaTub85D__NP_524290.2	35	35	35	26	GAT	0.0	0	below_threshold	high	0.062	False	user_msa
Drosophila_pseudoobscura_Drosophila_pseudoobscura__betaTub85D__XP_001357842.1	35	35	35	26	GAC	0.0	0	below_threshold	high	0.062	False	user_msa
Drosophila_sechellia_Drosophila_sechellia__betaTub85D__XP_002031904.1	35	35	35	26	GAT	0.0	0	below_threshold	high	0.062	False	user_msa
Drosophila_simulans_Drosophila_simulans__LOC6728793__XP_002104128.1	35	35	35	26	GAT	0.0	0	below_threshold	high	0.062	False	user_msa
Drosophila_subobscura_Drosophila_subobscura__LOC117897634__XP_034662499.1	35	35	35	26	GAC	0.0	0	below_threshold	high	0.062	False	user_msa
Drosophila_suzukii_Drosophila_suzukii__betaTub85D__XP_016937909.1	35	35	35	26	GAT	0.0	0	below_threshold	high	0.062	False	user_msa
Drosophila_virilis_Drosophila_virilis__betaTub85D__XP_002053003.1	35	35	35	26	GAC	0.0	0	below_threshold	high	0.062	False	user_msa
Drosophila_willistoni_Drosophila_willistoni__LOC6647585__XP_002070575.1	35	35	35	26	GAC	0.0	0	below_threshold	high	0.062	False	user_msa
Drosophila_yakuba_Drosophila_yakuba__LOC6536356__XP_002096938.1	35	35	35	26	GAT	0.0	0	below_threshold	high	0.062	False	user_msa
Drosophila_ananassae_Drosophila_ananassae__LOC6500548__XP_001953433.1	36	36	36	27	GAA	0.0	0	below_threshold	high	0.062	False	user_msa
Drosophila_biarmipes_Drosophila_biarmipes__LOC108032098__XP_016961415.1	36	36	36	27	GAG	0.0	0	below_threshold	high	0.062	False	user_msa
Drosophila_mauritiana_Drosophila_mauritiana__LOC117142441__XP_033162295.1	36	36	36	27	GAG	0.0	0	below_threshold	high	0.062	False	user_msa
Drosophila_melanogaster_Drosophila_melanogaster__betaTub85D__NP_524290.2	36	36	36	27	GAG	0.0	0	below_threshold	high	0.062	False	user_msa
Drosophila_pseudoobscura_Drosophila_pseudoobscura__betaTub85D__XP_001357842.1	36	36	36	27	GAG	0.0	0	below_threshold	high	0.062	False	user_msa
Drosophila_sechellia_Drosophila_sechellia__betaTub85D__XP_002031904.1	36	36	36	27	GAG	0.0	0	below_threshold	high	0.062	False	user_msa
Drosophila_simulans_Drosophila_simulans__LOC6728793__XP_002104128.1	36	36	36	27	GAG	0.0	0	below_threshold	high	0.062	False	user_msa
Drosophila_subobscura_Drosophila_subobscura__LOC117897634__XP_034662499.1	36	36	36	27	GAG	0.0	0	below_threshold	high	0.062	False	user_msa
Drosophila_suzukii_Drosophila_suzukii__betaTub85D__XP_016937909.1	36	36	36	27	GAG	0.0	0	below_threshold	high	0.062	False	user_msa
Drosophila_virilis_Drosophila_virilis__betaTub85D__XP_002053003.1	36	36	36	27	GAG	0.0	0	below_threshold	high	0.062	False	user_msa
Drosophila_willistoni_Drosophila_willistoni__LOC6647585__XP_002070575.1	36	36	36	27	GAG	0.0	0	below_threshold	high	0.062	False	user_msa
Drosophila_yakuba_Drosophila_yakuba__LOC6536356__XP_002096938.1	36	36	36	27	GAG	0.0	0	below_threshold	high	0.062	False	user_msa
Drosophila_ananassae_Drosophila_ananassae__LOC6500548__XP_001953433.1	37	37	37	28	CAC	0.0	0	below_threshold	high	0.062	False	user_msa
Drosophila_biarmipes_Drosophila_biarmipes__LOC108032098__XP_016961415.1	37	37	37	28	CAC	0.0	0	below_threshold	high	0.062	False	user_msa
Drosophila_mauritiana_Drosophila_mauritiana__LOC117142441__XP_033162295.1	37	37	37	28	CAC	0.0	0	below_threshold	high	0.062	False	user_msa
Drosophila_melanogaster_Drosophila_melanogaster__betaTub85D__NP_524290.2	37	37	37	28	CAC	0.0	0	below_threshold	high	0.062	False	user_msa
Drosophila_pseudoobscura_Drosophila_pseudoobscura__betaTub85D__XP_001357842.1	37	37	37	28	CAC	0.0	0	below_threshold	high	0.062	False	user_msa
Drosophila_sechellia_Drosophila_sechellia__betaTub85D__XP_002031904.1	37	37	37	28	CAC	0.0	0	below_threshold	high	0.062	False	user_msa
Drosophila_simulans_Drosophila_simulans__LOC6728793__XP_002104128.1	37	37	37	28	CAC	0.0	0	below_threshold	high	0.062	False	user_msa
Drosophila_subobscura_Drosophila_subobscura__LOC117897634__XP_034662499.1	37	37	37	28	CAC	0.0	0	below_threshold	high	0.062	False	user_msa
Drosophila_suzukii_Drosophila_suzukii__betaTub85D__XP_016937909.1	37	37	37	28	CAT	0.0	0	below_threshold	high	0.062	False	user_msa
Drosophila_virilis_Drosophila_virilis__betaTub85D__XP_002053003.1	37	37	37	28	CAT	0.0	0	below_threshold	high	0.062	False	user_msa
Drosophila_willistoni_Drosophila_willistoni__LOC6647585__XP_002070575.1	37	37	37	28	CAC	0.0	0	below_threshold	high	0.062	False	user_msa
Drosophila_yakuba_Drosophila_yakuba__LOC6536356__XP_002096938.1	37	37	37	28	CAC	0.0	0	below_threshold	high	0.062	False	user_msa
Drosophila_ananassae_Drosophila_ananassae__LOC6500548__XP_001953433.1	38	38	38	29	TGC	0.0	0	below_threshold	high	0.062	False	user_msa
Drosophila_biarmipes_Drosophila_biarmipes__LOC108032098__XP_016961415.1	38	38	38	29	TGC	0.0	0	below_threshold	high	0.062	False	user_msa
Drosophila_mauritiana_Drosophila_mauritiana__LOC117142441__XP_033162295.1	38	38	38	29	TGT	0.0	0	below_threshold	high	0.062	False	user_msa
Drosophila_melanogaster_Drosophila_melanogaster__betaTub85D__NP_524290.2	38	38	38	29	TGT	0.0	0	below_threshold	high	0.062	False	user_msa
Drosophila_pseudoobscura_Drosophila_pseudoobscura__betaTub85D__XP_001357842.1	38	38	38	29	TGT	0.0	0	below_threshold	high	0.062	False	user_msa
Drosophila_sechellia_Drosophila_sechellia__betaTub85D__XP_002031904.1	38	38	38	29	TGT	0.0	0	below_threshold	high	0.062	False	user_msa
Drosophila_simulans_Drosophila_simulans__LOC6728793__XP_002104128.1	38	38	38	29	TGT	0.0	0	below_threshold	high	0.062	False	user_msa
Drosophila_subobscura_Drosophila_subobscura__LOC117897634__XP_034662499.1	38	38	38	29	TGC	0.0	0	below_threshold	high	0.062	False	user_msa
Drosophila_suzukii_Drosophila_suzukii__betaTub85D__XP_016937909.1	38	38	38	29	TGC	0.0	0	below_threshold	high	0.062	False	user_msa
Drosophila_virilis_Drosophila_virilis__betaTub85D__XP_002053003.1	38	38	38	29	TGC	0.0	0	below_threshold	high	0.062	False	user_msa
Drosophila_willistoni_Drosophila_willistoni__LOC6647585__XP_002070575.1	38	38	38	29	TGC	0.0	0	below_threshold	high	0.062	False	user_msa
Drosophila_yakuba_Drosophila_yakuba__LOC6536356__XP_002096938.1	38	38	38	29	TGC	0.0	0	below_threshold	high	0.062	False	user_msa
Drosophila_ananassae_Drosophila_ananassae__LOC6500548__XP_001953433.1	39	39	39	30	ATC	0.0	0	below_threshold	high	0.062	False	user_msa
Drosophila_biarmipes_Drosophila_biarmipes__LOC108032098__XP_016961415.1	39	39	39	30	ATA	0.0	0	below_threshold	high	0.062	False	user_msa
Drosophila_mauritiana_Drosophila_mauritiana__LOC117142441__XP_033162295.1	39	39	39	30	ATC	0.0	0	below_threshold	high	0.062	False	user_msa
Drosophila_melanogaster_Drosophila_melanogaster__betaTub85D__NP_524290.2	39	39	39	30	ATA	0.0	0	below_threshold	high	0.062	False	user_msa
Drosophila_pseudoobscura_Drosophila_pseudoobscura__betaTub85D__XP_001357842.1	39	39	39	30	ATA	0.0	0	below_threshold	high	0.062	False	user_msa
Drosophila_sechellia_Drosophila_sechellia__betaTub85D__XP_002031904.1	39	39	39	30	ATC	0.0	0	below_threshold	high	0.062	False	user_msa
Drosophila_simulans_Drosophila_simulans__LOC6728793__XP_002104128.1	39	39	39	30	ATC	0.0	0	below_threshold	high	0.062	False	user_msa
Drosophila_subobscura_Drosophila_subobscura__LOC117897634__XP_034662499.1	39	39	39	30	ATC	0.0	0	below_threshold	high	0.062	False	user_msa
Drosophila_suzukii_Drosophila_suzukii__betaTub85D__XP_016937909.1	39	39	39	30	ATA	0.0	0	below_threshold	high	0.062	False	user_msa
Drosophila_virilis_Drosophila_virilis__betaTub85D__XP_002053003.1	39	39	39	30	ATC	0.0	0	below_threshold	high	0.062	False	user_msa
Drosophila_willistoni_Drosophila_willistoni__LOC6647585__XP_002070575.1	39	39	39	30	ATC	0.0	0	below_threshold	high	0.062	False	user_msa
Drosophila_yakuba_Drosophila_yakuba__LOC6536356__XP_002096938.1	39	39	39	30	ATA	0.0	0	below_threshold	high	0.062	False	user_msa
Drosophila_ananassae_Drosophila_ananassae__LOC6500548__XP_001953433.1	40	40	40	31	GAT	0.0	0	below_threshold	high	0.062	False	user_msa
Drosophila_biarmipes_Drosophila_biarmipes__LOC108032098__XP_016961415.1	40	40	40	31	GAC	0.0	0	below_threshold	high	0.062	False	user_msa
Drosophila_mauritiana_Drosophila_mauritiana__LOC117142441__XP_033162295.1	40	40	40	31	GAC	0.0	0	below_threshold	high	0.062	False	user_msa
Drosophila_melanogaster_Drosophila_melanogaster__betaTub85D__NP_524290.2	40	40	40	31	GAT	0.0	0	below_threshold	high	0.062	False	user_msa
Drosophila_pseudoobscura_Drosophila_pseudoobscura__betaTub85D__XP_001357842.1	40	40	40	31	GAT	0.0	0	below_threshold	high	0.062	False	user_msa
Drosophila_sechellia_Drosophila_sechellia__betaTub85D__XP_002031904.1	40	40	40	31	GAC	0.0	0	below_threshold	high	0.062	False	user_msa
Drosophila_simulans_Drosophila_simulans__LOC6728793__XP_002104128.1	40	40	40	31	GAC	0.0	0	below_threshold	high	0.062	False	user_msa
Drosophila_subobscura_Drosophila_subobscura__LOC117897634__XP_034662499.1	40	40	40	31	GAC	0.0	0	below_threshold	high	0.062	False	user_msa
Drosophila_suzukii_Drosophila_suzukii__betaTub85D__XP_016937909.1	40	40	40	31	GAT	0.0	0	below_threshold	high	0.062	False	user_msa
Drosophila_virilis_Drosophila_virilis__betaTub85D__XP_002053003.1	40	40	40	31	GAC	0.0	0	below_threshold	high	0.062	False	user_msa
Drosophila_willistoni_Drosophila_willistoni__LOC6647585__XP_002070575.1	40	40	40	31	GAT	0.0	0	below_threshold	high	0.062	False	user_msa
Drosophila_yakuba_Drosophila_yakuba__LOC6536356__XP_002096938.1	40	40	40	31	GAC	0.0	0	below_threshold	high	0.062	False	user_msa
Drosophila_ananassae_Drosophila_ananassae__LOC6500548__XP_001953433.1	41	41	41	32	GCC	0.0	0	below_threshold	high	0.062	False	user_msa
Drosophila_biarmipes_Drosophila_biarmipes__LOC108032098__XP_016961415.1	41	41	41	32	GCC	0.0	0	below_threshold	high	0.062	False	user_msa
Drosophila_mauritiana_Drosophila_mauritiana__LOC117142441__XP_033162295.1	41	41	41	32	GCG	0.0	0	below_threshold	high	0.062	False	user_msa
Drosophila_melanogaster_Drosophila_melanogaster__betaTub85D__NP_524290.2	41	41	41	32	GCG	0.0	0	below_threshold	high	0.062	False	user_msa
Drosophila_pseudoobscura_Drosophila_pseudoobscura__betaTub85D__XP_001357842.1	41	41	41	32	GCC	0.0	0	below_threshold	high	0.062	False	user_msa
Drosophila_sechellia_Drosophila_sechellia__betaTub85D__XP_002031904.1	41	41	41	32	GCG	0.0	0	below_threshold	high	0.062	False	user_msa
Drosophila_simulans_Drosophila_simulans__LOC6728793__XP_002104128.1	41	41	41	32	GCG	0.0	0	below_threshold	high	0.062	False	user_msa
Drosophila_subobscura_Drosophila_subobscura__LOC117897634__XP_034662499.1	41	41	41	32	GCT	0.0	0	below_threshold	high	0.062	False	user_msa
Drosophila_suzukii_Drosophila_suzukii__betaTub85D__XP_016937909.1	41	41	41	32	GCC	0.0	0	below_threshold	high	0.062	False	user_msa
Drosophila_virilis_Drosophila_virilis__betaTub85D__XP_002053003.1	41	41	41	32	GCG	0.0	0	below_threshold	high	0.062	False	user_msa
Drosophila_willistoni_Drosophila_willistoni__LOC6647585__XP_002070575.1	41	41	41	32	GCC	0.0	0	below_threshold	high	0.062	False	user_msa
Drosophila_yakuba_Drosophila_yakuba__LOC6536356__XP_002096938.1	41	41	41	32	GCC	0.0	0	below_threshold	high	0.062	False	user_msa
Drosophila_ananassae_Drosophila_ananassae__LOC6500548__XP_001953433.1	42	42	42	33	ACT	0.0	0	below_threshold	high	0.062	False	user_msa
Drosophila_biarmipes_Drosophila_biarmipes__LOC108032098__XP_016961415.1	42	42	42	33	ACC	0.0	0	below_threshold	high	0.062	False	user_msa
Drosophila_mauritiana_Drosophila_mauritiana__LOC117142441__XP_033162295.1	42	42	42	33	ACC	0.0	0	below_threshold	high	0.062	False	user_msa
Drosophila_melanogaster_Drosophila_melanogaster__betaTub85D__NP_524290.2	42	42	42	33	ACC	0.0	0	below_threshold	high	0.062	False	user_msa
Drosophila_pseudoobscura_Drosophila_pseudoobscura__betaTub85D__XP_001357842.1	42	42	42	33	ACC	0.0	0	below_threshold	high	0.062	False	user_msa
Drosophila_sechellia_Drosophila_sechellia__betaTub85D__XP_002031904.1	42	42	42	33	ACC	0.0	0	below_threshold	high	0.062	False	user_msa
Drosophila_simulans_Drosophila_simulans__LOC6728793__XP_002104128.1	42	42	42	33	ACC	0.0	0	below_threshold	high	0.062	False	user_msa
Drosophila_subobscura_Drosophila_subobscura__LOC117897634__XP_034662499.1	42	42	42	33	ACT	0.0	0	below_threshold	high	0.062	False	user_msa
Drosophila_suzukii_Drosophila_suzukii__betaTub85D__XP_016937909.1	42	42	42	33	ACC	0.0	0	below_threshold	high	0.062	False	user_msa
Drosophila_virilis_Drosophila_virilis__betaTub85D__XP_002053003.1	42	42	42	33	ACG	0.0	0	below_threshold	high	0.062	False	user_msa
Drosophila_willistoni_Drosophila_willistoni__LOC6647585__XP_002070575.1	42	42	42	33	ACG	0.0	0	below_threshold	high	0.062	False	user_msa
Drosophila_yakuba_Drosophila_yakuba__LOC6536356__XP_002096938.1	42	42	42	33	ACT	0.0	0	below_threshold	high	0.062	False	user_msa
Drosophila_ananassae_Drosophila_ananassae__LOC6500548__XP_001953433.1	43	43	43	34	GGT	0.0	0	below_threshold	high	0.062	False	user_msa
Drosophila_biarmipes_Drosophila_biarmipes__LOC108032098__XP_016961415.1	43	43	43	34	GGA	0.0	0	below_threshold	high	0.062	False	user_msa
Drosophila_mauritiana_Drosophila_mauritiana__LOC117142441__XP_033162295.1	43	43	43	34	GGA	0.0	0	below_threshold	high	0.062	False	user_msa
Drosophila_melanogaster_Drosophila_melanogaster__betaTub85D__NP_524290.2	43	43	43	34	GGA	0.0	0	below_threshold	high	0.062	False	user_msa
Drosophila_pseudoobscura_Drosophila_pseudoobscura__betaTub85D__XP_001357842.1	43	43	43	34	GGC	0.0	0	below_threshold	high	0.062	False	user_msa
Drosophila_sechellia_Drosophila_sechellia__betaTub85D__XP_002031904.1	43	43	43	34	GGA	0.0	0	below_threshold	high	0.062	False	user_msa
Drosophila_simulans_Drosophila_simulans__LOC6728793__XP_002104128.1	43	43	43	34	GGA	0.0	0	below_threshold	high	0.062	False	user_msa
Drosophila_subobscura_Drosophila_subobscura__LOC117897634__XP_034662499.1	43	43	43	34	GGC	0.0	0	below_threshold	high	0.062	False	user_msa
Drosophila_suzukii_Drosophila_suzukii__betaTub85D__XP_016937909.1	43	43	43	34	GGA	0.0	0	below_threshold	high	0.062	False	user_msa
Drosophila_virilis_Drosophila_virilis__betaTub85D__XP_002053003.1	43	43	43	34	GGG	0.0	0	below_threshold	high	0.062	False	user_msa
Drosophila_willistoni_Drosophila_willistoni__LOC6647585__XP_002070575.1	43	43	43	34	GGT	0.0	0	below_threshold	high	0.062	False	user_msa
Drosophila_yakuba_Drosophila_yakuba__LOC6536356__XP_002096938.1	43	43	43	34	GGA	0.0	0	below_threshold	high	0.062	False	user_msa
Drosophila_ananassae_Drosophila_ananassae__LOC6500548__XP_001953433.1	44	44	44	35	ACT	0.0	0	below_threshold	high	0.062	False	user_msa
Drosophila_biarmipes_Drosophila_biarmipes__LOC108032098__XP_016961415.1	44	44	44	35	ACG	0.0	0	below_threshold	high	0.062	False	user_msa
Drosophila_mauritiana_Drosophila_mauritiana__LOC117142441__XP_033162295.1	44	44	44	35	ACG	0.0	0	below_threshold	high	0.062	False	user_msa
Drosophila_melanogaster_Drosophila_melanogaster__betaTub85D__NP_524290.2	44	44	44	35	ACG	0.0	0	below_threshold	high	0.062	False	user_msa
Drosophila_pseudoobscura_Drosophila_pseudoobscura__betaTub85D__XP_001357842.1	44	44	44	35	ACG	0.0	0	below_threshold	high	0.062	False	user_msa
Drosophila_sechellia_Drosophila_sechellia__betaTub85D__XP_002031904.1	44	44	44	35	ACG	0.0	0	below_threshold	high	0.062	False	user_msa
Drosophila_simulans_Drosophila_simulans__LOC6728793__XP_002104128.1	44	44	44	35	ACG	0.0	0	below_threshold	high	0.062	False	user_msa
Drosophila_subobscura_Drosophila_subobscura__LOC117897634__XP_034662499.1	44	44	44	35	ACG	0.0	0	below_threshold	high	0.062	False	user_msa
Drosophila_suzukii_Drosophila_suzukii__betaTub85D__XP_016937909.1	44	44	44	35	ACG	0.0	0	below_threshold	high	0.062	False	user_msa
Drosophila_virilis_Drosophila_virilis__betaTub85D__XP_002053003.1	44	44	44	35	ACA	0.0	0	below_threshold	high	0.062	False	user_msa
Drosophila_willistoni_Drosophila_willistoni__LOC6647585__XP_002070575.1	44	44	44	35	ACG	0.0	0	below_threshold	high	0.062	False	user_msa
Drosophila_yakuba_Drosophila_yakuba__LOC6536356__XP_002096938.1	44	44	44	35	ACG	0.0	0	below_threshold	high	0.062	False	user_msa
Drosophila_ananassae_Drosophila_ananassae__LOC6500548__XP_001953433.1	45	45	45	36	TAC	0.0	0	below_threshold	high	0.062	False	user_msa
Drosophila_biarmipes_Drosophila_biarmipes__LOC108032098__XP_016961415.1	45	45	45	36	TAC	0.0	0	below_threshold	high	0.062	False	user_msa
Drosophila_mauritiana_Drosophila_mauritiana__LOC117142441__XP_033162295.1	45	45	45	36	TAC	0.0	0	below_threshold	high	0.062	False	user_msa
Drosophila_melanogaster_Drosophila_melanogaster__betaTub85D__NP_524290.2	45	45	45	36	TAC	0.0	0	below_threshold	high	0.062	False	user_msa
Drosophila_pseudoobscura_Drosophila_pseudoobscura__betaTub85D__XP_001357842.1	45	45	45	36	TAC	0.0	0	below_threshold	high	0.062	False	user_msa
Drosophila_sechellia_Drosophila_sechellia__betaTub85D__XP_002031904.1	45	45	45	36	TAC	0.0	0	below_threshold	high	0.062	False	user_msa
Drosophila_simulans_Drosophila_simulans__LOC6728793__XP_002104128.1	45	45	45	36	TAC	0.0	0	below_threshold	high	0.062	False	user_msa
Drosophila_subobscura_Drosophila_subobscura__LOC117897634__XP_034662499.1	45	45	45	36	TAC	0.0	0	below_threshold	high	0.062	False	user_msa
Drosophila_suzukii_Drosophila_suzukii__betaTub85D__XP_016937909.1	45	45	45	36	TAT	0.0	0	below_threshold	high	0.062	False	user_msa
Drosophila_virilis_Drosophila_virilis__betaTub85D__XP_002053003.1	45	45	45	36	TAT	0.0	0	below_threshold	high	0.062	False	user_msa
Drosophila_willistoni_Drosophila_willistoni__LOC6647585__XP_002070575.1	45	45	45	36	TAT	0.0	0	below_threshold	high	0.062	False	user_msa
Drosophila_yakuba_Drosophila_yakuba__LOC6536356__XP_002096938.1	45	45	45	36	TAC	0.0	0	below_threshold	high	0.062	False	user_msa
Drosophila_ananassae_Drosophila_ananassae__LOC6500548__XP_001953433.1	46	46	46	37	TAC	0.0	0	below_threshold	high	0.062	False	user_msa
Drosophila_biarmipes_Drosophila_biarmipes__LOC108032098__XP_016961415.1	46	46	46	37	TAC	0.0	0	below_threshold	high	0.062	False	user_msa
Drosophila_mauritiana_Drosophila_mauritiana__LOC117142441__XP_033162295.1	46	46	46	37	TAC	0.0	0	below_threshold	high	0.062	False	user_msa
Drosophila_melanogaster_Drosophila_melanogaster__betaTub85D__NP_524290.2	46	46	46	37	TAC	0.0	0	below_threshold	high	0.062	False	user_msa
Drosophila_pseudoobscura_Drosophila_pseudoobscura__betaTub85D__XP_001357842.1	46	46	46	37	TAC	0.0	0	below_threshold	high	0.062	False	user_msa
Drosophila_sechellia_Drosophila_sechellia__betaTub85D__XP_002031904.1	46	46	46	37	TAC	0.0	0	below_threshold	high	0.062	False	user_msa
Drosophila_simulans_Drosophila_simulans__LOC6728793__XP_002104128.1	46	46	46	37	TAC	0.0	0	below_threshold	high	0.062	False	user_msa
Drosophila_subobscura_Drosophila_subobscura__LOC117897634__XP_034662499.1	46	46	46	37	TAC	0.0	0	below_threshold	high	0.062	False	user_msa
Drosophila_suzukii_Drosophila_suzukii__betaTub85D__XP_016937909.1	46	46	46	37	TAC	0.0	0	below_threshold	high	0.062	False	user_msa
Drosophila_virilis_Drosophila_virilis__betaTub85D__XP_002053003.1	46	46	46	37	TAC	0.0	0	below_threshold	high	0.062	False	user_msa
Drosophila_willistoni_Drosophila_willistoni__LOC6647585__XP_002070575.1	46	46	46	37	TAT	0.0	0	below_threshold	high	0.062	False	user_msa
Drosophila_yakuba_Drosophila_yakuba__LOC6536356__XP_002096938.1	46	46	46	37	TAT	0.0	0	below_threshold	high	0.062	False	user_msa
Drosophila_ananassae_Drosophila_ananassae__LOC6500548__XP_001953433.1	47	47	47	38	GGG	0.0	0	below_threshold	high	0.062	False	user_msa
Drosophila_biarmipes_Drosophila_biarmipes__LOC108032098__XP_016961415.1	47	47	47	38	GGC	0.0	0	below_threshold	high	0.062	False	user_msa
Drosophila_mauritiana_Drosophila_mauritiana__LOC117142441__XP_033162295.1	47	47	47	38	GGC	0.0	0	below_threshold	high	0.062	False	user_msa
Drosophila_melanogaster_Drosophila_melanogaster__betaTub85D__NP_524290.2	47	47	47	38	GGC	0.0	0	below_threshold	high	0.062	False	user_msa
Drosophila_pseudoobscura_Drosophila_pseudoobscura__betaTub85D__XP_001357842.1	47	47	47	38	GGC	0.0	0	below_threshold	high	0.062	False	user_msa
Drosophila_sechellia_Drosophila_sechellia__betaTub85D__XP_002031904.1	47	47	47	38	GGC	0.0	0	below_threshold	high	0.062	False	user_msa
Drosophila_simulans_Drosophila_simulans__LOC6728793__XP_002104128.1	47	47	47	38	GGC	0.0	0	below_threshold	high	0.062	False	user_msa
Drosophila_subobscura_Drosophila_subobscura__LOC117897634__XP_034662499.1	47	47	47	38	GGC	0.0	0	below_threshold	high	0.062	False	user_msa
Drosophila_suzukii_Drosophila_suzukii__betaTub85D__XP_016937909.1	47	47	47	38	GGA	0.0	0	below_threshold	high	0.062	False	user_msa
Drosophila_virilis_Drosophila_virilis__betaTub85D__XP_002053003.1	47	47	47	38	GGC	0.0	0	below_threshold	high	0.062	False	user_msa
Drosophila_willistoni_Drosophila_willistoni__LOC6647585__XP_002070575.1	47	47	47	38	GGC	0.0	0	below_threshold	high	0.062	False	user_msa
Drosophila_yakuba_Drosophila_yakuba__LOC6536356__XP_002096938.1	47	47	47	38	GGC	0.0	0	below_threshold	high	0.062	False	user_msa
Drosophila_ananassae_Drosophila_ananassae__LOC6500548__XP_001953433.1	48	48	48	39	GAC	0.0	0	below_threshold	high	0.062	False	user_msa
Drosophila_biarmipes_Drosophila_biarmipes__LOC108032098__XP_016961415.1	48	48	48	39	GAC	0.0	0	below_threshold	high	0.062	False	user_msa
Drosophila_mauritiana_Drosophila_mauritiana__LOC117142441__XP_033162295.1	48	48	48	39	GAT	0.0	0	below_threshold	high	0.062	False	user_msa
Drosophila_melanogaster_Drosophila_melanogaster__betaTub85D__NP_524290.2	48	48	48	39	GAT	0.0	0	below_threshold	high	0.062	False	user_msa
Drosophila_pseudoobscura_Drosophila_pseudoobscura__betaTub85D__XP_001357842.1	48	48	48	39	GAC	0.0	0	below_threshold	high	0.062	False	user_msa
Drosophila_sechellia_Drosophila_sechellia__betaTub85D__XP_002031904.1	48	48	48	39	GAT	0.0	0	below_threshold	high	0.062	False	user_msa
Drosophila_simulans_Drosophila_simulans__LOC6728793__XP_002104128.1	48	48	48	39	GAT	0.0	0	below_threshold	high	0.062	False	user_msa
Drosophila_subobscura_Drosophila_subobscura__LOC117897634__XP_034662499.1	48	48	48	39	GAC	0.0	0	below_threshold	high	0.062	False	user_msa
Drosophila_suzukii_Drosophila_suzukii__betaTub85D__XP_016937909.1	48	48	48	39	GAC	0.0	0	below_threshold	high	0.062	False	user_msa
Drosophila_virilis_Drosophila_virilis__betaTub85D__XP_002053003.1	48	48	48	39	GAT	0.0	0	below_threshold	high	0.062	False	user_msa
Drosophila_willistoni_Drosophila_willistoni__LOC6647585__XP_002070575.1	48	48	48	39	GAC	0.0	0	below_threshold	high	0.062	False	user_msa
Drosophila_yakuba_Drosophila_yakuba__LOC6536356__XP_002096938.1	48	48	48	39	GAT	0.0	0	below_threshold	high	0.062	False	user_msa
Drosophila_ananassae_Drosophila_ananassae__LOC6500548__XP_001953433.1	49	49	49	40	AGC	0.0	0	below_threshold	high	0.062	False	user_msa
Drosophila_biarmipes_Drosophila_biarmipes__LOC108032098__XP_016961415.1	49	49	49	40	AGC	0.0	0	below_threshold	high	0.062	False	user_msa
Drosophila_mauritiana_Drosophila_mauritiana__LOC117142441__XP_033162295.1	49	49	49	40	AGT	0.0	0	below_threshold	high	0.062	False	user_msa
Drosophila_melanogaster_Drosophila_melanogaster__betaTub85D__NP_524290.2	49	49	49	40	AGT	0.0	0	below_threshold	high	0.062	False	user_msa
Drosophila_pseudoobscura_Drosophila_pseudoobscura__betaTub85D__XP_001357842.1	49	49	49	40	AGT	0.0	0	below_threshold	high	0.062	False	user_msa
Drosophila_sechellia_Drosophila_sechellia__betaTub85D__XP_002031904.1	49	49	49	40	AGT	0.0	0	below_threshold	high	0.062	False	user_msa
Drosophila_simulans_Drosophila_simulans__LOC6728793__XP_002104128.1	49	49	49	40	AGT	0.0	0	below_threshold	high	0.062	False	user_msa
Drosophila_subobscura_Drosophila_subobscura__LOC117897634__XP_034662499.1	49	49	49	40	AGT	0.0	0	below_threshold	high	0.062	False	user_msa
Drosophila_suzukii_Drosophila_suzukii__betaTub85D__XP_016937909.1	49	49	49	40	AGT	0.0	0	below_threshold	high	0.062	False	user_msa
Drosophila_virilis_Drosophila_virilis__betaTub85D__XP_002053003.1	49	49	49	40	AGT	0.0	0	below_threshold	high	0.062	False	user_msa
Drosophila_willistoni_Drosophila_willistoni__LOC6647585__XP_002070575.1	49	49	49	40	AGT	0.0	0	below_threshold	high	0.062	False	user_msa
Drosophila_yakuba_Drosophila_yakuba__LOC6536356__XP_002096938.1	49	49	49	40	AGT	0.0	0	below_threshold	high	0.062	False	user_msa
Drosophila_ananassae_Drosophila_ananassae__LOC6500548__XP_001953433.1	50	50	50	41	GAT	0.0	0	below_threshold	high	0.062	False	user_msa
Drosophila_biarmipes_Drosophila_biarmipes__LOC108032098__XP_016961415.1	50	50	50	41	GAT	0.0	0	below_threshold	high	0.062	False	user_msa
Drosophila_mauritiana_Drosophila_mauritiana__LOC117142441__XP_033162295.1	50	50	50	41	GAT	0.0	0	below_threshold	high	0.062	False	user_msa
Drosophila_melanogaster_Drosophila_melanogaster__betaTub85D__NP_524290.2	50	50	50	41	GAT	0.0	0	below_threshold	high	0.062	False	user_msa
Drosophila_pseudoobscura_Drosophila_pseudoobscura__betaTub85D__XP_001357842.1	50	50	50	41	GAT	0.0	0	below_threshold	high	0.062	False	user_msa
Drosophila_sechellia_Drosophila_sechellia__betaTub85D__XP_002031904.1	50	50	50	41	GAT	0.0	0	below_threshold	high	0.062	False	user_msa
Drosophila_simulans_Drosophila_simulans__LOC6728793__XP_002104128.1	50	50	50	41	GAT	0.0	0	below_threshold	high	0.062	False	user_msa
Drosophila_subobscura_Drosophila_subobscura__LOC117897634__XP_034662499.1	50	50	50	41	GAT	0.0	0	below_threshold	high	0.062	False	user_msa
Drosophila_suzukii_Drosophila_suzukii__betaTub85D__XP_016937909.1	50	50	50	41	GAT	0.0	0	below_threshold	high	0.062	False	user_msa
Drosophila_virilis_Drosophila_virilis__betaTub85D__XP_002053003.1	50	50	50	41	GAC	0.0	0	below_threshold	high	0.062	False	user_msa
Drosophila_willistoni_Drosophila_willistoni__LOC6647585__XP_002070575.1	50	50	50	41	GAC	0.0	0	below_threshold	high	0.062	False	user_msa
Drosophila_yakuba_Drosophila_yakuba__LOC6536356__XP_002096938.1	50	50	50	41	GAT	0.0	0	below_threshold	high	0.062	False	user_msa
Drosophila_ananassae_Drosophila_ananassae__LOC6500548__XP_001953433.1	51	51	51	42	CTG	0.0	0	below_threshold	high	0.062	False	user_msa
Drosophila_biarmipes_Drosophila_biarmipes__LOC108032098__XP_016961415.1	51	51	51	42	CTG	0.0	0	below_threshold	high	0.062	False	user_msa
Drosophila_mauritiana_Drosophila_mauritiana__LOC117142441__XP_033162295.1	51	51	51	42	CTC	0.0	0	below_threshold	high	0.062	False	user_msa
Drosophila_melanogaster_Drosophila_melanogaster__betaTub85D__NP_524290.2	51	51	51	42	CTC	0.0	0	below_threshold	high	0.062	False	user_msa
Drosophila_pseudoobscura_Drosophila_pseudoobscura__betaTub85D__XP_001357842.1	51	51	51	42	TTG	0.0	0	below_threshold	high	0.062	False	user_msa
Drosophila_sechellia_Drosophila_sechellia__betaTub85D__XP_002031904.1	51	51	51	42	CTC	0.0	0	below_threshold	high	0.062	False	user_msa
Drosophila_simulans_Drosophila_simulans__LOC6728793__XP_002104128.1	51	51	51	42	CTC	0.0	0	below_threshold	high	0.062	False	user_msa
Drosophila_subobscura_Drosophila_subobscura__LOC117897634__XP_034662499.1	51	51	51	42	TTG	0.0	0	below_threshold	high	0.062	False	user_msa
Drosophila_suzukii_Drosophila_suzukii__betaTub85D__XP_016937909.1	51	51	51	42	CTG	0.0	0	below_threshold	high	0.062	False	user_msa
Drosophila_virilis_Drosophila_virilis__betaTub85D__XP_002053003.1	51	51	51	42	TTA	0.0	0	below_threshold	high	0.062	False	user_msa
Drosophila_willistoni_Drosophila_willistoni__LOC6647585__XP_002070575.1	51	51	51	42	TTG	0.0	0	below_threshold	high	0.062	False	user_msa
Drosophila_yakuba_Drosophila_yakuba__LOC6536356__XP_002096938.1	51	51	51	42	CTG	0.0	0	below_threshold	high	0.062	False	user_msa
Drosophila_ananassae_Drosophila_ananassae__LOC6500548__XP_001953433.1	52	52	52	43	CAG	0.0	0	below_threshold	high	0.062	False	user_msa
Drosophila_biarmipes_Drosophila_biarmipes__LOC108032098__XP_016961415.1	52	52	52	43	CAG	0.0	0	below_threshold	high	0.062	False	user_msa
Drosophila_mauritiana_Drosophila_mauritiana__LOC117142441__XP_033162295.1	52	52	52	43	CAG	0.0	0	below_threshold	high	0.062	False	user_msa
Drosophila_melanogaster_Drosophila_melanogaster__betaTub85D__NP_524290.2	52	52	52	43	CAG	0.0	0	below_threshold	high	0.062	False	user_msa
Drosophila_pseudoobscura_Drosophila_pseudoobscura__betaTub85D__XP_001357842.1	52	52	52	43	CAA	0.0	0	below_threshold	high	0.062	False	user_msa
Drosophila_sechellia_Drosophila_sechellia__betaTub85D__XP_002031904.1	52	52	52	43	CAG	0.0	0	below_threshold	high	0.062	False	user_msa
Drosophila_simulans_Drosophila_simulans__LOC6728793__XP_002104128.1	52	52	52	43	CAG	0.0	0	below_threshold	high	0.062	False	user_msa
Drosophila_subobscura_Drosophila_subobscura__LOC117897634__XP_034662499.1	52	52	52	43	CAG	0.0	0	below_threshold	high	0.062	False	user_msa
Drosophila_suzukii_Drosophila_suzukii__betaTub85D__XP_016937909.1	52	52	52	43	CAG	0.0	0	below_threshold	high	0.062	False	user_msa
Drosophila_virilis_Drosophila_virilis__betaTub85D__XP_002053003.1	52	52	52	43	CAG	0.0	0	below_threshold	high	0.062	False	user_msa
Drosophila_willistoni_Drosophila_willistoni__LOC6647585__XP_002070575.1	52	52	52	43	CAA	0.0	0	below_threshold	high	0.062	False	user_msa
Drosophila_yakuba_Drosophila_yakuba__LOC6536356__XP_002096938.1	52	52	52	43	CAG	0.0	0	below_threshold	high	0.062	False	user_msa
Drosophila_ananassae_Drosophila_ananassae__LOC6500548__XP_001953433.1	53	53	53	44	CTG	0.0	0	below_threshold	high	0.062	False	user_msa
Drosophila_biarmipes_Drosophila_biarmipes__LOC108032098__XP_016961415.1	53	53	53	44	CTG	0.0	0	below_threshold	high	0.062	False	user_msa
Drosophila_mauritiana_Drosophila_mauritiana__LOC117142441__XP_033162295.1	53	53	53	44	CTG	0.0	0	below_threshold	high	0.062	False	user_msa
Drosophila_melanogaster_Drosophila_melanogaster__betaTub85D__NP_524290.2	53	53	53	44	CTG	0.0	0	below_threshold	high	0.062	False	user_msa
Drosophila_pseudoobscura_Drosophila_pseudoobscura__betaTub85D__XP_001357842.1	53	53	53	44	TTG	0.0	0	below_threshold	high	0.062	False	user_msa
Drosophila_sechellia_Drosophila_sechellia__betaTub85D__XP_002031904.1	53	53	53	44	CTG	0.0	0	below_threshold	high	0.062	False	user_msa
Drosophila_simulans_Drosophila_simulans__LOC6728793__XP_002104128.1	53	53	53	44	CTG	0.0	0	below_threshold	high	0.062	False	user_msa
Drosophila_subobscura_Drosophila_subobscura__LOC117897634__XP_034662499.1	53	53	53	44	CTA	0.0	0	below_threshold	high	0.062	False	user_msa
Drosophila_suzukii_Drosophila_suzukii__betaTub85D__XP_016937909.1	53	53	53	44	CTG	0.0	0	below_threshold	high	0.062	False	user_msa
Drosophila_virilis_Drosophila_virilis__betaTub85D__XP_002053003.1	53	53	53	44	CTG	0.0	0	below_threshold	high	0.062	False	user_msa
Drosophila_willistoni_Drosophila_willistoni__LOC6647585__XP_002070575.1	53	53	53	44	TTG	0.0	0	below_threshold	high	0.062	False	user_msa
Drosophila_yakuba_Drosophila_yakuba__LOC6536356__XP_002096938.1	53	53	53	44	CTG	0.0	0	below_threshold	high	0.062	False	user_msa
Drosophila_ananassae_Drosophila_ananassae__LOC6500548__XP_001953433.1	54	54	54	45	GAG	0.0	0	below_threshold	high	0.062	False	user_msa
Drosophila_biarmipes_Drosophila_biarmipes__LOC108032098__XP_016961415.1	54	54	54	45	GAG	0.0	0	below_threshold	high	0.062	False	user_msa
Drosophila_mauritiana_Drosophila_mauritiana__LOC117142441__XP_033162295.1	54	54	54	45	GAG	0.0	0	below_threshold	high	0.062	False	user_msa
Drosophila_melanogaster_Drosophila_melanogaster__betaTub85D__NP_524290.2	54	54	54	45	GAG	0.0	0	below_threshold	high	0.062	False	user_msa
Drosophila_pseudoobscura_Drosophila_pseudoobscura__betaTub85D__XP_001357842.1	54	54	54	45	GAG	0.0	0	below_threshold	high	0.062	False	user_msa
Drosophila_sechellia_Drosophila_sechellia__betaTub85D__XP_002031904.1	54	54	54	45	GAG	0.0	0	below_threshold	high	0.062	False	user_msa
Drosophila_simulans_Drosophila_simulans__LOC6728793__XP_002104128.1	54	54	54	45	GAG	0.0	0	below_threshold	high	0.062	False	user_msa
Drosophila_subobscura_Drosophila_subobscura__LOC117897634__XP_034662499.1	54	54	54	45	GAG	0.0	0	below_threshold	high	0.062	False	user_msa
Drosophila_suzukii_Drosophila_suzukii__betaTub85D__XP_016937909.1	54	54	54	45	GAG	0.0	0	below_threshold	high	0.062	False	user_msa
Drosophila_virilis_Drosophila_virilis__betaTub85D__XP_002053003.1	54	54	54	45	GAA	0.0	0	below_threshold	high	0.062	False	user_msa
Drosophila_willistoni_Drosophila_willistoni__LOC6647585__XP_002070575.1	54	54	54	45	GAA	0.0	0	below_threshold	high	0.062	False	user_msa
Drosophila_yakuba_Drosophila_yakuba__LOC6536356__XP_002096938.1	54	54	54	45	GAG	0.0	0	below_threshold	high	0.062	False	user_msa
Drosophila_ananassae_Drosophila_ananassae__LOC6500548__XP_001953433.1	55	55	55	46	CGC	0.0	0	below_threshold	high	0.062	False	user_msa
Drosophila_biarmipes_Drosophila_biarmipes__LOC108032098__XP_016961415.1	55	55	55	46	CGC	0.0	0	below_threshold	high	0.062	False	user_msa
Drosophila_mauritiana_Drosophila_mauritiana__LOC117142441__XP_033162295.1	55	55	55	46	CGC	0.0	0	below_threshold	high	0.062	False	user_msa
Drosophila_melanogaster_Drosophila_melanogaster__betaTub85D__NP_524290.2	55	55	55	46	CGC	0.0	0	below_threshold	high	0.062	False	user_msa
Drosophila_pseudoobscura_Drosophila_pseudoobscura__betaTub85D__XP_001357842.1	55	55	55	46	CGA	0.0	0	below_threshold	high	0.062	False	user_msa
Drosophila_sechellia_Drosophila_sechellia__betaTub85D__XP_002031904.1	55	55	55	46	CGC	0.0	0	below_threshold	high	0.062	False	user_msa
Drosophila_simulans_Drosophila_simulans__LOC6728793__XP_002104128.1	55	55	55	46	CGC	0.0	0	below_threshold	high	0.062	False	user_msa
Drosophila_subobscura_Drosophila_subobscura__LOC117897634__XP_034662499.1	55	55	55	46	CGA	0.0	0	below_threshold	high	0.062	False	user_msa
Drosophila_suzukii_Drosophila_suzukii__betaTub85D__XP_016937909.1	55	55	55	46	CGC	0.0	0	below_threshold	high	0.062	False	user_msa
Drosophila_virilis_Drosophila_virilis__betaTub85D__XP_002053003.1	55	55	55	46	CGC	0.0	0	below_threshold	high	0.062	False	user_msa
Drosophila_willistoni_Drosophila_willistoni__LOC6647585__XP_002070575.1	55	55	55	46	AGG	0.0	0	below_threshold	high	0.062	False	user_msa
Drosophila_yakuba_Drosophila_yakuba__LOC6536356__XP_002096938.1	55	55	55	46	CGC	0.0	0	below_threshold	high	0.062	False	user_msa
Drosophila_ananassae_Drosophila_ananassae__LOC6500548__XP_001953433.1	56	56	56	47	ATC	0.0	0	below_threshold	high	0.062	False	user_msa
Drosophila_biarmipes_Drosophila_biarmipes__LOC108032098__XP_016961415.1	56	56	56	47	ATT	0.0	0	below_threshold	high	0.062	False	user_msa
Drosophila_mauritiana_Drosophila_mauritiana__LOC117142441__XP_033162295.1	56	56	56	47	ATC	0.0	0	below_threshold	high	0.062	False	user_msa
Drosophila_melanogaster_Drosophila_melanogaster__betaTub85D__NP_524290.2	56	56	56	47	ATC	0.0	0	below_threshold	high	0.062	False	user_msa
Drosophila_pseudoobscura_Drosophila_pseudoobscura__betaTub85D__XP_001357842.1	56	56	56	47	ATA	0.0	0	below_threshold	high	0.062	False	user_msa
Drosophila_sechellia_Drosophila_sechellia__betaTub85D__XP_002031904.1	56	56	56	47	ATC	0.0	0	below_threshold	high	0.062	False	user_msa
Drosophila_simulans_Drosophila_simulans__LOC6728793__XP_002104128.1	56	56	56	47	ATC	0.0	0	below_threshold	high	0.062	False	user_msa
Drosophila_subobscura_Drosophila_subobscura__LOC117897634__XP_034662499.1	56	56	56	47	ATC	0.0	0	below_threshold	high	0.062	False	user_msa
Drosophila_suzukii_Drosophila_suzukii__betaTub85D__XP_016937909.1	56	56	56	47	ATT	0.0	0	below_threshold	high	0.062	False	user_msa
Drosophila_virilis_Drosophila_virilis__betaTub85D__XP_002053003.1	56	56	56	47	ATT	0.0	0	below_threshold	high	0.062	False	user_msa
Drosophila_willistoni_Drosophila_willistoni__LOC6647585__XP_002070575.1	56	56	56	47	ATC	0.0	0	below_threshold	high	0.062	False	user_msa
Drosophila_yakuba_Drosophila_yakuba__LOC6536356__XP_002096938.1	56	56	56	47	ATC	0.0	0	below_threshold	high	0.062	False	user_msa
Drosophila_ananassae_Drosophila_ananassae__LOC6500548__XP_001953433.1	57	57	57	48	AAT	0.0	0	below_threshold	high	0.062	False	user_msa
Drosophila_biarmipes_Drosophila_biarmipes__LOC108032098__XP_016961415.1	57	57	57	48	AAC	0.0	0	below_threshold	high	0.062	False	user_msa
Drosophila_mauritiana_Drosophila_mauritiana__LOC117142441__XP_033162295.1	57	57	57	48	AAT	0.0	0	below_threshold	high	0.062	False	user_msa
Drosophila_melanogaster_Drosophila_melanogaster__betaTub85D__NP_524290.2	57	57	57	48	AAT	0.0	0	below_threshold	high	0.062	False	user_msa
Drosophila_pseudoobscura_Drosophila_pseudoobscura__betaTub85D__XP_001357842.1	57	57	57	48	AAT	0.0	0	below_threshold	high	0.062	False	user_msa
Drosophila_sechellia_Drosophila_sechellia__betaTub85D__XP_002031904.1	57	57	57	48	AAT	0.0	0	below_threshold	high	0.062	False	user_msa
Drosophila_simulans_Drosophila_simulans__LOC6728793__XP_002104128.1	57	57	57	48	AAT	0.0	0	below_threshold	high	0.062	False	user_msa
Drosophila_subobscura_Drosophila_subobscura__LOC117897634__XP_034662499.1	57	57	57	48	AAT	0.0	0	below_threshold	high	0.062	False	user_msa
Drosophila_suzukii_Drosophila_suzukii__betaTub85D__XP_016937909.1	57	57	57	48	AAT	0.0	0	below_threshold	high	0.062	False	user_msa
Drosophila_virilis_Drosophila_virilis__betaTub85D__XP_002053003.1	57	57	57	48	AAT	0.0	0	below_threshold	high	0.062	False	user_msa
Drosophila_willistoni_Drosophila_willistoni__LOC6647585__XP_002070575.1	57	57	57	48	AAC	0.0	0	below_threshold	high	0.062	False	user_msa
Drosophila_yakuba_Drosophila_yakuba__LOC6536356__XP_002096938.1	57	57	57	48	AAT	0.0	0	below_threshold	high	0.062	False	user_msa
Drosophila_ananassae_Drosophila_ananassae__LOC6500548__XP_001953433.1	58	58	58	49	GTC	0.0	0	below_threshold	high	0.062	False	user_msa
Drosophila_biarmipes_Drosophila_biarmipes__LOC108032098__XP_016961415.1	58	58	58	49	GTG	0.0	0	below_threshold	high	0.062	False	user_msa
Drosophila_mauritiana_Drosophila_mauritiana__LOC117142441__XP_033162295.1	58	58	58	49	GTA	0.0	0	below_threshold	high	0.062	False	user_msa
Drosophila_melanogaster_Drosophila_melanogaster__betaTub85D__NP_524290.2	58	58	58	49	GTA	0.0	0	below_threshold	high	0.062	False	user_msa
Drosophila_pseudoobscura_Drosophila_pseudoobscura__betaTub85D__XP_001357842.1	58	58	58	49	GTG	0.0	0	below_threshold	high	0.062	False	user_msa
Drosophila_sechellia_Drosophila_sechellia__betaTub85D__XP_002031904.1	58	58	58	49	GTA	0.0	0	below_threshold	high	0.062	False	user_msa
Drosophila_simulans_Drosophila_simulans__LOC6728793__XP_002104128.1	58	58	58	49	GTA	0.0	0	below_threshold	high	0.062	False	user_msa
Drosophila_subobscura_Drosophila_subobscura__LOC117897634__XP_034662499.1	58	58	58	49	GTG	0.0	0	below_threshold	high	0.062	False	user_msa
Drosophila_suzukii_Drosophila_suzukii__betaTub85D__XP_016937909.1	58	58	58	49	GTG	0.0	0	below_threshold	high	0.062	False	user_msa
Drosophila_virilis_Drosophila_virilis__betaTub85D__XP_002053003.1	58	58	58	49	GTC	0.0	0	below_threshold	high	0.062	False	user_msa
Drosophila_willistoni_Drosophila_willistoni__LOC6647585__XP_002070575.1	58	58	58	49	GTC	0.0	0	below_threshold	high	0.062	False	user_msa
Drosophila_yakuba_Drosophila_yakuba__LOC6536356__XP_002096938.1	58	58	58	49	GTG	0.0	0	below_threshold	high	0.062	False	user_msa
Drosophila_ananassae_Drosophila_ananassae__LOC6500548__XP_001953433.1	59	59	59	50	TAC	0.0	0	below_threshold	high	0.062	False	user_msa
Drosophila_biarmipes_Drosophila_biarmipes__LOC108032098__XP_016961415.1	59	59	59	50	TAC	0.0	0	below_threshold	high	0.062	False	user_msa
Drosophila_mauritiana_Drosophila_mauritiana__LOC117142441__XP_033162295.1	59	59	59	50	TAC	0.0	0	below_threshold	high	0.062	False	user_msa
Drosophila_melanogaster_Drosophila_melanogaster__betaTub85D__NP_524290.2	59	59	59	50	TAC	0.0	0	below_threshold	high	0.062	False	user_msa
Drosophila_pseudoobscura_Drosophila_pseudoobscura__betaTub85D__XP_001357842.1	59	59	59	50	TAC	0.0	0	below_threshold	high	0.062	False	user_msa
Drosophila_sechellia_Drosophila_sechellia__betaTub85D__XP_002031904.1	59	59	59	50	TAC	0.0	0	below_threshold	high	0.062	False	user_msa
Drosophila_simulans_Drosophila_simulans__LOC6728793__XP_002104128.1	59	59	59	50	TAC	0.0	0	below_threshold	high	0.062	False	user_msa
Drosophila_subobscura_Drosophila_subobscura__LOC117897634__XP_034662499.1	59	59	59	50	TAC	0.0	0	below_threshold	high	0.062	False	user_msa
Drosophila_suzukii_Drosophila_suzukii__betaTub85D__XP_016937909.1	59	59	59	50	TAC	0.0	0	below_threshold	high	0.062	False	user_msa
Drosophila_virilis_Drosophila_virilis__betaTub85D__XP_002053003.1	59	59	59	50	TAT	0.0	0	below_threshold	high	0.062	False	user_msa
Drosophila_willistoni_Drosophila_willistoni__LOC6647585__XP_002070575.1	59	59	59	50	TAC	0.0	0	below_threshold	high	0.062	False	user_msa
Drosophila_yakuba_Drosophila_yakuba__LOC6536356__XP_002096938.1	59	59	59	50	TAC	0.0	0	below_threshold	high	0.062	False	user_msa
Drosophila_ananassae_Drosophila_ananassae__LOC6500548__XP_001953433.1	60	60	60	51	TAC	0.0	0	below_threshold	high	0.062	False	user_msa
Drosophila_biarmipes_Drosophila_biarmipes__LOC108032098__XP_016961415.1	60	60	60	51	TAC	0.0	0	below_threshold	high	0.062	False	user_msa
Drosophila_mauritiana_Drosophila_mauritiana__LOC117142441__XP_033162295.1	60	60	60	51	TAC	0.0	0	below_threshold	high	0.062	False	user_msa
Drosophila_melanogaster_Drosophila_melanogaster__betaTub85D__NP_524290.2	60	60	60	51	TAC	0.0	0	below_threshold	high	0.062	False	user_msa
Drosophila_pseudoobscura_Drosophila_pseudoobscura__betaTub85D__XP_001357842.1	60	60	60	51	TAC	0.0	0	below_threshold	high	0.062	False	user_msa
Drosophila_sechellia_Drosophila_sechellia__betaTub85D__XP_002031904.1	60	60	60	51	TAC	0.0	0	below_threshold	high	0.062	False	user_msa
Drosophila_simulans_Drosophila_simulans__LOC6728793__XP_002104128.1	60	60	60	51	TAC	0.0	0	below_threshold	high	0.062	False	user_msa
Drosophila_subobscura_Drosophila_subobscura__LOC117897634__XP_034662499.1	60	60	60	51	TAC	0.0	0	below_threshold	high	0.062	False	user_msa
Drosophila_suzukii_Drosophila_suzukii__betaTub85D__XP_016937909.1	60	60	60	51	TAC	0.0	0	below_threshold	high	0.062	False	user_msa
Drosophila_virilis_Drosophila_virilis__betaTub85D__XP_002053003.1	60	60	60	51	TAT	0.0	0	below_threshold	high	0.062	False	user_msa
Drosophila_willistoni_Drosophila_willistoni__LOC6647585__XP_002070575.1	60	60	60	51	TAC	0.0	0	below_threshold	high	0.062	False	user_msa
Drosophila_yakuba_Drosophila_yakuba__LOC6536356__XP_002096938.1	60	60	60	51	TAC	0.0	0	below_threshold	high	0.062	False	user_msa
Drosophila_ananassae_Drosophila_ananassae__LOC6500548__XP_001953433.1	61	61	61	52	AAC	0.0	0	below_threshold	high	0.062	False	user_msa
Drosophila_biarmipes_Drosophila_biarmipes__LOC108032098__XP_016961415.1	61	61	61	52	AAT	0.0	0	below_threshold	high	0.062	False	user_msa
Drosophila_mauritiana_Drosophila_mauritiana__LOC117142441__XP_033162295.1	61	61	61	52	AAT	0.0	0	below_threshold	high	0.062	False	user_msa
Drosophila_melanogaster_Drosophila_melanogaster__betaTub85D__NP_524290.2	61	61	61	52	AAT	0.0	0	below_threshold	high	0.062	False	user_msa
Drosophila_pseudoobscura_Drosophila_pseudoobscura__betaTub85D__XP_001357842.1	61	61	61	52	AAC	0.0	0	below_threshold	high	0.062	False	user_msa
Drosophila_sechellia_Drosophila_sechellia__betaTub85D__XP_002031904.1	61	61	61	52	AAT	0.0	0	below_threshold	high	0.062	False	user_msa
Drosophila_simulans_Drosophila_simulans__LOC6728793__XP_002104128.1	61	61	61	52	AAT	0.0	0	below_threshold	high	0.062	False	user_msa
Drosophila_subobscura_Drosophila_subobscura__LOC117897634__XP_034662499.1	61	61	61	52	AAC	0.0	0	below_threshold	high	0.062	False	user_msa
Drosophila_suzukii_Drosophila_suzukii__betaTub85D__XP_016937909.1	61	61	61	52	AAT	0.0	0	below_threshold	high	0.062	False	user_msa
Drosophila_virilis_Drosophila_virilis__betaTub85D__XP_002053003.1	61	61	61	52	AAT	0.0	0	below_threshold	high	0.062	False	user_msa
Drosophila_willistoni_Drosophila_willistoni__LOC6647585__XP_002070575.1	61	61	61	52	AAT	0.0	0	below_threshold	high	0.062	False	user_msa
Drosophila_yakuba_Drosophila_yakuba__LOC6536356__XP_002096938.1	61	61	61	52	AAT	0.0	0	below_threshold	high	0.062	False	user_msa
Drosophila_ananassae_Drosophila_ananassae__LOC6500548__XP_001953433.1	62	62	62	53	GAG	0.0	0	below_threshold	high	0.062	False	user_msa
Drosophila_biarmipes_Drosophila_biarmipes__LOC108032098__XP_016961415.1	62	62	62	53	GAA	0.0	0	below_threshold	high	0.062	False	user_msa
Drosophila_mauritiana_Drosophila_mauritiana__LOC117142441__XP_033162295.1	62	62	62	53	GAG	0.0	0	below_threshold	high	0.062	False	user_msa
Drosophila_melanogaster_Drosophila_melanogaster__betaTub85D__NP_524290.2	62	62	62	53	GAA	0.0	0	below_threshold	high	0.062	False	user_msa
Drosophila_pseudoobscura_Drosophila_pseudoobscura__betaTub85D__XP_001357842.1	62	62	62	53	GAG	0.0	0	below_threshold	high	0.062	False	user_msa
Drosophila_sechellia_Drosophila_sechellia__betaTub85D__XP_002031904.1	62	62	62	53	GAG	0.0	0	below_threshold	high	0.062	False	user_msa
Drosophila_simulans_Drosophila_simulans__LOC6728793__XP_002104128.1	62	62	62	53	GAG	0.0	0	below_threshold	high	0.062	False	user_msa
Drosophila_subobscura_Drosophila_subobscura__LOC117897634__XP_034662499.1	62	62	62	53	GAG	0.0	0	below_threshold	high	0.062	False	user_msa
Drosophila_suzukii_Drosophila_suzukii__betaTub85D__XP_016937909.1	62	62	62	53	GAA	0.0	0	below_threshold	high	0.062	False	user_msa
Drosophila_virilis_Drosophila_virilis__betaTub85D__XP_002053003.1	62	62	62	53	GAA	0.0	0	below_threshold	high	0.062	False	user_msa
Drosophila_willistoni_Drosophila_willistoni__LOC6647585__XP_002070575.1	62	62	62	53	GAG	0.0	0	below_threshold	high	0.062	False	user_msa
Drosophila_yakuba_Drosophila_yakuba__LOC6536356__XP_002096938.1	62	62	62	53	GAA	0.0	0	below_threshold	high	0.062	False	user_msa
Drosophila_ananassae_Drosophila_ananassae__LOC6500548__XP_001953433.1	63	63	63	54	GCC	0.0	0	below_threshold	high	0.062	False	user_msa
Drosophila_biarmipes_Drosophila_biarmipes__LOC108032098__XP_016961415.1	63	63	63	54	GCC	0.0	0	below_threshold	high	0.062	False	user_msa
Drosophila_mauritiana_Drosophila_mauritiana__LOC117142441__XP_033162295.1	63	63	63	54	GCC	0.0	0	below_threshold	high	0.062	False	user_msa
Drosophila_melanogaster_Drosophila_melanogaster__betaTub85D__NP_524290.2	63	63	63	54	GCC	0.0	0	below_threshold	high	0.062	False	user_msa
Drosophila_pseudoobscura_Drosophila_pseudoobscura__betaTub85D__XP_001357842.1	63	63	63	54	GCG	0.0	0	below_threshold	high	0.062	False	user_msa
Drosophila_sechellia_Drosophila_sechellia__betaTub85D__XP_002031904.1	63	63	63	54	GCC	0.0	0	below_threshold	high	0.062	False	user_msa
Drosophila_simulans_Drosophila_simulans__LOC6728793__XP_002104128.1	63	63	63	54	GCC	0.0	0	below_threshold	high	0.062	False	user_msa
Drosophila_subobscura_Drosophila_subobscura__LOC117897634__XP_034662499.1	63	63	63	54	GCC	0.0	0	below_threshold	high	0.062	False	user_msa
Drosophila_suzukii_Drosophila_suzukii__betaTub85D__XP_016937909.1	63	63	63	54	GCC	0.0	0	below_threshold	high	0.062	False	user_msa
Drosophila_virilis_Drosophila_virilis__betaTub85D__XP_002053003.1	63	63	63	54	GCC	0.0	0	below_threshold	high	0.062	False	user_msa
Drosophila_willistoni_Drosophila_willistoni__LOC6647585__XP_002070575.1	63	63	63	54	GCC	0.0	0	below_threshold	high	0.062	False	user_msa
Drosophila_yakuba_Drosophila_yakuba__LOC6536356__XP_002096938.1	63	63	63	54	GCC	0.0	0	below_threshold	high	0.062	False	user_msa
Drosophila_ananassae_Drosophila_ananassae__LOC6500548__XP_001953433.1	64	64	64	55	ACC	0.0	0	below_threshold	high	0.062	False	user_msa
Drosophila_biarmipes_Drosophila_biarmipes__LOC108032098__XP_016961415.1	64	64	64	55	ACC	0.0	0	below_threshold	high	0.062	False	user_msa
Drosophila_mauritiana_Drosophila_mauritiana__LOC117142441__XP_033162295.1	64	64	64	55	ACC	0.0	0	below_threshold	high	0.062	False	user_msa
Drosophila_melanogaster_Drosophila_melanogaster__betaTub85D__NP_524290.2	64	64	64	55	ACC	0.0	0	below_threshold	high	0.062	False	user_msa
Drosophila_pseudoobscura_Drosophila_pseudoobscura__betaTub85D__XP_001357842.1	64	64	64	55	ACA	0.0	0	below_threshold	high	0.062	False	user_msa
Drosophila_sechellia_Drosophila_sechellia__betaTub85D__XP_002031904.1	64	64	64	55	ACC	0.0	0	below_threshold	high	0.062	False	user_msa
Drosophila_simulans_Drosophila_simulans__LOC6728793__XP_002104128.1	64	64	64	55	ACC	0.0	0	below_threshold	high	0.062	False	user_msa
Drosophila_subobscura_Drosophila_subobscura__LOC117897634__XP_034662499.1	64	64	64	55	ACA	0.0	0	below_threshold	high	0.062	False	user_msa
Drosophila_suzukii_Drosophila_suzukii__betaTub85D__XP_016937909.1	64	64	64	55	ACC	0.0	0	below_threshold	high	0.062	False	user_msa
Drosophila_virilis_Drosophila_virilis__betaTub85D__XP_002053003.1	64	64	64	55	ACT	0.0	0	below_threshold	high	0.062	False	user_msa
Drosophila_willistoni_Drosophila_willistoni__LOC6647585__XP_002070575.1	64	64	64	55	ACC	0.0	0	below_threshold	high	0.062	False	user_msa
Drosophila_yakuba_Drosophila_yakuba__LOC6536356__XP_002096938.1	64	64	64	55	ACC	0.0	0	below_threshold	high	0.062	False	user_msa
Drosophila_ananassae_Drosophila_ananassae__LOC6500548__XP_001953433.1	65	65	65		---	0.0	0	below_threshold	high	0.062	False	user_msa
Drosophila_biarmipes_Drosophila_biarmipes__LOC108032098__XP_016961415.1	65	65	65		---	0.0	0	below_threshold	high	0.062	False	user_msa
Drosophila_mauritiana_Drosophila_mauritiana__LOC117142441__XP_033162295.1	65	65	65		---	0.0	0	below_threshold	high	0.062	False	user_msa
Drosophila_melanogaster_Drosophila_melanogaster__betaTub85D__NP_524290.2	65	65	65		---	0.0	0	below_threshold	high	0.062	False	user_msa
Drosophila_pseudoobscura_Drosophila_pseudoobscura__betaTub85D__XP_001357842.1	65	65	65		---	0.0	0	below_threshold	high	0.062	False	user_msa
Drosophila_sechellia_Drosophila_sechellia__betaTub85D__XP_002031904.1	65	65	65		---	0.0	0	below_threshold	high	0.062	False	user_msa
Drosophila_simulans_Drosophila_simulans__LOC6728793__XP_002104128.1	65	65	65		---	0.0	0	below_threshold	high	0.062	False	user_msa
Drosophila_subobscura_Drosophila_subobscura__LOC117897634__XP_034662499.1	65	65	65		---	0.0	0	below_threshold	high	0.062	False	user_msa
Drosophila_suzukii_Drosophila_suzukii__betaTub85D__XP_016937909.1	65	65	65		---	0.0	0	below_threshold	high	0.062	False	user_msa
Drosophila_virilis_Drosophila_virilis__betaTub85D__XP_002053003.1	65	65	65		---	0.0	0	below_threshold	high	0.062	False	user_msa
Drosophila_willistoni_Drosophila_willistoni__LOC6647585__XP_002070575.1	65	65	65		---	0.0	0	below_threshold	high	0.062	False	user_msa
Drosophila_yakuba_Drosophila_yakuba__LOC6536356__XP_002096938.1	65	65	65		---	0.0	0	below_threshold	high	0.062	False	user_msa
Drosophila_ananassae_Drosophila_ananassae__LOC6500548__XP_001953433.1	66	66	66		---	0.0	0	below_threshold	high	0.062	False	user_msa
Drosophila_biarmipes_Drosophila_biarmipes__LOC108032098__XP_016961415.1	66	66	66		---	0.0	0	below_threshold	high	0.062	False	user_msa
Drosophila_mauritiana_Drosophila_mauritiana__LOC117142441__XP_033162295.1	66	66	66		---	0.0	0	below_threshold	high	0.062	False	user_msa
Drosophila_melanogaster_Drosophila_melanogaster__betaTub85D__NP_524290.2	66	66	66		---	0.0	0	below_threshold	high	0.062	False	user_msa
Drosophila_pseudoobscura_Drosophila_pseudoobscura__betaTub85D__XP_001357842.1	66	66	66		---	0.0	0	below_threshold	high	0.062	False	user_msa
Drosophila_sechellia_Drosophila_sechellia__betaTub85D__XP_002031904.1	66	66	66		---	0.0	0	below_threshold	high	0.062	False	user_msa
Drosophila_simulans_Drosophila_simulans__LOC6728793__XP_002104128.1	66	66	66		---	0.0	0	below_threshold	high	0.062	False	user_msa
Drosophila_subobscura_Drosophila_subobscura__LOC117897634__XP_034662499.1	66	66	66		---	0.0	0	below_threshold	high	0.062	False	user_msa
Drosophila_suzukii_Drosophila_suzukii__betaTub85D__XP_016937909.1	66	66	66		---	0.0	0	below_threshold	high	0.062	False	user_msa
Drosophila_virilis_Drosophila_virilis__betaTub85D__XP_002053003.1	66	66	66		---	0.0	0	below_threshold	high	0.062	False	user_msa
Drosophila_willistoni_Drosophila_willistoni__LOC6647585__XP_002070575.1	66	66	66		---	0.0	0	below_threshold	high	0.062	False	user_msa
Drosophila_yakuba_Drosophila_yakuba__LOC6536356__XP_002096938.1	66	66	66		---	0.0	0	below_threshold	high	0.062	False	user_msa
Drosophila_ananassae_Drosophila_ananassae__LOC6500548__XP_001953433.1	67	67	67		---	0.0	0	below_threshold	high	0.062	False	user_msa
Drosophila_biarmipes_Drosophila_biarmipes__LOC108032098__XP_016961415.1	67	67	67		---	0.0	0	below_threshold	high	0.062	False	user_msa
Drosophila_mauritiana_Drosophila_mauritiana__LOC117142441__XP_033162295.1	67	67	67		---	0.0	0	below_threshold	high	0.062	False	user_msa
Drosophila_melanogaster_Drosophila_melanogaster__betaTub85D__NP_524290.2	67	67	67		---	0.0	0	below_threshold	high	0.062	False	user_msa
Drosophila_pseudoobscura_Drosophila_pseudoobscura__betaTub85D__XP_001357842.1	67	67	67		---	0.0	0	below_threshold	high	0.062	False	user_msa
Drosophila_sechellia_Drosophila_sechellia__betaTub85D__XP_002031904.1	67	67	67		---	0.0	0	below_threshold	high	0.062	False	user_msa
Drosophila_simulans_Drosophila_simulans__LOC6728793__XP_002104128.1	67	67	67		---	0.0	0	below_threshold	high	0.062	False	user_msa
Drosophila_subobscura_Drosophila_subobscura__LOC117897634__XP_034662499.1	67	67	67		---	0.0	0	below_threshold	high	0.062	False	user_msa
Drosophila_suzukii_Drosophila_suzukii__betaTub85D__XP_016937909.1	67	67	67		---	0.0	0	below_threshold	high	0.062	False	user_msa
Drosophila_virilis_Drosophila_virilis__betaTub85D__XP_002053003.1	67	67	67		---	0.0	0	below_threshold	high	0.062	False	user_msa
Drosophila_willistoni_Drosophila_willistoni__LOC6647585__XP_002070575.1	67	67	67		---	0.0	0	below_threshold	high	0.062	False	user_msa
Drosophila_yakuba_Drosophila_yakuba__LOC6536356__XP_002096938.1	67	67	67		---	0.0	0	below_threshold	high	0.062	False	user_msa
Drosophila_ananassae_Drosophila_ananassae__LOC6500548__XP_001953433.1	68	68	68		---	0.0	0	below_threshold	high	0.062	False	user_msa
Drosophila_biarmipes_Drosophila_biarmipes__LOC108032098__XP_016961415.1	68	68	68		---	0.0	0	below_threshold	high	0.062	False	user_msa
Drosophila_mauritiana_Drosophila_mauritiana__LOC117142441__XP_033162295.1	68	68	68		---	0.0	0	below_threshold	high	0.062	False	user_msa
Drosophila_melanogaster_Drosophila_melanogaster__betaTub85D__NP_524290.2	68	68	68		---	0.0	0	below_threshold	high	0.062	False	user_msa
Drosophila_pseudoobscura_Drosophila_pseudoobscura__betaTub85D__XP_001357842.1	68	68	68		---	0.0	0	below_threshold	high	0.062	False	user_msa
Drosophila_sechellia_Drosophila_sechellia__betaTub85D__XP_002031904.1	68	68	68		---	0.0	0	below_threshold	high	0.062	False	user_msa
Drosophila_simulans_Drosophila_simulans__LOC6728793__XP_002104128.1	68	68	68		---	0.0	0	below_threshold	high	0.062	False	user_msa
Drosophila_subobscura_Drosophila_subobscura__LOC117897634__XP_034662499.1	68	68	68		---	0.0	0	below_threshold	high	0.062	False	user_msa
Drosophila_suzukii_Drosophila_suzukii__betaTub85D__XP_016937909.1	68	68	68		---	0.0	0	below_threshold	high	0.062	False	user_msa
Drosophila_virilis_Drosophila_virilis__betaTub85D__XP_002053003.1	68	68	68		---	0.0	0	below_threshold	high	0.062	False	user_msa
Drosophila_willistoni_Drosophila_willistoni__LOC6647585__XP_002070575.1	68	68	68		---	0.0	0	below_threshold	high	0.062	False	user_msa
Drosophila_yakuba_Drosophila_yakuba__LOC6536356__XP_002096938.1	68	68	68		---	0.0	0	below_threshold	high	0.062	False	user_msa
Drosophila_ananassae_Drosophila_ananassae__LOC6500548__XP_001953433.1	69	69	69		---	0.0	0	below_threshold	high	0.062	False	user_msa
Drosophila_biarmipes_Drosophila_biarmipes__LOC108032098__XP_016961415.1	69	69	69		---	0.0	0	below_threshold	high	0.062	False	user_msa
Drosophila_mauritiana_Drosophila_mauritiana__LOC117142441__XP_033162295.1	69	69	69		---	0.0	0	below_threshold	high	0.062	False	user_msa
Drosophila_melanogaster_Drosophila_melanogaster__betaTub85D__NP_524290.2	69	69	69		---	0.0	0	below_threshold	high	0.062	False	user_msa
Drosophila_pseudoobscura_Drosophila_pseudoobscura__betaTub85D__XP_001357842.1	69	69	69		---	0.0	0	below_threshold	high	0.062	False	user_msa
Drosophila_sechellia_Drosophila_sechellia__betaTub85D__XP_002031904.1	69	69	69		---	0.0	0	below_threshold	high	0.062	False	user_msa
Drosophila_simulans_Drosophila_simulans__LOC6728793__XP_002104128.1	69	69	69		---	0.0	0	below_threshold	high	0.062	False	user_msa
Drosophila_subobscura_Drosophila_subobscura__LOC117897634__XP_034662499.1	69	69	69		---	0.0	0	below_threshold	high	0.062	False	user_msa
Drosophila_suzukii_Drosophila_suzukii__betaTub85D__XP_016937909.1	69	69	69		---	0.0	0	below_threshold	high	0.062	False	user_msa
Drosophila_virilis_Drosophila_virilis__betaTub85D__XP_002053003.1	69	69	69		---	0.0	0	below_threshold	high	0.062	False	user_msa
Drosophila_willistoni_Drosophila_willistoni__LOC6647585__XP_002070575.1	69	69	69		---	0.0	0	below_threshold	high	0.062	False	user_msa
Drosophila_yakuba_Drosophila_yakuba__LOC6536356__XP_002096938.1	69	69	69		---	0.0	0	below_threshold	high	0.062	False	user_msa
Drosophila_ananassae_Drosophila_ananassae__LOC6500548__XP_001953433.1	70	70	70		---	0.0	0	below_threshold	high	0.062	False	user_msa
Drosophila_biarmipes_Drosophila_biarmipes__LOC108032098__XP_016961415.1	70	70	70		---	0.0	0	below_threshold	high	0.062	False	user_msa
Drosophila_mauritiana_Drosophila_mauritiana__LOC117142441__XP_033162295.1	70	70	70		---	0.0	0	below_threshold	high	0.062	False	user_msa
Drosophila_melanogaster_Drosophila_melanogaster__betaTub85D__NP_524290.2	70	70	70		---	0.0	0	below_threshold	high	0.062	False	user_msa
Drosophila_pseudoobscura_Drosophila_pseudoobscura__betaTub85D__XP_001357842.1	70	70	70		---	0.0	0	below_threshold	high	0.062	False	user_msa
Drosophila_sechellia_Drosophila_sechellia__betaTub85D__XP_002031904.1	70	70	70		---	0.0	0	below_threshold	high	0.062	False	user_msa
Drosophila_simulans_Drosophila_simulans__LOC6728793__XP_002104128.1	70	70	70		---	0.0	0	below_threshold	high	0.062	False	user_msa
Drosophila_subobscura_Drosophila_subobscura__LOC117897634__XP_034662499.1	70	70	70		---	0.0	0	below_threshold	high	0.062	False	user_msa
Drosophila_suzukii_Drosophila_suzukii__betaTub85D__XP_016937909.1	70	70	70		---	0.0	0	below_threshold	high	0.062	False	user_msa
Drosophila_virilis_Drosophila_virilis__betaTub85D__XP_002053003.1	70	70	70		---	0.0	0	below_threshold	high	0.062	False	user_msa
Drosophila_willistoni_Drosophila_willistoni__LOC6647585__XP_002070575.1	70	70	70		---	0.0	0	below_threshold	high	0.062	False	user_msa
Drosophila_yakuba_Drosophila_yakuba__LOC6536356__XP_002096938.1	70	70	70		---	0.0	0	below_threshold	high	0.062	False	user_msa
Drosophila_ananassae_Drosophila_ananassae__LOC6500548__XP_001953433.1	71	71	71	56	GGA	0.0	0	below_threshold	high	0.062	False	user_msa
Drosophila_biarmipes_Drosophila_biarmipes__LOC108032098__XP_016961415.1	71	71	71	56	GGT	0.0	0	below_threshold	high	0.062	False	user_msa
Drosophila_mauritiana_Drosophila_mauritiana__LOC117142441__XP_033162295.1	71	71	71	56	GGT	0.0	0	below_threshold	high	0.062	False	user_msa
Drosophila_melanogaster_Drosophila_melanogaster__betaTub85D__NP_524290.2	71	71	71	56	GGT	0.0	0	below_threshold	high	0.062	False	user_msa
Drosophila_pseudoobscura_Drosophila_pseudoobscura__betaTub85D__XP_001357842.1	71	71	71	56	GGA	0.0	0	below_threshold	high	0.062	False	user_msa
Drosophila_sechellia_Drosophila_sechellia__betaTub85D__XP_002031904.1	71	71	71	56	GGT	0.0	0	below_threshold	high	0.062	False	user_msa
Drosophila_simulans_Drosophila_simulans__LOC6728793__XP_002104128.1	71	71	71	56	GGT	0.0	0	below_threshold	high	0.062	False	user_msa
Drosophila_subobscura_Drosophila_subobscura__LOC117897634__XP_034662499.1	71	71	71	56	GGA	0.0	0	below_threshold	high	0.062	False	user_msa
Drosophila_suzukii_Drosophila_suzukii__betaTub85D__XP_016937909.1	71	71	71	56	GGT	0.0	0	below_threshold	high	0.062	False	user_msa
Drosophila_virilis_Drosophila_virilis__betaTub85D__XP_002053003.1	71	71	71	56	GGC	0.0	0	below_threshold	high	0.062	False	user_msa
Drosophila_willistoni_Drosophila_willistoni__LOC6647585__XP_002070575.1	71	71	71	56	GGA	0.0	0	below_threshold	high	0.062	False	user_msa
Drosophila_yakuba_Drosophila_yakuba__LOC6536356__XP_002096938.1	71	71	71	56	GGT	0.0	0	below_threshold	high	0.062	False	user_msa
Drosophila_ananassae_Drosophila_ananassae__LOC6500548__XP_001953433.1	72	72	72	57	GCC	0.0	0	below_threshold	high	0.062	False	user_msa
Drosophila_biarmipes_Drosophila_biarmipes__LOC108032098__XP_016961415.1	72	72	72	57	GCC	0.0	0	below_threshold	high	0.062	False	user_msa
Drosophila_mauritiana_Drosophila_mauritiana__LOC117142441__XP_033162295.1	72	72	72	57	GCC	0.0	0	below_threshold	high	0.062	False	user_msa
Drosophila_melanogaster_Drosophila_melanogaster__betaTub85D__NP_524290.2	72	72	72	57	GCC	0.0	0	below_threshold	high	0.062	False	user_msa
Drosophila_pseudoobscura_Drosophila_pseudoobscura__betaTub85D__XP_001357842.1	72	72	72	57	GCG	0.0	0	below_threshold	high	0.062	False	user_msa
Drosophila_sechellia_Drosophila_sechellia__betaTub85D__XP_002031904.1	72	72	72	57	GCC	0.0	0	below_threshold	high	0.062	False	user_msa
Drosophila_simulans_Drosophila_simulans__LOC6728793__XP_002104128.1	72	72	72	57	GCC	0.0	0	below_threshold	high	0.062	False	user_msa
Drosophila_subobscura_Drosophila_subobscura__LOC117897634__XP_034662499.1	72	72	72	57	GCG	0.0	0	below_threshold	high	0.062	False	user_msa
Drosophila_suzukii_Drosophila_suzukii__betaTub85D__XP_016937909.1	72	72	72	57	GCC	0.0	0	below_threshold	high	0.062	False	user_msa
Drosophila_virilis_Drosophila_virilis__betaTub85D__XP_002053003.1	72	72	72	57	GCC	0.0	0	below_threshold	high	0.062	False	user_msa
Drosophila_willistoni_Drosophila_willistoni__LOC6647585__XP_002070575.1	72	72	72	57	GCG	0.0	0	below_threshold	high	0.062	False	user_msa
Drosophila_yakuba_Drosophila_yakuba__LOC6536356__XP_002096938.1	72	72	72	57	GCC	0.0	0	below_threshold	high	0.062	False	user_msa
Drosophila_ananassae_Drosophila_ananassae__LOC6500548__XP_001953433.1	73	73	73	58	AAG	0.0	0	below_threshold	high	0.062	False	user_msa
Drosophila_biarmipes_Drosophila_biarmipes__LOC108032098__XP_016961415.1	73	73	73	58	AAG	0.0	0	below_threshold	high	0.062	False	user_msa
Drosophila_mauritiana_Drosophila_mauritiana__LOC117142441__XP_033162295.1	73	73	73	58	AAG	0.0	0	below_threshold	high	0.062	False	user_msa
Drosophila_melanogaster_Drosophila_melanogaster__betaTub85D__NP_524290.2	73	73	73	58	AAG	0.0	0	below_threshold	high	0.062	False	user_msa
Drosophila_pseudoobscura_Drosophila_pseudoobscura__betaTub85D__XP_001357842.1	73	73	73	58	AAG	0.0	0	below_threshold	high	0.062	False	user_msa
Drosophila_sechellia_Drosophila_sechellia__betaTub85D__XP_002031904.1	73	73	73	58	AAG	0.0	0	below_threshold	high	0.062	False	user_msa
Drosophila_simulans_Drosophila_simulans__LOC6728793__XP_002104128.1	73	73	73	58	AAG	0.0	0	below_threshold	high	0.062	False	user_msa
Drosophila_subobscura_Drosophila_subobscura__LOC117897634__XP_034662499.1	73	73	73	58	AAG	0.0	0	below_threshold	high	0.062	False	user_msa
Drosophila_suzukii_Drosophila_suzukii__betaTub85D__XP_016937909.1	73	73	73	58	AAG	0.0	0	below_threshold	high	0.062	False	user_msa
Drosophila_virilis_Drosophila_virilis__betaTub85D__XP_002053003.1	73	73	73	58	AAG	0.0	0	below_threshold	high	0.062	False	user_msa
Drosophila_willistoni_Drosophila_willistoni__LOC6647585__XP_002070575.1	73	73	73	58	AAG	0.0	0	below_threshold	high	0.062	False	user_msa
Drosophila_yakuba_Drosophila_yakuba__LOC6536356__XP_002096938.1	73	73	73	58	AAG	0.0	0	below_threshold	high	0.062	False	user_msa
Drosophila_ananassae_Drosophila_ananassae__LOC6500548__XP_001953433.1	74	74	74	59	TAC	0.0	0	below_threshold	high	0.062	False	user_msa
Drosophila_biarmipes_Drosophila_biarmipes__LOC108032098__XP_016961415.1	74	74	74	59	TAC	0.0	0	below_threshold	high	0.062	False	user_msa
Drosophila_mauritiana_Drosophila_mauritiana__LOC117142441__XP_033162295.1	74	74	74	59	TAT	0.0	0	below_threshold	high	0.062	False	user_msa
Drosophila_melanogaster_Drosophila_melanogaster__betaTub85D__NP_524290.2	74	74	74	59	TAT	0.0	0	below_threshold	high	0.062	False	user_msa
Drosophila_pseudoobscura_Drosophila_pseudoobscura__betaTub85D__XP_001357842.1	74	74	74	59	TAT	0.0	0	below_threshold	high	0.062	False	user_msa
Drosophila_sechellia_Drosophila_sechellia__betaTub85D__XP_002031904.1	74	74	74	59	TAT	0.0	0	below_threshold	high	0.062	False	user_msa
Drosophila_simulans_Drosophila_simulans__LOC6728793__XP_002104128.1	74	74	74	59	TAT	0.0	0	below_threshold	high	0.062	False	user_msa
Drosophila_subobscura_Drosophila_subobscura__LOC117897634__XP_034662499.1	74	74	74	59	TAT	0.0	0	below_threshold	high	0.062	False	user_msa
Drosophila_suzukii_Drosophila_suzukii__betaTub85D__XP_016937909.1	74	74	74	59	TAT	0.0	0	below_threshold	high	0.062	False	user_msa
Drosophila_virilis_Drosophila_virilis__betaTub85D__XP_002053003.1	74	74	74	59	TAT	0.0	0	below_threshold	high	0.062	False	user_msa
Drosophila_willistoni_Drosophila_willistoni__LOC6647585__XP_002070575.1	74	74	74	59	TAT	0.0	0	below_threshold	high	0.062	False	user_msa
Drosophila_yakuba_Drosophila_yakuba__LOC6536356__XP_002096938.1	74	74	74	59	TAT	0.0	0	below_threshold	high	0.062	False	user_msa
Drosophila_ananassae_Drosophila_ananassae__LOC6500548__XP_001953433.1	75	75	75	60	GTG	0.0	0	below_threshold	high	0.062	False	user_msa
Drosophila_biarmipes_Drosophila_biarmipes__LOC108032098__XP_016961415.1	75	75	75	60	GTT	0.0	0	below_threshold	high	0.062	False	user_msa
Drosophila_mauritiana_Drosophila_mauritiana__LOC117142441__XP_033162295.1	75	75	75	60	GTT	0.0	0	below_threshold	high	0.062	False	user_msa
Drosophila_melanogaster_Drosophila_melanogaster__betaTub85D__NP_524290.2	75	75	75	60	GTG	0.0	0	below_threshold	high	0.062	False	user_msa
Drosophila_pseudoobscura_Drosophila_pseudoobscura__betaTub85D__XP_001357842.1	75	75	75	60	GTA	0.0	0	below_threshold	high	0.062	False	user_msa
Drosophila_sechellia_Drosophila_sechellia__betaTub85D__XP_002031904.1	75	75	75	60	GTT	0.0	0	below_threshold	high	0.062	False	user_msa
Drosophila_simulans_Drosophila_simulans__LOC6728793__XP_002104128.1	75	75	75	60	GTT	0.0	0	below_threshold	high	0.062	False	user_msa
Drosophila_subobscura_Drosophila_subobscura__LOC117897634__XP_034662499.1	75	75	75	60	GTG	0.0	0	below_threshold	high	0.062	False	user_msa
Drosophila_suzukii_Drosophila_suzukii__betaTub85D__XP_016937909.1	75	75	75	60	GTT	0.0	0	below_threshold	high	0.062	False	user_msa
Drosophila_virilis_Drosophila_virilis__betaTub85D__XP_002053003.1	75	75	75	60	GTG	0.0	0	below_threshold	high	0.062	False	user_msa
Drosophila_willistoni_Drosophila_willistoni__LOC6647585__XP_002070575.1	75	75	75	60	GTG	0.0	0	below_threshold	high	0.062	False	user_msa
Drosophila_yakuba_Drosophila_yakuba__LOC6536356__XP_002096938.1	75	75	75	60	GTT	0.0	0	below_threshold	high	0.062	False	user_msa
Drosophila_ananassae_Drosophila_ananassae__LOC6500548__XP_001953433.1	76	76	76	61	CCA	0.0	0	below_threshold	high	0.062	False	user_msa
Drosophila_biarmipes_Drosophila_biarmipes__LOC108032098__XP_016961415.1	76	76	76	61	CCG	0.0	0	below_threshold	high	0.062	False	user_msa
Drosophila_mauritiana_Drosophila_mauritiana__LOC117142441__XP_033162295.1	76	76	76	61	CCA	0.0	0	below_threshold	high	0.062	False	user_msa
Drosophila_melanogaster_Drosophila_melanogaster__betaTub85D__NP_524290.2	76	76	76	61	CCA	0.0	0	below_threshold	high	0.062	False	user_msa
Drosophila_pseudoobscura_Drosophila_pseudoobscura__betaTub85D__XP_001357842.1	76	76	76	61	CCA	0.0	0	below_threshold	high	0.062	False	user_msa
Drosophila_sechellia_Drosophila_sechellia__betaTub85D__XP_002031904.1	76	76	76	61	CCA	0.0	0	below_threshold	high	0.062	False	user_msa
Drosophila_simulans_Drosophila_simulans__LOC6728793__XP_002104128.1	76	76	76	61	CCA	0.0	0	below_threshold	high	0.062	False	user_msa
Drosophila_subobscura_Drosophila_subobscura__LOC117897634__XP_034662499.1	76	76	76	61	CCG	0.0	0	below_threshold	high	0.062	False	user_msa
Drosophila_suzukii_Drosophila_suzukii__betaTub85D__XP_016937909.1	76	76	76	61	CCA	0.0	0	below_threshold	high	0.062	False	user_msa
Drosophila_virilis_Drosophila_virilis__betaTub85D__XP_002053003.1	76	76	76	61	CCA	0.0	0	below_threshold	high	0.062	False	user_msa
Drosophila_willistoni_Drosophila_willistoni__LOC6647585__XP_002070575.1	76	76	76	61	CCA	0.0	0	below_threshold	high	0.062	False	user_msa
Drosophila_yakuba_Drosophila_yakuba__LOC6536356__XP_002096938.1	76	76	76	61	CCG	0.0	0	below_threshold	high	0.062	False	user_msa
Drosophila_ananassae_Drosophila_ananassae__LOC6500548__XP_001953433.1	77	77	77	62	AGA	0.0	0	below_threshold	high	0.062	False	user_msa
Drosophila_biarmipes_Drosophila_biarmipes__LOC108032098__XP_016961415.1	77	77	77	62	CGG	0.0	0	below_threshold	high	0.062	False	user_msa
Drosophila_mauritiana_Drosophila_mauritiana__LOC117142441__XP_033162295.1	77	77	77	62	CGC	0.0	0	below_threshold	high	0.062	False	user_msa
Drosophila_melanogaster_Drosophila_melanogaster__betaTub85D__NP_524290.2	77	77	77	62	CGC	0.0	0	below_threshold	high	0.062	False	user_msa
Drosophila_pseudoobscura_Drosophila_pseudoobscura__betaTub85D__XP_001357842.1	77	77	77	62	CGC	0.0	0	below_threshold	high	0.062	False	user_msa
Drosophila_sechellia_Drosophila_sechellia__betaTub85D__XP_002031904.1	77	77	77	62	CGC	0.0	0	below_threshold	high	0.062	False	user_msa
Drosophila_simulans_Drosophila_simulans__LOC6728793__XP_002104128.1	77	77	77	62	CGC	0.0	0	below_threshold	high	0.062	False	user_msa
Drosophila_subobscura_Drosophila_subobscura__LOC117897634__XP_034662499.1	77	77	77	62	CGA	0.0	0	below_threshold	high	0.062	False	user_msa
Drosophila_suzukii_Drosophila_suzukii__betaTub85D__XP_016937909.1	77	77	77	62	CGG	0.0	0	below_threshold	high	0.062	False	user_msa
Drosophila_virilis_Drosophila_virilis__betaTub85D__XP_002053003.1	77	77	77	62	CGA	0.0	0	below_threshold	high	0.062	False	user_msa
Drosophila_willistoni_Drosophila_willistoni__LOC6647585__XP_002070575.1	77	77	77	62	CGA	0.0	0	below_threshold	high	0.062	False	user_msa
Drosophila_yakuba_Drosophila_yakuba__LOC6536356__XP_002096938.1	77	77	77	62	CGT	0.0	0	below_threshold	high	0.062	False	user_msa
Drosophila_ananassae_Drosophila_ananassae__LOC6500548__XP_001953433.1	78	78	78	63	GCC	0.0	0	below_threshold	high	0.062	False	user_msa
Drosophila_biarmipes_Drosophila_biarmipes__LOC108032098__XP_016961415.1	78	78	78	63	GCC	0.0	0	below_threshold	high	0.062	False	user_msa
Drosophila_mauritiana_Drosophila_mauritiana__LOC117142441__XP_033162295.1	78	78	78	63	GCC	0.0	0	below_threshold	high	0.062	False	user_msa
Drosophila_melanogaster_Drosophila_melanogaster__betaTub85D__NP_524290.2	78	78	78	63	GCA	0.0	0	below_threshold	high	0.062	False	user_msa
Drosophila_pseudoobscura_Drosophila_pseudoobscura__betaTub85D__XP_001357842.1	78	78	78	63	GCC	0.0	0	below_threshold	high	0.062	False	user_msa
Drosophila_sechellia_Drosophila_sechellia__betaTub85D__XP_002031904.1	78	78	78	63	GCC	0.0	0	below_threshold	high	0.062	False	user_msa
Drosophila_simulans_Drosophila_simulans__LOC6728793__XP_002104128.1	78	78	78	63	GCC	0.0	0	below_threshold	high	0.062	False	user_msa
Drosophila_subobscura_Drosophila_subobscura__LOC117897634__XP_034662499.1	78	78	78	63	GCC	0.0	0	below_threshold	high	0.062	False	user_msa
Drosophila_suzukii_Drosophila_suzukii__betaTub85D__XP_016937909.1	78	78	78	63	GCT	0.0	0	below_threshold	high	0.062	False	user_msa
Drosophila_virilis_Drosophila_virilis__betaTub85D__XP_002053003.1	78	78	78	63	GCT	0.0	0	below_threshold	high	0.062	False	user_msa
Drosophila_willistoni_Drosophila_willistoni__LOC6647585__XP_002070575.1	78	78	78	63	GCT	0.0	0	below_threshold	high	0.062	False	user_msa
Drosophila_yakuba_Drosophila_yakuba__LOC6536356__XP_002096938.1	78	78	78	63	GCC	0.0	0	below_threshold	high	0.062	False	user_msa
Drosophila_ananassae_Drosophila_ananassae__LOC6500548__XP_001953433.1	79	79	79	64	ATC	0.0	0	below_threshold	high	0.062	False	user_msa
Drosophila_biarmipes_Drosophila_biarmipes__LOC108032098__XP_016961415.1	79	79	79	64	ATC	0.0	0	below_threshold	high	0.062	False	user_msa
Drosophila_mauritiana_Drosophila_mauritiana__LOC117142441__XP_033162295.1	79	79	79	64	ATT	0.0	0	below_threshold	high	0.062	False	user_msa
Drosophila_melanogaster_Drosophila_melanogaster__betaTub85D__NP_524290.2	79	79	79	64	ATT	0.0	0	below_threshold	high	0.062	False	user_msa
Drosophila_pseudoobscura_Drosophila_pseudoobscura__betaTub85D__XP_001357842.1	79	79	79	64	ATT	0.0	0	below_threshold	high	0.062	False	user_msa
Drosophila_sechellia_Drosophila_sechellia__betaTub85D__XP_002031904.1	79	79	79	64	ATT	0.0	0	below_threshold	high	0.062	False	user_msa
Drosophila_simulans_Drosophila_simulans__LOC6728793__XP_002104128.1	79	79	79	64	ATT	0.0	0	below_threshold	high	0.062	False	user_msa
Drosophila_subobscura_Drosophila_subobscura__LOC117897634__XP_034662499.1	79	79	79	64	ATT	0.0	0	below_threshold	high	0.062	False	user_msa
Drosophila_suzukii_Drosophila_suzukii__betaTub85D__XP_016937909.1	79	79	79	64	ATT	0.0	0	below_threshold	high	0.062	False	user_msa
Drosophila_virilis_Drosophila_virilis__betaTub85D__XP_002053003.1	79	79	79	64	ATA	0.0	0	below_threshold	high	0.062	False	user_msa
Drosophila_willistoni_Drosophila_willistoni__LOC6647585__XP_002070575.1	79	79	79	64	ATT	0.0	0	below_threshold	high	0.062	False	user_msa
Drosophila_yakuba_Drosophila_yakuba__LOC6536356__XP_002096938.1	79	79	79	64	ATC	0.0	0	below_threshold	high	0.062	False	user_msa
Drosophila_ananassae_Drosophila_ananassae__LOC6500548__XP_001953433.1	80	80	80	65	CTG	0.0	0	below_threshold	high	0.062	False	user_msa
Drosophila_biarmipes_Drosophila_biarmipes__LOC108032098__XP_016961415.1	80	80	80	65	CTG	0.0	0	below_threshold	high	0.062	False	user_msa
Drosophila_mauritiana_Drosophila_mauritiana__LOC117142441__XP_033162295.1	80	80	80	65	CTC	0.0	0	below_threshold	high	0.062	False	user_msa
Drosophila_melanogaster_Drosophila_melanogaster__betaTub85D__NP_524290.2	80	80	80	65	CTC	0.0	0	below_threshold	high	0.062	False	user_msa
Drosophila_pseudoobscura_Drosophila_pseudoobscura__betaTub85D__XP_001357842.1	80	80	80	65	CTT	0.0	0	below_threshold	high	0.062	False	user_msa
Drosophila_sechellia_Drosophila_sechellia__betaTub85D__XP_002031904.1	80	80	80	65	CTC	0.0	0	below_threshold	high	0.062	False	user_msa
Drosophila_simulans_Drosophila_simulans__LOC6728793__XP_002104128.1	80	80	80	65	CTC	0.0	0	below_threshold	high	0.062	False	user_msa
Drosophila_subobscura_Drosophila_subobscura__LOC117897634__XP_034662499.1	80	80	80	65	CTG	0.0	0	below_threshold	high	0.062	False	user_msa
Drosophila_suzukii_Drosophila_suzukii__betaTub85D__XP_016937909.1	80	80	80	65	CTG	0.0	0	below_threshold	high	0.062	False	user_msa
Drosophila_virilis_Drosophila_virilis__betaTub85D__XP_002053003.1	80	80	80	65	CTT	0.0	0	below_threshold	high	0.062	False	user_msa
Drosophila_willistoni_Drosophila_willistoni__LOC6647585__XP_002070575.1	80	80	80	65	CTG	0.0	0	below_threshold	high	0.062	False	user_msa
Drosophila_yakuba_Drosophila_yakuba__LOC6536356__XP_002096938.1	80	80	80	65	CTT	0.0	0	below_threshold	high	0.062	False	user_msa
Drosophila_ananassae_Drosophila_ananassae__LOC6500548__XP_001953433.1	81	81	81	66	GTC	0.0	0	below_threshold	high	0.062	False	user_msa
Drosophila_biarmipes_Drosophila_biarmipes__LOC108032098__XP_016961415.1	81	81	81	66	GTG	0.0	0	below_threshold	high	0.062	False	user_msa
Drosophila_mauritiana_Drosophila_mauritiana__LOC117142441__XP_033162295.1	81	81	81	66	GTG	0.0	0	below_threshold	high	0.062	False	user_msa
Drosophila_melanogaster_Drosophila_melanogaster__betaTub85D__NP_524290.2	81	81	81	66	GTG	0.0	0	below_threshold	high	0.062	False	user_msa
Drosophila_pseudoobscura_Drosophila_pseudoobscura__betaTub85D__XP_001357842.1	81	81	81	66	GTC	0.0	0	below_threshold	high	0.062	False	user_msa
Drosophila_sechellia_Drosophila_sechellia__betaTub85D__XP_002031904.1	81	81	81	66	GTG	0.0	0	below_threshold	high	0.062	False	user_msa
Drosophila_simulans_Drosophila_simulans__LOC6728793__XP_002104128.1	81	81	81	66	GTG	0.0	0	below_threshold	high	0.062	False	user_msa
Drosophila_subobscura_Drosophila_subobscura__LOC117897634__XP_034662499.1	81	81	81	66	GTG	0.0	0	below_threshold	high	0.062	False	user_msa
Drosophila_suzukii_Drosophila_suzukii__betaTub85D__XP_016937909.1	81	81	81	66	GTG	0.0	0	below_threshold	high	0.062	False	user_msa
Drosophila_virilis_Drosophila_virilis__betaTub85D__XP_002053003.1	81	81	81	66	GTT	0.0	0	below_threshold	high	0.062	False	user_msa
Drosophila_willistoni_Drosophila_willistoni__LOC6647585__XP_002070575.1	81	81	81	66	GTA	0.0	0	below_threshold	high	0.062	False	user_msa
Drosophila_yakuba_Drosophila_yakuba__LOC6536356__XP_002096938.1	81	81	81	66	GTG	0.0	0	below_threshold	high	0.062	False	user_msa
Drosophila_ananassae_Drosophila_ananassae__LOC6500548__XP_001953433.1	82	82	82	67	GAC	0.0	0	below_threshold	high	0.062	False	user_msa
Drosophila_biarmipes_Drosophila_biarmipes__LOC108032098__XP_016961415.1	82	82	82	67	GAC	0.0	0	below_threshold	high	0.062	False	user_msa
Drosophila_mauritiana_Drosophila_mauritiana__LOC117142441__XP_033162295.1	82	82	82	67	GAC	0.0	0	below_threshold	high	0.062	False	user_msa
Drosophila_melanogaster_Drosophila_melanogaster__betaTub85D__NP_524290.2	82	82	82	67	GAC	0.0	0	below_threshold	high	0.062	False	user_msa
Drosophila_pseudoobscura_Drosophila_pseudoobscura__betaTub85D__XP_001357842.1	82	82	82	67	GAC	0.0	0	below_threshold	high	0.062	False	user_msa
Drosophila_sechellia_Drosophila_sechellia__betaTub85D__XP_002031904.1	82	82	82	67	GAC	0.0	0	below_threshold	high	0.062	False	user_msa
Drosophila_simulans_Drosophila_simulans__LOC6728793__XP_002104128.1	82	82	82	67	GAC	0.0	0	below_threshold	high	0.062	False	user_msa
Drosophila_subobscura_Drosophila_subobscura__LOC117897634__XP_034662499.1	82	82	82	67	GAT	0.0	0	below_threshold	high	0.062	False	user_msa
Drosophila_suzukii_Drosophila_suzukii__betaTub85D__XP_016937909.1	82	82	82	67	GAC	0.0	0	below_threshold	high	0.062	False	user_msa
Drosophila_virilis_Drosophila_virilis__betaTub85D__XP_002053003.1	82	82	82	67	GAC	0.0	0	below_threshold	high	0.062	False	user_msa
Drosophila_willistoni_Drosophila_willistoni__LOC6647585__XP_002070575.1	82	82	82	67	GAT	0.0	0	below_threshold	high	0.062	False	user_msa
Drosophila_yakuba_Drosophila_yakuba__LOC6536356__XP_002096938.1	82	82	82	67	GAC	0.0	0	below_threshold	high	0.062	False	user_msa
Drosophila_ananassae_Drosophila_ananassae__LOC6500548__XP_001953433.1	83	83	83	68	CTG	0.0	0	below_threshold	high	0.062	False	user_msa
Drosophila_biarmipes_Drosophila_biarmipes__LOC108032098__XP_016961415.1	83	83	83	68	CTG	0.0	0	below_threshold	high	0.062	False	user_msa
Drosophila_mauritiana_Drosophila_mauritiana__LOC117142441__XP_033162295.1	83	83	83	68	CTG	0.0	0	below_threshold	high	0.062	False	user_msa
Drosophila_melanogaster_Drosophila_melanogaster__betaTub85D__NP_524290.2	83	83	83	68	CTG	0.0	0	below_threshold	high	0.062	False	user_msa
Drosophila_pseudoobscura_Drosophila_pseudoobscura__betaTub85D__XP_001357842.1	83	83	83	68	CTG	0.0	0	below_threshold	high	0.062	False	user_msa
Drosophila_sechellia_Drosophila_sechellia__betaTub85D__XP_002031904.1	83	83	83	68	CTG	0.0	0	below_threshold	high	0.062	False	user_msa
Drosophila_simulans_Drosophila_simulans__LOC6728793__XP_002104128.1	83	83	83	68	CTG	0.0	0	below_threshold	high	0.062	False	user_msa
Drosophila_subobscura_Drosophila_subobscura__LOC117897634__XP_034662499.1	83	83	83	68	CTG	0.0	0	below_threshold	high	0.062	False	user_msa
Drosophila_suzukii_Drosophila_suzukii__betaTub85D__XP_016937909.1	83	83	83	68	CTT	0.0	0	below_threshold	high	0.062	False	user_msa
Drosophila_virilis_Drosophila_virilis__betaTub85D__XP_002053003.1	83	83	83	68	CTG	0.0	0	below_threshold	high	0.062	False	user_msa
Drosophila_willistoni_Drosophila_willistoni__LOC6647585__XP_002070575.1	83	83	83	68	CTG	0.0	0	below_threshold	high	0.062	False	user_msa
Drosophila_yakuba_Drosophila_yakuba__LOC6536356__XP_002096938.1	83	83	83	68	CTG	0.0	0	below_threshold	high	0.062	False	user_msa
Drosophila_ananassae_Drosophila_ananassae__LOC6500548__XP_001953433.1	84	84	84	69	GAG	0.0	0	below_threshold	high	0.062	False	user_msa
Drosophila_biarmipes_Drosophila_biarmipes__LOC108032098__XP_016961415.1	84	84	84	69	GAG	0.0	0	below_threshold	high	0.062	False	user_msa
Drosophila_mauritiana_Drosophila_mauritiana__LOC117142441__XP_033162295.1	84	84	84	69	GAG	0.0	0	below_threshold	high	0.062	False	user_msa
Drosophila_melanogaster_Drosophila_melanogaster__betaTub85D__NP_524290.2	84	84	84	69	GAG	0.0	0	below_threshold	high	0.062	False	user_msa
Drosophila_pseudoobscura_Drosophila_pseudoobscura__betaTub85D__XP_001357842.1	84	84	84	69	GAG	0.0	0	below_threshold	high	0.062	False	user_msa
Drosophila_sechellia_Drosophila_sechellia__betaTub85D__XP_002031904.1	84	84	84	69	GAG	0.0	0	below_threshold	high	0.062	False	user_msa
Drosophila_simulans_Drosophila_simulans__LOC6728793__XP_002104128.1	84	84	84	69	GAG	0.0	0	below_threshold	high	0.062	False	user_msa
Drosophila_subobscura_Drosophila_subobscura__LOC117897634__XP_034662499.1	84	84	84	69	GAG	0.0	0	below_threshold	high	0.062	False	user_msa
Drosophila_suzukii_Drosophila_suzukii__betaTub85D__XP_016937909.1	84	84	84	69	GAG	0.0	0	below_threshold	high	0.062	False	user_msa
Drosophila_virilis_Drosophila_virilis__betaTub85D__XP_002053003.1	84	84	84	69	GAG	0.0	0	below_threshold	high	0.062	False	user_msa
Drosophila_willistoni_Drosophila_willistoni__LOC6647585__XP_002070575.1	84	84	84	69	GAA	0.0	0	below_threshold	high	0.062	False	user_msa
Drosophila_yakuba_Drosophila_yakuba__LOC6536356__XP_002096938.1	84	84	84	69	GAA	0.0	0	below_threshold	high	0.062	False	user_msa
Drosophila_ananassae_Drosophila_ananassae__LOC6500548__XP_001953433.1	85	85	85	70	CCT	0.0	0	below_threshold	high	0.062	False	user_msa
Drosophila_biarmipes_Drosophila_biarmipes__LOC108032098__XP_016961415.1	85	85	85	70	CCC	0.0	0	below_threshold	high	0.062	False	user_msa
Drosophila_mauritiana_Drosophila_mauritiana__LOC117142441__XP_033162295.1	85	85	85	70	CCC	0.0	0	below_threshold	high	0.062	False	user_msa
Drosophila_melanogaster_Drosophila_melanogaster__betaTub85D__NP_524290.2	85	85	85	70	CCC	0.0	0	below_threshold	high	0.062	False	user_msa
Drosophila_pseudoobscura_Drosophila_pseudoobscura__betaTub85D__XP_001357842.1	85	85	85	70	CCC	0.0	0	below_threshold	high	0.062	False	user_msa
Drosophila_sechellia_Drosophila_sechellia__betaTub85D__XP_002031904.1	85	85	85	70	CCC	0.0	0	below_threshold	high	0.062	False	user_msa
Drosophila_simulans_Drosophila_simulans__LOC6728793__XP_002104128.1	85	85	85	70	CCC	0.0	0	below_threshold	high	0.062	False	user_msa
Drosophila_subobscura_Drosophila_subobscura__LOC117897634__XP_034662499.1	85	85	85	70	CCC	0.0	0	below_threshold	high	0.062	False	user_msa
Drosophila_suzukii_Drosophila_suzukii__betaTub85D__XP_016937909.1	85	85	85	70	CCC	0.0	0	below_threshold	high	0.062	False	user_msa
Drosophila_virilis_Drosophila_virilis__betaTub85D__XP_002053003.1	85	85	85	70	CCG	0.0	0	below_threshold	high	0.062	False	user_msa
Drosophila_willistoni_Drosophila_willistoni__LOC6647585__XP_002070575.1	85	85	85	70	CCC	0.0	0	below_threshold	high	0.062	False	user_msa
Drosophila_yakuba_Drosophila_yakuba__LOC6536356__XP_002096938.1	85	85	85	70	CCC	0.0	0	below_threshold	high	0.062	False	user_msa
Drosophila_ananassae_Drosophila_ananassae__LOC6500548__XP_001953433.1	86	86	86	71	GGC	0.0	0	below_threshold	high	0.062	False	user_msa
Drosophila_biarmipes_Drosophila_biarmipes__LOC108032098__XP_016961415.1	86	86	86	71	GGC	0.0	0	below_threshold	high	0.062	False	user_msa
Drosophila_mauritiana_Drosophila_mauritiana__LOC117142441__XP_033162295.1	86	86	86	71	GGC	0.0	0	below_threshold	high	0.062	False	user_msa
Drosophila_melanogaster_Drosophila_melanogaster__betaTub85D__NP_524290.2	86	86	86	71	GGC	0.0	0	below_threshold	high	0.062	False	user_msa
Drosophila_pseudoobscura_Drosophila_pseudoobscura__betaTub85D__XP_001357842.1	86	86	86	71	GGC	0.0	0	below_threshold	high	0.062	False	user_msa
Drosophila_sechellia_Drosophila_sechellia__betaTub85D__XP_002031904.1	86	86	86	71	GGC	0.0	0	below_threshold	high	0.062	False	user_msa
Drosophila_simulans_Drosophila_simulans__LOC6728793__XP_002104128.1	86	86	86	71	GGC	0.0	0	below_threshold	high	0.062	False	user_msa
Drosophila_subobscura_Drosophila_subobscura__LOC117897634__XP_034662499.1	86	86	86	71	GGC	0.0	0	below_threshold	high	0.062	False	user_msa
Drosophila_suzukii_Drosophila_suzukii__betaTub85D__XP_016937909.1	86	86	86	71	GGC	0.0	0	below_threshold	high	0.062	False	user_msa
Drosophila_virilis_Drosophila_virilis__betaTub85D__XP_002053003.1	86	86	86	71	GGA	0.0	0	below_threshold	high	0.062	False	user_msa
Drosophila_willistoni_Drosophila_willistoni__LOC6647585__XP_002070575.1	86	86	86	71	GGC	0.0	0	below_threshold	high	0.062	False	user_msa
Drosophila_yakuba_Drosophila_yakuba__LOC6536356__XP_002096938.1	86	86	86	71	GGC	0.0	0	below_threshold	high	0.062	False	user_msa
Drosophila_ananassae_Drosophila_ananassae__LOC6500548__XP_001953433.1	87	87	87	72	ACC	0.0	0	below_threshold	high	0.062	False	user_msa
Drosophila_biarmipes_Drosophila_biarmipes__LOC108032098__XP_016961415.1	87	87	87	72	ACC	0.0	0	below_threshold	high	0.062	False	user_msa
Drosophila_mauritiana_Drosophila_mauritiana__LOC117142441__XP_033162295.1	87	87	87	72	ACC	0.0	0	below_threshold	high	0.062	False	user_msa
Drosophila_melanogaster_Drosophila_melanogaster__betaTub85D__NP_524290.2	87	87	87	72	ACC	0.0	0	below_threshold	high	0.062	False	user_msa
Drosophila_pseudoobscura_Drosophila_pseudoobscura__betaTub85D__XP_001357842.1	87	87	87	72	ACC	0.0	0	below_threshold	high	0.062	False	user_msa
Drosophila_sechellia_Drosophila_sechellia__betaTub85D__XP_002031904.1	87	87	87	72	ACC	0.0	0	below_threshold	high	0.062	False	user_msa
Drosophila_simulans_Drosophila_simulans__LOC6728793__XP_002104128.1	87	87	87	72	ACC	0.0	0	below_threshold	high	0.062	False	user_msa
Drosophila_subobscura_Drosophila_subobscura__LOC117897634__XP_034662499.1	87	87	87	72	ACC	0.0	0	below_threshold	high	0.062	False	user_msa
Drosophila_suzukii_Drosophila_suzukii__betaTub85D__XP_016937909.1	87	87	87	72	ACC	0.0	0	below_threshold	high	0.062	False	user_msa
Drosophila_virilis_Drosophila_virilis__betaTub85D__XP_002053003.1	87	87	87	72	ACC	0.0	0	below_threshold	high	0.062	False	user_msa
Drosophila_willistoni_Drosophila_willistoni__LOC6647585__XP_002070575.1	87	87	87	72	ACC	0.0	0	below_threshold	high	0.062	False	user_msa
Drosophila_yakuba_Drosophila_yakuba__LOC6536356__XP_002096938.1	87	87	87	72	ACC	0.0	0	below_threshold	high	0.062	False	user_msa
Drosophila_ananassae_Drosophila_ananassae__LOC6500548__XP_001953433.1	88	88	88	73	ATG	0.0	0	below_threshold	high	0.062	False	user_msa
Drosophila_biarmipes_Drosophila_biarmipes__LOC108032098__XP_016961415.1	88	88	88	73	ATG	0.0	0	below_threshold	high	0.062	False	user_msa
Drosophila_mauritiana_Drosophila_mauritiana__LOC117142441__XP_033162295.1	88	88	88	73	ATG	0.0	0	below_threshold	high	0.062	False	user_msa
Drosophila_melanogaster_Drosophila_melanogaster__betaTub85D__NP_524290.2	88	88	88	73	ATG	0.0	0	below_threshold	high	0.062	False	user_msa
Drosophila_pseudoobscura_Drosophila_pseudoobscura__betaTub85D__XP_001357842.1	88	88	88	73	ATG	0.0	0	below_threshold	high	0.062	False	user_msa
Drosophila_sechellia_Drosophila_sechellia__betaTub85D__XP_002031904.1	88	88	88	73	ATG	0.0	0	below_threshold	high	0.062	False	user_msa
Drosophila_simulans_Drosophila_simulans__LOC6728793__XP_002104128.1	88	88	88	73	ATG	0.0	0	below_threshold	high	0.062	False	user_msa
Drosophila_subobscura_Drosophila_subobscura__LOC117897634__XP_034662499.1	88	88	88	73	ATG	0.0	0	below_threshold	high	0.062	False	user_msa
Drosophila_suzukii_Drosophila_suzukii__betaTub85D__XP_016937909.1	88	88	88	73	ATG	0.0	0	below_threshold	high	0.062	False	user_msa
Drosophila_virilis_Drosophila_virilis__betaTub85D__XP_002053003.1	88	88	88	73	ATG	0.0	0	below_threshold	high	0.062	False	user_msa
Drosophila_willistoni_Drosophila_willistoni__LOC6647585__XP_002070575.1	88	88	88	73	ATG	0.0	0	below_threshold	high	0.062	False	user_msa
Drosophila_yakuba_Drosophila_yakuba__LOC6536356__XP_002096938.1	88	88	88	73	ATG	0.0	0	below_threshold	high	0.062	False	user_msa
Drosophila_ananassae_Drosophila_ananassae__LOC6500548__XP_001953433.1	89	89	89	74	GAC	0.0	0	below_threshold	high	0.062	False	user_msa
Drosophila_biarmipes_Drosophila_biarmipes__LOC108032098__XP_016961415.1	89	89	89	74	GAT	0.0	0	below_threshold	high	0.062	False	user_msa
Drosophila_mauritiana_Drosophila_mauritiana__LOC117142441__XP_033162295.1	89	89	89	74	GAT	0.0	0	below_threshold	high	0.062	False	user_msa
Drosophila_melanogaster_Drosophila_melanogaster__betaTub85D__NP_524290.2	89	89	89	74	GAT	0.0	0	below_threshold	high	0.062	False	user_msa
Drosophila_pseudoobscura_Drosophila_pseudoobscura__betaTub85D__XP_001357842.1	89	89	89	74	GAT	0.0	0	below_threshold	high	0.062	False	user_msa
Drosophila_sechellia_Drosophila_sechellia__betaTub85D__XP_002031904.1	89	89	89	74	GAT	0.0	0	below_threshold	high	0.062	False	user_msa
Drosophila_simulans_Drosophila_simulans__LOC6728793__XP_002104128.1	89	89	89	74	GAT	0.0	0	below_threshold	high	0.062	False	user_msa
Drosophila_subobscura_Drosophila_subobscura__LOC117897634__XP_034662499.1	89	89	89	74	GAC	0.0	0	below_threshold	high	0.062	False	user_msa
Drosophila_suzukii_Drosophila_suzukii__betaTub85D__XP_016937909.1	89	89	89	74	GAT	0.0	0	below_threshold	high	0.062	False	user_msa
Drosophila_virilis_Drosophila_virilis__betaTub85D__XP_002053003.1	89	89	89	74	GAC	0.0	0	below_threshold	high	0.062	False	user_msa
Drosophila_willistoni_Drosophila_willistoni__LOC6647585__XP_002070575.1	89	89	89	74	GAC	0.0	0	below_threshold	high	0.062	False	user_msa
Drosophila_yakuba_Drosophila_yakuba__LOC6536356__XP_002096938.1	89	89	89	74	GAT	0.0	0	below_threshold	high	0.062	False	user_msa
Drosophila_ananassae_Drosophila_ananassae__LOC6500548__XP_001953433.1	90	90	90	75	TCG	0.0	0	below_threshold	high	0.062	False	user_msa
Drosophila_biarmipes_Drosophila_biarmipes__LOC108032098__XP_016961415.1	90	90	90	75	TCC	0.0	0	below_threshold	high	0.062	False	user_msa
Drosophila_mauritiana_Drosophila_mauritiana__LOC117142441__XP_033162295.1	90	90	90	75	TCG	0.0	0	below_threshold	high	0.062	False	user_msa
Drosophila_melanogaster_Drosophila_melanogaster__betaTub85D__NP_524290.2	90	90	90	75	TCG	0.0	0	below_threshold	high	0.062	False	user_msa
Drosophila_pseudoobscura_Drosophila_pseudoobscura__betaTub85D__XP_001357842.1	90	90	90	75	TCG	0.0	0	below_threshold	high	0.062	False	user_msa
Drosophila_sechellia_Drosophila_sechellia__betaTub85D__XP_002031904.1	90	90	90	75	TCG	0.0	0	below_threshold	high	0.062	False	user_msa
Drosophila_simulans_Drosophila_simulans__LOC6728793__XP_002104128.1	90	90	90	75	TCG	0.0	0	below_threshold	high	0.062	False	user_msa
Drosophila_subobscura_Drosophila_subobscura__LOC117897634__XP_034662499.1	90	90	90	75	TCG	0.0	0	below_threshold	high	0.062	False	user_msa
Drosophila_suzukii_Drosophila_suzukii__betaTub85D__XP_016937909.1	90	90	90	75	TCG	0.0	0	below_threshold	high	0.062	False	user_msa
Drosophila_virilis_Drosophila_virilis__betaTub85D__XP_002053003.1	90	90	90	75	TCT	0.0	0	below_threshold	high	0.062	False	user_msa
Drosophila_willistoni_Drosophila_willistoni__LOC6647585__XP_002070575.1	90	90	90	75	TCT	0.0	0	below_threshold	high	0.062	False	user_msa
Drosophila_yakuba_Drosophila_yakuba__LOC6536356__XP_002096938.1	90	90	90	75	TCC	0.0	0	below_threshold	high	0.062	False	user_msa
Drosophila_ananassae_Drosophila_ananassae__LOC6500548__XP_001953433.1	91	91	91	76	GTC	0.0	0	below_threshold	high	0.062	False	user_msa
Drosophila_biarmipes_Drosophila_biarmipes__LOC108032098__XP_016961415.1	91	91	91	76	GTG	0.0	0	below_threshold	high	0.062	False	user_msa
Drosophila_mauritiana_Drosophila_mauritiana__LOC117142441__XP_033162295.1	91	91	91	76	GTT	0.0	0	below_threshold	high	0.062	False	user_msa
Drosophila_melanogaster_Drosophila_melanogaster__betaTub85D__NP_524290.2	91	91	91	76	GTT	0.0	0	below_threshold	high	0.062	False	user_msa
Drosophila_pseudoobscura_Drosophila_pseudoobscura__betaTub85D__XP_001357842.1	91	91	91	76	GTG	0.0	0	below_threshold	high	0.062	False	user_msa
Drosophila_sechellia_Drosophila_sechellia__betaTub85D__XP_002031904.1	91	91	91	76	GTT	0.0	0	below_threshold	high	0.062	False	user_msa
Drosophila_simulans_Drosophila_simulans__LOC6728793__XP_002104128.1	91	91	91	76	GTT	0.0	0	below_threshold	high	0.062	False	user_msa
Drosophila_subobscura_Drosophila_subobscura__LOC117897634__XP_034662499.1	91	91	91	76	GTG	0.0	0	below_threshold	high	0.062	False	user_msa
Drosophila_suzukii_Drosophila_suzukii__betaTub85D__XP_016937909.1	91	91	91	76	GTT	0.0	0	below_threshold	high	0.062	False	user_msa
Drosophila_virilis_Drosophila_virilis__betaTub85D__XP_002053003.1	91	91	91	76	GTG	0.0	0	below_threshold	high	0.062	False	user_msa
Drosophila_willistoni_Drosophila_willistoni__LOC6647585__XP_002070575.1	91	91	91	76	GTG	0.0	0	below_threshold	high	0.062	False	user_msa
Drosophila_yakuba_Drosophila_yakuba__LOC6536356__XP_002096938.1	91	91	91	76	GTT	0.0	0	below_threshold	high	0.062	False	user_msa
Drosophila_ananassae_Drosophila_ananassae__LOC6500548__XP_001953433.1	92	92	92	77	CGC	0.0	0	below_threshold	high	0.062	False	user_msa
Drosophila_biarmipes_Drosophila_biarmipes__LOC108032098__XP_016961415.1	92	92	92	77	CGA	0.0	0	below_threshold	high	0.062	False	user_msa
Drosophila_mauritiana_Drosophila_mauritiana__LOC117142441__XP_033162295.1	92	92	92	77	CGC	0.0	0	below_threshold	high	0.062	False	user_msa
Drosophila_melanogaster_Drosophila_melanogaster__betaTub85D__NP_524290.2	92	92	92	77	CGT	0.0	0	below_threshold	high	0.062	False	user_msa
Drosophila_pseudoobscura_Drosophila_pseudoobscura__betaTub85D__XP_001357842.1	92	92	92	77	CGC	0.0	0	below_threshold	high	0.062	False	user_msa
Drosophila_sechellia_Drosophila_sechellia__betaTub85D__XP_002031904.1	92	92	92	77	CGC	0.0	0	below_threshold	high	0.062	False	user_msa
Drosophila_simulans_Drosophila_simulans__LOC6728793__XP_002104128.1	92	92	92	77	CGC	0.0	0	below_threshold	high	0.062	False	user_msa
Drosophila_subobscura_Drosophila_subobscura__LOC117897634__XP_034662499.1	92	92	92	77	CGC	0.0	0	below_threshold	high	0.062	False	user_msa
Drosophila_suzukii_Drosophila_suzukii__betaTub85D__XP_016937909.1	92	92	92	77	CGA	0.0	0	below_threshold	high	0.062	False	user_msa
Drosophila_virilis_Drosophila_virilis__betaTub85D__XP_002053003.1	92	92	92	77	CGT	0.0	0	below_threshold	high	0.062	False	user_msa
Drosophila_willistoni_Drosophila_willistoni__LOC6647585__XP_002070575.1	92	92	92	77	CGC	0.0	0	below_threshold	high	0.062	False	user_msa
Drosophila_yakuba_Drosophila_yakuba__LOC6536356__XP_002096938.1	92	92	92	77	CGC	0.0	0	below_threshold	high	0.062	False	user_msa
Drosophila_ananassae_Drosophila_ananassae__LOC6500548__XP_001953433.1	93	93	93	78	TCT	0.0	0	below_threshold	high	0.062	False	user_msa
Drosophila_biarmipes_Drosophila_biarmipes__LOC108032098__XP_016961415.1	93	93	93	78	TCC	0.0	0	below_threshold	high	0.062	False	user_msa
Drosophila_mauritiana_Drosophila_mauritiana__LOC117142441__XP_033162295.1	93	93	93	78	TCT	0.0	0	below_threshold	high	0.062	False	user_msa
Drosophila_melanogaster_Drosophila_melanogaster__betaTub85D__NP_524290.2	93	93	93	78	TCT	0.0	0	below_threshold	high	0.062	False	user_msa
Drosophila_pseudoobscura_Drosophila_pseudoobscura__betaTub85D__XP_001357842.1	93	93	93	78	TCT	0.0	0	below_threshold	high	0.062	False	user_msa
Drosophila_sechellia_Drosophila_sechellia__betaTub85D__XP_002031904.1	93	93	93	78	TCT	0.0	0	below_threshold	high	0.062	False	user_msa
Drosophila_simulans_Drosophila_simulans__LOC6728793__XP_002104128.1	93	93	93	78	TCT	0.0	0	below_threshold	high	0.062	False	user_msa
Drosophila_subobscura_Drosophila_subobscura__LOC117897634__XP_034662499.1	93	93	93	78	TCA	0.0	0	below_threshold	high	0.062	False	user_msa
Drosophila_suzukii_Drosophila_suzukii__betaTub85D__XP_016937909.1	93	93	93	78	TCC	0.0	0	below_threshold	high	0.062	False	user_msa
Drosophila_virilis_Drosophila_virilis__betaTub85D__XP_002053003.1	93	93	93	78	TCG	0.0	0	below_threshold	high	0.062	False	user_msa
Drosophila_willistoni_Drosophila_willistoni__LOC6647585__XP_002070575.1	93	93	93	78	TCT	0.0	0	below_threshold	high	0.062	False	user_msa
Drosophila_yakuba_Drosophila_yakuba__LOC6536356__XP_002096938.1	93	93	93	78	TCC	0.0	0	below_threshold	high	0.062	False	user_msa
Drosophila_ananassae_Drosophila_ananassae__LOC6500548__XP_001953433.1	94	94	94	79	GGT	0.0	0	below_threshold	high	0.062	False	user_msa
Drosophila_biarmipes_Drosophila_biarmipes__LOC108032098__XP_016961415.1	94	94	94	79	GGC	0.0	0	below_threshold	high	0.062	False	user_msa
Drosophila_mauritiana_Drosophila_mauritiana__LOC117142441__XP_033162295.1	94	94	94	79	GGC	0.0	0	below_threshold	high	0.062	False	user_msa
Drosophila_melanogaster_Drosophila_melanogaster__betaTub85D__NP_524290.2	94	94	94	79	GGC	0.0	0	below_threshold	high	0.062	False	user_msa
Drosophila_pseudoobscura_Drosophila_pseudoobscura__betaTub85D__XP_001357842.1	94	94	94	79	GGG	0.0	0	below_threshold	high	0.062	False	user_msa
Drosophila_sechellia_Drosophila_sechellia__betaTub85D__XP_002031904.1	94	94	94	79	GGC	0.0	0	below_threshold	high	0.062	False	user_msa
Drosophila_simulans_Drosophila_simulans__LOC6728793__XP_002104128.1	94	94	94	79	GGC	0.0	0	below_threshold	high	0.062	False	user_msa
Drosophila_subobscura_Drosophila_subobscura__LOC117897634__XP_034662499.1	94	94	94	79	GGG	0.0	0	below_threshold	high	0.062	False	user_msa
Drosophila_suzukii_Drosophila_suzukii__betaTub85D__XP_016937909.1	94	94	94	79	GGC	0.0	0	below_threshold	high	0.062	False	user_msa
Drosophila_virilis_Drosophila_virilis__betaTub85D__XP_002053003.1	94	94	94	79	GGA	0.0	0	below_threshold	high	0.062	False	user_msa
Drosophila_willistoni_Drosophila_willistoni__LOC6647585__XP_002070575.1	94	94	94	79	GGG	0.0	0	below_threshold	high	0.062	False	user_msa
Drosophila_yakuba_Drosophila_yakuba__LOC6536356__XP_002096938.1	94	94	94	79	GGC	0.0	0	below_threshold	high	0.062	False	user_msa
Drosophila_ananassae_Drosophila_ananassae__LOC6500548__XP_001953433.1	95	95	95	80	GCC	0.0	0	below_threshold	high	0.062	False	user_msa
Drosophila_biarmipes_Drosophila_biarmipes__LOC108032098__XP_016961415.1	95	95	95	80	GCC	0.0	0	below_threshold	high	0.062	False	user_msa
Drosophila_mauritiana_Drosophila_mauritiana__LOC117142441__XP_033162295.1	95	95	95	80	GCC	0.0	0	below_threshold	high	0.062	False	user_msa
Drosophila_melanogaster_Drosophila_melanogaster__betaTub85D__NP_524290.2	95	95	95	80	GCC	0.0	0	below_threshold	high	0.062	False	user_msa
Drosophila_pseudoobscura_Drosophila_pseudoobscura__betaTub85D__XP_001357842.1	95	95	95	80	GCA	0.0	0	below_threshold	high	0.062	False	user_msa
Drosophila_sechellia_Drosophila_sechellia__betaTub85D__XP_002031904.1	95	95	95	80	GCC	0.0	0	below_threshold	high	0.062	False	user_msa
Drosophila_simulans_Drosophila_simulans__LOC6728793__XP_002104128.1	95	95	95	80	GCA	0.0	0	below_threshold	high	0.062	False	user_msa
Drosophila_subobscura_Drosophila_subobscura__LOC117897634__XP_034662499.1	95	95	95	80	GCA	0.0	0	below_threshold	high	0.062	False	user_msa
Drosophila_suzukii_Drosophila_suzukii__betaTub85D__XP_016937909.1	95	95	95	80	GCC	0.0	0	below_threshold	high	0.062	False	user_msa
Drosophila_virilis_Drosophila_virilis__betaTub85D__XP_002053003.1	95	95	95	80	GCT	0.0	0	below_threshold	high	0.062	False	user_msa
Drosophila_willistoni_Drosophila_willistoni__LOC6647585__XP_002070575.1	95	95	95	80	GCA	0.0	0	below_threshold	high	0.062	False	user_msa
Drosophila_yakuba_Drosophila_yakuba__LOC6536356__XP_002096938.1	95	95	95	80	GCC	0.0	0	below_threshold	high	0.062	False	user_msa
Drosophila_ananassae_Drosophila_ananassae__LOC6500548__XP_001953433.1	96	96	96	81	TTT	0.0	0	below_threshold	high	0.062	False	user_msa
Drosophila_biarmipes_Drosophila_biarmipes__LOC108032098__XP_016961415.1	96	96	96	81	TTT	0.0	0	below_threshold	high	0.062	False	user_msa
Drosophila_mauritiana_Drosophila_mauritiana__LOC117142441__XP_033162295.1	96	96	96	81	TTT	0.0	0	below_threshold	high	0.062	False	user_msa
Drosophila_melanogaster_Drosophila_melanogaster__betaTub85D__NP_524290.2	96	96	96	81	TTT	0.0	0	below_threshold	high	0.062	False	user_msa
Drosophila_pseudoobscura_Drosophila_pseudoobscura__betaTub85D__XP_001357842.1	96	96	96	81	TTT	0.0	0	below_threshold	high	0.062	False	user_msa
Drosophila_sechellia_Drosophila_sechellia__betaTub85D__XP_002031904.1	96	96	96	81	TTT	0.0	0	below_threshold	high	0.062	False	user_msa
Drosophila_simulans_Drosophila_simulans__LOC6728793__XP_002104128.1	96	96	96	81	TTT	0.0	0	below_threshold	high	0.062	False	user_msa
Drosophila_subobscura_Drosophila_subobscura__LOC117897634__XP_034662499.1	96	96	96	81	TTT	0.0	0	below_threshold	high	0.062	False	user_msa
Drosophila_suzukii_Drosophila_suzukii__betaTub85D__XP_016937909.1	96	96	96	81	TTT	0.0	0	below_threshold	high	0.062	False	user_msa
Drosophila_virilis_Drosophila_virilis__betaTub85D__XP_002053003.1	96	96	96	81	TTT	0.0	0	below_threshold	high	0.062	False	user_msa
Drosophila_willistoni_Drosophila_willistoni__LOC6647585__XP_002070575.1	96	96	96	81	TTC	0.0	0	below_threshold	high	0.062	False	user_msa
Drosophila_yakuba_Drosophila_yakuba__LOC6536356__XP_002096938.1	96	96	96	81	TTT	0.0	0	below_threshold	high	0.062	False	user_msa
Drosophila_ananassae_Drosophila_ananassae__LOC6500548__XP_001953433.1	97	97	97	82	GGC	0.0	0	below_threshold	high	0.062	False	user_msa
Drosophila_biarmipes_Drosophila_biarmipes__LOC108032098__XP_016961415.1	97	97	97	82	GGC	0.0	0	below_threshold	high	0.062	False	user_msa
Drosophila_mauritiana_Drosophila_mauritiana__LOC117142441__XP_033162295.1	97	97	97	82	GGC	0.0	0	below_threshold	high	0.062	False	user_msa
Drosophila_melanogaster_Drosophila_melanogaster__betaTub85D__NP_524290.2	97	97	97	82	GGC	0.0	0	below_threshold	high	0.062	False	user_msa
Drosophila_pseudoobscura_Drosophila_pseudoobscura__betaTub85D__XP_001357842.1	97	97	97	82	GGT	0.0	0	below_threshold	high	0.062	False	user_msa
Drosophila_sechellia_Drosophila_sechellia__betaTub85D__XP_002031904.1	97	97	97	82	GGC	0.0	0	below_threshold	high	0.062	False	user_msa
Drosophila_simulans_Drosophila_simulans__LOC6728793__XP_002104128.1	97	97	97	82	GGC	0.0	0	below_threshold	high	0.062	False	user_msa
Drosophila_subobscura_Drosophila_subobscura__LOC117897634__XP_034662499.1	97	97	97	82	GGC	0.0	0	below_threshold	high	0.062	False	user_msa
Drosophila_suzukii_Drosophila_suzukii__betaTub85D__XP_016937909.1	97	97	97	82	GGC	0.0	0	below_threshold	high	0.062	False	user_msa
Drosophila_virilis_Drosophila_virilis__betaTub85D__XP_002053003.1	97	97	97	82	GGT	0.0	0	below_threshold	high	0.062	False	user_msa
Drosophila_willistoni_Drosophila_willistoni__LOC6647585__XP_002070575.1	97	97	97	82	GGT	0.0	0	below_threshold	high	0.062	False	user_msa
Drosophila_yakuba_Drosophila_yakuba__LOC6536356__XP_002096938.1	97	97	97	82	GGT	0.0	0	below_threshold	high	0.062	False	user_msa
Drosophila_ananassae_Drosophila_ananassae__LOC6500548__XP_001953433.1	98	98	98	83	CAG	0.0	0	below_threshold	high	0.062	False	user_msa
Drosophila_biarmipes_Drosophila_biarmipes__LOC108032098__XP_016961415.1	98	98	98	83	CAG	0.0	0	below_threshold	high	0.062	False	user_msa
Drosophila_mauritiana_Drosophila_mauritiana__LOC117142441__XP_033162295.1	98	98	98	83	CAG	0.0	0	below_threshold	high	0.062	False	user_msa
Drosophila_melanogaster_Drosophila_melanogaster__betaTub85D__NP_524290.2	98	98	98	83	CAG	0.0	0	below_threshold	high	0.062	False	user_msa
Drosophila_pseudoobscura_Drosophila_pseudoobscura__betaTub85D__XP_001357842.1	98	98	98	83	CAA	0.0	0	below_threshold	high	0.062	False	user_msa
Drosophila_sechellia_Drosophila_sechellia__betaTub85D__XP_002031904.1	98	98	98	83	CAG	0.0	0	below_threshold	high	0.062	False	user_msa
Drosophila_simulans_Drosophila_simulans__LOC6728793__XP_002104128.1	98	98	98	83	CAG	0.0	0	below_threshold	high	0.062	False	user_msa
Drosophila_subobscura_Drosophila_subobscura__LOC117897634__XP_034662499.1	98	98	98	83	CAG	0.0	0	below_threshold	high	0.062	False	user_msa
Drosophila_suzukii_Drosophila_suzukii__betaTub85D__XP_016937909.1	98	98	98	83	CAG	0.0	0	below_threshold	high	0.062	False	user_msa
Drosophila_virilis_Drosophila_virilis__betaTub85D__XP_002053003.1	98	98	98	83	CAA	0.0	0	below_threshold	high	0.062	False	user_msa
Drosophila_willistoni_Drosophila_willistoni__LOC6647585__XP_002070575.1	98	98	98	83	CAG	0.0	0	below_threshold	high	0.062	False	user_msa
Drosophila_yakuba_Drosophila_yakuba__LOC6536356__XP_002096938.1	98	98	98	83	CAG	0.0	0	below_threshold	high	0.062	False	user_msa
Drosophila_ananassae_Drosophila_ananassae__LOC6500548__XP_001953433.1	99	99	99	84	ATC	0.0	0	below_threshold	high	0.062	False	user_msa
Drosophila_biarmipes_Drosophila_biarmipes__LOC108032098__XP_016961415.1	99	99	99	84	ATC	0.0	0	below_threshold	high	0.062	False	user_msa
Drosophila_mauritiana_Drosophila_mauritiana__LOC117142441__XP_033162295.1	99	99	99	84	ATC	0.0	0	below_threshold	high	0.062	False	user_msa
Drosophila_melanogaster_Drosophila_melanogaster__betaTub85D__NP_524290.2	99	99	99	84	ATC	0.0	0	below_threshold	high	0.062	False	user_msa
Drosophila_pseudoobscura_Drosophila_pseudoobscura__betaTub85D__XP_001357842.1	99	99	99	84	ATC	0.0	0	below_threshold	high	0.062	False	user_msa
Drosophila_sechellia_Drosophila_sechellia__betaTub85D__XP_002031904.1	99	99	99	84	ATC	0.0	0	below_threshold	high	0.062	False	user_msa
Drosophila_simulans_Drosophila_simulans__LOC6728793__XP_002104128.1	99	99	99	84	ATC	0.0	0	below_threshold	high	0.062	False	user_msa
Drosophila_subobscura_Drosophila_subobscura__LOC117897634__XP_034662499.1	99	99	99	84	ATC	0.0	0	below_threshold	high	0.062	False	user_msa
Drosophila_suzukii_Drosophila_suzukii__betaTub85D__XP_016937909.1	99	99	99	84	ATC	0.0	0	below_threshold	high	0.062	False	user_msa
Drosophila_virilis_Drosophila_virilis__betaTub85D__XP_002053003.1	99	99	99	84	ATC	0.0	0	below_threshold	high	0.062	False	user_msa
Drosophila_willistoni_Drosophila_willistoni__LOC6647585__XP_002070575.1	99	99	99	84	ATC	0.0	0	below_threshold	high	0.062	False	user_msa
Drosophila_yakuba_Drosophila_yakuba__LOC6536356__XP_002096938.1	99	99	99	84	ATC	0.0	0	below_threshold	high	0.062	False	user_msa
Drosophila_ananassae_Drosophila_ananassae__LOC6500548__XP_001953433.1	100	100	100	85	TTC	0.0	0	below_threshold	high	0.062	False	user_msa
Drosophila_biarmipes_Drosophila_biarmipes__LOC108032098__XP_016961415.1	100	100	100	85	TTC	0.0	0	below_threshold	high	0.062	False	user_msa
Drosophila_mauritiana_Drosophila_mauritiana__LOC117142441__XP_033162295.1	100	100	100	85	TTC	0.0	0	below_threshold	high	0.062	False	user_msa
Drosophila_melanogaster_Drosophila_melanogaster__betaTub85D__NP_524290.2	100	100	100	85	TTC	0.0	0	below_threshold	high	0.062	False	user_msa
Drosophila_pseudoobscura_Drosophila_pseudoobscura__betaTub85D__XP_001357842.1	100	100	100	85	TTC	0.0	0	below_threshold	high	0.062	False	user_msa
Drosophila_sechellia_Drosophila_sechellia__betaTub85D__XP_002031904.1	100	100	100	85	TTC	0.0	0	below_threshold	high	0.062	False	user_msa
Drosophila_simulans_Drosophila_simulans__LOC6728793__XP_002104128.1	100	100	100	85	TTC	0.0	0	below_threshold	high	0.062	False	user_msa
Drosophila_subobscura_Drosophila_subobscura__LOC117897634__XP_034662499.1	100	100	100	85	TTC	0.0	0	below_threshold	high	0.062	False	user_msa
Drosophila_suzukii_Drosophila_suzukii__betaTub85D__XP_016937909.1	100	100	100	85	TTC	0.0	0	below_threshold	high	0.062	False	user_msa
Drosophila_virilis_Drosophila_virilis__betaTub85D__XP_002053003.1	100	100	100	85	TTT	0.0	0	below_threshold	high	0.062	False	user_msa
Drosophila_willistoni_Drosophila_willistoni__LOC6647585__XP_002070575.1	100	100	100	85	TTC	0.0	0	below_threshold	high	0.062	False	user_msa
Drosophila_yakuba_Drosophila_yakuba__LOC6536356__XP_002096938.1	100	100	100	85	TTC	0.0	0	below_threshold	high	0.062	False	user_msa
Drosophila_ananassae_Drosophila_ananassae__LOC6500548__XP_001953433.1	101	101	101	86	CGC	0.0	0	below_threshold	high	0.062	False	user_msa
Drosophila_biarmipes_Drosophila_biarmipes__LOC108032098__XP_016961415.1	101	101	101	86	CGA	0.0	0	below_threshold	high	0.062	False	user_msa
Drosophila_mauritiana_Drosophila_mauritiana__LOC117142441__XP_033162295.1	101	101	101	86	CGA	0.0	0	below_threshold	high	0.062	False	user_msa
Drosophila_melanogaster_Drosophila_melanogaster__betaTub85D__NP_524290.2	101	101	101	86	CGG	0.0	0	below_threshold	high	0.062	False	user_msa
Drosophila_pseudoobscura_Drosophila_pseudoobscura__betaTub85D__XP_001357842.1	101	101	101	86	CGG	0.0	0	below_threshold	high	0.062	False	user_msa
Drosophila_sechellia_Drosophila_sechellia__betaTub85D__XP_002031904.1	101	101	101	86	CGG	0.0	0	below_threshold	high	0.062	False	user_msa
Drosophila_simulans_Drosophila_simulans__LOC6728793__XP_002104128.1	101	101	101	86	CGG	0.0	0	below_threshold	high	0.062	False	user_msa
Drosophila_subobscura_Drosophila_subobscura__LOC117897634__XP_034662499.1	101	101	101	86	CGC	0.0	0	below_threshold	high	0.062	False	user_msa
Drosophila_suzukii_Drosophila_suzukii__betaTub85D__XP_016937909.1	101	101	101	86	CGA	0.0	0	below_threshold	high	0.062	False	user_msa
Drosophila_virilis_Drosophila_virilis__betaTub85D__XP_002053003.1	101	101	101	86	AGA	0.0	0	below_threshold	high	0.062	False	user_msa
Drosophila_willistoni_Drosophila_willistoni__LOC6647585__XP_002070575.1	101	101	101	86	AGG	0.0	0	below_threshold	high	0.062	False	user_msa
Drosophila_yakuba_Drosophila_yakuba__LOC6536356__XP_002096938.1	101	101	101	86	CGG	0.0	0	below_threshold	high	0.062	False	user_msa
Drosophila_ananassae_Drosophila_ananassae__LOC6500548__XP_001953433.1	102	102	102	87	CCG	0.0	0	below_threshold	high	0.062	False	user_msa
Drosophila_biarmipes_Drosophila_biarmipes__LOC108032098__XP_016961415.1	102	102	102	87	CCG	0.0	0	below_threshold	high	0.062	False	user_msa
Drosophila_mauritiana_Drosophila_mauritiana__LOC117142441__XP_033162295.1	102	102	102	87	CCG	0.0	0	below_threshold	high	0.062	False	user_msa
Drosophila_melanogaster_Drosophila_melanogaster__betaTub85D__NP_524290.2	102	102	102	87	CCG	0.0	0	below_threshold	high	0.062	False	user_msa
Drosophila_pseudoobscura_Drosophila_pseudoobscura__betaTub85D__XP_001357842.1	102	102	102	87	CCC	0.0	0	below_threshold	high	0.062	False	user_msa
Drosophila_sechellia_Drosophila_sechellia__betaTub85D__XP_002031904.1	102	102	102	87	CCG	0.0	0	below_threshold	high	0.062	False	user_msa
Drosophila_simulans_Drosophila_simulans__LOC6728793__XP_002104128.1	102	102	102	87	CCG	0.0	0	below_threshold	high	0.062	False	user_msa
Drosophila_subobscura_Drosophila_subobscura__LOC117897634__XP_034662499.1	102	102	102	87	CCC	0.0	0	below_threshold	high	0.062	False	user_msa
Drosophila_suzukii_Drosophila_suzukii__betaTub85D__XP_016937909.1	102	102	102	87	CCG	0.0	0	below_threshold	high	0.062	False	user_msa
Drosophila_virilis_Drosophila_virilis__betaTub85D__XP_002053003.1	102	102	102	87	CCA	0.0	0	below_threshold	high	0.062	False	user_msa
Drosophila_willistoni_Drosophila_willistoni__LOC6647585__XP_002070575.1	102	102	102	87	CCC	0.0	0	below_threshold	high	0.062	False	user_msa
Drosophila_yakuba_Drosophila_yakuba__LOC6536356__XP_002096938.1	102	102	102	87	CCG	0.0	0	below_threshold	high	0.062	False	user_msa
Drosophila_ananassae_Drosophila_ananassae__LOC6500548__XP_001953433.1	103	103	103	88	GAT	0.0	0	below_threshold	high	0.062	False	user_msa
Drosophila_biarmipes_Drosophila_biarmipes__LOC108032098__XP_016961415.1	103	103	103	88	GAC	0.0	0	below_threshold	high	0.062	False	user_msa
Drosophila_mauritiana_Drosophila_mauritiana__LOC117142441__XP_033162295.1	103	103	103	88	GAC	0.0	0	below_threshold	high	0.062	False	user_msa
Drosophila_melanogaster_Drosophila_melanogaster__betaTub85D__NP_524290.2	103	103	103	88	GAC	0.0	0	below_threshold	high	0.062	False	user_msa
Drosophila_pseudoobscura_Drosophila_pseudoobscura__betaTub85D__XP_001357842.1	103	103	103	88	GAC	0.0	0	below_threshold	high	0.062	False	user_msa
Drosophila_sechellia_Drosophila_sechellia__betaTub85D__XP_002031904.1	103	103	103	88	GAC	0.0	0	below_threshold	high	0.062	False	user_msa
Drosophila_simulans_Drosophila_simulans__LOC6728793__XP_002104128.1	103	103	103	88	GAC	0.0	0	below_threshold	high	0.062	False	user_msa
Drosophila_subobscura_Drosophila_subobscura__LOC117897634__XP_034662499.1	103	103	103	88	GAC	0.0	0	below_threshold	high	0.062	False	user_msa
Drosophila_suzukii_Drosophila_suzukii__betaTub85D__XP_016937909.1	103	103	103	88	GAT	0.0	0	below_threshold	high	0.062	False	user_msa
Drosophila_virilis_Drosophila_virilis__betaTub85D__XP_002053003.1	103	103	103	88	GAT	0.0	0	below_threshold	high	0.062	False	user_msa
Drosophila_willistoni_Drosophila_willistoni__LOC6647585__XP_002070575.1	103	103	103	88	GAT	0.0	0	below_threshold	high	0.062	False	user_msa
Drosophila_yakuba_Drosophila_yakuba__LOC6536356__XP_002096938.1	103	103	103	88	GAC	0.0	0	below_threshold	high	0.062	False	user_msa
Drosophila_ananassae_Drosophila_ananassae__LOC6500548__XP_001953433.1	104	104	104	89	AAC	0.0	0	below_threshold	high	0.062	False	user_msa
Drosophila_biarmipes_Drosophila_biarmipes__LOC108032098__XP_016961415.1	104	104	104	89	AAC	0.0	0	below_threshold	high	0.062	False	user_msa
Drosophila_mauritiana_Drosophila_mauritiana__LOC117142441__XP_033162295.1	104	104	104	89	AAC	0.0	0	below_threshold	high	0.062	False	user_msa
Drosophila_melanogaster_Drosophila_melanogaster__betaTub85D__NP_524290.2	104	104	104	89	AAT	0.0	0	below_threshold	high	0.062	False	user_msa
Drosophila_pseudoobscura_Drosophila_pseudoobscura__betaTub85D__XP_001357842.1	104	104	104	89	AAC	0.0	0	below_threshold	high	0.062	False	user_msa
Drosophila_sechellia_Drosophila_sechellia__betaTub85D__XP_002031904.1	104	104	104	89	AAC	0.0	0	below_threshold	high	0.062	False	user_msa
Drosophila_simulans_Drosophila_simulans__LOC6728793__XP_002104128.1	104	104	104	89	AAC	0.0	0	below_threshold	high	0.062	False	user_msa
Drosophila_subobscura_Drosophila_subobscura__LOC117897634__XP_034662499.1	104	104	104	89	AAC	0.0	0	below_threshold	high	0.062	False	user_msa
Drosophila_suzukii_Drosophila_suzukii__betaTub85D__XP_016937909.1	104	104	104	89	AAC	0.0	0	below_threshold	high	0.062	False	user_msa
Drosophila_virilis_Drosophila_virilis__betaTub85D__XP_002053003.1	104	104	104	89	AAC	0.0	0	below_threshold	high	0.062	False	user_msa
Drosophila_willistoni_Drosophila_willistoni__LOC6647585__XP_002070575.1	104	104	104	89	AAC	0.0	0	below_threshold	high	0.062	False	user_msa
Drosophila_yakuba_Drosophila_yakuba__LOC6536356__XP_002096938.1	104	104	104	89	AAC	0.0	0	below_threshold	high	0.062	False	user_msa
Drosophila_ananassae_Drosophila_ananassae__LOC6500548__XP_001953433.1	105	105	105	90	TTC	0.0	0	below_threshold	high	0.062	False	user_msa
Drosophila_biarmipes_Drosophila_biarmipes__LOC108032098__XP_016961415.1	105	105	105	90	TTT	0.0	0	below_threshold	high	0.062	False	user_msa
Drosophila_mauritiana_Drosophila_mauritiana__LOC117142441__XP_033162295.1	105	105	105	90	TTT	0.0	0	below_threshold	high	0.062	False	user_msa
Drosophila_melanogaster_Drosophila_melanogaster__betaTub85D__NP_524290.2	105	105	105	90	TTT	0.0	0	below_threshold	high	0.062	False	user_msa
Drosophila_pseudoobscura_Drosophila_pseudoobscura__betaTub85D__XP_001357842.1	105	105	105	90	TTT	0.0	0	below_threshold	high	0.062	False	user_msa
Drosophila_sechellia_Drosophila_sechellia__betaTub85D__XP_002031904.1	105	105	105	90	TTT	0.0	0	below_threshold	high	0.062	False	user_msa
Drosophila_simulans_Drosophila_simulans__LOC6728793__XP_002104128.1	105	105	105	90	TTT	0.0	0	below_threshold	high	0.062	False	user_msa
Drosophila_subobscura_Drosophila_subobscura__LOC117897634__XP_034662499.1	105	105	105	90	TTT	0.0	0	below_threshold	high	0.062	False	user_msa
Drosophila_suzukii_Drosophila_suzukii__betaTub85D__XP_016937909.1	105	105	105	90	TTT	0.0	0	below_threshold	high	0.062	False	user_msa
Drosophila_virilis_Drosophila_virilis__betaTub85D__XP_002053003.1	105	105	105	90	TTT	0.0	0	below_threshold	high	0.062	False	user_msa
Drosophila_willistoni_Drosophila_willistoni__LOC6647585__XP_002070575.1	105	105	105	90	TTT	0.0	0	below_threshold	high	0.062	False	user_msa
Drosophila_yakuba_Drosophila_yakuba__LOC6536356__XP_002096938.1	105	105	105	90	TTT	0.0	0	below_threshold	high	0.062	False	user_msa
Drosophila_ananassae_Drosophila_ananassae__LOC6500548__XP_001953433.1	106	106	106	91	GTT	0.0	0	below_threshold	high	0.062	False	user_msa
Drosophila_biarmipes_Drosophila_biarmipes__LOC108032098__XP_016961415.1	106	106	106	91	GTC	0.0	0	below_threshold	high	0.062	False	user_msa
Drosophila_mauritiana_Drosophila_mauritiana__LOC117142441__XP_033162295.1	106	106	106	91	GTC	0.0	0	below_threshold	high	0.062	False	user_msa
Drosophila_melanogaster_Drosophila_melanogaster__betaTub85D__NP_524290.2	106	106	106	91	GTG	0.0	0	below_threshold	high	0.062	False	user_msa
Drosophila_pseudoobscura_Drosophila_pseudoobscura__betaTub85D__XP_001357842.1	106	106	106	91	GTC	0.0	0	below_threshold	high	0.062	False	user_msa
Drosophila_sechellia_Drosophila_sechellia__betaTub85D__XP_002031904.1	106	106	106	91	GTC	0.0	0	below_threshold	high	0.062	False	user_msa
Drosophila_simulans_Drosophila_simulans__LOC6728793__XP_002104128.1	106	106	106	91	GTC	0.0	0	below_threshold	high	0.062	False	user_msa
Drosophila_subobscura_Drosophila_subobscura__LOC117897634__XP_034662499.1	106	106	106	91	GTC	0.0	0	below_threshold	high	0.062	False	user_msa
Drosophila_suzukii_Drosophila_suzukii__betaTub85D__XP_016937909.1	106	106	106	91	GTC	0.0	0	below_threshold	high	0.062	False	user_msa
Drosophila_virilis_Drosophila_virilis__betaTub85D__XP_002053003.1	106	106	106	91	GTG	0.0	0	below_threshold	high	0.062	False	user_msa
Drosophila_willistoni_Drosophila_willistoni__LOC6647585__XP_002070575.1	106	106	106	91	GTG	0.0	0	below_threshold	high	0.062	False	user_msa
Drosophila_yakuba_Drosophila_yakuba__LOC6536356__XP_002096938.1	106	106	106	91	GTC	0.0	0	below_threshold	high	0.062	False	user_msa
Drosophila_ananassae_Drosophila_ananassae__LOC6500548__XP_001953433.1	107	107	107	92	TTT	0.0	0	below_threshold	high	0.062	False	user_msa
Drosophila_biarmipes_Drosophila_biarmipes__LOC108032098__XP_016961415.1	107	107	107	92	TTT	0.0	0	below_threshold	high	0.062	False	user_msa
Drosophila_mauritiana_Drosophila_mauritiana__LOC117142441__XP_033162295.1	107	107	107	92	TTT	0.0	0	below_threshold	high	0.062	False	user_msa
Drosophila_melanogaster_Drosophila_melanogaster__betaTub85D__NP_524290.2	107	107	107	92	TTT	0.0	0	below_threshold	high	0.062	False	user_msa
Drosophila_pseudoobscura_Drosophila_pseudoobscura__betaTub85D__XP_001357842.1	107	107	107	92	TTT	0.0	0	below_threshold	high	0.062	False	user_msa
Drosophila_sechellia_Drosophila_sechellia__betaTub85D__XP_002031904.1	107	107	107	92	TTT	0.0	0	below_threshold	high	0.062	False	user_msa
Drosophila_simulans_Drosophila_simulans__LOC6728793__XP_002104128.1	107	107	107	92	TTT	0.0	0	below_threshold	high	0.062	False	user_msa
Drosophila_subobscura_Drosophila_subobscura__LOC117897634__XP_034662499.1	107	107	107	92	TTT	0.0	0	below_threshold	high	0.062	False	user_msa
Drosophila_suzukii_Drosophila_suzukii__betaTub85D__XP_016937909.1	107	107	107	92	TTT	0.0	0	below_threshold	high	0.062	False	user_msa
Drosophila_virilis_Drosophila_virilis__betaTub85D__XP_002053003.1	107	107	107	92	TTC	0.0	0	below_threshold	high	0.062	False	user_msa
Drosophila_willistoni_Drosophila_willistoni__LOC6647585__XP_002070575.1	107	107	107	92	TTT	0.0	0	below_threshold	high	0.062	False	user_msa
Drosophila_yakuba_Drosophila_yakuba__LOC6536356__XP_002096938.1	107	107	107	92	TTC	0.0	0	below_threshold	high	0.062	False	user_msa
Drosophila_ananassae_Drosophila_ananassae__LOC6500548__XP_001953433.1	108	108	108	93	GGA	0.0	0	below_threshold	high	0.062	False	user_msa
Drosophila_biarmipes_Drosophila_biarmipes__LOC108032098__XP_016961415.1	108	108	108	93	GGT	0.0	0	below_threshold	high	0.062	False	user_msa
Drosophila_mauritiana_Drosophila_mauritiana__LOC117142441__XP_033162295.1	108	108	108	93	GGC	0.0	0	below_threshold	high	0.062	False	user_msa
Drosophila_melanogaster_Drosophila_melanogaster__betaTub85D__NP_524290.2	108	108	108	93	GGC	0.0	0	below_threshold	high	0.062	False	user_msa
Drosophila_pseudoobscura_Drosophila_pseudoobscura__betaTub85D__XP_001357842.1	108	108	108	93	GGG	0.0	0	below_threshold	high	0.062	False	user_msa
Drosophila_sechellia_Drosophila_sechellia__betaTub85D__XP_002031904.1	108	108	108	93	GGC	0.0	0	below_threshold	high	0.062	False	user_msa
Drosophila_simulans_Drosophila_simulans__LOC6728793__XP_002104128.1	108	108	108	93	GGC	0.0	0	below_threshold	high	0.062	False	user_msa
Drosophila_subobscura_Drosophila_subobscura__LOC117897634__XP_034662499.1	108	108	108	93	GGG	0.0	0	below_threshold	high	0.062	False	user_msa
Drosophila_suzukii_Drosophila_suzukii__betaTub85D__XP_016937909.1	108	108	108	93	GGT	0.0	0	below_threshold	high	0.062	False	user_msa
Drosophila_virilis_Drosophila_virilis__betaTub85D__XP_002053003.1	108	108	108	93	GGC	0.0	0	below_threshold	high	0.062	False	user_msa
Drosophila_willistoni_Drosophila_willistoni__LOC6647585__XP_002070575.1	108	108	108	93	GGC	0.0	0	below_threshold	high	0.062	False	user_msa
Drosophila_yakuba_Drosophila_yakuba__LOC6536356__XP_002096938.1	108	108	108	93	GGC	0.0	0	below_threshold	high	0.062	False	user_msa
Drosophila_ananassae_Drosophila_ananassae__LOC6500548__XP_001953433.1	109	109	109	94	CAG	0.0	0	below_threshold	high	0.062	False	user_msa
Drosophila_biarmipes_Drosophila_biarmipes__LOC108032098__XP_016961415.1	109	109	109	94	CAG	0.0	0	below_threshold	high	0.062	False	user_msa
Drosophila_mauritiana_Drosophila_mauritiana__LOC117142441__XP_033162295.1	109	109	109	94	CAA	0.0	0	below_threshold	high	0.062	False	user_msa
Drosophila_melanogaster_Drosophila_melanogaster__betaTub85D__NP_524290.2	109	109	109	94	CAA	0.0	0	below_threshold	high	0.062	False	user_msa
Drosophila_pseudoobscura_Drosophila_pseudoobscura__betaTub85D__XP_001357842.1	109	109	109	94	CAG	0.0	0	below_threshold	high	0.062	False	user_msa
Drosophila_sechellia_Drosophila_sechellia__betaTub85D__XP_002031904.1	109	109	109	94	CAA	0.0	0	below_threshold	high	0.062	False	user_msa
Drosophila_simulans_Drosophila_simulans__LOC6728793__XP_002104128.1	109	109	109	94	CAA	0.0	0	below_threshold	high	0.062	False	user_msa
Drosophila_subobscura_Drosophila_subobscura__LOC117897634__XP_034662499.1	109	109	109	94	CAG	0.0	0	below_threshold	high	0.062	False	user_msa
Drosophila_suzukii_Drosophila_suzukii__betaTub85D__XP_016937909.1	109	109	109	94	CAG	0.0	0	below_threshold	high	0.062	False	user_msa
Drosophila_virilis_Drosophila_virilis__betaTub85D__XP_002053003.1	109	109	109	94	CAG	0.0	0	below_threshold	high	0.062	False	user_msa
Drosophila_willistoni_Drosophila_willistoni__LOC6647585__XP_002070575.1	109	109	109	94	CAG	0.0	0	below_threshold	high	0.062	False	user_msa
Drosophila_yakuba_Drosophila_yakuba__LOC6536356__XP_002096938.1	109	109	109	94	CAG	0.0	0	below_threshold	high	0.062	False	user_msa
Drosophila_ananassae_Drosophila_ananassae__LOC6500548__XP_001953433.1	110	110	110	95	TCG	0.0	0	below_threshold	high	0.062	False	user_msa
Drosophila_biarmipes_Drosophila_biarmipes__LOC108032098__XP_016961415.1	110	110	110	95	TCG	0.0	0	below_threshold	high	0.062	False	user_msa
Drosophila_mauritiana_Drosophila_mauritiana__LOC117142441__XP_033162295.1	110	110	110	95	TCG	0.0	0	below_threshold	high	0.062	False	user_msa
Drosophila_melanogaster_Drosophila_melanogaster__betaTub85D__NP_524290.2	110	110	110	95	TCG	0.0	0	below_threshold	high	0.062	False	user_msa
Drosophila_pseudoobscura_Drosophila_pseudoobscura__betaTub85D__XP_001357842.1	110	110	110	95	TCG	0.0	0	below_threshold	high	0.062	False	user_msa
Drosophila_sechellia_Drosophila_sechellia__betaTub85D__XP_002031904.1	110	110	110	95	TCG	0.0	0	below_threshold	high	0.062	False	user_msa
Drosophila_simulans_Drosophila_simulans__LOC6728793__XP_002104128.1	110	110	110	95	TCG	0.0	0	below_threshold	high	0.062	False	user_msa
Drosophila_subobscura_Drosophila_subobscura__LOC117897634__XP_034662499.1	110	110	110	95	TCT	0.0	0	below_threshold	high	0.062	False	user_msa
Drosophila_suzukii_Drosophila_suzukii__betaTub85D__XP_016937909.1	110	110	110	95	TCC	0.0	0	below_threshold	high	0.062	False	user_msa
Drosophila_virilis_Drosophila_virilis__betaTub85D__XP_002053003.1	110	110	110	95	TCT	0.0	0	below_threshold	high	0.062	False	user_msa
Drosophila_willistoni_Drosophila_willistoni__LOC6647585__XP_002070575.1	110	110	110	95	TCA	0.0	0	below_threshold	high	0.062	False	user_msa
Drosophila_yakuba_Drosophila_yakuba__LOC6536356__XP_002096938.1	110	110	110	95	TCG	0.0	0	below_threshold	high	0.062	False	user_msa
Drosophila_ananassae_Drosophila_ananassae__LOC6500548__XP_001953433.1	111	111	111	96	GGC	0.0	0	below_threshold	high	0.062	False	user_msa
Drosophila_biarmipes_Drosophila_biarmipes__LOC108032098__XP_016961415.1	111	111	111	96	GGA	0.0	0	below_threshold	high	0.062	False	user_msa
Drosophila_mauritiana_Drosophila_mauritiana__LOC117142441__XP_033162295.1	111	111	111	96	GGA	0.0	0	below_threshold	high	0.062	False	user_msa
Drosophila_melanogaster_Drosophila_melanogaster__betaTub85D__NP_524290.2	111	111	111	96	GGA	0.0	0	below_threshold	high	0.062	False	user_msa
Drosophila_pseudoobscura_Drosophila_pseudoobscura__betaTub85D__XP_001357842.1	111	111	111	96	GGG	0.0	0	below_threshold	high	0.062	False	user_msa
Drosophila_sechellia_Drosophila_sechellia__betaTub85D__XP_002031904.1	111	111	111	96	GGA	0.0	0	below_threshold	high	0.062	False	user_msa
Drosophila_simulans_Drosophila_simulans__LOC6728793__XP_002104128.1	111	111	111	96	GGG	0.0	0	below_threshold	high	0.062	False	user_msa
Drosophila_subobscura_Drosophila_subobscura__LOC117897634__XP_034662499.1	111	111	111	96	GGG	0.0	0	below_threshold	high	0.062	False	user_msa
Drosophila_suzukii_Drosophila_suzukii__betaTub85D__XP_016937909.1	111	111	111	96	GGT	0.0	0	below_threshold	high	0.062	False	user_msa
Drosophila_virilis_Drosophila_virilis__betaTub85D__XP_002053003.1	111	111	111	96	GGC	0.0	0	below_threshold	high	0.062	False	user_msa
Drosophila_willistoni_Drosophila_willistoni__LOC6647585__XP_002070575.1	111	111	111	96	GGA	0.0	0	below_threshold	high	0.062	False	user_msa
Drosophila_yakuba_Drosophila_yakuba__LOC6536356__XP_002096938.1	111	111	111	96	GGG	0.0	0	below_threshold	high	0.062	False	user_msa
Drosophila_ananassae_Drosophila_ananassae__LOC6500548__XP_001953433.1	112	112	112	97	GCT	0.0	0	below_threshold	high	0.062	False	user_msa
Drosophila_biarmipes_Drosophila_biarmipes__LOC108032098__XP_016961415.1	112	112	112	97	GCT	0.0	0	below_threshold	high	0.062	False	user_msa
Drosophila_mauritiana_Drosophila_mauritiana__LOC117142441__XP_033162295.1	112	112	112	97	GCA	0.0	0	below_threshold	high	0.062	False	user_msa
Drosophila_melanogaster_Drosophila_melanogaster__betaTub85D__NP_524290.2	112	112	112	97	GCA	0.0	0	below_threshold	high	0.062	False	user_msa
Drosophila_pseudoobscura_Drosophila_pseudoobscura__betaTub85D__XP_001357842.1	112	112	112	97	GCG	0.0	0	below_threshold	high	0.062	False	user_msa
Drosophila_sechellia_Drosophila_sechellia__betaTub85D__XP_002031904.1	112	112	112	97	GCA	0.0	0	below_threshold	high	0.062	False	user_msa
Drosophila_simulans_Drosophila_simulans__LOC6728793__XP_002104128.1	112	112	112	97	GCT	0.0	0	below_threshold	high	0.062	False	user_msa
Drosophila_subobscura_Drosophila_subobscura__LOC117897634__XP_034662499.1	112	112	112	97	GCG	0.0	0	below_threshold	high	0.062	False	user_msa
Drosophila_suzukii_Drosophila_suzukii__betaTub85D__XP_016937909.1	112	112	112	97	GCC	0.0	0	below_threshold	high	0.062	False	user_msa
Drosophila_virilis_Drosophila_virilis__betaTub85D__XP_002053003.1	112	112	112	97	GCG	0.0	0	below_threshold	high	0.062	False	user_msa
Drosophila_willistoni_Drosophila_willistoni__LOC6647585__XP_002070575.1	112	112	112	97	GCT	0.0	0	below_threshold	high	0.062	False	user_msa
Drosophila_yakuba_Drosophila_yakuba__LOC6536356__XP_002096938.1	112	112	112	97	GCA	0.0	0	below_threshold	high	0.062	False	user_msa
Drosophila_ananassae_Drosophila_ananassae__LOC6500548__XP_001953433.1	113	113	113	98	GGT	0.0	0	below_threshold	high	0.062	False	user_msa
Drosophila_biarmipes_Drosophila_biarmipes__LOC108032098__XP_016961415.1	113	113	113	98	GGC	0.0	0	below_threshold	high	0.062	False	user_msa
Drosophila_mauritiana_Drosophila_mauritiana__LOC117142441__XP_033162295.1	113	113	113	98	GGC	0.0	0	below_threshold	high	0.062	False	user_msa
Drosophila_melanogaster_Drosophila_melanogaster__betaTub85D__NP_524290.2	113	113	113	98	GGC	0.0	0	below_threshold	high	0.062	False	user_msa
Drosophila_pseudoobscura_Drosophila_pseudoobscura__betaTub85D__XP_001357842.1	113	113	113	98	GGT	0.0	0	below_threshold	high	0.062	False	user_msa
Drosophila_sechellia_Drosophila_sechellia__betaTub85D__XP_002031904.1	113	113	113	98	GGC	0.0	0	below_threshold	high	0.062	False	user_msa
Drosophila_simulans_Drosophila_simulans__LOC6728793__XP_002104128.1	113	113	113	98	GGC	0.0	0	below_threshold	high	0.062	False	user_msa
Drosophila_subobscura_Drosophila_subobscura__LOC117897634__XP_034662499.1	113	113	113	98	GGC	0.0	0	below_threshold	high	0.062	False	user_msa
Drosophila_suzukii_Drosophila_suzukii__betaTub85D__XP_016937909.1	113	113	113	98	GGA	0.0	0	below_threshold	high	0.062	False	user_msa
Drosophila_virilis_Drosophila_virilis__betaTub85D__XP_002053003.1	113	113	113	98	GGC	0.0	0	below_threshold	high	0.062	False	user_msa
Drosophila_willistoni_Drosophila_willistoni__LOC6647585__XP_002070575.1	113	113	113	98	GGT	0.0	0	below_threshold	high	0.062	False	user_msa
Drosophila_yakuba_Drosophila_yakuba__LOC6536356__XP_002096938.1	113	113	113	98	GGC	0.0	0	below_threshold	high	0.062	False	user_msa
Drosophila_ananassae_Drosophila_ananassae__LOC6500548__XP_001953433.1	114	114	114	99	AAC	0.0	0	below_threshold	high	0.062	False	user_msa
Drosophila_biarmipes_Drosophila_biarmipes__LOC108032098__XP_016961415.1	114	114	114	99	AAC	0.0	0	below_threshold	high	0.062	False	user_msa
Drosophila_mauritiana_Drosophila_mauritiana__LOC117142441__XP_033162295.1	114	114	114	99	AAC	0.0	0	below_threshold	high	0.062	False	user_msa
Drosophila_melanogaster_Drosophila_melanogaster__betaTub85D__NP_524290.2	114	114	114	99	AAC	0.0	0	below_threshold	high	0.062	False	user_msa
Drosophila_pseudoobscura_Drosophila_pseudoobscura__betaTub85D__XP_001357842.1	114	114	114	99	AAC	0.0	0	below_threshold	high	0.062	False	user_msa
Drosophila_sechellia_Drosophila_sechellia__betaTub85D__XP_002031904.1	114	114	114	99	AAC	0.0	0	below_threshold	high	0.062	False	user_msa
Drosophila_simulans_Drosophila_simulans__LOC6728793__XP_002104128.1	114	114	114	99	AAC	0.0	0	below_threshold	high	0.062	False	user_msa
Drosophila_subobscura_Drosophila_subobscura__LOC117897634__XP_034662499.1	114	114	114	99	AAC	0.0	0	below_threshold	high	0.062	False	user_msa
Drosophila_suzukii_Drosophila_suzukii__betaTub85D__XP_016937909.1	114	114	114	99	AAC	0.0	0	below_threshold	high	0.062	False	user_msa
Drosophila_virilis_Drosophila_virilis__betaTub85D__XP_002053003.1	114	114	114	99	AAT	0.0	0	below_threshold	high	0.062	False	user_msa
Drosophila_willistoni_Drosophila_willistoni__LOC6647585__XP_002070575.1	114	114	114	99	AAC	0.0	0	below_threshold	high	0.062	False	user_msa
Drosophila_yakuba_Drosophila_yakuba__LOC6536356__XP_002096938.1	114	114	114	99	AAC	0.0	0	below_threshold	high	0.062	False	user_msa
Drosophila_ananassae_Drosophila_ananassae__LOC6500548__XP_001953433.1	115	115	115	100	AAC	0.0	0	below_threshold	high	0.062	False	user_msa
Drosophila_biarmipes_Drosophila_biarmipes__LOC108032098__XP_016961415.1	115	115	115	100	AAC	0.0	0	below_threshold	high	0.062	False	user_msa
Drosophila_mauritiana_Drosophila_mauritiana__LOC117142441__XP_033162295.1	115	115	115	100	AAC	0.0	0	below_threshold	high	0.062	False	user_msa
Drosophila_melanogaster_Drosophila_melanogaster__betaTub85D__NP_524290.2	115	115	115	100	AAC	0.0	0	below_threshold	high	0.062	False	user_msa
Drosophila_pseudoobscura_Drosophila_pseudoobscura__betaTub85D__XP_001357842.1	115	115	115	100	AAC	0.0	0	below_threshold	high	0.062	False	user_msa
Drosophila_sechellia_Drosophila_sechellia__betaTub85D__XP_002031904.1	115	115	115	100	AAC	0.0	0	below_threshold	high	0.062	False	user_msa
Drosophila_simulans_Drosophila_simulans__LOC6728793__XP_002104128.1	115	115	115	100	AAC	0.0	0	below_threshold	high	0.062	False	user_msa
Drosophila_subobscura_Drosophila_subobscura__LOC117897634__XP_034662499.1	115	115	115	100	AAC	0.0	0	below_threshold	high	0.062	False	user_msa
Drosophila_suzukii_Drosophila_suzukii__betaTub85D__XP_016937909.1	115	115	115	100	AAC	0.0	0	below_threshold	high	0.062	False	user_msa
Drosophila_virilis_Drosophila_virilis__betaTub85D__XP_002053003.1	115	115	115	100	AAT	0.0	0	below_threshold	high	0.062	False	user_msa
Drosophila_willistoni_Drosophila_willistoni__LOC6647585__XP_002070575.1	115	115	115	100	AAC	0.0	0	below_threshold	high	0.062	False	user_msa
Drosophila_yakuba_Drosophila_yakuba__LOC6536356__XP_002096938.1	115	115	115	100	AAC	0.0	0	below_threshold	high	0.062	False	user_msa
Drosophila_ananassae_Drosophila_ananassae__LOC6500548__XP_001953433.1	116	116	116	101	TGG	0.0	0	below_threshold	high	0.062	False	user_msa
Drosophila_biarmipes_Drosophila_biarmipes__LOC108032098__XP_016961415.1	116	116	116	101	TGG	0.0	0	below_threshold	high	0.062	False	user_msa
Drosophila_mauritiana_Drosophila_mauritiana__LOC117142441__XP_033162295.1	116	116	116	101	TGG	0.0	0	below_threshold	high	0.062	False	user_msa
Drosophila_melanogaster_Drosophila_melanogaster__betaTub85D__NP_524290.2	116	116	116	101	TGG	0.0	0	below_threshold	high	0.062	False	user_msa
Drosophila_pseudoobscura_Drosophila_pseudoobscura__betaTub85D__XP_001357842.1	116	116	116	101	TGG	0.0	0	below_threshold	high	0.062	False	user_msa
Drosophila_sechellia_Drosophila_sechellia__betaTub85D__XP_002031904.1	116	116	116	101	TGG	0.0	0	below_threshold	high	0.062	False	user_msa
Drosophila_simulans_Drosophila_simulans__LOC6728793__XP_002104128.1	116	116	116	101	TGG	0.0	0	below_threshold	high	0.062	False	user_msa
Drosophila_subobscura_Drosophila_subobscura__LOC117897634__XP_034662499.1	116	116	116	101	TGG	0.0	0	below_threshold	high	0.062	False	user_msa
Drosophila_suzukii_Drosophila_suzukii__betaTub85D__XP_016937909.1	116	116	116	101	TGG	0.0	0	below_threshold	high	0.062	False	user_msa
Drosophila_virilis_Drosophila_virilis__betaTub85D__XP_002053003.1	116	116	116	101	TGG	0.0	0	below_threshold	high	0.062	False	user_msa
Drosophila_willistoni_Drosophila_willistoni__LOC6647585__XP_002070575.1	116	116	116	101	TGG	0.0	0	below_threshold	high	0.062	False	user_msa
Drosophila_yakuba_Drosophila_yakuba__LOC6536356__XP_002096938.1	116	116	116	101	TGG	0.0	0	below_threshold	high	0.062	False	user_msa
Drosophila_ananassae_Drosophila_ananassae__LOC6500548__XP_001953433.1	117	117	117	102	GCC	0.0	0	below_threshold	high	0.062	False	user_msa
Drosophila_biarmipes_Drosophila_biarmipes__LOC108032098__XP_016961415.1	117	117	117	102	GCC	0.0	0	below_threshold	high	0.062	False	user_msa
Drosophila_mauritiana_Drosophila_mauritiana__LOC117142441__XP_033162295.1	117	117	117	102	GCC	0.0	0	below_threshold	high	0.062	False	user_msa
Drosophila_melanogaster_Drosophila_melanogaster__betaTub85D__NP_524290.2	117	117	117	102	GCC	0.0	0	below_threshold	high	0.062	False	user_msa
Drosophila_pseudoobscura_Drosophila_pseudoobscura__betaTub85D__XP_001357842.1	117	117	117	102	GCC	0.0	0	below_threshold	high	0.062	False	user_msa
Drosophila_sechellia_Drosophila_sechellia__betaTub85D__XP_002031904.1	117	117	117	102	GCC	0.0	0	below_threshold	high	0.062	False	user_msa
Drosophila_simulans_Drosophila_simulans__LOC6728793__XP_002104128.1	117	117	117	102	GCC	0.0	0	below_threshold	high	0.062	False	user_msa
Drosophila_subobscura_Drosophila_subobscura__LOC117897634__XP_034662499.1	117	117	117	102	GCC	0.0	0	below_threshold	high	0.062	False	user_msa
Drosophila_suzukii_Drosophila_suzukii__betaTub85D__XP_016937909.1	117	117	117	102	GCC	0.0	0	below_threshold	high	0.062	False	user_msa
Drosophila_virilis_Drosophila_virilis__betaTub85D__XP_002053003.1	117	117	117	102	GCC	0.0	0	below_threshold	high	0.062	False	user_msa
Drosophila_willistoni_Drosophila_willistoni__LOC6647585__XP_002070575.1	117	117	117	102	GCC	0.0	0	below_threshold	high	0.062	False	user_msa
Drosophila_yakuba_Drosophila_yakuba__LOC6536356__XP_002096938.1	117	117	117	102	GCC	0.0	0	below_threshold	high	0.062	False	user_msa
Drosophila_ananassae_Drosophila_ananassae__LOC6500548__XP_001953433.1	118	118	118	103	AAG	0.0	0	below_threshold	high	0.062	False	user_msa
Drosophila_biarmipes_Drosophila_biarmipes__LOC108032098__XP_016961415.1	118	118	118	103	AAG	0.0	0	below_threshold	high	0.062	False	user_msa
Drosophila_mauritiana_Drosophila_mauritiana__LOC117142441__XP_033162295.1	118	118	118	103	AAG	0.0	0	below_threshold	high	0.062	False	user_msa
Drosophila_melanogaster_Drosophila_melanogaster__betaTub85D__NP_524290.2	118	118	118	103	AAG	0.0	0	below_threshold	high	0.062	False	user_msa
Drosophila_pseudoobscura_Drosophila_pseudoobscura__betaTub85D__XP_001357842.1	118	118	118	103	AAG	0.0	0	below_threshold	high	0.062	False	user_msa
Drosophila_sechellia_Drosophila_sechellia__betaTub85D__XP_002031904.1	118	118	118	103	AAG	0.0	0	below_threshold	high	0.062	False	user_msa
Drosophila_simulans_Drosophila_simulans__LOC6728793__XP_002104128.1	118	118	118	103	AAG	0.0	0	below_threshold	high	0.062	False	user_msa
Drosophila_subobscura_Drosophila_subobscura__LOC117897634__XP_034662499.1	118	118	118	103	AAG	0.0	0	below_threshold	high	0.062	False	user_msa
Drosophila_suzukii_Drosophila_suzukii__betaTub85D__XP_016937909.1	118	118	118	103	AAG	0.0	0	below_threshold	high	0.062	False	user_msa
Drosophila_virilis_Drosophila_virilis__betaTub85D__XP_002053003.1	118	118	118	103	AAG	0.0	0	below_threshold	high	0.062	False	user_msa
Drosophila_willistoni_Drosophila_willistoni__LOC6647585__XP_002070575.1	118	118	118	103	AAG	0.0	0	below_threshold	high	0.062	False	user_msa
Drosophila_yakuba_Drosophila_yakuba__LOC6536356__XP_002096938.1	118	118	118	103	AAG	0.0	0	below_threshold	high	0.062	False	user_msa
Drosophila_ananassae_Drosophila_ananassae__LOC6500548__XP_001953433.1	119	119	119	104	GGT	0.0	0	below_threshold	high	0.062	False	user_msa
Drosophila_biarmipes_Drosophila_biarmipes__LOC108032098__XP_016961415.1	119	119	119	104	GGT	0.0	0	below_threshold	high	0.062	False	user_msa
Drosophila_mauritiana_Drosophila_mauritiana__LOC117142441__XP_033162295.1	119	119	119	104	GGT	0.0	0	below_threshold	high	0.062	False	user_msa
Drosophila_melanogaster_Drosophila_melanogaster__betaTub85D__NP_524290.2	119	119	119	104	GGT	0.0	0	below_threshold	high	0.062	False	user_msa
Drosophila_pseudoobscura_Drosophila_pseudoobscura__betaTub85D__XP_001357842.1	119	119	119	104	GGA	0.0	0	below_threshold	high	0.062	False	user_msa
Drosophila_sechellia_Drosophila_sechellia__betaTub85D__XP_002031904.1	119	119	119	104	GGT	0.0	0	below_threshold	high	0.062	False	user_msa
Drosophila_simulans_Drosophila_simulans__LOC6728793__XP_002104128.1	119	119	119	104	GGT	0.0	0	below_threshold	high	0.062	False	user_msa
Drosophila_subobscura_Drosophila_subobscura__LOC117897634__XP_034662499.1	119	119	119	104	GGA	0.0	0	below_threshold	high	0.062	False	user_msa
Drosophila_suzukii_Drosophila_suzukii__betaTub85D__XP_016937909.1	119	119	119	104	GGT	0.0	0	below_threshold	high	0.062	False	user_msa
Drosophila_virilis_Drosophila_virilis__betaTub85D__XP_002053003.1	119	119	119	104	GGT	0.0	0	below_threshold	high	0.062	False	user_msa
Drosophila_willistoni_Drosophila_willistoni__LOC6647585__XP_002070575.1	119	119	119	104	GGA	0.0	0	below_threshold	high	0.062	False	user_msa
Drosophila_yakuba_Drosophila_yakuba__LOC6536356__XP_002096938.1	119	119	119	104	GGT	0.0	0	below_threshold	high	0.062	False	user_msa
Drosophila_ananassae_Drosophila_ananassae__LOC6500548__XP_001953433.1	120	120	120	105	CAC	0.0	0	below_threshold	high	0.062	False	user_msa
Drosophila_biarmipes_Drosophila_biarmipes__LOC108032098__XP_016961415.1	120	120	120	105	CAC	0.0	0	below_threshold	high	0.062	False	user_msa
Drosophila_mauritiana_Drosophila_mauritiana__LOC117142441__XP_033162295.1	120	120	120	105	CAT	0.0	0	below_threshold	high	0.062	False	user_msa
Drosophila_melanogaster_Drosophila_melanogaster__betaTub85D__NP_524290.2	120	120	120	105	CAT	0.0	0	below_threshold	high	0.062	False	user_msa
Drosophila_pseudoobscura_Drosophila_pseudoobscura__betaTub85D__XP_001357842.1	120	120	120	105	CAC	0.0	0	below_threshold	high	0.062	False	user_msa
Drosophila_sechellia_Drosophila_sechellia__betaTub85D__XP_002031904.1	120	120	120	105	CAT	0.0	0	below_threshold	high	0.062	False	user_msa
Drosophila_simulans_Drosophila_simulans__LOC6728793__XP_002104128.1	120	120	120	105	CAT	0.0	0	below_threshold	high	0.062	False	user_msa
Drosophila_subobscura_Drosophila_subobscura__LOC117897634__XP_034662499.1	120	120	120	105	CAC	0.0	0	below_threshold	high	0.062	False	user_msa
Drosophila_suzukii_Drosophila_suzukii__betaTub85D__XP_016937909.1	120	120	120	105	CAC	0.0	0	below_threshold	high	0.062	False	user_msa
Drosophila_virilis_Drosophila_virilis__betaTub85D__XP_002053003.1	120	120	120	105	CAC	0.0	0	below_threshold	high	0.062	False	user_msa
Drosophila_willistoni_Drosophila_willistoni__LOC6647585__XP_002070575.1	120	120	120	105	CAT	0.0	0	below_threshold	high	0.062	False	user_msa
Drosophila_yakuba_Drosophila_yakuba__LOC6536356__XP_002096938.1	120	120	120	105	CAT	0.0	0	below_threshold	high	0.062	False	user_msa
Drosophila_ananassae_Drosophila_ananassae__LOC6500548__XP_001953433.1	121	121	121	106	TAT	0.0	0	below_threshold	high	0.062	False	user_msa
Drosophila_biarmipes_Drosophila_biarmipes__LOC108032098__XP_016961415.1	121	121	121	106	TAC	0.0	0	below_threshold	high	0.062	False	user_msa
Drosophila_mauritiana_Drosophila_mauritiana__LOC117142441__XP_033162295.1	121	121	121	106	TAC	0.0	0	below_threshold	high	0.062	False	user_msa
Drosophila_melanogaster_Drosophila_melanogaster__betaTub85D__NP_524290.2	121	121	121	106	TAC	0.0	0	below_threshold	high	0.062	False	user_msa
Drosophila_pseudoobscura_Drosophila_pseudoobscura__betaTub85D__XP_001357842.1	121	121	121	106	TAC	0.0	0	below_threshold	high	0.062	False	user_msa
Drosophila_sechellia_Drosophila_sechellia__betaTub85D__XP_002031904.1	121	121	121	106	TAC	0.0	0	below_threshold	high	0.062	False	user_msa
Drosophila_simulans_Drosophila_simulans__LOC6728793__XP_002104128.1	121	121	121	106	TAC	0.0	0	below_threshold	high	0.062	False	user_msa
Drosophila_subobscura_Drosophila_subobscura__LOC117897634__XP_034662499.1	121	121	121	106	TAC	0.0	0	below_threshold	high	0.062	False	user_msa
Drosophila_suzukii_Drosophila_suzukii__betaTub85D__XP_016937909.1	121	121	121	106	TAC	0.0	0	below_threshold	high	0.062	False	user_msa
Drosophila_virilis_Drosophila_virilis__betaTub85D__XP_002053003.1	121	121	121	106	TAC	0.0	0	below_threshold	high	0.062	False	user_msa
Drosophila_willistoni_Drosophila_willistoni__LOC6647585__XP_002070575.1	121	121	121	106	TAC	0.0	0	below_threshold	high	0.062	False	user_msa
Drosophila_yakuba_Drosophila_yakuba__LOC6536356__XP_002096938.1	121	121	121	106	TAC	0.0	0	below_threshold	high	0.062	False	user_msa
Drosophila_ananassae_Drosophila_ananassae__LOC6500548__XP_001953433.1	122	122	122	107	ACC	0.0	0	below_threshold	high	0.062	False	user_msa
Drosophila_biarmipes_Drosophila_biarmipes__LOC108032098__XP_016961415.1	122	122	122	107	ACA	0.0	0	below_threshold	high	0.062	False	user_msa
Drosophila_mauritiana_Drosophila_mauritiana__LOC117142441__XP_033162295.1	122	122	122	107	ACC	0.0	0	below_threshold	high	0.062	False	user_msa
Drosophila_melanogaster_Drosophila_melanogaster__betaTub85D__NP_524290.2	122	122	122	107	ACC	0.0	0	below_threshold	high	0.062	False	user_msa
Drosophila_pseudoobscura_Drosophila_pseudoobscura__betaTub85D__XP_001357842.1	122	122	122	107	ACG	0.0	0	below_threshold	high	0.062	False	user_msa
Drosophila_sechellia_Drosophila_sechellia__betaTub85D__XP_002031904.1	122	122	122	107	ACC	0.0	0	below_threshold	high	0.062	False	user_msa
Drosophila_simulans_Drosophila_simulans__LOC6728793__XP_002104128.1	122	122	122	107	ACC	0.0	0	below_threshold	high	0.062	False	user_msa
Drosophila_subobscura_Drosophila_subobscura__LOC117897634__XP_034662499.1	122	122	122	107	ACG	0.0	0	below_threshold	high	0.062	False	user_msa
Drosophila_suzukii_Drosophila_suzukii__betaTub85D__XP_016937909.1	122	122	122	107	ACA	0.0	0	below_threshold	high	0.062	False	user_msa
Drosophila_virilis_Drosophila_virilis__betaTub85D__XP_002053003.1	122	122	122	107	ACT	0.0	0	below_threshold	high	0.062	False	user_msa
Drosophila_willistoni_Drosophila_willistoni__LOC6647585__XP_002070575.1	122	122	122	107	ACC	0.0	0	below_threshold	high	0.062	False	user_msa
Drosophila_yakuba_Drosophila_yakuba__LOC6536356__XP_002096938.1	122	122	122	107	ACA	0.0	0	below_threshold	high	0.062	False	user_msa
Drosophila_ananassae_Drosophila_ananassae__LOC6500548__XP_001953433.1	123	123	123	108	GAA	0.0	0	below_threshold	high	0.062	False	user_msa
Drosophila_biarmipes_Drosophila_biarmipes__LOC108032098__XP_016961415.1	123	123	123	108	GAG	0.0	0	below_threshold	high	0.062	False	user_msa
Drosophila_mauritiana_Drosophila_mauritiana__LOC117142441__XP_033162295.1	123	123	123	108	GAG	0.0	0	below_threshold	high	0.062	False	user_msa
Drosophila_melanogaster_Drosophila_melanogaster__betaTub85D__NP_524290.2	123	123	123	108	GAG	0.0	0	below_threshold	high	0.062	False	user_msa
Drosophila_pseudoobscura_Drosophila_pseudoobscura__betaTub85D__XP_001357842.1	123	123	123	108	GAA	0.0	0	below_threshold	high	0.062	False	user_msa
Drosophila_sechellia_Drosophila_sechellia__betaTub85D__XP_002031904.1	123	123	123	108	GAG	0.0	0	below_threshold	high	0.062	False	user_msa
Drosophila_simulans_Drosophila_simulans__LOC6728793__XP_002104128.1	123	123	123	108	GAG	0.0	0	below_threshold	high	0.062	False	user_msa
Drosophila_subobscura_Drosophila_subobscura__LOC117897634__XP_034662499.1	123	123	123	108	GAA	0.0	0	below_threshold	high	0.062	False	user_msa
Drosophila_suzukii_Drosophila_suzukii__betaTub85D__XP_016937909.1	123	123	123	108	GAG	0.0	0	below_threshold	high	0.062	False	user_msa
Drosophila_virilis_Drosophila_virilis__betaTub85D__XP_002053003.1	123	123	123	108	GAA	0.0	0	below_threshold	high	0.062	False	user_msa
Drosophila_willistoni_Drosophila_willistoni__LOC6647585__XP_002070575.1	123	123	123	108	GAA	0.0	0	below_threshold	high	0.062	False	user_msa
Drosophila_yakuba_Drosophila_yakuba__LOC6536356__XP_002096938.1	123	123	123	108	GAG	0.0	0	below_threshold	high	0.062	False	user_msa
Drosophila_ananassae_Drosophila_ananassae__LOC6500548__XP_001953433.1	124	124	124	109	GGT	0.0	0	below_threshold	high	0.062	False	user_msa
Drosophila_biarmipes_Drosophila_biarmipes__LOC108032098__XP_016961415.1	124	124	124	109	GGT	0.0	0	below_threshold	high	0.062	False	user_msa
Drosophila_mauritiana_Drosophila_mauritiana__LOC117142441__XP_033162295.1	124	124	124	109	GGT	0.0	0	below_threshold	high	0.062	False	user_msa
Drosophila_melanogaster_Drosophila_melanogaster__betaTub85D__NP_524290.2	124	124	124	109	GGT	0.0	0	below_threshold	high	0.062	False	user_msa
Drosophila_pseudoobscura_Drosophila_pseudoobscura__betaTub85D__XP_001357842.1	124	124	124	109	GGG	0.0	0	below_threshold	high	0.062	False	user_msa
Drosophila_sechellia_Drosophila_sechellia__betaTub85D__XP_002031904.1	124	124	124	109	GGT	0.0	0	below_threshold	high	0.062	False	user_msa
Drosophila_simulans_Drosophila_simulans__LOC6728793__XP_002104128.1	124	124	124	109	GGT	0.0	0	below_threshold	high	0.062	False	user_msa
Drosophila_subobscura_Drosophila_subobscura__LOC117897634__XP_034662499.1	124	124	124	109	GGA	0.0	0	below_threshold	high	0.062	False	user_msa
Drosophila_suzukii_Drosophila_suzukii__betaTub85D__XP_016937909.1	124	124	124	109	GGA	0.0	0	below_threshold	high	0.062	False	user_msa
Drosophila_virilis_Drosophila_virilis__betaTub85D__XP_002053003.1	124	124	124	109	GGT	0.0	0	below_threshold	high	0.062	False	user_msa
Drosophila_willistoni_Drosophila_willistoni__LOC6647585__XP_002070575.1	124	124	124	109	GGT	0.0	0	below_threshold	high	0.062	False	user_msa
Drosophila_yakuba_Drosophila_yakuba__LOC6536356__XP_002096938.1	124	124	124	109	GGT	0.0	0	below_threshold	high	0.062	False	user_msa
Drosophila_ananassae_Drosophila_ananassae__LOC6500548__XP_001953433.1	125	125	125	110	GCT	0.0	0	below_threshold	high	0.062	False	user_msa
Drosophila_biarmipes_Drosophila_biarmipes__LOC108032098__XP_016961415.1	125	125	125	110	GCT	0.0	0	below_threshold	high	0.062	False	user_msa
Drosophila_mauritiana_Drosophila_mauritiana__LOC117142441__XP_033162295.1	125	125	125	110	GCC	0.0	0	below_threshold	high	0.062	False	user_msa
Drosophila_melanogaster_Drosophila_melanogaster__betaTub85D__NP_524290.2	125	125	125	110	GCT	0.0	0	below_threshold	high	0.062	False	user_msa
Drosophila_pseudoobscura_Drosophila_pseudoobscura__betaTub85D__XP_001357842.1	125	125	125	110	GCC	0.0	0	below_threshold	high	0.062	False	user_msa
Drosophila_sechellia_Drosophila_sechellia__betaTub85D__XP_002031904.1	125	125	125	110	GCC	0.0	0	below_threshold	high	0.062	False	user_msa
Drosophila_simulans_Drosophila_simulans__LOC6728793__XP_002104128.1	125	125	125	110	GCC	0.0	0	below_threshold	high	0.062	False	user_msa
Drosophila_subobscura_Drosophila_subobscura__LOC117897634__XP_034662499.1	125	125	125	110	GCT	0.0	0	below_threshold	high	0.062	False	user_msa
Drosophila_suzukii_Drosophila_suzukii__betaTub85D__XP_016937909.1	125	125	125	110	GCC	0.0	0	below_threshold	high	0.062	False	user_msa
Drosophila_virilis_Drosophila_virilis__betaTub85D__XP_002053003.1	125	125	125	110	GCT	0.0	0	below_threshold	high	0.062	False	user_msa
Drosophila_willistoni_Drosophila_willistoni__LOC6647585__XP_002070575.1	125	125	125	110	GCT	0.0	0	below_threshold	high	0.062	False	user_msa
Drosophila_yakuba_Drosophila_yakuba__LOC6536356__XP_002096938.1	125	125	125	110	GCT	0.0	0	below_threshold	high	0.062	False	user_msa
Drosophila_ananassae_Drosophila_ananassae__LOC6500548__XP_001953433.1	126	126	126	111	GAG	0.0	0	below_threshold	high	0.062	False	user_msa
Drosophila_biarmipes_Drosophila_biarmipes__LOC108032098__XP_016961415.1	126	126	126	111	GAG	0.0	0	below_threshold	high	0.062	False	user_msa
Drosophila_mauritiana_Drosophila_mauritiana__LOC117142441__XP_033162295.1	126	126	126	111	GAA	0.0	0	below_threshold	high	0.062	False	user_msa
Drosophila_melanogaster_Drosophila_melanogaster__betaTub85D__NP_524290.2	126	126	126	111	GAA	0.0	0	below_threshold	high	0.062	False	user_msa
Drosophila_pseudoobscura_Drosophila_pseudoobscura__betaTub85D__XP_001357842.1	126	126	126	111	GAG	0.0	0	below_threshold	high	0.062	False	user_msa
Drosophila_sechellia_Drosophila_sechellia__betaTub85D__XP_002031904.1	126	126	126	111	GAA	0.0	0	below_threshold	high	0.062	False	user_msa
Drosophila_simulans_Drosophila_simulans__LOC6728793__XP_002104128.1	126	126	126	111	GAA	0.0	0	below_threshold	high	0.062	False	user_msa
Drosophila_subobscura_Drosophila_subobscura__LOC117897634__XP_034662499.1	126	126	126	111	GAG	0.0	0	below_threshold	high	0.062	False	user_msa
Drosophila_suzukii_Drosophila_suzukii__betaTub85D__XP_016937909.1	126	126	126	111	GAA	0.0	0	below_threshold	high	0.062	False	user_msa
Drosophila_virilis_Drosophila_virilis__betaTub85D__XP_002053003.1	126	126	126	111	GAG	0.0	0	below_threshold	high	0.062	False	user_msa
Drosophila_willistoni_Drosophila_willistoni__LOC6647585__XP_002070575.1	126	126	126	111	GAG	0.0	0	below_threshold	high	0.062	False	user_msa
Drosophila_yakuba_Drosophila_yakuba__LOC6536356__XP_002096938.1	126	126	126	111	GAA	0.0	0	below_threshold	high	0.062	False	user_msa
Drosophila_ananassae_Drosophila_ananassae__LOC6500548__XP_001953433.1	127	127	127	112	CTG	0.0	0	below_threshold	high	0.062	False	user_msa
Drosophila_biarmipes_Drosophila_biarmipes__LOC108032098__XP_016961415.1	127	127	127	112	CTG	0.0	0	below_threshold	high	0.062	False	user_msa
Drosophila_mauritiana_Drosophila_mauritiana__LOC117142441__XP_033162295.1	127	127	127	112	CTG	0.0	0	below_threshold	high	0.062	False	user_msa
Drosophila_melanogaster_Drosophila_melanogaster__betaTub85D__NP_524290.2	127	127	127	112	CTG	0.0	0	below_threshold	high	0.062	False	user_msa
Drosophila_pseudoobscura_Drosophila_pseudoobscura__betaTub85D__XP_001357842.1	127	127	127	112	CTG	0.0	0	below_threshold	high	0.062	False	user_msa
Drosophila_sechellia_Drosophila_sechellia__betaTub85D__XP_002031904.1	127	127	127	112	CTG	0.0	0	below_threshold	high	0.062	False	user_msa
Drosophila_simulans_Drosophila_simulans__LOC6728793__XP_002104128.1	127	127	127	112	CTG	0.0	0	below_threshold	high	0.062	False	user_msa
Drosophila_subobscura_Drosophila_subobscura__LOC117897634__XP_034662499.1	127	127	127	112	CTG	0.0	0	below_threshold	high	0.062	False	user_msa
Drosophila_suzukii_Drosophila_suzukii__betaTub85D__XP_016937909.1	127	127	127	112	CTG	0.0	0	below_threshold	high	0.062	False	user_msa
Drosophila_virilis_Drosophila_virilis__betaTub85D__XP_002053003.1	127	127	127	112	CTA	0.0	0	below_threshold	high	0.062	False	user_msa
Drosophila_willistoni_Drosophila_willistoni__LOC6647585__XP_002070575.1	127	127	127	112	CTG	0.0	0	below_threshold	high	0.062	False	user_msa
Drosophila_yakuba_Drosophila_yakuba__LOC6536356__XP_002096938.1	127	127	127	112	CTG	0.0	0	below_threshold	high	0.062	False	user_msa
Drosophila_ananassae_Drosophila_ananassae__LOC6500548__XP_001953433.1	128	128	128	113	GTT	0.0	0	below_threshold	high	0.062	False	user_msa
Drosophila_biarmipes_Drosophila_biarmipes__LOC108032098__XP_016961415.1	128	128	128	113	GTG	0.0	0	below_threshold	high	0.062	False	user_msa
Drosophila_mauritiana_Drosophila_mauritiana__LOC117142441__XP_033162295.1	128	128	128	113	GTG	0.0	0	below_threshold	high	0.062	False	user_msa
Drosophila_melanogaster_Drosophila_melanogaster__betaTub85D__NP_524290.2	128	128	128	113	GTG	0.0	0	below_threshold	high	0.062	False	user_msa
Drosophila_pseudoobscura_Drosophila_pseudoobscura__betaTub85D__XP_001357842.1	128	128	128	113	GTG	0.0	0	below_threshold	high	0.062	False	user_msa
Drosophila_sechellia_Drosophila_sechellia__betaTub85D__XP_002031904.1	128	128	128	113	GTG	0.0	0	below_threshold	high	0.062	False	user_msa
Drosophila_simulans_Drosophila_simulans__LOC6728793__XP_002104128.1	128	128	128	113	GTG	0.0	0	below_threshold	high	0.062	False	user_msa
Drosophila_subobscura_Drosophila_subobscura__LOC117897634__XP_034662499.1	128	128	128	113	GTG	0.0	0	below_threshold	high	0.062	False	user_msa
Drosophila_suzukii_Drosophila_suzukii__betaTub85D__XP_016937909.1	128	128	128	113	GTT	0.0	0	below_threshold	high	0.062	False	user_msa
Drosophila_virilis_Drosophila_virilis__betaTub85D__XP_002053003.1	128	128	128	113	GTG	0.0	0	below_threshold	high	0.062	False	user_msa
Drosophila_willistoni_Drosophila_willistoni__LOC6647585__XP_002070575.1	128	128	128	113	GTC	0.0	0	below_threshold	high	0.062	False	user_msa
Drosophila_yakuba_Drosophila_yakuba__LOC6536356__XP_002096938.1	128	128	128	113	GTG	0.0	0	below_threshold	high	0.062	False	user_msa
Drosophila_ananassae_Drosophila_ananassae__LOC6500548__XP_001953433.1	129	129	129	114	GAT	0.0	0	below_threshold	high	0.062	False	user_msa
Drosophila_biarmipes_Drosophila_biarmipes__LOC108032098__XP_016961415.1	129	129	129	114	GAC	0.0	0	below_threshold	high	0.062	False	user_msa
Drosophila_mauritiana_Drosophila_mauritiana__LOC117142441__XP_033162295.1	129	129	129	114	GAT	0.0	0	below_threshold	high	0.062	False	user_msa
Drosophila_melanogaster_Drosophila_melanogaster__betaTub85D__NP_524290.2	129	129	129	114	GAT	0.0	0	below_threshold	high	0.062	False	user_msa
Drosophila_pseudoobscura_Drosophila_pseudoobscura__betaTub85D__XP_001357842.1	129	129	129	114	GAC	0.0	0	below_threshold	high	0.062	False	user_msa
Drosophila_sechellia_Drosophila_sechellia__betaTub85D__XP_002031904.1	129	129	129	114	GAT	0.0	0	below_threshold	high	0.062	False	user_msa
Drosophila_simulans_Drosophila_simulans__LOC6728793__XP_002104128.1	129	129	129	114	GAT	0.0	0	below_threshold	high	0.062	False	user_msa
Drosophila_subobscura_Drosophila_subobscura__LOC117897634__XP_034662499.1	129	129	129	114	GAC	0.0	0	below_threshold	high	0.062	False	user_msa
Drosophila_suzukii_Drosophila_suzukii__betaTub85D__XP_016937909.1	129	129	129	114	GAC	0.0	0	below_threshold	high	0.062	False	user_msa
Drosophila_virilis_Drosophila_virilis__betaTub85D__XP_002053003.1	129	129	129	114	GAT	0.0	0	below_threshold	high	0.062	False	user_msa
Drosophila_willistoni_Drosophila_willistoni__LOC6647585__XP_002070575.1	129	129	129	114	GAC	0.0	0	below_threshold	high	0.062	False	user_msa
Drosophila_yakuba_Drosophila_yakuba__LOC6536356__XP_002096938.1	129	129	129	114	GAC	0.0	0	below_threshold	high	0.062	False	user_msa
Drosophila_ananassae_Drosophila_ananassae__LOC6500548__XP_001953433.1	130	130	130	115	TCC	0.0	0	below_threshold	high	0.062	False	user_msa
Drosophila_biarmipes_Drosophila_biarmipes__LOC108032098__XP_016961415.1	130	130	130	115	TCT	0.0	0	below_threshold	high	0.062	False	user_msa
Drosophila_mauritiana_Drosophila_mauritiana__LOC117142441__XP_033162295.1	130	130	130	115	TCC	0.0	0	below_threshold	high	0.062	False	user_msa
Drosophila_melanogaster_Drosophila_melanogaster__betaTub85D__NP_524290.2	130	130	130	115	TCC	0.0	0	below_threshold	high	0.062	False	user_msa
Drosophila_pseudoobscura_Drosophila_pseudoobscura__betaTub85D__XP_001357842.1	130	130	130	115	TCT	0.0	0	below_threshold	high	0.062	False	user_msa
Drosophila_sechellia_Drosophila_sechellia__betaTub85D__XP_002031904.1	130	130	130	115	TCC	0.0	0	below_threshold	high	0.062	False	user_msa
Drosophila_simulans_Drosophila_simulans__LOC6728793__XP_002104128.1	130	130	130	115	TCC	0.0	0	below_threshold	high	0.062	False	user_msa
Drosophila_subobscura_Drosophila_subobscura__LOC117897634__XP_034662499.1	130	130	130	115	TCG	0.0	0	below_threshold	high	0.062	False	user_msa
Drosophila_suzukii_Drosophila_suzukii__betaTub85D__XP_016937909.1	130	130	130	115	TCT	0.0	0	below_threshold	high	0.062	False	user_msa
Drosophila_virilis_Drosophila_virilis__betaTub85D__XP_002053003.1	130	130	130	115	TCT	0.0	0	below_threshold	high	0.062	False	user_msa
Drosophila_willistoni_Drosophila_willistoni__LOC6647585__XP_002070575.1	130	130	130	115	TCT	0.0	0	below_threshold	high	0.062	False	user_msa
Drosophila_yakuba_Drosophila_yakuba__LOC6536356__XP_002096938.1	130	130	130	115	TCC	0.0	0	below_threshold	high	0.062	False	user_msa
Drosophila_ananassae_Drosophila_ananassae__LOC6500548__XP_001953433.1	131	131	131	116	GTC	0.0	0	below_threshold	high	0.062	False	user_msa
Drosophila_biarmipes_Drosophila_biarmipes__LOC108032098__XP_016961415.1	131	131	131	116	GTT	0.0	0	below_threshold	high	0.062	False	user_msa
Drosophila_mauritiana_Drosophila_mauritiana__LOC117142441__XP_033162295.1	131	131	131	116	GTC	0.0	0	below_threshold	high	0.062	False	user_msa
Drosophila_melanogaster_Drosophila_melanogaster__betaTub85D__NP_524290.2	131	131	131	116	GTC	0.0	0	below_threshold	high	0.062	False	user_msa
Drosophila_pseudoobscura_Drosophila_pseudoobscura__betaTub85D__XP_001357842.1	131	131	131	116	GTG	0.0	0	below_threshold	high	0.062	False	user_msa
Drosophila_sechellia_Drosophila_sechellia__betaTub85D__XP_002031904.1	131	131	131	116	GTC	0.0	0	below_threshold	high	0.062	False	user_msa
Drosophila_simulans_Drosophila_simulans__LOC6728793__XP_002104128.1	131	131	131	116	GTC	0.0	0	below_threshold	high	0.062	False	user_msa
Drosophila_subobscura_Drosophila_subobscura__LOC117897634__XP_034662499.1	131	131	131	116	GTG	0.0	0	below_threshold	high	0.062	False	user_msa
Drosophila_suzukii_Drosophila_suzukii__betaTub85D__XP_016937909.1	131	131	131	116	GTT	0.0	0	below_threshold	high	0.062	False	user_msa
Drosophila_virilis_Drosophila_virilis__betaTub85D__XP_002053003.1	131	131	131	116	GTG	0.0	0	below_threshold	high	0.062	False	user_msa
Drosophila_willistoni_Drosophila_willistoni__LOC6647585__XP_002070575.1	131	131	131	116	GTG	0.0	0	below_threshold	high	0.062	False	user_msa
Drosophila_yakuba_Drosophila_yakuba__LOC6536356__XP_002096938.1	131	131	131	116	GTC	0.0	0	below_threshold	high	0.062	False	user_msa
Drosophila_ananassae_Drosophila_ananassae__LOC6500548__XP_001953433.1	132	132	132	117	TTG	0.0	0	below_threshold	high	0.062	False	user_msa
Drosophila_biarmipes_Drosophila_biarmipes__LOC108032098__XP_016961415.1	132	132	132	117	CTG	0.0	0	below_threshold	high	0.062	False	user_msa
Drosophila_mauritiana_Drosophila_mauritiana__LOC117142441__XP_033162295.1	132	132	132	117	TTG	0.0	0	below_threshold	high	0.062	False	user_msa
Drosophila_melanogaster_Drosophila_melanogaster__betaTub85D__NP_524290.2	132	132	132	117	TTG	0.0	0	below_threshold	high	0.062	False	user_msa
Drosophila_pseudoobscura_Drosophila_pseudoobscura__betaTub85D__XP_001357842.1	132	132	132	117	CTG	0.0	0	below_threshold	high	0.062	False	user_msa
Drosophila_sechellia_Drosophila_sechellia__betaTub85D__XP_002031904.1	132	132	132	117	TTG	0.0	0	below_threshold	high	0.062	False	user_msa
Drosophila_simulans_Drosophila_simulans__LOC6728793__XP_002104128.1	132	132	132	117	TTG	0.0	0	below_threshold	high	0.062	False	user_msa
Drosophila_subobscura_Drosophila_subobscura__LOC117897634__XP_034662499.1	132	132	132	117	CTG	0.0	0	below_threshold	high	0.062	False	user_msa
Drosophila_suzukii_Drosophila_suzukii__betaTub85D__XP_016937909.1	132	132	132	117	CTG	0.0	0	below_threshold	high	0.062	False	user_msa
Drosophila_virilis_Drosophila_virilis__betaTub85D__XP_002053003.1	132	132	132	117	CTT	0.0	0	below_threshold	high	0.062	False	user_msa
Drosophila_willistoni_Drosophila_willistoni__LOC6647585__XP_002070575.1	132	132	132	117	CTG	0.0	0	below_threshold	high	0.062	False	user_msa
Drosophila_yakuba_Drosophila_yakuba__LOC6536356__XP_002096938.1	132	132	132	117	TTG	0.0	0	below_threshold	high	0.062	False	user_msa
Drosophila_ananassae_Drosophila_ananassae__LOC6500548__XP_001953433.1	133	133	133	118	GAC	0.0	0	below_threshold	high	0.062	False	user_msa
Drosophila_biarmipes_Drosophila_biarmipes__LOC108032098__XP_016961415.1	133	133	133	118	GAT	0.0	0	below_threshold	high	0.062	False	user_msa
Drosophila_mauritiana_Drosophila_mauritiana__LOC117142441__XP_033162295.1	133	133	133	118	GAT	0.0	0	below_threshold	high	0.062	False	user_msa
Drosophila_melanogaster_Drosophila_melanogaster__betaTub85D__NP_524290.2	133	133	133	118	GAT	0.0	0	below_threshold	high	0.062	False	user_msa
Drosophila_pseudoobscura_Drosophila_pseudoobscura__betaTub85D__XP_001357842.1	133	133	133	118	GAT	0.0	0	below_threshold	high	0.062	False	user_msa
Drosophila_sechellia_Drosophila_sechellia__betaTub85D__XP_002031904.1	133	133	133	118	GAT	0.0	0	below_threshold	high	0.062	False	user_msa
Drosophila_simulans_Drosophila_simulans__LOC6728793__XP_002104128.1	133	133	133	118	GAT	0.0	0	below_threshold	high	0.062	False	user_msa
Drosophila_subobscura_Drosophila_subobscura__LOC117897634__XP_034662499.1	133	133	133	118	GAT	0.0	0	below_threshold	high	0.062	False	user_msa
Drosophila_suzukii_Drosophila_suzukii__betaTub85D__XP_016937909.1	133	133	133	118	GAT	0.0	0	below_threshold	high	0.062	False	user_msa
Drosophila_virilis_Drosophila_virilis__betaTub85D__XP_002053003.1	133	133	133	118	GAT	0.0	0	below_threshold	high	0.062	False	user_msa
Drosophila_willistoni_Drosophila_willistoni__LOC6647585__XP_002070575.1	133	133	133	118	GAT	0.0	0	below_threshold	high	0.062	False	user_msa
Drosophila_yakuba_Drosophila_yakuba__LOC6536356__XP_002096938.1	133	133	133	118	GAT	0.0	0	below_threshold	high	0.062	False	user_msa
Drosophila_ananassae_Drosophila_ananassae__LOC6500548__XP_001953433.1	134	134	134	119	GTA	0.0	0	below_threshold	high	0.062	False	user_msa
Drosophila_biarmipes_Drosophila_biarmipes__LOC108032098__XP_016961415.1	134	134	134	119	GTT	0.0	0	below_threshold	high	0.062	False	user_msa
Drosophila_mauritiana_Drosophila_mauritiana__LOC117142441__XP_033162295.1	134	134	134	119	GTG	0.0	0	below_threshold	high	0.062	False	user_msa
Drosophila_melanogaster_Drosophila_melanogaster__betaTub85D__NP_524290.2	134	134	134	119	GTG	0.0	0	below_threshold	high	0.062	False	user_msa
Drosophila_pseudoobscura_Drosophila_pseudoobscura__betaTub85D__XP_001357842.1	134	134	134	119	GTG	0.0	0	below_threshold	high	0.062	False	user_msa
Drosophila_sechellia_Drosophila_sechellia__betaTub85D__XP_002031904.1	134	134	134	119	GTG	0.0	0	below_threshold	high	0.062	False	user_msa
Drosophila_simulans_Drosophila_simulans__LOC6728793__XP_002104128.1	134	134	134	119	GTG	0.0	0	below_threshold	high	0.062	False	user_msa
Drosophila_subobscura_Drosophila_subobscura__LOC117897634__XP_034662499.1	134	134	134	119	GTG	0.0	0	below_threshold	high	0.062	False	user_msa
Drosophila_suzukii_Drosophila_suzukii__betaTub85D__XP_016937909.1	134	134	134	119	GTG	0.0	0	below_threshold	high	0.062	False	user_msa
Drosophila_virilis_Drosophila_virilis__betaTub85D__XP_002053003.1	134	134	134	119	GTG	0.0	0	below_threshold	high	0.062	False	user_msa
Drosophila_willistoni_Drosophila_willistoni__LOC6647585__XP_002070575.1	134	134	134	119	GTC	0.0	0	below_threshold	high	0.062	False	user_msa
Drosophila_yakuba_Drosophila_yakuba__LOC6536356__XP_002096938.1	134	134	134	119	GTG	0.0	0	below_threshold	high	0.062	False	user_msa
Drosophila_ananassae_Drosophila_ananassae__LOC6500548__XP_001953433.1	135	135	135	120	GTC	0.0	0	below_threshold	high	0.062	False	user_msa
Drosophila_biarmipes_Drosophila_biarmipes__LOC108032098__XP_016961415.1	135	135	135	120	GTG	0.0	0	below_threshold	high	0.062	False	user_msa
Drosophila_mauritiana_Drosophila_mauritiana__LOC117142441__XP_033162295.1	135	135	135	120	GTG	0.0	0	below_threshold	high	0.062	False	user_msa
Drosophila_melanogaster_Drosophila_melanogaster__betaTub85D__NP_524290.2	135	135	135	120	GTG	0.0	0	below_threshold	high	0.062	False	user_msa
Drosophila_pseudoobscura_Drosophila_pseudoobscura__betaTub85D__XP_001357842.1	135	135	135	120	GTG	0.0	0	below_threshold	high	0.062	False	user_msa
Drosophila_sechellia_Drosophila_sechellia__betaTub85D__XP_002031904.1	135	135	135	120	GTG	0.0	0	below_threshold	high	0.062	False	user_msa
Drosophila_simulans_Drosophila_simulans__LOC6728793__XP_002104128.1	135	135	135	120	GTG	0.0	0	below_threshold	high	0.062	False	user_msa
Drosophila_subobscura_Drosophila_subobscura__LOC117897634__XP_034662499.1	135	135	135	120	GTG	0.0	0	below_threshold	high	0.062	False	user_msa
Drosophila_suzukii_Drosophila_suzukii__betaTub85D__XP_016937909.1	135	135	135	120	GTG	0.0	0	below_threshold	high	0.062	False	user_msa
Drosophila_virilis_Drosophila_virilis__betaTub85D__XP_002053003.1	135	135	135	120	GTT	0.0	0	below_threshold	high	0.062	False	user_msa
Drosophila_willistoni_Drosophila_willistoni__LOC6647585__XP_002070575.1	135	135	135	120	GTG	0.0	0	below_threshold	high	0.062	False	user_msa
Drosophila_yakuba_Drosophila_yakuba__LOC6536356__XP_002096938.1	135	135	135	120	GTG	0.0	0	below_threshold	high	0.062	False	user_msa
Drosophila_ananassae_Drosophila_ananassae__LOC6500548__XP_001953433.1	136	136	136	121	CGC	0.0	0	below_threshold	high	0.062	False	user_msa
Drosophila_biarmipes_Drosophila_biarmipes__LOC108032098__XP_016961415.1	136	136	136	121	CGA	0.0	0	below_threshold	high	0.062	False	user_msa
Drosophila_mauritiana_Drosophila_mauritiana__LOC117142441__XP_033162295.1	136	136	136	121	CGG	0.0	0	below_threshold	high	0.062	False	user_msa
Drosophila_melanogaster_Drosophila_melanogaster__betaTub85D__NP_524290.2	136	136	136	121	CGA	0.0	0	below_threshold	high	0.062	False	user_msa
Drosophila_pseudoobscura_Drosophila_pseudoobscura__betaTub85D__XP_001357842.1	136	136	136	121	CGA	0.0	0	below_threshold	high	0.062	False	user_msa
Drosophila_sechellia_Drosophila_sechellia__betaTub85D__XP_002031904.1	136	136	136	121	CGG	0.0	0	below_threshold	high	0.062	False	user_msa
Drosophila_simulans_Drosophila_simulans__LOC6728793__XP_002104128.1	136	136	136	121	CGG	0.0	0	below_threshold	high	0.062	False	user_msa
Drosophila_subobscura_Drosophila_subobscura__LOC117897634__XP_034662499.1	136	136	136	121	CGC	0.0	0	below_threshold	high	0.062	False	user_msa
Drosophila_suzukii_Drosophila_suzukii__betaTub85D__XP_016937909.1	136	136	136	121	CGA	0.0	0	below_threshold	high	0.062	False	user_msa
Drosophila_virilis_Drosophila_virilis__betaTub85D__XP_002053003.1	136	136	136	121	CGC	0.0	0	below_threshold	high	0.062	False	user_msa
Drosophila_willistoni_Drosophila_willistoni__LOC6647585__XP_002070575.1	136	136	136	121	CGA	0.0	0	below_threshold	high	0.062	False	user_msa
Drosophila_yakuba_Drosophila_yakuba__LOC6536356__XP_002096938.1	136	136	136	121	CGA	0.0	0	below_threshold	high	0.062	False	user_msa
Drosophila_ananassae_Drosophila_ananassae__LOC6500548__XP_001953433.1	137	137	137	122	AAG	0.0	0	below_threshold	high	0.062	False	user_msa
Drosophila_biarmipes_Drosophila_biarmipes__LOC108032098__XP_016961415.1	137	137	137	122	AAG	0.0	0	below_threshold	high	0.062	False	user_msa
Drosophila_mauritiana_Drosophila_mauritiana__LOC117142441__XP_033162295.1	137	137	137	122	AAG	0.0	0	below_threshold	high	0.062	False	user_msa
Drosophila_melanogaster_Drosophila_melanogaster__betaTub85D__NP_524290.2	137	137	137	122	AAG	0.0	0	below_threshold	high	0.062	False	user_msa
Drosophila_pseudoobscura_Drosophila_pseudoobscura__betaTub85D__XP_001357842.1	137	137	137	122	AAG	0.0	0	below_threshold	high	0.062	False	user_msa
Drosophila_sechellia_Drosophila_sechellia__betaTub85D__XP_002031904.1	137	137	137	122	AAG	0.0	0	below_threshold	high	0.062	False	user_msa
Drosophila_simulans_Drosophila_simulans__LOC6728793__XP_002104128.1	137	137	137	122	AAG	0.0	0	below_threshold	high	0.062	False	user_msa
Drosophila_subobscura_Drosophila_subobscura__LOC117897634__XP_034662499.1	137	137	137	122	AAG	0.0	0	below_threshold	high	0.062	False	user_msa
Drosophila_suzukii_Drosophila_suzukii__betaTub85D__XP_016937909.1	137	137	137	122	AAG	0.0	0	below_threshold	high	0.062	False	user_msa
Drosophila_virilis_Drosophila_virilis__betaTub85D__XP_002053003.1	137	137	137	122	AAG	0.0	0	below_threshold	high	0.062	False	user_msa
Drosophila_willistoni_Drosophila_willistoni__LOC6647585__XP_002070575.1	137	137	137	122	AAG	0.0	0	below_threshold	high	0.062	False	user_msa
Drosophila_yakuba_Drosophila_yakuba__LOC6536356__XP_002096938.1	137	137	137	122	AAG	0.0	0	below_threshold	high	0.062	False	user_msa
Drosophila_ananassae_Drosophila_ananassae__LOC6500548__XP_001953433.1	138	138	138	123	GAG	0.0	0	below_threshold	high	0.062	False	user_msa
Drosophila_biarmipes_Drosophila_biarmipes__LOC108032098__XP_016961415.1	138	138	138	123	GAG	0.0	0	below_threshold	high	0.062	False	user_msa
Drosophila_mauritiana_Drosophila_mauritiana__LOC117142441__XP_033162295.1	138	138	138	123	GAG	0.0	0	below_threshold	high	0.062	False	user_msa
Drosophila_melanogaster_Drosophila_melanogaster__betaTub85D__NP_524290.2	138	138	138	123	GAG	0.0	0	below_threshold	high	0.062	False	user_msa
Drosophila_pseudoobscura_Drosophila_pseudoobscura__betaTub85D__XP_001357842.1	138	138	138	123	GAG	0.0	0	below_threshold	high	0.062	False	user_msa
Drosophila_sechellia_Drosophila_sechellia__betaTub85D__XP_002031904.1	138	138	138	123	GAG	0.0	0	below_threshold	high	0.062	False	user_msa
Drosophila_simulans_Drosophila_simulans__LOC6728793__XP_002104128.1	138	138	138	123	GAG	0.0	0	below_threshold	high	0.062	False	user_msa
Drosophila_subobscura_Drosophila_subobscura__LOC117897634__XP_034662499.1	138	138	138	123	GAG	0.0	0	below_threshold	high	0.062	False	user_msa
Drosophila_suzukii_Drosophila_suzukii__betaTub85D__XP_016937909.1	138	138	138	123	GAG	0.0	0	below_threshold	high	0.062	False	user_msa
Drosophila_virilis_Drosophila_virilis__betaTub85D__XP_002053003.1	138	138	138	123	GAA	0.0	0	below_threshold	high	0.062	False	user_msa
Drosophila_willistoni_Drosophila_willistoni__LOC6647585__XP_002070575.1	138	138	138	123	GAA	0.0	0	below_threshold	high	0.062	False	user_msa
Drosophila_yakuba_Drosophila_yakuba__LOC6536356__XP_002096938.1	138	138	138	123	GAG	0.0	0	below_threshold	high	0.062	False	user_msa
Drosophila_ananassae_Drosophila_ananassae__LOC6500548__XP_001953433.1	139	139	139	124	TCG	0.0	0	below_threshold	high	0.062	False	user_msa
Drosophila_biarmipes_Drosophila_biarmipes__LOC108032098__XP_016961415.1	139	139	139	124	TCG	0.0	0	below_threshold	high	0.062	False	user_msa
Drosophila_mauritiana_Drosophila_mauritiana__LOC117142441__XP_033162295.1	139	139	139	124	TCT	0.0	0	below_threshold	high	0.062	False	user_msa
Drosophila_melanogaster_Drosophila_melanogaster__betaTub85D__NP_524290.2	139	139	139	124	TCC	0.0	0	below_threshold	high	0.062	False	user_msa
Drosophila_pseudoobscura_Drosophila_pseudoobscura__betaTub85D__XP_001357842.1	139	139	139	124	TCG	0.0	0	below_threshold	high	0.062	False	user_msa
Drosophila_sechellia_Drosophila_sechellia__betaTub85D__XP_002031904.1	139	139	139	124	TCT	0.0	0	below_threshold	high	0.062	False	user_msa
Drosophila_simulans_Drosophila_simulans__LOC6728793__XP_002104128.1	139	139	139	124	TCG	0.0	0	below_threshold	high	0.062	False	user_msa
Drosophila_subobscura_Drosophila_subobscura__LOC117897634__XP_034662499.1	139	139	139	124	TCT	0.0	0	below_threshold	high	0.062	False	user_msa
Drosophila_suzukii_Drosophila_suzukii__betaTub85D__XP_016937909.1	139	139	139	124	TCG	0.0	0	below_threshold	high	0.062	False	user_msa
Drosophila_virilis_Drosophila_virilis__betaTub85D__XP_002053003.1	139	139	139	124	TCT	0.0	0	below_threshold	high	0.062	False	user_msa
Drosophila_willistoni_Drosophila_willistoni__LOC6647585__XP_002070575.1	139	139	139	124	TCT	0.0	0	below_threshold	high	0.062	False	user_msa
Drosophila_yakuba_Drosophila_yakuba__LOC6536356__XP_002096938.1	139	139	139	124	TCT	0.0	0	below_threshold	high	0.062	False	user_msa
Drosophila_ananassae_Drosophila_ananassae__LOC6500548__XP_001953433.1	140	140	140	125	GAA	0.0	0	below_threshold	high	0.062	False	user_msa
Drosophila_biarmipes_Drosophila_biarmipes__LOC108032098__XP_016961415.1	140	140	140	125	GAG	0.0	0	below_threshold	high	0.062	False	user_msa
Drosophila_mauritiana_Drosophila_mauritiana__LOC117142441__XP_033162295.1	140	140	140	125	GAG	0.0	0	below_threshold	high	0.062	False	user_msa
Drosophila_melanogaster_Drosophila_melanogaster__betaTub85D__NP_524290.2	140	140	140	125	GAG	0.0	0	below_threshold	high	0.062	False	user_msa
Drosophila_pseudoobscura_Drosophila_pseudoobscura__betaTub85D__XP_001357842.1	140	140	140	125	GAG	0.0	0	below_threshold	high	0.062	False	user_msa
Drosophila_sechellia_Drosophila_sechellia__betaTub85D__XP_002031904.1	140	140	140	125	GAG	0.0	0	below_threshold	high	0.062	False	user_msa
Drosophila_simulans_Drosophila_simulans__LOC6728793__XP_002104128.1	140	140	140	125	GAG	0.0	0	below_threshold	high	0.062	False	user_msa
Drosophila_subobscura_Drosophila_subobscura__LOC117897634__XP_034662499.1	140	140	140	125	GAG	0.0	0	below_threshold	high	0.062	False	user_msa
Drosophila_suzukii_Drosophila_suzukii__betaTub85D__XP_016937909.1	140	140	140	125	GAG	0.0	0	below_threshold	high	0.062	False	user_msa
Drosophila_virilis_Drosophila_virilis__betaTub85D__XP_002053003.1	140	140	140	125	GAA	0.0	0	below_threshold	high	0.062	False	user_msa
Drosophila_willistoni_Drosophila_willistoni__LOC6647585__XP_002070575.1	140	140	140	125	GAG	0.0	0	below_threshold	high	0.062	False	user_msa
Drosophila_yakuba_Drosophila_yakuba__LOC6536356__XP_002096938.1	140	140	140	125	GAG	0.0	0	below_threshold	high	0.062	False	user_msa
Drosophila_ananassae_Drosophila_ananassae__LOC6500548__XP_001953433.1	141	141	141	126	GGC	0.0	0	below_threshold	high	0.062	False	user_msa
Drosophila_biarmipes_Drosophila_biarmipes__LOC108032098__XP_016961415.1	141	141	141	126	GGA	0.0	0	below_threshold	high	0.062	False	user_msa
Drosophila_mauritiana_Drosophila_mauritiana__LOC117142441__XP_033162295.1	141	141	141	126	GGC	0.0	0	below_threshold	high	0.062	False	user_msa
Drosophila_melanogaster_Drosophila_melanogaster__betaTub85D__NP_524290.2	141	141	141	126	GGA	0.0	0	below_threshold	high	0.062	False	user_msa
Drosophila_pseudoobscura_Drosophila_pseudoobscura__betaTub85D__XP_001357842.1	141	141	141	126	GGC	0.0	0	below_threshold	high	0.062	False	user_msa
Drosophila_sechellia_Drosophila_sechellia__betaTub85D__XP_002031904.1	141	141	141	126	GGC	0.0	0	below_threshold	high	0.062	False	user_msa
Drosophila_simulans_Drosophila_simulans__LOC6728793__XP_002104128.1	141	141	141	126	GGC	0.0	0	below_threshold	high	0.062	False	user_msa
Drosophila_subobscura_Drosophila_subobscura__LOC117897634__XP_034662499.1	141	141	141	126	GGC	0.0	0	below_threshold	high	0.062	False	user_msa
Drosophila_suzukii_Drosophila_suzukii__betaTub85D__XP_016937909.1	141	141	141	126	GGA	0.0	0	below_threshold	high	0.062	False	user_msa
Drosophila_virilis_Drosophila_virilis__betaTub85D__XP_002053003.1	141	141	141	126	GGC	0.0	0	below_threshold	high	0.062	False	user_msa
Drosophila_willistoni_Drosophila_willistoni__LOC6647585__XP_002070575.1	141	141	141	126	GGC	0.0	0	below_threshold	high	0.062	False	user_msa
Drosophila_yakuba_Drosophila_yakuba__LOC6536356__XP_002096938.1	141	141	141	126	GGC	0.0	0	below_threshold	high	0.062	False	user_msa
Drosophila_ananassae_Drosophila_ananassae__LOC6500548__XP_001953433.1	142	142	142	127	TGC	0.0	0	below_threshold	high	0.062	False	user_msa
Drosophila_biarmipes_Drosophila_biarmipes__LOC108032098__XP_016961415.1	142	142	142	127	TGC	0.0	0	below_threshold	high	0.062	False	user_msa
Drosophila_mauritiana_Drosophila_mauritiana__LOC117142441__XP_033162295.1	142	142	142	127	TGC	0.0	0	below_threshold	high	0.062	False	user_msa
Drosophila_melanogaster_Drosophila_melanogaster__betaTub85D__NP_524290.2	142	142	142	127	TGC	0.0	0	below_threshold	high	0.062	False	user_msa
Drosophila_pseudoobscura_Drosophila_pseudoobscura__betaTub85D__XP_001357842.1	142	142	142	127	TGT	0.0	0	below_threshold	high	0.062	False	user_msa
Drosophila_sechellia_Drosophila_sechellia__betaTub85D__XP_002031904.1	142	142	142	127	TGC	0.0	0	below_threshold	high	0.062	False	user_msa
Drosophila_simulans_Drosophila_simulans__LOC6728793__XP_002104128.1	142	142	142	127	TGC	0.0	0	below_threshold	high	0.062	False	user_msa
Drosophila_subobscura_Drosophila_subobscura__LOC117897634__XP_034662499.1	142	142	142	127	TGT	0.0	0	below_threshold	high	0.062	False	user_msa
Drosophila_suzukii_Drosophila_suzukii__betaTub85D__XP_016937909.1	142	142	142	127	TGC	0.0	0	below_threshold	high	0.062	False	user_msa
Drosophila_virilis_Drosophila_virilis__betaTub85D__XP_002053003.1	142	142	142	127	TGT	0.0	0	below_threshold	high	0.062	False	user_msa
Drosophila_willistoni_Drosophila_willistoni__LOC6647585__XP_002070575.1	142	142	142	127	TGC	0.0	0	below_threshold	high	0.062	False	user_msa
Drosophila_yakuba_Drosophila_yakuba__LOC6536356__XP_002096938.1	142	142	142	127	TGC	0.0	0	below_threshold	high	0.062	False	user_msa
Drosophila_ananassae_Drosophila_ananassae__LOC6500548__XP_001953433.1	143	143	143	128	GAT	0.0	0	below_threshold	high	0.062	False	user_msa
Drosophila_biarmipes_Drosophila_biarmipes__LOC108032098__XP_016961415.1	143	143	143	128	GAT	0.0	0	below_threshold	high	0.062	False	user_msa
Drosophila_mauritiana_Drosophila_mauritiana__LOC117142441__XP_033162295.1	143	143	143	128	GAT	0.0	0	below_threshold	high	0.062	False	user_msa
Drosophila_melanogaster_Drosophila_melanogaster__betaTub85D__NP_524290.2	143	143	143	128	GAT	0.0	0	below_threshold	high	0.062	False	user_msa
Drosophila_pseudoobscura_Drosophila_pseudoobscura__betaTub85D__XP_001357842.1	143	143	143	128	GAT	0.0	0	below_threshold	high	0.062	False	user_msa
Drosophila_sechellia_Drosophila_sechellia__betaTub85D__XP_002031904.1	143	143	143	128	GAT	0.0	0	below_threshold	high	0.062	False	user_msa
Drosophila_simulans_Drosophila_simulans__LOC6728793__XP_002104128.1	143	143	143	128	GAT	0.0	0	below_threshold	high	0.062	False	user_msa
Drosophila_subobscura_Drosophila_subobscura__LOC117897634__XP_034662499.1	143	143	143	128	GAC	0.0	0	below_threshold	high	0.062	False	user_msa
Drosophila_suzukii_Drosophila_suzukii__betaTub85D__XP_016937909.1	143	143	143	128	GAT	0.0	0	below_threshold	high	0.062	False	user_msa
Drosophila_virilis_Drosophila_virilis__betaTub85D__XP_002053003.1	143	143	143	128	GAT	0.0	0	below_threshold	high	0.062	False	user_msa
Drosophila_willistoni_Drosophila_willistoni__LOC6647585__XP_002070575.1	143	143	143	128	GAT	0.0	0	below_threshold	high	0.062	False	user_msa
Drosophila_yakuba_Drosophila_yakuba__LOC6536356__XP_002096938.1	143	143	143	128	GAT	0.0	0	below_threshold	high	0.062	False	user_msa
Drosophila_ananassae_Drosophila_ananassae__LOC6500548__XP_001953433.1	144	144	144	129	TGC	0.0	0	below_threshold	high	0.062	False	user_msa
Drosophila_biarmipes_Drosophila_biarmipes__LOC108032098__XP_016961415.1	144	144	144	129	TGC	0.0	0	below_threshold	high	0.062	False	user_msa
Drosophila_mauritiana_Drosophila_mauritiana__LOC117142441__XP_033162295.1	144	144	144	129	TGC	0.0	0	below_threshold	high	0.062	False	user_msa
Drosophila_melanogaster_Drosophila_melanogaster__betaTub85D__NP_524290.2	144	144	144	129	TGC	0.0	0	below_threshold	high	0.062	False	user_msa
Drosophila_pseudoobscura_Drosophila_pseudoobscura__betaTub85D__XP_001357842.1	144	144	144	129	TGT	0.0	0	below_threshold	high	0.062	False	user_msa
Drosophila_sechellia_Drosophila_sechellia__betaTub85D__XP_002031904.1	144	144	144	129	TGC	0.0	0	below_threshold	high	0.062	False	user_msa
Drosophila_simulans_Drosophila_simulans__LOC6728793__XP_002104128.1	144	144	144	129	TGC	0.0	0	below_threshold	high	0.062	False	user_msa
Drosophila_subobscura_Drosophila_subobscura__LOC117897634__XP_034662499.1	144	144	144	129	TGT	0.0	0	below_threshold	high	0.062	False	user_msa
Drosophila_suzukii_Drosophila_suzukii__betaTub85D__XP_016937909.1	144	144	144	129	TGC	0.0	0	below_threshold	high	0.062	False	user_msa
Drosophila_virilis_Drosophila_virilis__betaTub85D__XP_002053003.1	144	144	144	129	TGT	0.0	0	below_threshold	high	0.062	False	user_msa
Drosophila_willistoni_Drosophila_willistoni__LOC6647585__XP_002070575.1	144	144	144	129	TGC	0.0	0	below_threshold	high	0.062	False	user_msa
Drosophila_yakuba_Drosophila_yakuba__LOC6536356__XP_002096938.1	144	144	144	129	TGC	0.0	0	below_threshold	high	0.062	False	user_msa
Drosophila_ananassae_Drosophila_ananassae__LOC6500548__XP_001953433.1	145	145	145	130	CTC	0.0	0	below_threshold	high	0.062	False	user_msa
Drosophila_biarmipes_Drosophila_biarmipes__LOC108032098__XP_016961415.1	145	145	145	130	CTG	0.0	0	below_threshold	high	0.062	False	user_msa
Drosophila_mauritiana_Drosophila_mauritiana__LOC117142441__XP_033162295.1	145	145	145	130	CTA	0.0	0	below_threshold	high	0.062	False	user_msa
Drosophila_melanogaster_Drosophila_melanogaster__betaTub85D__NP_524290.2	145	145	145	130	CTT	0.0	0	below_threshold	high	0.062	False	user_msa
Drosophila_pseudoobscura_Drosophila_pseudoobscura__betaTub85D__XP_001357842.1	145	145	145	130	CTG	0.0	0	below_threshold	high	0.062	False	user_msa
Drosophila_sechellia_Drosophila_sechellia__betaTub85D__XP_002031904.1	145	145	145	130	CTA	0.0	0	below_threshold	high	0.062	False	user_msa
Drosophila_simulans_Drosophila_simulans__LOC6728793__XP_002104128.1	145	145	145	130	CTA	0.0	0	below_threshold	high	0.062	False	user_msa
Drosophila_subobscura_Drosophila_subobscura__LOC117897634__XP_034662499.1	145	145	145	130	CTG	0.0	0	below_threshold	high	0.062	False	user_msa
Drosophila_suzukii_Drosophila_suzukii__betaTub85D__XP_016937909.1	145	145	145	130	CTG	0.0	0	below_threshold	high	0.062	False	user_msa
Drosophila_virilis_Drosophila_virilis__betaTub85D__XP_002053003.1	145	145	145	130	CTA	0.0	0	below_threshold	high	0.062	False	user_msa
Drosophila_willistoni_Drosophila_willistoni__LOC6647585__XP_002070575.1	145	145	145	130	CTG	0.0	0	below_threshold	high	0.062	False	user_msa
Drosophila_yakuba_Drosophila_yakuba__LOC6536356__XP_002096938.1	145	145	145	130	CTT	0.0	0	below_threshold	high	0.062	False	user_msa
Drosophila_ananassae_Drosophila_ananassae__LOC6500548__XP_001953433.1	146	146	146	131	CAG	0.0	0	below_threshold	high	0.062	False	user_msa
Drosophila_biarmipes_Drosophila_biarmipes__LOC108032098__XP_016961415.1	146	146	146	131	CAG	0.0	0	below_threshold	high	0.062	False	user_msa
Drosophila_mauritiana_Drosophila_mauritiana__LOC117142441__XP_033162295.1	146	146	146	131	CAG	0.0	0	below_threshold	high	0.062	False	user_msa
Drosophila_melanogaster_Drosophila_melanogaster__betaTub85D__NP_524290.2	146	146	146	131	CAG	0.0	0	below_threshold	high	0.062	False	user_msa
Drosophila_pseudoobscura_Drosophila_pseudoobscura__betaTub85D__XP_001357842.1	146	146	146	131	CAG	0.0	0	below_threshold	high	0.062	False	user_msa
Drosophila_sechellia_Drosophila_sechellia__betaTub85D__XP_002031904.1	146	146	146	131	CAG	0.0	0	below_threshold	high	0.062	False	user_msa
Drosophila_simulans_Drosophila_simulans__LOC6728793__XP_002104128.1	146	146	146	131	CAG	0.0	0	below_threshold	high	0.062	False	user_msa
Drosophila_subobscura_Drosophila_subobscura__LOC117897634__XP_034662499.1	146	146	146	131	CAG	0.0	0	below_threshold	high	0.062	False	user_msa
Drosophila_suzukii_Drosophila_suzukii__betaTub85D__XP_016937909.1	146	146	146	131	CAG	0.0	0	below_threshold	high	0.062	False	user_msa
Drosophila_virilis_Drosophila_virilis__betaTub85D__XP_002053003.1	146	146	146	131	CAG	0.0	0	below_threshold	high	0.062	False	user_msa
Drosophila_willistoni_Drosophila_willistoni__LOC6647585__XP_002070575.1	146	146	146	131	CAG	0.0	0	below_threshold	high	0.062	False	user_msa
Drosophila_yakuba_Drosophila_yakuba__LOC6536356__XP_002096938.1	146	146	146	131	CAG	0.0	0	below_threshold	high	0.062	False	user_msa
Drosophila_ananassae_Drosophila_ananassae__LOC6500548__XP_001953433.1	147	147	147	132	GGA	0.0	0	below_threshold	high	0.062	False	user_msa
Drosophila_biarmipes_Drosophila_biarmipes__LOC108032098__XP_016961415.1	147	147	147	132	GGC	0.0	0	below_threshold	high	0.062	False	user_msa
Drosophila_mauritiana_Drosophila_mauritiana__LOC117142441__XP_033162295.1	147	147	147	132	GGC	0.0	0	below_threshold	high	0.062	False	user_msa
Drosophila_melanogaster_Drosophila_melanogaster__betaTub85D__NP_524290.2	147	147	147	132	GGC	0.0	0	below_threshold	high	0.062	False	user_msa
Drosophila_pseudoobscura_Drosophila_pseudoobscura__betaTub85D__XP_001357842.1	147	147	147	132	GGC	0.0	0	below_threshold	high	0.062	False	user_msa
Drosophila_sechellia_Drosophila_sechellia__betaTub85D__XP_002031904.1	147	147	147	132	GGC	0.0	0	below_threshold	high	0.062	False	user_msa
Drosophila_simulans_Drosophila_simulans__LOC6728793__XP_002104128.1	147	147	147	132	GGC	0.0	0	below_threshold	high	0.062	False	user_msa
Drosophila_subobscura_Drosophila_subobscura__LOC117897634__XP_034662499.1	147	147	147	132	GGT	0.0	0	below_threshold	high	0.062	False	user_msa
Drosophila_suzukii_Drosophila_suzukii__betaTub85D__XP_016937909.1	147	147	147	132	GGT	0.0	0	below_threshold	high	0.062	False	user_msa
Drosophila_virilis_Drosophila_virilis__betaTub85D__XP_002053003.1	147	147	147	132	GGA	0.0	0	below_threshold	high	0.062	False	user_msa
Drosophila_willistoni_Drosophila_willistoni__LOC6647585__XP_002070575.1	147	147	147	132	GGT	0.0	0	below_threshold	high	0.062	False	user_msa
Drosophila_yakuba_Drosophila_yakuba__LOC6536356__XP_002096938.1	147	147	147	132	GGA	0.0	0	below_threshold	high	0.062	False	user_msa
Drosophila_ananassae_Drosophila_ananassae__LOC6500548__XP_001953433.1	148	148	148	133	TTC	0.0	0	below_threshold	high	0.062	False	user_msa
Drosophila_biarmipes_Drosophila_biarmipes__LOC108032098__XP_016961415.1	148	148	148	133	TTC	0.0	0	below_threshold	high	0.062	False	user_msa
Drosophila_mauritiana_Drosophila_mauritiana__LOC117142441__XP_033162295.1	148	148	148	133	TTC	0.0	0	below_threshold	high	0.062	False	user_msa
Drosophila_melanogaster_Drosophila_melanogaster__betaTub85D__NP_524290.2	148	148	148	133	TTC	0.0	0	below_threshold	high	0.062	False	user_msa
Drosophila_pseudoobscura_Drosophila_pseudoobscura__betaTub85D__XP_001357842.1	148	148	148	133	TTC	0.0	0	below_threshold	high	0.062	False	user_msa
Drosophila_sechellia_Drosophila_sechellia__betaTub85D__XP_002031904.1	148	148	148	133	TTC	0.0	0	below_threshold	high	0.062	False	user_msa
Drosophila_simulans_Drosophila_simulans__LOC6728793__XP_002104128.1	148	148	148	133	TTC	0.0	0	below_threshold	high	0.062	False	user_msa
Drosophila_subobscura_Drosophila_subobscura__LOC117897634__XP_034662499.1	148	148	148	133	TTC	0.0	0	below_threshold	high	0.062	False	user_msa
Drosophila_suzukii_Drosophila_suzukii__betaTub85D__XP_016937909.1	148	148	148	133	TTC	0.0	0	below_threshold	high	0.062	False	user_msa
Drosophila_virilis_Drosophila_virilis__betaTub85D__XP_002053003.1	148	148	148	133	TTT	0.0	0	below_threshold	high	0.062	False	user_msa
Drosophila_willistoni_Drosophila_willistoni__LOC6647585__XP_002070575.1	148	148	148	133	TTC	0.0	0	below_threshold	high	0.062	False	user_msa
Drosophila_yakuba_Drosophila_yakuba__LOC6536356__XP_002096938.1	148	148	148	133	TTC	0.0	0	below_threshold	high	0.062	False	user_msa
Drosophila_ananassae_Drosophila_ananassae__LOC6500548__XP_001953433.1	149	149	149	134	CAG	0.0	0	below_threshold	high	0.062	False	user_msa
Drosophila_biarmipes_Drosophila_biarmipes__LOC108032098__XP_016961415.1	149	149	149	134	CAG	0.0	0	below_threshold	high	0.062	False	user_msa
Drosophila_mauritiana_Drosophila_mauritiana__LOC117142441__XP_033162295.1	149	149	149	134	CAA	0.0	0	below_threshold	high	0.062	False	user_msa
Drosophila_melanogaster_Drosophila_melanogaster__betaTub85D__NP_524290.2	149	149	149	134	CAG	0.0	0	below_threshold	high	0.062	False	user_msa
Drosophila_pseudoobscura_Drosophila_pseudoobscura__betaTub85D__XP_001357842.1	149	149	149	134	CAG	0.0	0	below_threshold	high	0.062	False	user_msa
Drosophila_sechellia_Drosophila_sechellia__betaTub85D__XP_002031904.1	149	149	149	134	CAA	0.0	0	below_threshold	high	0.062	False	user_msa
Drosophila_simulans_Drosophila_simulans__LOC6728793__XP_002104128.1	149	149	149	134	CAG	0.0	0	below_threshold	high	0.062	False	user_msa
Drosophila_subobscura_Drosophila_subobscura__LOC117897634__XP_034662499.1	149	149	149	134	CAG	0.0	0	below_threshold	high	0.062	False	user_msa
Drosophila_suzukii_Drosophila_suzukii__betaTub85D__XP_016937909.1	149	149	149	134	CAG	0.0	0	below_threshold	high	0.062	False	user_msa
Drosophila_virilis_Drosophila_virilis__betaTub85D__XP_002053003.1	149	149	149	134	CAG	0.0	0	below_threshold	high	0.062	False	user_msa
Drosophila_willistoni_Drosophila_willistoni__LOC6647585__XP_002070575.1	149	149	149	134	CAG	0.0	0	below_threshold	high	0.062	False	user_msa
Drosophila_yakuba_Drosophila_yakuba__LOC6536356__XP_002096938.1	149	149	149	134	CAG	0.0	0	below_threshold	high	0.062	False	user_msa
Drosophila_ananassae_Drosophila_ananassae__LOC6500548__XP_001953433.1	150	150	150	135	CTA	0.0	0	below_threshold	high	0.062	False	user_msa
Drosophila_biarmipes_Drosophila_biarmipes__LOC108032098__XP_016961415.1	150	150	150	135	CTG	0.0	0	below_threshold	high	0.062	False	user_msa
Drosophila_mauritiana_Drosophila_mauritiana__LOC117142441__XP_033162295.1	150	150	150	135	CTG	0.0	0	below_threshold	high	0.062	False	user_msa
Drosophila_melanogaster_Drosophila_melanogaster__betaTub85D__NP_524290.2	150	150	150	135	CTG	0.0	0	below_threshold	high	0.062	False	user_msa
Drosophila_pseudoobscura_Drosophila_pseudoobscura__betaTub85D__XP_001357842.1	150	150	150	135	CTG	0.0	0	below_threshold	high	0.062	False	user_msa
Drosophila_sechellia_Drosophila_sechellia__betaTub85D__XP_002031904.1	150	150	150	135	CTG	0.0	0	below_threshold	high	0.062	False	user_msa
Drosophila_simulans_Drosophila_simulans__LOC6728793__XP_002104128.1	150	150	150	135	CTG	0.0	0	below_threshold	high	0.062	False	user_msa
Drosophila_subobscura_Drosophila_subobscura__LOC117897634__XP_034662499.1	150	150	150	135	CTG	0.0	0	below_threshold	high	0.062	False	user_msa
Drosophila_suzukii_Drosophila_suzukii__betaTub85D__XP_016937909.1	150	150	150	135	CTG	0.0	0	below_threshold	high	0.062	False	user_msa
Drosophila_virilis_Drosophila_virilis__betaTub85D__XP_002053003.1	150	150	150	135	CTT	0.0	0	below_threshold	high	0.062	False	user_msa
Drosophila_willistoni_Drosophila_willistoni__LOC6647585__XP_002070575.1	150	150	150	135	CTG	0.0	0	below_threshold	high	0.062	False	user_msa
Drosophila_yakuba_Drosophila_yakuba__LOC6536356__XP_002096938.1	150	150	150	135	CTG	0.0	0	below_threshold	high	0.062	False	user_msa
Drosophila_ananassae_Drosophila_ananassae__LOC6500548__XP_001953433.1	151	151	151	136	ACT	0.0	0	below_threshold	high	0.062	False	user_msa
Drosophila_biarmipes_Drosophila_biarmipes__LOC108032098__XP_016961415.1	151	151	151	136	ACC	0.0	0	below_threshold	high	0.062	False	user_msa
Drosophila_mauritiana_Drosophila_mauritiana__LOC117142441__XP_033162295.1	151	151	151	136	ACC	0.0	0	below_threshold	high	0.062	False	user_msa
Drosophila_melanogaster_Drosophila_melanogaster__betaTub85D__NP_524290.2	151	151	151	136	ACC	0.0	0	below_threshold	high	0.062	False	user_msa
Drosophila_pseudoobscura_Drosophila_pseudoobscura__betaTub85D__XP_001357842.1	151	151	151	136	ACT	0.0	0	below_threshold	high	0.062	False	user_msa
Drosophila_sechellia_Drosophila_sechellia__betaTub85D__XP_002031904.1	151	151	151	136	ACC	0.0	0	below_threshold	high	0.062	False	user_msa
Drosophila_simulans_Drosophila_simulans__LOC6728793__XP_002104128.1	151	151	151	136	ACC	0.0	0	below_threshold	high	0.062	False	user_msa
Drosophila_subobscura_Drosophila_subobscura__LOC117897634__XP_034662499.1	151	151	151	136	ACT	0.0	0	below_threshold	high	0.062	False	user_msa
Drosophila_suzukii_Drosophila_suzukii__betaTub85D__XP_016937909.1	151	151	151	136	ACC	0.0	0	below_threshold	high	0.062	False	user_msa
Drosophila_virilis_Drosophila_virilis__betaTub85D__XP_002053003.1	151	151	151	136	ACA	0.0	0	below_threshold	high	0.062	False	user_msa
Drosophila_willistoni_Drosophila_willistoni__LOC6647585__XP_002070575.1	151	151	151	136	ACT	0.0	0	below_threshold	high	0.062	False	user_msa
Drosophila_yakuba_Drosophila_yakuba__LOC6536356__XP_002096938.1	151	151	151	136	ACC	0.0	0	below_threshold	high	0.062	False	user_msa
Drosophila_ananassae_Drosophila_ananassae__LOC6500548__XP_001953433.1	152	152	152	137	CAT	0.0	0	below_threshold	high	0.062	False	user_msa
Drosophila_biarmipes_Drosophila_biarmipes__LOC108032098__XP_016961415.1	152	152	152	137	CAC	0.0	0	below_threshold	high	0.062	False	user_msa
Drosophila_mauritiana_Drosophila_mauritiana__LOC117142441__XP_033162295.1	152	152	152	137	CAC	0.0	0	below_threshold	high	0.062	False	user_msa
Drosophila_melanogaster_Drosophila_melanogaster__betaTub85D__NP_524290.2	152	152	152	137	CAC	0.0	0	below_threshold	high	0.062	False	user_msa
Drosophila_pseudoobscura_Drosophila_pseudoobscura__betaTub85D__XP_001357842.1	152	152	152	137	CAC	0.0	0	below_threshold	high	0.062	False	user_msa
Drosophila_sechellia_Drosophila_sechellia__betaTub85D__XP_002031904.1	152	152	152	137	CAC	0.0	0	below_threshold	high	0.062	False	user_msa
Drosophila_simulans_Drosophila_simulans__LOC6728793__XP_002104128.1	152	152	152	137	CAC	0.0	0	below_threshold	high	0.062	False	user_msa
Drosophila_subobscura_Drosophila_subobscura__LOC117897634__XP_034662499.1	152	152	152	137	CAC	0.0	0	below_threshold	high	0.062	False	user_msa
Drosophila_suzukii_Drosophila_suzukii__betaTub85D__XP_016937909.1	152	152	152	137	CAC	0.0	0	below_threshold	high	0.062	False	user_msa
Drosophila_virilis_Drosophila_virilis__betaTub85D__XP_002053003.1	152	152	152	137	CAC	0.0	0	below_threshold	high	0.062	False	user_msa
Drosophila_willistoni_Drosophila_willistoni__LOC6647585__XP_002070575.1	152	152	152	137	CAC	0.0	0	below_threshold	high	0.062	False	user_msa
Drosophila_yakuba_Drosophila_yakuba__LOC6536356__XP_002096938.1	152	152	152	137	CAC	0.0	0	below_threshold	high	0.062	False	user_msa
Drosophila_ananassae_Drosophila_ananassae__LOC6500548__XP_001953433.1	153	153	153	138	TCC	0.0	0	below_threshold	high	0.062	False	user_msa
Drosophila_biarmipes_Drosophila_biarmipes__LOC108032098__XP_016961415.1	153	153	153	138	TCG	0.0	0	below_threshold	high	0.062	False	user_msa
Drosophila_mauritiana_Drosophila_mauritiana__LOC117142441__XP_033162295.1	153	153	153	138	TCG	0.0	0	below_threshold	high	0.062	False	user_msa
Drosophila_melanogaster_Drosophila_melanogaster__betaTub85D__NP_524290.2	153	153	153	138	TCG	0.0	0	below_threshold	high	0.062	False	user_msa
Drosophila_pseudoobscura_Drosophila_pseudoobscura__betaTub85D__XP_001357842.1	153	153	153	138	TCG	0.0	0	below_threshold	high	0.062	False	user_msa
Drosophila_sechellia_Drosophila_sechellia__betaTub85D__XP_002031904.1	153	153	153	138	TCG	0.0	0	below_threshold	high	0.062	False	user_msa
Drosophila_simulans_Drosophila_simulans__LOC6728793__XP_002104128.1	153	153	153	138	TCG	0.0	0	below_threshold	high	0.062	False	user_msa
Drosophila_subobscura_Drosophila_subobscura__LOC117897634__XP_034662499.1	153	153	153	138	TCG	0.0	0	below_threshold	high	0.062	False	user_msa
Drosophila_suzukii_Drosophila_suzukii__betaTub85D__XP_016937909.1	153	153	153	138	TCG	0.0	0	below_threshold	high	0.062	False	user_msa
Drosophila_virilis_Drosophila_virilis__betaTub85D__XP_002053003.1	153	153	153	138	TCG	0.0	0	below_threshold	high	0.062	False	user_msa
Drosophila_willistoni_Drosophila_willistoni__LOC6647585__XP_002070575.1	153	153	153	138	TCG	0.0	0	below_threshold	high	0.062	False	user_msa
Drosophila_yakuba_Drosophila_yakuba__LOC6536356__XP_002096938.1	153	153	153	138	TCG	0.0	0	below_threshold	high	0.062	False	user_msa
Drosophila_ananassae_Drosophila_ananassae__LOC6500548__XP_001953433.1	154	154	154	139	CTG	0.0	0	below_threshold	high	0.062	False	user_msa
Drosophila_biarmipes_Drosophila_biarmipes__LOC108032098__XP_016961415.1	154	154	154	139	CTG	0.0	0	below_threshold	high	0.062	False	user_msa
Drosophila_mauritiana_Drosophila_mauritiana__LOC117142441__XP_033162295.1	154	154	154	139	CTG	0.0	0	below_threshold	high	0.062	False	user_msa
Drosophila_melanogaster_Drosophila_melanogaster__betaTub85D__NP_524290.2	154	154	154	139	CTG	0.0	0	below_threshold	high	0.062	False	user_msa
Drosophila_pseudoobscura_Drosophila_pseudoobscura__betaTub85D__XP_001357842.1	154	154	154	139	CTC	0.0	0	below_threshold	high	0.062	False	user_msa
Drosophila_sechellia_Drosophila_sechellia__betaTub85D__XP_002031904.1	154	154	154	139	CTG	0.0	0	below_threshold	high	0.062	False	user_msa
Drosophila_simulans_Drosophila_simulans__LOC6728793__XP_002104128.1	154	154	154	139	CTG	0.0	0	below_threshold	high	0.062	False	user_msa
Drosophila_subobscura_Drosophila_subobscura__LOC117897634__XP_034662499.1	154	154	154	139	CTG	0.0	0	below_threshold	high	0.062	False	user_msa
Drosophila_suzukii_Drosophila_suzukii__betaTub85D__XP_016937909.1	154	154	154	139	CTG	0.0	0	below_threshold	high	0.062	False	user_msa
Drosophila_virilis_Drosophila_virilis__betaTub85D__XP_002053003.1	154	154	154	139	TTG	0.0	0	below_threshold	high	0.062	False	user_msa
Drosophila_willistoni_Drosophila_willistoni__LOC6647585__XP_002070575.1	154	154	154	139	CTG	0.0	0	below_threshold	high	0.062	False	user_msa
Drosophila_yakuba_Drosophila_yakuba__LOC6536356__XP_002096938.1	154	154	154	139	CTG	0.0	0	below_threshold	high	0.062	False	user_msa
Drosophila_ananassae_Drosophila_ananassae__LOC6500548__XP_001953433.1	155	155	155	140	GGT	0.0	0	below_threshold	high	0.062	False	user_msa
Drosophila_biarmipes_Drosophila_biarmipes__LOC108032098__XP_016961415.1	155	155	155	140	GGA	0.0	0	below_threshold	high	0.062	False	user_msa
Drosophila_mauritiana_Drosophila_mauritiana__LOC117142441__XP_033162295.1	155	155	155	140	GGT	0.0	0	below_threshold	high	0.062	False	user_msa
Drosophila_melanogaster_Drosophila_melanogaster__betaTub85D__NP_524290.2	155	155	155	140	GGT	0.0	0	below_threshold	high	0.062	False	user_msa
Drosophila_pseudoobscura_Drosophila_pseudoobscura__betaTub85D__XP_001357842.1	155	155	155	140	GGC	0.0	0	below_threshold	high	0.062	False	user_msa
Drosophila_sechellia_Drosophila_sechellia__betaTub85D__XP_002031904.1	155	155	155	140	GGT	0.0	0	below_threshold	high	0.062	False	user_msa
Drosophila_simulans_Drosophila_simulans__LOC6728793__XP_002104128.1	155	155	155	140	GGT	0.0	0	below_threshold	high	0.062	False	user_msa
Drosophila_subobscura_Drosophila_subobscura__LOC117897634__XP_034662499.1	155	155	155	140	GGT	0.0	0	below_threshold	high	0.062	False	user_msa
Drosophila_suzukii_Drosophila_suzukii__betaTub85D__XP_016937909.1	155	155	155	140	GGT	0.0	0	below_threshold	high	0.062	False	user_msa
Drosophila_virilis_Drosophila_virilis__betaTub85D__XP_002053003.1	155	155	155	140	GGC	0.0	0	below_threshold	high	0.062	False	user_msa
Drosophila_willistoni_Drosophila_willistoni__LOC6647585__XP_002070575.1	155	155	155	140	GGA	0.0	0	below_threshold	high	0.062	False	user_msa
Drosophila_yakuba_Drosophila_yakuba__LOC6536356__XP_002096938.1	155	155	155	140	GGT	0.0	0	below_threshold	high	0.062	False	user_msa
Drosophila_ananassae_Drosophila_ananassae__LOC6500548__XP_001953433.1	156	156	156	141	GGC	0.0	0	below_threshold	high	0.062	False	user_msa
Drosophila_biarmipes_Drosophila_biarmipes__LOC108032098__XP_016961415.1	156	156	156	141	GGC	0.0	0	below_threshold	high	0.062	False	user_msa
Drosophila_mauritiana_Drosophila_mauritiana__LOC117142441__XP_033162295.1	156	156	156	141	GGC	0.0	0	below_threshold	high	0.062	False	user_msa
Drosophila_melanogaster_Drosophila_melanogaster__betaTub85D__NP_524290.2	156	156	156	141	GGC	0.0	0	below_threshold	high	0.062	False	user_msa
Drosophila_pseudoobscura_Drosophila_pseudoobscura__betaTub85D__XP_001357842.1	156	156	156	141	GGA	0.0	0	below_threshold	high	0.062	False	user_msa
Drosophila_sechellia_Drosophila_sechellia__betaTub85D__XP_002031904.1	156	156	156	141	GGC	0.0	0	below_threshold	high	0.062	False	user_msa
Drosophila_simulans_Drosophila_simulans__LOC6728793__XP_002104128.1	156	156	156	141	GGC	0.0	0	below_threshold	high	0.062	False	user_msa
Drosophila_subobscura_Drosophila_subobscura__LOC117897634__XP_034662499.1	156	156	156	141	GGA	0.0	0	below_threshold	high	0.062	False	user_msa
Drosophila_suzukii_Drosophila_suzukii__betaTub85D__XP_016937909.1	156	156	156	141	GGC	0.0	0	below_threshold	high	0.062	False	user_msa
Drosophila_virilis_Drosophila_virilis__betaTub85D__XP_002053003.1	156	156	156	141	GGT	0.0	0	below_threshold	high	0.062	False	user_msa
Drosophila_willistoni_Drosophila_willistoni__LOC6647585__XP_002070575.1	156	156	156	141	GGC	0.0	0	below_threshold	high	0.062	False	user_msa
Drosophila_yakuba_Drosophila_yakuba__LOC6536356__XP_002096938.1	156	156	156	141	GGC	0.0	0	below_threshold	high	0.062	False	user_msa
Drosophila_ananassae_Drosophila_ananassae__LOC6500548__XP_001953433.1	157	157	157	142	GGC	0.0	0	below_threshold	high	0.062	False	user_msa
Drosophila_biarmipes_Drosophila_biarmipes__LOC108032098__XP_016961415.1	157	157	157	142	GGT	0.0	0	below_threshold	high	0.062	False	user_msa
Drosophila_mauritiana_Drosophila_mauritiana__LOC117142441__XP_033162295.1	157	157	157	142	GGC	0.0	0	below_threshold	high	0.062	False	user_msa
Drosophila_melanogaster_Drosophila_melanogaster__betaTub85D__NP_524290.2	157	157	157	142	GGC	0.0	0	below_threshold	high	0.062	False	user_msa
Drosophila_pseudoobscura_Drosophila_pseudoobscura__betaTub85D__XP_001357842.1	157	157	157	142	GGC	0.0	0	below_threshold	high	0.062	False	user_msa
Drosophila_sechellia_Drosophila_sechellia__betaTub85D__XP_002031904.1	157	157	157	142	GGC	0.0	0	below_threshold	high	0.062	False	user_msa
Drosophila_simulans_Drosophila_simulans__LOC6728793__XP_002104128.1	157	157	157	142	GGC	0.0	0	below_threshold	high	0.062	False	user_msa
Drosophila_subobscura_Drosophila_subobscura__LOC117897634__XP_034662499.1	157	157	157	142	GGC	0.0	0	below_threshold	high	0.062	False	user_msa
Drosophila_suzukii_Drosophila_suzukii__betaTub85D__XP_016937909.1	157	157	157	142	GGT	0.0	0	below_threshold	high	0.062	False	user_msa
Drosophila_virilis_Drosophila_virilis__betaTub85D__XP_002053003.1	157	157	157	142	GGC	0.0	0	below_threshold	high	0.062	False	user_msa
Drosophila_willistoni_Drosophila_willistoni__LOC6647585__XP_002070575.1	157	157	157	142	GGT	0.0	0	below_threshold	high	0.062	False	user_msa
Drosophila_yakuba_Drosophila_yakuba__LOC6536356__XP_002096938.1	157	157	157	142	GGC	0.0	0	below_threshold	high	0.062	False	user_msa
Drosophila_ananassae_Drosophila_ananassae__LOC6500548__XP_001953433.1	158	158	158	143	ACT	0.0	0	below_threshold	high	0.062	False	user_msa
Drosophila_biarmipes_Drosophila_biarmipes__LOC108032098__XP_016961415.1	158	158	158	143	ACC	0.0	0	below_threshold	high	0.062	False	user_msa
Drosophila_mauritiana_Drosophila_mauritiana__LOC117142441__XP_033162295.1	158	158	158	143	ACT	0.0	0	below_threshold	high	0.062	False	user_msa
Drosophila_melanogaster_Drosophila_melanogaster__betaTub85D__NP_524290.2	158	158	158	143	ACT	0.0	0	below_threshold	high	0.062	False	user_msa
Drosophila_pseudoobscura_Drosophila_pseudoobscura__betaTub85D__XP_001357842.1	158	158	158	143	ACC	0.0	0	below_threshold	high	0.062	False	user_msa
Drosophila_sechellia_Drosophila_sechellia__betaTub85D__XP_002031904.1	158	158	158	143	ACT	0.0	0	below_threshold	high	0.062	False	user_msa
Drosophila_simulans_Drosophila_simulans__LOC6728793__XP_002104128.1	158	158	158	143	ACT	0.0	0	below_threshold	high	0.062	False	user_msa
Drosophila_subobscura_Drosophila_subobscura__LOC117897634__XP_034662499.1	158	158	158	143	ACC	0.0	0	below_threshold	high	0.062	False	user_msa
Drosophila_suzukii_Drosophila_suzukii__betaTub85D__XP_016937909.1	158	158	158	143	ACC	0.0	0	below_threshold	high	0.062	False	user_msa
Drosophila_virilis_Drosophila_virilis__betaTub85D__XP_002053003.1	158	158	158	143	ACC	0.0	0	below_threshold	high	0.062	False	user_msa
Drosophila_willistoni_Drosophila_willistoni__LOC6647585__XP_002070575.1	158	158	158	143	ACC	0.0	0	below_threshold	high	0.062	False	user_msa
Drosophila_yakuba_Drosophila_yakuba__LOC6536356__XP_002096938.1	158	158	158	143	ACT	0.0	0	below_threshold	high	0.062	False	user_msa
Drosophila_ananassae_Drosophila_ananassae__LOC6500548__XP_001953433.1	159	159	159	144	GGC	0.0	0	below_threshold	high	0.062	False	user_msa
Drosophila_biarmipes_Drosophila_biarmipes__LOC108032098__XP_016961415.1	159	159	159	144	GGC	0.0	0	below_threshold	high	0.062	False	user_msa
Drosophila_mauritiana_Drosophila_mauritiana__LOC117142441__XP_033162295.1	159	159	159	144	GGC	0.0	0	below_threshold	high	0.062	False	user_msa
Drosophila_melanogaster_Drosophila_melanogaster__betaTub85D__NP_524290.2	159	159	159	144	GGC	0.0	0	below_threshold	high	0.062	False	user_msa
Drosophila_pseudoobscura_Drosophila_pseudoobscura__betaTub85D__XP_001357842.1	159	159	159	144	GGC	0.0	0	below_threshold	high	0.062	False	user_msa
Drosophila_sechellia_Drosophila_sechellia__betaTub85D__XP_002031904.1	159	159	159	144	GGC	0.0	0	below_threshold	high	0.062	False	user_msa
Drosophila_simulans_Drosophila_simulans__LOC6728793__XP_002104128.1	159	159	159	144	GGC	0.0	0	below_threshold	high	0.062	False	user_msa
Drosophila_subobscura_Drosophila_subobscura__LOC117897634__XP_034662499.1	159	159	159	144	GGC	0.0	0	below_threshold	high	0.062	False	user_msa
Drosophila_suzukii_Drosophila_suzukii__betaTub85D__XP_016937909.1	159	159	159	144	GGC	0.0	0	below_threshold	high	0.062	False	user_msa
Drosophila_virilis_Drosophila_virilis__betaTub85D__XP_002053003.1	159	159	159	144	GGG	0.0	0	below_threshold	high	0.062	False	user_msa
Drosophila_willistoni_Drosophila_willistoni__LOC6647585__XP_002070575.1	159	159	159	144	GGC	0.0	0	below_threshold	high	0.062	False	user_msa
Drosophila_yakuba_Drosophila_yakuba__LOC6536356__XP_002096938.1	159	159	159	144	GGC	0.0	0	below_threshold	high	0.062	False	user_msa
Drosophila_ananassae_Drosophila_ananassae__LOC6500548__XP_001953433.1	160	160	160	145	TCG	0.0	0	below_threshold	high	0.062	False	user_msa
Drosophila_biarmipes_Drosophila_biarmipes__LOC108032098__XP_016961415.1	160	160	160	145	TCT	0.0	0	below_threshold	high	0.062	False	user_msa
Drosophila_mauritiana_Drosophila_mauritiana__LOC117142441__XP_033162295.1	160	160	160	145	TCC	0.0	0	below_threshold	high	0.062	False	user_msa
Drosophila_melanogaster_Drosophila_melanogaster__betaTub85D__NP_524290.2	160	160	160	145	TCC	0.0	0	below_threshold	high	0.062	False	user_msa
Drosophila_pseudoobscura_Drosophila_pseudoobscura__betaTub85D__XP_001357842.1	160	160	160	145	TCG	0.0	0	below_threshold	high	0.062	False	user_msa
Drosophila_sechellia_Drosophila_sechellia__betaTub85D__XP_002031904.1	160	160	160	145	TCC	0.0	0	below_threshold	high	0.062	False	user_msa
Drosophila_simulans_Drosophila_simulans__LOC6728793__XP_002104128.1	160	160	160	145	TCC	0.0	0	below_threshold	high	0.062	False	user_msa
Drosophila_subobscura_Drosophila_subobscura__LOC117897634__XP_034662499.1	160	160	160	145	TCC	0.0	0	below_threshold	high	0.062	False	user_msa
Drosophila_suzukii_Drosophila_suzukii__betaTub85D__XP_016937909.1	160	160	160	145	TCC	0.0	0	below_threshold	high	0.062	False	user_msa
Drosophila_virilis_Drosophila_virilis__betaTub85D__XP_002053003.1	160	160	160	145	TCC	0.0	0	below_threshold	high	0.062	False	user_msa
Drosophila_willistoni_Drosophila_willistoni__LOC6647585__XP_002070575.1	160	160	160	145	TCT	0.0	0	below_threshold	high	0.062	False	user_msa
Drosophila_yakuba_Drosophila_yakuba__LOC6536356__XP_002096938.1	160	160	160	145	TCC	0.0	0	below_threshold	high	0.062	False	user_msa
Drosophila_ananassae_Drosophila_ananassae__LOC6500548__XP_001953433.1	161	161	161	146	GGC	0.0	0	below_threshold	high	0.062	False	user_msa
Drosophila_biarmipes_Drosophila_biarmipes__LOC108032098__XP_016961415.1	161	161	161	146	GGA	0.0	0	below_threshold	high	0.062	False	user_msa
Drosophila_mauritiana_Drosophila_mauritiana__LOC117142441__XP_033162295.1	161	161	161	146	GGC	0.0	0	below_threshold	high	0.062	False	user_msa
Drosophila_melanogaster_Drosophila_melanogaster__betaTub85D__NP_524290.2	161	161	161	146	GGC	0.0	0	below_threshold	high	0.062	False	user_msa
Drosophila_pseudoobscura_Drosophila_pseudoobscura__betaTub85D__XP_001357842.1	161	161	161	146	GGT	0.0	0	below_threshold	high	0.062	False	user_msa
Drosophila_sechellia_Drosophila_sechellia__betaTub85D__XP_002031904.1	161	161	161	146	GGC	0.0	0	below_threshold	high	0.062	False	user_msa
Drosophila_simulans_Drosophila_simulans__LOC6728793__XP_002104128.1	161	161	161	146	GGC	0.0	0	below_threshold	high	0.062	False	user_msa
Drosophila_subobscura_Drosophila_subobscura__LOC117897634__XP_034662499.1	161	161	161	146	GGC	0.0	0	below_threshold	high	0.062	False	user_msa
Drosophila_suzukii_Drosophila_suzukii__betaTub85D__XP_016937909.1	161	161	161	146	GGA	0.0	0	below_threshold	high	0.062	False	user_msa
Drosophila_virilis_Drosophila_virilis__betaTub85D__XP_002053003.1	161	161	161	146	GGC	0.0	0	below_threshold	high	0.062	False	user_msa
Drosophila_willistoni_Drosophila_willistoni__LOC6647585__XP_002070575.1	161	161	161	146	GGA	0.0	0	below_threshold	high	0.062	False	user_msa
Drosophila_yakuba_Drosophila_yakuba__LOC6536356__XP_002096938.1	161	161	161	146	GGC	0.0	0	below_threshold	high	0.062	False	user_msa
Drosophila_ananassae_Drosophila_ananassae__LOC6500548__XP_001953433.1	162	162	162	147	ATG	0.0	0	below_threshold	high	0.062	False	user_msa
Drosophila_biarmipes_Drosophila_biarmipes__LOC108032098__XP_016961415.1	162	162	162	147	ATG	0.0	0	below_threshold	high	0.062	False	user_msa
Drosophila_mauritiana_Drosophila_mauritiana__LOC117142441__XP_033162295.1	162	162	162	147	ATG	0.0	0	below_threshold	high	0.062	False	user_msa
Drosophila_melanogaster_Drosophila_melanogaster__betaTub85D__NP_524290.2	162	162	162	147	ATG	0.0	0	below_threshold	high	0.062	False	user_msa
Drosophila_pseudoobscura_Drosophila_pseudoobscura__betaTub85D__XP_001357842.1	162	162	162	147	ATG	0.0	0	below_threshold	high	0.062	False	user_msa
Drosophila_sechellia_Drosophila_sechellia__betaTub85D__XP_002031904.1	162	162	162	147	ATG	0.0	0	below_threshold	high	0.062	False	user_msa
Drosophila_simulans_Drosophila_simulans__LOC6728793__XP_002104128.1	162	162	162	147	ATG	0.0	0	below_threshold	high	0.062	False	user_msa
Drosophila_subobscura_Drosophila_subobscura__LOC117897634__XP_034662499.1	162	162	162	147	ATG	0.0	0	below_threshold	high	0.062	False	user_msa
Drosophila_suzukii_Drosophila_suzukii__betaTub85D__XP_016937909.1	162	162	162	147	ATG	0.0	0	below_threshold	high	0.062	False	user_msa
Drosophila_virilis_Drosophila_virilis__betaTub85D__XP_002053003.1	162	162	162	147	ATG	0.0	0	below_threshold	high	0.062	False	user_msa
Drosophila_willistoni_Drosophila_willistoni__LOC6647585__XP_002070575.1	162	162	162	147	ATG	0.0	0	below_threshold	high	0.062	False	user_msa
Drosophila_yakuba_Drosophila_yakuba__LOC6536356__XP_002096938.1	162	162	162	147	ATG	0.0	0	below_threshold	high	0.062	False	user_msa
Drosophila_ananassae_Drosophila_ananassae__LOC6500548__XP_001953433.1	163	163	163	148	GGA	0.0	0	below_threshold	high	0.062	False	user_msa
Drosophila_biarmipes_Drosophila_biarmipes__LOC108032098__XP_016961415.1	163	163	163	148	GGC	0.0	0	below_threshold	high	0.062	False	user_msa
Drosophila_mauritiana_Drosophila_mauritiana__LOC117142441__XP_033162295.1	163	163	163	148	GGA	0.0	0	below_threshold	high	0.062	False	user_msa
Drosophila_melanogaster_Drosophila_melanogaster__betaTub85D__NP_524290.2	163	163	163	148	GGA	0.0	0	below_threshold	high	0.062	False	user_msa
Drosophila_pseudoobscura_Drosophila_pseudoobscura__betaTub85D__XP_001357842.1	163	163	163	148	GGC	0.0	0	below_threshold	high	0.062	False	user_msa
Drosophila_sechellia_Drosophila_sechellia__betaTub85D__XP_002031904.1	163	163	163	148	GGA	0.0	0	below_threshold	high	0.062	False	user_msa
Drosophila_simulans_Drosophila_simulans__LOC6728793__XP_002104128.1	163	163	163	148	GGA	0.0	0	below_threshold	high	0.062	False	user_msa
Drosophila_subobscura_Drosophila_subobscura__LOC117897634__XP_034662499.1	163	163	163	148	GGT	0.0	0	below_threshold	high	0.062	False	user_msa
Drosophila_suzukii_Drosophila_suzukii__betaTub85D__XP_016937909.1	163	163	163	148	GGA	0.0	0	below_threshold	high	0.062	False	user_msa
Drosophila_virilis_Drosophila_virilis__betaTub85D__XP_002053003.1	163	163	163	148	GGC	0.0	0	below_threshold	high	0.062	False	user_msa
Drosophila_willistoni_Drosophila_willistoni__LOC6647585__XP_002070575.1	163	163	163	148	GGT	0.0	0	below_threshold	high	0.062	False	user_msa
Drosophila_yakuba_Drosophila_yakuba__LOC6536356__XP_002096938.1	163	163	163	148	GGA	0.0	0	below_threshold	high	0.062	False	user_msa
Drosophila_ananassae_Drosophila_ananassae__LOC6500548__XP_001953433.1	164	164	164	149	ACA	0.0	0	below_threshold	high	0.062	False	user_msa
Drosophila_biarmipes_Drosophila_biarmipes__LOC108032098__XP_016961415.1	164	164	164	149	ACC	0.0	0	below_threshold	high	0.062	False	user_msa
Drosophila_mauritiana_Drosophila_mauritiana__LOC117142441__XP_033162295.1	164	164	164	149	ACC	0.0	0	below_threshold	high	0.062	False	user_msa
Drosophila_melanogaster_Drosophila_melanogaster__betaTub85D__NP_524290.2	164	164	164	149	ACC	0.0	0	below_threshold	high	0.062	False	user_msa
Drosophila_pseudoobscura_Drosophila_pseudoobscura__betaTub85D__XP_001357842.1	164	164	164	149	ACC	0.0	0	below_threshold	high	0.062	False	user_msa
Drosophila_sechellia_Drosophila_sechellia__betaTub85D__XP_002031904.1	164	164	164	149	ACC	0.0	0	below_threshold	high	0.062	False	user_msa
Drosophila_simulans_Drosophila_simulans__LOC6728793__XP_002104128.1	164	164	164	149	ACC	0.0	0	below_threshold	high	0.062	False	user_msa
Drosophila_subobscura_Drosophila_subobscura__LOC117897634__XP_034662499.1	164	164	164	149	ACG	0.0	0	below_threshold	high	0.062	False	user_msa
Drosophila_suzukii_Drosophila_suzukii__betaTub85D__XP_016937909.1	164	164	164	149	ACC	0.0	0	below_threshold	high	0.062	False	user_msa
Drosophila_virilis_Drosophila_virilis__betaTub85D__XP_002053003.1	164	164	164	149	ACC	0.0	0	below_threshold	high	0.062	False	user_msa
Drosophila_willistoni_Drosophila_willistoni__LOC6647585__XP_002070575.1	164	164	164	149	ACT	0.0	0	below_threshold	high	0.062	False	user_msa
Drosophila_yakuba_Drosophila_yakuba__LOC6536356__XP_002096938.1	164	164	164	149	ACC	0.0	0	below_threshold	high	0.062	False	user_msa
Drosophila_ananassae_Drosophila_ananassae__LOC6500548__XP_001953433.1	165	165	165	150	CTG	0.0	0	below_threshold	high	0.062	False	user_msa
Drosophila_biarmipes_Drosophila_biarmipes__LOC108032098__XP_016961415.1	165	165	165	150	CTG	0.0	0	below_threshold	high	0.062	False	user_msa
Drosophila_mauritiana_Drosophila_mauritiana__LOC117142441__XP_033162295.1	165	165	165	150	CTG	0.0	0	below_threshold	high	0.062	False	user_msa
Drosophila_melanogaster_Drosophila_melanogaster__betaTub85D__NP_524290.2	165	165	165	150	CTG	0.0	0	below_threshold	high	0.062	False	user_msa
Drosophila_pseudoobscura_Drosophila_pseudoobscura__betaTub85D__XP_001357842.1	165	165	165	150	CTG	0.0	0	below_threshold	high	0.062	False	user_msa
Drosophila_sechellia_Drosophila_sechellia__betaTub85D__XP_002031904.1	165	165	165	150	CTC	0.0	0	below_threshold	high	0.062	False	user_msa
Drosophila_simulans_Drosophila_simulans__LOC6728793__XP_002104128.1	165	165	165	150	CTG	0.0	0	below_threshold	high	0.062	False	user_msa
Drosophila_subobscura_Drosophila_subobscura__LOC117897634__XP_034662499.1	165	165	165	150	CTG	0.0	0	below_threshold	high	0.062	False	user_msa
Drosophila_suzukii_Drosophila_suzukii__betaTub85D__XP_016937909.1	165	165	165	150	CTA	0.0	0	below_threshold	high	0.062	False	user_msa
Drosophila_virilis_Drosophila_virilis__betaTub85D__XP_002053003.1	165	165	165	150	TTA	0.0	0	below_threshold	high	0.062	False	user_msa
Drosophila_willistoni_Drosophila_willistoni__LOC6647585__XP_002070575.1	165	165	165	150	CTG	0.0	0	below_threshold	high	0.062	False	user_msa
Drosophila_yakuba_Drosophila_yakuba__LOC6536356__XP_002096938.1	165	165	165	150	CTG	0.0	0	below_threshold	high	0.062	False	user_msa
Drosophila_ananassae_Drosophila_ananassae__LOC6500548__XP_001953433.1	166	166	166	151	CTT	0.0	0	below_threshold	high	0.062	False	user_msa
Drosophila_biarmipes_Drosophila_biarmipes__LOC108032098__XP_016961415.1	166	166	166	151	CTA	0.0	0	below_threshold	high	0.062	False	user_msa
Drosophila_mauritiana_Drosophila_mauritiana__LOC117142441__XP_033162295.1	166	166	166	151	TTG	0.0	0	below_threshold	high	0.062	False	user_msa
Drosophila_melanogaster_Drosophila_melanogaster__betaTub85D__NP_524290.2	166	166	166	151	CTG	0.0	0	below_threshold	high	0.062	False	user_msa
Drosophila_pseudoobscura_Drosophila_pseudoobscura__betaTub85D__XP_001357842.1	166	166	166	151	CTG	0.0	0	below_threshold	high	0.062	False	user_msa
Drosophila_sechellia_Drosophila_sechellia__betaTub85D__XP_002031904.1	166	166	166	151	TTG	0.0	0	below_threshold	high	0.062	False	user_msa
Drosophila_simulans_Drosophila_simulans__LOC6728793__XP_002104128.1	166	166	166	151	TTG	0.0	0	below_threshold	high	0.062	False	user_msa
Drosophila_subobscura_Drosophila_subobscura__LOC117897634__XP_034662499.1	166	166	166	151	CTG	0.0	0	below_threshold	high	0.062	False	user_msa
Drosophila_suzukii_Drosophila_suzukii__betaTub85D__XP_016937909.1	166	166	166	151	CTG	0.0	0	below_threshold	high	0.062	False	user_msa
Drosophila_virilis_Drosophila_virilis__betaTub85D__XP_002053003.1	166	166	166	151	CTC	0.0	0	below_threshold	high	0.062	False	user_msa
Drosophila_willistoni_Drosophila_willistoni__LOC6647585__XP_002070575.1	166	166	166	151	CTG	0.0	0	below_threshold	high	0.062	False	user_msa
Drosophila_yakuba_Drosophila_yakuba__LOC6536356__XP_002096938.1	166	166	166	151	CTG	0.0	0	below_threshold	high	0.062	False	user_msa
Drosophila_ananassae_Drosophila_ananassae__LOC6500548__XP_001953433.1	167	167	167	152	ATC	0.0	0	below_threshold	high	0.062	False	user_msa
Drosophila_biarmipes_Drosophila_biarmipes__LOC108032098__XP_016961415.1	167	167	167	152	ATC	0.0	0	below_threshold	high	0.062	False	user_msa
Drosophila_mauritiana_Drosophila_mauritiana__LOC117142441__XP_033162295.1	167	167	167	152	ATC	0.0	0	below_threshold	high	0.062	False	user_msa
Drosophila_melanogaster_Drosophila_melanogaster__betaTub85D__NP_524290.2	167	167	167	152	ATC	0.0	0	below_threshold	high	0.062	False	user_msa
Drosophila_pseudoobscura_Drosophila_pseudoobscura__betaTub85D__XP_001357842.1	167	167	167	152	ATC	0.0	0	below_threshold	high	0.062	False	user_msa
Drosophila_sechellia_Drosophila_sechellia__betaTub85D__XP_002031904.1	167	167	167	152	ATC	0.0	0	below_threshold	high	0.062	False	user_msa
Drosophila_simulans_Drosophila_simulans__LOC6728793__XP_002104128.1	167	167	167	152	ATC	0.0	0	below_threshold	high	0.062	False	user_msa
Drosophila_subobscura_Drosophila_subobscura__LOC117897634__XP_034662499.1	167	167	167	152	ATC	0.0	0	below_threshold	high	0.062	False	user_msa
Drosophila_suzukii_Drosophila_suzukii__betaTub85D__XP_016937909.1	167	167	167	152	ATT	0.0	0	below_threshold	high	0.062	False	user_msa
Drosophila_virilis_Drosophila_virilis__betaTub85D__XP_002053003.1	167	167	167	152	ATT	0.0	0	below_threshold	high	0.062	False	user_msa
Drosophila_willistoni_Drosophila_willistoni__LOC6647585__XP_002070575.1	167	167	167	152	ATC	0.0	0	below_threshold	high	0.062	False	user_msa
Drosophila_yakuba_Drosophila_yakuba__LOC6536356__XP_002096938.1	167	167	167	152	ATC	0.0	0	below_threshold	high	0.062	False	user_msa
Drosophila_ananassae_Drosophila_ananassae__LOC6500548__XP_001953433.1	168	168	168	153	TCG	0.0	0	below_threshold	high	0.062	False	user_msa
Drosophila_biarmipes_Drosophila_biarmipes__LOC108032098__XP_016961415.1	168	168	168	153	TCC	0.0	0	below_threshold	high	0.062	False	user_msa
Drosophila_mauritiana_Drosophila_mauritiana__LOC117142441__XP_033162295.1	168	168	168	153	TCG	0.0	0	below_threshold	high	0.062	False	user_msa
Drosophila_melanogaster_Drosophila_melanogaster__betaTub85D__NP_524290.2	168	168	168	153	TCG	0.0	0	below_threshold	high	0.062	False	user_msa
Drosophila_pseudoobscura_Drosophila_pseudoobscura__betaTub85D__XP_001357842.1	168	168	168	153	TCC	0.0	0	below_threshold	high	0.062	False	user_msa
Drosophila_sechellia_Drosophila_sechellia__betaTub85D__XP_002031904.1	168	168	168	153	TCG	0.0	0	below_threshold	high	0.062	False	user_msa
Drosophila_simulans_Drosophila_simulans__LOC6728793__XP_002104128.1	168	168	168	153	TCG	0.0	0	below_threshold	high	0.062	False	user_msa
Drosophila_subobscura_Drosophila_subobscura__LOC117897634__XP_034662499.1	168	168	168	153	TCC	0.0	0	below_threshold	high	0.062	False	user_msa
Drosophila_suzukii_Drosophila_suzukii__betaTub85D__XP_016937909.1	168	168	168	153	TCC	0.0	0	below_threshold	high	0.062	False	user_msa
Drosophila_virilis_Drosophila_virilis__betaTub85D__XP_002053003.1	168	168	168	153	TCA	0.0	0	below_threshold	high	0.062	False	user_msa
Drosophila_willistoni_Drosophila_willistoni__LOC6647585__XP_002070575.1	168	168	168	153	TCC	0.0	0	below_threshold	high	0.062	False	user_msa
Drosophila_yakuba_Drosophila_yakuba__LOC6536356__XP_002096938.1	168	168	168	153	TCA	0.0	0	below_threshold	high	0.062	False	user_msa
Drosophila_ananassae_Drosophila_ananassae__LOC6500548__XP_001953433.1	169	169	169	154	AAG	0.0	0	below_threshold	high	0.062	False	user_msa
Drosophila_biarmipes_Drosophila_biarmipes__LOC108032098__XP_016961415.1	169	169	169	154	AAG	0.0	0	below_threshold	high	0.062	False	user_msa
Drosophila_mauritiana_Drosophila_mauritiana__LOC117142441__XP_033162295.1	169	169	169	154	AAG	0.0	0	below_threshold	high	0.062	False	user_msa
Drosophila_melanogaster_Drosophila_melanogaster__betaTub85D__NP_524290.2	169	169	169	154	AAG	0.0	0	below_threshold	high	0.062	False	user_msa
Drosophila_pseudoobscura_Drosophila_pseudoobscura__betaTub85D__XP_001357842.1	169	169	169	154	AAG	0.0	0	below_threshold	high	0.062	False	user_msa
Drosophila_sechellia_Drosophila_sechellia__betaTub85D__XP_002031904.1	169	169	169	154	AAG	0.0	0	below_threshold	high	0.062	False	user_msa
Drosophila_simulans_Drosophila_simulans__LOC6728793__XP_002104128.1	169	169	169	154	AAG	0.0	0	below_threshold	high	0.062	False	user_msa
Drosophila_subobscura_Drosophila_subobscura__LOC117897634__XP_034662499.1	169	169	169	154	AAG	0.0	0	below_threshold	high	0.062	False	user_msa
Drosophila_suzukii_Drosophila_suzukii__betaTub85D__XP_016937909.1	169	169	169	154	AAG	0.0	0	below_threshold	high	0.062	False	user_msa
Drosophila_virilis_Drosophila_virilis__betaTub85D__XP_002053003.1	169	169	169	154	AAG	0.0	0	below_threshold	high	0.062	False	user_msa
Drosophila_willistoni_Drosophila_willistoni__LOC6647585__XP_002070575.1	169	169	169	154	AAG	0.0	0	below_threshold	high	0.062	False	user_msa
Drosophila_yakuba_Drosophila_yakuba__LOC6536356__XP_002096938.1	169	169	169	154	AAG	0.0	0	below_threshold	high	0.062	False	user_msa
Drosophila_ananassae_Drosophila_ananassae__LOC6500548__XP_001953433.1	170	170	170	155	ATT	0.0	0	below_threshold	high	0.062	False	user_msa
Drosophila_biarmipes_Drosophila_biarmipes__LOC108032098__XP_016961415.1	170	170	170	155	ATC	0.0	0	below_threshold	high	0.062	False	user_msa
Drosophila_mauritiana_Drosophila_mauritiana__LOC117142441__XP_033162295.1	170	170	170	155	ATC	0.0	0	below_threshold	high	0.062	False	user_msa
Drosophila_melanogaster_Drosophila_melanogaster__betaTub85D__NP_524290.2	170	170	170	155	ATC	0.0	0	below_threshold	high	0.062	False	user_msa
Drosophila_pseudoobscura_Drosophila_pseudoobscura__betaTub85D__XP_001357842.1	170	170	170	155	ATC	0.0	0	below_threshold	high	0.062	False	user_msa
Drosophila_sechellia_Drosophila_sechellia__betaTub85D__XP_002031904.1	170	170	170	155	ATC	0.0	0	below_threshold	high	0.062	False	user_msa
Drosophila_simulans_Drosophila_simulans__LOC6728793__XP_002104128.1	170	170	170	155	ATC	0.0	0	below_threshold	high	0.062	False	user_msa
Drosophila_subobscura_Drosophila_subobscura__LOC117897634__XP_034662499.1	170	170	170	155	ATT	0.0	0	below_threshold	high	0.062	False	user_msa
Drosophila_suzukii_Drosophila_suzukii__betaTub85D__XP_016937909.1	170	170	170	155	ATC	0.0	0	below_threshold	high	0.062	False	user_msa
Drosophila_virilis_Drosophila_virilis__betaTub85D__XP_002053003.1	170	170	170	155	ATA	0.0	0	below_threshold	high	0.062	False	user_msa
Drosophila_willistoni_Drosophila_willistoni__LOC6647585__XP_002070575.1	170	170	170	155	ATC	0.0	0	below_threshold	high	0.062	False	user_msa
Drosophila_yakuba_Drosophila_yakuba__LOC6536356__XP_002096938.1	170	170	170	155	ATC	0.0	0	below_threshold	high	0.062	False	user_msa
Drosophila_ananassae_Drosophila_ananassae__LOC6500548__XP_001953433.1	171	171	171	156	CGT	0.0	0	below_threshold	high	0.062	False	user_msa
Drosophila_biarmipes_Drosophila_biarmipes__LOC108032098__XP_016961415.1	171	171	171	156	CGC	0.0	0	below_threshold	high	0.062	False	user_msa
Drosophila_mauritiana_Drosophila_mauritiana__LOC117142441__XP_033162295.1	171	171	171	156	CGC	0.0	0	below_threshold	high	0.062	False	user_msa
Drosophila_melanogaster_Drosophila_melanogaster__betaTub85D__NP_524290.2	171	171	171	156	CGC	0.0	0	below_threshold	high	0.062	False	user_msa
Drosophila_pseudoobscura_Drosophila_pseudoobscura__betaTub85D__XP_001357842.1	171	171	171	156	CGC	0.0	0	below_threshold	high	0.062	False	user_msa
Drosophila_sechellia_Drosophila_sechellia__betaTub85D__XP_002031904.1	171	171	171	156	CGC	0.0	0	below_threshold	high	0.062	False	user_msa
Drosophila_simulans_Drosophila_simulans__LOC6728793__XP_002104128.1	171	171	171	156	CGC	0.0	0	below_threshold	high	0.062	False	user_msa
Drosophila_subobscura_Drosophila_subobscura__LOC117897634__XP_034662499.1	171	171	171	156	CGC	0.0	0	below_threshold	high	0.062	False	user_msa
Drosophila_suzukii_Drosophila_suzukii__betaTub85D__XP_016937909.1	171	171	171	156	CGC	0.0	0	below_threshold	high	0.062	False	user_msa
Drosophila_virilis_Drosophila_virilis__betaTub85D__XP_002053003.1	171	171	171	156	CGT	0.0	0	below_threshold	high	0.062	False	user_msa
Drosophila_willistoni_Drosophila_willistoni__LOC6647585__XP_002070575.1	171	171	171	156	CGC	0.0	0	below_threshold	high	0.062	False	user_msa
Drosophila_yakuba_Drosophila_yakuba__LOC6536356__XP_002096938.1	171	171	171	156	CGC	0.0	0	below_threshold	high	0.062	False	user_msa
Drosophila_ananassae_Drosophila_ananassae__LOC6500548__XP_001953433.1	172	172	172	157	GAG	0.0	0	below_threshold	high	0.062	False	user_msa
Drosophila_biarmipes_Drosophila_biarmipes__LOC108032098__XP_016961415.1	172	172	172	157	GAG	0.0	0	below_threshold	high	0.062	False	user_msa
Drosophila_mauritiana_Drosophila_mauritiana__LOC117142441__XP_033162295.1	172	172	172	157	GAG	0.0	0	below_threshold	high	0.062	False	user_msa
Drosophila_melanogaster_Drosophila_melanogaster__betaTub85D__NP_524290.2	172	172	172	157	GAG	0.0	0	below_threshold	high	0.062	False	user_msa
Drosophila_pseudoobscura_Drosophila_pseudoobscura__betaTub85D__XP_001357842.1	172	172	172	157	GAG	0.0	0	below_threshold	high	0.062	False	user_msa
Drosophila_sechellia_Drosophila_sechellia__betaTub85D__XP_002031904.1	172	172	172	157	GAG	0.0	0	below_threshold	high	0.062	False	user_msa
Drosophila_simulans_Drosophila_simulans__LOC6728793__XP_002104128.1	172	172	172	157	GAG	0.0	0	below_threshold	high	0.062	False	user_msa
Drosophila_subobscura_Drosophila_subobscura__LOC117897634__XP_034662499.1	172	172	172	157	GAG	0.0	0	below_threshold	high	0.062	False	user_msa
Drosophila_suzukii_Drosophila_suzukii__betaTub85D__XP_016937909.1	172	172	172	157	GAG	0.0	0	below_threshold	high	0.062	False	user_msa
Drosophila_virilis_Drosophila_virilis__betaTub85D__XP_002053003.1	172	172	172	157	GAA	0.0	0	below_threshold	high	0.062	False	user_msa
Drosophila_willistoni_Drosophila_willistoni__LOC6647585__XP_002070575.1	172	172	172	157	GAA	0.0	0	below_threshold	high	0.062	False	user_msa
Drosophila_yakuba_Drosophila_yakuba__LOC6536356__XP_002096938.1	172	172	172	157	GAG	0.0	0	below_threshold	high	0.062	False	user_msa
Drosophila_ananassae_Drosophila_ananassae__LOC6500548__XP_001953433.1	173	173	173	158	GAA	0.0	0	below_threshold	high	0.062	False	user_msa
Drosophila_biarmipes_Drosophila_biarmipes__LOC108032098__XP_016961415.1	173	173	173	158	GAG	0.0	0	below_threshold	high	0.062	False	user_msa
Drosophila_mauritiana_Drosophila_mauritiana__LOC117142441__XP_033162295.1	173	173	173	158	GAG	0.0	0	below_threshold	high	0.062	False	user_msa
Drosophila_melanogaster_Drosophila_melanogaster__betaTub85D__NP_524290.2	173	173	173	158	GAG	0.0	0	below_threshold	high	0.062	False	user_msa
Drosophila_pseudoobscura_Drosophila_pseudoobscura__betaTub85D__XP_001357842.1	173	173	173	158	GAG	0.0	0	below_threshold	high	0.062	False	user_msa
Drosophila_sechellia_Drosophila_sechellia__betaTub85D__XP_002031904.1	173	173	173	158	GAG	0.0	0	below_threshold	high	0.062	False	user_msa
Drosophila_simulans_Drosophila_simulans__LOC6728793__XP_002104128.1	173	173	173	158	GAG	0.0	0	below_threshold	high	0.062	False	user_msa
Drosophila_subobscura_Drosophila_subobscura__LOC117897634__XP_034662499.1	173	173	173	158	GAG	0.0	0	below_threshold	high	0.062	False	user_msa
Drosophila_suzukii_Drosophila_suzukii__betaTub85D__XP_016937909.1	173	173	173	158	GAG	0.0	0	below_threshold	high	0.062	False	user_msa
Drosophila_virilis_Drosophila_virilis__betaTub85D__XP_002053003.1	173	173	173	158	GAA	0.0	0	below_threshold	high	0.062	False	user_msa
Drosophila_willistoni_Drosophila_willistoni__LOC6647585__XP_002070575.1	173	173	173	158	GAG	0.0	0	below_threshold	high	0.062	False	user_msa
Drosophila_yakuba_Drosophila_yakuba__LOC6536356__XP_002096938.1	173	173	173	158	GAG	0.0	0	below_threshold	high	0.062	False	user_msa
Drosophila_ananassae_Drosophila_ananassae__LOC6500548__XP_001953433.1	174	174	174	159	TAC	0.0	0	below_threshold	high	0.062	False	user_msa
Drosophila_biarmipes_Drosophila_biarmipes__LOC108032098__XP_016961415.1	174	174	174	159	TAC	0.0	0	below_threshold	high	0.062	False	user_msa
Drosophila_mauritiana_Drosophila_mauritiana__LOC117142441__XP_033162295.1	174	174	174	159	TAC	0.0	0	below_threshold	high	0.062	False	user_msa
Drosophila_melanogaster_Drosophila_melanogaster__betaTub85D__NP_524290.2	174	174	174	159	TAC	0.0	0	below_threshold	high	0.062	False	user_msa
Drosophila_pseudoobscura_Drosophila_pseudoobscura__betaTub85D__XP_001357842.1	174	174	174	159	TAC	0.0	0	below_threshold	high	0.062	False	user_msa
Drosophila_sechellia_Drosophila_sechellia__betaTub85D__XP_002031904.1	174	174	174	159	TAC	0.0	0	below_threshold	high	0.062	False	user_msa
Drosophila_simulans_Drosophila_simulans__LOC6728793__XP_002104128.1	174	174	174	159	TAC	0.0	0	below_threshold	high	0.062	False	user_msa
Drosophila_subobscura_Drosophila_subobscura__LOC117897634__XP_034662499.1	174	174	174	159	TAT	0.0	0	below_threshold	high	0.062	False	user_msa
Drosophila_suzukii_Drosophila_suzukii__betaTub85D__XP_016937909.1	174	174	174	159	TAC	0.0	0	below_threshold	high	0.062	False	user_msa
Drosophila_virilis_Drosophila_virilis__betaTub85D__XP_002053003.1	174	174	174	159	TAT	0.0	0	below_threshold	high	0.062	False	user_msa
Drosophila_willistoni_Drosophila_willistoni__LOC6647585__XP_002070575.1	174	174	174	159	TAT	0.0	0	below_threshold	high	0.062	False	user_msa
Drosophila_yakuba_Drosophila_yakuba__LOC6536356__XP_002096938.1	174	174	174	159	TAC	0.0	0	below_threshold	high	0.062	False	user_msa
Drosophila_ananassae_Drosophila_ananassae__LOC6500548__XP_001953433.1	175	175	175	160	CCC	0.0	0	below_threshold	high	0.062	False	user_msa
Drosophila_biarmipes_Drosophila_biarmipes__LOC108032098__XP_016961415.1	175	175	175	160	CCC	0.0	0	below_threshold	high	0.062	False	user_msa
Drosophila_mauritiana_Drosophila_mauritiana__LOC117142441__XP_033162295.1	175	175	175	160	CCG	0.0	0	below_threshold	high	0.062	False	user_msa
Drosophila_melanogaster_Drosophila_melanogaster__betaTub85D__NP_524290.2	175	175	175	160	CCG	0.0	0	below_threshold	high	0.062	False	user_msa
Drosophila_pseudoobscura_Drosophila_pseudoobscura__betaTub85D__XP_001357842.1	175	175	175	160	CCC	0.0	0	below_threshold	high	0.062	False	user_msa
Drosophila_sechellia_Drosophila_sechellia__betaTub85D__XP_002031904.1	175	175	175	160	CCG	0.0	0	below_threshold	high	0.062	False	user_msa
Drosophila_simulans_Drosophila_simulans__LOC6728793__XP_002104128.1	175	175	175	160	CCG	0.0	0	below_threshold	high	0.062	False	user_msa
Drosophila_subobscura_Drosophila_subobscura__LOC117897634__XP_034662499.1	175	175	175	160	CCC	0.0	0	below_threshold	high	0.062	False	user_msa
Drosophila_suzukii_Drosophila_suzukii__betaTub85D__XP_016937909.1	175	175	175	160	CCC	0.0	0	below_threshold	high	0.062	False	user_msa
Drosophila_virilis_Drosophila_virilis__betaTub85D__XP_002053003.1	175	175	175	160	CCC	0.0	0	below_threshold	high	0.062	False	user_msa
Drosophila_willistoni_Drosophila_willistoni__LOC6647585__XP_002070575.1	175	175	175	160	CCC	0.0	0	below_threshold	high	0.062	False	user_msa
Drosophila_yakuba_Drosophila_yakuba__LOC6536356__XP_002096938.1	175	175	175	160	CCC	0.0	0	below_threshold	high	0.062	False	user_msa
Drosophila_ananassae_Drosophila_ananassae__LOC6500548__XP_001953433.1	176	176	176	161	GAT	0.0	0	below_threshold	high	0.062	False	user_msa
Drosophila_biarmipes_Drosophila_biarmipes__LOC108032098__XP_016961415.1	176	176	176	161	GAC	0.0	0	below_threshold	high	0.062	False	user_msa
Drosophila_mauritiana_Drosophila_mauritiana__LOC117142441__XP_033162295.1	176	176	176	161	GAC	0.0	0	below_threshold	high	0.062	False	user_msa
Drosophila_melanogaster_Drosophila_melanogaster__betaTub85D__NP_524290.2	176	176	176	161	GAC	0.0	0	below_threshold	high	0.062	False	user_msa
Drosophila_pseudoobscura_Drosophila_pseudoobscura__betaTub85D__XP_001357842.1	176	176	176	161	GAC	0.0	0	below_threshold	high	0.062	False	user_msa
Drosophila_sechellia_Drosophila_sechellia__betaTub85D__XP_002031904.1	176	176	176	161	GAC	0.0	0	below_threshold	high	0.062	False	user_msa
Drosophila_simulans_Drosophila_simulans__LOC6728793__XP_002104128.1	176	176	176	161	GAC	0.0	0	below_threshold	high	0.062	False	user_msa
Drosophila_subobscura_Drosophila_subobscura__LOC117897634__XP_034662499.1	176	176	176	161	GAC	0.0	0	below_threshold	high	0.062	False	user_msa
Drosophila_suzukii_Drosophila_suzukii__betaTub85D__XP_016937909.1	176	176	176	161	GAC	0.0	0	below_threshold	high	0.062	False	user_msa
Drosophila_virilis_Drosophila_virilis__betaTub85D__XP_002053003.1	176	176	176	161	GAT	0.0	0	below_threshold	high	0.062	False	user_msa
Drosophila_willistoni_Drosophila_willistoni__LOC6647585__XP_002070575.1	176	176	176	161	GAC	0.0	0	below_threshold	high	0.062	False	user_msa
Drosophila_yakuba_Drosophila_yakuba__LOC6536356__XP_002096938.1	176	176	176	161	GAC	0.0	0	below_threshold	high	0.062	False	user_msa
Drosophila_ananassae_Drosophila_ananassae__LOC6500548__XP_001953433.1	177	177	177	162	CGT	0.0	0	below_threshold	high	0.062	False	user_msa
Drosophila_biarmipes_Drosophila_biarmipes__LOC108032098__XP_016961415.1	177	177	177	162	CGC	0.0	0	below_threshold	high	0.062	False	user_msa
Drosophila_mauritiana_Drosophila_mauritiana__LOC117142441__XP_033162295.1	177	177	177	162	CGC	0.0	0	below_threshold	high	0.062	False	user_msa
Drosophila_melanogaster_Drosophila_melanogaster__betaTub85D__NP_524290.2	177	177	177	162	CGC	0.0	0	below_threshold	high	0.062	False	user_msa
Drosophila_pseudoobscura_Drosophila_pseudoobscura__betaTub85D__XP_001357842.1	177	177	177	162	AGA	0.0	0	below_threshold	high	0.062	False	user_msa
Drosophila_sechellia_Drosophila_sechellia__betaTub85D__XP_002031904.1	177	177	177	162	CGC	0.0	0	below_threshold	high	0.062	False	user_msa
Drosophila_simulans_Drosophila_simulans__LOC6728793__XP_002104128.1	177	177	177	162	CGC	0.0	0	below_threshold	high	0.062	False	user_msa
Drosophila_subobscura_Drosophila_subobscura__LOC117897634__XP_034662499.1	177	177	177	162	CGT	0.0	0	below_threshold	high	0.062	False	user_msa
Drosophila_suzukii_Drosophila_suzukii__betaTub85D__XP_016937909.1	177	177	177	162	CGC	0.0	0	below_threshold	high	0.062	False	user_msa
Drosophila_virilis_Drosophila_virilis__betaTub85D__XP_002053003.1	177	177	177	162	CGT	0.0	0	below_threshold	high	0.062	False	user_msa
Drosophila_willistoni_Drosophila_willistoni__LOC6647585__XP_002070575.1	177	177	177	162	CGC	0.0	0	below_threshold	high	0.062	False	user_msa
Drosophila_yakuba_Drosophila_yakuba__LOC6536356__XP_002096938.1	177	177	177	162	CGC	0.0	0	below_threshold	high	0.062	False	user_msa
Drosophila_ananassae_Drosophila_ananassae__LOC6500548__XP_001953433.1	178	178	178	163	ATC	0.0	0	below_threshold	high	0.062	False	user_msa
Drosophila_biarmipes_Drosophila_biarmipes__LOC108032098__XP_016961415.1	178	178	178	163	ATC	0.0	0	below_threshold	high	0.062	False	user_msa
Drosophila_mauritiana_Drosophila_mauritiana__LOC117142441__XP_033162295.1	178	178	178	163	ATC	0.0	0	below_threshold	high	0.062	False	user_msa
Drosophila_melanogaster_Drosophila_melanogaster__betaTub85D__NP_524290.2	178	178	178	163	ATC	0.0	0	below_threshold	high	0.062	False	user_msa
Drosophila_pseudoobscura_Drosophila_pseudoobscura__betaTub85D__XP_001357842.1	178	178	178	163	ATC	0.0	0	below_threshold	high	0.062	False	user_msa
Drosophila_sechellia_Drosophila_sechellia__betaTub85D__XP_002031904.1	178	178	178	163	ATC	0.0	0	below_threshold	high	0.062	False	user_msa
Drosophila_simulans_Drosophila_simulans__LOC6728793__XP_002104128.1	178	178	178	163	ATC	0.0	0	below_threshold	high	0.062	False	user_msa
Drosophila_subobscura_Drosophila_subobscura__LOC117897634__XP_034662499.1	178	178	178	163	ATC	0.0	0	below_threshold	high	0.062	False	user_msa
Drosophila_suzukii_Drosophila_suzukii__betaTub85D__XP_016937909.1	178	178	178	163	ATC	0.0	0	below_threshold	high	0.062	False	user_msa
Drosophila_virilis_Drosophila_virilis__betaTub85D__XP_002053003.1	178	178	178	163	ATC	0.0	0	below_threshold	high	0.062	False	user_msa
Drosophila_willistoni_Drosophila_willistoni__LOC6647585__XP_002070575.1	178	178	178	163	ATT	0.0	0	below_threshold	high	0.062	False	user_msa
Drosophila_yakuba_Drosophila_yakuba__LOC6536356__XP_002096938.1	178	178	178	163	ATC	0.0	0	below_threshold	high	0.062	False	user_msa
Drosophila_ananassae_Drosophila_ananassae__LOC6500548__XP_001953433.1	179	179	179	164	ATG	0.0	0	below_threshold	high	0.062	False	user_msa
Drosophila_biarmipes_Drosophila_biarmipes__LOC108032098__XP_016961415.1	179	179	179	164	ATG	0.0	0	below_threshold	high	0.062	False	user_msa
Drosophila_mauritiana_Drosophila_mauritiana__LOC117142441__XP_033162295.1	179	179	179	164	ATG	0.0	0	below_threshold	high	0.062	False	user_msa
Drosophila_melanogaster_Drosophila_melanogaster__betaTub85D__NP_524290.2	179	179	179	164	ATG	0.0	0	below_threshold	high	0.062	False	user_msa
Drosophila_pseudoobscura_Drosophila_pseudoobscura__betaTub85D__XP_001357842.1	179	179	179	164	ATG	0.0	0	below_threshold	high	0.062	False	user_msa
Drosophila_sechellia_Drosophila_sechellia__betaTub85D__XP_002031904.1	179	179	179	164	ATG	0.0	0	below_threshold	high	0.062	False	user_msa
Drosophila_simulans_Drosophila_simulans__LOC6728793__XP_002104128.1	179	179	179	164	ATG	0.0	0	below_threshold	high	0.062	False	user_msa
Drosophila_subobscura_Drosophila_subobscura__LOC117897634__XP_034662499.1	179	179	179	164	ATG	0.0	0	below_threshold	high	0.062	False	user_msa
Drosophila_suzukii_Drosophila_suzukii__betaTub85D__XP_016937909.1	179	179	179	164	ATG	0.0	0	below_threshold	high	0.062	False	user_msa
Drosophila_virilis_Drosophila_virilis__betaTub85D__XP_002053003.1	179	179	179	164	ATG	0.0	0	below_threshold	high	0.062	False	user_msa
Drosophila_willistoni_Drosophila_willistoni__LOC6647585__XP_002070575.1	179	179	179	164	ATG	0.0	0	below_threshold	high	0.062	False	user_msa
Drosophila_yakuba_Drosophila_yakuba__LOC6536356__XP_002096938.1	179	179	179	164	ATG	0.0	0	below_threshold	high	0.062	False	user_msa
Drosophila_ananassae_Drosophila_ananassae__LOC6500548__XP_001953433.1	180	180	180	165	AAC	0.0	0	below_threshold	high	0.062	False	user_msa
Drosophila_biarmipes_Drosophila_biarmipes__LOC108032098__XP_016961415.1	180	180	180	165	AAC	0.0	0	below_threshold	high	0.062	False	user_msa
Drosophila_mauritiana_Drosophila_mauritiana__LOC117142441__XP_033162295.1	180	180	180	165	AAC	0.0	0	below_threshold	high	0.062	False	user_msa
Drosophila_melanogaster_Drosophila_melanogaster__betaTub85D__NP_524290.2	180	180	180	165	AAC	0.0	0	below_threshold	high	0.062	False	user_msa
Drosophila_pseudoobscura_Drosophila_pseudoobscura__betaTub85D__XP_001357842.1	180	180	180	165	AAC	0.0	0	below_threshold	high	0.062	False	user_msa
Drosophila_sechellia_Drosophila_sechellia__betaTub85D__XP_002031904.1	180	180	180	165	AAC	0.0	0	below_threshold	high	0.062	False	user_msa
Drosophila_simulans_Drosophila_simulans__LOC6728793__XP_002104128.1	180	180	180	165	AAC	0.0	0	below_threshold	high	0.062	False	user_msa
Drosophila_subobscura_Drosophila_subobscura__LOC117897634__XP_034662499.1	180	180	180	165	AAC	0.0	0	below_threshold	high	0.062	False	user_msa
Drosophila_suzukii_Drosophila_suzukii__betaTub85D__XP_016937909.1	180	180	180	165	AAC	0.0	0	below_threshold	high	0.062	False	user_msa
Drosophila_virilis_Drosophila_virilis__betaTub85D__XP_002053003.1	180	180	180	165	AAT	0.0	0	below_threshold	high	0.062	False	user_msa
Drosophila_willistoni_Drosophila_willistoni__LOC6647585__XP_002070575.1	180	180	180	165	AAC	0.0	0	below_threshold	high	0.062	False	user_msa
Drosophila_yakuba_Drosophila_yakuba__LOC6536356__XP_002096938.1	180	180	180	165	AAC	0.0	0	below_threshold	high	0.062	False	user_msa
Drosophila_ananassae_Drosophila_ananassae__LOC6500548__XP_001953433.1	181	181	181	166	ACC	0.0	0	below_threshold	high	0.062	False	user_msa
Drosophila_biarmipes_Drosophila_biarmipes__LOC108032098__XP_016961415.1	181	181	181	166	ACC	0.0	0	below_threshold	high	0.062	False	user_msa
Drosophila_mauritiana_Drosophila_mauritiana__LOC117142441__XP_033162295.1	181	181	181	166	ACC	0.0	0	below_threshold	high	0.062	False	user_msa
Drosophila_melanogaster_Drosophila_melanogaster__betaTub85D__NP_524290.2	181	181	181	166	ACC	0.0	0	below_threshold	high	0.062	False	user_msa
Drosophila_pseudoobscura_Drosophila_pseudoobscura__betaTub85D__XP_001357842.1	181	181	181	166	ACC	0.0	0	below_threshold	high	0.062	False	user_msa
Drosophila_sechellia_Drosophila_sechellia__betaTub85D__XP_002031904.1	181	181	181	166	ACC	0.0	0	below_threshold	high	0.062	False	user_msa
Drosophila_simulans_Drosophila_simulans__LOC6728793__XP_002104128.1	181	181	181	166	ACC	0.0	0	below_threshold	high	0.062	False	user_msa
Drosophila_subobscura_Drosophila_subobscura__LOC117897634__XP_034662499.1	181	181	181	166	ACC	0.0	0	below_threshold	high	0.062	False	user_msa
Drosophila_suzukii_Drosophila_suzukii__betaTub85D__XP_016937909.1	181	181	181	166	ACC	0.0	0	below_threshold	high	0.062	False	user_msa
Drosophila_virilis_Drosophila_virilis__betaTub85D__XP_002053003.1	181	181	181	166	ACC	0.0	0	below_threshold	high	0.062	False	user_msa
Drosophila_willistoni_Drosophila_willistoni__LOC6647585__XP_002070575.1	181	181	181	166	ACA	0.0	0	below_threshold	high	0.062	False	user_msa
Drosophila_yakuba_Drosophila_yakuba__LOC6536356__XP_002096938.1	181	181	181	166	ACC	0.0	0	below_threshold	high	0.062	False	user_msa
Drosophila_ananassae_Drosophila_ananassae__LOC6500548__XP_001953433.1	182	182	182	167	TTC	0.0	0	below_threshold	high	0.062	False	user_msa
Drosophila_biarmipes_Drosophila_biarmipes__LOC108032098__XP_016961415.1	182	182	182	167	TTC	0.0	0	below_threshold	high	0.062	False	user_msa
Drosophila_mauritiana_Drosophila_mauritiana__LOC117142441__XP_033162295.1	182	182	182	167	TTT	0.0	0	below_threshold	high	0.062	False	user_msa
Drosophila_melanogaster_Drosophila_melanogaster__betaTub85D__NP_524290.2	182	182	182	167	TTC	0.0	0	below_threshold	high	0.062	False	user_msa
Drosophila_pseudoobscura_Drosophila_pseudoobscura__betaTub85D__XP_001357842.1	182	182	182	167	TTC	0.0	0	below_threshold	high	0.062	False	user_msa
Drosophila_sechellia_Drosophila_sechellia__betaTub85D__XP_002031904.1	182	182	182	167	TTT	0.0	0	below_threshold	high	0.062	False	user_msa
Drosophila_simulans_Drosophila_simulans__LOC6728793__XP_002104128.1	182	182	182	167	TTT	0.0	0	below_threshold	high	0.062	False	user_msa
Drosophila_subobscura_Drosophila_subobscura__LOC117897634__XP_034662499.1	182	182	182	167	TTC	0.0	0	below_threshold	high	0.062	False	user_msa
Drosophila_suzukii_Drosophila_suzukii__betaTub85D__XP_016937909.1	182	182	182	167	TTC	0.0	0	below_threshold	high	0.062	False	user_msa
Drosophila_virilis_Drosophila_virilis__betaTub85D__XP_002053003.1	182	182	182	167	TTC	0.0	0	below_threshold	high	0.062	False	user_msa
Drosophila_willistoni_Drosophila_willistoni__LOC6647585__XP_002070575.1	182	182	182	167	TTC	0.0	0	below_threshold	high	0.062	False	user_msa
Drosophila_yakuba_Drosophila_yakuba__LOC6536356__XP_002096938.1	182	182	182	167	TTC	0.0	0	below_threshold	high	0.062	False	user_msa
Drosophila_ananassae_Drosophila_ananassae__LOC6500548__XP_001953433.1	183	183	183	168	TCG	0.0	0	below_threshold	high	0.062	False	user_msa
Drosophila_biarmipes_Drosophila_biarmipes__LOC108032098__XP_016961415.1	183	183	183	168	TCG	0.0	0	below_threshold	high	0.062	False	user_msa
Drosophila_mauritiana_Drosophila_mauritiana__LOC117142441__XP_033162295.1	183	183	183	168	TCG	0.0	0	below_threshold	high	0.062	False	user_msa
Drosophila_melanogaster_Drosophila_melanogaster__betaTub85D__NP_524290.2	183	183	183	168	TCG	0.0	0	below_threshold	high	0.062	False	user_msa
Drosophila_pseudoobscura_Drosophila_pseudoobscura__betaTub85D__XP_001357842.1	183	183	183	168	TCG	0.0	0	below_threshold	high	0.062	False	user_msa
Drosophila_sechellia_Drosophila_sechellia__betaTub85D__XP_002031904.1	183	183	183	168	TCG	0.0	0	below_threshold	high	0.062	False	user_msa
Drosophila_simulans_Drosophila_simulans__LOC6728793__XP_002104128.1	183	183	183	168	TCG	0.0	0	below_threshold	high	0.062	False	user_msa
Drosophila_subobscura_Drosophila_subobscura__LOC117897634__XP_034662499.1	183	183	183	168	TCG	0.0	0	below_threshold	high	0.062	False	user_msa
Drosophila_suzukii_Drosophila_suzukii__betaTub85D__XP_016937909.1	183	183	183	168	TCG	0.0	0	below_threshold	high	0.062	False	user_msa
Drosophila_virilis_Drosophila_virilis__betaTub85D__XP_002053003.1	183	183	183	168	TCG	0.0	0	below_threshold	high	0.062	False	user_msa
Drosophila_willistoni_Drosophila_willistoni__LOC6647585__XP_002070575.1	183	183	183	168	TCT	0.0	0	below_threshold	high	0.062	False	user_msa
Drosophila_yakuba_Drosophila_yakuba__LOC6536356__XP_002096938.1	183	183	183	168	TCG	0.0	0	below_threshold	high	0.062	False	user_msa
Drosophila_ananassae_Drosophila_ananassae__LOC6500548__XP_001953433.1	184	184	184	169	GTG	0.0	0	below_threshold	high	0.062	False	user_msa
Drosophila_biarmipes_Drosophila_biarmipes__LOC108032098__XP_016961415.1	184	184	184	169	GTG	0.0	0	below_threshold	high	0.062	False	user_msa
Drosophila_mauritiana_Drosophila_mauritiana__LOC117142441__XP_033162295.1	184	184	184	169	GTG	0.0	0	below_threshold	high	0.062	False	user_msa
Drosophila_melanogaster_Drosophila_melanogaster__betaTub85D__NP_524290.2	184	184	184	169	GTG	0.0	0	below_threshold	high	0.062	False	user_msa
Drosophila_pseudoobscura_Drosophila_pseudoobscura__betaTub85D__XP_001357842.1	184	184	184	169	GTG	0.0	0	below_threshold	high	0.062	False	user_msa
Drosophila_sechellia_Drosophila_sechellia__betaTub85D__XP_002031904.1	184	184	184	169	GTG	0.0	0	below_threshold	high	0.062	False	user_msa
Drosophila_simulans_Drosophila_simulans__LOC6728793__XP_002104128.1	184	184	184	169	GTG	0.0	0	below_threshold	high	0.062	False	user_msa
Drosophila_subobscura_Drosophila_subobscura__LOC117897634__XP_034662499.1	184	184	184	169	GTG	0.0	0	below_threshold	high	0.062	False	user_msa
Drosophila_suzukii_Drosophila_suzukii__betaTub85D__XP_016937909.1	184	184	184	169	GTG	0.0	0	below_threshold	high	0.062	False	user_msa
Drosophila_virilis_Drosophila_virilis__betaTub85D__XP_002053003.1	184	184	184	169	GTG	0.0	0	below_threshold	high	0.062	False	user_msa
Drosophila_willistoni_Drosophila_willistoni__LOC6647585__XP_002070575.1	184	184	184	169	GTG	0.0	0	below_threshold	high	0.062	False	user_msa
Drosophila_yakuba_Drosophila_yakuba__LOC6536356__XP_002096938.1	184	184	184	169	GTG	0.0	0	below_threshold	high	0.062	False	user_msa
Drosophila_ananassae_Drosophila_ananassae__LOC6500548__XP_001953433.1	185	185	185	170	GTG	0.0	0	below_threshold	high	0.062	False	user_msa
Drosophila_biarmipes_Drosophila_biarmipes__LOC108032098__XP_016961415.1	185	185	185	170	GTG	0.0	0	below_threshold	high	0.062	False	user_msa
Drosophila_mauritiana_Drosophila_mauritiana__LOC117142441__XP_033162295.1	185	185	185	170	GTG	0.0	0	below_threshold	high	0.062	False	user_msa
Drosophila_melanogaster_Drosophila_melanogaster__betaTub85D__NP_524290.2	185	185	185	170	GTG	0.0	0	below_threshold	high	0.062	False	user_msa
Drosophila_pseudoobscura_Drosophila_pseudoobscura__betaTub85D__XP_001357842.1	185	185	185	170	GTG	0.0	0	below_threshold	high	0.062	False	user_msa
Drosophila_sechellia_Drosophila_sechellia__betaTub85D__XP_002031904.1	185	185	185	170	GTG	0.0	0	below_threshold	high	0.062	False	user_msa
Drosophila_simulans_Drosophila_simulans__LOC6728793__XP_002104128.1	185	185	185	170	GTG	0.0	0	below_threshold	high	0.062	False	user_msa
Drosophila_subobscura_Drosophila_subobscura__LOC117897634__XP_034662499.1	185	185	185	170	GTG	0.0	0	below_threshold	high	0.062	False	user_msa
Drosophila_suzukii_Drosophila_suzukii__betaTub85D__XP_016937909.1	185	185	185	170	GTG	0.0	0	below_threshold	high	0.062	False	user_msa
Drosophila_virilis_Drosophila_virilis__betaTub85D__XP_002053003.1	185	185	185	170	GTG	0.0	0	below_threshold	high	0.062	False	user_msa
Drosophila_willistoni_Drosophila_willistoni__LOC6647585__XP_002070575.1	185	185	185	170	GTC	0.0	0	below_threshold	high	0.062	False	user_msa
Drosophila_yakuba_Drosophila_yakuba__LOC6536356__XP_002096938.1	185	185	185	170	GTG	0.0	0	below_threshold	high	0.062	False	user_msa
Drosophila_ananassae_Drosophila_ananassae__LOC6500548__XP_001953433.1	186	186	186	171	CCA	0.0	0	below_threshold	high	0.062	False	user_msa
Drosophila_biarmipes_Drosophila_biarmipes__LOC108032098__XP_016961415.1	186	186	186	171	CCC	0.0	0	below_threshold	high	0.062	False	user_msa
Drosophila_mauritiana_Drosophila_mauritiana__LOC117142441__XP_033162295.1	186	186	186	171	CCC	0.0	0	below_threshold	high	0.062	False	user_msa
Drosophila_melanogaster_Drosophila_melanogaster__betaTub85D__NP_524290.2	186	186	186	171	CCC	0.0	0	below_threshold	high	0.062	False	user_msa
Drosophila_pseudoobscura_Drosophila_pseudoobscura__betaTub85D__XP_001357842.1	186	186	186	171	CCA	0.0	0	below_threshold	high	0.062	False	user_msa
Drosophila_sechellia_Drosophila_sechellia__betaTub85D__XP_002031904.1	186	186	186	171	CCC	0.0	0	below_threshold	high	0.062	False	user_msa
Drosophila_simulans_Drosophila_simulans__LOC6728793__XP_002104128.1	186	186	186	171	CCC	0.0	0	below_threshold	high	0.062	False	user_msa
Drosophila_subobscura_Drosophila_subobscura__LOC117897634__XP_034662499.1	186	186	186	171	CCA	0.0	0	below_threshold	high	0.062	False	user_msa
Drosophila_suzukii_Drosophila_suzukii__betaTub85D__XP_016937909.1	186	186	186	171	CCC	0.0	0	below_threshold	high	0.062	False	user_msa
Drosophila_virilis_Drosophila_virilis__betaTub85D__XP_002053003.1	186	186	186	171	CCC	0.0	0	below_threshold	high	0.062	False	user_msa
Drosophila_willistoni_Drosophila_willistoni__LOC6647585__XP_002070575.1	186	186	186	171	CCT	0.0	0	below_threshold	high	0.062	False	user_msa
Drosophila_yakuba_Drosophila_yakuba__LOC6536356__XP_002096938.1	186	186	186	171	CCC	0.0	0	below_threshold	high	0.062	False	user_msa
Drosophila_ananassae_Drosophila_ananassae__LOC6500548__XP_001953433.1	187	187	187	172	TCG	0.0	0	below_threshold	high	0.062	False	user_msa
Drosophila_biarmipes_Drosophila_biarmipes__LOC108032098__XP_016961415.1	187	187	187	172	TCG	0.0	0	below_threshold	high	0.062	False	user_msa
Drosophila_mauritiana_Drosophila_mauritiana__LOC117142441__XP_033162295.1	187	187	187	172	TCG	0.0	0	below_threshold	high	0.062	False	user_msa
Drosophila_melanogaster_Drosophila_melanogaster__betaTub85D__NP_524290.2	187	187	187	172	TCG	0.0	0	below_threshold	high	0.062	False	user_msa
Drosophila_pseudoobscura_Drosophila_pseudoobscura__betaTub85D__XP_001357842.1	187	187	187	172	TCG	0.0	0	below_threshold	high	0.062	False	user_msa
Drosophila_sechellia_Drosophila_sechellia__betaTub85D__XP_002031904.1	187	187	187	172	TCG	0.0	0	below_threshold	high	0.062	False	user_msa
Drosophila_simulans_Drosophila_simulans__LOC6728793__XP_002104128.1	187	187	187	172	TCG	0.0	0	below_threshold	high	0.062	False	user_msa
Drosophila_subobscura_Drosophila_subobscura__LOC117897634__XP_034662499.1	187	187	187	172	TCG	0.0	0	below_threshold	high	0.062	False	user_msa
Drosophila_suzukii_Drosophila_suzukii__betaTub85D__XP_016937909.1	187	187	187	172	TCG	0.0	0	below_threshold	high	0.062	False	user_msa
Drosophila_virilis_Drosophila_virilis__betaTub85D__XP_002053003.1	187	187	187	172	TCT	0.0	0	below_threshold	high	0.062	False	user_msa
Drosophila_willistoni_Drosophila_willistoni__LOC6647585__XP_002070575.1	187	187	187	172	TCA	0.0	0	below_threshold	high	0.062	False	user_msa
Drosophila_yakuba_Drosophila_yakuba__LOC6536356__XP_002096938.1	187	187	187	172	TCG	0.0	0	below_threshold	high	0.062	False	user_msa
Drosophila_ananassae_Drosophila_ananassae__LOC6500548__XP_001953433.1	188	188	188	173	CCG	0.0	0	below_threshold	high	0.062	False	user_msa
Drosophila_biarmipes_Drosophila_biarmipes__LOC108032098__XP_016961415.1	188	188	188	173	CCC	0.0	0	below_threshold	high	0.062	False	user_msa
Drosophila_mauritiana_Drosophila_mauritiana__LOC117142441__XP_033162295.1	188	188	188	173	CCC	0.0	0	below_threshold	high	0.062	False	user_msa
Drosophila_melanogaster_Drosophila_melanogaster__betaTub85D__NP_524290.2	188	188	188	173	CCC	0.0	0	below_threshold	high	0.062	False	user_msa
Drosophila_pseudoobscura_Drosophila_pseudoobscura__betaTub85D__XP_001357842.1	188	188	188	173	CCC	0.0	0	below_threshold	high	0.062	False	user_msa
Drosophila_sechellia_Drosophila_sechellia__betaTub85D__XP_002031904.1	188	188	188	173	CCC	0.0	0	below_threshold	high	0.062	False	user_msa
Drosophila_simulans_Drosophila_simulans__LOC6728793__XP_002104128.1	188	188	188	173	CCC	0.0	0	below_threshold	high	0.062	False	user_msa
Drosophila_subobscura_Drosophila_subobscura__LOC117897634__XP_034662499.1	188	188	188	173	CCC	0.0	0	below_threshold	high	0.062	False	user_msa
Drosophila_suzukii_Drosophila_suzukii__betaTub85D__XP_016937909.1	188	188	188	173	CCC	0.0	0	below_threshold	high	0.062	False	user_msa
Drosophila_virilis_Drosophila_virilis__betaTub85D__XP_002053003.1	188	188	188	173	CCT	0.0	0	below_threshold	high	0.062	False	user_msa
Drosophila_willistoni_Drosophila_willistoni__LOC6647585__XP_002070575.1	188	188	188	173	CCC	0.0	0	below_threshold	high	0.062	False	user_msa
Drosophila_yakuba_Drosophila_yakuba__LOC6536356__XP_002096938.1	188	188	188	173	CCC	0.0	0	below_threshold	high	0.062	False	user_msa
Drosophila_ananassae_Drosophila_ananassae__LOC6500548__XP_001953433.1	189	189	189	174	AAG	0.0	0	below_threshold	high	0.062	False	user_msa
Drosophila_biarmipes_Drosophila_biarmipes__LOC108032098__XP_016961415.1	189	189	189	174	AAG	0.0	0	below_threshold	high	0.062	False	user_msa
Drosophila_mauritiana_Drosophila_mauritiana__LOC117142441__XP_033162295.1	189	189	189	174	AAG	0.0	0	below_threshold	high	0.062	False	user_msa
Drosophila_melanogaster_Drosophila_melanogaster__betaTub85D__NP_524290.2	189	189	189	174	AAG	0.0	0	below_threshold	high	0.062	False	user_msa
Drosophila_pseudoobscura_Drosophila_pseudoobscura__betaTub85D__XP_001357842.1	189	189	189	174	AAA	0.0	0	below_threshold	high	0.062	False	user_msa
Drosophila_sechellia_Drosophila_sechellia__betaTub85D__XP_002031904.1	189	189	189	174	AAG	0.0	0	below_threshold	high	0.062	False	user_msa
Drosophila_simulans_Drosophila_simulans__LOC6728793__XP_002104128.1	189	189	189	174	AAG	0.0	0	below_threshold	high	0.062	False	user_msa
Drosophila_subobscura_Drosophila_subobscura__LOC117897634__XP_034662499.1	189	189	189	174	AAA	0.0	0	below_threshold	high	0.062	False	user_msa
Drosophila_suzukii_Drosophila_suzukii__betaTub85D__XP_016937909.1	189	189	189	174	AAG	0.0	0	below_threshold	high	0.062	False	user_msa
Drosophila_virilis_Drosophila_virilis__betaTub85D__XP_002053003.1	189	189	189	174	AAG	0.0	0	below_threshold	high	0.062	False	user_msa
Drosophila_willistoni_Drosophila_willistoni__LOC6647585__XP_002070575.1	189	189	189	174	AAG	0.0	0	below_threshold	high	0.062	False	user_msa
Drosophila_yakuba_Drosophila_yakuba__LOC6536356__XP_002096938.1	189	189	189	174	AAG	0.0	0	below_threshold	high	0.062	False	user_msa
Drosophila_ananassae_Drosophila_ananassae__LOC6500548__XP_001953433.1	190	190	190	175	GTG	0.0	0	below_threshold	high	0.062	False	user_msa
Drosophila_biarmipes_Drosophila_biarmipes__LOC108032098__XP_016961415.1	190	190	190	175	GTG	0.0	0	below_threshold	high	0.062	False	user_msa
Drosophila_mauritiana_Drosophila_mauritiana__LOC117142441__XP_033162295.1	190	190	190	175	GTG	0.0	0	below_threshold	high	0.062	False	user_msa
Drosophila_melanogaster_Drosophila_melanogaster__betaTub85D__NP_524290.2	190	190	190	175	GTG	0.0	0	below_threshold	high	0.062	False	user_msa
Drosophila_pseudoobscura_Drosophila_pseudoobscura__betaTub85D__XP_001357842.1	190	190	190	175	GTG	0.0	0	below_threshold	high	0.062	False	user_msa
Drosophila_sechellia_Drosophila_sechellia__betaTub85D__XP_002031904.1	190	190	190	175	GTG	0.0	0	below_threshold	high	0.062	False	user_msa
Drosophila_simulans_Drosophila_simulans__LOC6728793__XP_002104128.1	190	190	190	175	GTG	0.0	0	below_threshold	high	0.062	False	user_msa
Drosophila_subobscura_Drosophila_subobscura__LOC117897634__XP_034662499.1	190	190	190	175	GTG	0.0	0	below_threshold	high	0.062	False	user_msa
Drosophila_suzukii_Drosophila_suzukii__betaTub85D__XP_016937909.1	190	190	190	175	GTG	0.0	0	below_threshold	high	0.062	False	user_msa
Drosophila_virilis_Drosophila_virilis__betaTub85D__XP_002053003.1	190	190	190	175	GTG	0.0	0	below_threshold	high	0.062	False	user_msa
Drosophila_willistoni_Drosophila_willistoni__LOC6647585__XP_002070575.1	190	190	190	175	GTG	0.0	0	below_threshold	high	0.062	False	user_msa
Drosophila_yakuba_Drosophila_yakuba__LOC6536356__XP_002096938.1	190	190	190	175	GTG	0.0	0	below_threshold	high	0.062	False	user_msa
Drosophila_ananassae_Drosophila_ananassae__LOC6500548__XP_001953433.1	191	191	191	176	TCC	0.0	0	below_threshold	high	0.062	False	user_msa
Drosophila_biarmipes_Drosophila_biarmipes__LOC108032098__XP_016961415.1	191	191	191	176	TCG	0.0	0	below_threshold	high	0.062	False	user_msa
Drosophila_mauritiana_Drosophila_mauritiana__LOC117142441__XP_033162295.1	191	191	191	176	TCC	0.0	0	below_threshold	high	0.062	False	user_msa
Drosophila_melanogaster_Drosophila_melanogaster__betaTub85D__NP_524290.2	191	191	191	176	TCC	0.0	0	below_threshold	high	0.062	False	user_msa
Drosophila_pseudoobscura_Drosophila_pseudoobscura__betaTub85D__XP_001357842.1	191	191	191	176	TCG	0.0	0	below_threshold	high	0.062	False	user_msa
Drosophila_sechellia_Drosophila_sechellia__betaTub85D__XP_002031904.1	191	191	191	176	TCC	0.0	0	below_threshold	high	0.062	False	user_msa
Drosophila_simulans_Drosophila_simulans__LOC6728793__XP_002104128.1	191	191	191	176	TCC	0.0	0	below_threshold	high	0.062	False	user_msa
Drosophila_subobscura_Drosophila_subobscura__LOC117897634__XP_034662499.1	191	191	191	176	TCC	0.0	0	below_threshold	high	0.062	False	user_msa
Drosophila_suzukii_Drosophila_suzukii__betaTub85D__XP_016937909.1	191	191	191	176	TCG	0.0	0	below_threshold	high	0.062	False	user_msa
Drosophila_virilis_Drosophila_virilis__betaTub85D__XP_002053003.1	191	191	191	176	TCG	0.0	0	below_threshold	high	0.062	False	user_msa
Drosophila_willistoni_Drosophila_willistoni__LOC6647585__XP_002070575.1	191	191	191	176	TCG	0.0	0	below_threshold	high	0.062	False	user_msa
Drosophila_yakuba_Drosophila_yakuba__LOC6536356__XP_002096938.1	191	191	191	176	TCC	0.0	0	below_threshold	high	0.062	False	user_msa
Drosophila_ananassae_Drosophila_ananassae__LOC6500548__XP_001953433.1	192	192	192	177	GAT	0.0	0	below_threshold	high	0.062	False	user_msa
Drosophila_biarmipes_Drosophila_biarmipes__LOC108032098__XP_016961415.1	192	192	192	177	GAC	0.0	0	below_threshold	high	0.062	False	user_msa
Drosophila_mauritiana_Drosophila_mauritiana__LOC117142441__XP_033162295.1	192	192	192	177	GAT	0.0	0	below_threshold	high	0.062	False	user_msa
Drosophila_melanogaster_Drosophila_melanogaster__betaTub85D__NP_524290.2	192	192	192	177	GAT	0.0	0	below_threshold	high	0.062	False	user_msa
Drosophila_pseudoobscura_Drosophila_pseudoobscura__betaTub85D__XP_001357842.1	192	192	192	177	GAC	0.0	0	below_threshold	high	0.062	False	user_msa
Drosophila_sechellia_Drosophila_sechellia__betaTub85D__XP_002031904.1	192	192	192	177	GAT	0.0	0	below_threshold	high	0.062	False	user_msa
Drosophila_simulans_Drosophila_simulans__LOC6728793__XP_002104128.1	192	192	192	177	GAT	0.0	0	below_threshold	high	0.062	False	user_msa
Drosophila_subobscura_Drosophila_subobscura__LOC117897634__XP_034662499.1	192	192	192	177	GAC	0.0	0	below_threshold	high	0.062	False	user_msa
Drosophila_suzukii_Drosophila_suzukii__betaTub85D__XP_016937909.1	192	192	192	177	GAT	0.0	0	below_threshold	high	0.062	False	user_msa
Drosophila_virilis_Drosophila_virilis__betaTub85D__XP_002053003.1	192	192	192	177	GAT	0.0	0	below_threshold	high	0.062	False	user_msa
Drosophila_willistoni_Drosophila_willistoni__LOC6647585__XP_002070575.1	192	192	192	177	GAT	0.0	0	below_threshold	high	0.062	False	user_msa
Drosophila_yakuba_Drosophila_yakuba__LOC6536356__XP_002096938.1	192	192	192	177	GAT	0.0	0	below_threshold	high	0.062	False	user_msa
Drosophila_ananassae_Drosophila_ananassae__LOC6500548__XP_001953433.1	193	193	193	178	ACT	0.0	0	below_threshold	high	0.062	False	user_msa
Drosophila_biarmipes_Drosophila_biarmipes__LOC108032098__XP_016961415.1	193	193	193	178	ACA	0.0	0	below_threshold	high	0.062	False	user_msa
Drosophila_mauritiana_Drosophila_mauritiana__LOC117142441__XP_033162295.1	193	193	193	178	ACG	0.0	0	below_threshold	high	0.062	False	user_msa
Drosophila_melanogaster_Drosophila_melanogaster__betaTub85D__NP_524290.2	193	193	193	178	ACG	0.0	0	below_threshold	high	0.062	False	user_msa
Drosophila_pseudoobscura_Drosophila_pseudoobscura__betaTub85D__XP_001357842.1	193	193	193	178	ACG	0.0	0	below_threshold	high	0.062	False	user_msa
Drosophila_sechellia_Drosophila_sechellia__betaTub85D__XP_002031904.1	193	193	193	178	ACG	0.0	0	below_threshold	high	0.062	False	user_msa
Drosophila_simulans_Drosophila_simulans__LOC6728793__XP_002104128.1	193	193	193	178	ACG	0.0	0	below_threshold	high	0.062	False	user_msa
Drosophila_subobscura_Drosophila_subobscura__LOC117897634__XP_034662499.1	193	193	193	178	ACT	0.0	0	below_threshold	high	0.062	False	user_msa
Drosophila_suzukii_Drosophila_suzukii__betaTub85D__XP_016937909.1	193	193	193	178	ACC	0.0	0	below_threshold	high	0.062	False	user_msa
Drosophila_virilis_Drosophila_virilis__betaTub85D__XP_002053003.1	193	193	193	178	ACC	0.0	0	below_threshold	high	0.062	False	user_msa
Drosophila_willistoni_Drosophila_willistoni__LOC6647585__XP_002070575.1	193	193	193	178	ACC	0.0	0	below_threshold	high	0.062	False	user_msa
Drosophila_yakuba_Drosophila_yakuba__LOC6536356__XP_002096938.1	193	193	193	178	ACG	0.0	0	below_threshold	high	0.062	False	user_msa
Drosophila_ananassae_Drosophila_ananassae__LOC6500548__XP_001953433.1	194	194	194	179	GTT	0.0	0	below_threshold	high	0.062	False	user_msa
Drosophila_biarmipes_Drosophila_biarmipes__LOC108032098__XP_016961415.1	194	194	194	179	GTG	0.0	0	below_threshold	high	0.062	False	user_msa
Drosophila_mauritiana_Drosophila_mauritiana__LOC117142441__XP_033162295.1	194	194	194	179	GTG	0.0	0	below_threshold	high	0.062	False	user_msa
Drosophila_melanogaster_Drosophila_melanogaster__betaTub85D__NP_524290.2	194	194	194	179	GTG	0.0	0	below_threshold	high	0.062	False	user_msa
Drosophila_pseudoobscura_Drosophila_pseudoobscura__betaTub85D__XP_001357842.1	194	194	194	179	GTG	0.0	0	below_threshold	high	0.062	False	user_msa
Drosophila_sechellia_Drosophila_sechellia__betaTub85D__XP_002031904.1	194	194	194	179	GTG	0.0	0	below_threshold	high	0.062	False	user_msa
Drosophila_simulans_Drosophila_simulans__LOC6728793__XP_002104128.1	194	194	194	179	GTA	0.0	0	below_threshold	high	0.062	False	user_msa
Drosophila_subobscura_Drosophila_subobscura__LOC117897634__XP_034662499.1	194	194	194	179	GTG	0.0	0	below_threshold	high	0.062	False	user_msa
Drosophila_suzukii_Drosophila_suzukii__betaTub85D__XP_016937909.1	194	194	194	179	GTG	0.0	0	below_threshold	high	0.062	False	user_msa
Drosophila_virilis_Drosophila_virilis__betaTub85D__XP_002053003.1	194	194	194	179	GTG	0.0	0	below_threshold	high	0.062	False	user_msa
Drosophila_willistoni_Drosophila_willistoni__LOC6647585__XP_002070575.1	194	194	194	179	GTG	0.0	0	below_threshold	high	0.062	False	user_msa
Drosophila_yakuba_Drosophila_yakuba__LOC6536356__XP_002096938.1	194	194	194	179	GTG	0.0	0	below_threshold	high	0.062	False	user_msa
Drosophila_ananassae_Drosophila_ananassae__LOC6500548__XP_001953433.1	195	195	195	180	GTA	0.0	0	below_threshold	high	0.062	False	user_msa
Drosophila_biarmipes_Drosophila_biarmipes__LOC108032098__XP_016961415.1	195	195	195	180	GTG	0.0	0	below_threshold	high	0.062	False	user_msa
Drosophila_mauritiana_Drosophila_mauritiana__LOC117142441__XP_033162295.1	195	195	195	180	GTG	0.0	0	below_threshold	high	0.062	False	user_msa
Drosophila_melanogaster_Drosophila_melanogaster__betaTub85D__NP_524290.2	195	195	195	180	GTG	0.0	0	below_threshold	high	0.062	False	user_msa
Drosophila_pseudoobscura_Drosophila_pseudoobscura__betaTub85D__XP_001357842.1	195	195	195	180	GTG	0.0	0	below_threshold	high	0.062	False	user_msa
Drosophila_sechellia_Drosophila_sechellia__betaTub85D__XP_002031904.1	195	195	195	180	GTG	0.0	0	below_threshold	high	0.062	False	user_msa
Drosophila_simulans_Drosophila_simulans__LOC6728793__XP_002104128.1	195	195	195	180	GTG	0.0	0	below_threshold	high	0.062	False	user_msa
Drosophila_subobscura_Drosophila_subobscura__LOC117897634__XP_034662499.1	195	195	195	180	GTG	0.0	0	below_threshold	high	0.062	False	user_msa
Drosophila_suzukii_Drosophila_suzukii__betaTub85D__XP_016937909.1	195	195	195	180	GTG	0.0	0	below_threshold	high	0.062	False	user_msa
Drosophila_virilis_Drosophila_virilis__betaTub85D__XP_002053003.1	195	195	195	180	GTC	0.0	0	below_threshold	high	0.062	False	user_msa
Drosophila_willistoni_Drosophila_willistoni__LOC6647585__XP_002070575.1	195	195	195	180	GTC	0.0	0	below_threshold	high	0.062	False	user_msa
Drosophila_yakuba_Drosophila_yakuba__LOC6536356__XP_002096938.1	195	195	195	180	GTG	0.0	0	below_threshold	high	0.062	False	user_msa
Drosophila_ananassae_Drosophila_ananassae__LOC6500548__XP_001953433.1	196	196	196	181	GAG	0.0	0	below_threshold	high	0.062	False	user_msa
Drosophila_biarmipes_Drosophila_biarmipes__LOC108032098__XP_016961415.1	196	196	196	181	GAG	0.0	0	below_threshold	high	0.062	False	user_msa
Drosophila_mauritiana_Drosophila_mauritiana__LOC117142441__XP_033162295.1	196	196	196	181	GAG	0.0	0	below_threshold	high	0.062	False	user_msa
Drosophila_melanogaster_Drosophila_melanogaster__betaTub85D__NP_524290.2	196	196	196	181	GAG	0.0	0	below_threshold	high	0.062	False	user_msa
Drosophila_pseudoobscura_Drosophila_pseudoobscura__betaTub85D__XP_001357842.1	196	196	196	181	GAG	0.0	0	below_threshold	high	0.062	False	user_msa
Drosophila_sechellia_Drosophila_sechellia__betaTub85D__XP_002031904.1	196	196	196	181	GAG	0.0	0	below_threshold	high	0.062	False	user_msa
Drosophila_simulans_Drosophila_simulans__LOC6728793__XP_002104128.1	196	196	196	181	GAG	0.0	0	below_threshold	high	0.062	False	user_msa
Drosophila_subobscura_Drosophila_subobscura__LOC117897634__XP_034662499.1	196	196	196	181	GAG	0.0	0	below_threshold	high	0.062	False	user_msa
Drosophila_suzukii_Drosophila_suzukii__betaTub85D__XP_016937909.1	196	196	196	181	GAG	0.0	0	below_threshold	high	0.062	False	user_msa
Drosophila_virilis_Drosophila_virilis__betaTub85D__XP_002053003.1	196	196	196	181	GAG	0.0	0	below_threshold	high	0.062	False	user_msa
Drosophila_willistoni_Drosophila_willistoni__LOC6647585__XP_002070575.1	196	196	196	181	GAG	0.0	0	below_threshold	high	0.062	False	user_msa
Drosophila_yakuba_Drosophila_yakuba__LOC6536356__XP_002096938.1	196	196	196	181	GAG	0.0	0	below_threshold	high	0.062	False	user_msa
Drosophila_ananassae_Drosophila_ananassae__LOC6500548__XP_001953433.1	197	197	197	182	CCG	0.0	0	below_threshold	high	0.062	False	user_msa
Drosophila_biarmipes_Drosophila_biarmipes__LOC108032098__XP_016961415.1	197	197	197	182	CCC	0.0	0	below_threshold	high	0.062	False	user_msa
Drosophila_mauritiana_Drosophila_mauritiana__LOC117142441__XP_033162295.1	197	197	197	182	CCC	0.0	0	below_threshold	high	0.062	False	user_msa
Drosophila_melanogaster_Drosophila_melanogaster__betaTub85D__NP_524290.2	197	197	197	182	CCC	0.0	0	below_threshold	high	0.062	False	user_msa
Drosophila_pseudoobscura_Drosophila_pseudoobscura__betaTub85D__XP_001357842.1	197	197	197	182	CCC	0.0	0	below_threshold	high	0.062	False	user_msa
Drosophila_sechellia_Drosophila_sechellia__betaTub85D__XP_002031904.1	197	197	197	182	CCC	0.0	0	below_threshold	high	0.062	False	user_msa
Drosophila_simulans_Drosophila_simulans__LOC6728793__XP_002104128.1	197	197	197	182	CCC	0.0	0	below_threshold	high	0.062	False	user_msa
Drosophila_subobscura_Drosophila_subobscura__LOC117897634__XP_034662499.1	197	197	197	182	CCC	0.0	0	below_threshold	high	0.062	False	user_msa
Drosophila_suzukii_Drosophila_suzukii__betaTub85D__XP_016937909.1	197	197	197	182	CCC	0.0	0	below_threshold	high	0.062	False	user_msa
Drosophila_virilis_Drosophila_virilis__betaTub85D__XP_002053003.1	197	197	197	182	CCC	0.0	0	below_threshold	high	0.062	False	user_msa
Drosophila_willistoni_Drosophila_willistoni__LOC6647585__XP_002070575.1	197	197	197	182	CCC	0.0	0	below_threshold	high	0.062	False	user_msa
Drosophila_yakuba_Drosophila_yakuba__LOC6536356__XP_002096938.1	197	197	197	182	CCC	0.0	0	below_threshold	high	0.062	False	user_msa
Drosophila_ananassae_Drosophila_ananassae__LOC6500548__XP_001953433.1	198	198	198	183	TAC	0.0	0	below_threshold	high	0.062	False	user_msa
Drosophila_biarmipes_Drosophila_biarmipes__LOC108032098__XP_016961415.1	198	198	198	183	TAC	0.0	0	below_threshold	high	0.062	False	user_msa
Drosophila_mauritiana_Drosophila_mauritiana__LOC117142441__XP_033162295.1	198	198	198	183	TAC	0.0	0	below_threshold	high	0.062	False	user_msa
Drosophila_melanogaster_Drosophila_melanogaster__betaTub85D__NP_524290.2	198	198	198	183	TAC	0.0	0	below_threshold	high	0.062	False	user_msa
Drosophila_pseudoobscura_Drosophila_pseudoobscura__betaTub85D__XP_001357842.1	198	198	198	183	TAC	0.0	0	below_threshold	high	0.062	False	user_msa
Drosophila_sechellia_Drosophila_sechellia__betaTub85D__XP_002031904.1	198	198	198	183	TAC	0.0	0	below_threshold	high	0.062	False	user_msa
Drosophila_simulans_Drosophila_simulans__LOC6728793__XP_002104128.1	198	198	198	183	TAC	0.0	0	below_threshold	high	0.062	False	user_msa
Drosophila_subobscura_Drosophila_subobscura__LOC117897634__XP_034662499.1	198	198	198	183	TAC	0.0	0	below_threshold	high	0.062	False	user_msa
Drosophila_suzukii_Drosophila_suzukii__betaTub85D__XP_016937909.1	198	198	198	183	TAC	0.0	0	below_threshold	high	0.062	False	user_msa
Drosophila_virilis_Drosophila_virilis__betaTub85D__XP_002053003.1	198	198	198	183	TAC	0.0	0	below_threshold	high	0.062	False	user_msa
Drosophila_willistoni_Drosophila_willistoni__LOC6647585__XP_002070575.1	198	198	198	183	TAC	0.0	0	below_threshold	high	0.062	False	user_msa
Drosophila_yakuba_Drosophila_yakuba__LOC6536356__XP_002096938.1	198	198	198	183	TAC	0.0	0	below_threshold	high	0.062	False	user_msa
Drosophila_ananassae_Drosophila_ananassae__LOC6500548__XP_001953433.1	199	199	199	184	AAT	0.0	0	below_threshold	high	0.062	False	user_msa
Drosophila_biarmipes_Drosophila_biarmipes__LOC108032098__XP_016961415.1	199	199	199	184	AAC	0.0	0	below_threshold	high	0.062	False	user_msa
Drosophila_mauritiana_Drosophila_mauritiana__LOC117142441__XP_033162295.1	199	199	199	184	AAT	0.0	0	below_threshold	high	0.062	False	user_msa
Drosophila_melanogaster_Drosophila_melanogaster__betaTub85D__NP_524290.2	199	199	199	184	AAT	0.0	0	below_threshold	high	0.062	False	user_msa
Drosophila_pseudoobscura_Drosophila_pseudoobscura__betaTub85D__XP_001357842.1	199	199	199	184	AAT	0.0	0	below_threshold	high	0.062	False	user_msa
Drosophila_sechellia_Drosophila_sechellia__betaTub85D__XP_002031904.1	199	199	199	184	AAC	0.0	0	below_threshold	high	0.062	False	user_msa
Drosophila_simulans_Drosophila_simulans__LOC6728793__XP_002104128.1	199	199	199	184	AAC	0.0	0	below_threshold	high	0.062	False	user_msa
Drosophila_subobscura_Drosophila_subobscura__LOC117897634__XP_034662499.1	199	199	199	184	AAT	0.0	0	below_threshold	high	0.062	False	user_msa
Drosophila_suzukii_Drosophila_suzukii__betaTub85D__XP_016937909.1	199	199	199	184	AAC	0.0	0	below_threshold	high	0.062	False	user_msa
Drosophila_virilis_Drosophila_virilis__betaTub85D__XP_002053003.1	199	199	199	184	AAT	0.0	0	below_threshold	high	0.062	False	user_msa
Drosophila_willistoni_Drosophila_willistoni__LOC6647585__XP_002070575.1	199	199	199	184	AAT	0.0	0	below_threshold	high	0.062	False	user_msa
Drosophila_yakuba_Drosophila_yakuba__LOC6536356__XP_002096938.1	199	199	199	184	AAT	0.0	0	below_threshold	high	0.062	False	user_msa
Drosophila_ananassae_Drosophila_ananassae__LOC6500548__XP_001953433.1	200	200	200	185	GCC	0.0	0	below_threshold	high	0.062	False	user_msa
Drosophila_biarmipes_Drosophila_biarmipes__LOC108032098__XP_016961415.1	200	200	200	185	GCC	0.0	0	below_threshold	high	0.062	False	user_msa
Drosophila_mauritiana_Drosophila_mauritiana__LOC117142441__XP_033162295.1	200	200	200	185	GCC	0.0	0	below_threshold	high	0.062	False	user_msa
Drosophila_melanogaster_Drosophila_melanogaster__betaTub85D__NP_524290.2	200	200	200	185	GCC	0.0	0	below_threshold	high	0.062	False	user_msa
Drosophila_pseudoobscura_Drosophila_pseudoobscura__betaTub85D__XP_001357842.1	200	200	200	185	GCC	0.0	0	below_threshold	high	0.062	False	user_msa
Drosophila_sechellia_Drosophila_sechellia__betaTub85D__XP_002031904.1	200	200	200	185	GCC	0.0	0	below_threshold	high	0.062	False	user_msa
Drosophila_simulans_Drosophila_simulans__LOC6728793__XP_002104128.1	200	200	200	185	GCC	0.0	0	below_threshold	high	0.062	False	user_msa
Drosophila_subobscura_Drosophila_subobscura__LOC117897634__XP_034662499.1	200	200	200	185	GCC	0.0	0	below_threshold	high	0.062	False	user_msa
Drosophila_suzukii_Drosophila_suzukii__betaTub85D__XP_016937909.1	200	200	200	185	GCC	0.0	0	below_threshold	high	0.062	False	user_msa
Drosophila_virilis_Drosophila_virilis__betaTub85D__XP_002053003.1	200	200	200	185	GCT	0.0	0	below_threshold	high	0.062	False	user_msa
Drosophila_willistoni_Drosophila_willistoni__LOC6647585__XP_002070575.1	200	200	200	185	GCC	0.0	0	below_threshold	high	0.062	False	user_msa
Drosophila_yakuba_Drosophila_yakuba__LOC6536356__XP_002096938.1	200	200	200	185	GCC	0.0	0	below_threshold	high	0.062	False	user_msa
Drosophila_ananassae_Drosophila_ananassae__LOC6500548__XP_001953433.1	201	201	201	186	ACC	0.0	0	below_threshold	high	0.062	False	user_msa
Drosophila_biarmipes_Drosophila_biarmipes__LOC108032098__XP_016961415.1	201	201	201	186	ACC	0.0	0	below_threshold	high	0.062	False	user_msa
Drosophila_mauritiana_Drosophila_mauritiana__LOC117142441__XP_033162295.1	201	201	201	186	ACC	0.0	0	below_threshold	high	0.062	False	user_msa
Drosophila_melanogaster_Drosophila_melanogaster__betaTub85D__NP_524290.2	201	201	201	186	ACC	0.0	0	below_threshold	high	0.062	False	user_msa
Drosophila_pseudoobscura_Drosophila_pseudoobscura__betaTub85D__XP_001357842.1	201	201	201	186	ACC	0.0	0	below_threshold	high	0.062	False	user_msa
Drosophila_sechellia_Drosophila_sechellia__betaTub85D__XP_002031904.1	201	201	201	186	ACC	0.0	0	below_threshold	high	0.062	False	user_msa
Drosophila_simulans_Drosophila_simulans__LOC6728793__XP_002104128.1	201	201	201	186	ACC	0.0	0	below_threshold	high	0.062	False	user_msa
Drosophila_subobscura_Drosophila_subobscura__LOC117897634__XP_034662499.1	201	201	201	186	ACC	0.0	0	below_threshold	high	0.062	False	user_msa
Drosophila_suzukii_Drosophila_suzukii__betaTub85D__XP_016937909.1	201	201	201	186	ACC	0.0	0	below_threshold	high	0.062	False	user_msa
Drosophila_virilis_Drosophila_virilis__betaTub85D__XP_002053003.1	201	201	201	186	ACC	0.0	0	below_threshold	high	0.062	False	user_msa
Drosophila_willistoni_Drosophila_willistoni__LOC6647585__XP_002070575.1	201	201	201	186	ACA	0.0	0	below_threshold	high	0.062	False	user_msa
Drosophila_yakuba_Drosophila_yakuba__LOC6536356__XP_002096938.1	201	201	201	186	ACC	0.0	0	below_threshold	high	0.062	False	user_msa
Drosophila_ananassae_Drosophila_ananassae__LOC6500548__XP_001953433.1	202	202	202	187	CTA	0.0	0	below_threshold	high	0.062	False	user_msa
Drosophila_biarmipes_Drosophila_biarmipes__LOC108032098__XP_016961415.1	202	202	202	187	TTG	0.0	0	below_threshold	high	0.062	False	user_msa
Drosophila_mauritiana_Drosophila_mauritiana__LOC117142441__XP_033162295.1	202	202	202	187	CTG	0.0	0	below_threshold	high	0.062	False	user_msa
Drosophila_melanogaster_Drosophila_melanogaster__betaTub85D__NP_524290.2	202	202	202	187	CTG	0.0	0	below_threshold	high	0.062	False	user_msa
Drosophila_pseudoobscura_Drosophila_pseudoobscura__betaTub85D__XP_001357842.1	202	202	202	187	TTG	0.0	0	below_threshold	high	0.062	False	user_msa
Drosophila_sechellia_Drosophila_sechellia__betaTub85D__XP_002031904.1	202	202	202	187	CTG	0.0	0	below_threshold	high	0.062	False	user_msa
Drosophila_simulans_Drosophila_simulans__LOC6728793__XP_002104128.1	202	202	202	187	CTG	0.0	0	below_threshold	high	0.062	False	user_msa
Drosophila_subobscura_Drosophila_subobscura__LOC117897634__XP_034662499.1	202	202	202	187	CTA	0.0	0	below_threshold	high	0.062	False	user_msa
Drosophila_suzukii_Drosophila_suzukii__betaTub85D__XP_016937909.1	202	202	202	187	TTG	0.0	0	below_threshold	high	0.062	False	user_msa
Drosophila_virilis_Drosophila_virilis__betaTub85D__XP_002053003.1	202	202	202	187	CTA	0.0	0	below_threshold	high	0.062	False	user_msa
Drosophila_willistoni_Drosophila_willistoni__LOC6647585__XP_002070575.1	202	202	202	187	TTG	0.0	0	below_threshold	high	0.062	False	user_msa
Drosophila_yakuba_Drosophila_yakuba__LOC6536356__XP_002096938.1	202	202	202	187	CTA	0.0	0	below_threshold	high	0.062	False	user_msa
Drosophila_ananassae_Drosophila_ananassae__LOC6500548__XP_001953433.1	203	203	203	188	AGT	0.0	0	below_threshold	high	0.062	False	user_msa
Drosophila_biarmipes_Drosophila_biarmipes__LOC108032098__XP_016961415.1	203	203	203	188	AGT	0.0	0	below_threshold	high	0.062	False	user_msa
Drosophila_mauritiana_Drosophila_mauritiana__LOC117142441__XP_033162295.1	203	203	203	188	AGT	0.0	0	below_threshold	high	0.062	False	user_msa
Drosophila_melanogaster_Drosophila_melanogaster__betaTub85D__NP_524290.2	203	203	203	188	AGT	0.0	0	below_threshold	high	0.062	False	user_msa
Drosophila_pseudoobscura_Drosophila_pseudoobscura__betaTub85D__XP_001357842.1	203	203	203	188	AGT	0.0	0	below_threshold	high	0.062	False	user_msa
Drosophila_sechellia_Drosophila_sechellia__betaTub85D__XP_002031904.1	203	203	203	188	AGT	0.0	0	below_threshold	high	0.062	False	user_msa
Drosophila_simulans_Drosophila_simulans__LOC6728793__XP_002104128.1	203	203	203	188	AGT	0.0	0	below_threshold	high	0.062	False	user_msa
Drosophila_subobscura_Drosophila_subobscura__LOC117897634__XP_034662499.1	203	203	203	188	AGT	0.0	0	below_threshold	high	0.062	False	user_msa
Drosophila_suzukii_Drosophila_suzukii__betaTub85D__XP_016937909.1	203	203	203	188	AGT	0.0	0	below_threshold	high	0.062	False	user_msa
Drosophila_virilis_Drosophila_virilis__betaTub85D__XP_002053003.1	203	203	203	188	AGT	0.0	0	below_threshold	high	0.062	False	user_msa
Drosophila_willistoni_Drosophila_willistoni__LOC6647585__XP_002070575.1	203	203	203	188	AGC	0.0	0	below_threshold	high	0.062	False	user_msa
Drosophila_yakuba_Drosophila_yakuba__LOC6536356__XP_002096938.1	203	203	203	188	AGT	0.0	0	below_threshold	high	0.062	False	user_msa
Drosophila_ananassae_Drosophila_ananassae__LOC6500548__XP_001953433.1	204	204	204	189	GTG	0.0	0	below_threshold	high	0.062	False	user_msa
Drosophila_biarmipes_Drosophila_biarmipes__LOC108032098__XP_016961415.1	204	204	204	189	GTG	0.0	0	below_threshold	high	0.062	False	user_msa
Drosophila_mauritiana_Drosophila_mauritiana__LOC117142441__XP_033162295.1	204	204	204	189	GTG	0.0	0	below_threshold	high	0.062	False	user_msa
Drosophila_melanogaster_Drosophila_melanogaster__betaTub85D__NP_524290.2	204	204	204	189	GTG	0.0	0	below_threshold	high	0.062	False	user_msa
Drosophila_pseudoobscura_Drosophila_pseudoobscura__betaTub85D__XP_001357842.1	204	204	204	189	GTG	0.0	0	below_threshold	high	0.062	False	user_msa
Drosophila_sechellia_Drosophila_sechellia__betaTub85D__XP_002031904.1	204	204	204	189	GTG	0.0	0	below_threshold	high	0.062	False	user_msa
Drosophila_simulans_Drosophila_simulans__LOC6728793__XP_002104128.1	204	204	204	189	GTG	0.0	0	below_threshold	high	0.062	False	user_msa
Drosophila_subobscura_Drosophila_subobscura__LOC117897634__XP_034662499.1	204	204	204	189	GTG	0.0	0	below_threshold	high	0.062	False	user_msa
Drosophila_suzukii_Drosophila_suzukii__betaTub85D__XP_016937909.1	204	204	204	189	GTG	0.0	0	below_threshold	high	0.062	False	user_msa
Drosophila_virilis_Drosophila_virilis__betaTub85D__XP_002053003.1	204	204	204	189	GTT	0.0	0	below_threshold	high	0.062	False	user_msa
Drosophila_willistoni_Drosophila_willistoni__LOC6647585__XP_002070575.1	204	204	204	189	GTC	0.0	0	below_threshold	high	0.062	False	user_msa
Drosophila_yakuba_Drosophila_yakuba__LOC6536356__XP_002096938.1	204	204	204	189	GTG	0.0	0	below_threshold	high	0.062	False	user_msa
Drosophila_ananassae_Drosophila_ananassae__LOC6500548__XP_001953433.1	205	205	205	190	CAC	0.0	0	below_threshold	high	0.062	False	user_msa
Drosophila_biarmipes_Drosophila_biarmipes__LOC108032098__XP_016961415.1	205	205	205	190	CAC	0.0	0	below_threshold	high	0.062	False	user_msa
Drosophila_mauritiana_Drosophila_mauritiana__LOC117142441__XP_033162295.1	205	205	205	190	CAT	0.0	0	below_threshold	high	0.062	False	user_msa
Drosophila_melanogaster_Drosophila_melanogaster__betaTub85D__NP_524290.2	205	205	205	190	CAT	0.0	0	below_threshold	high	0.062	False	user_msa
Drosophila_pseudoobscura_Drosophila_pseudoobscura__betaTub85D__XP_001357842.1	205	205	205	190	CAT	0.0	0	below_threshold	high	0.062	False	user_msa
Drosophila_sechellia_Drosophila_sechellia__betaTub85D__XP_002031904.1	205	205	205	190	CAT	0.0	0	below_threshold	high	0.062	False	user_msa
Drosophila_simulans_Drosophila_simulans__LOC6728793__XP_002104128.1	205	205	205	190	CAT	0.0	0	below_threshold	high	0.062	False	user_msa
Drosophila_subobscura_Drosophila_subobscura__LOC117897634__XP_034662499.1	205	205	205	190	CAT	0.0	0	below_threshold	high	0.062	False	user_msa
Drosophila_suzukii_Drosophila_suzukii__betaTub85D__XP_016937909.1	205	205	205	190	CAC	0.0	0	below_threshold	high	0.062	False	user_msa
Drosophila_virilis_Drosophila_virilis__betaTub85D__XP_002053003.1	205	205	205	190	CAC	0.0	0	below_threshold	high	0.062	False	user_msa
Drosophila_willistoni_Drosophila_willistoni__LOC6647585__XP_002070575.1	205	205	205	190	CAT	0.0	0	below_threshold	high	0.062	False	user_msa
Drosophila_yakuba_Drosophila_yakuba__LOC6536356__XP_002096938.1	205	205	205	190	CAC	0.0	0	below_threshold	high	0.062	False	user_msa
Drosophila_ananassae_Drosophila_ananassae__LOC6500548__XP_001953433.1	206	206	206	191	CAG	0.0	0	below_threshold	high	0.062	False	user_msa
Drosophila_biarmipes_Drosophila_biarmipes__LOC108032098__XP_016961415.1	206	206	206	191	CAG	0.0	0	below_threshold	high	0.062	False	user_msa
Drosophila_mauritiana_Drosophila_mauritiana__LOC117142441__XP_033162295.1	206	206	206	191	CAG	0.0	0	below_threshold	high	0.062	False	user_msa
Drosophila_melanogaster_Drosophila_melanogaster__betaTub85D__NP_524290.2	206	206	206	191	CAG	0.0	0	below_threshold	high	0.062	False	user_msa
Drosophila_pseudoobscura_Drosophila_pseudoobscura__betaTub85D__XP_001357842.1	206	206	206	191	CAG	0.0	0	below_threshold	high	0.062	False	user_msa
Drosophila_sechellia_Drosophila_sechellia__betaTub85D__XP_002031904.1	206	206	206	191	CAG	0.0	0	below_threshold	high	0.062	False	user_msa
Drosophila_simulans_Drosophila_simulans__LOC6728793__XP_002104128.1	206	206	206	191	CAG	0.0	0	below_threshold	high	0.062	False	user_msa
Drosophila_subobscura_Drosophila_subobscura__LOC117897634__XP_034662499.1	206	206	206	191	CAG	0.0	0	below_threshold	high	0.062	False	user_msa
Drosophila_suzukii_Drosophila_suzukii__betaTub85D__XP_016937909.1	206	206	206	191	CAG	0.0	0	below_threshold	high	0.062	False	user_msa
Drosophila_virilis_Drosophila_virilis__betaTub85D__XP_002053003.1	206	206	206	191	CAG	0.0	0	below_threshold	high	0.062	False	user_msa
Drosophila_willistoni_Drosophila_willistoni__LOC6647585__XP_002070575.1	206	206	206	191	CAG	0.0	0	below_threshold	high	0.062	False	user_msa
Drosophila_yakuba_Drosophila_yakuba__LOC6536356__XP_002096938.1	206	206	206	191	CAG	0.0	0	below_threshold	high	0.062	False	user_msa
Drosophila_ananassae_Drosophila_ananassae__LOC6500548__XP_001953433.1	207	207	207	192	CTG	0.0	0	below_threshold	high	0.062	False	user_msa
Drosophila_biarmipes_Drosophila_biarmipes__LOC108032098__XP_016961415.1	207	207	207	192	CTG	0.0	0	below_threshold	high	0.062	False	user_msa
Drosophila_mauritiana_Drosophila_mauritiana__LOC117142441__XP_033162295.1	207	207	207	192	CTG	0.0	0	below_threshold	high	0.062	False	user_msa
Drosophila_melanogaster_Drosophila_melanogaster__betaTub85D__NP_524290.2	207	207	207	192	CTG	0.0	0	below_threshold	high	0.062	False	user_msa
Drosophila_pseudoobscura_Drosophila_pseudoobscura__betaTub85D__XP_001357842.1	207	207	207	192	CTG	0.0	0	below_threshold	high	0.062	False	user_msa
Drosophila_sechellia_Drosophila_sechellia__betaTub85D__XP_002031904.1	207	207	207	192	CTG	0.0	0	below_threshold	high	0.062	False	user_msa
Drosophila_simulans_Drosophila_simulans__LOC6728793__XP_002104128.1	207	207	207	192	CTG	0.0	0	below_threshold	high	0.062	False	user_msa
Drosophila_subobscura_Drosophila_subobscura__LOC117897634__XP_034662499.1	207	207	207	192	CTT	0.0	0	below_threshold	high	0.062	False	user_msa
Drosophila_suzukii_Drosophila_suzukii__betaTub85D__XP_016937909.1	207	207	207	192	CTG	0.0	0	below_threshold	high	0.062	False	user_msa
Drosophila_virilis_Drosophila_virilis__betaTub85D__XP_002053003.1	207	207	207	192	CTG	0.0	0	below_threshold	high	0.062	False	user_msa
Drosophila_willistoni_Drosophila_willistoni__LOC6647585__XP_002070575.1	207	207	207	192	TTG	0.0	0	below_threshold	high	0.062	False	user_msa
Drosophila_yakuba_Drosophila_yakuba__LOC6536356__XP_002096938.1	207	207	207	192	CTG	0.0	0	below_threshold	high	0.062	False	user_msa
Drosophila_ananassae_Drosophila_ananassae__LOC6500548__XP_001953433.1	208	208	208	193	GTG	0.0	0	below_threshold	high	0.062	False	user_msa
Drosophila_biarmipes_Drosophila_biarmipes__LOC108032098__XP_016961415.1	208	208	208	193	GTG	0.0	0	below_threshold	high	0.062	False	user_msa
Drosophila_mauritiana_Drosophila_mauritiana__LOC117142441__XP_033162295.1	208	208	208	193	GTG	0.0	0	below_threshold	high	0.062	False	user_msa
Drosophila_melanogaster_Drosophila_melanogaster__betaTub85D__NP_524290.2	208	208	208	193	GTG	0.0	0	below_threshold	high	0.062	False	user_msa
Drosophila_pseudoobscura_Drosophila_pseudoobscura__betaTub85D__XP_001357842.1	208	208	208	193	GTG	0.0	0	below_threshold	high	0.062	False	user_msa
Drosophila_sechellia_Drosophila_sechellia__betaTub85D__XP_002031904.1	208	208	208	193	GTG	0.0	0	below_threshold	high	0.062	False	user_msa
Drosophila_simulans_Drosophila_simulans__LOC6728793__XP_002104128.1	208	208	208	193	GTG	0.0	0	below_threshold	high	0.062	False	user_msa
Drosophila_subobscura_Drosophila_subobscura__LOC117897634__XP_034662499.1	208	208	208	193	GTG	0.0	0	below_threshold	high	0.062	False	user_msa
Drosophila_suzukii_Drosophila_suzukii__betaTub85D__XP_016937909.1	208	208	208	193	GTT	0.0	0	below_threshold	high	0.062	False	user_msa
Drosophila_virilis_Drosophila_virilis__betaTub85D__XP_002053003.1	208	208	208	193	GTC	0.0	0	below_threshold	high	0.062	False	user_msa
Drosophila_willistoni_Drosophila_willistoni__LOC6647585__XP_002070575.1	208	208	208	193	GTG	0.0	0	below_threshold	high	0.062	False	user_msa
Drosophila_yakuba_Drosophila_yakuba__LOC6536356__XP_002096938.1	208	208	208	193	GTG	0.0	0	below_threshold	high	0.062	False	user_msa
Drosophila_ananassae_Drosophila_ananassae__LOC6500548__XP_001953433.1	209	209	209	194	GAG	0.0	0	below_threshold	high	0.062	False	user_msa
Drosophila_biarmipes_Drosophila_biarmipes__LOC108032098__XP_016961415.1	209	209	209	194	GAG	0.0	0	below_threshold	high	0.062	False	user_msa
Drosophila_mauritiana_Drosophila_mauritiana__LOC117142441__XP_033162295.1	209	209	209	194	GAG	0.0	0	below_threshold	high	0.062	False	user_msa
Drosophila_melanogaster_Drosophila_melanogaster__betaTub85D__NP_524290.2	209	209	209	194	GAG	0.0	0	below_threshold	high	0.062	False	user_msa
Drosophila_pseudoobscura_Drosophila_pseudoobscura__betaTub85D__XP_001357842.1	209	209	209	194	GAG	0.0	0	below_threshold	high	0.062	False	user_msa
Drosophila_sechellia_Drosophila_sechellia__betaTub85D__XP_002031904.1	209	209	209	194	GAG	0.0	0	below_threshold	high	0.062	False	user_msa
Drosophila_simulans_Drosophila_simulans__LOC6728793__XP_002104128.1	209	209	209	194	GAG	0.0	0	below_threshold	high	0.062	False	user_msa
Drosophila_subobscura_Drosophila_subobscura__LOC117897634__XP_034662499.1	209	209	209	194	GAG	0.0	0	below_threshold	high	0.062	False	user_msa
Drosophila_suzukii_Drosophila_suzukii__betaTub85D__XP_016937909.1	209	209	209	194	GAG	0.0	0	below_threshold	high	0.062	False	user_msa
Drosophila_virilis_Drosophila_virilis__betaTub85D__XP_002053003.1	209	209	209	194	GAG	0.0	0	below_threshold	high	0.062	False	user_msa
Drosophila_willistoni_Drosophila_willistoni__LOC6647585__XP_002070575.1	209	209	209	194	GAG	0.0	0	below_threshold	high	0.062	False	user_msa
Drosophila_yakuba_Drosophila_yakuba__LOC6536356__XP_002096938.1	209	209	209	194	GAG	0.0	0	below_threshold	high	0.062	False	user_msa
Drosophila_ananassae_Drosophila_ananassae__LOC6500548__XP_001953433.1	210	210	210	195	AAC	0.0	0	below_threshold	high	0.062	False	user_msa
Drosophila_biarmipes_Drosophila_biarmipes__LOC108032098__XP_016961415.1	210	210	210	195	AAC	0.0	0	below_threshold	high	0.062	False	user_msa
Drosophila_mauritiana_Drosophila_mauritiana__LOC117142441__XP_033162295.1	210	210	210	195	AAC	0.0	0	below_threshold	high	0.062	False	user_msa
Drosophila_melanogaster_Drosophila_melanogaster__betaTub85D__NP_524290.2	210	210	210	195	AAC	0.0	0	below_threshold	high	0.062	False	user_msa
Drosophila_pseudoobscura_Drosophila_pseudoobscura__betaTub85D__XP_001357842.1	210	210	210	195	AAC	0.0	0	below_threshold	high	0.062	False	user_msa
Drosophila_sechellia_Drosophila_sechellia__betaTub85D__XP_002031904.1	210	210	210	195	AAT	0.0	0	below_threshold	high	0.062	False	user_msa
Drosophila_simulans_Drosophila_simulans__LOC6728793__XP_002104128.1	210	210	210	195	AAT	0.0	0	below_threshold	high	0.062	False	user_msa
Drosophila_subobscura_Drosophila_subobscura__LOC117897634__XP_034662499.1	210	210	210	195	AAC	0.0	0	below_threshold	high	0.062	False	user_msa
Drosophila_suzukii_Drosophila_suzukii__betaTub85D__XP_016937909.1	210	210	210	195	AAC	0.0	0	below_threshold	high	0.062	False	user_msa
Drosophila_virilis_Drosophila_virilis__betaTub85D__XP_002053003.1	210	210	210	195	AAC	0.0	0	below_threshold	high	0.062	False	user_msa
Drosophila_willistoni_Drosophila_willistoni__LOC6647585__XP_002070575.1	210	210	210	195	AAT	0.0	0	below_threshold	high	0.062	False	user_msa
Drosophila_yakuba_Drosophila_yakuba__LOC6536356__XP_002096938.1	210	210	210	195	AAC	0.0	0	below_threshold	high	0.062	False	user_msa
Drosophila_ananassae_Drosophila_ananassae__LOC6500548__XP_001953433.1	211	211	211	196	ACT	0.0	0	below_threshold	high	0.062	False	user_msa
Drosophila_biarmipes_Drosophila_biarmipes__LOC108032098__XP_016961415.1	211	211	211	196	ACC	0.0	0	below_threshold	high	0.062	False	user_msa
Drosophila_mauritiana_Drosophila_mauritiana__LOC117142441__XP_033162295.1	211	211	211	196	ACG	0.0	0	below_threshold	high	0.062	False	user_msa
Drosophila_melanogaster_Drosophila_melanogaster__betaTub85D__NP_524290.2	211	211	211	196	ACC	0.0	0	below_threshold	high	0.062	False	user_msa
Drosophila_pseudoobscura_Drosophila_pseudoobscura__betaTub85D__XP_001357842.1	211	211	211	196	ACC	0.0	0	below_threshold	high	0.062	False	user_msa
Drosophila_sechellia_Drosophila_sechellia__betaTub85D__XP_002031904.1	211	211	211	196	ACG	0.0	0	below_threshold	high	0.062	False	user_msa
Drosophila_simulans_Drosophila_simulans__LOC6728793__XP_002104128.1	211	211	211	196	ACG	0.0	0	below_threshold	high	0.062	False	user_msa
Drosophila_subobscura_Drosophila_subobscura__LOC117897634__XP_034662499.1	211	211	211	196	ACC	0.0	0	below_threshold	high	0.062	False	user_msa
Drosophila_suzukii_Drosophila_suzukii__betaTub85D__XP_016937909.1	211	211	211	196	ACC	0.0	0	below_threshold	high	0.062	False	user_msa
Drosophila_virilis_Drosophila_virilis__betaTub85D__XP_002053003.1	211	211	211	196	ACT	0.0	0	below_threshold	high	0.062	False	user_msa
Drosophila_willistoni_Drosophila_willistoni__LOC6647585__XP_002070575.1	211	211	211	196	ACA	0.0	0	below_threshold	high	0.062	False	user_msa
Drosophila_yakuba_Drosophila_yakuba__LOC6536356__XP_002096938.1	211	211	211	196	ACG	0.0	0	below_threshold	high	0.062	False	user_msa
Drosophila_ananassae_Drosophila_ananassae__LOC6500548__XP_001953433.1	212	212	212	197	GAC	0.0	0	below_threshold	high	0.062	False	user_msa
Drosophila_biarmipes_Drosophila_biarmipes__LOC108032098__XP_016961415.1	212	212	212	197	GAT	0.0	0	below_threshold	high	0.062	False	user_msa
Drosophila_mauritiana_Drosophila_mauritiana__LOC117142441__XP_033162295.1	212	212	212	197	GAT	0.0	0	below_threshold	high	0.062	False	user_msa
Drosophila_melanogaster_Drosophila_melanogaster__betaTub85D__NP_524290.2	212	212	212	197	GAT	0.0	0	below_threshold	high	0.062	False	user_msa
Drosophila_pseudoobscura_Drosophila_pseudoobscura__betaTub85D__XP_001357842.1	212	212	212	197	GAT	0.0	0	below_threshold	high	0.062	False	user_msa
Drosophila_sechellia_Drosophila_sechellia__betaTub85D__XP_002031904.1	212	212	212	197	GAT	0.0	0	below_threshold	high	0.062	False	user_msa
Drosophila_simulans_Drosophila_simulans__LOC6728793__XP_002104128.1	212	212	212	197	GAT	0.0	0	below_threshold	high	0.062	False	user_msa
Drosophila_subobscura_Drosophila_subobscura__LOC117897634__XP_034662499.1	212	212	212	197	GAT	0.0	0	below_threshold	high	0.062	False	user_msa
Drosophila_suzukii_Drosophila_suzukii__betaTub85D__XP_016937909.1	212	212	212	197	GAT	0.0	0	below_threshold	high	0.062	False	user_msa
Drosophila_virilis_Drosophila_virilis__betaTub85D__XP_002053003.1	212	212	212	197	GAT	0.0	0	below_threshold	high	0.062	False	user_msa
Drosophila_willistoni_Drosophila_willistoni__LOC6647585__XP_002070575.1	212	212	212	197	GAT	0.0	0	below_threshold	high	0.062	False	user_msa
Drosophila_yakuba_Drosophila_yakuba__LOC6536356__XP_002096938.1	212	212	212	197	GAT	0.0	0	below_threshold	high	0.062	False	user_msa
Drosophila_ananassae_Drosophila_ananassae__LOC6500548__XP_001953433.1	213	213	213	198	GAG	0.0	0	below_threshold	high	0.062	False	user_msa
Drosophila_biarmipes_Drosophila_biarmipes__LOC108032098__XP_016961415.1	213	213	213	198	GAG	0.0	0	below_threshold	high	0.062	False	user_msa
Drosophila_mauritiana_Drosophila_mauritiana__LOC117142441__XP_033162295.1	213	213	213	198	GAG	0.0	0	below_threshold	high	0.062	False	user_msa
Drosophila_melanogaster_Drosophila_melanogaster__betaTub85D__NP_524290.2	213	213	213	198	GAG	0.0	0	below_threshold	high	0.062	False	user_msa
Drosophila_pseudoobscura_Drosophila_pseudoobscura__betaTub85D__XP_001357842.1	213	213	213	198	GAG	0.0	0	below_threshold	high	0.062	False	user_msa
Drosophila_sechellia_Drosophila_sechellia__betaTub85D__XP_002031904.1	213	213	213	198	GAG	0.0	0	below_threshold	high	0.062	False	user_msa
Drosophila_simulans_Drosophila_simulans__LOC6728793__XP_002104128.1	213	213	213	198	GAG	0.0	0	below_threshold	high	0.062	False	user_msa
Drosophila_subobscura_Drosophila_subobscura__LOC117897634__XP_034662499.1	213	213	213	198	GAG	0.0	0	below_threshold	high	0.062	False	user_msa
Drosophila_suzukii_Drosophila_suzukii__betaTub85D__XP_016937909.1	213	213	213	198	GAG	0.0	0	below_threshold	high	0.062	False	user_msa
Drosophila_virilis_Drosophila_virilis__betaTub85D__XP_002053003.1	213	213	213	198	GAG	0.0	0	below_threshold	high	0.062	False	user_msa
Drosophila_willistoni_Drosophila_willistoni__LOC6647585__XP_002070575.1	213	213	213	198	GAG	0.0	0	below_threshold	high	0.062	False	user_msa
Drosophila_yakuba_Drosophila_yakuba__LOC6536356__XP_002096938.1	213	213	213	198	GAG	0.0	0	below_threshold	high	0.062	False	user_msa
Drosophila_ananassae_Drosophila_ananassae__LOC6500548__XP_001953433.1	214	214	214	199	ACG	0.0	0	below_threshold	high	0.062	False	user_msa
Drosophila_biarmipes_Drosophila_biarmipes__LOC108032098__XP_016961415.1	214	214	214	199	ACG	0.0	0	below_threshold	high	0.062	False	user_msa
Drosophila_mauritiana_Drosophila_mauritiana__LOC117142441__XP_033162295.1	214	214	214	199	ACG	0.0	0	below_threshold	high	0.062	False	user_msa
Drosophila_melanogaster_Drosophila_melanogaster__betaTub85D__NP_524290.2	214	214	214	199	ACG	0.0	0	below_threshold	high	0.062	False	user_msa
Drosophila_pseudoobscura_Drosophila_pseudoobscura__betaTub85D__XP_001357842.1	214	214	214	199	ACG	0.0	0	below_threshold	high	0.062	False	user_msa
Drosophila_sechellia_Drosophila_sechellia__betaTub85D__XP_002031904.1	214	214	214	199	ACC	0.0	0	below_threshold	high	0.062	False	user_msa
Drosophila_simulans_Drosophila_simulans__LOC6728793__XP_002104128.1	214	214	214	199	ACG	0.0	0	below_threshold	high	0.062	False	user_msa
Drosophila_subobscura_Drosophila_subobscura__LOC117897634__XP_034662499.1	214	214	214	199	ACG	0.0	0	below_threshold	high	0.062	False	user_msa
Drosophila_suzukii_Drosophila_suzukii__betaTub85D__XP_016937909.1	214	214	214	199	ACC	0.0	0	below_threshold	high	0.062	False	user_msa
Drosophila_virilis_Drosophila_virilis__betaTub85D__XP_002053003.1	214	214	214	199	ACG	0.0	0	below_threshold	high	0.062	False	user_msa
Drosophila_willistoni_Drosophila_willistoni__LOC6647585__XP_002070575.1	214	214	214	199	ACG	0.0	0	below_threshold	high	0.062	False	user_msa
Drosophila_yakuba_Drosophila_yakuba__LOC6536356__XP_002096938.1	214	214	214	199	ACG	0.0	0	below_threshold	high	0.062	False	user_msa
Drosophila_ananassae_Drosophila_ananassae__LOC6500548__XP_001953433.1	215	215	215	200	TAC	0.0	0	below_threshold	high	0.062	False	user_msa
Drosophila_biarmipes_Drosophila_biarmipes__LOC108032098__XP_016961415.1	215	215	215	200	TAC	0.0	0	below_threshold	high	0.062	False	user_msa
Drosophila_mauritiana_Drosophila_mauritiana__LOC117142441__XP_033162295.1	215	215	215	200	TAC	0.0	0	below_threshold	high	0.062	False	user_msa
Drosophila_melanogaster_Drosophila_melanogaster__betaTub85D__NP_524290.2	215	215	215	200	TAC	0.0	0	below_threshold	high	0.062	False	user_msa
Drosophila_pseudoobscura_Drosophila_pseudoobscura__betaTub85D__XP_001357842.1	215	215	215	200	TAC	0.0	0	below_threshold	high	0.062	False	user_msa
Drosophila_sechellia_Drosophila_sechellia__betaTub85D__XP_002031904.1	215	215	215	200	TAC	0.0	0	below_threshold	high	0.062	False	user_msa
Drosophila_simulans_Drosophila_simulans__LOC6728793__XP_002104128.1	215	215	215	200	TAC	0.0	0	below_threshold	high	0.062	False	user_msa
Drosophila_subobscura_Drosophila_subobscura__LOC117897634__XP_034662499.1	215	215	215	200	TAC	0.0	0	below_threshold	high	0.062	False	user_msa
Drosophila_suzukii_Drosophila_suzukii__betaTub85D__XP_016937909.1	215	215	215	200	TAC	0.0	0	below_threshold	high	0.062	False	user_msa
Drosophila_virilis_Drosophila_virilis__betaTub85D__XP_002053003.1	215	215	215	200	TAC	0.0	0	below_threshold	high	0.062	False	user_msa
Drosophila_willistoni_Drosophila_willistoni__LOC6647585__XP_002070575.1	215	215	215	200	TAC	0.0	0	below_threshold	high	0.062	False	user_msa
Drosophila_yakuba_Drosophila_yakuba__LOC6536356__XP_002096938.1	215	215	215	200	TAC	0.0	0	below_threshold	high	0.062	False	user_msa
Drosophila_ananassae_Drosophila_ananassae__LOC6500548__XP_001953433.1	216	216	216	201	TGC	0.0	0	below_threshold	high	0.062	False	user_msa
Drosophila_biarmipes_Drosophila_biarmipes__LOC108032098__XP_016961415.1	216	216	216	201	TGC	0.0	0	below_threshold	high	0.062	False	user_msa
Drosophila_mauritiana_Drosophila_mauritiana__LOC117142441__XP_033162295.1	216	216	216	201	TGC	0.0	0	below_threshold	high	0.062	False	user_msa
Drosophila_melanogaster_Drosophila_melanogaster__betaTub85D__NP_524290.2	216	216	216	201	TGC	0.0	0	below_threshold	high	0.062	False	user_msa
Drosophila_pseudoobscura_Drosophila_pseudoobscura__betaTub85D__XP_001357842.1	216	216	216	201	TGC	0.0	0	below_threshold	high	0.062	False	user_msa
Drosophila_sechellia_Drosophila_sechellia__betaTub85D__XP_002031904.1	216	216	216	201	TGC	0.0	0	below_threshold	high	0.062	False	user_msa
Drosophila_simulans_Drosophila_simulans__LOC6728793__XP_002104128.1	216	216	216	201	TGC	0.0	0	below_threshold	high	0.062	False	user_msa
Drosophila_subobscura_Drosophila_subobscura__LOC117897634__XP_034662499.1	216	216	216	201	TGC	0.0	0	below_threshold	high	0.062	False	user_msa
Drosophila_suzukii_Drosophila_suzukii__betaTub85D__XP_016937909.1	216	216	216	201	TGC	0.0	0	below_threshold	high	0.062	False	user_msa
Drosophila_virilis_Drosophila_virilis__betaTub85D__XP_002053003.1	216	216	216	201	TGC	0.0	0	below_threshold	high	0.062	False	user_msa
Drosophila_willistoni_Drosophila_willistoni__LOC6647585__XP_002070575.1	216	216	216	201	TGC	0.0	0	below_threshold	high	0.062	False	user_msa
Drosophila_yakuba_Drosophila_yakuba__LOC6536356__XP_002096938.1	216	216	216	201	TGC	0.0	0	below_threshold	high	0.062	False	user_msa
Drosophila_ananassae_Drosophila_ananassae__LOC6500548__XP_001953433.1	217	217	217	202	ATC	0.0	0	below_threshold	high	0.062	False	user_msa
Drosophila_biarmipes_Drosophila_biarmipes__LOC108032098__XP_016961415.1	217	217	217	202	ATC	0.0	0	below_threshold	high	0.062	False	user_msa
Drosophila_mauritiana_Drosophila_mauritiana__LOC117142441__XP_033162295.1	217	217	217	202	ATC	0.0	0	below_threshold	high	0.062	False	user_msa
Drosophila_melanogaster_Drosophila_melanogaster__betaTub85D__NP_524290.2	217	217	217	202	ATC	0.0	0	below_threshold	high	0.062	False	user_msa
Drosophila_pseudoobscura_Drosophila_pseudoobscura__betaTub85D__XP_001357842.1	217	217	217	202	ATC	0.0	0	below_threshold	high	0.062	False	user_msa
Drosophila_sechellia_Drosophila_sechellia__betaTub85D__XP_002031904.1	217	217	217	202	ATC	0.0	0	below_threshold	high	0.062	False	user_msa
Drosophila_simulans_Drosophila_simulans__LOC6728793__XP_002104128.1	217	217	217	202	ATC	0.0	0	below_threshold	high	0.062	False	user_msa
Drosophila_subobscura_Drosophila_subobscura__LOC117897634__XP_034662499.1	217	217	217	202	ATC	0.0	0	below_threshold	high	0.062	False	user_msa
Drosophila_suzukii_Drosophila_suzukii__betaTub85D__XP_016937909.1	217	217	217	202	ATC	0.0	0	below_threshold	high	0.062	False	user_msa
Drosophila_virilis_Drosophila_virilis__betaTub85D__XP_002053003.1	217	217	217	202	ATC	0.0	0	below_threshold	high	0.062	False	user_msa
Drosophila_willistoni_Drosophila_willistoni__LOC6647585__XP_002070575.1	217	217	217	202	ATT	0.0	0	below_threshold	high	0.062	False	user_msa
Drosophila_yakuba_Drosophila_yakuba__LOC6536356__XP_002096938.1	217	217	217	202	ATC	0.0	0	below_threshold	high	0.062	False	user_msa
Drosophila_ananassae_Drosophila_ananassae__LOC6500548__XP_001953433.1	218	218	218	203	GAC	0.0	0	below_threshold	high	0.062	False	user_msa
Drosophila_biarmipes_Drosophila_biarmipes__LOC108032098__XP_016961415.1	218	218	218	203	GAC	0.0	0	below_threshold	high	0.062	False	user_msa
Drosophila_mauritiana_Drosophila_mauritiana__LOC117142441__XP_033162295.1	218	218	218	203	GAC	0.0	0	below_threshold	high	0.062	False	user_msa
Drosophila_melanogaster_Drosophila_melanogaster__betaTub85D__NP_524290.2	218	218	218	203	GAC	0.0	0	below_threshold	high	0.062	False	user_msa
Drosophila_pseudoobscura_Drosophila_pseudoobscura__betaTub85D__XP_001357842.1	218	218	218	203	GAC	0.0	0	below_threshold	high	0.062	False	user_msa
Drosophila_sechellia_Drosophila_sechellia__betaTub85D__XP_002031904.1	218	218	218	203	GAC	0.0	0	below_threshold	high	0.062	False	user_msa
Drosophila_simulans_Drosophila_simulans__LOC6728793__XP_002104128.1	218	218	218	203	GAC	0.0	0	below_threshold	high	0.062	False	user_msa
Drosophila_subobscura_Drosophila_subobscura__LOC117897634__XP_034662499.1	218	218	218	203	GAC	0.0	0	below_threshold	high	0.062	False	user_msa
Drosophila_suzukii_Drosophila_suzukii__betaTub85D__XP_016937909.1	218	218	218	203	GAC	0.0	0	below_threshold	high	0.062	False	user_msa
Drosophila_virilis_Drosophila_virilis__betaTub85D__XP_002053003.1	218	218	218	203	GAT	0.0	0	below_threshold	high	0.062	False	user_msa
Drosophila_willistoni_Drosophila_willistoni__LOC6647585__XP_002070575.1	218	218	218	203	GAC	0.0	0	below_threshold	high	0.062	False	user_msa
Drosophila_yakuba_Drosophila_yakuba__LOC6536356__XP_002096938.1	218	218	218	203	GAC	0.0	0	below_threshold	high	0.062	False	user_msa
Drosophila_ananassae_Drosophila_ananassae__LOC6500548__XP_001953433.1	219	219	219	204	AAC	0.0	0	below_threshold	high	0.062	False	user_msa
Drosophila_biarmipes_Drosophila_biarmipes__LOC108032098__XP_016961415.1	219	219	219	204	AAC	0.0	0	below_threshold	high	0.062	False	user_msa
Drosophila_mauritiana_Drosophila_mauritiana__LOC117142441__XP_033162295.1	219	219	219	204	AAC	0.0	0	below_threshold	high	0.062	False	user_msa
Drosophila_melanogaster_Drosophila_melanogaster__betaTub85D__NP_524290.2	219	219	219	204	AAC	0.0	0	below_threshold	high	0.062	False	user_msa
Drosophila_pseudoobscura_Drosophila_pseudoobscura__betaTub85D__XP_001357842.1	219	219	219	204	AAC	0.0	0	below_threshold	high	0.062	False	user_msa
Drosophila_sechellia_Drosophila_sechellia__betaTub85D__XP_002031904.1	219	219	219	204	AAC	0.0	0	below_threshold	high	0.062	False	user_msa
Drosophila_simulans_Drosophila_simulans__LOC6728793__XP_002104128.1	219	219	219	204	AAC	0.0	0	below_threshold	high	0.062	False	user_msa
Drosophila_subobscura_Drosophila_subobscura__LOC117897634__XP_034662499.1	219	219	219	204	AAC	0.0	0	below_threshold	high	0.062	False	user_msa
Drosophila_suzukii_Drosophila_suzukii__betaTub85D__XP_016937909.1	219	219	219	204	AAT	0.0	0	below_threshold	high	0.062	False	user_msa
Drosophila_virilis_Drosophila_virilis__betaTub85D__XP_002053003.1	219	219	219	204	AAT	0.0	0	below_threshold	high	0.062	False	user_msa
Drosophila_willistoni_Drosophila_willistoni__LOC6647585__XP_002070575.1	219	219	219	204	AAT	0.0	0	below_threshold	high	0.062	False	user_msa
Drosophila_yakuba_Drosophila_yakuba__LOC6536356__XP_002096938.1	219	219	219	204	AAC	0.0	0	below_threshold	high	0.062	False	user_msa
Drosophila_ananassae_Drosophila_ananassae__LOC6500548__XP_001953433.1	220	220	220	205	GAG	0.0	0	below_threshold	high	0.062	False	user_msa
Drosophila_biarmipes_Drosophila_biarmipes__LOC108032098__XP_016961415.1	220	220	220	205	GAG	0.0	0	below_threshold	high	0.062	False	user_msa
Drosophila_mauritiana_Drosophila_mauritiana__LOC117142441__XP_033162295.1	220	220	220	205	GAG	0.0	0	below_threshold	high	0.062	False	user_msa
Drosophila_melanogaster_Drosophila_melanogaster__betaTub85D__NP_524290.2	220	220	220	205	GAG	0.0	0	below_threshold	high	0.062	False	user_msa
Drosophila_pseudoobscura_Drosophila_pseudoobscura__betaTub85D__XP_001357842.1	220	220	220	205	GAG	0.0	0	below_threshold	high	0.062	False	user_msa
Drosophila_sechellia_Drosophila_sechellia__betaTub85D__XP_002031904.1	220	220	220	205	GAG	0.0	0	below_threshold	high	0.062	False	user_msa
Drosophila_simulans_Drosophila_simulans__LOC6728793__XP_002104128.1	220	220	220	205	GAG	0.0	0	below_threshold	high	0.062	False	user_msa
Drosophila_subobscura_Drosophila_subobscura__LOC117897634__XP_034662499.1	220	220	220	205	GAG	0.0	0	below_threshold	high	0.062	False	user_msa
Drosophila_suzukii_Drosophila_suzukii__betaTub85D__XP_016937909.1	220	220	220	205	GAG	0.0	0	below_threshold	high	0.062	False	user_msa
Drosophila_virilis_Drosophila_virilis__betaTub85D__XP_002053003.1	220	220	220	205	GAG	0.0	0	below_threshold	high	0.062	False	user_msa
Drosophila_willistoni_Drosophila_willistoni__LOC6647585__XP_002070575.1	220	220	220	205	GAG	0.0	0	below_threshold	high	0.062	False	user_msa
Drosophila_yakuba_Drosophila_yakuba__LOC6536356__XP_002096938.1	220	220	220	205	GAG	0.0	0	below_threshold	high	0.062	False	user_msa
Drosophila_ananassae_Drosophila_ananassae__LOC6500548__XP_001953433.1	221	221	221	206	GCA	0.0	0	below_threshold	high	0.062	False	user_msa
Drosophila_biarmipes_Drosophila_biarmipes__LOC108032098__XP_016961415.1	221	221	221	206	GCC	0.0	0	below_threshold	high	0.062	False	user_msa
Drosophila_mauritiana_Drosophila_mauritiana__LOC117142441__XP_033162295.1	221	221	221	206	GCG	0.0	0	below_threshold	high	0.062	False	user_msa
Drosophila_melanogaster_Drosophila_melanogaster__betaTub85D__NP_524290.2	221	221	221	206	GCG	0.0	0	below_threshold	high	0.062	False	user_msa
Drosophila_pseudoobscura_Drosophila_pseudoobscura__betaTub85D__XP_001357842.1	221	221	221	206	GCG	0.0	0	below_threshold	high	0.062	False	user_msa
Drosophila_sechellia_Drosophila_sechellia__betaTub85D__XP_002031904.1	221	221	221	206	GCG	0.0	0	below_threshold	high	0.062	False	user_msa
Drosophila_simulans_Drosophila_simulans__LOC6728793__XP_002104128.1	221	221	221	206	GCG	0.0	0	below_threshold	high	0.062	False	user_msa
Drosophila_subobscura_Drosophila_subobscura__LOC117897634__XP_034662499.1	221	221	221	206	GCG	0.0	0	below_threshold	high	0.062	False	user_msa
Drosophila_suzukii_Drosophila_suzukii__betaTub85D__XP_016937909.1	221	221	221	206	GCG	0.0	0	below_threshold	high	0.062	False	user_msa
Drosophila_virilis_Drosophila_virilis__betaTub85D__XP_002053003.1	221	221	221	206	GCG	0.0	0	below_threshold	high	0.062	False	user_msa
Drosophila_willistoni_Drosophila_willistoni__LOC6647585__XP_002070575.1	221	221	221	206	GCC	0.0	0	below_threshold	high	0.062	False	user_msa
Drosophila_yakuba_Drosophila_yakuba__LOC6536356__XP_002096938.1	221	221	221	206	GCG	0.0	0	below_threshold	high	0.062	False	user_msa
Drosophila_ananassae_Drosophila_ananassae__LOC6500548__XP_001953433.1	222	222	222	207	CTG	0.0	0	below_threshold	high	0.062	False	user_msa
Drosophila_biarmipes_Drosophila_biarmipes__LOC108032098__XP_016961415.1	222	222	222	207	TTG	0.0	0	below_threshold	high	0.062	False	user_msa
Drosophila_mauritiana_Drosophila_mauritiana__LOC117142441__XP_033162295.1	222	222	222	207	TTG	0.0	0	below_threshold	high	0.062	False	user_msa
Drosophila_melanogaster_Drosophila_melanogaster__betaTub85D__NP_524290.2	222	222	222	207	TTG	0.0	0	below_threshold	high	0.062	False	user_msa
Drosophila_pseudoobscura_Drosophila_pseudoobscura__betaTub85D__XP_001357842.1	222	222	222	207	CTG	0.0	0	below_threshold	high	0.062	False	user_msa
Drosophila_sechellia_Drosophila_sechellia__betaTub85D__XP_002031904.1	222	222	222	207	TTG	0.0	0	below_threshold	high	0.062	False	user_msa
Drosophila_simulans_Drosophila_simulans__LOC6728793__XP_002104128.1	222	222	222	207	TTG	0.0	0	below_threshold	high	0.062	False	user_msa
Drosophila_subobscura_Drosophila_subobscura__LOC117897634__XP_034662499.1	222	222	222	207	CTG	0.0	0	below_threshold	high	0.062	False	user_msa
Drosophila_suzukii_Drosophila_suzukii__betaTub85D__XP_016937909.1	222	222	222	207	TTG	0.0	0	below_threshold	high	0.062	False	user_msa
Drosophila_virilis_Drosophila_virilis__betaTub85D__XP_002053003.1	222	222	222	207	TTG	0.0	0	below_threshold	high	0.062	False	user_msa
Drosophila_willistoni_Drosophila_willistoni__LOC6647585__XP_002070575.1	222	222	222	207	CTG	0.0	0	below_threshold	high	0.062	False	user_msa
Drosophila_yakuba_Drosophila_yakuba__LOC6536356__XP_002096938.1	222	222	222	207	TTG	0.0	0	below_threshold	high	0.062	False	user_msa
Drosophila_ananassae_Drosophila_ananassae__LOC6500548__XP_001953433.1	223	223	223	208	TAC	0.0	0	below_threshold	high	0.062	False	user_msa
Drosophila_biarmipes_Drosophila_biarmipes__LOC108032098__XP_016961415.1	223	223	223	208	TAC	0.0	0	below_threshold	high	0.062	False	user_msa
Drosophila_mauritiana_Drosophila_mauritiana__LOC117142441__XP_033162295.1	223	223	223	208	TAT	0.0	0	below_threshold	high	0.062	False	user_msa
Drosophila_melanogaster_Drosophila_melanogaster__betaTub85D__NP_524290.2	223	223	223	208	TAT	0.0	0	below_threshold	high	0.062	False	user_msa
Drosophila_pseudoobscura_Drosophila_pseudoobscura__betaTub85D__XP_001357842.1	223	223	223	208	TAC	0.0	0	below_threshold	high	0.062	False	user_msa
Drosophila_sechellia_Drosophila_sechellia__betaTub85D__XP_002031904.1	223	223	223	208	TAT	0.0	0	below_threshold	high	0.062	False	user_msa
Drosophila_simulans_Drosophila_simulans__LOC6728793__XP_002104128.1	223	223	223	208	TAT	0.0	0	below_threshold	high	0.062	False	user_msa
Drosophila_subobscura_Drosophila_subobscura__LOC117897634__XP_034662499.1	223	223	223	208	TAC	0.0	0	below_threshold	high	0.062	False	user_msa
Drosophila_suzukii_Drosophila_suzukii__betaTub85D__XP_016937909.1	223	223	223	208	TAC	0.0	0	below_threshold	high	0.062	False	user_msa
Drosophila_virilis_Drosophila_virilis__betaTub85D__XP_002053003.1	223	223	223	208	TAT	0.0	0	below_threshold	high	0.062	False	user_msa
Drosophila_willistoni_Drosophila_willistoni__LOC6647585__XP_002070575.1	223	223	223	208	TAT	0.0	0	below_threshold	high	0.062	False	user_msa
Drosophila_yakuba_Drosophila_yakuba__LOC6536356__XP_002096938.1	223	223	223	208	TAT	0.0	0	below_threshold	high	0.062	False	user_msa
Drosophila_ananassae_Drosophila_ananassae__LOC6500548__XP_001953433.1	224	224	224	209	GAC	0.0	0	below_threshold	high	0.062	False	user_msa
Drosophila_biarmipes_Drosophila_biarmipes__LOC108032098__XP_016961415.1	224	224	224	209	GAC	0.0	0	below_threshold	high	0.062	False	user_msa
Drosophila_mauritiana_Drosophila_mauritiana__LOC117142441__XP_033162295.1	224	224	224	209	GAC	0.0	0	below_threshold	high	0.062	False	user_msa
Drosophila_melanogaster_Drosophila_melanogaster__betaTub85D__NP_524290.2	224	224	224	209	GAC	0.0	0	below_threshold	high	0.062	False	user_msa
Drosophila_pseudoobscura_Drosophila_pseudoobscura__betaTub85D__XP_001357842.1	224	224	224	209	GAC	0.0	0	below_threshold	high	0.062	False	user_msa
Drosophila_sechellia_Drosophila_sechellia__betaTub85D__XP_002031904.1	224	224	224	209	GAC	0.0	0	below_threshold	high	0.062	False	user_msa
Drosophila_simulans_Drosophila_simulans__LOC6728793__XP_002104128.1	224	224	224	209	GAC	0.0	0	below_threshold	high	0.062	False	user_msa
Drosophila_subobscura_Drosophila_subobscura__LOC117897634__XP_034662499.1	224	224	224	209	GAC	0.0	0	below_threshold	high	0.062	False	user_msa
Drosophila_suzukii_Drosophila_suzukii__betaTub85D__XP_016937909.1	224	224	224	209	GAC	0.0	0	below_threshold	high	0.062	False	user_msa
Drosophila_virilis_Drosophila_virilis__betaTub85D__XP_002053003.1	224	224	224	209	GAC	0.0	0	below_threshold	high	0.062	False	user_msa
Drosophila_willistoni_Drosophila_willistoni__LOC6647585__XP_002070575.1	224	224	224	209	GAC	0.0	0	below_threshold	high	0.062	False	user_msa
Drosophila_yakuba_Drosophila_yakuba__LOC6536356__XP_002096938.1	224	224	224	209	GAC	0.0	0	below_threshold	high	0.062	False	user_msa
Drosophila_ananassae_Drosophila_ananassae__LOC6500548__XP_001953433.1	225	225	225	210	ATC	0.0	0	below_threshold	high	0.062	False	user_msa
Drosophila_biarmipes_Drosophila_biarmipes__LOC108032098__XP_016961415.1	225	225	225	210	ATC	0.0	0	below_threshold	high	0.062	False	user_msa
Drosophila_mauritiana_Drosophila_mauritiana__LOC117142441__XP_033162295.1	225	225	225	210	ATC	0.0	0	below_threshold	high	0.062	False	user_msa
Drosophila_melanogaster_Drosophila_melanogaster__betaTub85D__NP_524290.2	225	225	225	210	ATC	0.0	0	below_threshold	high	0.062	False	user_msa
Drosophila_pseudoobscura_Drosophila_pseudoobscura__betaTub85D__XP_001357842.1	225	225	225	210	ATC	0.0	0	below_threshold	high	0.062	False	user_msa
Drosophila_sechellia_Drosophila_sechellia__betaTub85D__XP_002031904.1	225	225	225	210	ATC	0.0	0	below_threshold	high	0.062	False	user_msa
Drosophila_simulans_Drosophila_simulans__LOC6728793__XP_002104128.1	225	225	225	210	ATC	0.0	0	below_threshold	high	0.062	False	user_msa
Drosophila_subobscura_Drosophila_subobscura__LOC117897634__XP_034662499.1	225	225	225	210	ATC	0.0	0	below_threshold	high	0.062	False	user_msa
Drosophila_suzukii_Drosophila_suzukii__betaTub85D__XP_016937909.1	225	225	225	210	ATC	0.0	0	below_threshold	high	0.062	False	user_msa
Drosophila_virilis_Drosophila_virilis__betaTub85D__XP_002053003.1	225	225	225	210	ATT	0.0	0	below_threshold	high	0.062	False	user_msa
Drosophila_willistoni_Drosophila_willistoni__LOC6647585__XP_002070575.1	225	225	225	210	ATC	0.0	0	below_threshold	high	0.062	False	user_msa
Drosophila_yakuba_Drosophila_yakuba__LOC6536356__XP_002096938.1	225	225	225	210	ATC	0.0	0	below_threshold	high	0.062	False	user_msa
Drosophila_ananassae_Drosophila_ananassae__LOC6500548__XP_001953433.1	226	226	226	211	TGC	0.0	0	below_threshold	high	0.062	False	user_msa
Drosophila_biarmipes_Drosophila_biarmipes__LOC108032098__XP_016961415.1	226	226	226	211	TGC	0.0	0	below_threshold	high	0.062	False	user_msa
Drosophila_mauritiana_Drosophila_mauritiana__LOC117142441__XP_033162295.1	226	226	226	211	TGC	0.0	0	below_threshold	high	0.062	False	user_msa
Drosophila_melanogaster_Drosophila_melanogaster__betaTub85D__NP_524290.2	226	226	226	211	TGC	0.0	0	below_threshold	high	0.062	False	user_msa
Drosophila_pseudoobscura_Drosophila_pseudoobscura__betaTub85D__XP_001357842.1	226	226	226	211	TGC	0.0	0	below_threshold	high	0.062	False	user_msa
Drosophila_sechellia_Drosophila_sechellia__betaTub85D__XP_002031904.1	226	226	226	211	TGC	0.0	0	below_threshold	high	0.062	False	user_msa
Drosophila_simulans_Drosophila_simulans__LOC6728793__XP_002104128.1	226	226	226	211	TGC	0.0	0	below_threshold	high	0.062	False	user_msa
Drosophila_subobscura_Drosophila_subobscura__LOC117897634__XP_034662499.1	226	226	226	211	TGC	0.0	0	below_threshold	high	0.062	False	user_msa
Drosophila_suzukii_Drosophila_suzukii__betaTub85D__XP_016937909.1	226	226	226	211	TGC	0.0	0	below_threshold	high	0.062	False	user_msa
Drosophila_virilis_Drosophila_virilis__betaTub85D__XP_002053003.1	226	226	226	211	TGC	0.0	0	below_threshold	high	0.062	False	user_msa
Drosophila_willistoni_Drosophila_willistoni__LOC6647585__XP_002070575.1	226	226	226	211	TGT	0.0	0	below_threshold	high	0.062	False	user_msa
Drosophila_yakuba_Drosophila_yakuba__LOC6536356__XP_002096938.1	226	226	226	211	TGC	0.0	0	below_threshold	high	0.062	False	user_msa
Drosophila_ananassae_Drosophila_ananassae__LOC6500548__XP_001953433.1	227	227	227	212	TTC	0.0	0	below_threshold	high	0.062	False	user_msa
Drosophila_biarmipes_Drosophila_biarmipes__LOC108032098__XP_016961415.1	227	227	227	212	TTC	0.0	0	below_threshold	high	0.062	False	user_msa
Drosophila_mauritiana_Drosophila_mauritiana__LOC117142441__XP_033162295.1	227	227	227	212	TTC	0.0	0	below_threshold	high	0.062	False	user_msa
Drosophila_melanogaster_Drosophila_melanogaster__betaTub85D__NP_524290.2	227	227	227	212	TTC	0.0	0	below_threshold	high	0.062	False	user_msa
Drosophila_pseudoobscura_Drosophila_pseudoobscura__betaTub85D__XP_001357842.1	227	227	227	212	TTT	0.0	0	below_threshold	high	0.062	False	user_msa
Drosophila_sechellia_Drosophila_sechellia__betaTub85D__XP_002031904.1	227	227	227	212	TTC	0.0	0	below_threshold	high	0.062	False	user_msa
Drosophila_simulans_Drosophila_simulans__LOC6728793__XP_002104128.1	227	227	227	212	TTC	0.0	0	below_threshold	high	0.062	False	user_msa
Drosophila_subobscura_Drosophila_subobscura__LOC117897634__XP_034662499.1	227	227	227	212	TTT	0.0	0	below_threshold	high	0.062	False	user_msa
Drosophila_suzukii_Drosophila_suzukii__betaTub85D__XP_016937909.1	227	227	227	212	TTC	0.0	0	below_threshold	high	0.062	False	user_msa
Drosophila_virilis_Drosophila_virilis__betaTub85D__XP_002053003.1	227	227	227	212	TTC	0.0	0	below_threshold	high	0.062	False	user_msa
Drosophila_willistoni_Drosophila_willistoni__LOC6647585__XP_002070575.1	227	227	227	212	TTC	0.0	0	below_threshold	high	0.062	False	user_msa
Drosophila_yakuba_Drosophila_yakuba__LOC6536356__XP_002096938.1	227	227	227	212	TTC	0.0	0	below_threshold	high	0.062	False	user_msa
Drosophila_ananassae_Drosophila_ananassae__LOC6500548__XP_001953433.1	228	228	228	213	CGT	0.0	0	below_threshold	high	0.062	False	user_msa
Drosophila_biarmipes_Drosophila_biarmipes__LOC108032098__XP_016961415.1	228	228	228	213	CGT	0.0	0	below_threshold	high	0.062	False	user_msa
Drosophila_mauritiana_Drosophila_mauritiana__LOC117142441__XP_033162295.1	228	228	228	213	CGC	0.0	0	below_threshold	high	0.062	False	user_msa
Drosophila_melanogaster_Drosophila_melanogaster__betaTub85D__NP_524290.2	228	228	228	213	CGC	0.0	0	below_threshold	high	0.062	False	user_msa
Drosophila_pseudoobscura_Drosophila_pseudoobscura__betaTub85D__XP_001357842.1	228	228	228	213	CGC	0.0	0	below_threshold	high	0.062	False	user_msa
Drosophila_sechellia_Drosophila_sechellia__betaTub85D__XP_002031904.1	228	228	228	213	CGC	0.0	0	below_threshold	high	0.062	False	user_msa
Drosophila_simulans_Drosophila_simulans__LOC6728793__XP_002104128.1	228	228	228	213	CGC	0.0	0	below_threshold	high	0.062	False	user_msa
Drosophila_subobscura_Drosophila_subobscura__LOC117897634__XP_034662499.1	228	228	228	213	CGC	0.0	0	below_threshold	high	0.062	False	user_msa
Drosophila_suzukii_Drosophila_suzukii__betaTub85D__XP_016937909.1	228	228	228	213	CGT	0.0	0	below_threshold	high	0.062	False	user_msa
Drosophila_virilis_Drosophila_virilis__betaTub85D__XP_002053003.1	228	228	228	213	CGC	0.0	0	below_threshold	high	0.062	False	user_msa
Drosophila_willistoni_Drosophila_willistoni__LOC6647585__XP_002070575.1	228	228	228	213	CGC	0.0	0	below_threshold	high	0.062	False	user_msa
Drosophila_yakuba_Drosophila_yakuba__LOC6536356__XP_002096938.1	228	228	228	213	CGC	0.0	0	below_threshold	high	0.062	False	user_msa
Drosophila_ananassae_Drosophila_ananassae__LOC6500548__XP_001953433.1	229	229	229	214	ACT	0.0	0	below_threshold	high	0.062	False	user_msa
Drosophila_biarmipes_Drosophila_biarmipes__LOC108032098__XP_016961415.1	229	229	229	214	ACC	0.0	0	below_threshold	high	0.062	False	user_msa
Drosophila_mauritiana_Drosophila_mauritiana__LOC117142441__XP_033162295.1	229	229	229	214	ACA	0.0	0	below_threshold	high	0.062	False	user_msa
Drosophila_melanogaster_Drosophila_melanogaster__betaTub85D__NP_524290.2	229	229	229	214	ACA	0.0	0	below_threshold	high	0.062	False	user_msa
Drosophila_pseudoobscura_Drosophila_pseudoobscura__betaTub85D__XP_001357842.1	229	229	229	214	ACC	0.0	0	below_threshold	high	0.062	False	user_msa
Drosophila_sechellia_Drosophila_sechellia__betaTub85D__XP_002031904.1	229	229	229	214	ACA	0.0	0	below_threshold	high	0.062	False	user_msa
Drosophila_simulans_Drosophila_simulans__LOC6728793__XP_002104128.1	229	229	229	214	ACA	0.0	0	below_threshold	high	0.062	False	user_msa
Drosophila_subobscura_Drosophila_subobscura__LOC117897634__XP_034662499.1	229	229	229	214	ACA	0.0	0	below_threshold	high	0.062	False	user_msa
Drosophila_suzukii_Drosophila_suzukii__betaTub85D__XP_016937909.1	229	229	229	214	ACC	0.0	0	below_threshold	high	0.062	False	user_msa
Drosophila_virilis_Drosophila_virilis__betaTub85D__XP_002053003.1	229	229	229	214	ACT	0.0	0	below_threshold	high	0.062	False	user_msa
Drosophila_willistoni_Drosophila_willistoni__LOC6647585__XP_002070575.1	229	229	229	214	ACC	0.0	0	below_threshold	high	0.062	False	user_msa
Drosophila_yakuba_Drosophila_yakuba__LOC6536356__XP_002096938.1	229	229	229	214	ACA	0.0	0	below_threshold	high	0.062	False	user_msa
Drosophila_ananassae_Drosophila_ananassae__LOC6500548__XP_001953433.1	230	230	230	215	CTG	0.0	0	below_threshold	high	0.062	False	user_msa
Drosophila_biarmipes_Drosophila_biarmipes__LOC108032098__XP_016961415.1	230	230	230	215	CTG	0.0	0	below_threshold	high	0.062	False	user_msa
Drosophila_mauritiana_Drosophila_mauritiana__LOC117142441__XP_033162295.1	230	230	230	215	CTG	0.0	0	below_threshold	high	0.062	False	user_msa
Drosophila_melanogaster_Drosophila_melanogaster__betaTub85D__NP_524290.2	230	230	230	215	CTG	0.0	0	below_threshold	high	0.062	False	user_msa
Drosophila_pseudoobscura_Drosophila_pseudoobscura__betaTub85D__XP_001357842.1	230	230	230	215	TTG	0.0	0	below_threshold	high	0.062	False	user_msa
Drosophila_sechellia_Drosophila_sechellia__betaTub85D__XP_002031904.1	230	230	230	215	CTG	0.0	0	below_threshold	high	0.062	False	user_msa
Drosophila_simulans_Drosophila_simulans__LOC6728793__XP_002104128.1	230	230	230	215	CTG	0.0	0	below_threshold	high	0.062	False	user_msa
Drosophila_subobscura_Drosophila_subobscura__LOC117897634__XP_034662499.1	230	230	230	215	TTG	0.0	0	below_threshold	high	0.062	False	user_msa
Drosophila_suzukii_Drosophila_suzukii__betaTub85D__XP_016937909.1	230	230	230	215	CTG	0.0	0	below_threshold	high	0.062	False	user_msa
Drosophila_virilis_Drosophila_virilis__betaTub85D__XP_002053003.1	230	230	230	215	TTG	0.0	0	below_threshold	high	0.062	False	user_msa
Drosophila_willistoni_Drosophila_willistoni__LOC6647585__XP_002070575.1	230	230	230	215	CTG	0.0	0	below_threshold	high	0.062	False	user_msa
Drosophila_yakuba_Drosophila_yakuba__LOC6536356__XP_002096938.1	230	230	230	215	CTG	0.0	0	below_threshold	high	0.062	False	user_msa
Drosophila_ananassae_Drosophila_ananassae__LOC6500548__XP_001953433.1	231	231	231	216	AAG	0.0	0	below_threshold	high	0.062	False	user_msa
Drosophila_biarmipes_Drosophila_biarmipes__LOC108032098__XP_016961415.1	231	231	231	216	AAG	0.0	0	below_threshold	high	0.062	False	user_msa
Drosophila_mauritiana_Drosophila_mauritiana__LOC117142441__XP_033162295.1	231	231	231	216	AAG	0.0	0	below_threshold	high	0.062	False	user_msa
Drosophila_melanogaster_Drosophila_melanogaster__betaTub85D__NP_524290.2	231	231	231	216	AAG	0.0	0	below_threshold	high	0.062	False	user_msa
Drosophila_pseudoobscura_Drosophila_pseudoobscura__betaTub85D__XP_001357842.1	231	231	231	216	AAG	0.0	0	below_threshold	high	0.062	False	user_msa
Drosophila_sechellia_Drosophila_sechellia__betaTub85D__XP_002031904.1	231	231	231	216	AAG	0.0	0	below_threshold	high	0.062	False	user_msa
Drosophila_simulans_Drosophila_simulans__LOC6728793__XP_002104128.1	231	231	231	216	AAG	0.0	0	below_threshold	high	0.062	False	user_msa
Drosophila_subobscura_Drosophila_subobscura__LOC117897634__XP_034662499.1	231	231	231	216	AAG	0.0	0	below_threshold	high	0.062	False	user_msa
Drosophila_suzukii_Drosophila_suzukii__betaTub85D__XP_016937909.1	231	231	231	216	AAG	0.0	0	below_threshold	high	0.062	False	user_msa
Drosophila_virilis_Drosophila_virilis__betaTub85D__XP_002053003.1	231	231	231	216	AAA	0.0	0	below_threshold	high	0.062	False	user_msa
Drosophila_willistoni_Drosophila_willistoni__LOC6647585__XP_002070575.1	231	231	231	216	AAG	0.0	0	below_threshold	high	0.062	False	user_msa
Drosophila_yakuba_Drosophila_yakuba__LOC6536356__XP_002096938.1	231	231	231	216	AAG	0.0	0	below_threshold	high	0.062	False	user_msa
Drosophila_ananassae_Drosophila_ananassae__LOC6500548__XP_001953433.1	232	232	232	217	CTG	0.0	0	below_threshold	high	0.062	False	user_msa
Drosophila_biarmipes_Drosophila_biarmipes__LOC108032098__XP_016961415.1	232	232	232	217	CTA	0.0	0	below_threshold	high	0.062	False	user_msa
Drosophila_mauritiana_Drosophila_mauritiana__LOC117142441__XP_033162295.1	232	232	232	217	CTG	0.0	0	below_threshold	high	0.062	False	user_msa
Drosophila_melanogaster_Drosophila_melanogaster__betaTub85D__NP_524290.2	232	232	232	217	CTG	0.0	0	below_threshold	high	0.062	False	user_msa
Drosophila_pseudoobscura_Drosophila_pseudoobscura__betaTub85D__XP_001357842.1	232	232	232	217	CTG	0.0	0	below_threshold	high	0.062	False	user_msa
Drosophila_sechellia_Drosophila_sechellia__betaTub85D__XP_002031904.1	232	232	232	217	CTG	0.0	0	below_threshold	high	0.062	False	user_msa
Drosophila_simulans_Drosophila_simulans__LOC6728793__XP_002104128.1	232	232	232	217	CTG	0.0	0	below_threshold	high	0.062	False	user_msa
Drosophila_subobscura_Drosophila_subobscura__LOC117897634__XP_034662499.1	232	232	232	217	CTG	0.0	0	below_threshold	high	0.062	False	user_msa
Drosophila_suzukii_Drosophila_suzukii__betaTub85D__XP_016937909.1	232	232	232	217	CTG	0.0	0	below_threshold	high	0.062	False	user_msa
Drosophila_virilis_Drosophila_virilis__betaTub85D__XP_002053003.1	232	232	232	217	CTG	0.0	0	below_threshold	high	0.062	False	user_msa
Drosophila_willistoni_Drosophila_willistoni__LOC6647585__XP_002070575.1	232	232	232	217	TTG	0.0	0	below_threshold	high	0.062	False	user_msa
Drosophila_yakuba_Drosophila_yakuba__LOC6536356__XP_002096938.1	232	232	232	217	CTG	0.0	0	below_threshold	high	0.062	False	user_msa
Drosophila_ananassae_Drosophila_ananassae__LOC6500548__XP_001953433.1	233	233	233	218	ACC	0.0	0	below_threshold	high	0.062	False	user_msa
Drosophila_biarmipes_Drosophila_biarmipes__LOC108032098__XP_016961415.1	233	233	233	218	ACC	0.0	0	below_threshold	high	0.062	False	user_msa
Drosophila_mauritiana_Drosophila_mauritiana__LOC117142441__XP_033162295.1	233	233	233	218	ACC	0.0	0	below_threshold	high	0.062	False	user_msa
Drosophila_melanogaster_Drosophila_melanogaster__betaTub85D__NP_524290.2	233	233	233	218	ACC	0.0	0	below_threshold	high	0.062	False	user_msa
Drosophila_pseudoobscura_Drosophila_pseudoobscura__betaTub85D__XP_001357842.1	233	233	233	218	ACC	0.0	0	below_threshold	high	0.062	False	user_msa
Drosophila_sechellia_Drosophila_sechellia__betaTub85D__XP_002031904.1	233	233	233	218	ACC	0.0	0	below_threshold	high	0.062	False	user_msa
Drosophila_simulans_Drosophila_simulans__LOC6728793__XP_002104128.1	233	233	233	218	ACC	0.0	0	below_threshold	high	0.062	False	user_msa
Drosophila_subobscura_Drosophila_subobscura__LOC117897634__XP_034662499.1	233	233	233	218	ACG	0.0	0	below_threshold	high	0.062	False	user_msa
Drosophila_suzukii_Drosophila_suzukii__betaTub85D__XP_016937909.1	233	233	233	218	ACC	0.0	0	below_threshold	high	0.062	False	user_msa
Drosophila_virilis_Drosophila_virilis__betaTub85D__XP_002053003.1	233	233	233	218	ACC	0.0	0	below_threshold	high	0.062	False	user_msa
Drosophila_willistoni_Drosophila_willistoni__LOC6647585__XP_002070575.1	233	233	233	218	ACC	0.0	0	below_threshold	high	0.062	False	user_msa
Drosophila_yakuba_Drosophila_yakuba__LOC6536356__XP_002096938.1	233	233	233	218	ACC	0.0	0	below_threshold	high	0.062	False	user_msa
Drosophila_ananassae_Drosophila_ananassae__LOC6500548__XP_001953433.1	234	234	234	219	ACA	0.0	0	below_threshold	high	0.062	False	user_msa
Drosophila_biarmipes_Drosophila_biarmipes__LOC108032098__XP_016961415.1	234	234	234	219	ACT	0.0	0	below_threshold	high	0.062	False	user_msa
Drosophila_mauritiana_Drosophila_mauritiana__LOC117142441__XP_033162295.1	234	234	234	219	ACC	0.0	0	below_threshold	high	0.062	False	user_msa
Drosophila_melanogaster_Drosophila_melanogaster__betaTub85D__NP_524290.2	234	234	234	219	ACG	0.0	0	below_threshold	high	0.062	False	user_msa
Drosophila_pseudoobscura_Drosophila_pseudoobscura__betaTub85D__XP_001357842.1	234	234	234	219	ACG	0.0	0	below_threshold	high	0.062	False	user_msa
Drosophila_sechellia_Drosophila_sechellia__betaTub85D__XP_002031904.1	234	234	234	219	ACC	0.0	0	below_threshold	high	0.062	False	user_msa
Drosophila_simulans_Drosophila_simulans__LOC6728793__XP_002104128.1	234	234	234	219	ACC	0.0	0	below_threshold	high	0.062	False	user_msa
Drosophila_subobscura_Drosophila_subobscura__LOC117897634__XP_034662499.1	234	234	234	219	ACC	0.0	0	below_threshold	high	0.062	False	user_msa
Drosophila_suzukii_Drosophila_suzukii__betaTub85D__XP_016937909.1	234	234	234	219	ACT	0.0	0	below_threshold	high	0.062	False	user_msa
Drosophila_virilis_Drosophila_virilis__betaTub85D__XP_002053003.1	234	234	234	219	ACC	0.0	0	below_threshold	high	0.062	False	user_msa
Drosophila_willistoni_Drosophila_willistoni__LOC6647585__XP_002070575.1	234	234	234	219	ACA	0.0	0	below_threshold	high	0.062	False	user_msa
Drosophila_yakuba_Drosophila_yakuba__LOC6536356__XP_002096938.1	234	234	234	219	ACG	0.0	0	below_threshold	high	0.062	False	user_msa
Drosophila_ananassae_Drosophila_ananassae__LOC6500548__XP_001953433.1	235	235	235	220	CCG	0.0	0	below_threshold	high	0.062	False	user_msa
Drosophila_biarmipes_Drosophila_biarmipes__LOC108032098__XP_016961415.1	235	235	235	220	CCC	0.0	0	below_threshold	high	0.062	False	user_msa
Drosophila_mauritiana_Drosophila_mauritiana__LOC117142441__XP_033162295.1	235	235	235	220	CCC	0.0	0	below_threshold	high	0.062	False	user_msa
Drosophila_melanogaster_Drosophila_melanogaster__betaTub85D__NP_524290.2	235	235	235	220	CCC	0.0	0	below_threshold	high	0.062	False	user_msa
Drosophila_pseudoobscura_Drosophila_pseudoobscura__betaTub85D__XP_001357842.1	235	235	235	220	CCC	0.0	0	below_threshold	high	0.062	False	user_msa
Drosophila_sechellia_Drosophila_sechellia__betaTub85D__XP_002031904.1	235	235	235	220	CCC	0.0	0	below_threshold	high	0.062	False	user_msa
Drosophila_simulans_Drosophila_simulans__LOC6728793__XP_002104128.1	235	235	235	220	CCC	0.0	0	below_threshold	high	0.062	False	user_msa
Drosophila_subobscura_Drosophila_subobscura__LOC117897634__XP_034662499.1	235	235	235	220	CCC	0.0	0	below_threshold	high	0.062	False	user_msa
Drosophila_suzukii_Drosophila_suzukii__betaTub85D__XP_016937909.1	235	235	235	220	CCC	0.0	0	below_threshold	high	0.062	False	user_msa
Drosophila_virilis_Drosophila_virilis__betaTub85D__XP_002053003.1	235	235	235	220	CCG	0.0	0	below_threshold	high	0.062	False	user_msa
Drosophila_willistoni_Drosophila_willistoni__LOC6647585__XP_002070575.1	235	235	235	220	CCC	0.0	0	below_threshold	high	0.062	False	user_msa
Drosophila_yakuba_Drosophila_yakuba__LOC6536356__XP_002096938.1	235	235	235	220	CCC	0.0	0	below_threshold	high	0.062	False	user_msa
Drosophila_ananassae_Drosophila_ananassae__LOC6500548__XP_001953433.1	236	236	236	221	ACA	0.0	0	below_threshold	high	0.062	False	user_msa
Drosophila_biarmipes_Drosophila_biarmipes__LOC108032098__XP_016961415.1	236	236	236	221	ACC	0.0	0	below_threshold	high	0.062	False	user_msa
Drosophila_mauritiana_Drosophila_mauritiana__LOC117142441__XP_033162295.1	236	236	236	221	ACC	0.0	0	below_threshold	high	0.062	False	user_msa
Drosophila_melanogaster_Drosophila_melanogaster__betaTub85D__NP_524290.2	236	236	236	221	ACC	0.0	0	below_threshold	high	0.062	False	user_msa
Drosophila_pseudoobscura_Drosophila_pseudoobscura__betaTub85D__XP_001357842.1	236	236	236	221	ACC	0.0	0	below_threshold	high	0.062	False	user_msa
Drosophila_sechellia_Drosophila_sechellia__betaTub85D__XP_002031904.1	236	236	236	221	ACC	0.0	0	below_threshold	high	0.062	False	user_msa
Drosophila_simulans_Drosophila_simulans__LOC6728793__XP_002104128.1	236	236	236	221	ACC	0.0	0	below_threshold	high	0.062	False	user_msa
Drosophila_subobscura_Drosophila_subobscura__LOC117897634__XP_034662499.1	236	236	236	221	ACT	0.0	0	below_threshold	high	0.062	False	user_msa
Drosophila_suzukii_Drosophila_suzukii__betaTub85D__XP_016937909.1	236	236	236	221	ACC	0.0	0	below_threshold	high	0.062	False	user_msa
Drosophila_virilis_Drosophila_virilis__betaTub85D__XP_002053003.1	236	236	236	221	ACA	0.0	0	below_threshold	high	0.062	False	user_msa
Drosophila_willistoni_Drosophila_willistoni__LOC6647585__XP_002070575.1	236	236	236	221	ACG	0.0	0	below_threshold	high	0.062	False	user_msa
Drosophila_yakuba_Drosophila_yakuba__LOC6536356__XP_002096938.1	236	236	236	221	ACC	0.0	0	below_threshold	high	0.062	False	user_msa
Drosophila_ananassae_Drosophila_ananassae__LOC6500548__XP_001953433.1	237	237	237	222	TAC	0.0	0	below_threshold	high	0.062	False	user_msa
Drosophila_biarmipes_Drosophila_biarmipes__LOC108032098__XP_016961415.1	237	237	237	222	TAT	0.0	0	below_threshold	high	0.062	False	user_msa
Drosophila_mauritiana_Drosophila_mauritiana__LOC117142441__XP_033162295.1	237	237	237	222	TAC	0.0	0	below_threshold	high	0.062	False	user_msa
Drosophila_melanogaster_Drosophila_melanogaster__betaTub85D__NP_524290.2	237	237	237	222	TAC	0.0	0	below_threshold	high	0.062	False	user_msa
Drosophila_pseudoobscura_Drosophila_pseudoobscura__betaTub85D__XP_001357842.1	237	237	237	222	TAC	0.0	0	below_threshold	high	0.062	False	user_msa
Drosophila_sechellia_Drosophila_sechellia__betaTub85D__XP_002031904.1	237	237	237	222	TAC	0.0	0	below_threshold	high	0.062	False	user_msa
Drosophila_simulans_Drosophila_simulans__LOC6728793__XP_002104128.1	237	237	237	222	TAC	0.0	0	below_threshold	high	0.062	False	user_msa
Drosophila_subobscura_Drosophila_subobscura__LOC117897634__XP_034662499.1	237	237	237	222	TAT	0.0	0	below_threshold	high	0.062	False	user_msa
Drosophila_suzukii_Drosophila_suzukii__betaTub85D__XP_016937909.1	237	237	237	222	TAT	0.0	0	below_threshold	high	0.062	False	user_msa
Drosophila_virilis_Drosophila_virilis__betaTub85D__XP_002053003.1	237	237	237	222	TAT	0.0	0	below_threshold	high	0.062	False	user_msa
Drosophila_willistoni_Drosophila_willistoni__LOC6647585__XP_002070575.1	237	237	237	222	TAC	0.0	0	below_threshold	high	0.062	False	user_msa
Drosophila_yakuba_Drosophila_yakuba__LOC6536356__XP_002096938.1	237	237	237	222	TAT	0.0	0	below_threshold	high	0.062	False	user_msa
Drosophila_ananassae_Drosophila_ananassae__LOC6500548__XP_001953433.1	238	238	238	223	GGT	0.0	0	below_threshold	high	0.062	False	user_msa
Drosophila_biarmipes_Drosophila_biarmipes__LOC108032098__XP_016961415.1	238	238	238	223	GGT	0.0	0	below_threshold	high	0.062	False	user_msa
Drosophila_mauritiana_Drosophila_mauritiana__LOC117142441__XP_033162295.1	238	238	238	223	GGT	0.0	0	below_threshold	high	0.062	False	user_msa
Drosophila_melanogaster_Drosophila_melanogaster__betaTub85D__NP_524290.2	238	238	238	223	GGT	0.0	0	below_threshold	high	0.062	False	user_msa
Drosophila_pseudoobscura_Drosophila_pseudoobscura__betaTub85D__XP_001357842.1	238	238	238	223	GGA	0.0	0	below_threshold	high	0.062	False	user_msa
Drosophila_sechellia_Drosophila_sechellia__betaTub85D__XP_002031904.1	238	238	238	223	GGT	0.0	0	below_threshold	high	0.062	False	user_msa
Drosophila_simulans_Drosophila_simulans__LOC6728793__XP_002104128.1	238	238	238	223	GGT	0.0	0	below_threshold	high	0.062	False	user_msa
Drosophila_subobscura_Drosophila_subobscura__LOC117897634__XP_034662499.1	238	238	238	223	GGA	0.0	0	below_threshold	high	0.062	False	user_msa
Drosophila_suzukii_Drosophila_suzukii__betaTub85D__XP_016937909.1	238	238	238	223	GGA	0.0	0	below_threshold	high	0.062	False	user_msa
Drosophila_virilis_Drosophila_virilis__betaTub85D__XP_002053003.1	238	238	238	223	GGT	0.0	0	below_threshold	high	0.062	False	user_msa
Drosophila_willistoni_Drosophila_willistoni__LOC6647585__XP_002070575.1	238	238	238	223	GGT	0.0	0	below_threshold	high	0.062	False	user_msa
Drosophila_yakuba_Drosophila_yakuba__LOC6536356__XP_002096938.1	238	238	238	223	GGT	0.0	0	below_threshold	high	0.062	False	user_msa
Drosophila_ananassae_Drosophila_ananassae__LOC6500548__XP_001953433.1	239	239	239	224	GAC	0.0	0	below_threshold	high	0.062	False	user_msa
Drosophila_biarmipes_Drosophila_biarmipes__LOC108032098__XP_016961415.1	239	239	239	224	GAC	0.0	0	below_threshold	high	0.062	False	user_msa
Drosophila_mauritiana_Drosophila_mauritiana__LOC117142441__XP_033162295.1	239	239	239	224	GAC	0.0	0	below_threshold	high	0.062	False	user_msa
Drosophila_melanogaster_Drosophila_melanogaster__betaTub85D__NP_524290.2	239	239	239	224	GAC	0.0	0	below_threshold	high	0.062	False	user_msa
Drosophila_pseudoobscura_Drosophila_pseudoobscura__betaTub85D__XP_001357842.1	239	239	239	224	GAT	0.0	0	below_threshold	high	0.062	False	user_msa
Drosophila_sechellia_Drosophila_sechellia__betaTub85D__XP_002031904.1	239	239	239	224	GAC	0.0	0	below_threshold	high	0.062	False	user_msa
Drosophila_simulans_Drosophila_simulans__LOC6728793__XP_002104128.1	239	239	239	224	GAC	0.0	0	below_threshold	high	0.062	False	user_msa
Drosophila_subobscura_Drosophila_subobscura__LOC117897634__XP_034662499.1	239	239	239	224	GAT	0.0	0	below_threshold	high	0.062	False	user_msa
Drosophila_suzukii_Drosophila_suzukii__betaTub85D__XP_016937909.1	239	239	239	224	GAC	0.0	0	below_threshold	high	0.062	False	user_msa
Drosophila_virilis_Drosophila_virilis__betaTub85D__XP_002053003.1	239	239	239	224	GAT	0.0	0	below_threshold	high	0.062	False	user_msa
Drosophila_willistoni_Drosophila_willistoni__LOC6647585__XP_002070575.1	239	239	239	224	GAT	0.0	0	below_threshold	high	0.062	False	user_msa
Drosophila_yakuba_Drosophila_yakuba__LOC6536356__XP_002096938.1	239	239	239	224	GAC	0.0	0	below_threshold	high	0.062	False	user_msa
Drosophila_ananassae_Drosophila_ananassae__LOC6500548__XP_001953433.1	240	240	240	225	CTG	0.0	0	below_threshold	high	0.062	False	user_msa
Drosophila_biarmipes_Drosophila_biarmipes__LOC108032098__XP_016961415.1	240	240	240	225	CTG	0.0	0	below_threshold	high	0.062	False	user_msa
Drosophila_mauritiana_Drosophila_mauritiana__LOC117142441__XP_033162295.1	240	240	240	225	CTG	0.0	0	below_threshold	high	0.062	False	user_msa
Drosophila_melanogaster_Drosophila_melanogaster__betaTub85D__NP_524290.2	240	240	240	225	CTG	0.0	0	below_threshold	high	0.062	False	user_msa
Drosophila_pseudoobscura_Drosophila_pseudoobscura__betaTub85D__XP_001357842.1	240	240	240	225	CTG	0.0	0	below_threshold	high	0.062	False	user_msa
Drosophila_sechellia_Drosophila_sechellia__betaTub85D__XP_002031904.1	240	240	240	225	CTG	0.0	0	below_threshold	high	0.062	False	user_msa
Drosophila_simulans_Drosophila_simulans__LOC6728793__XP_002104128.1	240	240	240	225	CTG	0.0	0	below_threshold	high	0.062	False	user_msa
Drosophila_subobscura_Drosophila_subobscura__LOC117897634__XP_034662499.1	240	240	240	225	CTG	0.0	0	below_threshold	high	0.062	False	user_msa
Drosophila_suzukii_Drosophila_suzukii__betaTub85D__XP_016937909.1	240	240	240	225	CTG	0.0	0	below_threshold	high	0.062	False	user_msa
Drosophila_virilis_Drosophila_virilis__betaTub85D__XP_002053003.1	240	240	240	225	CTG	0.0	0	below_threshold	high	0.062	False	user_msa
Drosophila_willistoni_Drosophila_willistoni__LOC6647585__XP_002070575.1	240	240	240	225	CTG	0.0	0	below_threshold	high	0.062	False	user_msa
Drosophila_yakuba_Drosophila_yakuba__LOC6536356__XP_002096938.1	240	240	240	225	CTC	0.0	0	below_threshold	high	0.062	False	user_msa
Drosophila_ananassae_Drosophila_ananassae__LOC6500548__XP_001953433.1	241	241	241	226	AAC	0.0	0	below_threshold	high	0.062	False	user_msa
Drosophila_biarmipes_Drosophila_biarmipes__LOC108032098__XP_016961415.1	241	241	241	226	AAC	0.0	0	below_threshold	high	0.062	False	user_msa
Drosophila_mauritiana_Drosophila_mauritiana__LOC117142441__XP_033162295.1	241	241	241	226	AAC	0.0	0	below_threshold	high	0.062	False	user_msa
Drosophila_melanogaster_Drosophila_melanogaster__betaTub85D__NP_524290.2	241	241	241	226	AAC	0.0	0	below_threshold	high	0.062	False	user_msa
Drosophila_pseudoobscura_Drosophila_pseudoobscura__betaTub85D__XP_001357842.1	241	241	241	226	AAT	0.0	0	below_threshold	high	0.062	False	user_msa
Drosophila_sechellia_Drosophila_sechellia__betaTub85D__XP_002031904.1	241	241	241	226	AAC	0.0	0	below_threshold	high	0.062	False	user_msa
Drosophila_simulans_Drosophila_simulans__LOC6728793__XP_002104128.1	241	241	241	226	AAC	0.0	0	below_threshold	high	0.062	False	user_msa
Drosophila_subobscura_Drosophila_subobscura__LOC117897634__XP_034662499.1	241	241	241	226	AAC	0.0	0	below_threshold	high	0.062	False	user_msa
Drosophila_suzukii_Drosophila_suzukii__betaTub85D__XP_016937909.1	241	241	241	226	AAC	0.0	0	below_threshold	high	0.062	False	user_msa
Drosophila_virilis_Drosophila_virilis__betaTub85D__XP_002053003.1	241	241	241	226	AAC	0.0	0	below_threshold	high	0.062	False	user_msa
Drosophila_willistoni_Drosophila_willistoni__LOC6647585__XP_002070575.1	241	241	241	226	AAC	0.0	0	below_threshold	high	0.062	False	user_msa
Drosophila_yakuba_Drosophila_yakuba__LOC6536356__XP_002096938.1	241	241	241	226	AAC	0.0	0	below_threshold	high	0.062	False	user_msa
Drosophila_ananassae_Drosophila_ananassae__LOC6500548__XP_001953433.1	242	242	242	227	CAC	0.0	0	below_threshold	high	0.062	False	user_msa
Drosophila_biarmipes_Drosophila_biarmipes__LOC108032098__XP_016961415.1	242	242	242	227	CAC	0.0	0	below_threshold	high	0.062	False	user_msa
Drosophila_mauritiana_Drosophila_mauritiana__LOC117142441__XP_033162295.1	242	242	242	227	CAT	0.0	0	below_threshold	high	0.062	False	user_msa
Drosophila_melanogaster_Drosophila_melanogaster__betaTub85D__NP_524290.2	242	242	242	227	CAT	0.0	0	below_threshold	high	0.062	False	user_msa
Drosophila_pseudoobscura_Drosophila_pseudoobscura__betaTub85D__XP_001357842.1	242	242	242	227	CAC	0.0	0	below_threshold	high	0.062	False	user_msa
Drosophila_sechellia_Drosophila_sechellia__betaTub85D__XP_002031904.1	242	242	242	227	CAT	0.0	0	below_threshold	high	0.062	False	user_msa
Drosophila_simulans_Drosophila_simulans__LOC6728793__XP_002104128.1	242	242	242	227	CAT	0.0	0	below_threshold	high	0.062	False	user_msa
Drosophila_subobscura_Drosophila_subobscura__LOC117897634__XP_034662499.1	242	242	242	227	CAC	0.0	0	below_threshold	high	0.062	False	user_msa
Drosophila_suzukii_Drosophila_suzukii__betaTub85D__XP_016937909.1	242	242	242	227	CAT	0.0	0	below_threshold	high	0.062	False	user_msa
Drosophila_virilis_Drosophila_virilis__betaTub85D__XP_002053003.1	242	242	242	227	CAC	0.0	0	below_threshold	high	0.062	False	user_msa
Drosophila_willistoni_Drosophila_willistoni__LOC6647585__XP_002070575.1	242	242	242	227	CAT	0.0	0	below_threshold	high	0.062	False	user_msa
Drosophila_yakuba_Drosophila_yakuba__LOC6536356__XP_002096938.1	242	242	242	227	CAT	0.0	0	below_threshold	high	0.062	False	user_msa
Drosophila_ananassae_Drosophila_ananassae__LOC6500548__XP_001953433.1	243	243	243	228	TTG	0.0	0	below_threshold	high	0.062	False	user_msa
Drosophila_biarmipes_Drosophila_biarmipes__LOC108032098__XP_016961415.1	243	243	243	228	CTG	0.0	0	below_threshold	high	0.062	False	user_msa
Drosophila_mauritiana_Drosophila_mauritiana__LOC117142441__XP_033162295.1	243	243	243	228	CTG	0.0	0	below_threshold	high	0.062	False	user_msa
Drosophila_melanogaster_Drosophila_melanogaster__betaTub85D__NP_524290.2	243	243	243	228	CTG	0.0	0	below_threshold	high	0.062	False	user_msa
Drosophila_pseudoobscura_Drosophila_pseudoobscura__betaTub85D__XP_001357842.1	243	243	243	228	TTG	0.0	0	below_threshold	high	0.062	False	user_msa
Drosophila_sechellia_Drosophila_sechellia__betaTub85D__XP_002031904.1	243	243	243	228	CTG	0.0	0	below_threshold	high	0.062	False	user_msa
Drosophila_simulans_Drosophila_simulans__LOC6728793__XP_002104128.1	243	243	243	228	CTG	0.0	0	below_threshold	high	0.062	False	user_msa
Drosophila_subobscura_Drosophila_subobscura__LOC117897634__XP_034662499.1	243	243	243	228	TTG	0.0	0	below_threshold	high	0.062	False	user_msa
Drosophila_suzukii_Drosophila_suzukii__betaTub85D__XP_016937909.1	243	243	243	228	TTG	0.0	0	below_threshold	high	0.062	False	user_msa
Drosophila_virilis_Drosophila_virilis__betaTub85D__XP_002053003.1	243	243	243	228	TTG	0.0	0	below_threshold	high	0.062	False	user_msa
Drosophila_willistoni_Drosophila_willistoni__LOC6647585__XP_002070575.1	243	243	243	228	TTG	0.0	0	below_threshold	high	0.062	False	user_msa
Drosophila_yakuba_Drosophila_yakuba__LOC6536356__XP_002096938.1	243	243	243	228	CTG	0.0	0	below_threshold	high	0.062	False	user_msa
Drosophila_ananassae_Drosophila_ananassae__LOC6500548__XP_001953433.1	244	244	244	229	GTC	0.0	0	below_threshold	high	0.062	False	user_msa
Drosophila_biarmipes_Drosophila_biarmipes__LOC108032098__XP_016961415.1	244	244	244	229	GTT	0.0	0	below_threshold	high	0.062	False	user_msa
Drosophila_mauritiana_Drosophila_mauritiana__LOC117142441__XP_033162295.1	244	244	244	229	GTT	0.0	0	below_threshold	high	0.062	False	user_msa
Drosophila_melanogaster_Drosophila_melanogaster__betaTub85D__NP_524290.2	244	244	244	229	GTT	0.0	0	below_threshold	high	0.062	False	user_msa
Drosophila_pseudoobscura_Drosophila_pseudoobscura__betaTub85D__XP_001357842.1	244	244	244	229	GTG	0.0	0	below_threshold	high	0.062	False	user_msa
Drosophila_sechellia_Drosophila_sechellia__betaTub85D__XP_002031904.1	244	244	244	229	GTT	0.0	0	below_threshold	high	0.062	False	user_msa
Drosophila_simulans_Drosophila_simulans__LOC6728793__XP_002104128.1	244	244	244	229	GTT	0.0	0	below_threshold	high	0.062	False	user_msa
Drosophila_subobscura_Drosophila_subobscura__LOC117897634__XP_034662499.1	244	244	244	229	GTG	0.0	0	below_threshold	high	0.062	False	user_msa
Drosophila_suzukii_Drosophila_suzukii__betaTub85D__XP_016937909.1	244	244	244	229	GTT	0.0	0	below_threshold	high	0.062	False	user_msa
Drosophila_virilis_Drosophila_virilis__betaTub85D__XP_002053003.1	244	244	244	229	GTG	0.0	0	below_threshold	high	0.062	False	user_msa
Drosophila_willistoni_Drosophila_willistoni__LOC6647585__XP_002070575.1	244	244	244	229	GTC	0.0	0	below_threshold	high	0.062	False	user_msa
Drosophila_yakuba_Drosophila_yakuba__LOC6536356__XP_002096938.1	244	244	244	229	GTT	0.0	0	below_threshold	high	0.062	False	user_msa
Drosophila_ananassae_Drosophila_ananassae__LOC6500548__XP_001953433.1	245	245	245	230	TCT	0.0	0	below_threshold	high	0.062	False	user_msa
Drosophila_biarmipes_Drosophila_biarmipes__LOC108032098__XP_016961415.1	245	245	245	230	TCG	0.0	0	below_threshold	high	0.062	False	user_msa
Drosophila_mauritiana_Drosophila_mauritiana__LOC117142441__XP_033162295.1	245	245	245	230	TCC	0.0	0	below_threshold	high	0.062	False	user_msa
Drosophila_melanogaster_Drosophila_melanogaster__betaTub85D__NP_524290.2	245	245	245	230	TCG	0.0	0	below_threshold	high	0.062	False	user_msa
Drosophila_pseudoobscura_Drosophila_pseudoobscura__betaTub85D__XP_001357842.1	245	245	245	230	TCG	0.0	0	below_threshold	high	0.062	False	user_msa
Drosophila_sechellia_Drosophila_sechellia__betaTub85D__XP_002031904.1	245	245	245	230	TCG	0.0	0	below_threshold	high	0.062	False	user_msa
Drosophila_simulans_Drosophila_simulans__LOC6728793__XP_002104128.1	245	245	245	230	TCG	0.0	0	below_threshold	high	0.062	False	user_msa
Drosophila_subobscura_Drosophila_subobscura__LOC117897634__XP_034662499.1	245	245	245	230	TCG	0.0	0	below_threshold	high	0.062	False	user_msa
Drosophila_suzukii_Drosophila_suzukii__betaTub85D__XP_016937909.1	245	245	245	230	TCA	0.0	0	below_threshold	high	0.062	False	user_msa
Drosophila_virilis_Drosophila_virilis__betaTub85D__XP_002053003.1	245	245	245	230	TCG	0.0	0	below_threshold	high	0.062	False	user_msa
Drosophila_willistoni_Drosophila_willistoni__LOC6647585__XP_002070575.1	245	245	245	230	TCT	0.0	0	below_threshold	high	0.062	False	user_msa
Drosophila_yakuba_Drosophila_yakuba__LOC6536356__XP_002096938.1	245	245	245	230	TCG	0.0	0	below_threshold	high	0.062	False	user_msa
Drosophila_ananassae_Drosophila_ananassae__LOC6500548__XP_001953433.1	246	246	246	231	GCC	0.0	0	below_threshold	high	0.062	False	user_msa
Drosophila_biarmipes_Drosophila_biarmipes__LOC108032098__XP_016961415.1	246	246	246	231	GCT	0.0	0	below_threshold	high	0.062	False	user_msa
Drosophila_mauritiana_Drosophila_mauritiana__LOC117142441__XP_033162295.1	246	246	246	231	GCC	0.0	0	below_threshold	high	0.062	False	user_msa
Drosophila_melanogaster_Drosophila_melanogaster__betaTub85D__NP_524290.2	246	246	246	231	GCC	0.0	0	below_threshold	high	0.062	False	user_msa
Drosophila_pseudoobscura_Drosophila_pseudoobscura__betaTub85D__XP_001357842.1	246	246	246	231	GCA	0.0	0	below_threshold	high	0.062	False	user_msa
Drosophila_sechellia_Drosophila_sechellia__betaTub85D__XP_002031904.1	246	246	246	231	GCC	0.0	0	below_threshold	high	0.062	False	user_msa
Drosophila_simulans_Drosophila_simulans__LOC6728793__XP_002104128.1	246	246	246	231	GCC	0.0	0	below_threshold	high	0.062	False	user_msa
Drosophila_subobscura_Drosophila_subobscura__LOC117897634__XP_034662499.1	246	246	246	231	GCC	0.0	0	below_threshold	high	0.062	False	user_msa
Drosophila_suzukii_Drosophila_suzukii__betaTub85D__XP_016937909.1	246	246	246	231	GCC	0.0	0	below_threshold	high	0.062	False	user_msa
Drosophila_virilis_Drosophila_virilis__betaTub85D__XP_002053003.1	246	246	246	231	GCC	0.0	0	below_threshold	high	0.062	False	user_msa
Drosophila_willistoni_Drosophila_willistoni__LOC6647585__XP_002070575.1	246	246	246	231	GCC	0.0	0	below_threshold	high	0.062	False	user_msa
Drosophila_yakuba_Drosophila_yakuba__LOC6536356__XP_002096938.1	246	246	246	231	GCC	0.0	0	below_threshold	high	0.062	False	user_msa
Drosophila_ananassae_Drosophila_ananassae__LOC6500548__XP_001953433.1	247	247	247	232	ACA	0.0	0	below_threshold	high	0.062	False	user_msa
Drosophila_biarmipes_Drosophila_biarmipes__LOC108032098__XP_016961415.1	247	247	247	232	ACA	0.0	0	below_threshold	high	0.062	False	user_msa
Drosophila_mauritiana_Drosophila_mauritiana__LOC117142441__XP_033162295.1	247	247	247	232	ACC	0.0	0	below_threshold	high	0.062	False	user_msa
Drosophila_melanogaster_Drosophila_melanogaster__betaTub85D__NP_524290.2	247	247	247	232	ACC	0.0	0	below_threshold	high	0.062	False	user_msa
Drosophila_pseudoobscura_Drosophila_pseudoobscura__betaTub85D__XP_001357842.1	247	247	247	232	ACC	0.0	0	below_threshold	high	0.062	False	user_msa
Drosophila_sechellia_Drosophila_sechellia__betaTub85D__XP_002031904.1	247	247	247	232	ACC	0.0	0	below_threshold	high	0.062	False	user_msa
Drosophila_simulans_Drosophila_simulans__LOC6728793__XP_002104128.1	247	247	247	232	ACC	0.0	0	below_threshold	high	0.062	False	user_msa
Drosophila_subobscura_Drosophila_subobscura__LOC117897634__XP_034662499.1	247	247	247	232	ACC	0.0	0	below_threshold	high	0.062	False	user_msa
Drosophila_suzukii_Drosophila_suzukii__betaTub85D__XP_016937909.1	247	247	247	232	ACA	0.0	0	below_threshold	high	0.062	False	user_msa
Drosophila_virilis_Drosophila_virilis__betaTub85D__XP_002053003.1	247	247	247	232	ACA	0.0	0	below_threshold	high	0.062	False	user_msa
Drosophila_willistoni_Drosophila_willistoni__LOC6647585__XP_002070575.1	247	247	247	232	ACC	0.0	0	below_threshold	high	0.062	False	user_msa
Drosophila_yakuba_Drosophila_yakuba__LOC6536356__XP_002096938.1	247	247	247	232	ACA	0.0	0	below_threshold	high	0.062	False	user_msa
Drosophila_ananassae_Drosophila_ananassae__LOC6500548__XP_001953433.1	248	248	248	233	ATG	0.0	0	below_threshold	high	0.062	False	user_msa
Drosophila_biarmipes_Drosophila_biarmipes__LOC108032098__XP_016961415.1	248	248	248	233	ATG	0.0	0	below_threshold	high	0.062	False	user_msa
Drosophila_mauritiana_Drosophila_mauritiana__LOC117142441__XP_033162295.1	248	248	248	233	ATG	0.0	0	below_threshold	high	0.062	False	user_msa
Drosophila_melanogaster_Drosophila_melanogaster__betaTub85D__NP_524290.2	248	248	248	233	ATG	0.0	0	below_threshold	high	0.062	False	user_msa
Drosophila_pseudoobscura_Drosophila_pseudoobscura__betaTub85D__XP_001357842.1	248	248	248	233	ATG	0.0	0	below_threshold	high	0.062	False	user_msa
Drosophila_sechellia_Drosophila_sechellia__betaTub85D__XP_002031904.1	248	248	248	233	ATG	0.0	0	below_threshold	high	0.062	False	user_msa
Drosophila_simulans_Drosophila_simulans__LOC6728793__XP_002104128.1	248	248	248	233	ATG	0.0	0	below_threshold	high	0.062	False	user_msa
Drosophila_subobscura_Drosophila_subobscura__LOC117897634__XP_034662499.1	248	248	248	233	ATG	0.0	0	below_threshold	high	0.062	False	user_msa
Drosophila_suzukii_Drosophila_suzukii__betaTub85D__XP_016937909.1	248	248	248	233	ATG	0.0	0	below_threshold	high	0.062	False	user_msa
Drosophila_virilis_Drosophila_virilis__betaTub85D__XP_002053003.1	248	248	248	233	ATG	0.0	0	below_threshold	high	0.062	False	user_msa
Drosophila_willistoni_Drosophila_willistoni__LOC6647585__XP_002070575.1	248	248	248	233	ATG	0.0	0	below_threshold	high	0.062	False	user_msa
Drosophila_yakuba_Drosophila_yakuba__LOC6536356__XP_002096938.1	248	248	248	233	ATG	0.0	0	below_threshold	high	0.062	False	user_msa
Drosophila_ananassae_Drosophila_ananassae__LOC6500548__XP_001953433.1	249	249	249	234	TCG	0.0	0	below_threshold	high	0.062	False	user_msa
Drosophila_biarmipes_Drosophila_biarmipes__LOC108032098__XP_016961415.1	249	249	249	234	TCG	0.0	0	below_threshold	high	0.062	False	user_msa
Drosophila_mauritiana_Drosophila_mauritiana__LOC117142441__XP_033162295.1	249	249	249	234	TCT	0.0	0	below_threshold	high	0.062	False	user_msa
Drosophila_melanogaster_Drosophila_melanogaster__betaTub85D__NP_524290.2	249	249	249	234	TCT	0.0	0	below_threshold	high	0.062	False	user_msa
Drosophila_pseudoobscura_Drosophila_pseudoobscura__betaTub85D__XP_001357842.1	249	249	249	234	TCC	0.0	0	below_threshold	high	0.062	False	user_msa
Drosophila_sechellia_Drosophila_sechellia__betaTub85D__XP_002031904.1	249	249	249	234	TCT	0.0	0	below_threshold	high	0.062	False	user_msa
Drosophila_simulans_Drosophila_simulans__LOC6728793__XP_002104128.1	249	249	249	234	TCT	0.0	0	below_threshold	high	0.062	False	user_msa
Drosophila_subobscura_Drosophila_subobscura__LOC117897634__XP_034662499.1	249	249	249	234	TCC	0.0	0	below_threshold	high	0.062	False	user_msa
Drosophila_suzukii_Drosophila_suzukii__betaTub85D__XP_016937909.1	249	249	249	234	TCT	0.0	0	below_threshold	high	0.062	False	user_msa
Drosophila_virilis_Drosophila_virilis__betaTub85D__XP_002053003.1	249	249	249	234	TCT	0.0	0	below_threshold	high	0.062	False	user_msa
Drosophila_willistoni_Drosophila_willistoni__LOC6647585__XP_002070575.1	249	249	249	234	TCG	0.0	0	below_threshold	high	0.062	False	user_msa
Drosophila_yakuba_Drosophila_yakuba__LOC6536356__XP_002096938.1	249	249	249	234	TCT	0.0	0	below_threshold	high	0.062	False	user_msa
Drosophila_ananassae_Drosophila_ananassae__LOC6500548__XP_001953433.1	250	250	250	235	GGG	0.0	0	below_threshold	high	0.062	False	user_msa
Drosophila_biarmipes_Drosophila_biarmipes__LOC108032098__XP_016961415.1	250	250	250	235	GGG	0.0	0	below_threshold	high	0.062	False	user_msa
Drosophila_mauritiana_Drosophila_mauritiana__LOC117142441__XP_033162295.1	250	250	250	235	GGT	0.0	0	below_threshold	high	0.062	False	user_msa
Drosophila_melanogaster_Drosophila_melanogaster__betaTub85D__NP_524290.2	250	250	250	235	GGT	0.0	0	below_threshold	high	0.062	False	user_msa
Drosophila_pseudoobscura_Drosophila_pseudoobscura__betaTub85D__XP_001357842.1	250	250	250	235	GGG	0.0	0	below_threshold	high	0.062	False	user_msa
Drosophila_sechellia_Drosophila_sechellia__betaTub85D__XP_002031904.1	250	250	250	235	GGT	0.0	0	below_threshold	high	0.062	False	user_msa
Drosophila_simulans_Drosophila_simulans__LOC6728793__XP_002104128.1	250	250	250	235	GGT	0.0	0	below_threshold	high	0.062	False	user_msa
Drosophila_subobscura_Drosophila_subobscura__LOC117897634__XP_034662499.1	250	250	250	235	GGG	0.0	0	below_threshold	high	0.062	False	user_msa
Drosophila_suzukii_Drosophila_suzukii__betaTub85D__XP_016937909.1	250	250	250	235	GGG	0.0	0	below_threshold	high	0.062	False	user_msa
Drosophila_virilis_Drosophila_virilis__betaTub85D__XP_002053003.1	250	250	250	235	GGA	0.0	0	below_threshold	high	0.062	False	user_msa
Drosophila_willistoni_Drosophila_willistoni__LOC6647585__XP_002070575.1	250	250	250	235	GGA	0.0	0	below_threshold	high	0.062	False	user_msa
Drosophila_yakuba_Drosophila_yakuba__LOC6536356__XP_002096938.1	250	250	250	235	GGC	0.0	0	below_threshold	high	0.062	False	user_msa
Drosophila_ananassae_Drosophila_ananassae__LOC6500548__XP_001953433.1	251	251	251	236	GTA	0.0	0	below_threshold	high	0.062	False	user_msa
Drosophila_biarmipes_Drosophila_biarmipes__LOC108032098__XP_016961415.1	251	251	251	236	GTC	0.0	0	below_threshold	high	0.062	False	user_msa
Drosophila_mauritiana_Drosophila_mauritiana__LOC117142441__XP_033162295.1	251	251	251	236	GTG	0.0	0	below_threshold	high	0.062	False	user_msa
Drosophila_melanogaster_Drosophila_melanogaster__betaTub85D__NP_524290.2	251	251	251	236	GTG	0.0	0	below_threshold	high	0.062	False	user_msa
Drosophila_pseudoobscura_Drosophila_pseudoobscura__betaTub85D__XP_001357842.1	251	251	251	236	GTG	0.0	0	below_threshold	high	0.062	False	user_msa
Drosophila_sechellia_Drosophila_sechellia__betaTub85D__XP_002031904.1	251	251	251	236	GTG	0.0	0	below_threshold	high	0.062	False	user_msa
Drosophila_simulans_Drosophila_simulans__LOC6728793__XP_002104128.1	251	251	251	236	GTG	0.0	0	below_threshold	high	0.062	False	user_msa
Drosophila_subobscura_Drosophila_subobscura__LOC117897634__XP_034662499.1	251	251	251	236	GTG	0.0	0	below_threshold	high	0.062	False	user_msa
Drosophila_suzukii_Drosophila_suzukii__betaTub85D__XP_016937909.1	251	251	251	236	GTT	0.0	0	below_threshold	high	0.062	False	user_msa
Drosophila_virilis_Drosophila_virilis__betaTub85D__XP_002053003.1	251	251	251	236	GTT	0.0	0	below_threshold	high	0.062	False	user_msa
Drosophila_willistoni_Drosophila_willistoni__LOC6647585__XP_002070575.1	251	251	251	236	GTG	0.0	0	below_threshold	high	0.062	False	user_msa
Drosophila_yakuba_Drosophila_yakuba__LOC6536356__XP_002096938.1	251	251	251	236	GTT	0.0	0	below_threshold	high	0.062	False	user_msa
Drosophila_ananassae_Drosophila_ananassae__LOC6500548__XP_001953433.1	252	252	252	237	ACC	0.0	0	below_threshold	high	0.062	False	user_msa
Drosophila_biarmipes_Drosophila_biarmipes__LOC108032098__XP_016961415.1	252	252	252	237	ACA	0.0	0	below_threshold	high	0.062	False	user_msa
Drosophila_mauritiana_Drosophila_mauritiana__LOC117142441__XP_033162295.1	252	252	252	237	ACA	0.0	0	below_threshold	high	0.062	False	user_msa
Drosophila_melanogaster_Drosophila_melanogaster__betaTub85D__NP_524290.2	252	252	252	237	ACG	0.0	0	below_threshold	high	0.062	False	user_msa
Drosophila_pseudoobscura_Drosophila_pseudoobscura__betaTub85D__XP_001357842.1	252	252	252	237	ACC	0.0	0	below_threshold	high	0.062	False	user_msa
Drosophila_sechellia_Drosophila_sechellia__betaTub85D__XP_002031904.1	252	252	252	237	ACA	0.0	0	below_threshold	high	0.062	False	user_msa
Drosophila_simulans_Drosophila_simulans__LOC6728793__XP_002104128.1	252	252	252	237	ACA	0.0	0	below_threshold	high	0.062	False	user_msa
Drosophila_subobscura_Drosophila_subobscura__LOC117897634__XP_034662499.1	252	252	252	237	ACT	0.0	0	below_threshold	high	0.062	False	user_msa
Drosophila_suzukii_Drosophila_suzukii__betaTub85D__XP_016937909.1	252	252	252	237	ACG	0.0	0	below_threshold	high	0.062	False	user_msa
Drosophila_virilis_Drosophila_virilis__betaTub85D__XP_002053003.1	252	252	252	237	ACC	0.0	0	below_threshold	high	0.062	False	user_msa
Drosophila_willistoni_Drosophila_willistoni__LOC6647585__XP_002070575.1	252	252	252	237	ACT	0.0	0	below_threshold	high	0.062	False	user_msa
Drosophila_yakuba_Drosophila_yakuba__LOC6536356__XP_002096938.1	252	252	252	237	ACG	0.0	0	below_threshold	high	0.062	False	user_msa
Drosophila_ananassae_Drosophila_ananassae__LOC6500548__XP_001953433.1	253	253	253	238	ACC	0.0	0	below_threshold	high	0.062	False	user_msa
Drosophila_biarmipes_Drosophila_biarmipes__LOC108032098__XP_016961415.1	253	253	253	238	ACG	0.0	0	below_threshold	high	0.062	False	user_msa
Drosophila_mauritiana_Drosophila_mauritiana__LOC117142441__XP_033162295.1	253	253	253	238	ACC	0.0	0	below_threshold	high	0.062	False	user_msa
Drosophila_melanogaster_Drosophila_melanogaster__betaTub85D__NP_524290.2	253	253	253	238	ACC	0.0	0	below_threshold	high	0.062	False	user_msa
Drosophila_pseudoobscura_Drosophila_pseudoobscura__betaTub85D__XP_001357842.1	253	253	253	238	ACC	0.0	0	below_threshold	high	0.062	False	user_msa
Drosophila_sechellia_Drosophila_sechellia__betaTub85D__XP_002031904.1	253	253	253	238	ACC	0.0	0	below_threshold	high	0.062	False	user_msa
Drosophila_simulans_Drosophila_simulans__LOC6728793__XP_002104128.1	253	253	253	238	ACC	0.0	0	below_threshold	high	0.062	False	user_msa
Drosophila_subobscura_Drosophila_subobscura__LOC117897634__XP_034662499.1	253	253	253	238	ACA	0.0	0	below_threshold	high	0.062	False	user_msa
Drosophila_suzukii_Drosophila_suzukii__betaTub85D__XP_016937909.1	253	253	253	238	ACT	0.0	0	below_threshold	high	0.062	False	user_msa
Drosophila_virilis_Drosophila_virilis__betaTub85D__XP_002053003.1	253	253	253	238	ACC	0.0	0	below_threshold	high	0.062	False	user_msa
Drosophila_willistoni_Drosophila_willistoni__LOC6647585__XP_002070575.1	253	253	253	238	ACT	0.0	0	below_threshold	high	0.062	False	user_msa
Drosophila_yakuba_Drosophila_yakuba__LOC6536356__XP_002096938.1	253	253	253	238	ACC	0.0	0	below_threshold	high	0.062	False	user_msa
Drosophila_ananassae_Drosophila_ananassae__LOC6500548__XP_001953433.1	254	254	254	239	TGC	0.0	0	below_threshold	high	0.062	False	user_msa
Drosophila_biarmipes_Drosophila_biarmipes__LOC108032098__XP_016961415.1	254	254	254	239	TGC	0.0	0	below_threshold	high	0.062	False	user_msa
Drosophila_mauritiana_Drosophila_mauritiana__LOC117142441__XP_033162295.1	254	254	254	239	TGC	0.0	0	below_threshold	high	0.062	False	user_msa
Drosophila_melanogaster_Drosophila_melanogaster__betaTub85D__NP_524290.2	254	254	254	239	TGC	0.0	0	below_threshold	high	0.062	False	user_msa
Drosophila_pseudoobscura_Drosophila_pseudoobscura__betaTub85D__XP_001357842.1	254	254	254	239	TGC	0.0	0	below_threshold	high	0.062	False	user_msa
Drosophila_sechellia_Drosophila_sechellia__betaTub85D__XP_002031904.1	254	254	254	239	TGC	0.0	0	below_threshold	high	0.062	False	user_msa
Drosophila_simulans_Drosophila_simulans__LOC6728793__XP_002104128.1	254	254	254	239	TGC	0.0	0	below_threshold	high	0.062	False	user_msa
Drosophila_subobscura_Drosophila_subobscura__LOC117897634__XP_034662499.1	254	254	254	239	TGT	0.0	0	below_threshold	high	0.062	False	user_msa
Drosophila_suzukii_Drosophila_suzukii__betaTub85D__XP_016937909.1	254	254	254	239	TGC	0.0	0	below_threshold	high	0.062	False	user_msa
Drosophila_virilis_Drosophila_virilis__betaTub85D__XP_002053003.1	254	254	254	239	TGC	0.0	0	below_threshold	high	0.062	False	user_msa
Drosophila_willistoni_Drosophila_willistoni__LOC6647585__XP_002070575.1	254	254	254	239	TGC	0.0	0	below_threshold	high	0.062	False	user_msa
Drosophila_yakuba_Drosophila_yakuba__LOC6536356__XP_002096938.1	254	254	254	239	TGC	0.0	0	below_threshold	high	0.062	False	user_msa
Drosophila_ananassae_Drosophila_ananassae__LOC6500548__XP_001953433.1	255	255	255	240	CTG	0.0	0	below_threshold	high	0.062	False	user_msa
Drosophila_biarmipes_Drosophila_biarmipes__LOC108032098__XP_016961415.1	255	255	255	240	CTG	0.0	0	below_threshold	high	0.062	False	user_msa
Drosophila_mauritiana_Drosophila_mauritiana__LOC117142441__XP_033162295.1	255	255	255	240	CTG	0.0	0	below_threshold	high	0.062	False	user_msa
Drosophila_melanogaster_Drosophila_melanogaster__betaTub85D__NP_524290.2	255	255	255	240	CTG	0.0	0	below_threshold	high	0.062	False	user_msa
Drosophila_pseudoobscura_Drosophila_pseudoobscura__betaTub85D__XP_001357842.1	255	255	255	240	CTG	0.0	0	below_threshold	high	0.062	False	user_msa
Drosophila_sechellia_Drosophila_sechellia__betaTub85D__XP_002031904.1	255	255	255	240	CTG	0.0	0	below_threshold	high	0.062	False	user_msa
Drosophila_simulans_Drosophila_simulans__LOC6728793__XP_002104128.1	255	255	255	240	CTG	0.0	0	below_threshold	high	0.062	False	user_msa
Drosophila_subobscura_Drosophila_subobscura__LOC117897634__XP_034662499.1	255	255	255	240	CTT	0.0	0	below_threshold	high	0.062	False	user_msa
Drosophila_suzukii_Drosophila_suzukii__betaTub85D__XP_016937909.1	255	255	255	240	CTG	0.0	0	below_threshold	high	0.062	False	user_msa
Drosophila_virilis_Drosophila_virilis__betaTub85D__XP_002053003.1	255	255	255	240	CTG	0.0	0	below_threshold	high	0.062	False	user_msa
Drosophila_willistoni_Drosophila_willistoni__LOC6647585__XP_002070575.1	255	255	255	240	CTG	0.0	0	below_threshold	high	0.062	False	user_msa
Drosophila_yakuba_Drosophila_yakuba__LOC6536356__XP_002096938.1	255	255	255	240	CTG	0.0	0	below_threshold	high	0.062	False	user_msa
Drosophila_ananassae_Drosophila_ananassae__LOC6500548__XP_001953433.1	256	256	256	241	CGA	0.0	0	below_threshold	high	0.062	False	user_msa
Drosophila_biarmipes_Drosophila_biarmipes__LOC108032098__XP_016961415.1	256	256	256	241	AGA	0.0	0	below_threshold	high	0.062	False	user_msa
Drosophila_mauritiana_Drosophila_mauritiana__LOC117142441__XP_033162295.1	256	256	256	241	CGT	0.0	0	below_threshold	high	0.062	False	user_msa
Drosophila_melanogaster_Drosophila_melanogaster__betaTub85D__NP_524290.2	256	256	256	241	CGC	0.0	0	below_threshold	high	0.062	False	user_msa
Drosophila_pseudoobscura_Drosophila_pseudoobscura__betaTub85D__XP_001357842.1	256	256	256	241	CGC	0.0	0	below_threshold	high	0.062	False	user_msa
Drosophila_sechellia_Drosophila_sechellia__betaTub85D__XP_002031904.1	256	256	256	241	CGT	0.0	0	below_threshold	high	0.062	False	user_msa
Drosophila_simulans_Drosophila_simulans__LOC6728793__XP_002104128.1	256	256	256	241	CGT	0.0	0	below_threshold	high	0.062	False	user_msa
Drosophila_subobscura_Drosophila_subobscura__LOC117897634__XP_034662499.1	256	256	256	241	CGT	0.0	0	below_threshold	high	0.062	False	user_msa
Drosophila_suzukii_Drosophila_suzukii__betaTub85D__XP_016937909.1	256	256	256	241	CGA	0.0	0	below_threshold	high	0.062	False	user_msa
Drosophila_virilis_Drosophila_virilis__betaTub85D__XP_002053003.1	256	256	256	241	CGC	0.0	0	below_threshold	high	0.062	False	user_msa
Drosophila_willistoni_Drosophila_willistoni__LOC6647585__XP_002070575.1	256	256	256	241	CGT	0.0	0	below_threshold	high	0.062	False	user_msa
Drosophila_yakuba_Drosophila_yakuba__LOC6536356__XP_002096938.1	256	256	256	241	CGT	0.0	0	below_threshold	high	0.062	False	user_msa
Drosophila_ananassae_Drosophila_ananassae__LOC6500548__XP_001953433.1	257	257	257	242	TTC	0.0	0	below_threshold	high	0.062	False	user_msa
Drosophila_biarmipes_Drosophila_biarmipes__LOC108032098__XP_016961415.1	257	257	257	242	TTC	0.0	0	below_threshold	high	0.062	False	user_msa
Drosophila_mauritiana_Drosophila_mauritiana__LOC117142441__XP_033162295.1	257	257	257	242	TTC	0.0	0	below_threshold	high	0.062	False	user_msa
Drosophila_melanogaster_Drosophila_melanogaster__betaTub85D__NP_524290.2	257	257	257	242	TTC	0.0	0	below_threshold	high	0.062	False	user_msa
Drosophila_pseudoobscura_Drosophila_pseudoobscura__betaTub85D__XP_001357842.1	257	257	257	242	TTC	0.0	0	below_threshold	high	0.062	False	user_msa
Drosophila_sechellia_Drosophila_sechellia__betaTub85D__XP_002031904.1	257	257	257	242	TTC	0.0	0	below_threshold	high	0.062	False	user_msa
Drosophila_simulans_Drosophila_simulans__LOC6728793__XP_002104128.1	257	257	257	242	TTC	0.0	0	below_threshold	high	0.062	False	user_msa
Drosophila_subobscura_Drosophila_subobscura__LOC117897634__XP_034662499.1	257	257	257	242	TTT	0.0	0	below_threshold	high	0.062	False	user_msa
Drosophila_suzukii_Drosophila_suzukii__betaTub85D__XP_016937909.1	257	257	257	242	TTC	0.0	0	below_threshold	high	0.062	False	user_msa
Drosophila_virilis_Drosophila_virilis__betaTub85D__XP_002053003.1	257	257	257	242	TTC	0.0	0	below_threshold	high	0.062	False	user_msa
Drosophila_willistoni_Drosophila_willistoni__LOC6647585__XP_002070575.1	257	257	257	242	TTC	0.0	0	below_threshold	high	0.062	False	user_msa
Drosophila_yakuba_Drosophila_yakuba__LOC6536356__XP_002096938.1	257	257	257	242	TTC	0.0	0	below_threshold	high	0.062	False	user_msa
Drosophila_ananassae_Drosophila_ananassae__LOC6500548__XP_001953433.1	258	258	258	243	CCT	0.0	0	below_threshold	high	0.062	False	user_msa
Drosophila_biarmipes_Drosophila_biarmipes__LOC108032098__XP_016961415.1	258	258	258	243	CCC	0.0	0	below_threshold	high	0.062	False	user_msa
Drosophila_mauritiana_Drosophila_mauritiana__LOC117142441__XP_033162295.1	258	258	258	243	CCT	0.0	0	below_threshold	high	0.062	False	user_msa
Drosophila_melanogaster_Drosophila_melanogaster__betaTub85D__NP_524290.2	258	258	258	243	CCT	0.0	0	below_threshold	high	0.062	False	user_msa
Drosophila_pseudoobscura_Drosophila_pseudoobscura__betaTub85D__XP_001357842.1	258	258	258	243	CCG	0.0	0	below_threshold	high	0.062	False	user_msa
Drosophila_sechellia_Drosophila_sechellia__betaTub85D__XP_002031904.1	258	258	258	243	CCT	0.0	0	below_threshold	high	0.062	False	user_msa
Drosophila_simulans_Drosophila_simulans__LOC6728793__XP_002104128.1	258	258	258	243	CCT	0.0	0	below_threshold	high	0.062	False	user_msa
Drosophila_subobscura_Drosophila_subobscura__LOC117897634__XP_034662499.1	258	258	258	243	CCC	0.0	0	below_threshold	high	0.062	False	user_msa
Drosophila_suzukii_Drosophila_suzukii__betaTub85D__XP_016937909.1	258	258	258	243	CCC	0.0	0	below_threshold	high	0.062	False	user_msa
Drosophila_virilis_Drosophila_virilis__betaTub85D__XP_002053003.1	258	258	258	243	CCG	0.0	0	below_threshold	high	0.062	False	user_msa
Drosophila_willistoni_Drosophila_willistoni__LOC6647585__XP_002070575.1	258	258	258	243	CCT	0.0	0	below_threshold	high	0.062	False	user_msa
Drosophila_yakuba_Drosophila_yakuba__LOC6536356__XP_002096938.1	258	258	258	243	CCT	0.0	0	below_threshold	high	0.062	False	user_msa
Drosophila_ananassae_Drosophila_ananassae__LOC6500548__XP_001953433.1	259	259	259	244	GGC	0.0	0	below_threshold	high	0.062	False	user_msa
Drosophila_biarmipes_Drosophila_biarmipes__LOC108032098__XP_016961415.1	259	259	259	244	GGC	0.0	0	below_threshold	high	0.062	False	user_msa
Drosophila_mauritiana_Drosophila_mauritiana__LOC117142441__XP_033162295.1	259	259	259	244	GGC	0.0	0	below_threshold	high	0.062	False	user_msa
Drosophila_melanogaster_Drosophila_melanogaster__betaTub85D__NP_524290.2	259	259	259	244	GGC	0.0	0	below_threshold	high	0.062	False	user_msa
Drosophila_pseudoobscura_Drosophila_pseudoobscura__betaTub85D__XP_001357842.1	259	259	259	244	GGC	0.0	0	below_threshold	high	0.062	False	user_msa
Drosophila_sechellia_Drosophila_sechellia__betaTub85D__XP_002031904.1	259	259	259	244	GGC	0.0	0	below_threshold	high	0.062	False	user_msa
Drosophila_simulans_Drosophila_simulans__LOC6728793__XP_002104128.1	259	259	259	244	GGC	0.0	0	below_threshold	high	0.062	False	user_msa
Drosophila_subobscura_Drosophila_subobscura__LOC117897634__XP_034662499.1	259	259	259	244	GGC	0.0	0	below_threshold	high	0.062	False	user_msa
Drosophila_suzukii_Drosophila_suzukii__betaTub85D__XP_016937909.1	259	259	259	244	GGC	0.0	0	below_threshold	high	0.062	False	user_msa
Drosophila_virilis_Drosophila_virilis__betaTub85D__XP_002053003.1	259	259	259	244	GGC	0.0	0	below_threshold	high	0.062	False	user_msa
Drosophila_willistoni_Drosophila_willistoni__LOC6647585__XP_002070575.1	259	259	259	244	GGT	0.0	0	below_threshold	high	0.062	False	user_msa
Drosophila_yakuba_Drosophila_yakuba__LOC6536356__XP_002096938.1	259	259	259	244	GGC	0.0	0	below_threshold	high	0.062	False	user_msa
Drosophila_ananassae_Drosophila_ananassae__LOC6500548__XP_001953433.1	260	260	260	245	CAG	0.0	0	below_threshold	high	0.062	False	user_msa
Drosophila_biarmipes_Drosophila_biarmipes__LOC108032098__XP_016961415.1	260	260	260	245	CAG	0.0	0	below_threshold	high	0.062	False	user_msa
Drosophila_mauritiana_Drosophila_mauritiana__LOC117142441__XP_033162295.1	260	260	260	245	CAA	0.0	0	below_threshold	high	0.062	False	user_msa
Drosophila_melanogaster_Drosophila_melanogaster__betaTub85D__NP_524290.2	260	260	260	245	CAG	0.0	0	below_threshold	high	0.062	False	user_msa
Drosophila_pseudoobscura_Drosophila_pseudoobscura__betaTub85D__XP_001357842.1	260	260	260	245	CAG	0.0	0	below_threshold	high	0.062	False	user_msa
Drosophila_sechellia_Drosophila_sechellia__betaTub85D__XP_002031904.1	260	260	260	245	CAA	0.0	0	below_threshold	high	0.062	False	user_msa
Drosophila_simulans_Drosophila_simulans__LOC6728793__XP_002104128.1	260	260	260	245	CAA	0.0	0	below_threshold	high	0.062	False	user_msa
Drosophila_subobscura_Drosophila_subobscura__LOC117897634__XP_034662499.1	260	260	260	245	CAG	0.0	0	below_threshold	high	0.062	False	user_msa
Drosophila_suzukii_Drosophila_suzukii__betaTub85D__XP_016937909.1	260	260	260	245	CAG	0.0	0	below_threshold	high	0.062	False	user_msa
Drosophila_virilis_Drosophila_virilis__betaTub85D__XP_002053003.1	260	260	260	245	CAG	0.0	0	below_threshold	high	0.062	False	user_msa
Drosophila_willistoni_Drosophila_willistoni__LOC6647585__XP_002070575.1	260	260	260	245	CAA	0.0	0	below_threshold	high	0.062	False	user_msa
Drosophila_yakuba_Drosophila_yakuba__LOC6536356__XP_002096938.1	260	260	260	245	CAG	0.0	0	below_threshold	high	0.062	False	user_msa
Drosophila_ananassae_Drosophila_ananassae__LOC6500548__XP_001953433.1	261	261	261	246	TTG	0.0	0	below_threshold	high	0.062	False	user_msa
Drosophila_biarmipes_Drosophila_biarmipes__LOC108032098__XP_016961415.1	261	261	261	246	CTG	0.0	0	below_threshold	high	0.062	False	user_msa
Drosophila_mauritiana_Drosophila_mauritiana__LOC117142441__XP_033162295.1	261	261	261	246	CTG	0.0	0	below_threshold	high	0.062	False	user_msa
Drosophila_melanogaster_Drosophila_melanogaster__betaTub85D__NP_524290.2	261	261	261	246	CTG	0.0	0	below_threshold	high	0.062	False	user_msa
Drosophila_pseudoobscura_Drosophila_pseudoobscura__betaTub85D__XP_001357842.1	261	261	261	246	TTG	0.0	0	below_threshold	high	0.062	False	user_msa
Drosophila_sechellia_Drosophila_sechellia__betaTub85D__XP_002031904.1	261	261	261	246	CTG	0.0	0	below_threshold	high	0.062	False	user_msa
Drosophila_simulans_Drosophila_simulans__LOC6728793__XP_002104128.1	261	261	261	246	TTG	0.0	0	below_threshold	high	0.062	False	user_msa
Drosophila_subobscura_Drosophila_subobscura__LOC117897634__XP_034662499.1	261	261	261	246	CTG	0.0	0	below_threshold	high	0.062	False	user_msa
Drosophila_suzukii_Drosophila_suzukii__betaTub85D__XP_016937909.1	261	261	261	246	CTG	0.0	0	below_threshold	high	0.062	False	user_msa
Drosophila_virilis_Drosophila_virilis__betaTub85D__XP_002053003.1	261	261	261	246	CTC	0.0	0	below_threshold	high	0.062	False	user_msa
Drosophila_willistoni_Drosophila_willistoni__LOC6647585__XP_002070575.1	261	261	261	246	TTG	0.0	0	below_threshold	high	0.062	False	user_msa
Drosophila_yakuba_Drosophila_yakuba__LOC6536356__XP_002096938.1	261	261	261	246	CTG	0.0	0	below_threshold	high	0.062	False	user_msa
Drosophila_ananassae_Drosophila_ananassae__LOC6500548__XP_001953433.1	262	262	262	247	AAC	0.0	0	below_threshold	high	0.062	False	user_msa
Drosophila_biarmipes_Drosophila_biarmipes__LOC108032098__XP_016961415.1	262	262	262	247	AAC	0.0	0	below_threshold	high	0.062	False	user_msa
Drosophila_mauritiana_Drosophila_mauritiana__LOC117142441__XP_033162295.1	262	262	262	247	AAC	0.0	0	below_threshold	high	0.062	False	user_msa
Drosophila_melanogaster_Drosophila_melanogaster__betaTub85D__NP_524290.2	262	262	262	247	AAC	0.0	0	below_threshold	high	0.062	False	user_msa
Drosophila_pseudoobscura_Drosophila_pseudoobscura__betaTub85D__XP_001357842.1	262	262	262	247	AAT	0.0	0	below_threshold	high	0.062	False	user_msa
Drosophila_sechellia_Drosophila_sechellia__betaTub85D__XP_002031904.1	262	262	262	247	AAC	0.0	0	below_threshold	high	0.062	False	user_msa
Drosophila_simulans_Drosophila_simulans__LOC6728793__XP_002104128.1	262	262	262	247	AAC	0.0	0	below_threshold	high	0.062	False	user_msa
Drosophila_subobscura_Drosophila_subobscura__LOC117897634__XP_034662499.1	262	262	262	247	AAT	0.0	0	below_threshold	high	0.062	False	user_msa
Drosophila_suzukii_Drosophila_suzukii__betaTub85D__XP_016937909.1	262	262	262	247	AAC	0.0	0	below_threshold	high	0.062	False	user_msa
Drosophila_virilis_Drosophila_virilis__betaTub85D__XP_002053003.1	262	262	262	247	AAC	0.0	0	below_threshold	high	0.062	False	user_msa
Drosophila_willistoni_Drosophila_willistoni__LOC6647585__XP_002070575.1	262	262	262	247	AAT	0.0	0	below_threshold	high	0.062	False	user_msa
Drosophila_yakuba_Drosophila_yakuba__LOC6536356__XP_002096938.1	262	262	262	247	AAC	0.0	0	below_threshold	high	0.062	False	user_msa
Drosophila_ananassae_Drosophila_ananassae__LOC6500548__XP_001953433.1	263	263	263	248	GCC	0.0	0	below_threshold	high	0.062	False	user_msa
Drosophila_biarmipes_Drosophila_biarmipes__LOC108032098__XP_016961415.1	263	263	263	248	GCC	0.0	0	below_threshold	high	0.062	False	user_msa
Drosophila_mauritiana_Drosophila_mauritiana__LOC117142441__XP_033162295.1	263	263	263	248	GCT	0.0	0	below_threshold	high	0.062	False	user_msa
Drosophila_melanogaster_Drosophila_melanogaster__betaTub85D__NP_524290.2	263	263	263	248	GCT	0.0	0	below_threshold	high	0.062	False	user_msa
Drosophila_pseudoobscura_Drosophila_pseudoobscura__betaTub85D__XP_001357842.1	263	263	263	248	GCC	0.0	0	below_threshold	high	0.062	False	user_msa
Drosophila_sechellia_Drosophila_sechellia__betaTub85D__XP_002031904.1	263	263	263	248	GCT	0.0	0	below_threshold	high	0.062	False	user_msa
Drosophila_simulans_Drosophila_simulans__LOC6728793__XP_002104128.1	263	263	263	248	GCT	0.0	0	below_threshold	high	0.062	False	user_msa
Drosophila_subobscura_Drosophila_subobscura__LOC117897634__XP_034662499.1	263	263	263	248	GCC	0.0	0	below_threshold	high	0.062	False	user_msa
Drosophila_suzukii_Drosophila_suzukii__betaTub85D__XP_016937909.1	263	263	263	248	GCC	0.0	0	below_threshold	high	0.062	False	user_msa
Drosophila_virilis_Drosophila_virilis__betaTub85D__XP_002053003.1	263	263	263	248	GCT	0.0	0	below_threshold	high	0.062	False	user_msa
Drosophila_willistoni_Drosophila_willistoni__LOC6647585__XP_002070575.1	263	263	263	248	GCC	0.0	0	below_threshold	high	0.062	False	user_msa
Drosophila_yakuba_Drosophila_yakuba__LOC6536356__XP_002096938.1	263	263	263	248	GCC	0.0	0	below_threshold	high	0.062	False	user_msa
Drosophila_ananassae_Drosophila_ananassae__LOC6500548__XP_001953433.1	264	264	264	249	GAT	0.0	0	below_threshold	high	0.062	False	user_msa
Drosophila_biarmipes_Drosophila_biarmipes__LOC108032098__XP_016961415.1	264	264	264	249	GAT	0.0	0	below_threshold	high	0.062	False	user_msa
Drosophila_mauritiana_Drosophila_mauritiana__LOC117142441__XP_033162295.1	264	264	264	249	GAT	0.0	0	below_threshold	high	0.062	False	user_msa
Drosophila_melanogaster_Drosophila_melanogaster__betaTub85D__NP_524290.2	264	264	264	249	GAT	0.0	0	below_threshold	high	0.062	False	user_msa
Drosophila_pseudoobscura_Drosophila_pseudoobscura__betaTub85D__XP_001357842.1	264	264	264	249	GAT	0.0	0	below_threshold	high	0.062	False	user_msa
Drosophila_sechellia_Drosophila_sechellia__betaTub85D__XP_002031904.1	264	264	264	249	GAT	0.0	0	below_threshold	high	0.062	False	user_msa
Drosophila_simulans_Drosophila_simulans__LOC6728793__XP_002104128.1	264	264	264	249	GAT	0.0	0	below_threshold	high	0.062	False	user_msa
Drosophila_subobscura_Drosophila_subobscura__LOC117897634__XP_034662499.1	264	264	264	249	GAT	0.0	0	below_threshold	high	0.062	False	user_msa
Drosophila_suzukii_Drosophila_suzukii__betaTub85D__XP_016937909.1	264	264	264	249	GAT	0.0	0	below_threshold	high	0.062	False	user_msa
Drosophila_virilis_Drosophila_virilis__betaTub85D__XP_002053003.1	264	264	264	249	GAT	0.0	0	below_threshold	high	0.062	False	user_msa
Drosophila_willistoni_Drosophila_willistoni__LOC6647585__XP_002070575.1	264	264	264	249	GAT	0.0	0	below_threshold	high	0.062	False	user_msa
Drosophila_yakuba_Drosophila_yakuba__LOC6536356__XP_002096938.1	264	264	264	249	GAT	0.0	0	below_threshold	high	0.062	False	user_msa
Drosophila_ananassae_Drosophila_ananassae__LOC6500548__XP_001953433.1	265	265	265	250	CTG	0.0	0	below_threshold	high	0.062	False	user_msa
Drosophila_biarmipes_Drosophila_biarmipes__LOC108032098__XP_016961415.1	265	265	265	250	CTG	0.0	0	below_threshold	high	0.062	False	user_msa
Drosophila_mauritiana_Drosophila_mauritiana__LOC117142441__XP_033162295.1	265	265	265	250	CTT	0.0	0	below_threshold	high	0.062	False	user_msa
Drosophila_melanogaster_Drosophila_melanogaster__betaTub85D__NP_524290.2	265	265	265	250	CTT	0.0	0	below_threshold	high	0.062	False	user_msa
Drosophila_pseudoobscura_Drosophila_pseudoobscura__betaTub85D__XP_001357842.1	265	265	265	250	CTG	0.0	0	below_threshold	high	0.062	False	user_msa
Drosophila_sechellia_Drosophila_sechellia__betaTub85D__XP_002031904.1	265	265	265	250	CTT	0.0	0	below_threshold	high	0.062	False	user_msa
Drosophila_simulans_Drosophila_simulans__LOC6728793__XP_002104128.1	265	265	265	250	CTT	0.0	0	below_threshold	high	0.062	False	user_msa
Drosophila_subobscura_Drosophila_subobscura__LOC117897634__XP_034662499.1	265	265	265	250	CTG	0.0	0	below_threshold	high	0.062	False	user_msa
Drosophila_suzukii_Drosophila_suzukii__betaTub85D__XP_016937909.1	265	265	265	250	CTT	0.0	0	below_threshold	high	0.062	False	user_msa
Drosophila_virilis_Drosophila_virilis__betaTub85D__XP_002053003.1	265	265	265	250	CTA	0.0	0	below_threshold	high	0.062	False	user_msa
Drosophila_willistoni_Drosophila_willistoni__LOC6647585__XP_002070575.1	265	265	265	250	TTG	0.0	0	below_threshold	high	0.062	False	user_msa
Drosophila_yakuba_Drosophila_yakuba__LOC6536356__XP_002096938.1	265	265	265	250	CTT	0.0	0	below_threshold	high	0.062	False	user_msa
Drosophila_ananassae_Drosophila_ananassae__LOC6500548__XP_001953433.1	266	266	266	251	CGT	0.0	0	below_threshold	high	0.062	False	user_msa
Drosophila_biarmipes_Drosophila_biarmipes__LOC108032098__XP_016961415.1	266	266	266	251	CGC	0.0	0	below_threshold	high	0.062	False	user_msa
Drosophila_mauritiana_Drosophila_mauritiana__LOC117142441__XP_033162295.1	266	266	266	251	CGC	0.0	0	below_threshold	high	0.062	False	user_msa
Drosophila_melanogaster_Drosophila_melanogaster__betaTub85D__NP_524290.2	266	266	266	251	CGC	0.0	0	below_threshold	high	0.062	False	user_msa
Drosophila_pseudoobscura_Drosophila_pseudoobscura__betaTub85D__XP_001357842.1	266	266	266	251	CGC	0.0	0	below_threshold	high	0.062	False	user_msa
Drosophila_sechellia_Drosophila_sechellia__betaTub85D__XP_002031904.1	266	266	266	251	CGC	0.0	0	below_threshold	high	0.062	False	user_msa
Drosophila_simulans_Drosophila_simulans__LOC6728793__XP_002104128.1	266	266	266	251	CGC	0.0	0	below_threshold	high	0.062	False	user_msa
Drosophila_subobscura_Drosophila_subobscura__LOC117897634__XP_034662499.1	266	266	266	251	CGC	0.0	0	below_threshold	high	0.062	False	user_msa
Drosophila_suzukii_Drosophila_suzukii__betaTub85D__XP_016937909.1	266	266	266	251	CGC	0.0	0	below_threshold	high	0.062	False	user_msa
Drosophila_virilis_Drosophila_virilis__betaTub85D__XP_002053003.1	266	266	266	251	CGC	0.0	0	below_threshold	high	0.062	False	user_msa
Drosophila_willistoni_Drosophila_willistoni__LOC6647585__XP_002070575.1	266	266	266	251	CGA	0.0	0	below_threshold	high	0.062	False	user_msa
Drosophila_yakuba_Drosophila_yakuba__LOC6536356__XP_002096938.1	266	266	266	251	CGC	0.0	0	below_threshold	high	0.062	False	user_msa
Drosophila_ananassae_Drosophila_ananassae__LOC6500548__XP_001953433.1	267	267	267	252	AAG	0.0	0	below_threshold	high	0.062	False	user_msa
Drosophila_biarmipes_Drosophila_biarmipes__LOC108032098__XP_016961415.1	267	267	267	252	AAG	0.0	0	below_threshold	high	0.062	False	user_msa
Drosophila_mauritiana_Drosophila_mauritiana__LOC117142441__XP_033162295.1	267	267	267	252	AAG	0.0	0	below_threshold	high	0.062	False	user_msa
Drosophila_melanogaster_Drosophila_melanogaster__betaTub85D__NP_524290.2	267	267	267	252	AAG	0.0	0	below_threshold	high	0.062	False	user_msa
Drosophila_pseudoobscura_Drosophila_pseudoobscura__betaTub85D__XP_001357842.1	267	267	267	252	AAG	0.0	0	below_threshold	high	0.062	False	user_msa
Drosophila_sechellia_Drosophila_sechellia__betaTub85D__XP_002031904.1	267	267	267	252	AAG	0.0	0	below_threshold	high	0.062	False	user_msa
Drosophila_simulans_Drosophila_simulans__LOC6728793__XP_002104128.1	267	267	267	252	AAG	0.0	0	below_threshold	high	0.062	False	user_msa
Drosophila_subobscura_Drosophila_subobscura__LOC117897634__XP_034662499.1	267	267	267	252	AAG	0.0	0	below_threshold	high	0.062	False	user_msa
Drosophila_suzukii_Drosophila_suzukii__betaTub85D__XP_016937909.1	267	267	267	252	AAG	0.0	0	below_threshold	high	0.062	False	user_msa
Drosophila_virilis_Drosophila_virilis__betaTub85D__XP_002053003.1	267	267	267	252	AAA	0.0	0	below_threshold	high	0.062	False	user_msa
Drosophila_willistoni_Drosophila_willistoni__LOC6647585__XP_002070575.1	267	267	267	252	AAA	0.0	0	below_threshold	high	0.062	False	user_msa
Drosophila_yakuba_Drosophila_yakuba__LOC6536356__XP_002096938.1	267	267	267	252	AAG	0.0	0	below_threshold	high	0.062	False	user_msa
Drosophila_ananassae_Drosophila_ananassae__LOC6500548__XP_001953433.1	268	268	268	253	CTG	0.0	0	below_threshold	high	0.062	False	user_msa
Drosophila_biarmipes_Drosophila_biarmipes__LOC108032098__XP_016961415.1	268	268	268	253	CTG	0.0	0	below_threshold	high	0.062	False	user_msa
Drosophila_mauritiana_Drosophila_mauritiana__LOC117142441__XP_033162295.1	268	268	268	253	CTG	0.0	0	below_threshold	high	0.062	False	user_msa
Drosophila_melanogaster_Drosophila_melanogaster__betaTub85D__NP_524290.2	268	268	268	253	CTG	0.0	0	below_threshold	high	0.062	False	user_msa
Drosophila_pseudoobscura_Drosophila_pseudoobscura__betaTub85D__XP_001357842.1	268	268	268	253	CTG	0.0	0	below_threshold	high	0.062	False	user_msa
Drosophila_sechellia_Drosophila_sechellia__betaTub85D__XP_002031904.1	268	268	268	253	CTG	0.0	0	below_threshold	high	0.062	False	user_msa
Drosophila_simulans_Drosophila_simulans__LOC6728793__XP_002104128.1	268	268	268	253	CTG	0.0	0	below_threshold	high	0.062	False	user_msa
Drosophila_subobscura_Drosophila_subobscura__LOC117897634__XP_034662499.1	268	268	268	253	CTG	0.0	0	below_threshold	high	0.062	False	user_msa
Drosophila_suzukii_Drosophila_suzukii__betaTub85D__XP_016937909.1	268	268	268	253	CTG	0.0	0	below_threshold	high	0.062	False	user_msa
Drosophila_virilis_Drosophila_virilis__betaTub85D__XP_002053003.1	268	268	268	253	CTC	0.0	0	below_threshold	high	0.062	False	user_msa
Drosophila_willistoni_Drosophila_willistoni__LOC6647585__XP_002070575.1	268	268	268	253	TTG	0.0	0	below_threshold	high	0.062	False	user_msa
Drosophila_yakuba_Drosophila_yakuba__LOC6536356__XP_002096938.1	268	268	268	253	CTG	0.0	0	below_threshold	high	0.062	False	user_msa
Drosophila_ananassae_Drosophila_ananassae__LOC6500548__XP_001953433.1	269	269	269	254	GCC	0.0	0	below_threshold	high	0.062	False	user_msa
Drosophila_biarmipes_Drosophila_biarmipes__LOC108032098__XP_016961415.1	269	269	269	254	GCG	0.0	0	below_threshold	high	0.062	False	user_msa
Drosophila_mauritiana_Drosophila_mauritiana__LOC117142441__XP_033162295.1	269	269	269	254	GCC	0.0	0	below_threshold	high	0.062	False	user_msa
Drosophila_melanogaster_Drosophila_melanogaster__betaTub85D__NP_524290.2	269	269	269	254	GCC	0.0	0	below_threshold	high	0.062	False	user_msa
Drosophila_pseudoobscura_Drosophila_pseudoobscura__betaTub85D__XP_001357842.1	269	269	269	254	GCC	0.0	0	below_threshold	high	0.062	False	user_msa
Drosophila_sechellia_Drosophila_sechellia__betaTub85D__XP_002031904.1	269	269	269	254	GCC	0.0	0	below_threshold	high	0.062	False	user_msa
Drosophila_simulans_Drosophila_simulans__LOC6728793__XP_002104128.1	269	269	269	254	GCC	0.0	0	below_threshold	high	0.062	False	user_msa
Drosophila_subobscura_Drosophila_subobscura__LOC117897634__XP_034662499.1	269	269	269	254	GCA	0.0	0	below_threshold	high	0.062	False	user_msa
Drosophila_suzukii_Drosophila_suzukii__betaTub85D__XP_016937909.1	269	269	269	254	GCG	0.0	0	below_threshold	high	0.062	False	user_msa
Drosophila_virilis_Drosophila_virilis__betaTub85D__XP_002053003.1	269	269	269	254	GCT	0.0	0	below_threshold	high	0.062	False	user_msa
Drosophila_willistoni_Drosophila_willistoni__LOC6647585__XP_002070575.1	269	269	269	254	GCC	0.0	0	below_threshold	high	0.062	False	user_msa
Drosophila_yakuba_Drosophila_yakuba__LOC6536356__XP_002096938.1	269	269	269	254	GCC	0.0	0	below_threshold	high	0.062	False	user_msa
Drosophila_ananassae_Drosophila_ananassae__LOC6500548__XP_001953433.1	270	270	270	255	GTG	0.0	0	below_threshold	high	0.062	False	user_msa
Drosophila_biarmipes_Drosophila_biarmipes__LOC108032098__XP_016961415.1	270	270	270	255	GTG	0.0	0	below_threshold	high	0.062	False	user_msa
Drosophila_mauritiana_Drosophila_mauritiana__LOC117142441__XP_033162295.1	270	270	270	255	GTG	0.0	0	below_threshold	high	0.062	False	user_msa
Drosophila_melanogaster_Drosophila_melanogaster__betaTub85D__NP_524290.2	270	270	270	255	GTG	0.0	0	below_threshold	high	0.062	False	user_msa
Drosophila_pseudoobscura_Drosophila_pseudoobscura__betaTub85D__XP_001357842.1	270	270	270	255	GTG	0.0	0	below_threshold	high	0.062	False	user_msa
Drosophila_sechellia_Drosophila_sechellia__betaTub85D__XP_002031904.1	270	270	270	255	GTG	0.0	0	below_threshold	high	0.062	False	user_msa
Drosophila_simulans_Drosophila_simulans__LOC6728793__XP_002104128.1	270	270	270	255	GTG	0.0	0	below_threshold	high	0.062	False	user_msa
Drosophila_subobscura_Drosophila_subobscura__LOC117897634__XP_034662499.1	270	270	270	255	GTG	0.0	0	below_threshold	high	0.062	False	user_msa
Drosophila_suzukii_Drosophila_suzukii__betaTub85D__XP_016937909.1	270	270	270	255	GTG	0.0	0	below_threshold	high	0.062	False	user_msa
Drosophila_virilis_Drosophila_virilis__betaTub85D__XP_002053003.1	270	270	270	255	GTC	0.0	0	below_threshold	high	0.062	False	user_msa
Drosophila_willistoni_Drosophila_willistoni__LOC6647585__XP_002070575.1	270	270	270	255	GTC	0.0	0	below_threshold	high	0.062	False	user_msa
Drosophila_yakuba_Drosophila_yakuba__LOC6536356__XP_002096938.1	270	270	270	255	GTG	0.0	0	below_threshold	high	0.062	False	user_msa
Drosophila_ananassae_Drosophila_ananassae__LOC6500548__XP_001953433.1	271	271	271	256	AAT	0.0	0	below_threshold	high	0.062	False	user_msa
Drosophila_biarmipes_Drosophila_biarmipes__LOC108032098__XP_016961415.1	271	271	271	256	AAC	0.0	0	below_threshold	high	0.062	False	user_msa
Drosophila_mauritiana_Drosophila_mauritiana__LOC117142441__XP_033162295.1	271	271	271	256	AAC	0.0	0	below_threshold	high	0.062	False	user_msa
Drosophila_melanogaster_Drosophila_melanogaster__betaTub85D__NP_524290.2	271	271	271	256	AAC	0.0	0	below_threshold	high	0.062	False	user_msa
Drosophila_pseudoobscura_Drosophila_pseudoobscura__betaTub85D__XP_001357842.1	271	271	271	256	AAC	0.0	0	below_threshold	high	0.062	False	user_msa
Drosophila_sechellia_Drosophila_sechellia__betaTub85D__XP_002031904.1	271	271	271	256	AAC	0.0	0	below_threshold	high	0.062	False	user_msa
Drosophila_simulans_Drosophila_simulans__LOC6728793__XP_002104128.1	271	271	271	256	AAC	0.0	0	below_threshold	high	0.062	False	user_msa
Drosophila_subobscura_Drosophila_subobscura__LOC117897634__XP_034662499.1	271	271	271	256	AAC	0.0	0	below_threshold	high	0.062	False	user_msa
Drosophila_suzukii_Drosophila_suzukii__betaTub85D__XP_016937909.1	271	271	271	256	AAC	0.0	0	below_threshold	high	0.062	False	user_msa
Drosophila_virilis_Drosophila_virilis__betaTub85D__XP_002053003.1	271	271	271	256	AAC	0.0	0	below_threshold	high	0.062	False	user_msa
Drosophila_willistoni_Drosophila_willistoni__LOC6647585__XP_002070575.1	271	271	271	256	AAC	0.0	0	below_threshold	high	0.062	False	user_msa
Drosophila_yakuba_Drosophila_yakuba__LOC6536356__XP_002096938.1	271	271	271	256	AAC	0.0	0	below_threshold	high	0.062	False	user_msa
Drosophila_ananassae_Drosophila_ananassae__LOC6500548__XP_001953433.1	272	272	272	257	ATG	0.0	0	below_threshold	high	0.062	False	user_msa
Drosophila_biarmipes_Drosophila_biarmipes__LOC108032098__XP_016961415.1	272	272	272	257	ATG	0.0	0	below_threshold	high	0.062	False	user_msa
Drosophila_mauritiana_Drosophila_mauritiana__LOC117142441__XP_033162295.1	272	272	272	257	ATG	0.0	0	below_threshold	high	0.062	False	user_msa
Drosophila_melanogaster_Drosophila_melanogaster__betaTub85D__NP_524290.2	272	272	272	257	ATG	0.0	0	below_threshold	high	0.062	False	user_msa
Drosophila_pseudoobscura_Drosophila_pseudoobscura__betaTub85D__XP_001357842.1	272	272	272	257	ATG	0.0	0	below_threshold	high	0.062	False	user_msa
Drosophila_sechellia_Drosophila_sechellia__betaTub85D__XP_002031904.1	272	272	272	257	ATG	0.0	0	below_threshold	high	0.062	False	user_msa
Drosophila_simulans_Drosophila_simulans__LOC6728793__XP_002104128.1	272	272	272	257	ATG	0.0	0	below_threshold	high	0.062	False	user_msa
Drosophila_subobscura_Drosophila_subobscura__LOC117897634__XP_034662499.1	272	272	272	257	ATG	0.0	0	below_threshold	high	0.062	False	user_msa
Drosophila_suzukii_Drosophila_suzukii__betaTub85D__XP_016937909.1	272	272	272	257	ATG	0.0	0	below_threshold	high	0.062	False	user_msa
Drosophila_virilis_Drosophila_virilis__betaTub85D__XP_002053003.1	272	272	272	257	ATG	0.0	0	below_threshold	high	0.062	False	user_msa
Drosophila_willistoni_Drosophila_willistoni__LOC6647585__XP_002070575.1	272	272	272	257	ATG	0.0	0	below_threshold	high	0.062	False	user_msa
Drosophila_yakuba_Drosophila_yakuba__LOC6536356__XP_002096938.1	272	272	272	257	ATG	0.0	0	below_threshold	high	0.062	False	user_msa
Drosophila_ananassae_Drosophila_ananassae__LOC6500548__XP_001953433.1	273	273	273	258	GTG	0.0	0	below_threshold	high	0.062	False	user_msa
Drosophila_biarmipes_Drosophila_biarmipes__LOC108032098__XP_016961415.1	273	273	273	258	GTG	0.0	0	below_threshold	high	0.062	False	user_msa
Drosophila_mauritiana_Drosophila_mauritiana__LOC117142441__XP_033162295.1	273	273	273	258	GTA	0.0	0	below_threshold	high	0.062	False	user_msa
Drosophila_melanogaster_Drosophila_melanogaster__betaTub85D__NP_524290.2	273	273	273	258	GTA	0.0	0	below_threshold	high	0.062	False	user_msa
Drosophila_pseudoobscura_Drosophila_pseudoobscura__betaTub85D__XP_001357842.1	273	273	273	258	GTG	0.0	0	below_threshold	high	0.062	False	user_msa
Drosophila_sechellia_Drosophila_sechellia__betaTub85D__XP_002031904.1	273	273	273	258	GTA	0.0	0	below_threshold	high	0.062	False	user_msa
Drosophila_simulans_Drosophila_simulans__LOC6728793__XP_002104128.1	273	273	273	258	GTA	0.0	0	below_threshold	high	0.062	False	user_msa
Drosophila_subobscura_Drosophila_subobscura__LOC117897634__XP_034662499.1	273	273	273	258	GTG	0.0	0	below_threshold	high	0.062	False	user_msa
Drosophila_suzukii_Drosophila_suzukii__betaTub85D__XP_016937909.1	273	273	273	258	GTG	0.0	0	below_threshold	high	0.062	False	user_msa
Drosophila_virilis_Drosophila_virilis__betaTub85D__XP_002053003.1	273	273	273	258	GTT	0.0	0	below_threshold	high	0.062	False	user_msa
Drosophila_willistoni_Drosophila_willistoni__LOC6647585__XP_002070575.1	273	273	273	258	GTG	0.0	0	below_threshold	high	0.062	False	user_msa
Drosophila_yakuba_Drosophila_yakuba__LOC6536356__XP_002096938.1	273	273	273	258	GTG	0.0	0	below_threshold	high	0.062	False	user_msa
Drosophila_ananassae_Drosophila_ananassae__LOC6500548__XP_001953433.1	274	274	274	259	CCC	0.0	0	below_threshold	high	0.062	False	user_msa
Drosophila_biarmipes_Drosophila_biarmipes__LOC108032098__XP_016961415.1	274	274	274	259	CCC	0.0	0	below_threshold	high	0.062	False	user_msa
Drosophila_mauritiana_Drosophila_mauritiana__LOC117142441__XP_033162295.1	274	274	274	259	CCC	0.0	0	below_threshold	high	0.062	False	user_msa
Drosophila_melanogaster_Drosophila_melanogaster__betaTub85D__NP_524290.2	274	274	274	259	CCC	0.0	0	below_threshold	high	0.062	False	user_msa
Drosophila_pseudoobscura_Drosophila_pseudoobscura__betaTub85D__XP_001357842.1	274	274	274	259	CCC	0.0	0	below_threshold	high	0.062	False	user_msa
Drosophila_sechellia_Drosophila_sechellia__betaTub85D__XP_002031904.1	274	274	274	259	CCC	0.0	0	below_threshold	high	0.062	False	user_msa
Drosophila_simulans_Drosophila_simulans__LOC6728793__XP_002104128.1	274	274	274	259	CCC	0.0	0	below_threshold	high	0.062	False	user_msa
Drosophila_subobscura_Drosophila_subobscura__LOC117897634__XP_034662499.1	274	274	274	259	CCG	0.0	0	below_threshold	high	0.062	False	user_msa
Drosophila_suzukii_Drosophila_suzukii__betaTub85D__XP_016937909.1	274	274	274	259	CCC	0.0	0	below_threshold	high	0.062	False	user_msa
Drosophila_virilis_Drosophila_virilis__betaTub85D__XP_002053003.1	274	274	274	259	CCT	0.0	0	below_threshold	high	0.062	False	user_msa
Drosophila_willistoni_Drosophila_willistoni__LOC6647585__XP_002070575.1	274	274	274	259	CCT	0.0	0	below_threshold	high	0.062	False	user_msa
Drosophila_yakuba_Drosophila_yakuba__LOC6536356__XP_002096938.1	274	274	274	259	CCC	0.0	0	below_threshold	high	0.062	False	user_msa
Drosophila_ananassae_Drosophila_ananassae__LOC6500548__XP_001953433.1	275	275	275	260	TTC	0.0	0	below_threshold	high	0.062	False	user_msa
Drosophila_biarmipes_Drosophila_biarmipes__LOC108032098__XP_016961415.1	275	275	275	260	TTC	0.0	0	below_threshold	high	0.062	False	user_msa
Drosophila_mauritiana_Drosophila_mauritiana__LOC117142441__XP_033162295.1	275	275	275	260	TTC	0.0	0	below_threshold	high	0.062	False	user_msa
Drosophila_melanogaster_Drosophila_melanogaster__betaTub85D__NP_524290.2	275	275	275	260	TTC	0.0	0	below_threshold	high	0.062	False	user_msa
Drosophila_pseudoobscura_Drosophila_pseudoobscura__betaTub85D__XP_001357842.1	275	275	275	260	TTC	0.0	0	below_threshold	high	0.062	False	user_msa
Drosophila_sechellia_Drosophila_sechellia__betaTub85D__XP_002031904.1	275	275	275	260	TTC	0.0	0	below_threshold	high	0.062	False	user_msa
Drosophila_simulans_Drosophila_simulans__LOC6728793__XP_002104128.1	275	275	275	260	TTT	0.0	0	below_threshold	high	0.062	False	user_msa
Drosophila_subobscura_Drosophila_subobscura__LOC117897634__XP_034662499.1	275	275	275	260	TTC	0.0	0	below_threshold	high	0.062	False	user_msa
Drosophila_suzukii_Drosophila_suzukii__betaTub85D__XP_016937909.1	275	275	275	260	TTC	0.0	0	below_threshold	high	0.062	False	user_msa
Drosophila_virilis_Drosophila_virilis__betaTub85D__XP_002053003.1	275	275	275	260	TTC	0.0	0	below_threshold	high	0.062	False	user_msa
Drosophila_willistoni_Drosophila_willistoni__LOC6647585__XP_002070575.1	275	275	275	260	TTC	0.0	0	below_threshold	high	0.062	False	user_msa
Drosophila_yakuba_Drosophila_yakuba__LOC6536356__XP_002096938.1	275	275	275	260	TTC	0.0	0	below_threshold	high	0.062	False	user_msa
Drosophila_ananassae_Drosophila_ananassae__LOC6500548__XP_001953433.1	276	276	276	261	CCC	0.0	0	below_threshold	high	0.062	False	user_msa
Drosophila_biarmipes_Drosophila_biarmipes__LOC108032098__XP_016961415.1	276	276	276	261	CCC	0.0	0	below_threshold	high	0.062	False	user_msa
Drosophila_mauritiana_Drosophila_mauritiana__LOC117142441__XP_033162295.1	276	276	276	261	CCC	0.0	0	below_threshold	high	0.062	False	user_msa
Drosophila_melanogaster_Drosophila_melanogaster__betaTub85D__NP_524290.2	276	276	276	261	CCC	0.0	0	below_threshold	high	0.062	False	user_msa
Drosophila_pseudoobscura_Drosophila_pseudoobscura__betaTub85D__XP_001357842.1	276	276	276	261	CCC	0.0	0	below_threshold	high	0.062	False	user_msa
Drosophila_sechellia_Drosophila_sechellia__betaTub85D__XP_002031904.1	276	276	276	261	CCC	0.0	0	below_threshold	high	0.062	False	user_msa
Drosophila_simulans_Drosophila_simulans__LOC6728793__XP_002104128.1	276	276	276	261	CCC	0.0	0	below_threshold	high	0.062	False	user_msa
Drosophila_subobscura_Drosophila_subobscura__LOC117897634__XP_034662499.1	276	276	276	261	CCC	0.0	0	below_threshold	high	0.062	False	user_msa
Drosophila_suzukii_Drosophila_suzukii__betaTub85D__XP_016937909.1	276	276	276	261	CCC	0.0	0	below_threshold	high	0.062	False	user_msa
Drosophila_virilis_Drosophila_virilis__betaTub85D__XP_002053003.1	276	276	276	261	CCG	0.0	0	below_threshold	high	0.062	False	user_msa
Drosophila_willistoni_Drosophila_willistoni__LOC6647585__XP_002070575.1	276	276	276	261	CCC	0.0	0	below_threshold	high	0.062	False	user_msa
Drosophila_yakuba_Drosophila_yakuba__LOC6536356__XP_002096938.1	276	276	276	261	CCC	0.0	0	below_threshold	high	0.062	False	user_msa
Drosophila_ananassae_Drosophila_ananassae__LOC6500548__XP_001953433.1	277	277	277	262	CGA	0.0	0	below_threshold	high	0.062	False	user_msa
Drosophila_biarmipes_Drosophila_biarmipes__LOC108032098__XP_016961415.1	277	277	277	262	CGG	0.0	0	below_threshold	high	0.062	False	user_msa
Drosophila_mauritiana_Drosophila_mauritiana__LOC117142441__XP_033162295.1	277	277	277	262	CGG	0.0	0	below_threshold	high	0.062	False	user_msa
Drosophila_melanogaster_Drosophila_melanogaster__betaTub85D__NP_524290.2	277	277	277	262	CGG	0.0	0	below_threshold	high	0.062	False	user_msa
Drosophila_pseudoobscura_Drosophila_pseudoobscura__betaTub85D__XP_001357842.1	277	277	277	262	CGG	0.0	0	below_threshold	high	0.062	False	user_msa
Drosophila_sechellia_Drosophila_sechellia__betaTub85D__XP_002031904.1	277	277	277	262	CGG	0.0	0	below_threshold	high	0.062	False	user_msa
Drosophila_simulans_Drosophila_simulans__LOC6728793__XP_002104128.1	277	277	277	262	CGG	0.0	0	below_threshold	high	0.062	False	user_msa
Drosophila_subobscura_Drosophila_subobscura__LOC117897634__XP_034662499.1	277	277	277	262	CGA	0.0	0	below_threshold	high	0.062	False	user_msa
Drosophila_suzukii_Drosophila_suzukii__betaTub85D__XP_016937909.1	277	277	277	262	CGG	0.0	0	below_threshold	high	0.062	False	user_msa
Drosophila_virilis_Drosophila_virilis__betaTub85D__XP_002053003.1	277	277	277	262	CGT	0.0	0	below_threshold	high	0.062	False	user_msa
Drosophila_willistoni_Drosophila_willistoni__LOC6647585__XP_002070575.1	277	277	277	262	CGT	0.0	0	below_threshold	high	0.062	False	user_msa
Drosophila_yakuba_Drosophila_yakuba__LOC6536356__XP_002096938.1	277	277	277	262	CGA	0.0	0	below_threshold	high	0.062	False	user_msa
Drosophila_ananassae_Drosophila_ananassae__LOC6500548__XP_001953433.1	278	278	278	263	CTG	0.0	0	below_threshold	high	0.062	False	user_msa
Drosophila_biarmipes_Drosophila_biarmipes__LOC108032098__XP_016961415.1	278	278	278	263	CTG	0.0	0	below_threshold	high	0.062	False	user_msa
Drosophila_mauritiana_Drosophila_mauritiana__LOC117142441__XP_033162295.1	278	278	278	263	CTG	0.0	0	below_threshold	high	0.062	False	user_msa
Drosophila_melanogaster_Drosophila_melanogaster__betaTub85D__NP_524290.2	278	278	278	263	CTG	0.0	0	below_threshold	high	0.062	False	user_msa
Drosophila_pseudoobscura_Drosophila_pseudoobscura__betaTub85D__XP_001357842.1	278	278	278	263	CTG	0.0	0	below_threshold	high	0.062	False	user_msa
Drosophila_sechellia_Drosophila_sechellia__betaTub85D__XP_002031904.1	278	278	278	263	CTG	0.0	0	below_threshold	high	0.062	False	user_msa
Drosophila_simulans_Drosophila_simulans__LOC6728793__XP_002104128.1	278	278	278	263	CTG	0.0	0	below_threshold	high	0.062	False	user_msa
Drosophila_subobscura_Drosophila_subobscura__LOC117897634__XP_034662499.1	278	278	278	263	CTG	0.0	0	below_threshold	high	0.062	False	user_msa
Drosophila_suzukii_Drosophila_suzukii__betaTub85D__XP_016937909.1	278	278	278	263	CTG	0.0	0	below_threshold	high	0.062	False	user_msa
Drosophila_virilis_Drosophila_virilis__betaTub85D__XP_002053003.1	278	278	278	263	CTA	0.0	0	below_threshold	high	0.062	False	user_msa
Drosophila_willistoni_Drosophila_willistoni__LOC6647585__XP_002070575.1	278	278	278	263	TTG	0.0	0	below_threshold	high	0.062	False	user_msa
Drosophila_yakuba_Drosophila_yakuba__LOC6536356__XP_002096938.1	278	278	278	263	CTC	0.0	0	below_threshold	high	0.062	False	user_msa
Drosophila_ananassae_Drosophila_ananassae__LOC6500548__XP_001953433.1	279	279	279	264	CAT	0.0	0	below_threshold	high	0.062	False	user_msa
Drosophila_biarmipes_Drosophila_biarmipes__LOC108032098__XP_016961415.1	279	279	279	264	CAC	0.0	0	below_threshold	high	0.062	False	user_msa
Drosophila_mauritiana_Drosophila_mauritiana__LOC117142441__XP_033162295.1	279	279	279	264	CAC	0.0	0	below_threshold	high	0.062	False	user_msa
Drosophila_melanogaster_Drosophila_melanogaster__betaTub85D__NP_524290.2	279	279	279	264	CAC	0.0	0	below_threshold	high	0.062	False	user_msa
Drosophila_pseudoobscura_Drosophila_pseudoobscura__betaTub85D__XP_001357842.1	279	279	279	264	CAC	0.0	0	below_threshold	high	0.062	False	user_msa
Drosophila_sechellia_Drosophila_sechellia__betaTub85D__XP_002031904.1	279	279	279	264	CAC	0.0	0	below_threshold	high	0.062	False	user_msa
Drosophila_simulans_Drosophila_simulans__LOC6728793__XP_002104128.1	279	279	279	264	CAC	0.0	0	below_threshold	high	0.062	False	user_msa
Drosophila_subobscura_Drosophila_subobscura__LOC117897634__XP_034662499.1	279	279	279	264	CAC	0.0	0	below_threshold	high	0.062	False	user_msa
Drosophila_suzukii_Drosophila_suzukii__betaTub85D__XP_016937909.1	279	279	279	264	CAC	0.0	0	below_threshold	high	0.062	False	user_msa
Drosophila_virilis_Drosophila_virilis__betaTub85D__XP_002053003.1	279	279	279	264	CAC	0.0	0	below_threshold	high	0.062	False	user_msa
Drosophila_willistoni_Drosophila_willistoni__LOC6647585__XP_002070575.1	279	279	279	264	CAT	0.0	0	below_threshold	high	0.062	False	user_msa
Drosophila_yakuba_Drosophila_yakuba__LOC6536356__XP_002096938.1	279	279	279	264	CAC	0.0	0	below_threshold	high	0.062	False	user_msa
Drosophila_ananassae_Drosophila_ananassae__LOC6500548__XP_001953433.1	280	280	280	265	TTC	0.0	0	below_threshold	high	0.062	False	user_msa
Drosophila_biarmipes_Drosophila_biarmipes__LOC108032098__XP_016961415.1	280	280	280	265	TTC	0.0	0	below_threshold	high	0.062	False	user_msa
Drosophila_mauritiana_Drosophila_mauritiana__LOC117142441__XP_033162295.1	280	280	280	265	TTC	0.0	0	below_threshold	high	0.062	False	user_msa
Drosophila_melanogaster_Drosophila_melanogaster__betaTub85D__NP_524290.2	280	280	280	265	TTC	0.0	0	below_threshold	high	0.062	False	user_msa
Drosophila_pseudoobscura_Drosophila_pseudoobscura__betaTub85D__XP_001357842.1	280	280	280	265	TTC	0.0	0	below_threshold	high	0.062	False	user_msa
Drosophila_sechellia_Drosophila_sechellia__betaTub85D__XP_002031904.1	280	280	280	265	TTC	0.0	0	below_threshold	high	0.062	False	user_msa
Drosophila_simulans_Drosophila_simulans__LOC6728793__XP_002104128.1	280	280	280	265	TTC	0.0	0	below_threshold	high	0.062	False	user_msa
Drosophila_subobscura_Drosophila_subobscura__LOC117897634__XP_034662499.1	280	280	280	265	TTC	0.0	0	below_threshold	high	0.062	False	user_msa
Drosophila_suzukii_Drosophila_suzukii__betaTub85D__XP_016937909.1	280	280	280	265	TTC	0.0	0	below_threshold	high	0.062	False	user_msa
Drosophila_virilis_Drosophila_virilis__betaTub85D__XP_002053003.1	280	280	280	265	TTC	0.0	0	below_threshold	high	0.062	False	user_msa
Drosophila_willistoni_Drosophila_willistoni__LOC6647585__XP_002070575.1	280	280	280	265	TTC	0.0	0	below_threshold	high	0.062	False	user_msa
Drosophila_yakuba_Drosophila_yakuba__LOC6536356__XP_002096938.1	280	280	280	265	TTC	0.0	0	below_threshold	high	0.062	False	user_msa
Drosophila_ananassae_Drosophila_ananassae__LOC6500548__XP_001953433.1	281	281	281	266	TTC	0.0	0	below_threshold	high	0.062	False	user_msa
Drosophila_biarmipes_Drosophila_biarmipes__LOC108032098__XP_016961415.1	281	281	281	266	TTC	0.0	0	below_threshold	high	0.062	False	user_msa
Drosophila_mauritiana_Drosophila_mauritiana__LOC117142441__XP_033162295.1	281	281	281	266	TTT	0.0	0	below_threshold	high	0.062	False	user_msa
Drosophila_melanogaster_Drosophila_melanogaster__betaTub85D__NP_524290.2	281	281	281	266	TTC	0.0	0	below_threshold	high	0.062	False	user_msa
Drosophila_pseudoobscura_Drosophila_pseudoobscura__betaTub85D__XP_001357842.1	281	281	281	266	TTC	0.0	0	below_threshold	high	0.062	False	user_msa
Drosophila_sechellia_Drosophila_sechellia__betaTub85D__XP_002031904.1	281	281	281	266	TTC	0.0	0	below_threshold	high	0.062	False	user_msa
Drosophila_simulans_Drosophila_simulans__LOC6728793__XP_002104128.1	281	281	281	266	TTC	0.0	0	below_threshold	high	0.062	False	user_msa
Drosophila_subobscura_Drosophila_subobscura__LOC117897634__XP_034662499.1	281	281	281	266	TTC	0.0	0	below_threshold	high	0.062	False	user_msa
Drosophila_suzukii_Drosophila_suzukii__betaTub85D__XP_016937909.1	281	281	281	266	TTC	0.0	0	below_threshold	high	0.062	False	user_msa
Drosophila_virilis_Drosophila_virilis__betaTub85D__XP_002053003.1	281	281	281	266	TTT	0.0	0	below_threshold	high	0.062	False	user_msa
Drosophila_willistoni_Drosophila_willistoni__LOC6647585__XP_002070575.1	281	281	281	266	TTT	0.0	0	below_threshold	high	0.062	False	user_msa
Drosophila_yakuba_Drosophila_yakuba__LOC6536356__XP_002096938.1	281	281	281	266	TTC	0.0	0	below_threshold	high	0.062	False	user_msa
Drosophila_ananassae_Drosophila_ananassae__LOC6500548__XP_001953433.1	282	282	282	267	ATG	0.0	0	below_threshold	high	0.062	False	user_msa
Drosophila_biarmipes_Drosophila_biarmipes__LOC108032098__XP_016961415.1	282	282	282	267	ATG	0.0	0	below_threshold	high	0.062	False	user_msa
Drosophila_mauritiana_Drosophila_mauritiana__LOC117142441__XP_033162295.1	282	282	282	267	ATG	0.0	0	below_threshold	high	0.062	False	user_msa
Drosophila_melanogaster_Drosophila_melanogaster__betaTub85D__NP_524290.2	282	282	282	267	ATG	0.0	0	below_threshold	high	0.062	False	user_msa
Drosophila_pseudoobscura_Drosophila_pseudoobscura__betaTub85D__XP_001357842.1	282	282	282	267	ATG	0.0	0	below_threshold	high	0.062	False	user_msa
Drosophila_sechellia_Drosophila_sechellia__betaTub85D__XP_002031904.1	282	282	282	267	ATG	0.0	0	below_threshold	high	0.062	False	user_msa
Drosophila_simulans_Drosophila_simulans__LOC6728793__XP_002104128.1	282	282	282	267	ATG	0.0	0	below_threshold	high	0.062	False	user_msa
Drosophila_subobscura_Drosophila_subobscura__LOC117897634__XP_034662499.1	282	282	282	267	ATG	0.0	0	below_threshold	high	0.062	False	user_msa
Drosophila_suzukii_Drosophila_suzukii__betaTub85D__XP_016937909.1	282	282	282	267	ATG	0.0	0	below_threshold	high	0.062	False	user_msa
Drosophila_virilis_Drosophila_virilis__betaTub85D__XP_002053003.1	282	282	282	267	ATG	0.0	0	below_threshold	high	0.062	False	user_msa
Drosophila_willistoni_Drosophila_willistoni__LOC6647585__XP_002070575.1	282	282	282	267	ATG	0.0	0	below_threshold	high	0.062	False	user_msa
Drosophila_yakuba_Drosophila_yakuba__LOC6536356__XP_002096938.1	282	282	282	267	ATG	0.0	0	below_threshold	high	0.062	False	user_msa
Drosophila_ananassae_Drosophila_ananassae__LOC6500548__XP_001953433.1	283	283	283	268	CCC	0.0	0	below_threshold	high	0.062	False	user_msa
Drosophila_biarmipes_Drosophila_biarmipes__LOC108032098__XP_016961415.1	283	283	283	268	CCT	0.0	0	below_threshold	high	0.062	False	user_msa
Drosophila_mauritiana_Drosophila_mauritiana__LOC117142441__XP_033162295.1	283	283	283	268	CCC	0.0	0	below_threshold	high	0.062	False	user_msa
Drosophila_melanogaster_Drosophila_melanogaster__betaTub85D__NP_524290.2	283	283	283	268	CCC	0.0	0	below_threshold	high	0.062	False	user_msa
Drosophila_pseudoobscura_Drosophila_pseudoobscura__betaTub85D__XP_001357842.1	283	283	283	268	CCG	0.0	0	below_threshold	high	0.062	False	user_msa
Drosophila_sechellia_Drosophila_sechellia__betaTub85D__XP_002031904.1	283	283	283	268	CCC	0.0	0	below_threshold	high	0.062	False	user_msa
Drosophila_simulans_Drosophila_simulans__LOC6728793__XP_002104128.1	283	283	283	268	CCC	0.0	0	below_threshold	high	0.062	False	user_msa
Drosophila_subobscura_Drosophila_subobscura__LOC117897634__XP_034662499.1	283	283	283	268	CCG	0.0	0	below_threshold	high	0.062	False	user_msa
Drosophila_suzukii_Drosophila_suzukii__betaTub85D__XP_016937909.1	283	283	283	268	CCT	0.0	0	below_threshold	high	0.062	False	user_msa
Drosophila_virilis_Drosophila_virilis__betaTub85D__XP_002053003.1	283	283	283	268	CCC	0.0	0	below_threshold	high	0.062	False	user_msa
Drosophila_willistoni_Drosophila_willistoni__LOC6647585__XP_002070575.1	283	283	283	268	CCC	0.0	0	below_threshold	high	0.062	False	user_msa
Drosophila_yakuba_Drosophila_yakuba__LOC6536356__XP_002096938.1	283	283	283	268	CCC	0.0	0	below_threshold	high	0.062	False	user_msa
Drosophila_ananassae_Drosophila_ananassae__LOC6500548__XP_001953433.1	284	284	284	269	GGG	0.0	0	below_threshold	high	0.062	False	user_msa
Drosophila_biarmipes_Drosophila_biarmipes__LOC108032098__XP_016961415.1	284	284	284	269	GGG	0.0	0	below_threshold	high	0.062	False	user_msa
Drosophila_mauritiana_Drosophila_mauritiana__LOC117142441__XP_033162295.1	284	284	284	269	GGA	0.0	0	below_threshold	high	0.062	False	user_msa
Drosophila_melanogaster_Drosophila_melanogaster__betaTub85D__NP_524290.2	284	284	284	269	GGA	0.0	0	below_threshold	high	0.062	False	user_msa
Drosophila_pseudoobscura_Drosophila_pseudoobscura__betaTub85D__XP_001357842.1	284	284	284	269	GGC	0.0	0	below_threshold	high	0.062	False	user_msa
Drosophila_sechellia_Drosophila_sechellia__betaTub85D__XP_002031904.1	284	284	284	269	GGA	0.0	0	below_threshold	high	0.062	False	user_msa
Drosophila_simulans_Drosophila_simulans__LOC6728793__XP_002104128.1	284	284	284	269	GGA	0.0	0	below_threshold	high	0.062	False	user_msa
Drosophila_subobscura_Drosophila_subobscura__LOC117897634__XP_034662499.1	284	284	284	269	GGC	0.0	0	below_threshold	high	0.062	False	user_msa
Drosophila_suzukii_Drosophila_suzukii__betaTub85D__XP_016937909.1	284	284	284	269	GGG	0.0	0	below_threshold	high	0.062	False	user_msa
Drosophila_virilis_Drosophila_virilis__betaTub85D__XP_002053003.1	284	284	284	269	GGT	0.0	0	below_threshold	high	0.062	False	user_msa
Drosophila_willistoni_Drosophila_willistoni__LOC6647585__XP_002070575.1	284	284	284	269	GGT	0.0	0	below_threshold	high	0.062	False	user_msa
Drosophila_yakuba_Drosophila_yakuba__LOC6536356__XP_002096938.1	284	284	284	269	GGT	0.0	0	below_threshold	high	0.062	False	user_msa
Drosophila_ananassae_Drosophila_ananassae__LOC6500548__XP_001953433.1	285	285	285	270	TTC	0.0	0	below_threshold	high	0.062	False	user_msa
Drosophila_biarmipes_Drosophila_biarmipes__LOC108032098__XP_016961415.1	285	285	285	270	TTT	0.0	0	below_threshold	high	0.062	False	user_msa
Drosophila_mauritiana_Drosophila_mauritiana__LOC117142441__XP_033162295.1	285	285	285	270	TTT	0.0	0	below_threshold	high	0.062	False	user_msa
Drosophila_melanogaster_Drosophila_melanogaster__betaTub85D__NP_524290.2	285	285	285	270	TTC	0.0	0	below_threshold	high	0.062	False	user_msa
Drosophila_pseudoobscura_Drosophila_pseudoobscura__betaTub85D__XP_001357842.1	285	285	285	270	TTT	0.0	0	below_threshold	high	0.062	False	user_msa
Drosophila_sechellia_Drosophila_sechellia__betaTub85D__XP_002031904.1	285	285	285	270	TTT	0.0	0	below_threshold	high	0.062	False	user_msa
Drosophila_simulans_Drosophila_simulans__LOC6728793__XP_002104128.1	285	285	285	270	TTT	0.0	0	below_threshold	high	0.062	False	user_msa
Drosophila_subobscura_Drosophila_subobscura__LOC117897634__XP_034662499.1	285	285	285	270	TTT	0.0	0	below_threshold	high	0.062	False	user_msa
Drosophila_suzukii_Drosophila_suzukii__betaTub85D__XP_016937909.1	285	285	285	270	TTC	0.0	0	below_threshold	high	0.062	False	user_msa
Drosophila_virilis_Drosophila_virilis__betaTub85D__XP_002053003.1	285	285	285	270	TTT	0.0	0	below_threshold	high	0.062	False	user_msa
Drosophila_willistoni_Drosophila_willistoni__LOC6647585__XP_002070575.1	285	285	285	270	TTT	0.0	0	below_threshold	high	0.062	False	user_msa
Drosophila_yakuba_Drosophila_yakuba__LOC6536356__XP_002096938.1	285	285	285	270	TTC	0.0	0	below_threshold	high	0.062	False	user_msa
Drosophila_ananassae_Drosophila_ananassae__LOC6500548__XP_001953433.1	286	286	286	271	GCA	0.0	0	below_threshold	high	0.062	False	user_msa
Drosophila_biarmipes_Drosophila_biarmipes__LOC108032098__XP_016961415.1	286	286	286	271	GCT	0.0	0	below_threshold	high	0.062	False	user_msa
Drosophila_mauritiana_Drosophila_mauritiana__LOC117142441__XP_033162295.1	286	286	286	271	GCA	0.0	0	below_threshold	high	0.062	False	user_msa
Drosophila_melanogaster_Drosophila_melanogaster__betaTub85D__NP_524290.2	286	286	286	271	GCA	0.0	0	below_threshold	high	0.062	False	user_msa
Drosophila_pseudoobscura_Drosophila_pseudoobscura__betaTub85D__XP_001357842.1	286	286	286	271	GCG	0.0	0	below_threshold	high	0.062	False	user_msa
Drosophila_sechellia_Drosophila_sechellia__betaTub85D__XP_002031904.1	286	286	286	271	GCA	0.0	0	below_threshold	high	0.062	False	user_msa
Drosophila_simulans_Drosophila_simulans__LOC6728793__XP_002104128.1	286	286	286	271	GCA	0.0	0	below_threshold	high	0.062	False	user_msa
Drosophila_subobscura_Drosophila_subobscura__LOC117897634__XP_034662499.1	286	286	286	271	GCT	0.0	0	below_threshold	high	0.062	False	user_msa
Drosophila_suzukii_Drosophila_suzukii__betaTub85D__XP_016937909.1	286	286	286	271	GCT	0.0	0	below_threshold	high	0.062	False	user_msa
Drosophila_virilis_Drosophila_virilis__betaTub85D__XP_002053003.1	286	286	286	271	GCG	0.0	0	below_threshold	high	0.062	False	user_msa
Drosophila_willistoni_Drosophila_willistoni__LOC6647585__XP_002070575.1	286	286	286	271	GCC	0.0	0	below_threshold	high	0.062	False	user_msa
Drosophila_yakuba_Drosophila_yakuba__LOC6536356__XP_002096938.1	286	286	286	271	GCG	0.0	0	below_threshold	high	0.062	False	user_msa
Drosophila_ananassae_Drosophila_ananassae__LOC6500548__XP_001953433.1	287	287	287	272	CCA	0.0	0	below_threshold	high	0.062	False	user_msa
Drosophila_biarmipes_Drosophila_biarmipes__LOC108032098__XP_016961415.1	287	287	287	272	CCA	0.0	0	below_threshold	high	0.062	False	user_msa
Drosophila_mauritiana_Drosophila_mauritiana__LOC117142441__XP_033162295.1	287	287	287	272	CCG	0.0	0	below_threshold	high	0.062	False	user_msa
Drosophila_melanogaster_Drosophila_melanogaster__betaTub85D__NP_524290.2	287	287	287	272	CCG	0.0	0	below_threshold	high	0.062	False	user_msa
Drosophila_pseudoobscura_Drosophila_pseudoobscura__betaTub85D__XP_001357842.1	287	287	287	272	CCG	0.0	0	below_threshold	high	0.062	False	user_msa
Drosophila_sechellia_Drosophila_sechellia__betaTub85D__XP_002031904.1	287	287	287	272	CCG	0.0	0	below_threshold	high	0.062	False	user_msa
Drosophila_simulans_Drosophila_simulans__LOC6728793__XP_002104128.1	287	287	287	272	CCG	0.0	0	below_threshold	high	0.062	False	user_msa
Drosophila_subobscura_Drosophila_subobscura__LOC117897634__XP_034662499.1	287	287	287	272	CCG	0.0	0	below_threshold	high	0.062	False	user_msa
Drosophila_suzukii_Drosophila_suzukii__betaTub85D__XP_016937909.1	287	287	287	272	CCA	0.0	0	below_threshold	high	0.062	False	user_msa
Drosophila_virilis_Drosophila_virilis__betaTub85D__XP_002053003.1	287	287	287	272	CCC	0.0	0	below_threshold	high	0.062	False	user_msa
Drosophila_willistoni_Drosophila_willistoni__LOC6647585__XP_002070575.1	287	287	287	272	CCA	0.0	0	below_threshold	high	0.062	False	user_msa
Drosophila_yakuba_Drosophila_yakuba__LOC6536356__XP_002096938.1	287	287	287	272	CCG	0.0	0	below_threshold	high	0.062	False	user_msa
Drosophila_ananassae_Drosophila_ananassae__LOC6500548__XP_001953433.1	288	288	288	273	CTA	0.0	0	below_threshold	high	0.062	False	user_msa
Drosophila_biarmipes_Drosophila_biarmipes__LOC108032098__XP_016961415.1	288	288	288	273	CTC	0.0	0	below_threshold	high	0.062	False	user_msa
Drosophila_mauritiana_Drosophila_mauritiana__LOC117142441__XP_033162295.1	288	288	288	273	CTC	0.0	0	below_threshold	high	0.062	False	user_msa
Drosophila_melanogaster_Drosophila_melanogaster__betaTub85D__NP_524290.2	288	288	288	273	CTC	0.0	0	below_threshold	high	0.062	False	user_msa
Drosophila_pseudoobscura_Drosophila_pseudoobscura__betaTub85D__XP_001357842.1	288	288	288	273	CTG	0.0	0	below_threshold	high	0.062	False	user_msa
Drosophila_sechellia_Drosophila_sechellia__betaTub85D__XP_002031904.1	288	288	288	273	CTC	0.0	0	below_threshold	high	0.062	False	user_msa
Drosophila_simulans_Drosophila_simulans__LOC6728793__XP_002104128.1	288	288	288	273	CTT	0.0	0	below_threshold	high	0.062	False	user_msa
Drosophila_subobscura_Drosophila_subobscura__LOC117897634__XP_034662499.1	288	288	288	273	TTG	0.0	0	below_threshold	high	0.062	False	user_msa
Drosophila_suzukii_Drosophila_suzukii__betaTub85D__XP_016937909.1	288	288	288	273	CTC	0.0	0	below_threshold	high	0.062	False	user_msa
Drosophila_virilis_Drosophila_virilis__betaTub85D__XP_002053003.1	288	288	288	273	TTA	0.0	0	below_threshold	high	0.062	False	user_msa
Drosophila_willistoni_Drosophila_willistoni__LOC6647585__XP_002070575.1	288	288	288	273	CTA	0.0	0	below_threshold	high	0.062	False	user_msa
Drosophila_yakuba_Drosophila_yakuba__LOC6536356__XP_002096938.1	288	288	288	273	CTG	0.0	0	below_threshold	high	0.062	False	user_msa
Drosophila_ananassae_Drosophila_ananassae__LOC6500548__XP_001953433.1	289	289	289	274	ACA	0.0	0	below_threshold	high	0.062	False	user_msa
Drosophila_biarmipes_Drosophila_biarmipes__LOC108032098__XP_016961415.1	289	289	289	274	ACC	0.0	0	below_threshold	high	0.062	False	user_msa
Drosophila_mauritiana_Drosophila_mauritiana__LOC117142441__XP_033162295.1	289	289	289	274	ACC	0.0	0	below_threshold	high	0.062	False	user_msa
Drosophila_melanogaster_Drosophila_melanogaster__betaTub85D__NP_524290.2	289	289	289	274	ACC	0.0	0	below_threshold	high	0.062	False	user_msa
Drosophila_pseudoobscura_Drosophila_pseudoobscura__betaTub85D__XP_001357842.1	289	289	289	274	ACA	0.0	0	below_threshold	high	0.062	False	user_msa
Drosophila_sechellia_Drosophila_sechellia__betaTub85D__XP_002031904.1	289	289	289	274	ACC	0.0	0	below_threshold	high	0.062	False	user_msa
Drosophila_simulans_Drosophila_simulans__LOC6728793__XP_002104128.1	289	289	289	274	ACC	0.0	0	below_threshold	high	0.062	False	user_msa
Drosophila_subobscura_Drosophila_subobscura__LOC117897634__XP_034662499.1	289	289	289	274	ACC	0.0	0	below_threshold	high	0.062	False	user_msa
Drosophila_suzukii_Drosophila_suzukii__betaTub85D__XP_016937909.1	289	289	289	274	ACC	0.0	0	below_threshold	high	0.062	False	user_msa
Drosophila_virilis_Drosophila_virilis__betaTub85D__XP_002053003.1	289	289	289	274	ACT	0.0	0	below_threshold	high	0.062	False	user_msa
Drosophila_willistoni_Drosophila_willistoni__LOC6647585__XP_002070575.1	289	289	289	274	ACA	0.0	0	below_threshold	high	0.062	False	user_msa
Drosophila_yakuba_Drosophila_yakuba__LOC6536356__XP_002096938.1	289	289	289	274	ACC	0.0	0	below_threshold	high	0.062	False	user_msa
Drosophila_ananassae_Drosophila_ananassae__LOC6500548__XP_001953433.1	290	290	290	275	TCC	0.0	0	below_threshold	high	0.062	False	user_msa
Drosophila_biarmipes_Drosophila_biarmipes__LOC108032098__XP_016961415.1	290	290	290	275	AGC	0.0	0	below_threshold	high	0.062	False	user_msa
Drosophila_mauritiana_Drosophila_mauritiana__LOC117142441__XP_033162295.1	290	290	290	275	TCG	0.0	0	below_threshold	high	0.062	False	user_msa
Drosophila_melanogaster_Drosophila_melanogaster__betaTub85D__NP_524290.2	290	290	290	275	TCG	0.0	0	below_threshold	high	0.062	False	user_msa
Drosophila_pseudoobscura_Drosophila_pseudoobscura__betaTub85D__XP_001357842.1	290	290	290	275	TCC	0.0	0	below_threshold	high	0.062	False	user_msa
Drosophila_sechellia_Drosophila_sechellia__betaTub85D__XP_002031904.1	290	290	290	275	TCG	0.0	0	below_threshold	high	0.062	False	user_msa
Drosophila_simulans_Drosophila_simulans__LOC6728793__XP_002104128.1	290	290	290	275	TCG	0.0	0	below_threshold	high	0.062	False	user_msa
Drosophila_subobscura_Drosophila_subobscura__LOC117897634__XP_034662499.1	290	290	290	275	TCG	0.0	0	below_threshold	high	0.062	False	user_msa
Drosophila_suzukii_Drosophila_suzukii__betaTub85D__XP_016937909.1	290	290	290	275	TCC	0.0	0	below_threshold	high	0.062	False	user_msa
Drosophila_virilis_Drosophila_virilis__betaTub85D__XP_002053003.1	290	290	290	275	TCG	0.0	0	below_threshold	high	0.062	False	user_msa
Drosophila_willistoni_Drosophila_willistoni__LOC6647585__XP_002070575.1	290	290	290	275	TCC	0.0	0	below_threshold	high	0.062	False	user_msa
Drosophila_yakuba_Drosophila_yakuba__LOC6536356__XP_002096938.1	290	290	290	275	TCG	0.0	0	below_threshold	high	0.062	False	user_msa
Drosophila_ananassae_Drosophila_ananassae__LOC6500548__XP_001953433.1	291	291	291	276	CGC	0.0	0	below_threshold	high	0.062	False	user_msa
Drosophila_biarmipes_Drosophila_biarmipes__LOC108032098__XP_016961415.1	291	291	291	276	CGT	0.0	0	below_threshold	high	0.062	False	user_msa
Drosophila_mauritiana_Drosophila_mauritiana__LOC117142441__XP_033162295.1	291	291	291	276	CGA	0.0	0	below_threshold	high	0.062	False	user_msa
Drosophila_melanogaster_Drosophila_melanogaster__betaTub85D__NP_524290.2	291	291	291	276	CGA	0.0	0	below_threshold	high	0.062	False	user_msa
Drosophila_pseudoobscura_Drosophila_pseudoobscura__betaTub85D__XP_001357842.1	291	291	291	276	CGC	0.0	0	below_threshold	high	0.062	False	user_msa
Drosophila_sechellia_Drosophila_sechellia__betaTub85D__XP_002031904.1	291	291	291	276	CGA	0.0	0	below_threshold	high	0.062	False	user_msa
Drosophila_simulans_Drosophila_simulans__LOC6728793__XP_002104128.1	291	291	291	276	CGA	0.0	0	below_threshold	high	0.062	False	user_msa
Drosophila_subobscura_Drosophila_subobscura__LOC117897634__XP_034662499.1	291	291	291	276	AGA	0.0	0	below_threshold	high	0.062	False	user_msa
Drosophila_suzukii_Drosophila_suzukii__betaTub85D__XP_016937909.1	291	291	291	276	CGT	0.0	0	below_threshold	high	0.062	False	user_msa
Drosophila_virilis_Drosophila_virilis__betaTub85D__XP_002053003.1	291	291	291	276	CGT	0.0	0	below_threshold	high	0.062	False	user_msa
Drosophila_willistoni_Drosophila_willistoni__LOC6647585__XP_002070575.1	291	291	291	276	CGT	0.0	0	below_threshold	high	0.062	False	user_msa
Drosophila_yakuba_Drosophila_yakuba__LOC6536356__XP_002096938.1	291	291	291	276	CGA	0.0	0	below_threshold	high	0.062	False	user_msa
Drosophila_ananassae_Drosophila_ananassae__LOC6500548__XP_001953433.1	292	292	292	277	GGC	0.0	0	below_threshold	high	0.062	False	user_msa
Drosophila_biarmipes_Drosophila_biarmipes__LOC108032098__XP_016961415.1	292	292	292	277	GGG	0.0	0	below_threshold	high	0.062	False	user_msa
Drosophila_mauritiana_Drosophila_mauritiana__LOC117142441__XP_033162295.1	292	292	292	277	GGA	0.0	0	below_threshold	high	0.062	False	user_msa
Drosophila_melanogaster_Drosophila_melanogaster__betaTub85D__NP_524290.2	292	292	292	277	GGA	0.0	0	below_threshold	high	0.062	False	user_msa
Drosophila_pseudoobscura_Drosophila_pseudoobscura__betaTub85D__XP_001357842.1	292	292	292	277	GGA	0.0	0	below_threshold	high	0.062	False	user_msa
Drosophila_sechellia_Drosophila_sechellia__betaTub85D__XP_002031904.1	292	292	292	277	GGA	0.0	0	below_threshold	high	0.062	False	user_msa
Drosophila_simulans_Drosophila_simulans__LOC6728793__XP_002104128.1	292	292	292	277	GGA	0.0	0	below_threshold	high	0.062	False	user_msa
Drosophila_subobscura_Drosophila_subobscura__LOC117897634__XP_034662499.1	292	292	292	277	GGA	0.0	0	below_threshold	high	0.062	False	user_msa
Drosophila_suzukii_Drosophila_suzukii__betaTub85D__XP_016937909.1	292	292	292	277	GGA	0.0	0	below_threshold	high	0.062	False	user_msa
Drosophila_virilis_Drosophila_virilis__betaTub85D__XP_002053003.1	292	292	292	277	GGA	0.0	0	below_threshold	high	0.062	False	user_msa
Drosophila_willistoni_Drosophila_willistoni__LOC6647585__XP_002070575.1	292	292	292	277	GGA	0.0	0	below_threshold	high	0.062	False	user_msa
Drosophila_yakuba_Drosophila_yakuba__LOC6536356__XP_002096938.1	292	292	292	277	GGA	0.0	0	below_threshold	high	0.062	False	user_msa
Drosophila_ananassae_Drosophila_ananassae__LOC6500548__XP_001953433.1	293	293	293	278	TCC	0.0	0	below_threshold	high	0.062	False	user_msa
Drosophila_biarmipes_Drosophila_biarmipes__LOC108032098__XP_016961415.1	293	293	293	278	TCC	0.0	0	below_threshold	high	0.062	False	user_msa
Drosophila_mauritiana_Drosophila_mauritiana__LOC117142441__XP_033162295.1	293	293	293	278	TCG	0.0	0	below_threshold	high	0.062	False	user_msa
Drosophila_melanogaster_Drosophila_melanogaster__betaTub85D__NP_524290.2	293	293	293	278	TCG	0.0	0	below_threshold	high	0.062	False	user_msa
Drosophila_pseudoobscura_Drosophila_pseudoobscura__betaTub85D__XP_001357842.1	293	293	293	278	TCC	0.0	0	below_threshold	high	0.062	False	user_msa
Drosophila_sechellia_Drosophila_sechellia__betaTub85D__XP_002031904.1	293	293	293	278	TCG	0.0	0	below_threshold	high	0.062	False	user_msa
Drosophila_simulans_Drosophila_simulans__LOC6728793__XP_002104128.1	293	293	293	278	TCG	0.0	0	below_threshold	high	0.062	False	user_msa
Drosophila_subobscura_Drosophila_subobscura__LOC117897634__XP_034662499.1	293	293	293	278	TCG	0.0	0	below_threshold	high	0.062	False	user_msa
Drosophila_suzukii_Drosophila_suzukii__betaTub85D__XP_016937909.1	293	293	293	278	TCC	0.0	0	below_threshold	high	0.062	False	user_msa
Drosophila_virilis_Drosophila_virilis__betaTub85D__XP_002053003.1	293	293	293	278	TCT	0.0	0	below_threshold	high	0.062	False	user_msa
Drosophila_willistoni_Drosophila_willistoni__LOC6647585__XP_002070575.1	293	293	293	278	TCC	0.0	0	below_threshold	high	0.062	False	user_msa
Drosophila_yakuba_Drosophila_yakuba__LOC6536356__XP_002096938.1	293	293	293	278	TCG	0.0	0	below_threshold	high	0.062	False	user_msa
Drosophila_ananassae_Drosophila_ananassae__LOC6500548__XP_001953433.1	294	294	294	279	CAG	0.0	0	below_threshold	high	0.062	False	user_msa
Drosophila_biarmipes_Drosophila_biarmipes__LOC108032098__XP_016961415.1	294	294	294	279	CAG	0.0	0	below_threshold	high	0.062	False	user_msa
Drosophila_mauritiana_Drosophila_mauritiana__LOC117142441__XP_033162295.1	294	294	294	279	CAA	0.0	0	below_threshold	high	0.062	False	user_msa
Drosophila_melanogaster_Drosophila_melanogaster__betaTub85D__NP_524290.2	294	294	294	279	CAA	0.0	0	below_threshold	high	0.062	False	user_msa
Drosophila_pseudoobscura_Drosophila_pseudoobscura__betaTub85D__XP_001357842.1	294	294	294	279	CAG	0.0	0	below_threshold	high	0.062	False	user_msa
Drosophila_sechellia_Drosophila_sechellia__betaTub85D__XP_002031904.1	294	294	294	279	CAA	0.0	0	below_threshold	high	0.062	False	user_msa
Drosophila_simulans_Drosophila_simulans__LOC6728793__XP_002104128.1	294	294	294	279	CAA	0.0	0	below_threshold	high	0.062	False	user_msa
Drosophila_subobscura_Drosophila_subobscura__LOC117897634__XP_034662499.1	294	294	294	279	CAA	0.0	0	below_threshold	high	0.062	False	user_msa
Drosophila_suzukii_Drosophila_suzukii__betaTub85D__XP_016937909.1	294	294	294	279	CAG	0.0	0	below_threshold	high	0.062	False	user_msa
Drosophila_virilis_Drosophila_virilis__betaTub85D__XP_002053003.1	294	294	294	279	CAG	0.0	0	below_threshold	high	0.062	False	user_msa
Drosophila_willistoni_Drosophila_willistoni__LOC6647585__XP_002070575.1	294	294	294	279	CAG	0.0	0	below_threshold	high	0.062	False	user_msa
Drosophila_yakuba_Drosophila_yakuba__LOC6536356__XP_002096938.1	294	294	294	279	CAA	0.0	0	below_threshold	high	0.062	False	user_msa
Drosophila_ananassae_Drosophila_ananassae__LOC6500548__XP_001953433.1	295	295	295	280	CAG	0.0	0	below_threshold	high	0.062	False	user_msa
Drosophila_biarmipes_Drosophila_biarmipes__LOC108032098__XP_016961415.1	295	295	295	280	CAG	0.0	0	below_threshold	high	0.062	False	user_msa
Drosophila_mauritiana_Drosophila_mauritiana__LOC117142441__XP_033162295.1	295	295	295	280	CAA	0.0	0	below_threshold	high	0.062	False	user_msa
Drosophila_melanogaster_Drosophila_melanogaster__betaTub85D__NP_524290.2	295	295	295	280	CAA	0.0	0	below_threshold	high	0.062	False	user_msa
Drosophila_pseudoobscura_Drosophila_pseudoobscura__betaTub85D__XP_001357842.1	295	295	295	280	CAG	0.0	0	below_threshold	high	0.062	False	user_msa
Drosophila_sechellia_Drosophila_sechellia__betaTub85D__XP_002031904.1	295	295	295	280	CAA	0.0	0	below_threshold	high	0.062	False	user_msa
Drosophila_simulans_Drosophila_simulans__LOC6728793__XP_002104128.1	295	295	295	280	CAA	0.0	0	below_threshold	high	0.062	False	user_msa
Drosophila_subobscura_Drosophila_subobscura__LOC117897634__XP_034662499.1	295	295	295	280	CAG	0.0	0	below_threshold	high	0.062	False	user_msa
Drosophila_suzukii_Drosophila_suzukii__betaTub85D__XP_016937909.1	295	295	295	280	CAG	0.0	0	below_threshold	high	0.062	False	user_msa
Drosophila_virilis_Drosophila_virilis__betaTub85D__XP_002053003.1	295	295	295	280	CAG	0.0	0	below_threshold	high	0.062	False	user_msa
Drosophila_willistoni_Drosophila_willistoni__LOC6647585__XP_002070575.1	295	295	295	280	CAA	0.0	0	below_threshold	high	0.062	False	user_msa
Drosophila_yakuba_Drosophila_yakuba__LOC6536356__XP_002096938.1	295	295	295	280	CAG	0.0	0	below_threshold	high	0.062	False	user_msa
Drosophila_ananassae_Drosophila_ananassae__LOC6500548__XP_001953433.1	296	296	296	281	TAC	0.0	0	below_threshold	high	0.062	False	user_msa
Drosophila_biarmipes_Drosophila_biarmipes__LOC108032098__XP_016961415.1	296	296	296	281	TAT	0.0	0	below_threshold	high	0.062	False	user_msa
Drosophila_mauritiana_Drosophila_mauritiana__LOC117142441__XP_033162295.1	296	296	296	281	TAC	0.0	0	below_threshold	high	0.062	False	user_msa
Drosophila_melanogaster_Drosophila_melanogaster__betaTub85D__NP_524290.2	296	296	296	281	TAC	0.0	0	below_threshold	high	0.062	False	user_msa
Drosophila_pseudoobscura_Drosophila_pseudoobscura__betaTub85D__XP_001357842.1	296	296	296	281	TAC	0.0	0	below_threshold	high	0.062	False	user_msa
Drosophila_sechellia_Drosophila_sechellia__betaTub85D__XP_002031904.1	296	296	296	281	TAC	0.0	0	below_threshold	high	0.062	False	user_msa
Drosophila_simulans_Drosophila_simulans__LOC6728793__XP_002104128.1	296	296	296	281	TAC	0.0	0	below_threshold	high	0.062	False	user_msa
Drosophila_subobscura_Drosophila_subobscura__LOC117897634__XP_034662499.1	296	296	296	281	TAC	0.0	0	below_threshold	high	0.062	False	user_msa
Drosophila_suzukii_Drosophila_suzukii__betaTub85D__XP_016937909.1	296	296	296	281	TAT	0.0	0	below_threshold	high	0.062	False	user_msa
Drosophila_virilis_Drosophila_virilis__betaTub85D__XP_002053003.1	296	296	296	281	TAT	0.0	0	below_threshold	high	0.062	False	user_msa
Drosophila_willistoni_Drosophila_willistoni__LOC6647585__XP_002070575.1	296	296	296	281	TAT	0.0	0	below_threshold	high	0.062	False	user_msa
Drosophila_yakuba_Drosophila_yakuba__LOC6536356__XP_002096938.1	296	296	296	281	TAC	0.0	0	below_threshold	high	0.062	False	user_msa
Drosophila_ananassae_Drosophila_ananassae__LOC6500548__XP_001953433.1	297	297	297	282	CGG	0.0	0	below_threshold	high	0.062	False	user_msa
Drosophila_biarmipes_Drosophila_biarmipes__LOC108032098__XP_016961415.1	297	297	297	282	CGT	0.0	0	below_threshold	high	0.062	False	user_msa
Drosophila_mauritiana_Drosophila_mauritiana__LOC117142441__XP_033162295.1	297	297	297	282	CGG	0.0	0	below_threshold	high	0.062	False	user_msa
Drosophila_melanogaster_Drosophila_melanogaster__betaTub85D__NP_524290.2	297	297	297	282	CGG	0.0	0	below_threshold	high	0.062	False	user_msa
Drosophila_pseudoobscura_Drosophila_pseudoobscura__betaTub85D__XP_001357842.1	297	297	297	282	CGT	0.0	0	below_threshold	high	0.062	False	user_msa
Drosophila_sechellia_Drosophila_sechellia__betaTub85D__XP_002031904.1	297	297	297	282	CGG	0.0	0	below_threshold	high	0.062	False	user_msa
Drosophila_simulans_Drosophila_simulans__LOC6728793__XP_002104128.1	297	297	297	282	CGG	0.0	0	below_threshold	high	0.062	False	user_msa
Drosophila_subobscura_Drosophila_subobscura__LOC117897634__XP_034662499.1	297	297	297	282	CGC	0.0	0	below_threshold	high	0.062	False	user_msa
Drosophila_suzukii_Drosophila_suzukii__betaTub85D__XP_016937909.1	297	297	297	282	CGG	0.0	0	below_threshold	high	0.062	False	user_msa
Drosophila_virilis_Drosophila_virilis__betaTub85D__XP_002053003.1	297	297	297	282	CGC	0.0	0	below_threshold	high	0.062	False	user_msa
Drosophila_willistoni_Drosophila_willistoni__LOC6647585__XP_002070575.1	297	297	297	282	CGC	0.0	0	below_threshold	high	0.062	False	user_msa
Drosophila_yakuba_Drosophila_yakuba__LOC6536356__XP_002096938.1	297	297	297	282	CGA	0.0	0	below_threshold	high	0.062	False	user_msa
Drosophila_ananassae_Drosophila_ananassae__LOC6500548__XP_001953433.1	298	298	298	283	GCC	0.0	0	below_threshold	high	0.062	False	user_msa
Drosophila_biarmipes_Drosophila_biarmipes__LOC108032098__XP_016961415.1	298	298	298	283	GCC	0.0	0	below_threshold	high	0.062	False	user_msa
Drosophila_mauritiana_Drosophila_mauritiana__LOC117142441__XP_033162295.1	298	298	298	283	GCC	0.0	0	below_threshold	high	0.062	False	user_msa
Drosophila_melanogaster_Drosophila_melanogaster__betaTub85D__NP_524290.2	298	298	298	283	GCC	0.0	0	below_threshold	high	0.062	False	user_msa
Drosophila_pseudoobscura_Drosophila_pseudoobscura__betaTub85D__XP_001357842.1	298	298	298	283	GCC	0.0	0	below_threshold	high	0.062	False	user_msa
Drosophila_sechellia_Drosophila_sechellia__betaTub85D__XP_002031904.1	298	298	298	283	GCC	0.0	0	below_threshold	high	0.062	False	user_msa
Drosophila_simulans_Drosophila_simulans__LOC6728793__XP_002104128.1	298	298	298	283	GCC	0.0	0	below_threshold	high	0.062	False	user_msa
Drosophila_subobscura_Drosophila_subobscura__LOC117897634__XP_034662499.1	298	298	298	283	GCC	0.0	0	below_threshold	high	0.062	False	user_msa
Drosophila_suzukii_Drosophila_suzukii__betaTub85D__XP_016937909.1	298	298	298	283	GCT	0.0	0	below_threshold	high	0.062	False	user_msa
Drosophila_virilis_Drosophila_virilis__betaTub85D__XP_002053003.1	298	298	298	283	GCC	0.0	0	below_threshold	high	0.062	False	user_msa
Drosophila_willistoni_Drosophila_willistoni__LOC6647585__XP_002070575.1	298	298	298	283	GCT	0.0	0	below_threshold	high	0.062	False	user_msa
Drosophila_yakuba_Drosophila_yakuba__LOC6536356__XP_002096938.1	298	298	298	283	GCT	0.0	0	below_threshold	high	0.062	False	user_msa
Drosophila_ananassae_Drosophila_ananassae__LOC6500548__XP_001953433.1	299	299	299	284	CTG	0.0	0	below_threshold	high	0.062	False	user_msa
Drosophila_biarmipes_Drosophila_biarmipes__LOC108032098__XP_016961415.1	299	299	299	284	TTG	0.0	0	below_threshold	high	0.062	False	user_msa
Drosophila_mauritiana_Drosophila_mauritiana__LOC117142441__XP_033162295.1	299	299	299	284	CTT	0.0	0	below_threshold	high	0.062	False	user_msa
Drosophila_melanogaster_Drosophila_melanogaster__betaTub85D__NP_524290.2	299	299	299	284	CTT	0.0	0	below_threshold	high	0.062	False	user_msa
Drosophila_pseudoobscura_Drosophila_pseudoobscura__betaTub85D__XP_001357842.1	299	299	299	284	CTC	0.0	0	below_threshold	high	0.062	False	user_msa
Drosophila_sechellia_Drosophila_sechellia__betaTub85D__XP_002031904.1	299	299	299	284	CTT	0.0	0	below_threshold	high	0.062	False	user_msa
Drosophila_simulans_Drosophila_simulans__LOC6728793__XP_002104128.1	299	299	299	284	CTT	0.0	0	below_threshold	high	0.062	False	user_msa
Drosophila_subobscura_Drosophila_subobscura__LOC117897634__XP_034662499.1	299	299	299	284	CTC	0.0	0	below_threshold	high	0.062	False	user_msa
Drosophila_suzukii_Drosophila_suzukii__betaTub85D__XP_016937909.1	299	299	299	284	TTG	0.0	0	below_threshold	high	0.062	False	user_msa
Drosophila_virilis_Drosophila_virilis__betaTub85D__XP_002053003.1	299	299	299	284	TTG	0.0	0	below_threshold	high	0.062	False	user_msa
Drosophila_willistoni_Drosophila_willistoni__LOC6647585__XP_002070575.1	299	299	299	284	CTA	0.0	0	below_threshold	high	0.062	False	user_msa
Drosophila_yakuba_Drosophila_yakuba__LOC6536356__XP_002096938.1	299	299	299	284	CTG	0.0	0	below_threshold	high	0.062	False	user_msa
Drosophila_ananassae_Drosophila_ananassae__LOC6500548__XP_001953433.1	300	300	300	285	ACT	0.0	0	below_threshold	high	0.062	False	user_msa
Drosophila_biarmipes_Drosophila_biarmipes__LOC108032098__XP_016961415.1	300	300	300	285	ACT	0.0	0	below_threshold	high	0.062	False	user_msa
Drosophila_mauritiana_Drosophila_mauritiana__LOC117142441__XP_033162295.1	300	300	300	285	ACC	0.0	0	below_threshold	high	0.062	False	user_msa
Drosophila_melanogaster_Drosophila_melanogaster__betaTub85D__NP_524290.2	300	300	300	285	ACC	0.0	0	below_threshold	high	0.062	False	user_msa
Drosophila_pseudoobscura_Drosophila_pseudoobscura__betaTub85D__XP_001357842.1	300	300	300	285	ACC	0.0	0	below_threshold	high	0.062	False	user_msa
Drosophila_sechellia_Drosophila_sechellia__betaTub85D__XP_002031904.1	300	300	300	285	ACC	0.0	0	below_threshold	high	0.062	False	user_msa
Drosophila_simulans_Drosophila_simulans__LOC6728793__XP_002104128.1	300	300	300	285	ACC	0.0	0	below_threshold	high	0.062	False	user_msa
Drosophila_subobscura_Drosophila_subobscura__LOC117897634__XP_034662499.1	300	300	300	285	ACC	0.0	0	below_threshold	high	0.062	False	user_msa
Drosophila_suzukii_Drosophila_suzukii__betaTub85D__XP_016937909.1	300	300	300	285	ACT	0.0	0	below_threshold	high	0.062	False	user_msa
Drosophila_virilis_Drosophila_virilis__betaTub85D__XP_002053003.1	300	300	300	285	ACT	0.0	0	below_threshold	high	0.062	False	user_msa
Drosophila_willistoni_Drosophila_willistoni__LOC6647585__XP_002070575.1	300	300	300	285	ACC	0.0	0	below_threshold	high	0.062	False	user_msa
Drosophila_yakuba_Drosophila_yakuba__LOC6536356__XP_002096938.1	300	300	300	285	ACC	0.0	0	below_threshold	high	0.062	False	user_msa
Drosophila_ananassae_Drosophila_ananassae__LOC6500548__XP_001953433.1	301	301	301	286	GTG	0.0	0	below_threshold	high	0.062	False	user_msa
Drosophila_biarmipes_Drosophila_biarmipes__LOC108032098__XP_016961415.1	301	301	301	286	GTA	0.0	0	below_threshold	high	0.062	False	user_msa
Drosophila_mauritiana_Drosophila_mauritiana__LOC117142441__XP_033162295.1	301	301	301	286	GTT	0.0	0	below_threshold	high	0.062	False	user_msa
Drosophila_melanogaster_Drosophila_melanogaster__betaTub85D__NP_524290.2	301	301	301	286	GTT	0.0	0	below_threshold	high	0.062	False	user_msa
Drosophila_pseudoobscura_Drosophila_pseudoobscura__betaTub85D__XP_001357842.1	301	301	301	286	GTG	0.0	0	below_threshold	high	0.062	False	user_msa
Drosophila_sechellia_Drosophila_sechellia__betaTub85D__XP_002031904.1	301	301	301	286	GTT	0.0	0	below_threshold	high	0.062	False	user_msa
Drosophila_simulans_Drosophila_simulans__LOC6728793__XP_002104128.1	301	301	301	286	GTT	0.0	0	below_threshold	high	0.062	False	user_msa
Drosophila_subobscura_Drosophila_subobscura__LOC117897634__XP_034662499.1	301	301	301	286	GTG	0.0	0	below_threshold	high	0.062	False	user_msa
Drosophila_suzukii_Drosophila_suzukii__betaTub85D__XP_016937909.1	301	301	301	286	GTT	0.0	0	below_threshold	high	0.062	False	user_msa
Drosophila_virilis_Drosophila_virilis__betaTub85D__XP_002053003.1	301	301	301	286	GTA	0.0	0	below_threshold	high	0.062	False	user_msa
Drosophila_willistoni_Drosophila_willistoni__LOC6647585__XP_002070575.1	301	301	301	286	GTG	0.0	0	below_threshold	high	0.062	False	user_msa
Drosophila_yakuba_Drosophila_yakuba__LOC6536356__XP_002096938.1	301	301	301	286	GTT	0.0	0	below_threshold	high	0.062	False	user_msa
Drosophila_ananassae_Drosophila_ananassae__LOC6500548__XP_001953433.1	302	302	302	287	CCG	0.0	0	below_threshold	high	0.062	False	user_msa
Drosophila_biarmipes_Drosophila_biarmipes__LOC108032098__XP_016961415.1	302	302	302	287	CCT	0.0	0	below_threshold	high	0.062	False	user_msa
Drosophila_mauritiana_Drosophila_mauritiana__LOC117142441__XP_033162295.1	302	302	302	287	CCG	0.0	0	below_threshold	high	0.062	False	user_msa
Drosophila_melanogaster_Drosophila_melanogaster__betaTub85D__NP_524290.2	302	302	302	287	CCG	0.0	0	below_threshold	high	0.062	False	user_msa
Drosophila_pseudoobscura_Drosophila_pseudoobscura__betaTub85D__XP_001357842.1	302	302	302	287	CCA	0.0	0	below_threshold	high	0.062	False	user_msa
Drosophila_sechellia_Drosophila_sechellia__betaTub85D__XP_002031904.1	302	302	302	287	CCG	0.0	0	below_threshold	high	0.062	False	user_msa
Drosophila_simulans_Drosophila_simulans__LOC6728793__XP_002104128.1	302	302	302	287	CCG	0.0	0	below_threshold	high	0.062	False	user_msa
Drosophila_subobscura_Drosophila_subobscura__LOC117897634__XP_034662499.1	302	302	302	287	CCA	0.0	0	below_threshold	high	0.062	False	user_msa
Drosophila_suzukii_Drosophila_suzukii__betaTub85D__XP_016937909.1	302	302	302	287	CCA	0.0	0	below_threshold	high	0.062	False	user_msa
Drosophila_virilis_Drosophila_virilis__betaTub85D__XP_002053003.1	302	302	302	287	CCC	0.0	0	below_threshold	high	0.062	False	user_msa
Drosophila_willistoni_Drosophila_willistoni__LOC6647585__XP_002070575.1	302	302	302	287	CCC	0.0	0	below_threshold	high	0.062	False	user_msa
Drosophila_yakuba_Drosophila_yakuba__LOC6536356__XP_002096938.1	302	302	302	287	CCC	0.0	0	below_threshold	high	0.062	False	user_msa
Drosophila_ananassae_Drosophila_ananassae__LOC6500548__XP_001953433.1	303	303	303	288	GAG	0.0	0	below_threshold	high	0.062	False	user_msa
Drosophila_biarmipes_Drosophila_biarmipes__LOC108032098__XP_016961415.1	303	303	303	288	GAG	0.0	0	below_threshold	high	0.062	False	user_msa
Drosophila_mauritiana_Drosophila_mauritiana__LOC117142441__XP_033162295.1	303	303	303	288	GAG	0.0	0	below_threshold	high	0.062	False	user_msa
Drosophila_melanogaster_Drosophila_melanogaster__betaTub85D__NP_524290.2	303	303	303	288	GAG	0.0	0	below_threshold	high	0.062	False	user_msa
Drosophila_pseudoobscura_Drosophila_pseudoobscura__betaTub85D__XP_001357842.1	303	303	303	288	GAG	0.0	0	below_threshold	high	0.062	False	user_msa
Drosophila_sechellia_Drosophila_sechellia__betaTub85D__XP_002031904.1	303	303	303	288	GAG	0.0	0	below_threshold	high	0.062	False	user_msa
Drosophila_simulans_Drosophila_simulans__LOC6728793__XP_002104128.1	303	303	303	288	GAG	0.0	0	below_threshold	high	0.062	False	user_msa
Drosophila_subobscura_Drosophila_subobscura__LOC117897634__XP_034662499.1	303	303	303	288	GAG	0.0	0	below_threshold	high	0.062	False	user_msa
Drosophila_suzukii_Drosophila_suzukii__betaTub85D__XP_016937909.1	303	303	303	288	GAG	0.0	0	below_threshold	high	0.062	False	user_msa
Drosophila_virilis_Drosophila_virilis__betaTub85D__XP_002053003.1	303	303	303	288	GAG	0.0	0	below_threshold	high	0.062	False	user_msa
Drosophila_willistoni_Drosophila_willistoni__LOC6647585__XP_002070575.1	303	303	303	288	GAG	0.0	0	below_threshold	high	0.062	False	user_msa
Drosophila_yakuba_Drosophila_yakuba__LOC6536356__XP_002096938.1	303	303	303	288	GAG	0.0	0	below_threshold	high	0.062	False	user_msa
Drosophila_ananassae_Drosophila_ananassae__LOC6500548__XP_001953433.1	304	304	304	289	CTG	0.0	0	below_threshold	high	0.062	False	user_msa
Drosophila_biarmipes_Drosophila_biarmipes__LOC108032098__XP_016961415.1	304	304	304	289	CTG	0.0	0	below_threshold	high	0.062	False	user_msa
Drosophila_mauritiana_Drosophila_mauritiana__LOC117142441__XP_033162295.1	304	304	304	289	CTG	0.0	0	below_threshold	high	0.062	False	user_msa
Drosophila_melanogaster_Drosophila_melanogaster__betaTub85D__NP_524290.2	304	304	304	289	CTG	0.0	0	below_threshold	high	0.062	False	user_msa
Drosophila_pseudoobscura_Drosophila_pseudoobscura__betaTub85D__XP_001357842.1	304	304	304	289	CTG	0.0	0	below_threshold	high	0.062	False	user_msa
Drosophila_sechellia_Drosophila_sechellia__betaTub85D__XP_002031904.1	304	304	304	289	CTG	0.0	0	below_threshold	high	0.062	False	user_msa
Drosophila_simulans_Drosophila_simulans__LOC6728793__XP_002104128.1	304	304	304	289	CTG	0.0	0	below_threshold	high	0.062	False	user_msa
Drosophila_subobscura_Drosophila_subobscura__LOC117897634__XP_034662499.1	304	304	304	289	CTC	0.0	0	below_threshold	high	0.062	False	user_msa
Drosophila_suzukii_Drosophila_suzukii__betaTub85D__XP_016937909.1	304	304	304	289	CTG	0.0	0	below_threshold	high	0.062	False	user_msa
Drosophila_virilis_Drosophila_virilis__betaTub85D__XP_002053003.1	304	304	304	289	CTG	0.0	0	below_threshold	high	0.062	False	user_msa
Drosophila_willistoni_Drosophila_willistoni__LOC6647585__XP_002070575.1	304	304	304	289	CTG	0.0	0	below_threshold	high	0.062	False	user_msa
Drosophila_yakuba_Drosophila_yakuba__LOC6536356__XP_002096938.1	304	304	304	289	TTG	0.0	0	below_threshold	high	0.062	False	user_msa
Drosophila_ananassae_Drosophila_ananassae__LOC6500548__XP_001953433.1	305	305	305	290	ACC	0.0	0	below_threshold	high	0.062	False	user_msa
Drosophila_biarmipes_Drosophila_biarmipes__LOC108032098__XP_016961415.1	305	305	305	290	ACC	0.0	0	below_threshold	high	0.062	False	user_msa
Drosophila_mauritiana_Drosophila_mauritiana__LOC117142441__XP_033162295.1	305	305	305	290	ACC	0.0	0	below_threshold	high	0.062	False	user_msa
Drosophila_melanogaster_Drosophila_melanogaster__betaTub85D__NP_524290.2	305	305	305	290	ACC	0.0	0	below_threshold	high	0.062	False	user_msa
Drosophila_pseudoobscura_Drosophila_pseudoobscura__betaTub85D__XP_001357842.1	305	305	305	290	ACG	0.0	0	below_threshold	high	0.062	False	user_msa
Drosophila_sechellia_Drosophila_sechellia__betaTub85D__XP_002031904.1	305	305	305	290	ACC	0.0	0	below_threshold	high	0.062	False	user_msa
Drosophila_simulans_Drosophila_simulans__LOC6728793__XP_002104128.1	305	305	305	290	ACC	0.0	0	below_threshold	high	0.062	False	user_msa
Drosophila_subobscura_Drosophila_subobscura__LOC117897634__XP_034662499.1	305	305	305	290	ACA	0.0	0	below_threshold	high	0.062	False	user_msa
Drosophila_suzukii_Drosophila_suzukii__betaTub85D__XP_016937909.1	305	305	305	290	ACC	0.0	0	below_threshold	high	0.062	False	user_msa
Drosophila_virilis_Drosophila_virilis__betaTub85D__XP_002053003.1	305	305	305	290	ACA	0.0	0	below_threshold	high	0.062	False	user_msa
Drosophila_willistoni_Drosophila_willistoni__LOC6647585__XP_002070575.1	305	305	305	290	ACC	0.0	0	below_threshold	high	0.062	False	user_msa
Drosophila_yakuba_Drosophila_yakuba__LOC6536356__XP_002096938.1	305	305	305	290	ACC	0.0	0	below_threshold	high	0.062	False	user_msa
Drosophila_ananassae_Drosophila_ananassae__LOC6500548__XP_001953433.1	306	306	306	291	CAG	0.0	0	below_threshold	high	0.062	False	user_msa
Drosophila_biarmipes_Drosophila_biarmipes__LOC108032098__XP_016961415.1	306	306	306	291	CAG	0.0	0	below_threshold	high	0.062	False	user_msa
Drosophila_mauritiana_Drosophila_mauritiana__LOC117142441__XP_033162295.1	306	306	306	291	CAG	0.0	0	below_threshold	high	0.062	False	user_msa
Drosophila_melanogaster_Drosophila_melanogaster__betaTub85D__NP_524290.2	306	306	306	291	CAG	0.0	0	below_threshold	high	0.062	False	user_msa
Drosophila_pseudoobscura_Drosophila_pseudoobscura__betaTub85D__XP_001357842.1	306	306	306	291	CAG	0.0	0	below_threshold	high	0.062	False	user_msa
Drosophila_sechellia_Drosophila_sechellia__betaTub85D__XP_002031904.1	306	306	306	291	CAG	0.0	0	below_threshold	high	0.062	False	user_msa
Drosophila_simulans_Drosophila_simulans__LOC6728793__XP_002104128.1	306	306	306	291	CAG	0.0	0	below_threshold	high	0.062	False	user_msa
Drosophila_subobscura_Drosophila_subobscura__LOC117897634__XP_034662499.1	306	306	306	291	CAG	0.0	0	below_threshold	high	0.062	False	user_msa
Drosophila_suzukii_Drosophila_suzukii__betaTub85D__XP_016937909.1	306	306	306	291	CAG	0.0	0	below_threshold	high	0.062	False	user_msa
Drosophila_virilis_Drosophila_virilis__betaTub85D__XP_002053003.1	306	306	306	291	CAG	0.0	0	below_threshold	high	0.062	False	user_msa
Drosophila_willistoni_Drosophila_willistoni__LOC6647585__XP_002070575.1	306	306	306	291	CAA	0.0	0	below_threshold	high	0.062	False	user_msa
Drosophila_yakuba_Drosophila_yakuba__LOC6536356__XP_002096938.1	306	306	306	291	CAG	0.0	0	below_threshold	high	0.062	False	user_msa
Drosophila_ananassae_Drosophila_ananassae__LOC6500548__XP_001953433.1	307	307	307	292	CAG	0.0	0	below_threshold	high	0.062	False	user_msa
Drosophila_biarmipes_Drosophila_biarmipes__LOC108032098__XP_016961415.1	307	307	307	292	CAG	0.0	0	below_threshold	high	0.062	False	user_msa
Drosophila_mauritiana_Drosophila_mauritiana__LOC117142441__XP_033162295.1	307	307	307	292	CAG	0.0	0	below_threshold	high	0.062	False	user_msa
Drosophila_melanogaster_Drosophila_melanogaster__betaTub85D__NP_524290.2	307	307	307	292	CAG	0.0	0	below_threshold	high	0.062	False	user_msa
Drosophila_pseudoobscura_Drosophila_pseudoobscura__betaTub85D__XP_001357842.1	307	307	307	292	CAG	0.0	0	below_threshold	high	0.062	False	user_msa
Drosophila_sechellia_Drosophila_sechellia__betaTub85D__XP_002031904.1	307	307	307	292	CAG	0.0	0	below_threshold	high	0.062	False	user_msa
Drosophila_simulans_Drosophila_simulans__LOC6728793__XP_002104128.1	307	307	307	292	CAG	0.0	0	below_threshold	high	0.062	False	user_msa
Drosophila_subobscura_Drosophila_subobscura__LOC117897634__XP_034662499.1	307	307	307	292	CAA	0.0	0	below_threshold	high	0.062	False	user_msa
Drosophila_suzukii_Drosophila_suzukii__betaTub85D__XP_016937909.1	307	307	307	292	CAG	0.0	0	below_threshold	high	0.062	False	user_msa
Drosophila_virilis_Drosophila_virilis__betaTub85D__XP_002053003.1	307	307	307	292	CAA	0.0	0	below_threshold	high	0.062	False	user_msa
Drosophila_willistoni_Drosophila_willistoni__LOC6647585__XP_002070575.1	307	307	307	292	CAA	0.0	0	below_threshold	high	0.062	False	user_msa
Drosophila_yakuba_Drosophila_yakuba__LOC6536356__XP_002096938.1	307	307	307	292	CAG	0.0	0	below_threshold	high	0.062	False	user_msa
Drosophila_ananassae_Drosophila_ananassae__LOC6500548__XP_001953433.1	308	308	308	293	ATG	0.0	0	below_threshold	high	0.062	False	user_msa
Drosophila_biarmipes_Drosophila_biarmipes__LOC108032098__XP_016961415.1	308	308	308	293	ATG	0.0	0	below_threshold	high	0.062	False	user_msa
Drosophila_mauritiana_Drosophila_mauritiana__LOC117142441__XP_033162295.1	308	308	308	293	ATG	0.0	0	below_threshold	high	0.062	False	user_msa
Drosophila_melanogaster_Drosophila_melanogaster__betaTub85D__NP_524290.2	308	308	308	293	ATG	0.0	0	below_threshold	high	0.062	False	user_msa
Drosophila_pseudoobscura_Drosophila_pseudoobscura__betaTub85D__XP_001357842.1	308	308	308	293	ATG	0.0	0	below_threshold	high	0.062	False	user_msa
Drosophila_sechellia_Drosophila_sechellia__betaTub85D__XP_002031904.1	308	308	308	293	ATG	0.0	0	below_threshold	high	0.062	False	user_msa
Drosophila_simulans_Drosophila_simulans__LOC6728793__XP_002104128.1	308	308	308	293	ATG	0.0	0	below_threshold	high	0.062	False	user_msa
Drosophila_subobscura_Drosophila_subobscura__LOC117897634__XP_034662499.1	308	308	308	293	ATG	0.0	0	below_threshold	high	0.062	False	user_msa
Drosophila_suzukii_Drosophila_suzukii__betaTub85D__XP_016937909.1	308	308	308	293	ATG	0.0	0	below_threshold	high	0.062	False	user_msa
Drosophila_virilis_Drosophila_virilis__betaTub85D__XP_002053003.1	308	308	308	293	ATG	0.0	0	below_threshold	high	0.062	False	user_msa
Drosophila_willistoni_Drosophila_willistoni__LOC6647585__XP_002070575.1	308	308	308	293	ATG	0.0	0	below_threshold	high	0.062	False	user_msa
Drosophila_yakuba_Drosophila_yakuba__LOC6536356__XP_002096938.1	308	308	308	293	ATG	0.0	0	below_threshold	high	0.062	False	user_msa
Drosophila_ananassae_Drosophila_ananassae__LOC6500548__XP_001953433.1	309	309	309	294	TTC	0.0	0	below_threshold	high	0.062	False	user_msa
Drosophila_biarmipes_Drosophila_biarmipes__LOC108032098__XP_016961415.1	309	309	309	294	TTC	0.0	0	below_threshold	high	0.062	False	user_msa
Drosophila_mauritiana_Drosophila_mauritiana__LOC117142441__XP_033162295.1	309	309	309	294	TTC	0.0	0	below_threshold	high	0.062	False	user_msa
Drosophila_melanogaster_Drosophila_melanogaster__betaTub85D__NP_524290.2	309	309	309	294	TTC	0.0	0	below_threshold	high	0.062	False	user_msa
Drosophila_pseudoobscura_Drosophila_pseudoobscura__betaTub85D__XP_001357842.1	309	309	309	294	TTC	0.0	0	below_threshold	high	0.062	False	user_msa
Drosophila_sechellia_Drosophila_sechellia__betaTub85D__XP_002031904.1	309	309	309	294	TTC	0.0	0	below_threshold	high	0.062	False	user_msa
Drosophila_simulans_Drosophila_simulans__LOC6728793__XP_002104128.1	309	309	309	294	TTC	0.0	0	below_threshold	high	0.062	False	user_msa
Drosophila_subobscura_Drosophila_subobscura__LOC117897634__XP_034662499.1	309	309	309	294	TTC	0.0	0	below_threshold	high	0.062	False	user_msa
Drosophila_suzukii_Drosophila_suzukii__betaTub85D__XP_016937909.1	309	309	309	294	TTC	0.0	0	below_threshold	high	0.062	False	user_msa
Drosophila_virilis_Drosophila_virilis__betaTub85D__XP_002053003.1	309	309	309	294	TTT	0.0	0	below_threshold	high	0.062	False	user_msa
Drosophila_willistoni_Drosophila_willistoni__LOC6647585__XP_002070575.1	309	309	309	294	TTC	0.0	0	below_threshold	high	0.062	False	user_msa
Drosophila_yakuba_Drosophila_yakuba__LOC6536356__XP_002096938.1	309	309	309	294	TTC	0.0	0	below_threshold	high	0.062	False	user_msa
Drosophila_ananassae_Drosophila_ananassae__LOC6500548__XP_001953433.1	310	310	310	295	GAT	0.0	0	below_threshold	high	0.062	False	user_msa
Drosophila_biarmipes_Drosophila_biarmipes__LOC108032098__XP_016961415.1	310	310	310	295	GAT	0.0	0	below_threshold	high	0.062	False	user_msa
Drosophila_mauritiana_Drosophila_mauritiana__LOC117142441__XP_033162295.1	310	310	310	295	GAT	0.0	0	below_threshold	high	0.062	False	user_msa
Drosophila_melanogaster_Drosophila_melanogaster__betaTub85D__NP_524290.2	310	310	310	295	GAT	0.0	0	below_threshold	high	0.062	False	user_msa
Drosophila_pseudoobscura_Drosophila_pseudoobscura__betaTub85D__XP_001357842.1	310	310	310	295	GAC	0.0	0	below_threshold	high	0.062	False	user_msa
Drosophila_sechellia_Drosophila_sechellia__betaTub85D__XP_002031904.1	310	310	310	295	GAT	0.0	0	below_threshold	high	0.062	False	user_msa
Drosophila_simulans_Drosophila_simulans__LOC6728793__XP_002104128.1	310	310	310	295	GAT	0.0	0	below_threshold	high	0.062	False	user_msa
Drosophila_subobscura_Drosophila_subobscura__LOC117897634__XP_034662499.1	310	310	310	295	GAT	0.0	0	below_threshold	high	0.062	False	user_msa
Drosophila_suzukii_Drosophila_suzukii__betaTub85D__XP_016937909.1	310	310	310	295	GAT	0.0	0	below_threshold	high	0.062	False	user_msa
Drosophila_virilis_Drosophila_virilis__betaTub85D__XP_002053003.1	310	310	310	295	GAT	0.0	0	below_threshold	high	0.062	False	user_msa
Drosophila_willistoni_Drosophila_willistoni__LOC6647585__XP_002070575.1	310	310	310	295	GAT	0.0	0	below_threshold	high	0.062	False	user_msa
Drosophila_yakuba_Drosophila_yakuba__LOC6536356__XP_002096938.1	310	310	310	295	GAT	0.0	0	below_threshold	high	0.062	False	user_msa
Drosophila_ananassae_Drosophila_ananassae__LOC6500548__XP_001953433.1	311	311	311	296	GCC	0.0	0	below_threshold	high	0.062	False	user_msa
Drosophila_biarmipes_Drosophila_biarmipes__LOC108032098__XP_016961415.1	311	311	311	296	GCC	0.0	0	below_threshold	high	0.062	False	user_msa
Drosophila_mauritiana_Drosophila_mauritiana__LOC117142441__XP_033162295.1	311	311	311	296	GCC	0.0	0	below_threshold	high	0.062	False	user_msa
Drosophila_melanogaster_Drosophila_melanogaster__betaTub85D__NP_524290.2	311	311	311	296	GCC	0.0	0	below_threshold	high	0.062	False	user_msa
Drosophila_pseudoobscura_Drosophila_pseudoobscura__betaTub85D__XP_001357842.1	311	311	311	296	GCC	0.0	0	below_threshold	high	0.062	False	user_msa
Drosophila_sechellia_Drosophila_sechellia__betaTub85D__XP_002031904.1	311	311	311	296	GCA	0.0	0	below_threshold	high	0.062	False	user_msa
Drosophila_simulans_Drosophila_simulans__LOC6728793__XP_002104128.1	311	311	311	296	GCC	0.0	0	below_threshold	high	0.062	False	user_msa
Drosophila_subobscura_Drosophila_subobscura__LOC117897634__XP_034662499.1	311	311	311	296	GCT	0.0	0	below_threshold	high	0.062	False	user_msa
Drosophila_suzukii_Drosophila_suzukii__betaTub85D__XP_016937909.1	311	311	311	296	GCC	0.0	0	below_threshold	high	0.062	False	user_msa
Drosophila_virilis_Drosophila_virilis__betaTub85D__XP_002053003.1	311	311	311	296	GCC	0.0	0	below_threshold	high	0.062	False	user_msa
Drosophila_willistoni_Drosophila_willistoni__LOC6647585__XP_002070575.1	311	311	311	296	GCC	0.0	0	below_threshold	high	0.062	False	user_msa
Drosophila_yakuba_Drosophila_yakuba__LOC6536356__XP_002096938.1	311	311	311	296	GCC	0.0	0	below_threshold	high	0.062	False	user_msa
Drosophila_ananassae_Drosophila_ananassae__LOC6500548__XP_001953433.1	312	312	312	297	AAG	0.0	0	below_threshold	high	0.062	False	user_msa
Drosophila_biarmipes_Drosophila_biarmipes__LOC108032098__XP_016961415.1	312	312	312	297	AAG	0.0	0	below_threshold	high	0.062	False	user_msa
Drosophila_mauritiana_Drosophila_mauritiana__LOC117142441__XP_033162295.1	312	312	312	297	AAG	0.0	0	below_threshold	high	0.062	False	user_msa
Drosophila_melanogaster_Drosophila_melanogaster__betaTub85D__NP_524290.2	312	312	312	297	AAG	0.0	0	below_threshold	high	0.062	False	user_msa
Drosophila_pseudoobscura_Drosophila_pseudoobscura__betaTub85D__XP_001357842.1	312	312	312	297	AAG	0.0	0	below_threshold	high	0.062	False	user_msa
Drosophila_sechellia_Drosophila_sechellia__betaTub85D__XP_002031904.1	312	312	312	297	AAA	0.0	0	below_threshold	high	0.062	False	user_msa
Drosophila_simulans_Drosophila_simulans__LOC6728793__XP_002104128.1	312	312	312	297	AAG	0.0	0	below_threshold	high	0.062	False	user_msa
Drosophila_subobscura_Drosophila_subobscura__LOC117897634__XP_034662499.1	312	312	312	297	AAG	0.0	0	below_threshold	high	0.062	False	user_msa
Drosophila_suzukii_Drosophila_suzukii__betaTub85D__XP_016937909.1	312	312	312	297	AAG	0.0	0	below_threshold	high	0.062	False	user_msa
Drosophila_virilis_Drosophila_virilis__betaTub85D__XP_002053003.1	312	312	312	297	AAG	0.0	0	below_threshold	high	0.062	False	user_msa
Drosophila_willistoni_Drosophila_willistoni__LOC6647585__XP_002070575.1	312	312	312	297	AAG	0.0	0	below_threshold	high	0.062	False	user_msa
Drosophila_yakuba_Drosophila_yakuba__LOC6536356__XP_002096938.1	312	312	312	297	AAG	0.0	0	below_threshold	high	0.062	False	user_msa
Drosophila_ananassae_Drosophila_ananassae__LOC6500548__XP_001953433.1	313	313	313	298	AAC	0.0	0	below_threshold	high	0.062	False	user_msa
Drosophila_biarmipes_Drosophila_biarmipes__LOC108032098__XP_016961415.1	313	313	313	298	AAC	0.0	0	below_threshold	high	0.062	False	user_msa
Drosophila_mauritiana_Drosophila_mauritiana__LOC117142441__XP_033162295.1	313	313	313	298	AAC	0.0	0	below_threshold	high	0.062	False	user_msa
Drosophila_melanogaster_Drosophila_melanogaster__betaTub85D__NP_524290.2	313	313	313	298	AAC	0.0	0	below_threshold	high	0.062	False	user_msa
Drosophila_pseudoobscura_Drosophila_pseudoobscura__betaTub85D__XP_001357842.1	313	313	313	298	AAC	0.0	0	below_threshold	high	0.062	False	user_msa
Drosophila_sechellia_Drosophila_sechellia__betaTub85D__XP_002031904.1	313	313	313	298	AAC	0.0	0	below_threshold	high	0.062	False	user_msa
Drosophila_simulans_Drosophila_simulans__LOC6728793__XP_002104128.1	313	313	313	298	AAC	0.0	0	below_threshold	high	0.062	False	user_msa
Drosophila_subobscura_Drosophila_subobscura__LOC117897634__XP_034662499.1	313	313	313	298	AAC	0.0	0	below_threshold	high	0.062	False	user_msa
Drosophila_suzukii_Drosophila_suzukii__betaTub85D__XP_016937909.1	313	313	313	298	AAC	0.0	0	below_threshold	high	0.062	False	user_msa
Drosophila_virilis_Drosophila_virilis__betaTub85D__XP_002053003.1	313	313	313	298	AAC	0.0	0	below_threshold	high	0.062	False	user_msa
Drosophila_willistoni_Drosophila_willistoni__LOC6647585__XP_002070575.1	313	313	313	298	AAC	0.0	0	below_threshold	high	0.062	False	user_msa
Drosophila_yakuba_Drosophila_yakuba__LOC6536356__XP_002096938.1	313	313	313	298	AAC	0.0	0	below_threshold	high	0.062	False	user_msa
Drosophila_ananassae_Drosophila_ananassae__LOC6500548__XP_001953433.1	314	314	314	299	ATG	0.0	0	below_threshold	high	0.062	False	user_msa
Drosophila_biarmipes_Drosophila_biarmipes__LOC108032098__XP_016961415.1	314	314	314	299	ATG	0.0	0	below_threshold	high	0.062	False	user_msa
Drosophila_mauritiana_Drosophila_mauritiana__LOC117142441__XP_033162295.1	314	314	314	299	ATG	0.0	0	below_threshold	high	0.062	False	user_msa
Drosophila_melanogaster_Drosophila_melanogaster__betaTub85D__NP_524290.2	314	314	314	299	ATG	0.0	0	below_threshold	high	0.062	False	user_msa
Drosophila_pseudoobscura_Drosophila_pseudoobscura__betaTub85D__XP_001357842.1	314	314	314	299	ATG	0.0	0	below_threshold	high	0.062	False	user_msa
Drosophila_sechellia_Drosophila_sechellia__betaTub85D__XP_002031904.1	314	314	314	299	ATG	0.0	0	below_threshold	high	0.062	False	user_msa
Drosophila_simulans_Drosophila_simulans__LOC6728793__XP_002104128.1	314	314	314	299	ATG	0.0	0	below_threshold	high	0.062	False	user_msa
Drosophila_subobscura_Drosophila_subobscura__LOC117897634__XP_034662499.1	314	314	314	299	ATG	0.0	0	below_threshold	high	0.062	False	user_msa
Drosophila_suzukii_Drosophila_suzukii__betaTub85D__XP_016937909.1	314	314	314	299	ATG	0.0	0	below_threshold	high	0.062	False	user_msa
Drosophila_virilis_Drosophila_virilis__betaTub85D__XP_002053003.1	314	314	314	299	ATG	0.0	0	below_threshold	high	0.062	False	user_msa
Drosophila_willistoni_Drosophila_willistoni__LOC6647585__XP_002070575.1	314	314	314	299	ATG	0.0	0	below_threshold	high	0.062	False	user_msa
Drosophila_yakuba_Drosophila_yakuba__LOC6536356__XP_002096938.1	314	314	314	299	ATG	0.0	0	below_threshold	high	0.062	False	user_msa
Drosophila_ananassae_Drosophila_ananassae__LOC6500548__XP_001953433.1	315	315	315	300	ATG	0.0	0	below_threshold	high	0.062	False	user_msa
Drosophila_biarmipes_Drosophila_biarmipes__LOC108032098__XP_016961415.1	315	315	315	300	ATG	0.0	0	below_threshold	high	0.062	False	user_msa
Drosophila_mauritiana_Drosophila_mauritiana__LOC117142441__XP_033162295.1	315	315	315	300	ATG	0.0	0	below_threshold	high	0.062	False	user_msa
Drosophila_melanogaster_Drosophila_melanogaster__betaTub85D__NP_524290.2	315	315	315	300	ATG	0.0	0	below_threshold	high	0.062	False	user_msa
Drosophila_pseudoobscura_Drosophila_pseudoobscura__betaTub85D__XP_001357842.1	315	315	315	300	ATG	0.0	0	below_threshold	high	0.062	False	user_msa
Drosophila_sechellia_Drosophila_sechellia__betaTub85D__XP_002031904.1	315	315	315	300	ATG	0.0	0	below_threshold	high	0.062	False	user_msa
Drosophila_simulans_Drosophila_simulans__LOC6728793__XP_002104128.1	315	315	315	300	ATG	0.0	0	below_threshold	high	0.062	False	user_msa
Drosophila_subobscura_Drosophila_subobscura__LOC117897634__XP_034662499.1	315	315	315	300	ATG	0.0	0	below_threshold	high	0.062	False	user_msa
Drosophila_suzukii_Drosophila_suzukii__betaTub85D__XP_016937909.1	315	315	315	300	ATG	0.0	0	below_threshold	high	0.062	False	user_msa
Drosophila_virilis_Drosophila_virilis__betaTub85D__XP_002053003.1	315	315	315	300	ATG	0.0	0	below_threshold	high	0.062	False	user_msa
Drosophila_willistoni_Drosophila_willistoni__LOC6647585__XP_002070575.1	315	315	315	300	ATG	0.0	0	below_threshold	high	0.062	False	user_msa
Drosophila_yakuba_Drosophila_yakuba__LOC6536356__XP_002096938.1	315	315	315	300	ATG	0.0	0	below_threshold	high	0.062	False	user_msa
Drosophila_ananassae_Drosophila_ananassae__LOC6500548__XP_001953433.1	316	316	316	301	GCC	0.0	0	below_threshold	high	0.062	False	user_msa
Drosophila_biarmipes_Drosophila_biarmipes__LOC108032098__XP_016961415.1	316	316	316	301	GCT	0.0	0	below_threshold	high	0.062	False	user_msa
Drosophila_mauritiana_Drosophila_mauritiana__LOC117142441__XP_033162295.1	316	316	316	301	GCT	0.0	0	below_threshold	high	0.062	False	user_msa
Drosophila_melanogaster_Drosophila_melanogaster__betaTub85D__NP_524290.2	316	316	316	301	GCT	0.0	0	below_threshold	high	0.062	False	user_msa
Drosophila_pseudoobscura_Drosophila_pseudoobscura__betaTub85D__XP_001357842.1	316	316	316	301	GCT	0.0	0	below_threshold	high	0.062	False	user_msa
Drosophila_sechellia_Drosophila_sechellia__betaTub85D__XP_002031904.1	316	316	316	301	GCT	0.0	0	below_threshold	high	0.062	False	user_msa
Drosophila_simulans_Drosophila_simulans__LOC6728793__XP_002104128.1	316	316	316	301	GCT	0.0	0	below_threshold	high	0.062	False	user_msa
Drosophila_subobscura_Drosophila_subobscura__LOC117897634__XP_034662499.1	316	316	316	301	GCC	0.0	0	below_threshold	high	0.062	False	user_msa
Drosophila_suzukii_Drosophila_suzukii__betaTub85D__XP_016937909.1	316	316	316	301	GCT	0.0	0	below_threshold	high	0.062	False	user_msa
Drosophila_virilis_Drosophila_virilis__betaTub85D__XP_002053003.1	316	316	316	301	GCT	0.0	0	below_threshold	high	0.062	False	user_msa
Drosophila_willistoni_Drosophila_willistoni__LOC6647585__XP_002070575.1	316	316	316	301	GCC	0.0	0	below_threshold	high	0.062	False	user_msa
Drosophila_yakuba_Drosophila_yakuba__LOC6536356__XP_002096938.1	316	316	316	301	GCC	0.0	0	below_threshold	high	0.062	False	user_msa
Drosophila_ananassae_Drosophila_ananassae__LOC6500548__XP_001953433.1	317	317	317	302	GCC	0.0	0	below_threshold	high	0.062	False	user_msa
Drosophila_biarmipes_Drosophila_biarmipes__LOC108032098__XP_016961415.1	317	317	317	302	GCC	0.0	0	below_threshold	high	0.062	False	user_msa
Drosophila_mauritiana_Drosophila_mauritiana__LOC117142441__XP_033162295.1	317	317	317	302	GCG	0.0	0	below_threshold	high	0.062	False	user_msa
Drosophila_melanogaster_Drosophila_melanogaster__betaTub85D__NP_524290.2	317	317	317	302	GCG	0.0	0	below_threshold	high	0.062	False	user_msa
Drosophila_pseudoobscura_Drosophila_pseudoobscura__betaTub85D__XP_001357842.1	317	317	317	302	GCC	0.0	0	below_threshold	high	0.062	False	user_msa
Drosophila_sechellia_Drosophila_sechellia__betaTub85D__XP_002031904.1	317	317	317	302	GCG	0.0	0	below_threshold	high	0.062	False	user_msa
Drosophila_simulans_Drosophila_simulans__LOC6728793__XP_002104128.1	317	317	317	302	GCG	0.0	0	below_threshold	high	0.062	False	user_msa
Drosophila_subobscura_Drosophila_subobscura__LOC117897634__XP_034662499.1	317	317	317	302	GCC	0.0	0	below_threshold	high	0.062	False	user_msa
Drosophila_suzukii_Drosophila_suzukii__betaTub85D__XP_016937909.1	317	317	317	302	GCC	0.0	0	below_threshold	high	0.062	False	user_msa
Drosophila_virilis_Drosophila_virilis__betaTub85D__XP_002053003.1	317	317	317	302	GCC	0.0	0	below_threshold	high	0.062	False	user_msa
Drosophila_willistoni_Drosophila_willistoni__LOC6647585__XP_002070575.1	317	317	317	302	GCC	0.0	0	below_threshold	high	0.062	False	user_msa
Drosophila_yakuba_Drosophila_yakuba__LOC6536356__XP_002096938.1	317	317	317	302	GCC	0.0	0	below_threshold	high	0.062	False	user_msa
Drosophila_ananassae_Drosophila_ananassae__LOC6500548__XP_001953433.1	318	318	318	303	TGT	0.0	0	below_threshold	high	0.062	False	user_msa
Drosophila_biarmipes_Drosophila_biarmipes__LOC108032098__XP_016961415.1	318	318	318	303	TGC	0.0	0	below_threshold	high	0.062	False	user_msa
Drosophila_mauritiana_Drosophila_mauritiana__LOC117142441__XP_033162295.1	318	318	318	303	TGC	0.0	0	below_threshold	high	0.062	False	user_msa
Drosophila_melanogaster_Drosophila_melanogaster__betaTub85D__NP_524290.2	318	318	318	303	TGC	0.0	0	below_threshold	high	0.062	False	user_msa
Drosophila_pseudoobscura_Drosophila_pseudoobscura__betaTub85D__XP_001357842.1	318	318	318	303	TGC	0.0	0	below_threshold	high	0.062	False	user_msa
Drosophila_sechellia_Drosophila_sechellia__betaTub85D__XP_002031904.1	318	318	318	303	TGC	0.0	0	below_threshold	high	0.062	False	user_msa
Drosophila_simulans_Drosophila_simulans__LOC6728793__XP_002104128.1	318	318	318	303	TGC	0.0	0	below_threshold	high	0.062	False	user_msa
Drosophila_subobscura_Drosophila_subobscura__LOC117897634__XP_034662499.1	318	318	318	303	TGC	0.0	0	below_threshold	high	0.062	False	user_msa
Drosophila_suzukii_Drosophila_suzukii__betaTub85D__XP_016937909.1	318	318	318	303	TGT	0.0	0	below_threshold	high	0.062	False	user_msa
Drosophila_virilis_Drosophila_virilis__betaTub85D__XP_002053003.1	318	318	318	303	TGT	0.0	0	below_threshold	high	0.062	False	user_msa
Drosophila_willistoni_Drosophila_willistoni__LOC6647585__XP_002070575.1	318	318	318	303	TGT	0.0	0	below_threshold	high	0.062	False	user_msa
Drosophila_yakuba_Drosophila_yakuba__LOC6536356__XP_002096938.1	318	318	318	303	TGC	0.0	0	below_threshold	high	0.062	False	user_msa
Drosophila_ananassae_Drosophila_ananassae__LOC6500548__XP_001953433.1	319	319	319	304	GAC	0.0	0	below_threshold	high	0.062	False	user_msa
Drosophila_biarmipes_Drosophila_biarmipes__LOC108032098__XP_016961415.1	319	319	319	304	GAT	0.0	0	below_threshold	high	0.062	False	user_msa
Drosophila_mauritiana_Drosophila_mauritiana__LOC117142441__XP_033162295.1	319	319	319	304	GAT	0.0	0	below_threshold	high	0.062	False	user_msa
Drosophila_melanogaster_Drosophila_melanogaster__betaTub85D__NP_524290.2	319	319	319	304	GAT	0.0	0	below_threshold	high	0.062	False	user_msa
Drosophila_pseudoobscura_Drosophila_pseudoobscura__betaTub85D__XP_001357842.1	319	319	319	304	GAT	0.0	0	below_threshold	high	0.062	False	user_msa
Drosophila_sechellia_Drosophila_sechellia__betaTub85D__XP_002031904.1	319	319	319	304	GAT	0.0	0	below_threshold	high	0.062	False	user_msa
Drosophila_simulans_Drosophila_simulans__LOC6728793__XP_002104128.1	319	319	319	304	GAT	0.0	0	below_threshold	high	0.062	False	user_msa
Drosophila_subobscura_Drosophila_subobscura__LOC117897634__XP_034662499.1	319	319	319	304	GAT	0.0	0	below_threshold	high	0.062	False	user_msa
Drosophila_suzukii_Drosophila_suzukii__betaTub85D__XP_016937909.1	319	319	319	304	GAT	0.0	0	below_threshold	high	0.062	False	user_msa
Drosophila_virilis_Drosophila_virilis__betaTub85D__XP_002053003.1	319	319	319	304	GAT	0.0	0	below_threshold	high	0.062	False	user_msa
Drosophila_willistoni_Drosophila_willistoni__LOC6647585__XP_002070575.1	319	319	319	304	GAT	0.0	0	below_threshold	high	0.062	False	user_msa
Drosophila_yakuba_Drosophila_yakuba__LOC6536356__XP_002096938.1	319	319	319	304	GAT	0.0	0	below_threshold	high	0.062	False	user_msa
Drosophila_ananassae_Drosophila_ananassae__LOC6500548__XP_001953433.1	320	320	320	305	CCC	0.0	0	below_threshold	high	0.062	False	user_msa
Drosophila_biarmipes_Drosophila_biarmipes__LOC108032098__XP_016961415.1	320	320	320	305	CCG	0.0	0	below_threshold	high	0.062	False	user_msa
Drosophila_mauritiana_Drosophila_mauritiana__LOC117142441__XP_033162295.1	320	320	320	305	CCG	0.0	0	below_threshold	high	0.062	False	user_msa
Drosophila_melanogaster_Drosophila_melanogaster__betaTub85D__NP_524290.2	320	320	320	305	CCG	0.0	0	below_threshold	high	0.062	False	user_msa
Drosophila_pseudoobscura_Drosophila_pseudoobscura__betaTub85D__XP_001357842.1	320	320	320	305	CCG	0.0	0	below_threshold	high	0.062	False	user_msa
Drosophila_sechellia_Drosophila_sechellia__betaTub85D__XP_002031904.1	320	320	320	305	CCG	0.0	0	below_threshold	high	0.062	False	user_msa
Drosophila_simulans_Drosophila_simulans__LOC6728793__XP_002104128.1	320	320	320	305	CCG	0.0	0	below_threshold	high	0.062	False	user_msa
Drosophila_subobscura_Drosophila_subobscura__LOC117897634__XP_034662499.1	320	320	320	305	CCG	0.0	0	below_threshold	high	0.062	False	user_msa
Drosophila_suzukii_Drosophila_suzukii__betaTub85D__XP_016937909.1	320	320	320	305	CCG	0.0	0	below_threshold	high	0.062	False	user_msa
Drosophila_virilis_Drosophila_virilis__betaTub85D__XP_002053003.1	320	320	320	305	CCA	0.0	0	below_threshold	high	0.062	False	user_msa
Drosophila_willistoni_Drosophila_willistoni__LOC6647585__XP_002070575.1	320	320	320	305	CCC	0.0	0	below_threshold	high	0.062	False	user_msa
Drosophila_yakuba_Drosophila_yakuba__LOC6536356__XP_002096938.1	320	320	320	305	CCG	0.0	0	below_threshold	high	0.062	False	user_msa
Drosophila_ananassae_Drosophila_ananassae__LOC6500548__XP_001953433.1	321	321	321	306	CGT	0.0	0	below_threshold	high	0.062	False	user_msa
Drosophila_biarmipes_Drosophila_biarmipes__LOC108032098__XP_016961415.1	321	321	321	306	CGT	0.0	0	below_threshold	high	0.062	False	user_msa
Drosophila_mauritiana_Drosophila_mauritiana__LOC117142441__XP_033162295.1	321	321	321	306	CGA	0.0	0	below_threshold	high	0.062	False	user_msa
Drosophila_melanogaster_Drosophila_melanogaster__betaTub85D__NP_524290.2	321	321	321	306	CGA	0.0	0	below_threshold	high	0.062	False	user_msa
Drosophila_pseudoobscura_Drosophila_pseudoobscura__betaTub85D__XP_001357842.1	321	321	321	306	CGT	0.0	0	below_threshold	high	0.062	False	user_msa
Drosophila_sechellia_Drosophila_sechellia__betaTub85D__XP_002031904.1	321	321	321	306	CGA	0.0	0	below_threshold	high	0.062	False	user_msa
Drosophila_simulans_Drosophila_simulans__LOC6728793__XP_002104128.1	321	321	321	306	CGA	0.0	0	below_threshold	high	0.062	False	user_msa
Drosophila_subobscura_Drosophila_subobscura__LOC117897634__XP_034662499.1	321	321	321	306	CGT	0.0	0	below_threshold	high	0.062	False	user_msa
Drosophila_suzukii_Drosophila_suzukii__betaTub85D__XP_016937909.1	321	321	321	306	CGT	0.0	0	below_threshold	high	0.062	False	user_msa
Drosophila_virilis_Drosophila_virilis__betaTub85D__XP_002053003.1	321	321	321	306	CGG	0.0	0	below_threshold	high	0.062	False	user_msa
Drosophila_willistoni_Drosophila_willistoni__LOC6647585__XP_002070575.1	321	321	321	306	CGC	0.0	0	below_threshold	high	0.062	False	user_msa
Drosophila_yakuba_Drosophila_yakuba__LOC6536356__XP_002096938.1	321	321	321	306	CGA	0.0	0	below_threshold	high	0.062	False	user_msa
Drosophila_ananassae_Drosophila_ananassae__LOC6500548__XP_001953433.1	322	322	322	307	CAC	0.0	0	below_threshold	high	0.062	False	user_msa
Drosophila_biarmipes_Drosophila_biarmipes__LOC108032098__XP_016961415.1	322	322	322	307	CAT	0.0	0	below_threshold	high	0.062	False	user_msa
Drosophila_mauritiana_Drosophila_mauritiana__LOC117142441__XP_033162295.1	322	322	322	307	CAT	0.0	0	below_threshold	high	0.062	False	user_msa
Drosophila_melanogaster_Drosophila_melanogaster__betaTub85D__NP_524290.2	322	322	322	307	CAT	0.0	0	below_threshold	high	0.062	False	user_msa
Drosophila_pseudoobscura_Drosophila_pseudoobscura__betaTub85D__XP_001357842.1	322	322	322	307	CAC	0.0	0	below_threshold	high	0.062	False	user_msa
Drosophila_sechellia_Drosophila_sechellia__betaTub85D__XP_002031904.1	322	322	322	307	CAT	0.0	0	below_threshold	high	0.062	False	user_msa
Drosophila_simulans_Drosophila_simulans__LOC6728793__XP_002104128.1	322	322	322	307	CAT	0.0	0	below_threshold	high	0.062	False	user_msa
Drosophila_subobscura_Drosophila_subobscura__LOC117897634__XP_034662499.1	322	322	322	307	CAC	0.0	0	below_threshold	high	0.062	False	user_msa
Drosophila_suzukii_Drosophila_suzukii__betaTub85D__XP_016937909.1	322	322	322	307	CAT	0.0	0	below_threshold	high	0.062	False	user_msa
Drosophila_virilis_Drosophila_virilis__betaTub85D__XP_002053003.1	322	322	322	307	CAT	0.0	0	below_threshold	high	0.062	False	user_msa
Drosophila_willistoni_Drosophila_willistoni__LOC6647585__XP_002070575.1	322	322	322	307	CAT	0.0	0	below_threshold	high	0.062	False	user_msa
Drosophila_yakuba_Drosophila_yakuba__LOC6536356__XP_002096938.1	322	322	322	307	CAT	0.0	0	below_threshold	high	0.062	False	user_msa
Drosophila_ananassae_Drosophila_ananassae__LOC6500548__XP_001953433.1	323	323	323	308	GGC	0.0	0	below_threshold	high	0.062	False	user_msa
Drosophila_biarmipes_Drosophila_biarmipes__LOC108032098__XP_016961415.1	323	323	323	308	GGT	0.0	0	below_threshold	high	0.062	False	user_msa
Drosophila_mauritiana_Drosophila_mauritiana__LOC117142441__XP_033162295.1	323	323	323	308	GGT	0.0	0	below_threshold	high	0.062	False	user_msa
Drosophila_melanogaster_Drosophila_melanogaster__betaTub85D__NP_524290.2	323	323	323	308	GGT	0.0	0	below_threshold	high	0.062	False	user_msa
Drosophila_pseudoobscura_Drosophila_pseudoobscura__betaTub85D__XP_001357842.1	323	323	323	308	GGT	0.0	0	below_threshold	high	0.062	False	user_msa
Drosophila_sechellia_Drosophila_sechellia__betaTub85D__XP_002031904.1	323	323	323	308	GGT	0.0	0	below_threshold	high	0.062	False	user_msa
Drosophila_simulans_Drosophila_simulans__LOC6728793__XP_002104128.1	323	323	323	308	GGT	0.0	0	below_threshold	high	0.062	False	user_msa
Drosophila_subobscura_Drosophila_subobscura__LOC117897634__XP_034662499.1	323	323	323	308	GGT	0.0	0	below_threshold	high	0.062	False	user_msa
Drosophila_suzukii_Drosophila_suzukii__betaTub85D__XP_016937909.1	323	323	323	308	GGT	0.0	0	below_threshold	high	0.062	False	user_msa
Drosophila_virilis_Drosophila_virilis__betaTub85D__XP_002053003.1	323	323	323	308	GGT	0.0	0	below_threshold	high	0.062	False	user_msa
Drosophila_willistoni_Drosophila_willistoni__LOC6647585__XP_002070575.1	323	323	323	308	GGA	0.0	0	below_threshold	high	0.062	False	user_msa
Drosophila_yakuba_Drosophila_yakuba__LOC6536356__XP_002096938.1	323	323	323	308	GGT	0.0	0	below_threshold	high	0.062	False	user_msa
Drosophila_ananassae_Drosophila_ananassae__LOC6500548__XP_001953433.1	324	324	324	309	CGT	0.0	0	below_threshold	high	0.062	False	user_msa
Drosophila_biarmipes_Drosophila_biarmipes__LOC108032098__XP_016961415.1	324	324	324	309	CGC	0.0	0	below_threshold	high	0.062	False	user_msa
Drosophila_mauritiana_Drosophila_mauritiana__LOC117142441__XP_033162295.1	324	324	324	309	CGC	0.0	0	below_threshold	high	0.062	False	user_msa
Drosophila_melanogaster_Drosophila_melanogaster__betaTub85D__NP_524290.2	324	324	324	309	CGC	0.0	0	below_threshold	high	0.062	False	user_msa
Drosophila_pseudoobscura_Drosophila_pseudoobscura__betaTub85D__XP_001357842.1	324	324	324	309	CGC	0.0	0	below_threshold	high	0.062	False	user_msa
Drosophila_sechellia_Drosophila_sechellia__betaTub85D__XP_002031904.1	324	324	324	309	CGC	0.0	0	below_threshold	high	0.062	False	user_msa
Drosophila_simulans_Drosophila_simulans__LOC6728793__XP_002104128.1	324	324	324	309	CGC	0.0	0	below_threshold	high	0.062	False	user_msa
Drosophila_subobscura_Drosophila_subobscura__LOC117897634__XP_034662499.1	324	324	324	309	CGC	0.0	0	below_threshold	high	0.062	False	user_msa
Drosophila_suzukii_Drosophila_suzukii__betaTub85D__XP_016937909.1	324	324	324	309	CGC	0.0	0	below_threshold	high	0.062	False	user_msa
Drosophila_virilis_Drosophila_virilis__betaTub85D__XP_002053003.1	324	324	324	309	CGC	0.0	0	below_threshold	high	0.062	False	user_msa
Drosophila_willistoni_Drosophila_willistoni__LOC6647585__XP_002070575.1	324	324	324	309	CGT	0.0	0	below_threshold	high	0.062	False	user_msa
Drosophila_yakuba_Drosophila_yakuba__LOC6536356__XP_002096938.1	324	324	324	309	CGC	0.0	0	below_threshold	high	0.062	False	user_msa
Drosophila_ananassae_Drosophila_ananassae__LOC6500548__XP_001953433.1	325	325	325	310	TAC	0.0	0	below_threshold	high	0.062	False	user_msa
Drosophila_biarmipes_Drosophila_biarmipes__LOC108032098__XP_016961415.1	325	325	325	310	TAC	0.0	0	below_threshold	high	0.062	False	user_msa
Drosophila_mauritiana_Drosophila_mauritiana__LOC117142441__XP_033162295.1	325	325	325	310	TAC	0.0	0	below_threshold	high	0.062	False	user_msa
Drosophila_melanogaster_Drosophila_melanogaster__betaTub85D__NP_524290.2	325	325	325	310	TAT	0.0	0	below_threshold	high	0.062	False	user_msa
Drosophila_pseudoobscura_Drosophila_pseudoobscura__betaTub85D__XP_001357842.1	325	325	325	310	TAC	0.0	0	below_threshold	high	0.062	False	user_msa
Drosophila_sechellia_Drosophila_sechellia__betaTub85D__XP_002031904.1	325	325	325	310	TAC	0.0	0	below_threshold	high	0.062	False	user_msa
Drosophila_simulans_Drosophila_simulans__LOC6728793__XP_002104128.1	325	325	325	310	TAC	0.0	0	below_threshold	high	0.062	False	user_msa
Drosophila_subobscura_Drosophila_subobscura__LOC117897634__XP_034662499.1	325	325	325	310	TAC	0.0	0	below_threshold	high	0.062	False	user_msa
Drosophila_suzukii_Drosophila_suzukii__betaTub85D__XP_016937909.1	325	325	325	310	TAC	0.0	0	below_threshold	high	0.062	False	user_msa
Drosophila_virilis_Drosophila_virilis__betaTub85D__XP_002053003.1	325	325	325	310	TAC	0.0	0	below_threshold	high	0.062	False	user_msa
Drosophila_willistoni_Drosophila_willistoni__LOC6647585__XP_002070575.1	325	325	325	310	TAT	0.0	0	below_threshold	high	0.062	False	user_msa
Drosophila_yakuba_Drosophila_yakuba__LOC6536356__XP_002096938.1	325	325	325	310	TAC	0.0	0	below_threshold	high	0.062	False	user_msa
Drosophila_ananassae_Drosophila_ananassae__LOC6500548__XP_001953433.1	326	326	326	311	CTA	0.0	0	below_threshold	high	0.062	False	user_msa
Drosophila_biarmipes_Drosophila_biarmipes__LOC108032098__XP_016961415.1	326	326	326	311	CTA	0.0	0	below_threshold	high	0.062	False	user_msa
Drosophila_mauritiana_Drosophila_mauritiana__LOC117142441__XP_033162295.1	326	326	326	311	CTG	0.0	0	below_threshold	high	0.062	False	user_msa
Drosophila_melanogaster_Drosophila_melanogaster__betaTub85D__NP_524290.2	326	326	326	311	CTG	0.0	0	below_threshold	high	0.062	False	user_msa
Drosophila_pseudoobscura_Drosophila_pseudoobscura__betaTub85D__XP_001357842.1	326	326	326	311	CTG	0.0	0	below_threshold	high	0.062	False	user_msa
Drosophila_sechellia_Drosophila_sechellia__betaTub85D__XP_002031904.1	326	326	326	311	CTG	0.0	0	below_threshold	high	0.062	False	user_msa
Drosophila_simulans_Drosophila_simulans__LOC6728793__XP_002104128.1	326	326	326	311	CTG	0.0	0	below_threshold	high	0.062	False	user_msa
Drosophila_subobscura_Drosophila_subobscura__LOC117897634__XP_034662499.1	326	326	326	311	CTG	0.0	0	below_threshold	high	0.062	False	user_msa
Drosophila_suzukii_Drosophila_suzukii__betaTub85D__XP_016937909.1	326	326	326	311	CTA	0.0	0	below_threshold	high	0.062	False	user_msa
Drosophila_virilis_Drosophila_virilis__betaTub85D__XP_002053003.1	326	326	326	311	TTA	0.0	0	below_threshold	high	0.062	False	user_msa
Drosophila_willistoni_Drosophila_willistoni__LOC6647585__XP_002070575.1	326	326	326	311	CTG	0.0	0	below_threshold	high	0.062	False	user_msa
Drosophila_yakuba_Drosophila_yakuba__LOC6536356__XP_002096938.1	326	326	326	311	CTG	0.0	0	below_threshold	high	0.062	False	user_msa
Drosophila_ananassae_Drosophila_ananassae__LOC6500548__XP_001953433.1	327	327	327	312	ACC	0.0	0	below_threshold	high	0.062	False	user_msa
Drosophila_biarmipes_Drosophila_biarmipes__LOC108032098__XP_016961415.1	327	327	327	312	ACC	0.0	0	below_threshold	high	0.062	False	user_msa
Drosophila_mauritiana_Drosophila_mauritiana__LOC117142441__XP_033162295.1	327	327	327	312	ACC	0.0	0	below_threshold	high	0.062	False	user_msa
Drosophila_melanogaster_Drosophila_melanogaster__betaTub85D__NP_524290.2	327	327	327	312	ACC	0.0	0	below_threshold	high	0.062	False	user_msa
Drosophila_pseudoobscura_Drosophila_pseudoobscura__betaTub85D__XP_001357842.1	327	327	327	312	ACA	0.0	0	below_threshold	high	0.062	False	user_msa
Drosophila_sechellia_Drosophila_sechellia__betaTub85D__XP_002031904.1	327	327	327	312	ACC	0.0	0	below_threshold	high	0.062	False	user_msa
Drosophila_simulans_Drosophila_simulans__LOC6728793__XP_002104128.1	327	327	327	312	ACC	0.0	0	below_threshold	high	0.062	False	user_msa
Drosophila_subobscura_Drosophila_subobscura__LOC117897634__XP_034662499.1	327	327	327	312	ACA	0.0	0	below_threshold	high	0.062	False	user_msa
Drosophila_suzukii_Drosophila_suzukii__betaTub85D__XP_016937909.1	327	327	327	312	ACC	0.0	0	below_threshold	high	0.062	False	user_msa
Drosophila_virilis_Drosophila_virilis__betaTub85D__XP_002053003.1	327	327	327	312	ACC	0.0	0	below_threshold	high	0.062	False	user_msa
Drosophila_willistoni_Drosophila_willistoni__LOC6647585__XP_002070575.1	327	327	327	312	ACA	0.0	0	below_threshold	high	0.062	False	user_msa
Drosophila_yakuba_Drosophila_yakuba__LOC6536356__XP_002096938.1	327	327	327	312	ACC	0.0	0	below_threshold	high	0.062	False	user_msa
Drosophila_ananassae_Drosophila_ananassae__LOC6500548__XP_001953433.1	328	328	328	313	GTA	0.0	0	below_threshold	high	0.062	False	user_msa
Drosophila_biarmipes_Drosophila_biarmipes__LOC108032098__XP_016961415.1	328	328	328	313	GTC	0.0	0	below_threshold	high	0.062	False	user_msa
Drosophila_mauritiana_Drosophila_mauritiana__LOC117142441__XP_033162295.1	328	328	328	313	GTA	0.0	0	below_threshold	high	0.062	False	user_msa
Drosophila_melanogaster_Drosophila_melanogaster__betaTub85D__NP_524290.2	328	328	328	313	GTC	0.0	0	below_threshold	high	0.062	False	user_msa
Drosophila_pseudoobscura_Drosophila_pseudoobscura__betaTub85D__XP_001357842.1	328	328	328	313	GTG	0.0	0	below_threshold	high	0.062	False	user_msa
Drosophila_sechellia_Drosophila_sechellia__betaTub85D__XP_002031904.1	328	328	328	313	GTC	0.0	0	below_threshold	high	0.062	False	user_msa
Drosophila_simulans_Drosophila_simulans__LOC6728793__XP_002104128.1	328	328	328	313	GTC	0.0	0	below_threshold	high	0.062	False	user_msa
Drosophila_subobscura_Drosophila_subobscura__LOC117897634__XP_034662499.1	328	328	328	313	GTG	0.0	0	below_threshold	high	0.062	False	user_msa
Drosophila_suzukii_Drosophila_suzukii__betaTub85D__XP_016937909.1	328	328	328	313	GTT	0.0	0	below_threshold	high	0.062	False	user_msa
Drosophila_virilis_Drosophila_virilis__betaTub85D__XP_002053003.1	328	328	328	313	GTG	0.0	0	below_threshold	high	0.062	False	user_msa
Drosophila_willistoni_Drosophila_willistoni__LOC6647585__XP_002070575.1	328	328	328	313	GTT	0.0	0	below_threshold	high	0.062	False	user_msa
Drosophila_yakuba_Drosophila_yakuba__LOC6536356__XP_002096938.1	328	328	328	313	GTC	0.0	0	below_threshold	high	0.062	False	user_msa
Drosophila_ananassae_Drosophila_ananassae__LOC6500548__XP_001953433.1	329	329	329	314	GCC	0.0	0	below_threshold	high	0.062	False	user_msa
Drosophila_biarmipes_Drosophila_biarmipes__LOC108032098__XP_016961415.1	329	329	329	314	GCC	0.0	0	below_threshold	high	0.062	False	user_msa
Drosophila_mauritiana_Drosophila_mauritiana__LOC117142441__XP_033162295.1	329	329	329	314	GCC	0.0	0	below_threshold	high	0.062	False	user_msa
Drosophila_melanogaster_Drosophila_melanogaster__betaTub85D__NP_524290.2	329	329	329	314	GCC	0.0	0	below_threshold	high	0.062	False	user_msa
Drosophila_pseudoobscura_Drosophila_pseudoobscura__betaTub85D__XP_001357842.1	329	329	329	314	GCC	0.0	0	below_threshold	high	0.062	False	user_msa
Drosophila_sechellia_Drosophila_sechellia__betaTub85D__XP_002031904.1	329	329	329	314	GCC	0.0	0	below_threshold	high	0.062	False	user_msa
Drosophila_simulans_Drosophila_simulans__LOC6728793__XP_002104128.1	329	329	329	314	GCC	0.0	0	below_threshold	high	0.062	False	user_msa
Drosophila_subobscura_Drosophila_subobscura__LOC117897634__XP_034662499.1	329	329	329	314	GCC	0.0	0	below_threshold	high	0.062	False	user_msa
Drosophila_suzukii_Drosophila_suzukii__betaTub85D__XP_016937909.1	329	329	329	314	GCT	0.0	0	below_threshold	high	0.062	False	user_msa
Drosophila_virilis_Drosophila_virilis__betaTub85D__XP_002053003.1	329	329	329	314	GCG	0.0	0	below_threshold	high	0.062	False	user_msa
Drosophila_willistoni_Drosophila_willistoni__LOC6647585__XP_002070575.1	329	329	329	314	GCC	0.0	0	below_threshold	high	0.062	False	user_msa
Drosophila_yakuba_Drosophila_yakuba__LOC6536356__XP_002096938.1	329	329	329	314	GCC	0.0	0	below_threshold	high	0.062	False	user_msa
Drosophila_ananassae_Drosophila_ananassae__LOC6500548__XP_001953433.1	330	330	330	315	GCC	0.0	0	below_threshold	high	0.062	False	user_msa
Drosophila_biarmipes_Drosophila_biarmipes__LOC108032098__XP_016961415.1	330	330	330	315	GCC	0.0	0	below_threshold	high	0.062	False	user_msa
Drosophila_mauritiana_Drosophila_mauritiana__LOC117142441__XP_033162295.1	330	330	330	315	GCC	0.0	0	below_threshold	high	0.062	False	user_msa
Drosophila_melanogaster_Drosophila_melanogaster__betaTub85D__NP_524290.2	330	330	330	315	GCC	0.0	0	below_threshold	high	0.062	False	user_msa
Drosophila_pseudoobscura_Drosophila_pseudoobscura__betaTub85D__XP_001357842.1	330	330	330	315	GCC	0.0	0	below_threshold	high	0.062	False	user_msa
Drosophila_sechellia_Drosophila_sechellia__betaTub85D__XP_002031904.1	330	330	330	315	GCC	0.0	0	below_threshold	high	0.062	False	user_msa
Drosophila_simulans_Drosophila_simulans__LOC6728793__XP_002104128.1	330	330	330	315	GCC	0.0	0	below_threshold	high	0.062	False	user_msa
Drosophila_subobscura_Drosophila_subobscura__LOC117897634__XP_034662499.1	330	330	330	315	GCC	0.0	0	below_threshold	high	0.062	False	user_msa
Drosophila_suzukii_Drosophila_suzukii__betaTub85D__XP_016937909.1	330	330	330	315	GCC	0.0	0	below_threshold	high	0.062	False	user_msa
Drosophila_virilis_Drosophila_virilis__betaTub85D__XP_002053003.1	330	330	330	315	GCC	0.0	0	below_threshold	high	0.062	False	user_msa
Drosophila_willistoni_Drosophila_willistoni__LOC6647585__XP_002070575.1	330	330	330	315	GCC	0.0	0	below_threshold	high	0.062	False	user_msa
Drosophila_yakuba_Drosophila_yakuba__LOC6536356__XP_002096938.1	330	330	330	315	GCC	0.0	0	below_threshold	high	0.062	False	user_msa
Drosophila_ananassae_Drosophila_ananassae__LOC6500548__XP_001953433.1	331	331	331	316	ATC	0.0	0	below_threshold	high	0.062	False	user_msa
Drosophila_biarmipes_Drosophila_biarmipes__LOC108032098__XP_016961415.1	331	331	331	316	ATC	0.0	0	below_threshold	high	0.062	False	user_msa
Drosophila_mauritiana_Drosophila_mauritiana__LOC117142441__XP_033162295.1	331	331	331	316	ATC	0.0	0	below_threshold	high	0.062	False	user_msa
Drosophila_melanogaster_Drosophila_melanogaster__betaTub85D__NP_524290.2	331	331	331	316	ATC	0.0	0	below_threshold	high	0.062	False	user_msa
Drosophila_pseudoobscura_Drosophila_pseudoobscura__betaTub85D__XP_001357842.1	331	331	331	316	ATC	0.0	0	below_threshold	high	0.062	False	user_msa
Drosophila_sechellia_Drosophila_sechellia__betaTub85D__XP_002031904.1	331	331	331	316	ATC	0.0	0	below_threshold	high	0.062	False	user_msa
Drosophila_simulans_Drosophila_simulans__LOC6728793__XP_002104128.1	331	331	331	316	ATC	0.0	0	below_threshold	high	0.062	False	user_msa
Drosophila_subobscura_Drosophila_subobscura__LOC117897634__XP_034662499.1	331	331	331	316	ATC	0.0	0	below_threshold	high	0.062	False	user_msa
Drosophila_suzukii_Drosophila_suzukii__betaTub85D__XP_016937909.1	331	331	331	316	ATT	0.0	0	below_threshold	high	0.062	False	user_msa
Drosophila_virilis_Drosophila_virilis__betaTub85D__XP_002053003.1	331	331	331	316	ATC	0.0	0	below_threshold	high	0.062	False	user_msa
Drosophila_willistoni_Drosophila_willistoni__LOC6647585__XP_002070575.1	331	331	331	316	ATT	0.0	0	below_threshold	high	0.062	False	user_msa
Drosophila_yakuba_Drosophila_yakuba__LOC6536356__XP_002096938.1	331	331	331	316	ATC	0.0	0	below_threshold	high	0.062	False	user_msa
Drosophila_ananassae_Drosophila_ananassae__LOC6500548__XP_001953433.1	332	332	332	317	TTC	0.0	0	below_threshold	high	0.062	False	user_msa
Drosophila_biarmipes_Drosophila_biarmipes__LOC108032098__XP_016961415.1	332	332	332	317	TTC	0.0	0	below_threshold	high	0.062	False	user_msa
Drosophila_mauritiana_Drosophila_mauritiana__LOC117142441__XP_033162295.1	332	332	332	317	TTC	0.0	0	below_threshold	high	0.062	False	user_msa
Drosophila_melanogaster_Drosophila_melanogaster__betaTub85D__NP_524290.2	332	332	332	317	TTC	0.0	0	below_threshold	high	0.062	False	user_msa
Drosophila_pseudoobscura_Drosophila_pseudoobscura__betaTub85D__XP_001357842.1	332	332	332	317	TTC	0.0	0	below_threshold	high	0.062	False	user_msa
Drosophila_sechellia_Drosophila_sechellia__betaTub85D__XP_002031904.1	332	332	332	317	TTC	0.0	0	below_threshold	high	0.062	False	user_msa
Drosophila_simulans_Drosophila_simulans__LOC6728793__XP_002104128.1	332	332	332	317	TTC	0.0	0	below_threshold	high	0.062	False	user_msa
Drosophila_subobscura_Drosophila_subobscura__LOC117897634__XP_034662499.1	332	332	332	317	TTC	0.0	0	below_threshold	high	0.062	False	user_msa
Drosophila_suzukii_Drosophila_suzukii__betaTub85D__XP_016937909.1	332	332	332	317	TTC	0.0	0	below_threshold	high	0.062	False	user_msa
Drosophila_virilis_Drosophila_virilis__betaTub85D__XP_002053003.1	332	332	332	317	TTC	0.0	0	below_threshold	high	0.062	False	user_msa
Drosophila_willistoni_Drosophila_willistoni__LOC6647585__XP_002070575.1	332	332	332	317	TTC	0.0	0	below_threshold	high	0.062	False	user_msa
Drosophila_yakuba_Drosophila_yakuba__LOC6536356__XP_002096938.1	332	332	332	317	TTC	0.0	0	below_threshold	high	0.062	False	user_msa
Drosophila_ananassae_Drosophila_ananassae__LOC6500548__XP_001953433.1	333	333	333	318	CGA	0.0	0	below_threshold	high	0.062	False	user_msa
Drosophila_biarmipes_Drosophila_biarmipes__LOC108032098__XP_016961415.1	333	333	333	318	CGG	0.0	0	below_threshold	high	0.062	False	user_msa
Drosophila_mauritiana_Drosophila_mauritiana__LOC117142441__XP_033162295.1	333	333	333	318	CGC	0.0	0	below_threshold	high	0.062	False	user_msa
Drosophila_melanogaster_Drosophila_melanogaster__betaTub85D__NP_524290.2	333	333	333	318	CGT	0.0	0	below_threshold	high	0.062	False	user_msa
Drosophila_pseudoobscura_Drosophila_pseudoobscura__betaTub85D__XP_001357842.1	333	333	333	318	CGC	0.0	0	below_threshold	high	0.062	False	user_msa
Drosophila_sechellia_Drosophila_sechellia__betaTub85D__XP_002031904.1	333	333	333	318	CGT	0.0	0	below_threshold	high	0.062	False	user_msa
Drosophila_simulans_Drosophila_simulans__LOC6728793__XP_002104128.1	333	333	333	318	CGT	0.0	0	below_threshold	high	0.062	False	user_msa
Drosophila_subobscura_Drosophila_subobscura__LOC117897634__XP_034662499.1	333	333	333	318	CGC	0.0	0	below_threshold	high	0.062	False	user_msa
Drosophila_suzukii_Drosophila_suzukii__betaTub85D__XP_016937909.1	333	333	333	318	CGT	0.0	0	below_threshold	high	0.062	False	user_msa
Drosophila_virilis_Drosophila_virilis__betaTub85D__XP_002053003.1	333	333	333	318	CGC	0.0	0	below_threshold	high	0.062	False	user_msa
Drosophila_willistoni_Drosophila_willistoni__LOC6647585__XP_002070575.1	333	333	333	318	CGT	0.0	0	below_threshold	high	0.062	False	user_msa
Drosophila_yakuba_Drosophila_yakuba__LOC6536356__XP_002096938.1	333	333	333	318	CGT	0.0	0	below_threshold	high	0.062	False	user_msa
Drosophila_ananassae_Drosophila_ananassae__LOC6500548__XP_001953433.1	334	334	334	319	GGA	0.0	0	below_threshold	high	0.062	False	user_msa
Drosophila_biarmipes_Drosophila_biarmipes__LOC108032098__XP_016961415.1	334	334	334	319	GGT	0.0	0	below_threshold	high	0.062	False	user_msa
Drosophila_mauritiana_Drosophila_mauritiana__LOC117142441__XP_033162295.1	334	334	334	319	GGC	0.0	0	below_threshold	high	0.062	False	user_msa
Drosophila_melanogaster_Drosophila_melanogaster__betaTub85D__NP_524290.2	334	334	334	319	GGC	0.0	0	below_threshold	high	0.062	False	user_msa
Drosophila_pseudoobscura_Drosophila_pseudoobscura__betaTub85D__XP_001357842.1	334	334	334	319	GGG	0.0	0	below_threshold	high	0.062	False	user_msa
Drosophila_sechellia_Drosophila_sechellia__betaTub85D__XP_002031904.1	334	334	334	319	GGC	0.0	0	below_threshold	high	0.062	False	user_msa
Drosophila_simulans_Drosophila_simulans__LOC6728793__XP_002104128.1	334	334	334	319	GGC	0.0	0	below_threshold	high	0.062	False	user_msa
Drosophila_subobscura_Drosophila_subobscura__LOC117897634__XP_034662499.1	334	334	334	319	GGT	0.0	0	below_threshold	high	0.062	False	user_msa
Drosophila_suzukii_Drosophila_suzukii__betaTub85D__XP_016937909.1	334	334	334	319	GGA	0.0	0	below_threshold	high	0.062	False	user_msa
Drosophila_virilis_Drosophila_virilis__betaTub85D__XP_002053003.1	334	334	334	319	GGC	0.0	0	below_threshold	high	0.062	False	user_msa
Drosophila_willistoni_Drosophila_willistoni__LOC6647585__XP_002070575.1	334	334	334	319	GGC	0.0	0	below_threshold	high	0.062	False	user_msa
Drosophila_yakuba_Drosophila_yakuba__LOC6536356__XP_002096938.1	334	334	334	319	GGC	0.0	0	below_threshold	high	0.062	False	user_msa
Drosophila_ananassae_Drosophila_ananassae__LOC6500548__XP_001953433.1	335	335	335	320	CGC	0.0	0	below_threshold	high	0.062	False	user_msa
Drosophila_biarmipes_Drosophila_biarmipes__LOC108032098__XP_016961415.1	335	335	335	320	CGC	0.0	0	below_threshold	high	0.062	False	user_msa
Drosophila_mauritiana_Drosophila_mauritiana__LOC117142441__XP_033162295.1	335	335	335	320	CGC	0.0	0	below_threshold	high	0.062	False	user_msa
Drosophila_melanogaster_Drosophila_melanogaster__betaTub85D__NP_524290.2	335	335	335	320	CGC	0.0	0	below_threshold	high	0.062	False	user_msa
Drosophila_pseudoobscura_Drosophila_pseudoobscura__betaTub85D__XP_001357842.1	335	335	335	320	CGC	0.0	0	below_threshold	high	0.062	False	user_msa
Drosophila_sechellia_Drosophila_sechellia__betaTub85D__XP_002031904.1	335	335	335	320	CGC	0.0	0	below_threshold	high	0.062	False	user_msa
Drosophila_simulans_Drosophila_simulans__LOC6728793__XP_002104128.1	335	335	335	320	CGC	0.0	0	below_threshold	high	0.062	False	user_msa
Drosophila_subobscura_Drosophila_subobscura__LOC117897634__XP_034662499.1	335	335	335	320	CGC	0.0	0	below_threshold	high	0.062	False	user_msa
Drosophila_suzukii_Drosophila_suzukii__betaTub85D__XP_016937909.1	335	335	335	320	CGC	0.0	0	below_threshold	high	0.062	False	user_msa
Drosophila_virilis_Drosophila_virilis__betaTub85D__XP_002053003.1	335	335	335	320	CGA	0.0	0	below_threshold	high	0.062	False	user_msa
Drosophila_willistoni_Drosophila_willistoni__LOC6647585__XP_002070575.1	335	335	335	320	CGC	0.0	0	below_threshold	high	0.062	False	user_msa
Drosophila_yakuba_Drosophila_yakuba__LOC6536356__XP_002096938.1	335	335	335	320	CGC	0.0	0	below_threshold	high	0.062	False	user_msa
Drosophila_ananassae_Drosophila_ananassae__LOC6500548__XP_001953433.1	336	336	336	321	ATG	0.0	0	below_threshold	high	0.062	False	user_msa
Drosophila_biarmipes_Drosophila_biarmipes__LOC108032098__XP_016961415.1	336	336	336	321	ATG	0.0	0	below_threshold	high	0.062	False	user_msa
Drosophila_mauritiana_Drosophila_mauritiana__LOC117142441__XP_033162295.1	336	336	336	321	ATG	0.0	0	below_threshold	high	0.062	False	user_msa
Drosophila_melanogaster_Drosophila_melanogaster__betaTub85D__NP_524290.2	336	336	336	321	ATG	0.0	0	below_threshold	high	0.062	False	user_msa
Drosophila_pseudoobscura_Drosophila_pseudoobscura__betaTub85D__XP_001357842.1	336	336	336	321	ATG	0.0	0	below_threshold	high	0.062	False	user_msa
Drosophila_sechellia_Drosophila_sechellia__betaTub85D__XP_002031904.1	336	336	336	321	ATG	0.0	0	below_threshold	high	0.062	False	user_msa
Drosophila_simulans_Drosophila_simulans__LOC6728793__XP_002104128.1	336	336	336	321	ATG	0.0	0	below_threshold	high	0.062	False	user_msa
Drosophila_subobscura_Drosophila_subobscura__LOC117897634__XP_034662499.1	336	336	336	321	ATG	0.0	0	below_threshold	high	0.062	False	user_msa
Drosophila_suzukii_Drosophila_suzukii__betaTub85D__XP_016937909.1	336	336	336	321	ATG	0.0	0	below_threshold	high	0.062	False	user_msa
Drosophila_virilis_Drosophila_virilis__betaTub85D__XP_002053003.1	336	336	336	321	ATG	0.0	0	below_threshold	high	0.062	False	user_msa
Drosophila_willistoni_Drosophila_willistoni__LOC6647585__XP_002070575.1	336	336	336	321	ATG	0.0	0	below_threshold	high	0.062	False	user_msa
Drosophila_yakuba_Drosophila_yakuba__LOC6536356__XP_002096938.1	336	336	336	321	ATG	0.0	0	below_threshold	high	0.062	False	user_msa
Drosophila_ananassae_Drosophila_ananassae__LOC6500548__XP_001953433.1	337	337	337	322	TCC	0.0	0	below_threshold	high	0.062	False	user_msa
Drosophila_biarmipes_Drosophila_biarmipes__LOC108032098__XP_016961415.1	337	337	337	322	TCT	0.0	0	below_threshold	high	0.062	False	user_msa
Drosophila_mauritiana_Drosophila_mauritiana__LOC117142441__XP_033162295.1	337	337	337	322	TCC	0.0	0	below_threshold	high	0.062	False	user_msa
Drosophila_melanogaster_Drosophila_melanogaster__betaTub85D__NP_524290.2	337	337	337	322	TCC	0.0	0	below_threshold	high	0.062	False	user_msa
Drosophila_pseudoobscura_Drosophila_pseudoobscura__betaTub85D__XP_001357842.1	337	337	337	322	TCC	0.0	0	below_threshold	high	0.062	False	user_msa
Drosophila_sechellia_Drosophila_sechellia__betaTub85D__XP_002031904.1	337	337	337	322	TCC	0.0	0	below_threshold	high	0.062	False	user_msa
Drosophila_simulans_Drosophila_simulans__LOC6728793__XP_002104128.1	337	337	337	322	TCC	0.0	0	below_threshold	high	0.062	False	user_msa
Drosophila_subobscura_Drosophila_subobscura__LOC117897634__XP_034662499.1	337	337	337	322	TCC	0.0	0	below_threshold	high	0.062	False	user_msa
Drosophila_suzukii_Drosophila_suzukii__betaTub85D__XP_016937909.1	337	337	337	322	TCC	0.0	0	below_threshold	high	0.062	False	user_msa
Drosophila_virilis_Drosophila_virilis__betaTub85D__XP_002053003.1	337	337	337	322	TCC	0.0	0	below_threshold	high	0.062	False	user_msa
Drosophila_willistoni_Drosophila_willistoni__LOC6647585__XP_002070575.1	337	337	337	322	TCC	0.0	0	below_threshold	high	0.062	False	user_msa
Drosophila_yakuba_Drosophila_yakuba__LOC6536356__XP_002096938.1	337	337	337	322	TCC	0.0	0	below_threshold	high	0.062	False	user_msa
Drosophila_ananassae_Drosophila_ananassae__LOC6500548__XP_001953433.1	338	338	338	323	ATG	0.0	0	below_threshold	high	0.062	False	user_msa
Drosophila_biarmipes_Drosophila_biarmipes__LOC108032098__XP_016961415.1	338	338	338	323	ATG	0.0	0	below_threshold	high	0.062	False	user_msa
Drosophila_mauritiana_Drosophila_mauritiana__LOC117142441__XP_033162295.1	338	338	338	323	ATG	0.0	0	below_threshold	high	0.062	False	user_msa
Drosophila_melanogaster_Drosophila_melanogaster__betaTub85D__NP_524290.2	338	338	338	323	ATG	0.0	0	below_threshold	high	0.062	False	user_msa
Drosophila_pseudoobscura_Drosophila_pseudoobscura__betaTub85D__XP_001357842.1	338	338	338	323	ATG	0.0	0	below_threshold	high	0.062	False	user_msa
Drosophila_sechellia_Drosophila_sechellia__betaTub85D__XP_002031904.1	338	338	338	323	ATG	0.0	0	below_threshold	high	0.062	False	user_msa
Drosophila_simulans_Drosophila_simulans__LOC6728793__XP_002104128.1	338	338	338	323	ATG	0.0	0	below_threshold	high	0.062	False	user_msa
Drosophila_subobscura_Drosophila_subobscura__LOC117897634__XP_034662499.1	338	338	338	323	ATG	0.0	0	below_threshold	high	0.062	False	user_msa
Drosophila_suzukii_Drosophila_suzukii__betaTub85D__XP_016937909.1	338	338	338	323	ATG	0.0	0	below_threshold	high	0.062	False	user_msa
Drosophila_virilis_Drosophila_virilis__betaTub85D__XP_002053003.1	338	338	338	323	ATG	0.0	0	below_threshold	high	0.062	False	user_msa
Drosophila_willistoni_Drosophila_willistoni__LOC6647585__XP_002070575.1	338	338	338	323	ATG	0.0	0	below_threshold	high	0.062	False	user_msa
Drosophila_yakuba_Drosophila_yakuba__LOC6536356__XP_002096938.1	338	338	338	323	ATG	0.0	0	below_threshold	high	0.062	False	user_msa
Drosophila_ananassae_Drosophila_ananassae__LOC6500548__XP_001953433.1	339	339	339	324	AAG	0.0	0	below_threshold	high	0.062	False	user_msa
Drosophila_biarmipes_Drosophila_biarmipes__LOC108032098__XP_016961415.1	339	339	339	324	AAG	0.0	0	below_threshold	high	0.062	False	user_msa
Drosophila_mauritiana_Drosophila_mauritiana__LOC117142441__XP_033162295.1	339	339	339	324	AAG	0.0	0	below_threshold	high	0.062	False	user_msa
Drosophila_melanogaster_Drosophila_melanogaster__betaTub85D__NP_524290.2	339	339	339	324	AAG	0.0	0	below_threshold	high	0.062	False	user_msa
Drosophila_pseudoobscura_Drosophila_pseudoobscura__betaTub85D__XP_001357842.1	339	339	339	324	AAG	0.0	0	below_threshold	high	0.062	False	user_msa
Drosophila_sechellia_Drosophila_sechellia__betaTub85D__XP_002031904.1	339	339	339	324	AAG	0.0	0	below_threshold	high	0.062	False	user_msa
Drosophila_simulans_Drosophila_simulans__LOC6728793__XP_002104128.1	339	339	339	324	AAG	0.0	0	below_threshold	high	0.062	False	user_msa
Drosophila_subobscura_Drosophila_subobscura__LOC117897634__XP_034662499.1	339	339	339	324	AAG	0.0	0	below_threshold	high	0.062	False	user_msa
Drosophila_suzukii_Drosophila_suzukii__betaTub85D__XP_016937909.1	339	339	339	324	AAA	0.0	0	below_threshold	high	0.062	False	user_msa
Drosophila_virilis_Drosophila_virilis__betaTub85D__XP_002053003.1	339	339	339	324	AAG	0.0	0	below_threshold	high	0.062	False	user_msa
Drosophila_willistoni_Drosophila_willistoni__LOC6647585__XP_002070575.1	339	339	339	324	AAG	0.0	0	below_threshold	high	0.062	False	user_msa
Drosophila_yakuba_Drosophila_yakuba__LOC6536356__XP_002096938.1	339	339	339	324	AAG	0.0	0	below_threshold	high	0.062	False	user_msa
Drosophila_ananassae_Drosophila_ananassae__LOC6500548__XP_001953433.1	340	340	340	325	GAG	0.0	0	below_threshold	high	0.062	False	user_msa
Drosophila_biarmipes_Drosophila_biarmipes__LOC108032098__XP_016961415.1	340	340	340	325	GAG	0.0	0	below_threshold	high	0.062	False	user_msa
Drosophila_mauritiana_Drosophila_mauritiana__LOC117142441__XP_033162295.1	340	340	340	325	GAG	0.0	0	below_threshold	high	0.062	False	user_msa
Drosophila_melanogaster_Drosophila_melanogaster__betaTub85D__NP_524290.2	340	340	340	325	GAG	0.0	0	below_threshold	high	0.062	False	user_msa
Drosophila_pseudoobscura_Drosophila_pseudoobscura__betaTub85D__XP_001357842.1	340	340	340	325	GAG	0.0	0	below_threshold	high	0.062	False	user_msa
Drosophila_sechellia_Drosophila_sechellia__betaTub85D__XP_002031904.1	340	340	340	325	GAG	0.0	0	below_threshold	high	0.062	False	user_msa
Drosophila_simulans_Drosophila_simulans__LOC6728793__XP_002104128.1	340	340	340	325	GAG	0.0	0	below_threshold	high	0.062	False	user_msa
Drosophila_subobscura_Drosophila_subobscura__LOC117897634__XP_034662499.1	340	340	340	325	GAG	0.0	0	below_threshold	high	0.062	False	user_msa
Drosophila_suzukii_Drosophila_suzukii__betaTub85D__XP_016937909.1	340	340	340	325	GAG	0.0	0	below_threshold	high	0.062	False	user_msa
Drosophila_virilis_Drosophila_virilis__betaTub85D__XP_002053003.1	340	340	340	325	GAG	0.0	0	below_threshold	high	0.062	False	user_msa
Drosophila_willistoni_Drosophila_willistoni__LOC6647585__XP_002070575.1	340	340	340	325	GAG	0.0	0	below_threshold	high	0.062	False	user_msa
Drosophila_yakuba_Drosophila_yakuba__LOC6536356__XP_002096938.1	340	340	340	325	GAG	0.0	0	below_threshold	high	0.062	False	user_msa
Drosophila_ananassae_Drosophila_ananassae__LOC6500548__XP_001953433.1	341	341	341	326	GTG	0.0	0	below_threshold	high	0.062	False	user_msa
Drosophila_biarmipes_Drosophila_biarmipes__LOC108032098__XP_016961415.1	341	341	341	326	GTG	0.0	0	below_threshold	high	0.062	False	user_msa
Drosophila_mauritiana_Drosophila_mauritiana__LOC117142441__XP_033162295.1	341	341	341	326	GTG	0.0	0	below_threshold	high	0.062	False	user_msa
Drosophila_melanogaster_Drosophila_melanogaster__betaTub85D__NP_524290.2	341	341	341	326	GTG	0.0	0	below_threshold	high	0.062	False	user_msa
Drosophila_pseudoobscura_Drosophila_pseudoobscura__betaTub85D__XP_001357842.1	341	341	341	326	GTA	0.0	0	below_threshold	high	0.062	False	user_msa
Drosophila_sechellia_Drosophila_sechellia__betaTub85D__XP_002031904.1	341	341	341	326	GTG	0.0	0	below_threshold	high	0.062	False	user_msa
Drosophila_simulans_Drosophila_simulans__LOC6728793__XP_002104128.1	341	341	341	326	GTG	0.0	0	below_threshold	high	0.062	False	user_msa
Drosophila_subobscura_Drosophila_subobscura__LOC117897634__XP_034662499.1	341	341	341	326	GTG	0.0	0	below_threshold	high	0.062	False	user_msa
Drosophila_suzukii_Drosophila_suzukii__betaTub85D__XP_016937909.1	341	341	341	326	GTC	0.0	0	below_threshold	high	0.062	False	user_msa
Drosophila_virilis_Drosophila_virilis__betaTub85D__XP_002053003.1	341	341	341	326	GTG	0.0	0	below_threshold	high	0.062	False	user_msa
Drosophila_willistoni_Drosophila_willistoni__LOC6647585__XP_002070575.1	341	341	341	326	GTT	0.0	0	below_threshold	high	0.062	False	user_msa
Drosophila_yakuba_Drosophila_yakuba__LOC6536356__XP_002096938.1	341	341	341	326	GTG	0.0	0	below_threshold	high	0.062	False	user_msa
Drosophila_ananassae_Drosophila_ananassae__LOC6500548__XP_001953433.1	342	342	342	327	GAC	0.0	0	below_threshold	high	0.062	False	user_msa
Drosophila_biarmipes_Drosophila_biarmipes__LOC108032098__XP_016961415.1	342	342	342	327	GAC	0.0	0	below_threshold	high	0.062	False	user_msa
Drosophila_mauritiana_Drosophila_mauritiana__LOC117142441__XP_033162295.1	342	342	342	327	GAC	0.0	0	below_threshold	high	0.062	False	user_msa
Drosophila_melanogaster_Drosophila_melanogaster__betaTub85D__NP_524290.2	342	342	342	327	GAC	0.0	0	below_threshold	high	0.062	False	user_msa
Drosophila_pseudoobscura_Drosophila_pseudoobscura__betaTub85D__XP_001357842.1	342	342	342	327	GAC	0.0	0	below_threshold	high	0.062	False	user_msa
Drosophila_sechellia_Drosophila_sechellia__betaTub85D__XP_002031904.1	342	342	342	327	GAC	0.0	0	below_threshold	high	0.062	False	user_msa
Drosophila_simulans_Drosophila_simulans__LOC6728793__XP_002104128.1	342	342	342	327	GAC	0.0	0	below_threshold	high	0.062	False	user_msa
Drosophila_subobscura_Drosophila_subobscura__LOC117897634__XP_034662499.1	342	342	342	327	GAC	0.0	0	below_threshold	high	0.062	False	user_msa
Drosophila_suzukii_Drosophila_suzukii__betaTub85D__XP_016937909.1	342	342	342	327	GAC	0.0	0	below_threshold	high	0.062	False	user_msa
Drosophila_virilis_Drosophila_virilis__betaTub85D__XP_002053003.1	342	342	342	327	GAC	0.0	0	below_threshold	high	0.062	False	user_msa
Drosophila_willistoni_Drosophila_willistoni__LOC6647585__XP_002070575.1	342	342	342	327	GAC	0.0	0	below_threshold	high	0.062	False	user_msa
Drosophila_yakuba_Drosophila_yakuba__LOC6536356__XP_002096938.1	342	342	342	327	GAC	0.0	0	below_threshold	high	0.062	False	user_msa
Drosophila_ananassae_Drosophila_ananassae__LOC6500548__XP_001953433.1	343	343	343	328	GAG	0.0	0	below_threshold	high	0.062	False	user_msa
Drosophila_biarmipes_Drosophila_biarmipes__LOC108032098__XP_016961415.1	343	343	343	328	GAG	0.0	0	below_threshold	high	0.062	False	user_msa
Drosophila_mauritiana_Drosophila_mauritiana__LOC117142441__XP_033162295.1	343	343	343	328	GAG	0.0	0	below_threshold	high	0.062	False	user_msa
Drosophila_melanogaster_Drosophila_melanogaster__betaTub85D__NP_524290.2	343	343	343	328	GAG	0.0	0	below_threshold	high	0.062	False	user_msa
Drosophila_pseudoobscura_Drosophila_pseudoobscura__betaTub85D__XP_001357842.1	343	343	343	328	GAG	0.0	0	below_threshold	high	0.062	False	user_msa
Drosophila_sechellia_Drosophila_sechellia__betaTub85D__XP_002031904.1	343	343	343	328	GAG	0.0	0	below_threshold	high	0.062	False	user_msa
Drosophila_simulans_Drosophila_simulans__LOC6728793__XP_002104128.1	343	343	343	328	GAG	0.0	0	below_threshold	high	0.062	False	user_msa
Drosophila_subobscura_Drosophila_subobscura__LOC117897634__XP_034662499.1	343	343	343	328	GAG	0.0	0	below_threshold	high	0.062	False	user_msa
Drosophila_suzukii_Drosophila_suzukii__betaTub85D__XP_016937909.1	343	343	343	328	GAG	0.0	0	below_threshold	high	0.062	False	user_msa
Drosophila_virilis_Drosophila_virilis__betaTub85D__XP_002053003.1	343	343	343	328	GAA	0.0	0	below_threshold	high	0.062	False	user_msa
Drosophila_willistoni_Drosophila_willistoni__LOC6647585__XP_002070575.1	343	343	343	328	GAA	0.0	0	below_threshold	high	0.062	False	user_msa
Drosophila_yakuba_Drosophila_yakuba__LOC6536356__XP_002096938.1	343	343	343	328	GAG	0.0	0	below_threshold	high	0.062	False	user_msa
Drosophila_ananassae_Drosophila_ananassae__LOC6500548__XP_001953433.1	344	344	344	329	CAG	0.0	0	below_threshold	high	0.062	False	user_msa
Drosophila_biarmipes_Drosophila_biarmipes__LOC108032098__XP_016961415.1	344	344	344	329	CAG	0.0	0	below_threshold	high	0.062	False	user_msa
Drosophila_mauritiana_Drosophila_mauritiana__LOC117142441__XP_033162295.1	344	344	344	329	CAG	0.0	0	below_threshold	high	0.062	False	user_msa
Drosophila_melanogaster_Drosophila_melanogaster__betaTub85D__NP_524290.2	344	344	344	329	CAG	0.0	0	below_threshold	high	0.062	False	user_msa
Drosophila_pseudoobscura_Drosophila_pseudoobscura__betaTub85D__XP_001357842.1	344	344	344	329	CAG	0.0	0	below_threshold	high	0.062	False	user_msa
Drosophila_sechellia_Drosophila_sechellia__betaTub85D__XP_002031904.1	344	344	344	329	CAG	0.0	0	below_threshold	high	0.062	False	user_msa
Drosophila_simulans_Drosophila_simulans__LOC6728793__XP_002104128.1	344	344	344	329	CAG	0.0	0	below_threshold	high	0.062	False	user_msa
Drosophila_subobscura_Drosophila_subobscura__LOC117897634__XP_034662499.1	344	344	344	329	CAG	0.0	0	below_threshold	high	0.062	False	user_msa
Drosophila_suzukii_Drosophila_suzukii__betaTub85D__XP_016937909.1	344	344	344	329	CAG	0.0	0	below_threshold	high	0.062	False	user_msa
Drosophila_virilis_Drosophila_virilis__betaTub85D__XP_002053003.1	344	344	344	329	CAG	0.0	0	below_threshold	high	0.062	False	user_msa
Drosophila_willistoni_Drosophila_willistoni__LOC6647585__XP_002070575.1	344	344	344	329	CAG	0.0	0	below_threshold	high	0.062	False	user_msa
Drosophila_yakuba_Drosophila_yakuba__LOC6536356__XP_002096938.1	344	344	344	329	CAG	0.0	0	below_threshold	high	0.062	False	user_msa
Drosophila_ananassae_Drosophila_ananassae__LOC6500548__XP_001953433.1	345	345	345	330	ATG	0.0	0	below_threshold	high	0.062	False	user_msa
Drosophila_biarmipes_Drosophila_biarmipes__LOC108032098__XP_016961415.1	345	345	345	330	ATG	0.0	0	below_threshold	high	0.062	False	user_msa
Drosophila_mauritiana_Drosophila_mauritiana__LOC117142441__XP_033162295.1	345	345	345	330	ATG	0.0	0	below_threshold	high	0.062	False	user_msa
Drosophila_melanogaster_Drosophila_melanogaster__betaTub85D__NP_524290.2	345	345	345	330	ATG	0.0	0	below_threshold	high	0.062	False	user_msa
Drosophila_pseudoobscura_Drosophila_pseudoobscura__betaTub85D__XP_001357842.1	345	345	345	330	ATG	0.0	0	below_threshold	high	0.062	False	user_msa
Drosophila_sechellia_Drosophila_sechellia__betaTub85D__XP_002031904.1	345	345	345	330	ATG	0.0	0	below_threshold	high	0.062	False	user_msa
Drosophila_simulans_Drosophila_simulans__LOC6728793__XP_002104128.1	345	345	345	330	ATG	0.0	0	below_threshold	high	0.062	False	user_msa
Drosophila_subobscura_Drosophila_subobscura__LOC117897634__XP_034662499.1	345	345	345	330	ATG	0.0	0	below_threshold	high	0.062	False	user_msa
Drosophila_suzukii_Drosophila_suzukii__betaTub85D__XP_016937909.1	345	345	345	330	ATG	0.0	0	below_threshold	high	0.062	False	user_msa
Drosophila_virilis_Drosophila_virilis__betaTub85D__XP_002053003.1	345	345	345	330	ATG	0.0	0	below_threshold	high	0.062	False	user_msa
Drosophila_willistoni_Drosophila_willistoni__LOC6647585__XP_002070575.1	345	345	345	330	ATG	0.0	0	below_threshold	high	0.062	False	user_msa
Drosophila_yakuba_Drosophila_yakuba__LOC6536356__XP_002096938.1	345	345	345	330	ATG	0.0	0	below_threshold	high	0.062	False	user_msa
Drosophila_ananassae_Drosophila_ananassae__LOC6500548__XP_001953433.1	346	346	346	331	CTC	0.0	0	below_threshold	high	0.062	False	user_msa
Drosophila_biarmipes_Drosophila_biarmipes__LOC108032098__XP_016961415.1	346	346	346	331	CTG	0.0	0	below_threshold	high	0.062	False	user_msa
Drosophila_mauritiana_Drosophila_mauritiana__LOC117142441__XP_033162295.1	346	346	346	331	CTG	0.0	0	below_threshold	high	0.062	False	user_msa
Drosophila_melanogaster_Drosophila_melanogaster__betaTub85D__NP_524290.2	346	346	346	331	CTC	0.0	0	below_threshold	high	0.062	False	user_msa
Drosophila_pseudoobscura_Drosophila_pseudoobscura__betaTub85D__XP_001357842.1	346	346	346	331	CTG	0.0	0	below_threshold	high	0.062	False	user_msa
Drosophila_sechellia_Drosophila_sechellia__betaTub85D__XP_002031904.1	346	346	346	331	CTG	0.0	0	below_threshold	high	0.062	False	user_msa
Drosophila_simulans_Drosophila_simulans__LOC6728793__XP_002104128.1	346	346	346	331	CTG	0.0	0	below_threshold	high	0.062	False	user_msa
Drosophila_subobscura_Drosophila_subobscura__LOC117897634__XP_034662499.1	346	346	346	331	CTG	0.0	0	below_threshold	high	0.062	False	user_msa
Drosophila_suzukii_Drosophila_suzukii__betaTub85D__XP_016937909.1	346	346	346	331	CTG	0.0	0	below_threshold	high	0.062	False	user_msa
Drosophila_virilis_Drosophila_virilis__betaTub85D__XP_002053003.1	346	346	346	331	CTT	0.0	0	below_threshold	high	0.062	False	user_msa
Drosophila_willistoni_Drosophila_willistoni__LOC6647585__XP_002070575.1	346	346	346	331	CTG	0.0	0	below_threshold	high	0.062	False	user_msa
Drosophila_yakuba_Drosophila_yakuba__LOC6536356__XP_002096938.1	346	346	346	331	CTG	0.0	0	below_threshold	high	0.062	False	user_msa
Drosophila_ananassae_Drosophila_ananassae__LOC6500548__XP_001953433.1	347	347	347	332	AAT	0.0	0	below_threshold	high	0.062	False	user_msa
Drosophila_biarmipes_Drosophila_biarmipes__LOC108032098__XP_016961415.1	347	347	347	332	AAT	0.0	0	below_threshold	high	0.062	False	user_msa
Drosophila_mauritiana_Drosophila_mauritiana__LOC117142441__XP_033162295.1	347	347	347	332	AAC	0.0	0	below_threshold	high	0.062	False	user_msa
Drosophila_melanogaster_Drosophila_melanogaster__betaTub85D__NP_524290.2	347	347	347	332	AAC	0.0	0	below_threshold	high	0.062	False	user_msa
Drosophila_pseudoobscura_Drosophila_pseudoobscura__betaTub85D__XP_001357842.1	347	347	347	332	AAC	0.0	0	below_threshold	high	0.062	False	user_msa
Drosophila_sechellia_Drosophila_sechellia__betaTub85D__XP_002031904.1	347	347	347	332	AAC	0.0	0	below_threshold	high	0.062	False	user_msa
Drosophila_simulans_Drosophila_simulans__LOC6728793__XP_002104128.1	347	347	347	332	AAC	0.0	0	below_threshold	high	0.062	False	user_msa
Drosophila_subobscura_Drosophila_subobscura__LOC117897634__XP_034662499.1	347	347	347	332	AAT	0.0	0	below_threshold	high	0.062	False	user_msa
Drosophila_suzukii_Drosophila_suzukii__betaTub85D__XP_016937909.1	347	347	347	332	AAT	0.0	0	below_threshold	high	0.062	False	user_msa
Drosophila_virilis_Drosophila_virilis__betaTub85D__XP_002053003.1	347	347	347	332	AAT	0.0	0	below_threshold	high	0.062	False	user_msa
Drosophila_willistoni_Drosophila_willistoni__LOC6647585__XP_002070575.1	347	347	347	332	AAC	0.0	0	below_threshold	high	0.062	False	user_msa
Drosophila_yakuba_Drosophila_yakuba__LOC6536356__XP_002096938.1	347	347	347	332	AAC	0.0	0	below_threshold	high	0.062	False	user_msa
Drosophila_ananassae_Drosophila_ananassae__LOC6500548__XP_001953433.1	348	348	348	333	ATC	0.0	0	below_threshold	high	0.062	False	user_msa
Drosophila_biarmipes_Drosophila_biarmipes__LOC108032098__XP_016961415.1	348	348	348	333	ATC	0.0	0	below_threshold	high	0.062	False	user_msa
Drosophila_mauritiana_Drosophila_mauritiana__LOC117142441__XP_033162295.1	348	348	348	333	ATT	0.0	0	below_threshold	high	0.062	False	user_msa
Drosophila_melanogaster_Drosophila_melanogaster__betaTub85D__NP_524290.2	348	348	348	333	ATT	0.0	0	below_threshold	high	0.062	False	user_msa
Drosophila_pseudoobscura_Drosophila_pseudoobscura__betaTub85D__XP_001357842.1	348	348	348	333	ATC	0.0	0	below_threshold	high	0.062	False	user_msa
Drosophila_sechellia_Drosophila_sechellia__betaTub85D__XP_002031904.1	348	348	348	333	ATT	0.0	0	below_threshold	high	0.062	False	user_msa
Drosophila_simulans_Drosophila_simulans__LOC6728793__XP_002104128.1	348	348	348	333	ATT	0.0	0	below_threshold	high	0.062	False	user_msa
Drosophila_subobscura_Drosophila_subobscura__LOC117897634__XP_034662499.1	348	348	348	333	ATA	0.0	0	below_threshold	high	0.062	False	user_msa
Drosophila_suzukii_Drosophila_suzukii__betaTub85D__XP_016937909.1	348	348	348	333	ATC	0.0	0	below_threshold	high	0.062	False	user_msa
Drosophila_virilis_Drosophila_virilis__betaTub85D__XP_002053003.1	348	348	348	333	ATA	0.0	0	below_threshold	high	0.062	False	user_msa
Drosophila_willistoni_Drosophila_willistoni__LOC6647585__XP_002070575.1	348	348	348	333	ATT	0.0	0	below_threshold	high	0.062	False	user_msa
Drosophila_yakuba_Drosophila_yakuba__LOC6536356__XP_002096938.1	348	348	348	333	ATC	0.0	0	below_threshold	high	0.062	False	user_msa
Drosophila_ananassae_Drosophila_ananassae__LOC6500548__XP_001953433.1	349	349	349	334	CAG	0.0	0	below_threshold	high	0.062	False	user_msa
Drosophila_biarmipes_Drosophila_biarmipes__LOC108032098__XP_016961415.1	349	349	349	334	CAG	0.0	0	below_threshold	high	0.062	False	user_msa
Drosophila_mauritiana_Drosophila_mauritiana__LOC117142441__XP_033162295.1	349	349	349	334	CAG	0.0	0	below_threshold	high	0.062	False	user_msa
Drosophila_melanogaster_Drosophila_melanogaster__betaTub85D__NP_524290.2	349	349	349	334	CAG	0.0	0	below_threshold	high	0.062	False	user_msa
Drosophila_pseudoobscura_Drosophila_pseudoobscura__betaTub85D__XP_001357842.1	349	349	349	334	CAG	0.0	0	below_threshold	high	0.062	False	user_msa
Drosophila_sechellia_Drosophila_sechellia__betaTub85D__XP_002031904.1	349	349	349	334	CAG	0.0	0	below_threshold	high	0.062	False	user_msa
Drosophila_simulans_Drosophila_simulans__LOC6728793__XP_002104128.1	349	349	349	334	CAG	0.0	0	below_threshold	high	0.062	False	user_msa
Drosophila_subobscura_Drosophila_subobscura__LOC117897634__XP_034662499.1	349	349	349	334	CAG	0.0	0	below_threshold	high	0.062	False	user_msa
Drosophila_suzukii_Drosophila_suzukii__betaTub85D__XP_016937909.1	349	349	349	334	CAG	0.0	0	below_threshold	high	0.062	False	user_msa
Drosophila_virilis_Drosophila_virilis__betaTub85D__XP_002053003.1	349	349	349	334	CAA	0.0	0	below_threshold	high	0.062	False	user_msa
Drosophila_willistoni_Drosophila_willistoni__LOC6647585__XP_002070575.1	349	349	349	334	CAG	0.0	0	below_threshold	high	0.062	False	user_msa
Drosophila_yakuba_Drosophila_yakuba__LOC6536356__XP_002096938.1	349	349	349	334	CAG	0.0	0	below_threshold	high	0.062	False	user_msa
Drosophila_ananassae_Drosophila_ananassae__LOC6500548__XP_001953433.1	350	350	350	335	AAC	0.0	0	below_threshold	high	0.062	False	user_msa
Drosophila_biarmipes_Drosophila_biarmipes__LOC108032098__XP_016961415.1	350	350	350	335	AAC	0.0	0	below_threshold	high	0.062	False	user_msa
Drosophila_mauritiana_Drosophila_mauritiana__LOC117142441__XP_033162295.1	350	350	350	335	AAC	0.0	0	below_threshold	high	0.062	False	user_msa
Drosophila_melanogaster_Drosophila_melanogaster__betaTub85D__NP_524290.2	350	350	350	335	AAC	0.0	0	below_threshold	high	0.062	False	user_msa
Drosophila_pseudoobscura_Drosophila_pseudoobscura__betaTub85D__XP_001357842.1	350	350	350	335	AAC	0.0	0	below_threshold	high	0.062	False	user_msa
Drosophila_sechellia_Drosophila_sechellia__betaTub85D__XP_002031904.1	350	350	350	335	AAC	0.0	0	below_threshold	high	0.062	False	user_msa
Drosophila_simulans_Drosophila_simulans__LOC6728793__XP_002104128.1	350	350	350	335	AAC	0.0	0	below_threshold	high	0.062	False	user_msa
Drosophila_subobscura_Drosophila_subobscura__LOC117897634__XP_034662499.1	350	350	350	335	AAC	0.0	0	below_threshold	high	0.062	False	user_msa
Drosophila_suzukii_Drosophila_suzukii__betaTub85D__XP_016937909.1	350	350	350	335	AAC	0.0	0	below_threshold	high	0.062	False	user_msa
Drosophila_virilis_Drosophila_virilis__betaTub85D__XP_002053003.1	350	350	350	335	AAC	0.0	0	below_threshold	high	0.062	False	user_msa
Drosophila_willistoni_Drosophila_willistoni__LOC6647585__XP_002070575.1	350	350	350	335	AAC	0.0	0	below_threshold	high	0.062	False	user_msa
Drosophila_yakuba_Drosophila_yakuba__LOC6536356__XP_002096938.1	350	350	350	335	AAC	0.0	0	below_threshold	high	0.062	False	user_msa
Drosophila_ananassae_Drosophila_ananassae__LOC6500548__XP_001953433.1	351	351	351	336	AAG	0.0	0	below_threshold	high	0.062	False	user_msa
Drosophila_biarmipes_Drosophila_biarmipes__LOC108032098__XP_016961415.1	351	351	351	336	AAG	0.0	0	below_threshold	high	0.062	False	user_msa
Drosophila_mauritiana_Drosophila_mauritiana__LOC117142441__XP_033162295.1	351	351	351	336	AAG	0.0	0	below_threshold	high	0.062	False	user_msa
Drosophila_melanogaster_Drosophila_melanogaster__betaTub85D__NP_524290.2	351	351	351	336	AAG	0.0	0	below_threshold	high	0.062	False	user_msa
Drosophila_pseudoobscura_Drosophila_pseudoobscura__betaTub85D__XP_001357842.1	351	351	351	336	AAG	0.0	0	below_threshold	high	0.062	False	user_msa
Drosophila_sechellia_Drosophila_sechellia__betaTub85D__XP_002031904.1	351	351	351	336	AAG	0.0	0	below_threshold	high	0.062	False	user_msa
Drosophila_simulans_Drosophila_simulans__LOC6728793__XP_002104128.1	351	351	351	336	AAG	0.0	0	below_threshold	high	0.062	False	user_msa
Drosophila_subobscura_Drosophila_subobscura__LOC117897634__XP_034662499.1	351	351	351	336	AAG	0.0	0	below_threshold	high	0.062	False	user_msa
Drosophila_suzukii_Drosophila_suzukii__betaTub85D__XP_016937909.1	351	351	351	336	AAG	0.0	0	below_threshold	high	0.062	False	user_msa
Drosophila_virilis_Drosophila_virilis__betaTub85D__XP_002053003.1	351	351	351	336	AAG	0.0	0	below_threshold	high	0.062	False	user_msa
Drosophila_willistoni_Drosophila_willistoni__LOC6647585__XP_002070575.1	351	351	351	336	AAG	0.0	0	below_threshold	high	0.062	False	user_msa
Drosophila_yakuba_Drosophila_yakuba__LOC6536356__XP_002096938.1	351	351	351	336	AAG	0.0	0	below_threshold	high	0.062	False	user_msa
Drosophila_ananassae_Drosophila_ananassae__LOC6500548__XP_001953433.1	352	352	352	337	AAC	0.0	0	below_threshold	high	0.062	False	user_msa
Drosophila_biarmipes_Drosophila_biarmipes__LOC108032098__XP_016961415.1	352	352	352	337	AAC	0.0	0	below_threshold	high	0.062	False	user_msa
Drosophila_mauritiana_Drosophila_mauritiana__LOC117142441__XP_033162295.1	352	352	352	337	AAC	0.0	0	below_threshold	high	0.062	False	user_msa
Drosophila_melanogaster_Drosophila_melanogaster__betaTub85D__NP_524290.2	352	352	352	337	AAC	0.0	0	below_threshold	high	0.062	False	user_msa
Drosophila_pseudoobscura_Drosophila_pseudoobscura__betaTub85D__XP_001357842.1	352	352	352	337	AAC	0.0	0	below_threshold	high	0.062	False	user_msa
Drosophila_sechellia_Drosophila_sechellia__betaTub85D__XP_002031904.1	352	352	352	337	AAC	0.0	0	below_threshold	high	0.062	False	user_msa
Drosophila_simulans_Drosophila_simulans__LOC6728793__XP_002104128.1	352	352	352	337	AAC	0.0	0	below_threshold	high	0.062	False	user_msa
Drosophila_subobscura_Drosophila_subobscura__LOC117897634__XP_034662499.1	352	352	352	337	AAC	0.0	0	below_threshold	high	0.062	False	user_msa
Drosophila_suzukii_Drosophila_suzukii__betaTub85D__XP_016937909.1	352	352	352	337	AAC	0.0	0	below_threshold	high	0.062	False	user_msa
Drosophila_virilis_Drosophila_virilis__betaTub85D__XP_002053003.1	352	352	352	337	AAC	0.0	0	below_threshold	high	0.062	False	user_msa
Drosophila_willistoni_Drosophila_willistoni__LOC6647585__XP_002070575.1	352	352	352	337	AAT	0.0	0	below_threshold	high	0.062	False	user_msa
Drosophila_yakuba_Drosophila_yakuba__LOC6536356__XP_002096938.1	352	352	352	337	AAC	0.0	0	below_threshold	high	0.062	False	user_msa
Drosophila_ananassae_Drosophila_ananassae__LOC6500548__XP_001953433.1	353	353	353	338	AGC	0.0	0	below_threshold	high	0.062	False	user_msa
Drosophila_biarmipes_Drosophila_biarmipes__LOC108032098__XP_016961415.1	353	353	353	338	AGC	0.0	0	below_threshold	high	0.062	False	user_msa
Drosophila_mauritiana_Drosophila_mauritiana__LOC117142441__XP_033162295.1	353	353	353	338	AGC	0.0	0	below_threshold	high	0.062	False	user_msa
Drosophila_melanogaster_Drosophila_melanogaster__betaTub85D__NP_524290.2	353	353	353	338	AGC	0.0	0	below_threshold	high	0.062	False	user_msa
Drosophila_pseudoobscura_Drosophila_pseudoobscura__betaTub85D__XP_001357842.1	353	353	353	338	AGC	0.0	0	below_threshold	high	0.062	False	user_msa
Drosophila_sechellia_Drosophila_sechellia__betaTub85D__XP_002031904.1	353	353	353	338	AGC	0.0	0	below_threshold	high	0.062	False	user_msa
Drosophila_simulans_Drosophila_simulans__LOC6728793__XP_002104128.1	353	353	353	338	AGC	0.0	0	below_threshold	high	0.062	False	user_msa
Drosophila_subobscura_Drosophila_subobscura__LOC117897634__XP_034662499.1	353	353	353	338	AGC	0.0	0	below_threshold	high	0.062	False	user_msa
Drosophila_suzukii_Drosophila_suzukii__betaTub85D__XP_016937909.1	353	353	353	338	AGC	0.0	0	below_threshold	high	0.062	False	user_msa
Drosophila_virilis_Drosophila_virilis__betaTub85D__XP_002053003.1	353	353	353	338	AGT	0.0	0	below_threshold	high	0.062	False	user_msa
Drosophila_willistoni_Drosophila_willistoni__LOC6647585__XP_002070575.1	353	353	353	338	AGC	0.0	0	below_threshold	high	0.062	False	user_msa
Drosophila_yakuba_Drosophila_yakuba__LOC6536356__XP_002096938.1	353	353	353	338	AGC	0.0	0	below_threshold	high	0.062	False	user_msa
Drosophila_ananassae_Drosophila_ananassae__LOC6500548__XP_001953433.1	354	354	354	339	AGC	0.0	0	below_threshold	high	0.062	False	user_msa
Drosophila_biarmipes_Drosophila_biarmipes__LOC108032098__XP_016961415.1	354	354	354	339	AGC	0.0	0	below_threshold	high	0.062	False	user_msa
Drosophila_mauritiana_Drosophila_mauritiana__LOC117142441__XP_033162295.1	354	354	354	339	AGC	0.0	0	below_threshold	high	0.062	False	user_msa
Drosophila_melanogaster_Drosophila_melanogaster__betaTub85D__NP_524290.2	354	354	354	339	AGC	0.0	0	below_threshold	high	0.062	False	user_msa
Drosophila_pseudoobscura_Drosophila_pseudoobscura__betaTub85D__XP_001357842.1	354	354	354	339	AGC	0.0	0	below_threshold	high	0.062	False	user_msa
Drosophila_sechellia_Drosophila_sechellia__betaTub85D__XP_002031904.1	354	354	354	339	AGC	0.0	0	below_threshold	high	0.062	False	user_msa
Drosophila_simulans_Drosophila_simulans__LOC6728793__XP_002104128.1	354	354	354	339	AGC	0.0	0	below_threshold	high	0.062	False	user_msa
Drosophila_subobscura_Drosophila_subobscura__LOC117897634__XP_034662499.1	354	354	354	339	AGC	0.0	0	below_threshold	high	0.062	False	user_msa
Drosophila_suzukii_Drosophila_suzukii__betaTub85D__XP_016937909.1	354	354	354	339	AGC	0.0	0	below_threshold	high	0.062	False	user_msa
Drosophila_virilis_Drosophila_virilis__betaTub85D__XP_002053003.1	354	354	354	339	AGC	0.0	0	below_threshold	high	0.062	False	user_msa
Drosophila_willistoni_Drosophila_willistoni__LOC6647585__XP_002070575.1	354	354	354	339	AGT	0.0	0	below_threshold	high	0.062	False	user_msa
Drosophila_yakuba_Drosophila_yakuba__LOC6536356__XP_002096938.1	354	354	354	339	AGC	0.0	0	below_threshold	high	0.062	False	user_msa
Drosophila_ananassae_Drosophila_ananassae__LOC6500548__XP_001953433.1	355	355	355	340	TTC	0.0	0	below_threshold	high	0.062	False	user_msa
Drosophila_biarmipes_Drosophila_biarmipes__LOC108032098__XP_016961415.1	355	355	355	340	TTC	0.0	0	below_threshold	high	0.062	False	user_msa
Drosophila_mauritiana_Drosophila_mauritiana__LOC117142441__XP_033162295.1	355	355	355	340	TTC	0.0	0	below_threshold	high	0.062	False	user_msa
Drosophila_melanogaster_Drosophila_melanogaster__betaTub85D__NP_524290.2	355	355	355	340	TTC	0.0	0	below_threshold	high	0.062	False	user_msa
Drosophila_pseudoobscura_Drosophila_pseudoobscura__betaTub85D__XP_001357842.1	355	355	355	340	TTC	0.0	0	below_threshold	high	0.062	False	user_msa
Drosophila_sechellia_Drosophila_sechellia__betaTub85D__XP_002031904.1	355	355	355	340	TTC	0.0	0	below_threshold	high	0.062	False	user_msa
Drosophila_simulans_Drosophila_simulans__LOC6728793__XP_002104128.1	355	355	355	340	TTC	0.0	0	below_threshold	high	0.062	False	user_msa
Drosophila_subobscura_Drosophila_subobscura__LOC117897634__XP_034662499.1	355	355	355	340	TTC	0.0	0	below_threshold	high	0.062	False	user_msa
Drosophila_suzukii_Drosophila_suzukii__betaTub85D__XP_016937909.1	355	355	355	340	TTC	0.0	0	below_threshold	high	0.062	False	user_msa
Drosophila_virilis_Drosophila_virilis__betaTub85D__XP_002053003.1	355	355	355	340	TTC	0.0	0	below_threshold	high	0.062	False	user_msa
Drosophila_willistoni_Drosophila_willistoni__LOC6647585__XP_002070575.1	355	355	355	340	TTC	0.0	0	below_threshold	high	0.062	False	user_msa
Drosophila_yakuba_Drosophila_yakuba__LOC6536356__XP_002096938.1	355	355	355	340	TTC	0.0	0	below_threshold	high	0.062	False	user_msa
Drosophila_ananassae_Drosophila_ananassae__LOC6500548__XP_001953433.1	356	356	356	341	TTC	0.0	0	below_threshold	high	0.062	False	user_msa
Drosophila_biarmipes_Drosophila_biarmipes__LOC108032098__XP_016961415.1	356	356	356	341	TTC	0.0	0	below_threshold	high	0.062	False	user_msa
Drosophila_mauritiana_Drosophila_mauritiana__LOC117142441__XP_033162295.1	356	356	356	341	TTC	0.0	0	below_threshold	high	0.062	False	user_msa
Drosophila_melanogaster_Drosophila_melanogaster__betaTub85D__NP_524290.2	356	356	356	341	TTC	0.0	0	below_threshold	high	0.062	False	user_msa
Drosophila_pseudoobscura_Drosophila_pseudoobscura__betaTub85D__XP_001357842.1	356	356	356	341	TTC	0.0	0	below_threshold	high	0.062	False	user_msa
Drosophila_sechellia_Drosophila_sechellia__betaTub85D__XP_002031904.1	356	356	356	341	TTC	0.0	0	below_threshold	high	0.062	False	user_msa
Drosophila_simulans_Drosophila_simulans__LOC6728793__XP_002104128.1	356	356	356	341	TTC	0.0	0	below_threshold	high	0.062	False	user_msa
Drosophila_subobscura_Drosophila_subobscura__LOC117897634__XP_034662499.1	356	356	356	341	TTC	0.0	0	below_threshold	high	0.062	False	user_msa
Drosophila_suzukii_Drosophila_suzukii__betaTub85D__XP_016937909.1	356	356	356	341	TTC	0.0	0	below_threshold	high	0.062	False	user_msa
Drosophila_virilis_Drosophila_virilis__betaTub85D__XP_002053003.1	356	356	356	341	TTT	0.0	0	below_threshold	high	0.062	False	user_msa
Drosophila_willistoni_Drosophila_willistoni__LOC6647585__XP_002070575.1	356	356	356	341	TTT	0.0	0	below_threshold	high	0.062	False	user_msa
Drosophila_yakuba_Drosophila_yakuba__LOC6536356__XP_002096938.1	356	356	356	341	TTT	0.0	0	below_threshold	high	0.062	False	user_msa
Drosophila_ananassae_Drosophila_ananassae__LOC6500548__XP_001953433.1	357	357	357	342	GTC	0.0	0	below_threshold	high	0.062	False	user_msa
Drosophila_biarmipes_Drosophila_biarmipes__LOC108032098__XP_016961415.1	357	357	357	342	GTG	0.0	0	below_threshold	high	0.062	False	user_msa
Drosophila_mauritiana_Drosophila_mauritiana__LOC117142441__XP_033162295.1	357	357	357	342	GTG	0.0	0	below_threshold	high	0.062	False	user_msa
Drosophila_melanogaster_Drosophila_melanogaster__betaTub85D__NP_524290.2	357	357	357	342	GTG	0.0	0	below_threshold	high	0.062	False	user_msa
Drosophila_pseudoobscura_Drosophila_pseudoobscura__betaTub85D__XP_001357842.1	357	357	357	342	GTC	0.0	0	below_threshold	high	0.062	False	user_msa
Drosophila_sechellia_Drosophila_sechellia__betaTub85D__XP_002031904.1	357	357	357	342	GTG	0.0	0	below_threshold	high	0.062	False	user_msa
Drosophila_simulans_Drosophila_simulans__LOC6728793__XP_002104128.1	357	357	357	342	GTG	0.0	0	below_threshold	high	0.062	False	user_msa
Drosophila_subobscura_Drosophila_subobscura__LOC117897634__XP_034662499.1	357	357	357	342	GTC	0.0	0	below_threshold	high	0.062	False	user_msa
Drosophila_suzukii_Drosophila_suzukii__betaTub85D__XP_016937909.1	357	357	357	342	GTG	0.0	0	below_threshold	high	0.062	False	user_msa
Drosophila_virilis_Drosophila_virilis__betaTub85D__XP_002053003.1	357	357	357	342	GTT	0.0	0	below_threshold	high	0.062	False	user_msa
Drosophila_willistoni_Drosophila_willistoni__LOC6647585__XP_002070575.1	357	357	357	342	GTG	0.0	0	below_threshold	high	0.062	False	user_msa
Drosophila_yakuba_Drosophila_yakuba__LOC6536356__XP_002096938.1	357	357	357	342	GTG	0.0	0	below_threshold	high	0.062	False	user_msa
Drosophila_ananassae_Drosophila_ananassae__LOC6500548__XP_001953433.1	358	358	358	343	GAA	0.0	0	below_threshold	high	0.062	False	user_msa
Drosophila_biarmipes_Drosophila_biarmipes__LOC108032098__XP_016961415.1	358	358	358	343	GAG	0.0	0	below_threshold	high	0.062	False	user_msa
Drosophila_mauritiana_Drosophila_mauritiana__LOC117142441__XP_033162295.1	358	358	358	343	GAA	0.0	0	below_threshold	high	0.062	False	user_msa
Drosophila_melanogaster_Drosophila_melanogaster__betaTub85D__NP_524290.2	358	358	358	343	GAA	0.0	0	below_threshold	high	0.062	False	user_msa
Drosophila_pseudoobscura_Drosophila_pseudoobscura__betaTub85D__XP_001357842.1	358	358	358	343	GAG	0.0	0	below_threshold	high	0.062	False	user_msa
Drosophila_sechellia_Drosophila_sechellia__betaTub85D__XP_002031904.1	358	358	358	343	GAA	0.0	0	below_threshold	high	0.062	False	user_msa
Drosophila_simulans_Drosophila_simulans__LOC6728793__XP_002104128.1	358	358	358	343	GAA	0.0	0	below_threshold	high	0.062	False	user_msa
Drosophila_subobscura_Drosophila_subobscura__LOC117897634__XP_034662499.1	358	358	358	343	GAG	0.0	0	below_threshold	high	0.062	False	user_msa
Drosophila_suzukii_Drosophila_suzukii__betaTub85D__XP_016937909.1	358	358	358	343	GAG	0.0	0	below_threshold	high	0.062	False	user_msa
Drosophila_virilis_Drosophila_virilis__betaTub85D__XP_002053003.1	358	358	358	343	GAG	0.0	0	below_threshold	high	0.062	False	user_msa
Drosophila_willistoni_Drosophila_willistoni__LOC6647585__XP_002070575.1	358	358	358	343	GAA	0.0	0	below_threshold	high	0.062	False	user_msa
Drosophila_yakuba_Drosophila_yakuba__LOC6536356__XP_002096938.1	358	358	358	343	GAA	0.0	0	below_threshold	high	0.062	False	user_msa
Drosophila_ananassae_Drosophila_ananassae__LOC6500548__XP_001953433.1	359	359	359	344	TGG	0.0	0	below_threshold	high	0.062	False	user_msa
Drosophila_biarmipes_Drosophila_biarmipes__LOC108032098__XP_016961415.1	359	359	359	344	TGG	0.0	0	below_threshold	high	0.062	False	user_msa
Drosophila_mauritiana_Drosophila_mauritiana__LOC117142441__XP_033162295.1	359	359	359	344	TGG	0.0	0	below_threshold	high	0.062	False	user_msa
Drosophila_melanogaster_Drosophila_melanogaster__betaTub85D__NP_524290.2	359	359	359	344	TGG	0.0	0	below_threshold	high	0.062	False	user_msa
Drosophila_pseudoobscura_Drosophila_pseudoobscura__betaTub85D__XP_001357842.1	359	359	359	344	TGG	0.0	0	below_threshold	high	0.062	False	user_msa
Drosophila_sechellia_Drosophila_sechellia__betaTub85D__XP_002031904.1	359	359	359	344	TGG	0.0	0	below_threshold	high	0.062	False	user_msa
Drosophila_simulans_Drosophila_simulans__LOC6728793__XP_002104128.1	359	359	359	344	TGG	0.0	0	below_threshold	high	0.062	False	user_msa
Drosophila_subobscura_Drosophila_subobscura__LOC117897634__XP_034662499.1	359	359	359	344	TGG	0.0	0	below_threshold	high	0.062	False	user_msa
Drosophila_suzukii_Drosophila_suzukii__betaTub85D__XP_016937909.1	359	359	359	344	TGG	0.0	0	below_threshold	high	0.062	False	user_msa
Drosophila_virilis_Drosophila_virilis__betaTub85D__XP_002053003.1	359	359	359	344	TGG	0.0	0	below_threshold	high	0.062	False	user_msa
Drosophila_willistoni_Drosophila_willistoni__LOC6647585__XP_002070575.1	359	359	359	344	TGG	0.0	0	below_threshold	high	0.062	False	user_msa
Drosophila_yakuba_Drosophila_yakuba__LOC6536356__XP_002096938.1	359	359	359	344	TGG	0.0	0	below_threshold	high	0.062	False	user_msa
Drosophila_ananassae_Drosophila_ananassae__LOC6500548__XP_001953433.1	360	360	360	345	ATC	0.0	0	below_threshold	high	0.062	False	user_msa
Drosophila_biarmipes_Drosophila_biarmipes__LOC108032098__XP_016961415.1	360	360	360	345	ATC	0.0	0	below_threshold	high	0.062	False	user_msa
Drosophila_mauritiana_Drosophila_mauritiana__LOC117142441__XP_033162295.1	360	360	360	345	ATC	0.0	0	below_threshold	high	0.062	False	user_msa
Drosophila_melanogaster_Drosophila_melanogaster__betaTub85D__NP_524290.2	360	360	360	345	ATC	0.0	0	below_threshold	high	0.062	False	user_msa
Drosophila_pseudoobscura_Drosophila_pseudoobscura__betaTub85D__XP_001357842.1	360	360	360	345	ATA	0.0	0	below_threshold	high	0.062	False	user_msa
Drosophila_sechellia_Drosophila_sechellia__betaTub85D__XP_002031904.1	360	360	360	345	ATC	0.0	0	below_threshold	high	0.062	False	user_msa
Drosophila_simulans_Drosophila_simulans__LOC6728793__XP_002104128.1	360	360	360	345	ATC	0.0	0	below_threshold	high	0.062	False	user_msa
Drosophila_subobscura_Drosophila_subobscura__LOC117897634__XP_034662499.1	360	360	360	345	ATA	0.0	0	below_threshold	high	0.062	False	user_msa
Drosophila_suzukii_Drosophila_suzukii__betaTub85D__XP_016937909.1	360	360	360	345	ATC	0.0	0	below_threshold	high	0.062	False	user_msa
Drosophila_virilis_Drosophila_virilis__betaTub85D__XP_002053003.1	360	360	360	345	ATT	0.0	0	below_threshold	high	0.062	False	user_msa
Drosophila_willistoni_Drosophila_willistoni__LOC6647585__XP_002070575.1	360	360	360	345	ATT	0.0	0	below_threshold	high	0.062	False	user_msa
Drosophila_yakuba_Drosophila_yakuba__LOC6536356__XP_002096938.1	360	360	360	345	ATC	0.0	0	below_threshold	high	0.062	False	user_msa
Drosophila_ananassae_Drosophila_ananassae__LOC6500548__XP_001953433.1	361	361	361	346	CCC	0.0	0	below_threshold	high	0.062	False	user_msa
Drosophila_biarmipes_Drosophila_biarmipes__LOC108032098__XP_016961415.1	361	361	361	346	CCC	0.0	0	below_threshold	high	0.062	False	user_msa
Drosophila_mauritiana_Drosophila_mauritiana__LOC117142441__XP_033162295.1	361	361	361	346	CCG	0.0	0	below_threshold	high	0.062	False	user_msa
Drosophila_melanogaster_Drosophila_melanogaster__betaTub85D__NP_524290.2	361	361	361	346	CCG	0.0	0	below_threshold	high	0.062	False	user_msa
Drosophila_pseudoobscura_Drosophila_pseudoobscura__betaTub85D__XP_001357842.1	361	361	361	346	CCC	0.0	0	below_threshold	high	0.062	False	user_msa
Drosophila_sechellia_Drosophila_sechellia__betaTub85D__XP_002031904.1	361	361	361	346	CCG	0.0	0	below_threshold	high	0.062	False	user_msa
Drosophila_simulans_Drosophila_simulans__LOC6728793__XP_002104128.1	361	361	361	346	CCG	0.0	0	below_threshold	high	0.062	False	user_msa
Drosophila_subobscura_Drosophila_subobscura__LOC117897634__XP_034662499.1	361	361	361	346	CCC	0.0	0	below_threshold	high	0.062	False	user_msa
Drosophila_suzukii_Drosophila_suzukii__betaTub85D__XP_016937909.1	361	361	361	346	CCG	0.0	0	below_threshold	high	0.062	False	user_msa
Drosophila_virilis_Drosophila_virilis__betaTub85D__XP_002053003.1	361	361	361	346	CCA	0.0	0	below_threshold	high	0.062	False	user_msa
Drosophila_willistoni_Drosophila_willistoni__LOC6647585__XP_002070575.1	361	361	361	346	CCG	0.0	0	below_threshold	high	0.062	False	user_msa
Drosophila_yakuba_Drosophila_yakuba__LOC6536356__XP_002096938.1	361	361	361	346	CCG	0.0	0	below_threshold	high	0.062	False	user_msa
Drosophila_ananassae_Drosophila_ananassae__LOC6500548__XP_001953433.1	362	362	362	347	AAC	0.0	0	below_threshold	high	0.062	False	user_msa
Drosophila_biarmipes_Drosophila_biarmipes__LOC108032098__XP_016961415.1	362	362	362	347	AAC	0.0	0	below_threshold	high	0.062	False	user_msa
Drosophila_mauritiana_Drosophila_mauritiana__LOC117142441__XP_033162295.1	362	362	362	347	AAT	0.0	0	below_threshold	high	0.062	False	user_msa
Drosophila_melanogaster_Drosophila_melanogaster__betaTub85D__NP_524290.2	362	362	362	347	AAT	0.0	0	below_threshold	high	0.062	False	user_msa
Drosophila_pseudoobscura_Drosophila_pseudoobscura__betaTub85D__XP_001357842.1	362	362	362	347	AAC	0.0	0	below_threshold	high	0.062	False	user_msa
Drosophila_sechellia_Drosophila_sechellia__betaTub85D__XP_002031904.1	362	362	362	347	AAT	0.0	0	below_threshold	high	0.062	False	user_msa
Drosophila_simulans_Drosophila_simulans__LOC6728793__XP_002104128.1	362	362	362	347	AAT	0.0	0	below_threshold	high	0.062	False	user_msa
Drosophila_subobscura_Drosophila_subobscura__LOC117897634__XP_034662499.1	362	362	362	347	AAT	0.0	0	below_threshold	high	0.062	False	user_msa
Drosophila_suzukii_Drosophila_suzukii__betaTub85D__XP_016937909.1	362	362	362	347	AAC	0.0	0	below_threshold	high	0.062	False	user_msa
Drosophila_virilis_Drosophila_virilis__betaTub85D__XP_002053003.1	362	362	362	347	AAC	0.0	0	below_threshold	high	0.062	False	user_msa
Drosophila_willistoni_Drosophila_willistoni__LOC6647585__XP_002070575.1	362	362	362	347	AAT	0.0	0	below_threshold	high	0.062	False	user_msa
Drosophila_yakuba_Drosophila_yakuba__LOC6536356__XP_002096938.1	362	362	362	347	AAT	0.0	0	below_threshold	high	0.062	False	user_msa
Drosophila_ananassae_Drosophila_ananassae__LOC6500548__XP_001953433.1	363	363	363	348	AAT	0.0	0	below_threshold	high	0.062	False	user_msa
Drosophila_biarmipes_Drosophila_biarmipes__LOC108032098__XP_016961415.1	363	363	363	348	AAC	0.0	0	below_threshold	high	0.062	False	user_msa
Drosophila_mauritiana_Drosophila_mauritiana__LOC117142441__XP_033162295.1	363	363	363	348	AAC	0.0	0	below_threshold	high	0.062	False	user_msa
Drosophila_melanogaster_Drosophila_melanogaster__betaTub85D__NP_524290.2	363	363	363	348	AAC	0.0	0	below_threshold	high	0.062	False	user_msa
Drosophila_pseudoobscura_Drosophila_pseudoobscura__betaTub85D__XP_001357842.1	363	363	363	348	AAC	0.0	0	below_threshold	high	0.062	False	user_msa
Drosophila_sechellia_Drosophila_sechellia__betaTub85D__XP_002031904.1	363	363	363	348	AAC	0.0	0	below_threshold	high	0.062	False	user_msa
Drosophila_simulans_Drosophila_simulans__LOC6728793__XP_002104128.1	363	363	363	348	AAC	0.0	0	below_threshold	high	0.062	False	user_msa
Drosophila_subobscura_Drosophila_subobscura__LOC117897634__XP_034662499.1	363	363	363	348	AAC	0.0	0	below_threshold	high	0.062	False	user_msa
Drosophila_suzukii_Drosophila_suzukii__betaTub85D__XP_016937909.1	363	363	363	348	AAT	0.0	0	below_threshold	high	0.062	False	user_msa
Drosophila_virilis_Drosophila_virilis__betaTub85D__XP_002053003.1	363	363	363	348	AAC	0.0	0	below_threshold	high	0.062	False	user_msa
Drosophila_willistoni_Drosophila_willistoni__LOC6647585__XP_002070575.1	363	363	363	348	AAC	0.0	0	below_threshold	high	0.062	False	user_msa
Drosophila_yakuba_Drosophila_yakuba__LOC6536356__XP_002096938.1	363	363	363	348	AAT	0.0	0	below_threshold	high	0.062	False	user_msa
Drosophila_ananassae_Drosophila_ananassae__LOC6500548__XP_001953433.1	364	364	364	349	TGC	0.0	0	below_threshold	high	0.062	False	user_msa
Drosophila_biarmipes_Drosophila_biarmipes__LOC108032098__XP_016961415.1	364	364	364	349	TGC	0.0	0	below_threshold	high	0.062	False	user_msa
Drosophila_mauritiana_Drosophila_mauritiana__LOC117142441__XP_033162295.1	364	364	364	349	TGC	0.0	0	below_threshold	high	0.062	False	user_msa
Drosophila_melanogaster_Drosophila_melanogaster__betaTub85D__NP_524290.2	364	364	364	349	TGC	0.0	0	below_threshold	high	0.062	False	user_msa
Drosophila_pseudoobscura_Drosophila_pseudoobscura__betaTub85D__XP_001357842.1	364	364	364	349	TGC	0.0	0	below_threshold	high	0.062	False	user_msa
Drosophila_sechellia_Drosophila_sechellia__betaTub85D__XP_002031904.1	364	364	364	349	TGC	0.0	0	below_threshold	high	0.062	False	user_msa
Drosophila_simulans_Drosophila_simulans__LOC6728793__XP_002104128.1	364	364	364	349	TGC	0.0	0	below_threshold	high	0.062	False	user_msa
Drosophila_subobscura_Drosophila_subobscura__LOC117897634__XP_034662499.1	364	364	364	349	TGC	0.0	0	below_threshold	high	0.062	False	user_msa
Drosophila_suzukii_Drosophila_suzukii__betaTub85D__XP_016937909.1	364	364	364	349	TGC	0.0	0	below_threshold	high	0.062	False	user_msa
Drosophila_virilis_Drosophila_virilis__betaTub85D__XP_002053003.1	364	364	364	349	TGC	0.0	0	below_threshold	high	0.062	False	user_msa
Drosophila_willistoni_Drosophila_willistoni__LOC6647585__XP_002070575.1	364	364	364	349	TGC	0.0	0	below_threshold	high	0.062	False	user_msa
Drosophila_yakuba_Drosophila_yakuba__LOC6536356__XP_002096938.1	364	364	364	349	TGC	0.0	0	below_threshold	high	0.062	False	user_msa
Drosophila_ananassae_Drosophila_ananassae__LOC6500548__XP_001953433.1	365	365	365	350	AAG	0.0	0	below_threshold	high	0.062	False	user_msa
Drosophila_biarmipes_Drosophila_biarmipes__LOC108032098__XP_016961415.1	365	365	365	350	AAG	0.0	0	below_threshold	high	0.062	False	user_msa
Drosophila_mauritiana_Drosophila_mauritiana__LOC117142441__XP_033162295.1	365	365	365	350	AAG	0.0	0	below_threshold	high	0.062	False	user_msa
Drosophila_melanogaster_Drosophila_melanogaster__betaTub85D__NP_524290.2	365	365	365	350	AAG	0.0	0	below_threshold	high	0.062	False	user_msa
Drosophila_pseudoobscura_Drosophila_pseudoobscura__betaTub85D__XP_001357842.1	365	365	365	350	AAG	0.0	0	below_threshold	high	0.062	False	user_msa
Drosophila_sechellia_Drosophila_sechellia__betaTub85D__XP_002031904.1	365	365	365	350	AAG	0.0	0	below_threshold	high	0.062	False	user_msa
Drosophila_simulans_Drosophila_simulans__LOC6728793__XP_002104128.1	365	365	365	350	AAG	0.0	0	below_threshold	high	0.062	False	user_msa
Drosophila_subobscura_Drosophila_subobscura__LOC117897634__XP_034662499.1	365	365	365	350	AAG	0.0	0	below_threshold	high	0.062	False	user_msa
Drosophila_suzukii_Drosophila_suzukii__betaTub85D__XP_016937909.1	365	365	365	350	AAG	0.0	0	below_threshold	high	0.062	False	user_msa
Drosophila_virilis_Drosophila_virilis__betaTub85D__XP_002053003.1	365	365	365	350	AAG	0.0	0	below_threshold	high	0.062	False	user_msa
Drosophila_willistoni_Drosophila_willistoni__LOC6647585__XP_002070575.1	365	365	365	350	AAG	0.0	0	below_threshold	high	0.062	False	user_msa
Drosophila_yakuba_Drosophila_yakuba__LOC6536356__XP_002096938.1	365	365	365	350	AAG	0.0	0	below_threshold	high	0.062	False	user_msa
Drosophila_ananassae_Drosophila_ananassae__LOC6500548__XP_001953433.1	366	366	366	351	ACA	0.0	0	below_threshold	high	0.062	False	user_msa
Drosophila_biarmipes_Drosophila_biarmipes__LOC108032098__XP_016961415.1	366	366	366	351	ACG	0.0	0	below_threshold	high	0.062	False	user_msa
Drosophila_mauritiana_Drosophila_mauritiana__LOC117142441__XP_033162295.1	366	366	366	351	ACA	0.0	0	below_threshold	high	0.062	False	user_msa
Drosophila_melanogaster_Drosophila_melanogaster__betaTub85D__NP_524290.2	366	366	366	351	ACA	0.0	0	below_threshold	high	0.062	False	user_msa
Drosophila_pseudoobscura_Drosophila_pseudoobscura__betaTub85D__XP_001357842.1	366	366	366	351	ACG	0.0	0	below_threshold	high	0.062	False	user_msa
Drosophila_sechellia_Drosophila_sechellia__betaTub85D__XP_002031904.1	366	366	366	351	ACA	0.0	0	below_threshold	high	0.062	False	user_msa
Drosophila_simulans_Drosophila_simulans__LOC6728793__XP_002104128.1	366	366	366	351	ACA	0.0	0	below_threshold	high	0.062	False	user_msa
Drosophila_subobscura_Drosophila_subobscura__LOC117897634__XP_034662499.1	366	366	366	351	ACG	0.0	0	below_threshold	high	0.062	False	user_msa
Drosophila_suzukii_Drosophila_suzukii__betaTub85D__XP_016937909.1	366	366	366	351	ACG	0.0	0	below_threshold	high	0.062	False	user_msa
Drosophila_virilis_Drosophila_virilis__betaTub85D__XP_002053003.1	366	366	366	351	ACA	0.0	0	below_threshold	high	0.062	False	user_msa
Drosophila_willistoni_Drosophila_willistoni__LOC6647585__XP_002070575.1	366	366	366	351	ACA	0.0	0	below_threshold	high	0.062	False	user_msa
Drosophila_yakuba_Drosophila_yakuba__LOC6536356__XP_002096938.1	366	366	366	351	ACG	0.0	0	below_threshold	high	0.062	False	user_msa
Drosophila_ananassae_Drosophila_ananassae__LOC6500548__XP_001953433.1	367	367	367	352	GCG	0.0	0	below_threshold	high	0.062	False	user_msa
Drosophila_biarmipes_Drosophila_biarmipes__LOC108032098__XP_016961415.1	367	367	367	352	GCG	0.0	0	below_threshold	high	0.062	False	user_msa
Drosophila_mauritiana_Drosophila_mauritiana__LOC117142441__XP_033162295.1	367	367	367	352	GCG	0.0	0	below_threshold	high	0.062	False	user_msa
Drosophila_melanogaster_Drosophila_melanogaster__betaTub85D__NP_524290.2	367	367	367	352	GCG	0.0	0	below_threshold	high	0.062	False	user_msa
Drosophila_pseudoobscura_Drosophila_pseudoobscura__betaTub85D__XP_001357842.1	367	367	367	352	GCC	0.0	0	below_threshold	high	0.062	False	user_msa
Drosophila_sechellia_Drosophila_sechellia__betaTub85D__XP_002031904.1	367	367	367	352	GCG	0.0	0	below_threshold	high	0.062	False	user_msa
Drosophila_simulans_Drosophila_simulans__LOC6728793__XP_002104128.1	367	367	367	352	GCG	0.0	0	below_threshold	high	0.062	False	user_msa
Drosophila_subobscura_Drosophila_subobscura__LOC117897634__XP_034662499.1	367	367	367	352	GCA	0.0	0	below_threshold	high	0.062	False	user_msa
Drosophila_suzukii_Drosophila_suzukii__betaTub85D__XP_016937909.1	367	367	367	352	GCG	0.0	0	below_threshold	high	0.062	False	user_msa
Drosophila_virilis_Drosophila_virilis__betaTub85D__XP_002053003.1	367	367	367	352	GCC	0.0	0	below_threshold	high	0.062	False	user_msa
Drosophila_willistoni_Drosophila_willistoni__LOC6647585__XP_002070575.1	367	367	367	352	GCC	0.0	0	below_threshold	high	0.062	False	user_msa
Drosophila_yakuba_Drosophila_yakuba__LOC6536356__XP_002096938.1	367	367	367	352	GCG	0.0	0	below_threshold	high	0.062	False	user_msa
Drosophila_ananassae_Drosophila_ananassae__LOC6500548__XP_001953433.1	368	368	368	353	GTG	0.0	0	below_threshold	high	0.062	False	user_msa
Drosophila_biarmipes_Drosophila_biarmipes__LOC108032098__XP_016961415.1	368	368	368	353	GTG	0.0	0	below_threshold	high	0.062	False	user_msa
Drosophila_mauritiana_Drosophila_mauritiana__LOC117142441__XP_033162295.1	368	368	368	353	GTG	0.0	0	below_threshold	high	0.062	False	user_msa
Drosophila_melanogaster_Drosophila_melanogaster__betaTub85D__NP_524290.2	368	368	368	353	GTG	0.0	0	below_threshold	high	0.062	False	user_msa
Drosophila_pseudoobscura_Drosophila_pseudoobscura__betaTub85D__XP_001357842.1	368	368	368	353	GTG	0.0	0	below_threshold	high	0.062	False	user_msa
Drosophila_sechellia_Drosophila_sechellia__betaTub85D__XP_002031904.1	368	368	368	353	GTG	0.0	0	below_threshold	high	0.062	False	user_msa
Drosophila_simulans_Drosophila_simulans__LOC6728793__XP_002104128.1	368	368	368	353	GTG	0.0	0	below_threshold	high	0.062	False	user_msa
Drosophila_subobscura_Drosophila_subobscura__LOC117897634__XP_034662499.1	368	368	368	353	GTG	0.0	0	below_threshold	high	0.062	False	user_msa
Drosophila_suzukii_Drosophila_suzukii__betaTub85D__XP_016937909.1	368	368	368	353	GTG	0.0	0	below_threshold	high	0.062	False	user_msa
Drosophila_virilis_Drosophila_virilis__betaTub85D__XP_002053003.1	368	368	368	353	GTG	0.0	0	below_threshold	high	0.062	False	user_msa
Drosophila_willistoni_Drosophila_willistoni__LOC6647585__XP_002070575.1	368	368	368	353	GTT	0.0	0	below_threshold	high	0.062	False	user_msa
Drosophila_yakuba_Drosophila_yakuba__LOC6536356__XP_002096938.1	368	368	368	353	GTG	0.0	0	below_threshold	high	0.062	False	user_msa
Drosophila_ananassae_Drosophila_ananassae__LOC6500548__XP_001953433.1	369	369	369	354	TGC	0.0	0	below_threshold	high	0.062	False	user_msa
Drosophila_biarmipes_Drosophila_biarmipes__LOC108032098__XP_016961415.1	369	369	369	354	TGC	0.0	0	below_threshold	high	0.062	False	user_msa
Drosophila_mauritiana_Drosophila_mauritiana__LOC117142441__XP_033162295.1	369	369	369	354	TGC	0.0	0	below_threshold	high	0.062	False	user_msa
Drosophila_melanogaster_Drosophila_melanogaster__betaTub85D__NP_524290.2	369	369	369	354	TGC	0.0	0	below_threshold	high	0.062	False	user_msa
Drosophila_pseudoobscura_Drosophila_pseudoobscura__betaTub85D__XP_001357842.1	369	369	369	354	TGC	0.0	0	below_threshold	high	0.062	False	user_msa
Drosophila_sechellia_Drosophila_sechellia__betaTub85D__XP_002031904.1	369	369	369	354	TGC	0.0	0	below_threshold	high	0.062	False	user_msa
Drosophila_simulans_Drosophila_simulans__LOC6728793__XP_002104128.1	369	369	369	354	TGC	0.0	0	below_threshold	high	0.062	False	user_msa
Drosophila_subobscura_Drosophila_subobscura__LOC117897634__XP_034662499.1	369	369	369	354	TGC	0.0	0	below_threshold	high	0.062	False	user_msa
Drosophila_suzukii_Drosophila_suzukii__betaTub85D__XP_016937909.1	369	369	369	354	TGC	0.0	0	below_threshold	high	0.062	False	user_msa
Drosophila_virilis_Drosophila_virilis__betaTub85D__XP_002053003.1	369	369	369	354	TGC	0.0	0	below_threshold	high	0.062	False	user_msa
Drosophila_willistoni_Drosophila_willistoni__LOC6647585__XP_002070575.1	369	369	369	354	TGC	0.0	0	below_threshold	high	0.062	False	user_msa
Drosophila_yakuba_Drosophila_yakuba__LOC6536356__XP_002096938.1	369	369	369	354	TGC	0.0	0	below_threshold	high	0.062	False	user_msa
Drosophila_ananassae_Drosophila_ananassae__LOC6500548__XP_001953433.1	370	370	370	355	GAT	0.0	0	below_threshold	high	0.062	False	user_msa
Drosophila_biarmipes_Drosophila_biarmipes__LOC108032098__XP_016961415.1	370	370	370	355	GAT	0.0	0	below_threshold	high	0.062	False	user_msa
Drosophila_mauritiana_Drosophila_mauritiana__LOC117142441__XP_033162295.1	370	370	370	355	GAT	0.0	0	below_threshold	high	0.062	False	user_msa
Drosophila_melanogaster_Drosophila_melanogaster__betaTub85D__NP_524290.2	370	370	370	355	GAT	0.0	0	below_threshold	high	0.062	False	user_msa
Drosophila_pseudoobscura_Drosophila_pseudoobscura__betaTub85D__XP_001357842.1	370	370	370	355	GAT	0.0	0	below_threshold	high	0.062	False	user_msa
Drosophila_sechellia_Drosophila_sechellia__betaTub85D__XP_002031904.1	370	370	370	355	GAT	0.0	0	below_threshold	high	0.062	False	user_msa
Drosophila_simulans_Drosophila_simulans__LOC6728793__XP_002104128.1	370	370	370	355	GAT	0.0	0	below_threshold	high	0.062	False	user_msa
Drosophila_subobscura_Drosophila_subobscura__LOC117897634__XP_034662499.1	370	370	370	355	GAT	0.0	0	below_threshold	high	0.062	False	user_msa
Drosophila_suzukii_Drosophila_suzukii__betaTub85D__XP_016937909.1	370	370	370	355	GAT	0.0	0	below_threshold	high	0.062	False	user_msa
Drosophila_virilis_Drosophila_virilis__betaTub85D__XP_002053003.1	370	370	370	355	GAC	0.0	0	below_threshold	high	0.062	False	user_msa
Drosophila_willistoni_Drosophila_willistoni__LOC6647585__XP_002070575.1	370	370	370	355	GAT	0.0	0	below_threshold	high	0.062	False	user_msa
Drosophila_yakuba_Drosophila_yakuba__LOC6536356__XP_002096938.1	370	370	370	355	GAC	0.0	0	below_threshold	high	0.062	False	user_msa
Drosophila_ananassae_Drosophila_ananassae__LOC6500548__XP_001953433.1	371	371	371	356	ATT	0.0	0	below_threshold	high	0.062	False	user_msa
Drosophila_biarmipes_Drosophila_biarmipes__LOC108032098__XP_016961415.1	371	371	371	356	ATT	0.0	0	below_threshold	high	0.062	False	user_msa
Drosophila_mauritiana_Drosophila_mauritiana__LOC117142441__XP_033162295.1	371	371	371	356	ATT	0.0	0	below_threshold	high	0.062	False	user_msa
Drosophila_melanogaster_Drosophila_melanogaster__betaTub85D__NP_524290.2	371	371	371	356	ATT	0.0	0	below_threshold	high	0.062	False	user_msa
Drosophila_pseudoobscura_Drosophila_pseudoobscura__betaTub85D__XP_001357842.1	371	371	371	356	ATC	0.0	0	below_threshold	high	0.062	False	user_msa
Drosophila_sechellia_Drosophila_sechellia__betaTub85D__XP_002031904.1	371	371	371	356	ATT	0.0	0	below_threshold	high	0.062	False	user_msa
Drosophila_simulans_Drosophila_simulans__LOC6728793__XP_002104128.1	371	371	371	356	ATT	0.0	0	below_threshold	high	0.062	False	user_msa
Drosophila_subobscura_Drosophila_subobscura__LOC117897634__XP_034662499.1	371	371	371	356	ATA	0.0	0	below_threshold	high	0.062	False	user_msa
Drosophila_suzukii_Drosophila_suzukii__betaTub85D__XP_016937909.1	371	371	371	356	ATT	0.0	0	below_threshold	high	0.062	False	user_msa
Drosophila_virilis_Drosophila_virilis__betaTub85D__XP_002053003.1	371	371	371	356	ATT	0.0	0	below_threshold	high	0.062	False	user_msa
Drosophila_willistoni_Drosophila_willistoni__LOC6647585__XP_002070575.1	371	371	371	356	ATC	0.0	0	below_threshold	high	0.062	False	user_msa
Drosophila_yakuba_Drosophila_yakuba__LOC6536356__XP_002096938.1	371	371	371	356	ATT	0.0	0	below_threshold	high	0.062	False	user_msa
Drosophila_ananassae_Drosophila_ananassae__LOC6500548__XP_001953433.1	372	372	372	357	CCG	0.0	0	below_threshold	high	0.062	False	user_msa
Drosophila_biarmipes_Drosophila_biarmipes__LOC108032098__XP_016961415.1	372	372	372	357	CCG	0.0	0	below_threshold	high	0.062	False	user_msa
Drosophila_mauritiana_Drosophila_mauritiana__LOC117142441__XP_033162295.1	372	372	372	357	CCT	0.0	0	below_threshold	high	0.062	False	user_msa
Drosophila_melanogaster_Drosophila_melanogaster__betaTub85D__NP_524290.2	372	372	372	357	CCG	0.0	0	below_threshold	high	0.062	False	user_msa
Drosophila_pseudoobscura_Drosophila_pseudoobscura__betaTub85D__XP_001357842.1	372	372	372	357	CCG	0.0	0	below_threshold	high	0.062	False	user_msa
Drosophila_sechellia_Drosophila_sechellia__betaTub85D__XP_002031904.1	372	372	372	357	CCG	0.0	0	below_threshold	high	0.062	False	user_msa
Drosophila_simulans_Drosophila_simulans__LOC6728793__XP_002104128.1	372	372	372	357	CCG	0.0	0	below_threshold	high	0.062	False	user_msa
Drosophila_subobscura_Drosophila_subobscura__LOC117897634__XP_034662499.1	372	372	372	357	CCG	0.0	0	below_threshold	high	0.062	False	user_msa
Drosophila_suzukii_Drosophila_suzukii__betaTub85D__XP_016937909.1	372	372	372	357	CCG	0.0	0	below_threshold	high	0.062	False	user_msa
Drosophila_virilis_Drosophila_virilis__betaTub85D__XP_002053003.1	372	372	372	357	CCG	0.0	0	below_threshold	high	0.062	False	user_msa
Drosophila_willistoni_Drosophila_willistoni__LOC6647585__XP_002070575.1	372	372	372	357	CCG	0.0	0	below_threshold	high	0.062	False	user_msa
Drosophila_yakuba_Drosophila_yakuba__LOC6536356__XP_002096938.1	372	372	372	357	CCA	0.0	0	below_threshold	high	0.062	False	user_msa
Drosophila_ananassae_Drosophila_ananassae__LOC6500548__XP_001953433.1	373	373	373	358	CCC	0.0	0	below_threshold	high	0.062	False	user_msa
Drosophila_biarmipes_Drosophila_biarmipes__LOC108032098__XP_016961415.1	373	373	373	358	CCT	0.0	0	below_threshold	high	0.062	False	user_msa
Drosophila_mauritiana_Drosophila_mauritiana__LOC117142441__XP_033162295.1	373	373	373	358	CCC	0.0	0	below_threshold	high	0.062	False	user_msa
Drosophila_melanogaster_Drosophila_melanogaster__betaTub85D__NP_524290.2	373	373	373	358	CCC	0.0	0	below_threshold	high	0.062	False	user_msa
Drosophila_pseudoobscura_Drosophila_pseudoobscura__betaTub85D__XP_001357842.1	373	373	373	358	CCT	0.0	0	below_threshold	high	0.062	False	user_msa
Drosophila_sechellia_Drosophila_sechellia__betaTub85D__XP_002031904.1	373	373	373	358	CCC	0.0	0	below_threshold	high	0.062	False	user_msa
Drosophila_simulans_Drosophila_simulans__LOC6728793__XP_002104128.1	373	373	373	358	CCC	0.0	0	below_threshold	high	0.062	False	user_msa
Drosophila_subobscura_Drosophila_subobscura__LOC117897634__XP_034662499.1	373	373	373	358	CCT	0.0	0	below_threshold	high	0.062	False	user_msa
Drosophila_suzukii_Drosophila_suzukii__betaTub85D__XP_016937909.1	373	373	373	358	CCT	0.0	0	below_threshold	high	0.062	False	user_msa
Drosophila_virilis_Drosophila_virilis__betaTub85D__XP_002053003.1	373	373	373	358	CCC	0.0	0	below_threshold	high	0.062	False	user_msa
Drosophila_willistoni_Drosophila_willistoni__LOC6647585__XP_002070575.1	373	373	373	358	CCC	0.0	0	below_threshold	high	0.062	False	user_msa
Drosophila_yakuba_Drosophila_yakuba__LOC6536356__XP_002096938.1	373	373	373	358	CCC	0.0	0	below_threshold	high	0.062	False	user_msa
Drosophila_ananassae_Drosophila_ananassae__LOC6500548__XP_001953433.1	374	374	374	359	CGT	0.0	0	below_threshold	high	0.062	False	user_msa
Drosophila_biarmipes_Drosophila_biarmipes__LOC108032098__XP_016961415.1	374	374	374	359	CGG	0.0	0	below_threshold	high	0.062	False	user_msa
Drosophila_mauritiana_Drosophila_mauritiana__LOC117142441__XP_033162295.1	374	374	374	359	AGA	0.0	0	below_threshold	high	0.062	False	user_msa
Drosophila_melanogaster_Drosophila_melanogaster__betaTub85D__NP_524290.2	374	374	374	359	AGA	0.0	0	below_threshold	high	0.062	False	user_msa
Drosophila_pseudoobscura_Drosophila_pseudoobscura__betaTub85D__XP_001357842.1	374	374	374	359	CGC	0.0	0	below_threshold	high	0.062	False	user_msa
Drosophila_sechellia_Drosophila_sechellia__betaTub85D__XP_002031904.1	374	374	374	359	AGA	0.0	0	below_threshold	high	0.062	False	user_msa
Drosophila_simulans_Drosophila_simulans__LOC6728793__XP_002104128.1	374	374	374	359	AGA	0.0	0	below_threshold	high	0.062	False	user_msa
Drosophila_subobscura_Drosophila_subobscura__LOC117897634__XP_034662499.1	374	374	374	359	CGA	0.0	0	below_threshold	high	0.062	False	user_msa
Drosophila_suzukii_Drosophila_suzukii__betaTub85D__XP_016937909.1	374	374	374	359	CGG	0.0	0	below_threshold	high	0.062	False	user_msa
Drosophila_virilis_Drosophila_virilis__betaTub85D__XP_002053003.1	374	374	374	359	AGA	0.0	0	below_threshold	high	0.062	False	user_msa
Drosophila_willistoni_Drosophila_willistoni__LOC6647585__XP_002070575.1	374	374	374	359	AGA	0.0	0	below_threshold	high	0.062	False	user_msa
Drosophila_yakuba_Drosophila_yakuba__LOC6536356__XP_002096938.1	374	374	374	359	AGG	0.0	0	below_threshold	high	0.062	False	user_msa
Drosophila_ananassae_Drosophila_ananassae__LOC6500548__XP_001953433.1	375	375	375	360	GGT	0.0	0	below_threshold	high	0.062	False	user_msa
Drosophila_biarmipes_Drosophila_biarmipes__LOC108032098__XP_016961415.1	375	375	375	360	GGC	0.0	0	below_threshold	high	0.062	False	user_msa
Drosophila_mauritiana_Drosophila_mauritiana__LOC117142441__XP_033162295.1	375	375	375	360	GGT	0.0	0	below_threshold	high	0.062	False	user_msa
Drosophila_melanogaster_Drosophila_melanogaster__betaTub85D__NP_524290.2	375	375	375	360	GGT	0.0	0	below_threshold	high	0.062	False	user_msa
Drosophila_pseudoobscura_Drosophila_pseudoobscura__betaTub85D__XP_001357842.1	375	375	375	360	GGT	0.0	0	below_threshold	high	0.062	False	user_msa
Drosophila_sechellia_Drosophila_sechellia__betaTub85D__XP_002031904.1	375	375	375	360	GGT	0.0	0	below_threshold	high	0.062	False	user_msa
Drosophila_simulans_Drosophila_simulans__LOC6728793__XP_002104128.1	375	375	375	360	GGT	0.0	0	below_threshold	high	0.062	False	user_msa
Drosophila_subobscura_Drosophila_subobscura__LOC117897634__XP_034662499.1	375	375	375	360	GGT	0.0	0	below_threshold	high	0.062	False	user_msa
Drosophila_suzukii_Drosophila_suzukii__betaTub85D__XP_016937909.1	375	375	375	360	GGT	0.0	0	below_threshold	high	0.062	False	user_msa
Drosophila_virilis_Drosophila_virilis__betaTub85D__XP_002053003.1	375	375	375	360	GGC	0.0	0	below_threshold	high	0.062	False	user_msa
Drosophila_willistoni_Drosophila_willistoni__LOC6647585__XP_002070575.1	375	375	375	360	GGT	0.0	0	below_threshold	high	0.062	False	user_msa
Drosophila_yakuba_Drosophila_yakuba__LOC6536356__XP_002096938.1	375	375	375	360	GGT	0.0	0	below_threshold	high	0.062	False	user_msa
Drosophila_ananassae_Drosophila_ananassae__LOC6500548__XP_001953433.1	376	376	376	361	CTA	0.0	0	below_threshold	high	0.062	False	user_msa
Drosophila_biarmipes_Drosophila_biarmipes__LOC108032098__XP_016961415.1	376	376	376	361	CTG	0.0	0	below_threshold	high	0.062	False	user_msa
Drosophila_mauritiana_Drosophila_mauritiana__LOC117142441__XP_033162295.1	376	376	376	361	CTG	0.0	0	below_threshold	high	0.062	False	user_msa
Drosophila_melanogaster_Drosophila_melanogaster__betaTub85D__NP_524290.2	376	376	376	361	CTC	0.0	0	below_threshold	high	0.062	False	user_msa
Drosophila_pseudoobscura_Drosophila_pseudoobscura__betaTub85D__XP_001357842.1	376	376	376	361	CTC	0.0	0	below_threshold	high	0.062	False	user_msa
Drosophila_sechellia_Drosophila_sechellia__betaTub85D__XP_002031904.1	376	376	376	361	CTG	0.0	0	below_threshold	high	0.062	False	user_msa
Drosophila_simulans_Drosophila_simulans__LOC6728793__XP_002104128.1	376	376	376	361	CTG	0.0	0	below_threshold	high	0.062	False	user_msa
Drosophila_subobscura_Drosophila_subobscura__LOC117897634__XP_034662499.1	376	376	376	361	CTC	0.0	0	below_threshold	high	0.062	False	user_msa
Drosophila_suzukii_Drosophila_suzukii__betaTub85D__XP_016937909.1	376	376	376	361	CTG	0.0	0	below_threshold	high	0.062	False	user_msa
Drosophila_virilis_Drosophila_virilis__betaTub85D__XP_002053003.1	376	376	376	361	CTG	0.0	0	below_threshold	high	0.062	False	user_msa
Drosophila_willistoni_Drosophila_willistoni__LOC6647585__XP_002070575.1	376	376	376	361	TTG	0.0	0	below_threshold	high	0.062	False	user_msa
Drosophila_yakuba_Drosophila_yakuba__LOC6536356__XP_002096938.1	376	376	376	361	CTG	0.0	0	below_threshold	high	0.062	False	user_msa
Drosophila_ananassae_Drosophila_ananassae__LOC6500548__XP_001953433.1	377	377	377	362	AAG	0.0	0	below_threshold	high	0.062	False	user_msa
Drosophila_biarmipes_Drosophila_biarmipes__LOC108032098__XP_016961415.1	377	377	377	362	AAG	0.0	0	below_threshold	high	0.062	False	user_msa
Drosophila_mauritiana_Drosophila_mauritiana__LOC117142441__XP_033162295.1	377	377	377	362	AAG	0.0	0	below_threshold	high	0.062	False	user_msa
Drosophila_melanogaster_Drosophila_melanogaster__betaTub85D__NP_524290.2	377	377	377	362	AAG	0.0	0	below_threshold	high	0.062	False	user_msa
Drosophila_pseudoobscura_Drosophila_pseudoobscura__betaTub85D__XP_001357842.1	377	377	377	362	AAA	0.0	0	below_threshold	high	0.062	False	user_msa
Drosophila_sechellia_Drosophila_sechellia__betaTub85D__XP_002031904.1	377	377	377	362	AAG	0.0	0	below_threshold	high	0.062	False	user_msa
Drosophila_simulans_Drosophila_simulans__LOC6728793__XP_002104128.1	377	377	377	362	AAG	0.0	0	below_threshold	high	0.062	False	user_msa
Drosophila_subobscura_Drosophila_subobscura__LOC117897634__XP_034662499.1	377	377	377	362	AAG	0.0	0	below_threshold	high	0.062	False	user_msa
Drosophila_suzukii_Drosophila_suzukii__betaTub85D__XP_016937909.1	377	377	377	362	AAG	0.0	0	below_threshold	high	0.062	False	user_msa
Drosophila_virilis_Drosophila_virilis__betaTub85D__XP_002053003.1	377	377	377	362	AAG	0.0	0	below_threshold	high	0.062	False	user_msa
Drosophila_willistoni_Drosophila_willistoni__LOC6647585__XP_002070575.1	377	377	377	362	AAG	0.0	0	below_threshold	high	0.062	False	user_msa
Drosophila_yakuba_Drosophila_yakuba__LOC6536356__XP_002096938.1	377	377	377	362	AAG	0.0	0	below_threshold	high	0.062	False	user_msa
Drosophila_ananassae_Drosophila_ananassae__LOC6500548__XP_001953433.1	378	378	378	363	ATG	0.0	0	below_threshold	high	0.062	False	user_msa
Drosophila_biarmipes_Drosophila_biarmipes__LOC108032098__XP_016961415.1	378	378	378	363	ATG	0.0	0	below_threshold	high	0.062	False	user_msa
Drosophila_mauritiana_Drosophila_mauritiana__LOC117142441__XP_033162295.1	378	378	378	363	ATG	0.0	0	below_threshold	high	0.062	False	user_msa
Drosophila_melanogaster_Drosophila_melanogaster__betaTub85D__NP_524290.2	378	378	378	363	ATG	0.0	0	below_threshold	high	0.062	False	user_msa
Drosophila_pseudoobscura_Drosophila_pseudoobscura__betaTub85D__XP_001357842.1	378	378	378	363	ATG	0.0	0	below_threshold	high	0.062	False	user_msa
Drosophila_sechellia_Drosophila_sechellia__betaTub85D__XP_002031904.1	378	378	378	363	ATG	0.0	0	below_threshold	high	0.062	False	user_msa
Drosophila_simulans_Drosophila_simulans__LOC6728793__XP_002104128.1	378	378	378	363	ATG	0.0	0	below_threshold	high	0.062	False	user_msa
Drosophila_subobscura_Drosophila_subobscura__LOC117897634__XP_034662499.1	378	378	378	363	ATG	0.0	0	below_threshold	high	0.062	False	user_msa
Drosophila_suzukii_Drosophila_suzukii__betaTub85D__XP_016937909.1	378	378	378	363	ATG	0.0	0	below_threshold	high	0.062	False	user_msa
Drosophila_virilis_Drosophila_virilis__betaTub85D__XP_002053003.1	378	378	378	363	ATG	0.0	0	below_threshold	high	0.062	False	user_msa
Drosophila_willistoni_Drosophila_willistoni__LOC6647585__XP_002070575.1	378	378	378	363	ATG	0.0	0	below_threshold	high	0.062	False	user_msa
Drosophila_yakuba_Drosophila_yakuba__LOC6536356__XP_002096938.1	378	378	378	363	ATG	0.0	0	below_threshold	high	0.062	False	user_msa
Drosophila_ananassae_Drosophila_ananassae__LOC6500548__XP_001953433.1	379	379	379	364	TCG	0.0	0	below_threshold	high	0.062	False	user_msa
Drosophila_biarmipes_Drosophila_biarmipes__LOC108032098__XP_016961415.1	379	379	379	364	TCG	0.0	0	below_threshold	high	0.062	False	user_msa
Drosophila_mauritiana_Drosophila_mauritiana__LOC117142441__XP_033162295.1	379	379	379	364	TCG	0.0	0	below_threshold	high	0.062	False	user_msa
Drosophila_melanogaster_Drosophila_melanogaster__betaTub85D__NP_524290.2	379	379	379	364	TCG	0.0	0	below_threshold	high	0.062	False	user_msa
Drosophila_pseudoobscura_Drosophila_pseudoobscura__betaTub85D__XP_001357842.1	379	379	379	364	TCG	0.0	0	below_threshold	high	0.062	False	user_msa
Drosophila_sechellia_Drosophila_sechellia__betaTub85D__XP_002031904.1	379	379	379	364	TCG	0.0	0	below_threshold	high	0.062	False	user_msa
Drosophila_simulans_Drosophila_simulans__LOC6728793__XP_002104128.1	379	379	379	364	TCG	0.0	0	below_threshold	high	0.062	False	user_msa
Drosophila_subobscura_Drosophila_subobscura__LOC117897634__XP_034662499.1	379	379	379	364	TCT	0.0	0	below_threshold	high	0.062	False	user_msa
Drosophila_suzukii_Drosophila_suzukii__betaTub85D__XP_016937909.1	379	379	379	364	TCG	0.0	0	below_threshold	high	0.062	False	user_msa
Drosophila_virilis_Drosophila_virilis__betaTub85D__XP_002053003.1	379	379	379	364	TCA	0.0	0	below_threshold	high	0.062	False	user_msa
Drosophila_willistoni_Drosophila_willistoni__LOC6647585__XP_002070575.1	379	379	379	364	TCG	0.0	0	below_threshold	high	0.062	False	user_msa
Drosophila_yakuba_Drosophila_yakuba__LOC6536356__XP_002096938.1	379	379	379	364	TCG	0.0	0	below_threshold	high	0.062	False	user_msa
Drosophila_ananassae_Drosophila_ananassae__LOC6500548__XP_001953433.1	380	380	380	365	GCG	0.0	0	below_threshold	high	0.062	False	user_msa
Drosophila_biarmipes_Drosophila_biarmipes__LOC108032098__XP_016961415.1	380	380	380	365	GCC	0.0	0	below_threshold	high	0.062	False	user_msa
Drosophila_mauritiana_Drosophila_mauritiana__LOC117142441__XP_033162295.1	380	380	380	365	GCC	0.0	0	below_threshold	high	0.062	False	user_msa
Drosophila_melanogaster_Drosophila_melanogaster__betaTub85D__NP_524290.2	380	380	380	365	GCC	0.0	0	below_threshold	high	0.062	False	user_msa
Drosophila_pseudoobscura_Drosophila_pseudoobscura__betaTub85D__XP_001357842.1	380	380	380	365	GCC	0.0	0	below_threshold	high	0.062	False	user_msa
Drosophila_sechellia_Drosophila_sechellia__betaTub85D__XP_002031904.1	380	380	380	365	GCC	0.0	0	below_threshold	high	0.062	False	user_msa
Drosophila_simulans_Drosophila_simulans__LOC6728793__XP_002104128.1	380	380	380	365	GCC	0.0	0	below_threshold	high	0.062	False	user_msa
Drosophila_subobscura_Drosophila_subobscura__LOC117897634__XP_034662499.1	380	380	380	365	GCC	0.0	0	below_threshold	high	0.062	False	user_msa
Drosophila_suzukii_Drosophila_suzukii__betaTub85D__XP_016937909.1	380	380	380	365	GCC	0.0	0	below_threshold	high	0.062	False	user_msa
Drosophila_virilis_Drosophila_virilis__betaTub85D__XP_002053003.1	380	380	380	365	GCT	0.0	0	below_threshold	high	0.062	False	user_msa
Drosophila_willistoni_Drosophila_willistoni__LOC6647585__XP_002070575.1	380	380	380	365	GCC	0.0	0	below_threshold	high	0.062	False	user_msa
Drosophila_yakuba_Drosophila_yakuba__LOC6536356__XP_002096938.1	380	380	380	365	GCC	0.0	0	below_threshold	high	0.062	False	user_msa
Drosophila_ananassae_Drosophila_ananassae__LOC6500548__XP_001953433.1	381	381	381	366	ACT	0.0	0	below_threshold	high	0.062	False	user_msa
Drosophila_biarmipes_Drosophila_biarmipes__LOC108032098__XP_016961415.1	381	381	381	366	ACC	0.0	0	below_threshold	high	0.062	False	user_msa
Drosophila_mauritiana_Drosophila_mauritiana__LOC117142441__XP_033162295.1	381	381	381	366	ACC	0.0	0	below_threshold	high	0.062	False	user_msa
Drosophila_melanogaster_Drosophila_melanogaster__betaTub85D__NP_524290.2	381	381	381	366	ACC	0.0	0	below_threshold	high	0.062	False	user_msa
Drosophila_pseudoobscura_Drosophila_pseudoobscura__betaTub85D__XP_001357842.1	381	381	381	366	ACA	0.0	0	below_threshold	high	0.062	False	user_msa
Drosophila_sechellia_Drosophila_sechellia__betaTub85D__XP_002031904.1	381	381	381	366	ACC	0.0	0	below_threshold	high	0.062	False	user_msa
Drosophila_simulans_Drosophila_simulans__LOC6728793__XP_002104128.1	381	381	381	366	ACC	0.0	0	below_threshold	high	0.062	False	user_msa
Drosophila_subobscura_Drosophila_subobscura__LOC117897634__XP_034662499.1	381	381	381	366	ACA	0.0	0	below_threshold	high	0.062	False	user_msa
Drosophila_suzukii_Drosophila_suzukii__betaTub85D__XP_016937909.1	381	381	381	366	ACC	0.0	0	below_threshold	high	0.062	False	user_msa
Drosophila_virilis_Drosophila_virilis__betaTub85D__XP_002053003.1	381	381	381	366	ACA	0.0	0	below_threshold	high	0.062	False	user_msa
Drosophila_willistoni_Drosophila_willistoni__LOC6647585__XP_002070575.1	381	381	381	366	ACC	0.0	0	below_threshold	high	0.062	False	user_msa
Drosophila_yakuba_Drosophila_yakuba__LOC6536356__XP_002096938.1	381	381	381	366	ACC	0.0	0	below_threshold	high	0.062	False	user_msa
Drosophila_ananassae_Drosophila_ananassae__LOC6500548__XP_001953433.1	382	382	382	367	TTC	0.0	0	below_threshold	high	0.062	False	user_msa
Drosophila_biarmipes_Drosophila_biarmipes__LOC108032098__XP_016961415.1	382	382	382	367	TTC	0.0	0	below_threshold	high	0.062	False	user_msa
Drosophila_mauritiana_Drosophila_mauritiana__LOC117142441__XP_033162295.1	382	382	382	367	TTC	0.0	0	below_threshold	high	0.062	False	user_msa
Drosophila_melanogaster_Drosophila_melanogaster__betaTub85D__NP_524290.2	382	382	382	367	TTC	0.0	0	below_threshold	high	0.062	False	user_msa
Drosophila_pseudoobscura_Drosophila_pseudoobscura__betaTub85D__XP_001357842.1	382	382	382	367	TTC	0.0	0	below_threshold	high	0.062	False	user_msa
Drosophila_sechellia_Drosophila_sechellia__betaTub85D__XP_002031904.1	382	382	382	367	TTC	0.0	0	below_threshold	high	0.062	False	user_msa
Drosophila_simulans_Drosophila_simulans__LOC6728793__XP_002104128.1	382	382	382	367	TTC	0.0	0	below_threshold	high	0.062	False	user_msa
Drosophila_subobscura_Drosophila_subobscura__LOC117897634__XP_034662499.1	382	382	382	367	TTC	0.0	0	below_threshold	high	0.062	False	user_msa
Drosophila_suzukii_Drosophila_suzukii__betaTub85D__XP_016937909.1	382	382	382	367	TTC	0.0	0	below_threshold	high	0.062	False	user_msa
Drosophila_virilis_Drosophila_virilis__betaTub85D__XP_002053003.1	382	382	382	367	TTC	0.0	0	below_threshold	high	0.062	False	user_msa
Drosophila_willistoni_Drosophila_willistoni__LOC6647585__XP_002070575.1	382	382	382	367	TTC	0.0	0	below_threshold	high	0.062	False	user_msa
Drosophila_yakuba_Drosophila_yakuba__LOC6536356__XP_002096938.1	382	382	382	367	TTC	0.0	0	below_threshold	high	0.062	False	user_msa
Drosophila_ananassae_Drosophila_ananassae__LOC6500548__XP_001953433.1	383	383	383	368	ATC	0.0	0	below_threshold	high	0.062	False	user_msa
Drosophila_biarmipes_Drosophila_biarmipes__LOC108032098__XP_016961415.1	383	383	383	368	ATC	0.0	0	below_threshold	high	0.062	False	user_msa
Drosophila_mauritiana_Drosophila_mauritiana__LOC117142441__XP_033162295.1	383	383	383	368	ATT	0.0	0	below_threshold	high	0.062	False	user_msa
Drosophila_melanogaster_Drosophila_melanogaster__betaTub85D__NP_524290.2	383	383	383	368	ATT	0.0	0	below_threshold	high	0.062	False	user_msa
Drosophila_pseudoobscura_Drosophila_pseudoobscura__betaTub85D__XP_001357842.1	383	383	383	368	ATT	0.0	0	below_threshold	high	0.062	False	user_msa
Drosophila_sechellia_Drosophila_sechellia__betaTub85D__XP_002031904.1	383	383	383	368	ATT	0.0	0	below_threshold	high	0.062	False	user_msa
Drosophila_simulans_Drosophila_simulans__LOC6728793__XP_002104128.1	383	383	383	368	ATT	0.0	0	below_threshold	high	0.062	False	user_msa
Drosophila_subobscura_Drosophila_subobscura__LOC117897634__XP_034662499.1	383	383	383	368	ATT	0.0	0	below_threshold	high	0.062	False	user_msa
Drosophila_suzukii_Drosophila_suzukii__betaTub85D__XP_016937909.1	383	383	383	368	ATT	0.0	0	below_threshold	high	0.062	False	user_msa
Drosophila_virilis_Drosophila_virilis__betaTub85D__XP_002053003.1	383	383	383	368	ATT	0.0	0	below_threshold	high	0.062	False	user_msa
Drosophila_willistoni_Drosophila_willistoni__LOC6647585__XP_002070575.1	383	383	383	368	ATT	0.0	0	below_threshold	high	0.062	False	user_msa
Drosophila_yakuba_Drosophila_yakuba__LOC6536356__XP_002096938.1	383	383	383	368	ATT	0.0	0	below_threshold	high	0.062	False	user_msa
Drosophila_ananassae_Drosophila_ananassae__LOC6500548__XP_001953433.1	384	384	384	369	GGC	0.0	0	below_threshold	high	0.062	False	user_msa
Drosophila_biarmipes_Drosophila_biarmipes__LOC108032098__XP_016961415.1	384	384	384	369	GGC	0.0	0	below_threshold	high	0.062	False	user_msa
Drosophila_mauritiana_Drosophila_mauritiana__LOC117142441__XP_033162295.1	384	384	384	369	GGC	0.0	0	below_threshold	high	0.062	False	user_msa
Drosophila_melanogaster_Drosophila_melanogaster__betaTub85D__NP_524290.2	384	384	384	369	GGC	0.0	0	below_threshold	high	0.062	False	user_msa
Drosophila_pseudoobscura_Drosophila_pseudoobscura__betaTub85D__XP_001357842.1	384	384	384	369	GGC	0.0	0	below_threshold	high	0.062	False	user_msa
Drosophila_sechellia_Drosophila_sechellia__betaTub85D__XP_002031904.1	384	384	384	369	GGC	0.0	0	below_threshold	high	0.062	False	user_msa
Drosophila_simulans_Drosophila_simulans__LOC6728793__XP_002104128.1	384	384	384	369	GGC	0.0	0	below_threshold	high	0.062	False	user_msa
Drosophila_subobscura_Drosophila_subobscura__LOC117897634__XP_034662499.1	384	384	384	369	GGC	0.0	0	below_threshold	high	0.062	False	user_msa
Drosophila_suzukii_Drosophila_suzukii__betaTub85D__XP_016937909.1	384	384	384	369	GGC	0.0	0	below_threshold	high	0.062	False	user_msa
Drosophila_virilis_Drosophila_virilis__betaTub85D__XP_002053003.1	384	384	384	369	GGC	0.0	0	below_threshold	high	0.062	False	user_msa
Drosophila_willistoni_Drosophila_willistoni__LOC6647585__XP_002070575.1	384	384	384	369	GGC	0.0	0	below_threshold	high	0.062	False	user_msa
Drosophila_yakuba_Drosophila_yakuba__LOC6536356__XP_002096938.1	384	384	384	369	GGC	0.0	0	below_threshold	high	0.062	False	user_msa
Drosophila_ananassae_Drosophila_ananassae__LOC6500548__XP_001953433.1	385	385	385	370	AAC	0.0	0	below_threshold	high	0.062	False	user_msa
Drosophila_biarmipes_Drosophila_biarmipes__LOC108032098__XP_016961415.1	385	385	385	370	AAC	0.0	0	below_threshold	high	0.062	False	user_msa
Drosophila_mauritiana_Drosophila_mauritiana__LOC117142441__XP_033162295.1	385	385	385	370	AAC	0.0	0	below_threshold	high	0.062	False	user_msa
Drosophila_melanogaster_Drosophila_melanogaster__betaTub85D__NP_524290.2	385	385	385	370	AAC	0.0	0	below_threshold	high	0.062	False	user_msa
Drosophila_pseudoobscura_Drosophila_pseudoobscura__betaTub85D__XP_001357842.1	385	385	385	370	AAC	0.0	0	below_threshold	high	0.062	False	user_msa
Drosophila_sechellia_Drosophila_sechellia__betaTub85D__XP_002031904.1	385	385	385	370	AAC	0.0	0	below_threshold	high	0.062	False	user_msa
Drosophila_simulans_Drosophila_simulans__LOC6728793__XP_002104128.1	385	385	385	370	AAC	0.0	0	below_threshold	high	0.062	False	user_msa
Drosophila_subobscura_Drosophila_subobscura__LOC117897634__XP_034662499.1	385	385	385	370	AAC	0.0	0	below_threshold	high	0.062	False	user_msa
Drosophila_suzukii_Drosophila_suzukii__betaTub85D__XP_016937909.1	385	385	385	370	AAC	0.0	0	below_threshold	high	0.062	False	user_msa
Drosophila_virilis_Drosophila_virilis__betaTub85D__XP_002053003.1	385	385	385	370	AAC	0.0	0	below_threshold	high	0.062	False	user_msa
Drosophila_willistoni_Drosophila_willistoni__LOC6647585__XP_002070575.1	385	385	385	370	AAC	0.0	0	below_threshold	high	0.062	False	user_msa
Drosophila_yakuba_Drosophila_yakuba__LOC6536356__XP_002096938.1	385	385	385	370	AAC	0.0	0	below_threshold	high	0.062	False	user_msa
Drosophila_ananassae_Drosophila_ananassae__LOC6500548__XP_001953433.1	386	386	386	371	TCC	0.0	0	below_threshold	high	0.062	False	user_msa
Drosophila_biarmipes_Drosophila_biarmipes__LOC108032098__XP_016961415.1	386	386	386	371	TCG	0.0	0	below_threshold	high	0.062	False	user_msa
Drosophila_mauritiana_Drosophila_mauritiana__LOC117142441__XP_033162295.1	386	386	386	371	TCC	0.0	0	below_threshold	high	0.062	False	user_msa
Drosophila_melanogaster_Drosophila_melanogaster__betaTub85D__NP_524290.2	386	386	386	371	TCC	0.0	0	below_threshold	high	0.062	False	user_msa
Drosophila_pseudoobscura_Drosophila_pseudoobscura__betaTub85D__XP_001357842.1	386	386	386	371	TCA	0.0	0	below_threshold	high	0.062	False	user_msa
Drosophila_sechellia_Drosophila_sechellia__betaTub85D__XP_002031904.1	386	386	386	371	TCC	0.0	0	below_threshold	high	0.062	False	user_msa
Drosophila_simulans_Drosophila_simulans__LOC6728793__XP_002104128.1	386	386	386	371	TCC	0.0	0	below_threshold	high	0.062	False	user_msa
Drosophila_subobscura_Drosophila_subobscura__LOC117897634__XP_034662499.1	386	386	386	371	TCA	0.0	0	below_threshold	high	0.062	False	user_msa
Drosophila_suzukii_Drosophila_suzukii__betaTub85D__XP_016937909.1	386	386	386	371	TCG	0.0	0	below_threshold	high	0.062	False	user_msa
Drosophila_virilis_Drosophila_virilis__betaTub85D__XP_002053003.1	386	386	386	371	TCA	0.0	0	below_threshold	high	0.062	False	user_msa
Drosophila_willistoni_Drosophila_willistoni__LOC6647585__XP_002070575.1	386	386	386	371	TCG	0.0	0	below_threshold	high	0.062	False	user_msa
Drosophila_yakuba_Drosophila_yakuba__LOC6536356__XP_002096938.1	386	386	386	371	TCC	0.0	0	below_threshold	high	0.062	False	user_msa
Drosophila_ananassae_Drosophila_ananassae__LOC6500548__XP_001953433.1	387	387	387	372	ACA	0.0	0	below_threshold	high	0.062	False	user_msa
Drosophila_biarmipes_Drosophila_biarmipes__LOC108032098__XP_016961415.1	387	387	387	372	ACG	0.0	0	below_threshold	high	0.062	False	user_msa
Drosophila_mauritiana_Drosophila_mauritiana__LOC117142441__XP_033162295.1	387	387	387	372	ACC	0.0	0	below_threshold	high	0.062	False	user_msa
Drosophila_melanogaster_Drosophila_melanogaster__betaTub85D__NP_524290.2	387	387	387	372	ACC	0.0	0	below_threshold	high	0.062	False	user_msa
Drosophila_pseudoobscura_Drosophila_pseudoobscura__betaTub85D__XP_001357842.1	387	387	387	372	ACG	0.0	0	below_threshold	high	0.062	False	user_msa
Drosophila_sechellia_Drosophila_sechellia__betaTub85D__XP_002031904.1	387	387	387	372	ACC	0.0	0	below_threshold	high	0.062	False	user_msa
Drosophila_simulans_Drosophila_simulans__LOC6728793__XP_002104128.1	387	387	387	372	ACC	0.0	0	below_threshold	high	0.062	False	user_msa
Drosophila_subobscura_Drosophila_subobscura__LOC117897634__XP_034662499.1	387	387	387	372	ACG	0.0	0	below_threshold	high	0.062	False	user_msa
Drosophila_suzukii_Drosophila_suzukii__betaTub85D__XP_016937909.1	387	387	387	372	ACG	0.0	0	below_threshold	high	0.062	False	user_msa
Drosophila_virilis_Drosophila_virilis__betaTub85D__XP_002053003.1	387	387	387	372	ACG	0.0	0	below_threshold	high	0.062	False	user_msa
Drosophila_willistoni_Drosophila_willistoni__LOC6647585__XP_002070575.1	387	387	387	372	ACG	0.0	0	below_threshold	high	0.062	False	user_msa
Drosophila_yakuba_Drosophila_yakuba__LOC6536356__XP_002096938.1	387	387	387	372	ACC	0.0	0	below_threshold	high	0.062	False	user_msa
Drosophila_ananassae_Drosophila_ananassae__LOC6500548__XP_001953433.1	388	388	388	373	GCC	0.0	0	below_threshold	high	0.062	False	user_msa
Drosophila_biarmipes_Drosophila_biarmipes__LOC108032098__XP_016961415.1	388	388	388	373	GCC	0.0	0	below_threshold	high	0.062	False	user_msa
Drosophila_mauritiana_Drosophila_mauritiana__LOC117142441__XP_033162295.1	388	388	388	373	GCC	0.0	0	below_threshold	high	0.062	False	user_msa
Drosophila_melanogaster_Drosophila_melanogaster__betaTub85D__NP_524290.2	388	388	388	373	GCC	0.0	0	below_threshold	high	0.062	False	user_msa
Drosophila_pseudoobscura_Drosophila_pseudoobscura__betaTub85D__XP_001357842.1	388	388	388	373	GCC	0.0	0	below_threshold	high	0.062	False	user_msa
Drosophila_sechellia_Drosophila_sechellia__betaTub85D__XP_002031904.1	388	388	388	373	GCC	0.0	0	below_threshold	high	0.062	False	user_msa
Drosophila_simulans_Drosophila_simulans__LOC6728793__XP_002104128.1	388	388	388	373	GCC	0.0	0	below_threshold	high	0.062	False	user_msa
Drosophila_subobscura_Drosophila_subobscura__LOC117897634__XP_034662499.1	388	388	388	373	GCC	0.0	0	below_threshold	high	0.062	False	user_msa
Drosophila_suzukii_Drosophila_suzukii__betaTub85D__XP_016937909.1	388	388	388	373	GCC	0.0	0	below_threshold	high	0.062	False	user_msa
Drosophila_virilis_Drosophila_virilis__betaTub85D__XP_002053003.1	388	388	388	373	GCC	0.0	0	below_threshold	high	0.062	False	user_msa
Drosophila_willistoni_Drosophila_willistoni__LOC6647585__XP_002070575.1	388	388	388	373	GCC	0.0	0	below_threshold	high	0.062	False	user_msa
Drosophila_yakuba_Drosophila_yakuba__LOC6536356__XP_002096938.1	388	388	388	373	GCC	0.0	0	below_threshold	high	0.062	False	user_msa
Drosophila_ananassae_Drosophila_ananassae__LOC6500548__XP_001953433.1	389	389	389	374	ATC	0.0	0	below_threshold	high	0.062	False	user_msa
Drosophila_biarmipes_Drosophila_biarmipes__LOC108032098__XP_016961415.1	389	389	389	374	ATT	0.0	0	below_threshold	high	0.062	False	user_msa
Drosophila_mauritiana_Drosophila_mauritiana__LOC117142441__XP_033162295.1	389	389	389	374	ATT	0.0	0	below_threshold	high	0.062	False	user_msa
Drosophila_melanogaster_Drosophila_melanogaster__betaTub85D__NP_524290.2	389	389	389	374	ATT	0.0	0	below_threshold	high	0.062	False	user_msa
Drosophila_pseudoobscura_Drosophila_pseudoobscura__betaTub85D__XP_001357842.1	389	389	389	374	ATC	0.0	0	below_threshold	high	0.062	False	user_msa
Drosophila_sechellia_Drosophila_sechellia__betaTub85D__XP_002031904.1	389	389	389	374	ATT	0.0	0	below_threshold	high	0.062	False	user_msa
Drosophila_simulans_Drosophila_simulans__LOC6728793__XP_002104128.1	389	389	389	374	ATT	0.0	0	below_threshold	high	0.062	False	user_msa
Drosophila_subobscura_Drosophila_subobscura__LOC117897634__XP_034662499.1	389	389	389	374	ATC	0.0	0	below_threshold	high	0.062	False	user_msa
Drosophila_suzukii_Drosophila_suzukii__betaTub85D__XP_016937909.1	389	389	389	374	ATT	0.0	0	below_threshold	high	0.062	False	user_msa
Drosophila_virilis_Drosophila_virilis__betaTub85D__XP_002053003.1	389	389	389	374	ATT	0.0	0	below_threshold	high	0.062	False	user_msa
Drosophila_willistoni_Drosophila_willistoni__LOC6647585__XP_002070575.1	389	389	389	374	ATT	0.0	0	below_threshold	high	0.062	False	user_msa
Drosophila_yakuba_Drosophila_yakuba__LOC6536356__XP_002096938.1	389	389	389	374	ATT	0.0	0	below_threshold	high	0.062	False	user_msa
Drosophila_ananassae_Drosophila_ananassae__LOC6500548__XP_001953433.1	390	390	390	375	CAG	0.0	0	below_threshold	high	0.062	False	user_msa
Drosophila_biarmipes_Drosophila_biarmipes__LOC108032098__XP_016961415.1	390	390	390	375	CAG	0.0	0	below_threshold	high	0.062	False	user_msa
Drosophila_mauritiana_Drosophila_mauritiana__LOC117142441__XP_033162295.1	390	390	390	375	CAG	0.0	0	below_threshold	high	0.062	False	user_msa
Drosophila_melanogaster_Drosophila_melanogaster__betaTub85D__NP_524290.2	390	390	390	375	CAG	0.0	0	below_threshold	high	0.062	False	user_msa
Drosophila_pseudoobscura_Drosophila_pseudoobscura__betaTub85D__XP_001357842.1	390	390	390	375	CAG	0.0	0	below_threshold	high	0.062	False	user_msa
Drosophila_sechellia_Drosophila_sechellia__betaTub85D__XP_002031904.1	390	390	390	375	CAG	0.0	0	below_threshold	high	0.062	False	user_msa
Drosophila_simulans_Drosophila_simulans__LOC6728793__XP_002104128.1	390	390	390	375	CAG	0.0	0	below_threshold	high	0.062	False	user_msa
Drosophila_subobscura_Drosophila_subobscura__LOC117897634__XP_034662499.1	390	390	390	375	CAG	0.0	0	below_threshold	high	0.062	False	user_msa
Drosophila_suzukii_Drosophila_suzukii__betaTub85D__XP_016937909.1	390	390	390	375	CAG	0.0	0	below_threshold	high	0.062	False	user_msa
Drosophila_virilis_Drosophila_virilis__betaTub85D__XP_002053003.1	390	390	390	375	CAG	0.0	0	below_threshold	high	0.062	False	user_msa
Drosophila_willistoni_Drosophila_willistoni__LOC6647585__XP_002070575.1	390	390	390	375	CAG	0.0	0	below_threshold	high	0.062	False	user_msa
Drosophila_yakuba_Drosophila_yakuba__LOC6536356__XP_002096938.1	390	390	390	375	CAG	0.0	0	below_threshold	high	0.062	False	user_msa
Drosophila_ananassae_Drosophila_ananassae__LOC6500548__XP_001953433.1	391	391	391	376	GAG	0.0	0	below_threshold	high	0.062	False	user_msa
Drosophila_biarmipes_Drosophila_biarmipes__LOC108032098__XP_016961415.1	391	391	391	376	GAG	0.0	0	below_threshold	high	0.062	False	user_msa
Drosophila_mauritiana_Drosophila_mauritiana__LOC117142441__XP_033162295.1	391	391	391	376	GAG	0.0	0	below_threshold	high	0.062	False	user_msa
Drosophila_melanogaster_Drosophila_melanogaster__betaTub85D__NP_524290.2	391	391	391	376	GAG	0.0	0	below_threshold	high	0.062	False	user_msa
Drosophila_pseudoobscura_Drosophila_pseudoobscura__betaTub85D__XP_001357842.1	391	391	391	376	GAG	0.0	0	below_threshold	high	0.062	False	user_msa
Drosophila_sechellia_Drosophila_sechellia__betaTub85D__XP_002031904.1	391	391	391	376	GAG	0.0	0	below_threshold	high	0.062	False	user_msa
Drosophila_simulans_Drosophila_simulans__LOC6728793__XP_002104128.1	391	391	391	376	GAG	0.0	0	below_threshold	high	0.062	False	user_msa
Drosophila_subobscura_Drosophila_subobscura__LOC117897634__XP_034662499.1	391	391	391	376	GAG	0.0	0	below_threshold	high	0.062	False	user_msa
Drosophila_suzukii_Drosophila_suzukii__betaTub85D__XP_016937909.1	391	391	391	376	GAG	0.0	0	below_threshold	high	0.062	False	user_msa
Drosophila_virilis_Drosophila_virilis__betaTub85D__XP_002053003.1	391	391	391	376	GAG	0.0	0	below_threshold	high	0.062	False	user_msa
Drosophila_willistoni_Drosophila_willistoni__LOC6647585__XP_002070575.1	391	391	391	376	GAG	0.0	0	below_threshold	high	0.062	False	user_msa
Drosophila_yakuba_Drosophila_yakuba__LOC6536356__XP_002096938.1	391	391	391	376	GAG	0.0	0	below_threshold	high	0.062	False	user_msa
Drosophila_ananassae_Drosophila_ananassae__LOC6500548__XP_001953433.1	392	392	392	377	CTG	0.0	0	below_threshold	high	0.062	False	user_msa
Drosophila_biarmipes_Drosophila_biarmipes__LOC108032098__XP_016961415.1	392	392	392	377	CTC	0.0	0	below_threshold	high	0.062	False	user_msa
Drosophila_mauritiana_Drosophila_mauritiana__LOC117142441__XP_033162295.1	392	392	392	377	CTG	0.0	0	below_threshold	high	0.062	False	user_msa
Drosophila_melanogaster_Drosophila_melanogaster__betaTub85D__NP_524290.2	392	392	392	377	CTA	0.0	0	below_threshold	high	0.062	False	user_msa
Drosophila_pseudoobscura_Drosophila_pseudoobscura__betaTub85D__XP_001357842.1	392	392	392	377	CTG	0.0	0	below_threshold	high	0.062	False	user_msa
Drosophila_sechellia_Drosophila_sechellia__betaTub85D__XP_002031904.1	392	392	392	377	CTT	0.0	0	below_threshold	high	0.062	False	user_msa
Drosophila_simulans_Drosophila_simulans__LOC6728793__XP_002104128.1	392	392	392	377	CTA	0.0	0	below_threshold	high	0.062	False	user_msa
Drosophila_subobscura_Drosophila_subobscura__LOC117897634__XP_034662499.1	392	392	392	377	CTG	0.0	0	below_threshold	high	0.062	False	user_msa
Drosophila_suzukii_Drosophila_suzukii__betaTub85D__XP_016937909.1	392	392	392	377	CTC	0.0	0	below_threshold	high	0.062	False	user_msa
Drosophila_virilis_Drosophila_virilis__betaTub85D__XP_002053003.1	392	392	392	377	TTA	0.0	0	below_threshold	high	0.062	False	user_msa
Drosophila_willistoni_Drosophila_willistoni__LOC6647585__XP_002070575.1	392	392	392	377	CTG	0.0	0	below_threshold	high	0.062	False	user_msa
Drosophila_yakuba_Drosophila_yakuba__LOC6536356__XP_002096938.1	392	392	392	377	CTA	0.0	0	below_threshold	high	0.062	False	user_msa
Drosophila_ananassae_Drosophila_ananassae__LOC6500548__XP_001953433.1	393	393	393	378	TTC	0.0	0	below_threshold	high	0.062	False	user_msa
Drosophila_biarmipes_Drosophila_biarmipes__LOC108032098__XP_016961415.1	393	393	393	378	TTC	0.0	0	below_threshold	high	0.062	False	user_msa
Drosophila_mauritiana_Drosophila_mauritiana__LOC117142441__XP_033162295.1	393	393	393	378	TTC	0.0	0	below_threshold	high	0.062	False	user_msa
Drosophila_melanogaster_Drosophila_melanogaster__betaTub85D__NP_524290.2	393	393	393	378	TTC	0.0	0	below_threshold	high	0.062	False	user_msa
Drosophila_pseudoobscura_Drosophila_pseudoobscura__betaTub85D__XP_001357842.1	393	393	393	378	TTC	0.0	0	below_threshold	high	0.062	False	user_msa
Drosophila_sechellia_Drosophila_sechellia__betaTub85D__XP_002031904.1	393	393	393	378	TTC	0.0	0	below_threshold	high	0.062	False	user_msa
Drosophila_simulans_Drosophila_simulans__LOC6728793__XP_002104128.1	393	393	393	378	TTC	0.0	0	below_threshold	high	0.062	False	user_msa
Drosophila_subobscura_Drosophila_subobscura__LOC117897634__XP_034662499.1	393	393	393	378	TTC	0.0	0	below_threshold	high	0.062	False	user_msa
Drosophila_suzukii_Drosophila_suzukii__betaTub85D__XP_016937909.1	393	393	393	378	TTC	0.0	0	below_threshold	high	0.062	False	user_msa
Drosophila_virilis_Drosophila_virilis__betaTub85D__XP_002053003.1	393	393	393	378	TTT	0.0	0	below_threshold	high	0.062	False	user_msa
Drosophila_willistoni_Drosophila_willistoni__LOC6647585__XP_002070575.1	393	393	393	378	TTC	0.0	0	below_threshold	high	0.062	False	user_msa
Drosophila_yakuba_Drosophila_yakuba__LOC6536356__XP_002096938.1	393	393	393	378	TTC	0.0	0	below_threshold	high	0.062	False	user_msa
Drosophila_ananassae_Drosophila_ananassae__LOC6500548__XP_001953433.1	394	394	394	379	AAG	0.0	0	below_threshold	high	0.062	False	user_msa
Drosophila_biarmipes_Drosophila_biarmipes__LOC108032098__XP_016961415.1	394	394	394	379	AAG	0.0	0	below_threshold	high	0.062	False	user_msa
Drosophila_mauritiana_Drosophila_mauritiana__LOC117142441__XP_033162295.1	394	394	394	379	AAA	0.0	0	below_threshold	high	0.062	False	user_msa
Drosophila_melanogaster_Drosophila_melanogaster__betaTub85D__NP_524290.2	394	394	394	379	AAA	0.0	0	below_threshold	high	0.062	False	user_msa
Drosophila_pseudoobscura_Drosophila_pseudoobscura__betaTub85D__XP_001357842.1	394	394	394	379	AAG	0.0	0	below_threshold	high	0.062	False	user_msa
Drosophila_sechellia_Drosophila_sechellia__betaTub85D__XP_002031904.1	394	394	394	379	AAA	0.0	0	below_threshold	high	0.062	False	user_msa
Drosophila_simulans_Drosophila_simulans__LOC6728793__XP_002104128.1	394	394	394	379	AAA	0.0	0	below_threshold	high	0.062	False	user_msa
Drosophila_subobscura_Drosophila_subobscura__LOC117897634__XP_034662499.1	394	394	394	379	AAG	0.0	0	below_threshold	high	0.062	False	user_msa
Drosophila_suzukii_Drosophila_suzukii__betaTub85D__XP_016937909.1	394	394	394	379	AAG	0.0	0	below_threshold	high	0.062	False	user_msa
Drosophila_virilis_Drosophila_virilis__betaTub85D__XP_002053003.1	394	394	394	379	AAA	0.0	0	below_threshold	high	0.062	False	user_msa
Drosophila_willistoni_Drosophila_willistoni__LOC6647585__XP_002070575.1	394	394	394	379	AAG	0.0	0	below_threshold	high	0.062	False	user_msa
Drosophila_yakuba_Drosophila_yakuba__LOC6536356__XP_002096938.1	394	394	394	379	AAA	0.0	0	below_threshold	high	0.062	False	user_msa
Drosophila_ananassae_Drosophila_ananassae__LOC6500548__XP_001953433.1	395	395	395	380	CGC	0.0	0	below_threshold	high	0.062	False	user_msa
Drosophila_biarmipes_Drosophila_biarmipes__LOC108032098__XP_016961415.1	395	395	395	380	CGT	0.0	0	below_threshold	high	0.062	False	user_msa
Drosophila_mauritiana_Drosophila_mauritiana__LOC117142441__XP_033162295.1	395	395	395	380	CGG	0.0	0	below_threshold	high	0.062	False	user_msa
Drosophila_melanogaster_Drosophila_melanogaster__betaTub85D__NP_524290.2	395	395	395	380	CGG	0.0	0	below_threshold	high	0.062	False	user_msa
Drosophila_pseudoobscura_Drosophila_pseudoobscura__betaTub85D__XP_001357842.1	395	395	395	380	CGC	0.0	0	below_threshold	high	0.062	False	user_msa
Drosophila_sechellia_Drosophila_sechellia__betaTub85D__XP_002031904.1	395	395	395	380	CGG	0.0	0	below_threshold	high	0.062	False	user_msa
Drosophila_simulans_Drosophila_simulans__LOC6728793__XP_002104128.1	395	395	395	380	CGG	0.0	0	below_threshold	high	0.062	False	user_msa
Drosophila_subobscura_Drosophila_subobscura__LOC117897634__XP_034662499.1	395	395	395	380	CGC	0.0	0	below_threshold	high	0.062	False	user_msa
Drosophila_suzukii_Drosophila_suzukii__betaTub85D__XP_016937909.1	395	395	395	380	CGC	0.0	0	below_threshold	high	0.062	False	user_msa
Drosophila_virilis_Drosophila_virilis__betaTub85D__XP_002053003.1	395	395	395	380	CGC	0.0	0	below_threshold	high	0.062	False	user_msa
Drosophila_willistoni_Drosophila_willistoni__LOC6647585__XP_002070575.1	395	395	395	380	CGT	0.0	0	below_threshold	high	0.062	False	user_msa
Drosophila_yakuba_Drosophila_yakuba__LOC6536356__XP_002096938.1	395	395	395	380	CGG	0.0	0	below_threshold	high	0.062	False	user_msa
Drosophila_ananassae_Drosophila_ananassae__LOC6500548__XP_001953433.1	396	396	396	381	GTA	0.0	0	below_threshold	high	0.062	False	user_msa
Drosophila_biarmipes_Drosophila_biarmipes__LOC108032098__XP_016961415.1	396	396	396	381	GTT	0.0	0	below_threshold	high	0.062	False	user_msa
Drosophila_mauritiana_Drosophila_mauritiana__LOC117142441__XP_033162295.1	396	396	396	381	GTG	0.0	0	below_threshold	high	0.062	False	user_msa
Drosophila_melanogaster_Drosophila_melanogaster__betaTub85D__NP_524290.2	396	396	396	381	GTT	0.0	0	below_threshold	high	0.062	False	user_msa
Drosophila_pseudoobscura_Drosophila_pseudoobscura__betaTub85D__XP_001357842.1	396	396	396	381	GTC	0.0	0	below_threshold	high	0.062	False	user_msa
Drosophila_sechellia_Drosophila_sechellia__betaTub85D__XP_002031904.1	396	396	396	381	GTG	0.0	0	below_threshold	high	0.062	False	user_msa
Drosophila_simulans_Drosophila_simulans__LOC6728793__XP_002104128.1	396	396	396	381	GTG	0.0	0	below_threshold	high	0.062	False	user_msa
Drosophila_subobscura_Drosophila_subobscura__LOC117897634__XP_034662499.1	396	396	396	381	GTC	0.0	0	below_threshold	high	0.062	False	user_msa
Drosophila_suzukii_Drosophila_suzukii__betaTub85D__XP_016937909.1	396	396	396	381	GTC	0.0	0	below_threshold	high	0.062	False	user_msa
Drosophila_virilis_Drosophila_virilis__betaTub85D__XP_002053003.1	396	396	396	381	GTT	0.0	0	below_threshold	high	0.062	False	user_msa
Drosophila_willistoni_Drosophila_willistoni__LOC6647585__XP_002070575.1	396	396	396	381	GTG	0.0	0	below_threshold	high	0.062	False	user_msa
Drosophila_yakuba_Drosophila_yakuba__LOC6536356__XP_002096938.1	396	396	396	381	GTG	0.0	0	below_threshold	high	0.062	False	user_msa
Drosophila_ananassae_Drosophila_ananassae__LOC6500548__XP_001953433.1	397	397	397	382	TCC	0.0	0	below_threshold	high	0.062	False	user_msa
Drosophila_biarmipes_Drosophila_biarmipes__LOC108032098__XP_016961415.1	397	397	397	382	TCG	0.0	0	below_threshold	high	0.062	False	user_msa
Drosophila_mauritiana_Drosophila_mauritiana__LOC117142441__XP_033162295.1	397	397	397	382	TCG	0.0	0	below_threshold	high	0.062	False	user_msa
Drosophila_melanogaster_Drosophila_melanogaster__betaTub85D__NP_524290.2	397	397	397	382	TCG	0.0	0	below_threshold	high	0.062	False	user_msa
Drosophila_pseudoobscura_Drosophila_pseudoobscura__betaTub85D__XP_001357842.1	397	397	397	382	TCC	0.0	0	below_threshold	high	0.062	False	user_msa
Drosophila_sechellia_Drosophila_sechellia__betaTub85D__XP_002031904.1	397	397	397	382	TCG	0.0	0	below_threshold	high	0.062	False	user_msa
Drosophila_simulans_Drosophila_simulans__LOC6728793__XP_002104128.1	397	397	397	382	TCG	0.0	0	below_threshold	high	0.062	False	user_msa
Drosophila_subobscura_Drosophila_subobscura__LOC117897634__XP_034662499.1	397	397	397	382	TCC	0.0	0	below_threshold	high	0.062	False	user_msa
Drosophila_suzukii_Drosophila_suzukii__betaTub85D__XP_016937909.1	397	397	397	382	TCG	0.0	0	below_threshold	high	0.062	False	user_msa
Drosophila_virilis_Drosophila_virilis__betaTub85D__XP_002053003.1	397	397	397	382	TCC	0.0	0	below_threshold	high	0.062	False	user_msa
Drosophila_willistoni_Drosophila_willistoni__LOC6647585__XP_002070575.1	397	397	397	382	TCC	0.0	0	below_threshold	high	0.062	False	user_msa
Drosophila_yakuba_Drosophila_yakuba__LOC6536356__XP_002096938.1	397	397	397	382	TCG	0.0	0	below_threshold	high	0.062	False	user_msa
Drosophila_ananassae_Drosophila_ananassae__LOC6500548__XP_001953433.1	398	398	398	383	GAG	0.0	0	below_threshold	high	0.062	False	user_msa
Drosophila_biarmipes_Drosophila_biarmipes__LOC108032098__XP_016961415.1	398	398	398	383	GAG	0.0	0	below_threshold	high	0.062	False	user_msa
Drosophila_mauritiana_Drosophila_mauritiana__LOC117142441__XP_033162295.1	398	398	398	383	GAG	0.0	0	below_threshold	high	0.062	False	user_msa
Drosophila_melanogaster_Drosophila_melanogaster__betaTub85D__NP_524290.2	398	398	398	383	GAG	0.0	0	below_threshold	high	0.062	False	user_msa
Drosophila_pseudoobscura_Drosophila_pseudoobscura__betaTub85D__XP_001357842.1	398	398	398	383	GAG	0.0	0	below_threshold	high	0.062	False	user_msa
Drosophila_sechellia_Drosophila_sechellia__betaTub85D__XP_002031904.1	398	398	398	383	GAG	0.0	0	below_threshold	high	0.062	False	user_msa
Drosophila_simulans_Drosophila_simulans__LOC6728793__XP_002104128.1	398	398	398	383	GAG	0.0	0	below_threshold	high	0.062	False	user_msa
Drosophila_subobscura_Drosophila_subobscura__LOC117897634__XP_034662499.1	398	398	398	383	GAG	0.0	0	below_threshold	high	0.062	False	user_msa
Drosophila_suzukii_Drosophila_suzukii__betaTub85D__XP_016937909.1	398	398	398	383	GAG	0.0	0	below_threshold	high	0.062	False	user_msa
Drosophila_virilis_Drosophila_virilis__betaTub85D__XP_002053003.1	398	398	398	383	GAG	0.0	0	below_threshold	high	0.062	False	user_msa
Drosophila_willistoni_Drosophila_willistoni__LOC6647585__XP_002070575.1	398	398	398	383	GAG	0.0	0	below_threshold	high	0.062	False	user_msa
Drosophila_yakuba_Drosophila_yakuba__LOC6536356__XP_002096938.1	398	398	398	383	GAG	0.0	0	below_threshold	high	0.062	False	user_msa
Drosophila_ananassae_Drosophila_ananassae__LOC6500548__XP_001953433.1	399	399	399	384	CAG	0.0	0	below_threshold	high	0.062	False	user_msa
Drosophila_biarmipes_Drosophila_biarmipes__LOC108032098__XP_016961415.1	399	399	399	384	CAG	0.0	0	below_threshold	high	0.062	False	user_msa
Drosophila_mauritiana_Drosophila_mauritiana__LOC117142441__XP_033162295.1	399	399	399	384	CAG	0.0	0	below_threshold	high	0.062	False	user_msa
Drosophila_melanogaster_Drosophila_melanogaster__betaTub85D__NP_524290.2	399	399	399	384	CAG	0.0	0	below_threshold	high	0.062	False	user_msa
Drosophila_pseudoobscura_Drosophila_pseudoobscura__betaTub85D__XP_001357842.1	399	399	399	384	CAG	0.0	0	below_threshold	high	0.062	False	user_msa
Drosophila_sechellia_Drosophila_sechellia__betaTub85D__XP_002031904.1	399	399	399	384	CAG	0.0	0	below_threshold	high	0.062	False	user_msa
Drosophila_simulans_Drosophila_simulans__LOC6728793__XP_002104128.1	399	399	399	384	CAG	0.0	0	below_threshold	high	0.062	False	user_msa
Drosophila_subobscura_Drosophila_subobscura__LOC117897634__XP_034662499.1	399	399	399	384	CAG	0.0	0	below_threshold	high	0.062	False	user_msa
Drosophila_suzukii_Drosophila_suzukii__betaTub85D__XP_016937909.1	399	399	399	384	CAG	0.0	0	below_threshold	high	0.062	False	user_msa
Drosophila_virilis_Drosophila_virilis__betaTub85D__XP_002053003.1	399	399	399	384	CAG	0.0	0	below_threshold	high	0.062	False	user_msa
Drosophila_willistoni_Drosophila_willistoni__LOC6647585__XP_002070575.1	399	399	399	384	CAA	0.0	0	below_threshold	high	0.062	False	user_msa
Drosophila_yakuba_Drosophila_yakuba__LOC6536356__XP_002096938.1	399	399	399	384	CAG	0.0	0	below_threshold	high	0.062	False	user_msa
Drosophila_ananassae_Drosophila_ananassae__LOC6500548__XP_001953433.1	400	400	400	385	TTC	0.0	0	below_threshold	high	0.062	False	user_msa
Drosophila_biarmipes_Drosophila_biarmipes__LOC108032098__XP_016961415.1	400	400	400	385	TTC	0.0	0	below_threshold	high	0.062	False	user_msa
Drosophila_mauritiana_Drosophila_mauritiana__LOC117142441__XP_033162295.1	400	400	400	385	TTC	0.0	0	below_threshold	high	0.062	False	user_msa
Drosophila_melanogaster_Drosophila_melanogaster__betaTub85D__NP_524290.2	400	400	400	385	TTC	0.0	0	below_threshold	high	0.062	False	user_msa
Drosophila_pseudoobscura_Drosophila_pseudoobscura__betaTub85D__XP_001357842.1	400	400	400	385	TTT	0.0	0	below_threshold	high	0.062	False	user_msa
Drosophila_sechellia_Drosophila_sechellia__betaTub85D__XP_002031904.1	400	400	400	385	TTC	0.0	0	below_threshold	high	0.062	False	user_msa
Drosophila_simulans_Drosophila_simulans__LOC6728793__XP_002104128.1	400	400	400	385	TTC	0.0	0	below_threshold	high	0.062	False	user_msa
Drosophila_subobscura_Drosophila_subobscura__LOC117897634__XP_034662499.1	400	400	400	385	TTC	0.0	0	below_threshold	high	0.062	False	user_msa
Drosophila_suzukii_Drosophila_suzukii__betaTub85D__XP_016937909.1	400	400	400	385	TTC	0.0	0	below_threshold	high	0.062	False	user_msa
Drosophila_virilis_Drosophila_virilis__betaTub85D__XP_002053003.1	400	400	400	385	TTC	0.0	0	below_threshold	high	0.062	False	user_msa
Drosophila_willistoni_Drosophila_willistoni__LOC6647585__XP_002070575.1	400	400	400	385	TTC	0.0	0	below_threshold	high	0.062	False	user_msa
Drosophila_yakuba_Drosophila_yakuba__LOC6536356__XP_002096938.1	400	400	400	385	TTC	0.0	0	below_threshold	high	0.062	False	user_msa
Drosophila_ananassae_Drosophila_ananassae__LOC6500548__XP_001953433.1	401	401	401	386	ACA	0.0	0	below_threshold	high	0.062	False	user_msa
Drosophila_biarmipes_Drosophila_biarmipes__LOC108032098__XP_016961415.1	401	401	401	386	ACG	0.0	0	below_threshold	high	0.062	False	user_msa
Drosophila_mauritiana_Drosophila_mauritiana__LOC117142441__XP_033162295.1	401	401	401	386	ACT	0.0	0	below_threshold	high	0.062	False	user_msa
Drosophila_melanogaster_Drosophila_melanogaster__betaTub85D__NP_524290.2	401	401	401	386	ACC	0.0	0	below_threshold	high	0.062	False	user_msa
Drosophila_pseudoobscura_Drosophila_pseudoobscura__betaTub85D__XP_001357842.1	401	401	401	386	ACG	0.0	0	below_threshold	high	0.062	False	user_msa
Drosophila_sechellia_Drosophila_sechellia__betaTub85D__XP_002031904.1	401	401	401	386	ACT	0.0	0	below_threshold	high	0.062	False	user_msa
Drosophila_simulans_Drosophila_simulans__LOC6728793__XP_002104128.1	401	401	401	386	ACT	0.0	0	below_threshold	high	0.062	False	user_msa
Drosophila_subobscura_Drosophila_subobscura__LOC117897634__XP_034662499.1	401	401	401	386	ACA	0.0	0	below_threshold	high	0.062	False	user_msa
Drosophila_suzukii_Drosophila_suzukii__betaTub85D__XP_016937909.1	401	401	401	386	ACG	0.0	0	below_threshold	high	0.062	False	user_msa
Drosophila_virilis_Drosophila_virilis__betaTub85D__XP_002053003.1	401	401	401	386	ACG	0.0	0	below_threshold	high	0.062	False	user_msa
Drosophila_willistoni_Drosophila_willistoni__LOC6647585__XP_002070575.1	401	401	401	386	ACT	0.0	0	below_threshold	high	0.062	False	user_msa
Drosophila_yakuba_Drosophila_yakuba__LOC6536356__XP_002096938.1	401	401	401	386	ACC	0.0	0	below_threshold	high	0.062	False	user_msa
Drosophila_ananassae_Drosophila_ananassae__LOC6500548__XP_001953433.1	402	402	402	387	GCC	0.0	0	below_threshold	high	0.062	False	user_msa
Drosophila_biarmipes_Drosophila_biarmipes__LOC108032098__XP_016961415.1	402	402	402	387	GCC	0.0	0	below_threshold	high	0.062	False	user_msa
Drosophila_mauritiana_Drosophila_mauritiana__LOC117142441__XP_033162295.1	402	402	402	387	GCC	0.0	0	below_threshold	high	0.062	False	user_msa
Drosophila_melanogaster_Drosophila_melanogaster__betaTub85D__NP_524290.2	402	402	402	387	GCC	0.0	0	below_threshold	high	0.062	False	user_msa
Drosophila_pseudoobscura_Drosophila_pseudoobscura__betaTub85D__XP_001357842.1	402	402	402	387	GCG	0.0	0	below_threshold	high	0.062	False	user_msa
Drosophila_sechellia_Drosophila_sechellia__betaTub85D__XP_002031904.1	402	402	402	387	GCC	0.0	0	below_threshold	high	0.062	False	user_msa
Drosophila_simulans_Drosophila_simulans__LOC6728793__XP_002104128.1	402	402	402	387	GCC	0.0	0	below_threshold	high	0.062	False	user_msa
Drosophila_subobscura_Drosophila_subobscura__LOC117897634__XP_034662499.1	402	402	402	387	GCC	0.0	0	below_threshold	high	0.062	False	user_msa
Drosophila_suzukii_Drosophila_suzukii__betaTub85D__XP_016937909.1	402	402	402	387	GCC	0.0	0	below_threshold	high	0.062	False	user_msa
Drosophila_virilis_Drosophila_virilis__betaTub85D__XP_002053003.1	402	402	402	387	GCC	0.0	0	below_threshold	high	0.062	False	user_msa
Drosophila_willistoni_Drosophila_willistoni__LOC6647585__XP_002070575.1	402	402	402	387	GCC	0.0	0	below_threshold	high	0.062	False	user_msa
Drosophila_yakuba_Drosophila_yakuba__LOC6536356__XP_002096938.1	402	402	402	387	GCC	0.0	0	below_threshold	high	0.062	False	user_msa
Drosophila_ananassae_Drosophila_ananassae__LOC6500548__XP_001953433.1	403	403	403	388	ATG	0.0	0	below_threshold	high	0.062	False	user_msa
Drosophila_biarmipes_Drosophila_biarmipes__LOC108032098__XP_016961415.1	403	403	403	388	ATG	0.0	0	below_threshold	high	0.062	False	user_msa
Drosophila_mauritiana_Drosophila_mauritiana__LOC117142441__XP_033162295.1	403	403	403	388	ATG	0.0	0	below_threshold	high	0.062	False	user_msa
Drosophila_melanogaster_Drosophila_melanogaster__betaTub85D__NP_524290.2	403	403	403	388	ATG	0.0	0	below_threshold	high	0.062	False	user_msa
Drosophila_pseudoobscura_Drosophila_pseudoobscura__betaTub85D__XP_001357842.1	403	403	403	388	ATG	0.0	0	below_threshold	high	0.062	False	user_msa
Drosophila_sechellia_Drosophila_sechellia__betaTub85D__XP_002031904.1	403	403	403	388	ATG	0.0	0	below_threshold	high	0.062	False	user_msa
Drosophila_simulans_Drosophila_simulans__LOC6728793__XP_002104128.1	403	403	403	388	ATG	0.0	0	below_threshold	high	0.062	False	user_msa
Drosophila_subobscura_Drosophila_subobscura__LOC117897634__XP_034662499.1	403	403	403	388	ATG	0.0	0	below_threshold	high	0.062	False	user_msa
Drosophila_suzukii_Drosophila_suzukii__betaTub85D__XP_016937909.1	403	403	403	388	ATG	0.0	0	below_threshold	high	0.062	False	user_msa
Drosophila_virilis_Drosophila_virilis__betaTub85D__XP_002053003.1	403	403	403	388	ATG	0.0	0	below_threshold	high	0.062	False	user_msa
Drosophila_willistoni_Drosophila_willistoni__LOC6647585__XP_002070575.1	403	403	403	388	ATG	0.0	0	below_threshold	high	0.062	False	user_msa
Drosophila_yakuba_Drosophila_yakuba__LOC6536356__XP_002096938.1	403	403	403	388	ATG	0.0	0	below_threshold	high	0.062	False	user_msa
Drosophila_ananassae_Drosophila_ananassae__LOC6500548__XP_001953433.1	404	404	404	389	TTC	0.0	0	below_threshold	high	0.062	False	user_msa
Drosophila_biarmipes_Drosophila_biarmipes__LOC108032098__XP_016961415.1	404	404	404	389	TTC	0.0	0	below_threshold	high	0.062	False	user_msa
Drosophila_mauritiana_Drosophila_mauritiana__LOC117142441__XP_033162295.1	404	404	404	389	TTC	0.0	0	below_threshold	high	0.062	False	user_msa
Drosophila_melanogaster_Drosophila_melanogaster__betaTub85D__NP_524290.2	404	404	404	389	TTC	0.0	0	below_threshold	high	0.062	False	user_msa
Drosophila_pseudoobscura_Drosophila_pseudoobscura__betaTub85D__XP_001357842.1	404	404	404	389	TTC	0.0	0	below_threshold	high	0.062	False	user_msa
Drosophila_sechellia_Drosophila_sechellia__betaTub85D__XP_002031904.1	404	404	404	389	TTC	0.0	0	below_threshold	high	0.062	False	user_msa
Drosophila_simulans_Drosophila_simulans__LOC6728793__XP_002104128.1	404	404	404	389	TTC	0.0	0	below_threshold	high	0.062	False	user_msa
Drosophila_subobscura_Drosophila_subobscura__LOC117897634__XP_034662499.1	404	404	404	389	TTC	0.0	0	below_threshold	high	0.062	False	user_msa
Drosophila_suzukii_Drosophila_suzukii__betaTub85D__XP_016937909.1	404	404	404	389	TTC	0.0	0	below_threshold	high	0.062	False	user_msa
Drosophila_virilis_Drosophila_virilis__betaTub85D__XP_002053003.1	404	404	404	389	TTC	0.0	0	below_threshold	high	0.062	False	user_msa
Drosophila_willistoni_Drosophila_willistoni__LOC6647585__XP_002070575.1	404	404	404	389	TTC	0.0	0	below_threshold	high	0.062	False	user_msa
Drosophila_yakuba_Drosophila_yakuba__LOC6536356__XP_002096938.1	404	404	404	389	TTC	0.0	0	below_threshold	high	0.062	False	user_msa
Drosophila_ananassae_Drosophila_ananassae__LOC6500548__XP_001953433.1	405	405	405	390	CGG	0.0	0	below_threshold	high	0.062	False	user_msa
Drosophila_biarmipes_Drosophila_biarmipes__LOC108032098__XP_016961415.1	405	405	405	390	CGG	0.0	0	below_threshold	high	0.062	False	user_msa
Drosophila_mauritiana_Drosophila_mauritiana__LOC117142441__XP_033162295.1	405	405	405	390	CGT	0.0	0	below_threshold	high	0.062	False	user_msa
Drosophila_melanogaster_Drosophila_melanogaster__betaTub85D__NP_524290.2	405	405	405	390	CGA	0.0	0	below_threshold	high	0.062	False	user_msa
Drosophila_pseudoobscura_Drosophila_pseudoobscura__betaTub85D__XP_001357842.1	405	405	405	390	CGG	0.0	0	below_threshold	high	0.062	False	user_msa
Drosophila_sechellia_Drosophila_sechellia__betaTub85D__XP_002031904.1	405	405	405	390	CGT	0.0	0	below_threshold	high	0.062	False	user_msa
Drosophila_simulans_Drosophila_simulans__LOC6728793__XP_002104128.1	405	405	405	390	CGT	0.0	0	below_threshold	high	0.062	False	user_msa
Drosophila_subobscura_Drosophila_subobscura__LOC117897634__XP_034662499.1	405	405	405	390	CGG	0.0	0	below_threshold	high	0.062	False	user_msa
Drosophila_suzukii_Drosophila_suzukii__betaTub85D__XP_016937909.1	405	405	405	390	AGG	0.0	0	below_threshold	high	0.062	False	user_msa
Drosophila_virilis_Drosophila_virilis__betaTub85D__XP_002053003.1	405	405	405	390	CGT	0.0	0	below_threshold	high	0.062	False	user_msa
Drosophila_willistoni_Drosophila_willistoni__LOC6647585__XP_002070575.1	405	405	405	390	CGG	0.0	0	below_threshold	high	0.062	False	user_msa
Drosophila_yakuba_Drosophila_yakuba__LOC6536356__XP_002096938.1	405	405	405	390	AGG	0.0	0	below_threshold	high	0.062	False	user_msa
Drosophila_ananassae_Drosophila_ananassae__LOC6500548__XP_001953433.1	406	406	406	391	CGC	0.0	0	below_threshold	high	0.062	False	user_msa
Drosophila_biarmipes_Drosophila_biarmipes__LOC108032098__XP_016961415.1	406	406	406	391	AGG	0.0	0	below_threshold	high	0.062	False	user_msa
Drosophila_mauritiana_Drosophila_mauritiana__LOC117142441__XP_033162295.1	406	406	406	391	AGG	0.0	0	below_threshold	high	0.062	False	user_msa
Drosophila_melanogaster_Drosophila_melanogaster__betaTub85D__NP_524290.2	406	406	406	391	AGG	0.0	0	below_threshold	high	0.062	False	user_msa
Drosophila_pseudoobscura_Drosophila_pseudoobscura__betaTub85D__XP_001357842.1	406	406	406	391	CGC	0.0	0	below_threshold	high	0.062	False	user_msa
Drosophila_sechellia_Drosophila_sechellia__betaTub85D__XP_002031904.1	406	406	406	391	AGG	0.0	0	below_threshold	high	0.062	False	user_msa
Drosophila_simulans_Drosophila_simulans__LOC6728793__XP_002104128.1	406	406	406	391	AGG	0.0	0	below_threshold	high	0.062	False	user_msa
Drosophila_subobscura_Drosophila_subobscura__LOC117897634__XP_034662499.1	406	406	406	391	CGC	0.0	0	below_threshold	high	0.062	False	user_msa
Drosophila_suzukii_Drosophila_suzukii__betaTub85D__XP_016937909.1	406	406	406	391	AGG	0.0	0	below_threshold	high	0.062	False	user_msa
Drosophila_virilis_Drosophila_virilis__betaTub85D__XP_002053003.1	406	406	406	391	CGC	0.0	0	below_threshold	high	0.062	False	user_msa
Drosophila_willistoni_Drosophila_willistoni__LOC6647585__XP_002070575.1	406	406	406	391	CGC	0.0	0	below_threshold	high	0.062	False	user_msa
Drosophila_yakuba_Drosophila_yakuba__LOC6536356__XP_002096938.1	406	406	406	391	AGG	0.0	0	below_threshold	high	0.062	False	user_msa
Drosophila_ananassae_Drosophila_ananassae__LOC6500548__XP_001953433.1	407	407	407	392	AAG	0.0	0	below_threshold	high	0.062	False	user_msa
Drosophila_biarmipes_Drosophila_biarmipes__LOC108032098__XP_016961415.1	407	407	407	392	AAG	0.0	0	below_threshold	high	0.062	False	user_msa
Drosophila_mauritiana_Drosophila_mauritiana__LOC117142441__XP_033162295.1	407	407	407	392	AAG	0.0	0	below_threshold	high	0.062	False	user_msa
Drosophila_melanogaster_Drosophila_melanogaster__betaTub85D__NP_524290.2	407	407	407	392	AAG	0.0	0	below_threshold	high	0.062	False	user_msa
Drosophila_pseudoobscura_Drosophila_pseudoobscura__betaTub85D__XP_001357842.1	407	407	407	392	AAG	0.0	0	below_threshold	high	0.062	False	user_msa
Drosophila_sechellia_Drosophila_sechellia__betaTub85D__XP_002031904.1	407	407	407	392	AAG	0.0	0	below_threshold	high	0.062	False	user_msa
Drosophila_simulans_Drosophila_simulans__LOC6728793__XP_002104128.1	407	407	407	392	AAG	0.0	0	below_threshold	high	0.062	False	user_msa
Drosophila_subobscura_Drosophila_subobscura__LOC117897634__XP_034662499.1	407	407	407	392	AAG	0.0	0	below_threshold	high	0.062	False	user_msa
Drosophila_suzukii_Drosophila_suzukii__betaTub85D__XP_016937909.1	407	407	407	392	AAG	0.0	0	below_threshold	high	0.062	False	user_msa
Drosophila_virilis_Drosophila_virilis__betaTub85D__XP_002053003.1	407	407	407	392	AAG	0.0	0	below_threshold	high	0.062	False	user_msa
Drosophila_willistoni_Drosophila_willistoni__LOC6647585__XP_002070575.1	407	407	407	392	AAG	0.0	0	below_threshold	high	0.062	False	user_msa
Drosophila_yakuba_Drosophila_yakuba__LOC6536356__XP_002096938.1	407	407	407	392	AAG	0.0	0	below_threshold	high	0.062	False	user_msa
Drosophila_ananassae_Drosophila_ananassae__LOC6500548__XP_001953433.1	408	408	408	393	GCT	0.0	0	below_threshold	high	0.062	False	user_msa
Drosophila_biarmipes_Drosophila_biarmipes__LOC108032098__XP_016961415.1	408	408	408	393	GCC	0.0	0	below_threshold	high	0.062	False	user_msa
Drosophila_mauritiana_Drosophila_mauritiana__LOC117142441__XP_033162295.1	408	408	408	393	GCC	0.0	0	below_threshold	high	0.062	False	user_msa
Drosophila_melanogaster_Drosophila_melanogaster__betaTub85D__NP_524290.2	408	408	408	393	GCC	0.0	0	below_threshold	high	0.062	False	user_msa
Drosophila_pseudoobscura_Drosophila_pseudoobscura__betaTub85D__XP_001357842.1	408	408	408	393	GCC	0.0	0	below_threshold	high	0.062	False	user_msa
Drosophila_sechellia_Drosophila_sechellia__betaTub85D__XP_002031904.1	408	408	408	393	GCC	0.0	0	below_threshold	high	0.062	False	user_msa
Drosophila_simulans_Drosophila_simulans__LOC6728793__XP_002104128.1	408	408	408	393	GCC	0.0	0	below_threshold	high	0.062	False	user_msa
Drosophila_subobscura_Drosophila_subobscura__LOC117897634__XP_034662499.1	408	408	408	393	GCC	0.0	0	below_threshold	high	0.062	False	user_msa
Drosophila_suzukii_Drosophila_suzukii__betaTub85D__XP_016937909.1	408	408	408	393	GCA	0.0	0	below_threshold	high	0.062	False	user_msa
Drosophila_virilis_Drosophila_virilis__betaTub85D__XP_002053003.1	408	408	408	393	GCC	0.0	0	below_threshold	high	0.062	False	user_msa
Drosophila_willistoni_Drosophila_willistoni__LOC6647585__XP_002070575.1	408	408	408	393	GCT	0.0	0	below_threshold	high	0.062	False	user_msa
Drosophila_yakuba_Drosophila_yakuba__LOC6536356__XP_002096938.1	408	408	408	393	GCC	0.0	0	below_threshold	high	0.062	False	user_msa
Drosophila_ananassae_Drosophila_ananassae__LOC6500548__XP_001953433.1	409	409	409	394	TTC	0.0	0	below_threshold	high	0.062	False	user_msa
Drosophila_biarmipes_Drosophila_biarmipes__LOC108032098__XP_016961415.1	409	409	409	394	TTC	0.0	0	below_threshold	high	0.062	False	user_msa
Drosophila_mauritiana_Drosophila_mauritiana__LOC117142441__XP_033162295.1	409	409	409	394	TTC	0.0	0	below_threshold	high	0.062	False	user_msa
Drosophila_melanogaster_Drosophila_melanogaster__betaTub85D__NP_524290.2	409	409	409	394	TTC	0.0	0	below_threshold	high	0.062	False	user_msa
Drosophila_pseudoobscura_Drosophila_pseudoobscura__betaTub85D__XP_001357842.1	409	409	409	394	TTC	0.0	0	below_threshold	high	0.062	False	user_msa
Drosophila_sechellia_Drosophila_sechellia__betaTub85D__XP_002031904.1	409	409	409	394	TTC	0.0	0	below_threshold	high	0.062	False	user_msa
Drosophila_simulans_Drosophila_simulans__LOC6728793__XP_002104128.1	409	409	409	394	TTC	0.0	0	below_threshold	high	0.062	False	user_msa
Drosophila_subobscura_Drosophila_subobscura__LOC117897634__XP_034662499.1	409	409	409	394	TTC	0.0	0	below_threshold	high	0.062	False	user_msa
Drosophila_suzukii_Drosophila_suzukii__betaTub85D__XP_016937909.1	409	409	409	394	TTC	0.0	0	below_threshold	high	0.062	False	user_msa
Drosophila_virilis_Drosophila_virilis__betaTub85D__XP_002053003.1	409	409	409	394	TTC	0.0	0	below_threshold	high	0.062	False	user_msa
Drosophila_willistoni_Drosophila_willistoni__LOC6647585__XP_002070575.1	409	409	409	394	TTC	0.0	0	below_threshold	high	0.062	False	user_msa
Drosophila_yakuba_Drosophila_yakuba__LOC6536356__XP_002096938.1	409	409	409	394	TTC	0.0	0	below_threshold	high	0.062	False	user_msa
Drosophila_ananassae_Drosophila_ananassae__LOC6500548__XP_001953433.1	410	410	410	395	CTT	0.0	0	below_threshold	high	0.062	False	user_msa
Drosophila_biarmipes_Drosophila_biarmipes__LOC108032098__XP_016961415.1	410	410	410	395	TTG	0.0	0	below_threshold	high	0.062	False	user_msa
Drosophila_mauritiana_Drosophila_mauritiana__LOC117142441__XP_033162295.1	410	410	410	395	TTG	0.0	0	below_threshold	high	0.062	False	user_msa
Drosophila_melanogaster_Drosophila_melanogaster__betaTub85D__NP_524290.2	410	410	410	395	TTG	0.0	0	below_threshold	high	0.062	False	user_msa
Drosophila_pseudoobscura_Drosophila_pseudoobscura__betaTub85D__XP_001357842.1	410	410	410	395	TTA	0.0	0	below_threshold	high	0.062	False	user_msa
Drosophila_sechellia_Drosophila_sechellia__betaTub85D__XP_002031904.1	410	410	410	395	TTG	0.0	0	below_threshold	high	0.062	False	user_msa
Drosophila_simulans_Drosophila_simulans__LOC6728793__XP_002104128.1	410	410	410	395	TTG	0.0	0	below_threshold	high	0.062	False	user_msa
Drosophila_subobscura_Drosophila_subobscura__LOC117897634__XP_034662499.1	410	410	410	395	TTG	0.0	0	below_threshold	high	0.062	False	user_msa
Drosophila_suzukii_Drosophila_suzukii__betaTub85D__XP_016937909.1	410	410	410	395	TTG	0.0	0	below_threshold	high	0.062	False	user_msa
Drosophila_virilis_Drosophila_virilis__betaTub85D__XP_002053003.1	410	410	410	395	TTG	0.0	0	below_threshold	high	0.062	False	user_msa
Drosophila_willistoni_Drosophila_willistoni__LOC6647585__XP_002070575.1	410	410	410	395	TTG	0.0	0	below_threshold	high	0.062	False	user_msa
Drosophila_yakuba_Drosophila_yakuba__LOC6536356__XP_002096938.1	410	410	410	395	CTG	0.0	0	below_threshold	high	0.062	False	user_msa
Drosophila_ananassae_Drosophila_ananassae__LOC6500548__XP_001953433.1	411	411	411	396	CAC	0.0	0	below_threshold	high	0.062	False	user_msa
Drosophila_biarmipes_Drosophila_biarmipes__LOC108032098__XP_016961415.1	411	411	411	396	CAC	0.0	0	below_threshold	high	0.062	False	user_msa
Drosophila_mauritiana_Drosophila_mauritiana__LOC117142441__XP_033162295.1	411	411	411	396	CAT	0.0	0	below_threshold	high	0.062	False	user_msa
Drosophila_melanogaster_Drosophila_melanogaster__betaTub85D__NP_524290.2	411	411	411	396	CAT	0.0	0	below_threshold	high	0.062	False	user_msa
Drosophila_pseudoobscura_Drosophila_pseudoobscura__betaTub85D__XP_001357842.1	411	411	411	396	CAT	0.0	0	below_threshold	high	0.062	False	user_msa
Drosophila_sechellia_Drosophila_sechellia__betaTub85D__XP_002031904.1	411	411	411	396	CAT	0.0	0	below_threshold	high	0.062	False	user_msa
Drosophila_simulans_Drosophila_simulans__LOC6728793__XP_002104128.1	411	411	411	396	CAT	0.0	0	below_threshold	high	0.062	False	user_msa
Drosophila_subobscura_Drosophila_subobscura__LOC117897634__XP_034662499.1	411	411	411	396	CAT	0.0	0	below_threshold	high	0.062	False	user_msa
Drosophila_suzukii_Drosophila_suzukii__betaTub85D__XP_016937909.1	411	411	411	396	CAT	0.0	0	below_threshold	high	0.062	False	user_msa
Drosophila_virilis_Drosophila_virilis__betaTub85D__XP_002053003.1	411	411	411	396	CAT	0.0	0	below_threshold	high	0.062	False	user_msa
Drosophila_willistoni_Drosophila_willistoni__LOC6647585__XP_002070575.1	411	411	411	396	CAT	0.0	0	below_threshold	high	0.062	False	user_msa
Drosophila_yakuba_Drosophila_yakuba__LOC6536356__XP_002096938.1	411	411	411	396	CAT	0.0	0	below_threshold	high	0.062	False	user_msa
Drosophila_ananassae_Drosophila_ananassae__LOC6500548__XP_001953433.1	412	412	412	397	TGG	0.0	0	below_threshold	high	0.062	False	user_msa
Drosophila_biarmipes_Drosophila_biarmipes__LOC108032098__XP_016961415.1	412	412	412	397	TGG	0.0	0	below_threshold	high	0.062	False	user_msa
Drosophila_mauritiana_Drosophila_mauritiana__LOC117142441__XP_033162295.1	412	412	412	397	TGG	0.0	0	below_threshold	high	0.062	False	user_msa
Drosophila_melanogaster_Drosophila_melanogaster__betaTub85D__NP_524290.2	412	412	412	397	TGG	0.0	0	below_threshold	high	0.062	False	user_msa
Drosophila_pseudoobscura_Drosophila_pseudoobscura__betaTub85D__XP_001357842.1	412	412	412	397	TGG	0.0	0	below_threshold	high	0.062	False	user_msa
Drosophila_sechellia_Drosophila_sechellia__betaTub85D__XP_002031904.1	412	412	412	397	TGG	0.0	0	below_threshold	high	0.062	False	user_msa
Drosophila_simulans_Drosophila_simulans__LOC6728793__XP_002104128.1	412	412	412	397	TGG	0.0	0	below_threshold	high	0.062	False	user_msa
Drosophila_subobscura_Drosophila_subobscura__LOC117897634__XP_034662499.1	412	412	412	397	TGG	0.0	0	below_threshold	high	0.062	False	user_msa
Drosophila_suzukii_Drosophila_suzukii__betaTub85D__XP_016937909.1	412	412	412	397	TGG	0.0	0	below_threshold	high	0.062	False	user_msa
Drosophila_virilis_Drosophila_virilis__betaTub85D__XP_002053003.1	412	412	412	397	TGG	0.0	0	below_threshold	high	0.062	False	user_msa
Drosophila_willistoni_Drosophila_willistoni__LOC6647585__XP_002070575.1	412	412	412	397	TGG	0.0	0	below_threshold	high	0.062	False	user_msa
Drosophila_yakuba_Drosophila_yakuba__LOC6536356__XP_002096938.1	412	412	412	397	TGG	0.0	0	below_threshold	high	0.062	False	user_msa
Drosophila_ananassae_Drosophila_ananassae__LOC6500548__XP_001953433.1	413	413	413	398	TAC	0.0	0	below_threshold	high	0.062	False	user_msa
Drosophila_biarmipes_Drosophila_biarmipes__LOC108032098__XP_016961415.1	413	413	413	398	TAC	0.0	0	below_threshold	high	0.062	False	user_msa
Drosophila_mauritiana_Drosophila_mauritiana__LOC117142441__XP_033162295.1	413	413	413	398	TAC	0.0	0	below_threshold	high	0.062	False	user_msa
Drosophila_melanogaster_Drosophila_melanogaster__betaTub85D__NP_524290.2	413	413	413	398	TAC	0.0	0	below_threshold	high	0.062	False	user_msa
Drosophila_pseudoobscura_Drosophila_pseudoobscura__betaTub85D__XP_001357842.1	413	413	413	398	TAC	0.0	0	below_threshold	high	0.062	False	user_msa
Drosophila_sechellia_Drosophila_sechellia__betaTub85D__XP_002031904.1	413	413	413	398	TAC	0.0	0	below_threshold	high	0.062	False	user_msa
Drosophila_simulans_Drosophila_simulans__LOC6728793__XP_002104128.1	413	413	413	398	TAC	0.0	0	below_threshold	high	0.062	False	user_msa
Drosophila_subobscura_Drosophila_subobscura__LOC117897634__XP_034662499.1	413	413	413	398	TAC	0.0	0	below_threshold	high	0.062	False	user_msa
Drosophila_suzukii_Drosophila_suzukii__betaTub85D__XP_016937909.1	413	413	413	398	TAC	0.0	0	below_threshold	high	0.062	False	user_msa
Drosophila_virilis_Drosophila_virilis__betaTub85D__XP_002053003.1	413	413	413	398	TAT	0.0	0	below_threshold	high	0.062	False	user_msa
Drosophila_willistoni_Drosophila_willistoni__LOC6647585__XP_002070575.1	413	413	413	398	TAC	0.0	0	below_threshold	high	0.062	False	user_msa
Drosophila_yakuba_Drosophila_yakuba__LOC6536356__XP_002096938.1	413	413	413	398	TAC	0.0	0	below_threshold	high	0.062	False	user_msa
Drosophila_ananassae_Drosophila_ananassae__LOC6500548__XP_001953433.1	414	414	414	399	ACC	0.0	0	below_threshold	high	0.062	False	user_msa
Drosophila_biarmipes_Drosophila_biarmipes__LOC108032098__XP_016961415.1	414	414	414	399	ACC	0.0	0	below_threshold	high	0.062	False	user_msa
Drosophila_mauritiana_Drosophila_mauritiana__LOC117142441__XP_033162295.1	414	414	414	399	ACC	0.0	0	below_threshold	high	0.062	False	user_msa
Drosophila_melanogaster_Drosophila_melanogaster__betaTub85D__NP_524290.2	414	414	414	399	ACC	0.0	0	below_threshold	high	0.062	False	user_msa
Drosophila_pseudoobscura_Drosophila_pseudoobscura__betaTub85D__XP_001357842.1	414	414	414	399	ACT	0.0	0	below_threshold	high	0.062	False	user_msa
Drosophila_sechellia_Drosophila_sechellia__betaTub85D__XP_002031904.1	414	414	414	399	ACC	0.0	0	below_threshold	high	0.062	False	user_msa
Drosophila_simulans_Drosophila_simulans__LOC6728793__XP_002104128.1	414	414	414	399	ACC	0.0	0	below_threshold	high	0.062	False	user_msa
Drosophila_subobscura_Drosophila_subobscura__LOC117897634__XP_034662499.1	414	414	414	399	ACT	0.0	0	below_threshold	high	0.062	False	user_msa
Drosophila_suzukii_Drosophila_suzukii__betaTub85D__XP_016937909.1	414	414	414	399	ACC	0.0	0	below_threshold	high	0.062	False	user_msa
Drosophila_virilis_Drosophila_virilis__betaTub85D__XP_002053003.1	414	414	414	399	ACC	0.0	0	below_threshold	high	0.062	False	user_msa
Drosophila_willistoni_Drosophila_willistoni__LOC6647585__XP_002070575.1	414	414	414	399	ACT	0.0	0	below_threshold	high	0.062	False	user_msa
Drosophila_yakuba_Drosophila_yakuba__LOC6536356__XP_002096938.1	414	414	414	399	ACC	0.0	0	below_threshold	high	0.062	False	user_msa
Drosophila_ananassae_Drosophila_ananassae__LOC6500548__XP_001953433.1	415	415	415	400	GGT	0.0	0	below_threshold	high	0.062	False	user_msa
Drosophila_biarmipes_Drosophila_biarmipes__LOC108032098__XP_016961415.1	415	415	415	400	GGC	0.0	0	below_threshold	high	0.062	False	user_msa
Drosophila_mauritiana_Drosophila_mauritiana__LOC117142441__XP_033162295.1	415	415	415	400	GGC	0.0	0	below_threshold	high	0.062	False	user_msa
Drosophila_melanogaster_Drosophila_melanogaster__betaTub85D__NP_524290.2	415	415	415	400	GGC	0.0	0	below_threshold	high	0.062	False	user_msa
Drosophila_pseudoobscura_Drosophila_pseudoobscura__betaTub85D__XP_001357842.1	415	415	415	400	GGC	0.0	0	below_threshold	high	0.062	False	user_msa
Drosophila_sechellia_Drosophila_sechellia__betaTub85D__XP_002031904.1	415	415	415	400	GGC	0.0	0	below_threshold	high	0.062	False	user_msa
Drosophila_simulans_Drosophila_simulans__LOC6728793__XP_002104128.1	415	415	415	400	GGC	0.0	0	below_threshold	high	0.062	False	user_msa
Drosophila_subobscura_Drosophila_subobscura__LOC117897634__XP_034662499.1	415	415	415	400	GGC	0.0	0	below_threshold	high	0.062	False	user_msa
Drosophila_suzukii_Drosophila_suzukii__betaTub85D__XP_016937909.1	415	415	415	400	GGC	0.0	0	below_threshold	high	0.062	False	user_msa
Drosophila_virilis_Drosophila_virilis__betaTub85D__XP_002053003.1	415	415	415	400	GGT	0.0	0	below_threshold	high	0.062	False	user_msa
Drosophila_willistoni_Drosophila_willistoni__LOC6647585__XP_002070575.1	415	415	415	400	GGT	0.0	0	below_threshold	high	0.062	False	user_msa
Drosophila_yakuba_Drosophila_yakuba__LOC6536356__XP_002096938.1	415	415	415	400	GGC	0.0	0	below_threshold	high	0.062	False	user_msa
Drosophila_ananassae_Drosophila_ananassae__LOC6500548__XP_001953433.1	416	416	416	401	GAG	0.0	0	below_threshold	high	0.062	False	user_msa
Drosophila_biarmipes_Drosophila_biarmipes__LOC108032098__XP_016961415.1	416	416	416	401	GAG	0.0	0	below_threshold	high	0.062	False	user_msa
Drosophila_mauritiana_Drosophila_mauritiana__LOC117142441__XP_033162295.1	416	416	416	401	GAG	0.0	0	below_threshold	high	0.062	False	user_msa
Drosophila_melanogaster_Drosophila_melanogaster__betaTub85D__NP_524290.2	416	416	416	401	GAG	0.0	0	below_threshold	high	0.062	False	user_msa
Drosophila_pseudoobscura_Drosophila_pseudoobscura__betaTub85D__XP_001357842.1	416	416	416	401	GAG	0.0	0	below_threshold	high	0.062	False	user_msa
Drosophila_sechellia_Drosophila_sechellia__betaTub85D__XP_002031904.1	416	416	416	401	GAG	0.0	0	below_threshold	high	0.062	False	user_msa
Drosophila_simulans_Drosophila_simulans__LOC6728793__XP_002104128.1	416	416	416	401	GAG	0.0	0	below_threshold	high	0.062	False	user_msa
Drosophila_subobscura_Drosophila_subobscura__LOC117897634__XP_034662499.1	416	416	416	401	GAG	0.0	0	below_threshold	high	0.062	False	user_msa
Drosophila_suzukii_Drosophila_suzukii__betaTub85D__XP_016937909.1	416	416	416	401	GAG	0.0	0	below_threshold	high	0.062	False	user_msa
Drosophila_virilis_Drosophila_virilis__betaTub85D__XP_002053003.1	416	416	416	401	GAG	0.0	0	below_threshold	high	0.062	False	user_msa
Drosophila_willistoni_Drosophila_willistoni__LOC6647585__XP_002070575.1	416	416	416	401	GAG	0.0	0	below_threshold	high	0.062	False	user_msa
Drosophila_yakuba_Drosophila_yakuba__LOC6536356__XP_002096938.1	416	416	416	401	GAG	0.0	0	below_threshold	high	0.062	False	user_msa
Drosophila_ananassae_Drosophila_ananassae__LOC6500548__XP_001953433.1	417	417	417	402	GGC	0.0	0	below_threshold	high	0.062	False	user_msa
Drosophila_biarmipes_Drosophila_biarmipes__LOC108032098__XP_016961415.1	417	417	417	402	GGA	0.0	0	below_threshold	high	0.062	False	user_msa
Drosophila_mauritiana_Drosophila_mauritiana__LOC117142441__XP_033162295.1	417	417	417	402	GGA	0.0	0	below_threshold	high	0.062	False	user_msa
Drosophila_melanogaster_Drosophila_melanogaster__betaTub85D__NP_524290.2	417	417	417	402	GGA	0.0	0	below_threshold	high	0.062	False	user_msa
Drosophila_pseudoobscura_Drosophila_pseudoobscura__betaTub85D__XP_001357842.1	417	417	417	402	GGC	0.0	0	below_threshold	high	0.062	False	user_msa
Drosophila_sechellia_Drosophila_sechellia__betaTub85D__XP_002031904.1	417	417	417	402	GGA	0.0	0	below_threshold	high	0.062	False	user_msa
Drosophila_simulans_Drosophila_simulans__LOC6728793__XP_002104128.1	417	417	417	402	GGA	0.0	0	below_threshold	high	0.062	False	user_msa
Drosophila_subobscura_Drosophila_subobscura__LOC117897634__XP_034662499.1	417	417	417	402	GGC	0.0	0	below_threshold	high	0.062	False	user_msa
Drosophila_suzukii_Drosophila_suzukii__betaTub85D__XP_016937909.1	417	417	417	402	GGA	0.0	0	below_threshold	high	0.062	False	user_msa
Drosophila_virilis_Drosophila_virilis__betaTub85D__XP_002053003.1	417	417	417	402	GGT	0.0	0	below_threshold	high	0.062	False	user_msa
Drosophila_willistoni_Drosophila_willistoni__LOC6647585__XP_002070575.1	417	417	417	402	GGT	0.0	0	below_threshold	high	0.062	False	user_msa
Drosophila_yakuba_Drosophila_yakuba__LOC6536356__XP_002096938.1	417	417	417	402	GGA	0.0	0	below_threshold	high	0.062	False	user_msa
Drosophila_ananassae_Drosophila_ananassae__LOC6500548__XP_001953433.1	418	418	418	403	ATG	0.0	0	below_threshold	high	0.062	False	user_msa
Drosophila_biarmipes_Drosophila_biarmipes__LOC108032098__XP_016961415.1	418	418	418	403	ATG	0.0	0	below_threshold	high	0.062	False	user_msa
Drosophila_mauritiana_Drosophila_mauritiana__LOC117142441__XP_033162295.1	418	418	418	403	ATG	0.0	0	below_threshold	high	0.062	False	user_msa
Drosophila_melanogaster_Drosophila_melanogaster__betaTub85D__NP_524290.2	418	418	418	403	ATG	0.0	0	below_threshold	high	0.062	False	user_msa
Drosophila_pseudoobscura_Drosophila_pseudoobscura__betaTub85D__XP_001357842.1	418	418	418	403	ATG	0.0	0	below_threshold	high	0.062	False	user_msa
Drosophila_sechellia_Drosophila_sechellia__betaTub85D__XP_002031904.1	418	418	418	403	ATG	0.0	0	below_threshold	high	0.062	False	user_msa
Drosophila_simulans_Drosophila_simulans__LOC6728793__XP_002104128.1	418	418	418	403	ATG	0.0	0	below_threshold	high	0.062	False	user_msa
Drosophila_subobscura_Drosophila_subobscura__LOC117897634__XP_034662499.1	418	418	418	403	ATG	0.0	0	below_threshold	high	0.062	False	user_msa
Drosophila_suzukii_Drosophila_suzukii__betaTub85D__XP_016937909.1	418	418	418	403	ATG	0.0	0	below_threshold	high	0.062	False	user_msa
Drosophila_virilis_Drosophila_virilis__betaTub85D__XP_002053003.1	418	418	418	403	ATG	0.0	0	below_threshold	high	0.062	False	user_msa
Drosophila_willistoni_Drosophila_willistoni__LOC6647585__XP_002070575.1	418	418	418	403	ATG	0.0	0	below_threshold	high	0.062	False	user_msa
Drosophila_yakuba_Drosophila_yakuba__LOC6536356__XP_002096938.1	418	418	418	403	ATG	0.0	0	below_threshold	high	0.062	False	user_msa
Drosophila_ananassae_Drosophila_ananassae__LOC6500548__XP_001953433.1	419	419	419	404	GAC	0.0	0	below_threshold	high	0.062	False	user_msa
Drosophila_biarmipes_Drosophila_biarmipes__LOC108032098__XP_016961415.1	419	419	419	404	GAC	0.0	0	below_threshold	high	0.062	False	user_msa
Drosophila_mauritiana_Drosophila_mauritiana__LOC117142441__XP_033162295.1	419	419	419	404	GAC	0.0	0	below_threshold	high	0.062	False	user_msa
Drosophila_melanogaster_Drosophila_melanogaster__betaTub85D__NP_524290.2	419	419	419	404	GAC	0.0	0	below_threshold	high	0.062	False	user_msa
Drosophila_pseudoobscura_Drosophila_pseudoobscura__betaTub85D__XP_001357842.1	419	419	419	404	GAC	0.0	0	below_threshold	high	0.062	False	user_msa
Drosophila_sechellia_Drosophila_sechellia__betaTub85D__XP_002031904.1	419	419	419	404	GAC	0.0	0	below_threshold	high	0.062	False	user_msa
Drosophila_simulans_Drosophila_simulans__LOC6728793__XP_002104128.1	419	419	419	404	GAC	0.0	0	below_threshold	high	0.062	False	user_msa
Drosophila_subobscura_Drosophila_subobscura__LOC117897634__XP_034662499.1	419	419	419	404	GAT	0.0	0	below_threshold	high	0.062	False	user_msa
Drosophila_suzukii_Drosophila_suzukii__betaTub85D__XP_016937909.1	419	419	419	404	GAC	0.0	0	below_threshold	high	0.062	False	user_msa
Drosophila_virilis_Drosophila_virilis__betaTub85D__XP_002053003.1	419	419	419	404	GAC	0.0	0	below_threshold	high	0.062	False	user_msa
Drosophila_willistoni_Drosophila_willistoni__LOC6647585__XP_002070575.1	419	419	419	404	GAT	0.0	0	below_threshold	high	0.062	False	user_msa
Drosophila_yakuba_Drosophila_yakuba__LOC6536356__XP_002096938.1	419	419	419	404	GAC	0.0	0	below_threshold	high	0.062	False	user_msa
Drosophila_ananassae_Drosophila_ananassae__LOC6500548__XP_001953433.1	420	420	420	405	GAG	0.0	0	below_threshold	high	0.062	False	user_msa
Drosophila_biarmipes_Drosophila_biarmipes__LOC108032098__XP_016961415.1	420	420	420	405	GAG	0.0	0	below_threshold	high	0.062	False	user_msa
Drosophila_mauritiana_Drosophila_mauritiana__LOC117142441__XP_033162295.1	420	420	420	405	GAA	0.0	0	below_threshold	high	0.062	False	user_msa
Drosophila_melanogaster_Drosophila_melanogaster__betaTub85D__NP_524290.2	420	420	420	405	GAA	0.0	0	below_threshold	high	0.062	False	user_msa
Drosophila_pseudoobscura_Drosophila_pseudoobscura__betaTub85D__XP_001357842.1	420	420	420	405	GAG	0.0	0	below_threshold	high	0.062	False	user_msa
Drosophila_sechellia_Drosophila_sechellia__betaTub85D__XP_002031904.1	420	420	420	405	GAA	0.0	0	below_threshold	high	0.062	False	user_msa
Drosophila_simulans_Drosophila_simulans__LOC6728793__XP_002104128.1	420	420	420	405	GAA	0.0	0	below_threshold	high	0.062	False	user_msa
Drosophila_subobscura_Drosophila_subobscura__LOC117897634__XP_034662499.1	420	420	420	405	GAA	0.0	0	below_threshold	high	0.062	False	user_msa
Drosophila_suzukii_Drosophila_suzukii__betaTub85D__XP_016937909.1	420	420	420	405	GAG	0.0	0	below_threshold	high	0.062	False	user_msa
Drosophila_virilis_Drosophila_virilis__betaTub85D__XP_002053003.1	420	420	420	405	GAG	0.0	0	below_threshold	high	0.062	False	user_msa
Drosophila_willistoni_Drosophila_willistoni__LOC6647585__XP_002070575.1	420	420	420	405	GAA	0.0	0	below_threshold	high	0.062	False	user_msa
Drosophila_yakuba_Drosophila_yakuba__LOC6536356__XP_002096938.1	420	420	420	405	GAA	0.0	0	below_threshold	high	0.062	False	user_msa
Drosophila_ananassae_Drosophila_ananassae__LOC6500548__XP_001953433.1	421	421	421	406	ATG	0.0	0	below_threshold	high	0.062	False	user_msa
Drosophila_biarmipes_Drosophila_biarmipes__LOC108032098__XP_016961415.1	421	421	421	406	ATG	0.0	0	below_threshold	high	0.062	False	user_msa
Drosophila_mauritiana_Drosophila_mauritiana__LOC117142441__XP_033162295.1	421	421	421	406	ATG	0.0	0	below_threshold	high	0.062	False	user_msa
Drosophila_melanogaster_Drosophila_melanogaster__betaTub85D__NP_524290.2	421	421	421	406	ATG	0.0	0	below_threshold	high	0.062	False	user_msa
Drosophila_pseudoobscura_Drosophila_pseudoobscura__betaTub85D__XP_001357842.1	421	421	421	406	ATG	0.0	0	below_threshold	high	0.062	False	user_msa
Drosophila_sechellia_Drosophila_sechellia__betaTub85D__XP_002031904.1	421	421	421	406	ATG	0.0	0	below_threshold	high	0.062	False	user_msa
Drosophila_simulans_Drosophila_simulans__LOC6728793__XP_002104128.1	421	421	421	406	ATG	0.0	0	below_threshold	high	0.062	False	user_msa
Drosophila_subobscura_Drosophila_subobscura__LOC117897634__XP_034662499.1	421	421	421	406	ATG	0.0	0	below_threshold	high	0.062	False	user_msa
Drosophila_suzukii_Drosophila_suzukii__betaTub85D__XP_016937909.1	421	421	421	406	ATG	0.0	0	below_threshold	high	0.062	False	user_msa
Drosophila_virilis_Drosophila_virilis__betaTub85D__XP_002053003.1	421	421	421	406	ATG	0.0	0	below_threshold	high	0.062	False	user_msa
Drosophila_willistoni_Drosophila_willistoni__LOC6647585__XP_002070575.1	421	421	421	406	ATG	0.0	0	below_threshold	high	0.062	False	user_msa
Drosophila_yakuba_Drosophila_yakuba__LOC6536356__XP_002096938.1	421	421	421	406	ATG	0.0	0	below_threshold	high	0.062	False	user_msa
Drosophila_ananassae_Drosophila_ananassae__LOC6500548__XP_001953433.1	422	422	422	407	GAG	0.0	0	below_threshold	high	0.062	False	user_msa
Drosophila_biarmipes_Drosophila_biarmipes__LOC108032098__XP_016961415.1	422	422	422	407	GAG	0.0	0	below_threshold	high	0.062	False	user_msa
Drosophila_mauritiana_Drosophila_mauritiana__LOC117142441__XP_033162295.1	422	422	422	407	GAG	0.0	0	below_threshold	high	0.062	False	user_msa
Drosophila_melanogaster_Drosophila_melanogaster__betaTub85D__NP_524290.2	422	422	422	407	GAA	0.0	0	below_threshold	high	0.062	False	user_msa
Drosophila_pseudoobscura_Drosophila_pseudoobscura__betaTub85D__XP_001357842.1	422	422	422	407	GAG	0.0	0	below_threshold	high	0.062	False	user_msa
Drosophila_sechellia_Drosophila_sechellia__betaTub85D__XP_002031904.1	422	422	422	407	GAG	0.0	0	below_threshold	high	0.062	False	user_msa
Drosophila_simulans_Drosophila_simulans__LOC6728793__XP_002104128.1	422	422	422	407	GAG	0.0	0	below_threshold	high	0.062	False	user_msa
Drosophila_subobscura_Drosophila_subobscura__LOC117897634__XP_034662499.1	422	422	422	407	GAG	0.0	0	below_threshold	high	0.062	False	user_msa
Drosophila_suzukii_Drosophila_suzukii__betaTub85D__XP_016937909.1	422	422	422	407	GAG	0.0	0	below_threshold	high	0.062	False	user_msa
Drosophila_virilis_Drosophila_virilis__betaTub85D__XP_002053003.1	422	422	422	407	GAG	0.0	0	below_threshold	high	0.062	False	user_msa
Drosophila_willistoni_Drosophila_willistoni__LOC6647585__XP_002070575.1	422	422	422	407	GAG	0.0	0	below_threshold	high	0.062	False	user_msa
Drosophila_yakuba_Drosophila_yakuba__LOC6536356__XP_002096938.1	422	422	422	407	GAG	0.0	0	below_threshold	high	0.062	False	user_msa
Drosophila_ananassae_Drosophila_ananassae__LOC6500548__XP_001953433.1	423	423	423	408	TTC	0.0	0	below_threshold	high	0.062	False	user_msa
Drosophila_biarmipes_Drosophila_biarmipes__LOC108032098__XP_016961415.1	423	423	423	408	TTC	0.0	0	below_threshold	high	0.062	False	user_msa
Drosophila_mauritiana_Drosophila_mauritiana__LOC117142441__XP_033162295.1	423	423	423	408	TTC	0.0	0	below_threshold	high	0.062	False	user_msa
Drosophila_melanogaster_Drosophila_melanogaster__betaTub85D__NP_524290.2	423	423	423	408	TTC	0.0	0	below_threshold	high	0.062	False	user_msa
Drosophila_pseudoobscura_Drosophila_pseudoobscura__betaTub85D__XP_001357842.1	423	423	423	408	TTC	0.0	0	below_threshold	high	0.062	False	user_msa
Drosophila_sechellia_Drosophila_sechellia__betaTub85D__XP_002031904.1	423	423	423	408	TTC	0.0	0	below_threshold	high	0.062	False	user_msa
Drosophila_simulans_Drosophila_simulans__LOC6728793__XP_002104128.1	423	423	423	408	TTC	0.0	0	below_threshold	high	0.062	False	user_msa
Drosophila_subobscura_Drosophila_subobscura__LOC117897634__XP_034662499.1	423	423	423	408	TTC	0.0	0	below_threshold	high	0.062	False	user_msa
Drosophila_suzukii_Drosophila_suzukii__betaTub85D__XP_016937909.1	423	423	423	408	TTC	0.0	0	below_threshold	high	0.062	False	user_msa
Drosophila_virilis_Drosophila_virilis__betaTub85D__XP_002053003.1	423	423	423	408	TTT	0.0	0	below_threshold	high	0.062	False	user_msa
Drosophila_willistoni_Drosophila_willistoni__LOC6647585__XP_002070575.1	423	423	423	408	TTC	0.0	0	below_threshold	high	0.062	False	user_msa
Drosophila_yakuba_Drosophila_yakuba__LOC6536356__XP_002096938.1	423	423	423	408	TTC	0.0	0	below_threshold	high	0.062	False	user_msa
Drosophila_ananassae_Drosophila_ananassae__LOC6500548__XP_001953433.1	424	424	424	409	ACC	0.0	0	below_threshold	high	0.062	False	user_msa
Drosophila_biarmipes_Drosophila_biarmipes__LOC108032098__XP_016961415.1	424	424	424	409	ACG	0.0	0	below_threshold	high	0.062	False	user_msa
Drosophila_mauritiana_Drosophila_mauritiana__LOC117142441__XP_033162295.1	424	424	424	409	ACG	0.0	0	below_threshold	high	0.062	False	user_msa
Drosophila_melanogaster_Drosophila_melanogaster__betaTub85D__NP_524290.2	424	424	424	409	ACA	0.0	0	below_threshold	high	0.062	False	user_msa
Drosophila_pseudoobscura_Drosophila_pseudoobscura__betaTub85D__XP_001357842.1	424	424	424	409	ACC	0.0	0	below_threshold	high	0.062	False	user_msa
Drosophila_sechellia_Drosophila_sechellia__betaTub85D__XP_002031904.1	424	424	424	409	ACG	0.0	0	below_threshold	high	0.062	False	user_msa
Drosophila_simulans_Drosophila_simulans__LOC6728793__XP_002104128.1	424	424	424	409	ACG	0.0	0	below_threshold	high	0.062	False	user_msa
Drosophila_subobscura_Drosophila_subobscura__LOC117897634__XP_034662499.1	424	424	424	409	ACC	0.0	0	below_threshold	high	0.062	False	user_msa
Drosophila_suzukii_Drosophila_suzukii__betaTub85D__XP_016937909.1	424	424	424	409	ACG	0.0	0	below_threshold	high	0.062	False	user_msa
Drosophila_virilis_Drosophila_virilis__betaTub85D__XP_002053003.1	424	424	424	409	ACA	0.0	0	below_threshold	high	0.062	False	user_msa
Drosophila_willistoni_Drosophila_willistoni__LOC6647585__XP_002070575.1	424	424	424	409	ACT	0.0	0	below_threshold	high	0.062	False	user_msa
Drosophila_yakuba_Drosophila_yakuba__LOC6536356__XP_002096938.1	424	424	424	409	ACA	0.0	0	below_threshold	high	0.062	False	user_msa
Drosophila_ananassae_Drosophila_ananassae__LOC6500548__XP_001953433.1	425	425	425	410	GAG	0.0	0	below_threshold	high	0.062	False	user_msa
Drosophila_biarmipes_Drosophila_biarmipes__LOC108032098__XP_016961415.1	425	425	425	410	GAG	0.0	0	below_threshold	high	0.062	False	user_msa
Drosophila_mauritiana_Drosophila_mauritiana__LOC117142441__XP_033162295.1	425	425	425	410	GAG	0.0	0	below_threshold	high	0.062	False	user_msa
Drosophila_melanogaster_Drosophila_melanogaster__betaTub85D__NP_524290.2	425	425	425	410	GAG	0.0	0	below_threshold	high	0.062	False	user_msa
Drosophila_pseudoobscura_Drosophila_pseudoobscura__betaTub85D__XP_001357842.1	425	425	425	410	GAG	0.0	0	below_threshold	high	0.062	False	user_msa
Drosophila_sechellia_Drosophila_sechellia__betaTub85D__XP_002031904.1	425	425	425	410	GAG	0.0	0	below_threshold	high	0.062	False	user_msa
Drosophila_simulans_Drosophila_simulans__LOC6728793__XP_002104128.1	425	425	425	410	GAG	0.0	0	below_threshold	high	0.062	False	user_msa
Drosophila_subobscura_Drosophila_subobscura__LOC117897634__XP_034662499.1	425	425	425	410	GAA	0.0	0	below_threshold	high	0.062	False	user_msa
Drosophila_suzukii_Drosophila_suzukii__betaTub85D__XP_016937909.1	425	425	425	410	GAG	0.0	0	below_threshold	high	0.062	False	user_msa
Drosophila_virilis_Drosophila_virilis__betaTub85D__XP_002053003.1	425	425	425	410	GAG	0.0	0	below_threshold	high	0.062	False	user_msa
Drosophila_willistoni_Drosophila_willistoni__LOC6647585__XP_002070575.1	425	425	425	410	GAG	0.0	0	below_threshold	high	0.062	False	user_msa
Drosophila_yakuba_Drosophila_yakuba__LOC6536356__XP_002096938.1	425	425	425	410	GAG	0.0	0	below_threshold	high	0.062	False	user_msa
Drosophila_ananassae_Drosophila_ananassae__LOC6500548__XP_001953433.1	426	426	426	411	GCC	0.0	0	below_threshold	high	0.062	False	user_msa
Drosophila_biarmipes_Drosophila_biarmipes__LOC108032098__XP_016961415.1	426	426	426	411	GCC	0.0	0	below_threshold	high	0.062	False	user_msa
Drosophila_mauritiana_Drosophila_mauritiana__LOC117142441__XP_033162295.1	426	426	426	411	GCC	0.0	0	below_threshold	high	0.062	False	user_msa
Drosophila_melanogaster_Drosophila_melanogaster__betaTub85D__NP_524290.2	426	426	426	411	GCC	0.0	0	below_threshold	high	0.062	False	user_msa
Drosophila_pseudoobscura_Drosophila_pseudoobscura__betaTub85D__XP_001357842.1	426	426	426	411	GCG	0.0	0	below_threshold	high	0.062	False	user_msa
Drosophila_sechellia_Drosophila_sechellia__betaTub85D__XP_002031904.1	426	426	426	411	GCC	0.0	0	below_threshold	high	0.062	False	user_msa
Drosophila_simulans_Drosophila_simulans__LOC6728793__XP_002104128.1	426	426	426	411	GCC	0.0	0	below_threshold	high	0.062	False	user_msa
Drosophila_subobscura_Drosophila_subobscura__LOC117897634__XP_034662499.1	426	426	426	411	GCG	0.0	0	below_threshold	high	0.062	False	user_msa
Drosophila_suzukii_Drosophila_suzukii__betaTub85D__XP_016937909.1	426	426	426	411	GCT	0.0	0	below_threshold	high	0.062	False	user_msa
Drosophila_virilis_Drosophila_virilis__betaTub85D__XP_002053003.1	426	426	426	411	GCA	0.0	0	below_threshold	high	0.062	False	user_msa
Drosophila_willistoni_Drosophila_willistoni__LOC6647585__XP_002070575.1	426	426	426	411	GCT	0.0	0	below_threshold	high	0.062	False	user_msa
Drosophila_yakuba_Drosophila_yakuba__LOC6536356__XP_002096938.1	426	426	426	411	GCA	0.0	0	below_threshold	high	0.062	False	user_msa
Drosophila_ananassae_Drosophila_ananassae__LOC6500548__XP_001953433.1	427	427	427	412	GAG	0.0	0	below_threshold	high	0.062	False	user_msa
Drosophila_biarmipes_Drosophila_biarmipes__LOC108032098__XP_016961415.1	427	427	427	412	GAG	0.0	0	below_threshold	high	0.062	False	user_msa
Drosophila_mauritiana_Drosophila_mauritiana__LOC117142441__XP_033162295.1	427	427	427	412	GAG	0.0	0	below_threshold	high	0.062	False	user_msa
Drosophila_melanogaster_Drosophila_melanogaster__betaTub85D__NP_524290.2	427	427	427	412	GAG	0.0	0	below_threshold	high	0.062	False	user_msa
Drosophila_pseudoobscura_Drosophila_pseudoobscura__betaTub85D__XP_001357842.1	427	427	427	412	GAG	0.0	0	below_threshold	high	0.062	False	user_msa
Drosophila_sechellia_Drosophila_sechellia__betaTub85D__XP_002031904.1	427	427	427	412	GAG	0.0	0	below_threshold	high	0.062	False	user_msa
Drosophila_simulans_Drosophila_simulans__LOC6728793__XP_002104128.1	427	427	427	412	GAG	0.0	0	below_threshold	high	0.062	False	user_msa
Drosophila_subobscura_Drosophila_subobscura__LOC117897634__XP_034662499.1	427	427	427	412	GAG	0.0	0	below_threshold	high	0.062	False	user_msa
Drosophila_suzukii_Drosophila_suzukii__betaTub85D__XP_016937909.1	427	427	427	412	GAG	0.0	0	below_threshold	high	0.062	False	user_msa
Drosophila_virilis_Drosophila_virilis__betaTub85D__XP_002053003.1	427	427	427	412	GAG	0.0	0	below_threshold	high	0.062	False	user_msa
Drosophila_willistoni_Drosophila_willistoni__LOC6647585__XP_002070575.1	427	427	427	412	GAG	0.0	0	below_threshold	high	0.062	False	user_msa
Drosophila_yakuba_Drosophila_yakuba__LOC6536356__XP_002096938.1	427	427	427	412	GAG	0.0	0	below_threshold	high	0.062	False	user_msa
Drosophila_ananassae_Drosophila_ananassae__LOC6500548__XP_001953433.1	428	428	428	413	AGC	0.0	0	below_threshold	high	0.062	False	user_msa
Drosophila_biarmipes_Drosophila_biarmipes__LOC108032098__XP_016961415.1	428	428	428	413	AGC	0.0	0	below_threshold	high	0.062	False	user_msa
Drosophila_mauritiana_Drosophila_mauritiana__LOC117142441__XP_033162295.1	428	428	428	413	AGC	0.0	0	below_threshold	high	0.062	False	user_msa
Drosophila_melanogaster_Drosophila_melanogaster__betaTub85D__NP_524290.2	428	428	428	413	AGC	0.0	0	below_threshold	high	0.062	False	user_msa
Drosophila_pseudoobscura_Drosophila_pseudoobscura__betaTub85D__XP_001357842.1	428	428	428	413	AGC	0.0	0	below_threshold	high	0.062	False	user_msa
Drosophila_sechellia_Drosophila_sechellia__betaTub85D__XP_002031904.1	428	428	428	413	AGC	0.0	0	below_threshold	high	0.062	False	user_msa
Drosophila_simulans_Drosophila_simulans__LOC6728793__XP_002104128.1	428	428	428	413	AGC	0.0	0	below_threshold	high	0.062	False	user_msa
Drosophila_subobscura_Drosophila_subobscura__LOC117897634__XP_034662499.1	428	428	428	413	AGC	0.0	0	below_threshold	high	0.062	False	user_msa
Drosophila_suzukii_Drosophila_suzukii__betaTub85D__XP_016937909.1	428	428	428	413	AGC	0.0	0	below_threshold	high	0.062	False	user_msa
Drosophila_virilis_Drosophila_virilis__betaTub85D__XP_002053003.1	428	428	428	413	AGC	0.0	0	below_threshold	high	0.062	False	user_msa
Drosophila_willistoni_Drosophila_willistoni__LOC6647585__XP_002070575.1	428	428	428	413	AGC	0.0	0	below_threshold	high	0.062	False	user_msa
Drosophila_yakuba_Drosophila_yakuba__LOC6536356__XP_002096938.1	428	428	428	413	AGC	0.0	0	below_threshold	high	0.062	False	user_msa
Drosophila_ananassae_Drosophila_ananassae__LOC6500548__XP_001953433.1	429	429	429	414	AAC	0.0	0	below_threshold	high	0.062	False	user_msa
Drosophila_biarmipes_Drosophila_biarmipes__LOC108032098__XP_016961415.1	429	429	429	414	AAC	0.0	0	below_threshold	high	0.062	False	user_msa
Drosophila_mauritiana_Drosophila_mauritiana__LOC117142441__XP_033162295.1	429	429	429	414	AAC	0.0	0	below_threshold	high	0.062	False	user_msa
Drosophila_melanogaster_Drosophila_melanogaster__betaTub85D__NP_524290.2	429	429	429	414	AAC	0.0	0	below_threshold	high	0.062	False	user_msa
Drosophila_pseudoobscura_Drosophila_pseudoobscura__betaTub85D__XP_001357842.1	429	429	429	414	AAC	0.0	0	below_threshold	high	0.062	False	user_msa
Drosophila_sechellia_Drosophila_sechellia__betaTub85D__XP_002031904.1	429	429	429	414	AAC	0.0	0	below_threshold	high	0.062	False	user_msa
Drosophila_simulans_Drosophila_simulans__LOC6728793__XP_002104128.1	429	429	429	414	AAC	0.0	0	below_threshold	high	0.062	False	user_msa
Drosophila_subobscura_Drosophila_subobscura__LOC117897634__XP_034662499.1	429	429	429	414	AAC	0.0	0	below_threshold	high	0.062	False	user_msa
Drosophila_suzukii_Drosophila_suzukii__betaTub85D__XP_016937909.1	429	429	429	414	AAC	0.0	0	below_threshold	high	0.062	False	user_msa
Drosophila_virilis_Drosophila_virilis__betaTub85D__XP_002053003.1	429	429	429	414	AAC	0.0	0	below_threshold	high	0.062	False	user_msa
Drosophila_willistoni_Drosophila_willistoni__LOC6647585__XP_002070575.1	429	429	429	414	AAC	0.0	0	below_threshold	high	0.062	False	user_msa
Drosophila_yakuba_Drosophila_yakuba__LOC6536356__XP_002096938.1	429	429	429	414	AAC	0.0	0	below_threshold	high	0.062	False	user_msa
Drosophila_ananassae_Drosophila_ananassae__LOC6500548__XP_001953433.1	430	430	430	415	ATG	0.0	0	below_threshold	high	0.062	False	user_msa
Drosophila_biarmipes_Drosophila_biarmipes__LOC108032098__XP_016961415.1	430	430	430	415	ATG	0.0	0	below_threshold	high	0.062	False	user_msa
Drosophila_mauritiana_Drosophila_mauritiana__LOC117142441__XP_033162295.1	430	430	430	415	ATG	0.0	0	below_threshold	high	0.062	False	user_msa
Drosophila_melanogaster_Drosophila_melanogaster__betaTub85D__NP_524290.2	430	430	430	415	ATG	0.0	0	below_threshold	high	0.062	False	user_msa
Drosophila_pseudoobscura_Drosophila_pseudoobscura__betaTub85D__XP_001357842.1	430	430	430	415	ATG	0.0	0	below_threshold	high	0.062	False	user_msa
Drosophila_sechellia_Drosophila_sechellia__betaTub85D__XP_002031904.1	430	430	430	415	ATG	0.0	0	below_threshold	high	0.062	False	user_msa
Drosophila_simulans_Drosophila_simulans__LOC6728793__XP_002104128.1	430	430	430	415	ATG	0.0	0	below_threshold	high	0.062	False	user_msa
Drosophila_subobscura_Drosophila_subobscura__LOC117897634__XP_034662499.1	430	430	430	415	ATG	0.0	0	below_threshold	high	0.062	False	user_msa
Drosophila_suzukii_Drosophila_suzukii__betaTub85D__XP_016937909.1	430	430	430	415	ATG	0.0	0	below_threshold	high	0.062	False	user_msa
Drosophila_virilis_Drosophila_virilis__betaTub85D__XP_002053003.1	430	430	430	415	ATG	0.0	0	below_threshold	high	0.062	False	user_msa
Drosophila_willistoni_Drosophila_willistoni__LOC6647585__XP_002070575.1	430	430	430	415	ATG	0.0	0	below_threshold	high	0.062	False	user_msa
Drosophila_yakuba_Drosophila_yakuba__LOC6536356__XP_002096938.1	430	430	430	415	ATG	0.0	0	below_threshold	high	0.062	False	user_msa
Drosophila_ananassae_Drosophila_ananassae__LOC6500548__XP_001953433.1	431	431	431	416	AAT	0.0	0	below_threshold	high	0.062	False	user_msa
Drosophila_biarmipes_Drosophila_biarmipes__LOC108032098__XP_016961415.1	431	431	431	416	AAC	0.0	0	below_threshold	high	0.062	False	user_msa
Drosophila_mauritiana_Drosophila_mauritiana__LOC117142441__XP_033162295.1	431	431	431	416	AAC	0.0	0	below_threshold	high	0.062	False	user_msa
Drosophila_melanogaster_Drosophila_melanogaster__betaTub85D__NP_524290.2	431	431	431	416	AAC	0.0	0	below_threshold	high	0.062	False	user_msa
Drosophila_pseudoobscura_Drosophila_pseudoobscura__betaTub85D__XP_001357842.1	431	431	431	416	AAC	0.0	0	below_threshold	high	0.062	False	user_msa
Drosophila_sechellia_Drosophila_sechellia__betaTub85D__XP_002031904.1	431	431	431	416	AAC	0.0	0	below_threshold	high	0.062	False	user_msa
Drosophila_simulans_Drosophila_simulans__LOC6728793__XP_002104128.1	431	431	431	416	AAC	0.0	0	below_threshold	high	0.062	False	user_msa
Drosophila_subobscura_Drosophila_subobscura__LOC117897634__XP_034662499.1	431	431	431	416	AAC	0.0	0	below_threshold	high	0.062	False	user_msa
Drosophila_suzukii_Drosophila_suzukii__betaTub85D__XP_016937909.1	431	431	431	416	AAC	0.0	0	below_threshold	high	0.062	False	user_msa
Drosophila_virilis_Drosophila_virilis__betaTub85D__XP_002053003.1	431	431	431	416	AAC	0.0	0	below_threshold	high	0.062	False	user_msa
Drosophila_willistoni_Drosophila_willistoni__LOC6647585__XP_002070575.1	431	431	431	416	AAC	0.0	0	below_threshold	high	0.062	False	user_msa
Drosophila_yakuba_Drosophila_yakuba__LOC6536356__XP_002096938.1	431	431	431	416	AAC	0.0	0	below_threshold	high	0.062	False	user_msa
Drosophila_ananassae_Drosophila_ananassae__LOC6500548__XP_001953433.1	432	432	432	417	GAT	0.0	0	below_threshold	high	0.062	False	user_msa
Drosophila_biarmipes_Drosophila_biarmipes__LOC108032098__XP_016961415.1	432	432	432	417	GAT	0.0	0	below_threshold	high	0.062	False	user_msa
Drosophila_mauritiana_Drosophila_mauritiana__LOC117142441__XP_033162295.1	432	432	432	417	GAC	0.0	0	below_threshold	high	0.062	False	user_msa
Drosophila_melanogaster_Drosophila_melanogaster__betaTub85D__NP_524290.2	432	432	432	417	GAC	0.0	0	below_threshold	high	0.062	False	user_msa
Drosophila_pseudoobscura_Drosophila_pseudoobscura__betaTub85D__XP_001357842.1	432	432	432	417	GAT	0.0	0	below_threshold	high	0.062	False	user_msa
Drosophila_sechellia_Drosophila_sechellia__betaTub85D__XP_002031904.1	432	432	432	417	GAC	0.0	0	below_threshold	high	0.062	False	user_msa
Drosophila_simulans_Drosophila_simulans__LOC6728793__XP_002104128.1	432	432	432	417	GAC	0.0	0	below_threshold	high	0.062	False	user_msa
Drosophila_subobscura_Drosophila_subobscura__LOC117897634__XP_034662499.1	432	432	432	417	GAT	0.0	0	below_threshold	high	0.062	False	user_msa
Drosophila_suzukii_Drosophila_suzukii__betaTub85D__XP_016937909.1	432	432	432	417	GAT	0.0	0	below_threshold	high	0.062	False	user_msa
Drosophila_virilis_Drosophila_virilis__betaTub85D__XP_002053003.1	432	432	432	417	GAT	0.0	0	below_threshold	high	0.062	False	user_msa
Drosophila_willistoni_Drosophila_willistoni__LOC6647585__XP_002070575.1	432	432	432	417	GAT	0.0	0	below_threshold	high	0.062	False	user_msa
Drosophila_yakuba_Drosophila_yakuba__LOC6536356__XP_002096938.1	432	432	432	417	GAC	0.0	0	below_threshold	high	0.062	False	user_msa
Drosophila_ananassae_Drosophila_ananassae__LOC6500548__XP_001953433.1	433	433	433	418	CTG	0.0	0	below_threshold	high	0.062	False	user_msa
Drosophila_biarmipes_Drosophila_biarmipes__LOC108032098__XP_016961415.1	433	433	433	418	CTG	0.0	0	below_threshold	high	0.062	False	user_msa
Drosophila_mauritiana_Drosophila_mauritiana__LOC117142441__XP_033162295.1	433	433	433	418	TTG	0.0	0	below_threshold	high	0.062	False	user_msa
Drosophila_melanogaster_Drosophila_melanogaster__betaTub85D__NP_524290.2	433	433	433	418	TTG	0.0	0	below_threshold	high	0.062	False	user_msa
Drosophila_pseudoobscura_Drosophila_pseudoobscura__betaTub85D__XP_001357842.1	433	433	433	418	CTG	0.0	0	below_threshold	high	0.062	False	user_msa
Drosophila_sechellia_Drosophila_sechellia__betaTub85D__XP_002031904.1	433	433	433	418	TTG	0.0	0	below_threshold	high	0.062	False	user_msa
Drosophila_simulans_Drosophila_simulans__LOC6728793__XP_002104128.1	433	433	433	418	TTG	0.0	0	below_threshold	high	0.062	False	user_msa
Drosophila_subobscura_Drosophila_subobscura__LOC117897634__XP_034662499.1	433	433	433	418	CTG	0.0	0	below_threshold	high	0.062	False	user_msa
Drosophila_suzukii_Drosophila_suzukii__betaTub85D__XP_016937909.1	433	433	433	418	CTG	0.0	0	below_threshold	high	0.062	False	user_msa
Drosophila_virilis_Drosophila_virilis__betaTub85D__XP_002053003.1	433	433	433	418	TTG	0.0	0	below_threshold	high	0.062	False	user_msa
Drosophila_willistoni_Drosophila_willistoni__LOC6647585__XP_002070575.1	433	433	433	418	TTG	0.0	0	below_threshold	high	0.062	False	user_msa
Drosophila_yakuba_Drosophila_yakuba__LOC6536356__XP_002096938.1	433	433	433	418	TTG	0.0	0	below_threshold	high	0.062	False	user_msa
Drosophila_ananassae_Drosophila_ananassae__LOC6500548__XP_001953433.1	434	434	434	419	GTG	0.0	0	below_threshold	high	0.062	False	user_msa
Drosophila_biarmipes_Drosophila_biarmipes__LOC108032098__XP_016961415.1	434	434	434	419	GTC	0.0	0	below_threshold	high	0.062	False	user_msa
Drosophila_mauritiana_Drosophila_mauritiana__LOC117142441__XP_033162295.1	434	434	434	419	GTA	0.0	0	below_threshold	high	0.062	False	user_msa
Drosophila_melanogaster_Drosophila_melanogaster__betaTub85D__NP_524290.2	434	434	434	419	GTT	0.0	0	below_threshold	high	0.062	False	user_msa
Drosophila_pseudoobscura_Drosophila_pseudoobscura__betaTub85D__XP_001357842.1	434	434	434	419	GTG	0.0	0	below_threshold	high	0.062	False	user_msa
Drosophila_sechellia_Drosophila_sechellia__betaTub85D__XP_002031904.1	434	434	434	419	GTA	0.0	0	below_threshold	high	0.062	False	user_msa
Drosophila_simulans_Drosophila_simulans__LOC6728793__XP_002104128.1	434	434	434	419	GTA	0.0	0	below_threshold	high	0.062	False	user_msa
Drosophila_subobscura_Drosophila_subobscura__LOC117897634__XP_034662499.1	434	434	434	419	GTG	0.0	0	below_threshold	high	0.062	False	user_msa
Drosophila_suzukii_Drosophila_suzukii__betaTub85D__XP_016937909.1	434	434	434	419	GTC	0.0	0	below_threshold	high	0.062	False	user_msa
Drosophila_virilis_Drosophila_virilis__betaTub85D__XP_002053003.1	434	434	434	419	GTA	0.0	0	below_threshold	high	0.062	False	user_msa
Drosophila_willistoni_Drosophila_willistoni__LOC6647585__XP_002070575.1	434	434	434	419	GTA	0.0	0	below_threshold	high	0.062	False	user_msa
Drosophila_yakuba_Drosophila_yakuba__LOC6536356__XP_002096938.1	434	434	434	419	GTA	0.0	0	below_threshold	high	0.062	False	user_msa
Drosophila_ananassae_Drosophila_ananassae__LOC6500548__XP_001953433.1	435	435	435	420	TCG	0.0	0	below_threshold	high	0.062	False	user_msa
Drosophila_biarmipes_Drosophila_biarmipes__LOC108032098__XP_016961415.1	435	435	435	420	TCC	0.0	0	below_threshold	high	0.062	False	user_msa
Drosophila_mauritiana_Drosophila_mauritiana__LOC117142441__XP_033162295.1	435	435	435	420	TCG	0.0	0	below_threshold	high	0.062	False	user_msa
Drosophila_melanogaster_Drosophila_melanogaster__betaTub85D__NP_524290.2	435	435	435	420	TCT	0.0	0	below_threshold	high	0.062	False	user_msa
Drosophila_pseudoobscura_Drosophila_pseudoobscura__betaTub85D__XP_001357842.1	435	435	435	420	TCG	0.0	0	below_threshold	high	0.062	False	user_msa
Drosophila_sechellia_Drosophila_sechellia__betaTub85D__XP_002031904.1	435	435	435	420	TCG	0.0	0	below_threshold	high	0.062	False	user_msa
Drosophila_simulans_Drosophila_simulans__LOC6728793__XP_002104128.1	435	435	435	420	TCG	0.0	0	below_threshold	high	0.062	False	user_msa
Drosophila_subobscura_Drosophila_subobscura__LOC117897634__XP_034662499.1	435	435	435	420	TCG	0.0	0	below_threshold	high	0.062	False	user_msa
Drosophila_suzukii_Drosophila_suzukii__betaTub85D__XP_016937909.1	435	435	435	420	TCC	0.0	0	below_threshold	high	0.062	False	user_msa
Drosophila_virilis_Drosophila_virilis__betaTub85D__XP_002053003.1	435	435	435	420	TCA	0.0	0	below_threshold	high	0.062	False	user_msa
Drosophila_willistoni_Drosophila_willistoni__LOC6647585__XP_002070575.1	435	435	435	420	TCC	0.0	0	below_threshold	high	0.062	False	user_msa
Drosophila_yakuba_Drosophila_yakuba__LOC6536356__XP_002096938.1	435	435	435	420	TCG	0.0	0	below_threshold	high	0.062	False	user_msa
Drosophila_ananassae_Drosophila_ananassae__LOC6500548__XP_001953433.1	436	436	436	421	GAG	0.0	0	below_threshold	high	0.062	False	user_msa
Drosophila_biarmipes_Drosophila_biarmipes__LOC108032098__XP_016961415.1	436	436	436	421	GAG	0.0	0	below_threshold	high	0.062	False	user_msa
Drosophila_mauritiana_Drosophila_mauritiana__LOC117142441__XP_033162295.1	436	436	436	421	GAG	0.0	0	below_threshold	high	0.062	False	user_msa
Drosophila_melanogaster_Drosophila_melanogaster__betaTub85D__NP_524290.2	436	436	436	421	GAA	0.0	0	below_threshold	high	0.062	False	user_msa
Drosophila_pseudoobscura_Drosophila_pseudoobscura__betaTub85D__XP_001357842.1	436	436	436	421	GAG	0.0	0	below_threshold	high	0.062	False	user_msa
Drosophila_sechellia_Drosophila_sechellia__betaTub85D__XP_002031904.1	436	436	436	421	GAG	0.0	0	below_threshold	high	0.062	False	user_msa
Drosophila_simulans_Drosophila_simulans__LOC6728793__XP_002104128.1	436	436	436	421	GAG	0.0	0	below_threshold	high	0.062	False	user_msa
Drosophila_subobscura_Drosophila_subobscura__LOC117897634__XP_034662499.1	436	436	436	421	GAG	0.0	0	below_threshold	high	0.062	False	user_msa
Drosophila_suzukii_Drosophila_suzukii__betaTub85D__XP_016937909.1	436	436	436	421	GAG	0.0	0	below_threshold	high	0.062	False	user_msa
Drosophila_virilis_Drosophila_virilis__betaTub85D__XP_002053003.1	436	436	436	421	GAA	0.0	0	below_threshold	high	0.062	False	user_msa
Drosophila_willistoni_Drosophila_willistoni__LOC6647585__XP_002070575.1	436	436	436	421	GAG	0.0	0	below_threshold	high	0.062	False	user_msa
Drosophila_yakuba_Drosophila_yakuba__LOC6536356__XP_002096938.1	436	436	436	421	GAG	0.0	0	below_threshold	high	0.062	False	user_msa
Drosophila_ananassae_Drosophila_ananassae__LOC6500548__XP_001953433.1	437	437	437	422	TAC	0.0	0	below_threshold	high	0.062	False	user_msa
Drosophila_biarmipes_Drosophila_biarmipes__LOC108032098__XP_016961415.1	437	437	437	422	TAC	0.0	0	below_threshold	high	0.062	False	user_msa
Drosophila_mauritiana_Drosophila_mauritiana__LOC117142441__XP_033162295.1	437	437	437	422	TAC	0.0	0	below_threshold	high	0.062	False	user_msa
Drosophila_melanogaster_Drosophila_melanogaster__betaTub85D__NP_524290.2	437	437	437	422	TAT	0.0	0	below_threshold	high	0.062	False	user_msa
Drosophila_pseudoobscura_Drosophila_pseudoobscura__betaTub85D__XP_001357842.1	437	437	437	422	TAT	0.0	0	below_threshold	high	0.062	False	user_msa
Drosophila_sechellia_Drosophila_sechellia__betaTub85D__XP_002031904.1	437	437	437	422	TAC	0.0	0	below_threshold	high	0.062	False	user_msa
Drosophila_simulans_Drosophila_simulans__LOC6728793__XP_002104128.1	437	437	437	422	TAC	0.0	0	below_threshold	high	0.062	False	user_msa
Drosophila_subobscura_Drosophila_subobscura__LOC117897634__XP_034662499.1	437	437	437	422	TAC	0.0	0	below_threshold	high	0.062	False	user_msa
Drosophila_suzukii_Drosophila_suzukii__betaTub85D__XP_016937909.1	437	437	437	422	TAC	0.0	0	below_threshold	high	0.062	False	user_msa
Drosophila_virilis_Drosophila_virilis__betaTub85D__XP_002053003.1	437	437	437	422	TAT	0.0	0	below_threshold	high	0.062	False	user_msa
Drosophila_willistoni_Drosophila_willistoni__LOC6647585__XP_002070575.1	437	437	437	422	TAT	0.0	0	below_threshold	high	0.062	False	user_msa
Drosophila_yakuba_Drosophila_yakuba__LOC6536356__XP_002096938.1	437	437	437	422	TAT	0.0	0	below_threshold	high	0.062	False	user_msa
Drosophila_ananassae_Drosophila_ananassae__LOC6500548__XP_001953433.1	438	438	438	423	CAG	0.0	0	below_threshold	high	0.062	False	user_msa
Drosophila_biarmipes_Drosophila_biarmipes__LOC108032098__XP_016961415.1	438	438	438	423	CAG	0.0	0	below_threshold	high	0.062	False	user_msa
Drosophila_mauritiana_Drosophila_mauritiana__LOC117142441__XP_033162295.1	438	438	438	423	CAG	0.0	0	below_threshold	high	0.062	False	user_msa
Drosophila_melanogaster_Drosophila_melanogaster__betaTub85D__NP_524290.2	438	438	438	423	CAG	0.0	0	below_threshold	high	0.062	False	user_msa
Drosophila_pseudoobscura_Drosophila_pseudoobscura__betaTub85D__XP_001357842.1	438	438	438	423	CAG	0.0	0	below_threshold	high	0.062	False	user_msa
Drosophila_sechellia_Drosophila_sechellia__betaTub85D__XP_002031904.1	438	438	438	423	CAG	0.0	0	below_threshold	high	0.062	False	user_msa
Drosophila_simulans_Drosophila_simulans__LOC6728793__XP_002104128.1	438	438	438	423	CAG	0.0	0	below_threshold	high	0.062	False	user_msa
Drosophila_subobscura_Drosophila_subobscura__LOC117897634__XP_034662499.1	438	438	438	423	CAG	0.0	0	below_threshold	high	0.062	False	user_msa
Drosophila_suzukii_Drosophila_suzukii__betaTub85D__XP_016937909.1	438	438	438	423	CAG	0.0	0	below_threshold	high	0.062	False	user_msa
Drosophila_virilis_Drosophila_virilis__betaTub85D__XP_002053003.1	438	438	438	423	CAG	0.0	0	below_threshold	high	0.062	False	user_msa
Drosophila_willistoni_Drosophila_willistoni__LOC6647585__XP_002070575.1	438	438	438	423	CAA	0.0	0	below_threshold	high	0.062	False	user_msa
Drosophila_yakuba_Drosophila_yakuba__LOC6536356__XP_002096938.1	438	438	438	423	CAG	0.0	0	below_threshold	high	0.062	False	user_msa
Drosophila_ananassae_Drosophila_ananassae__LOC6500548__XP_001953433.1	439	439	439	424	CAG	0.0	0	below_threshold	high	0.062	False	user_msa
Drosophila_biarmipes_Drosophila_biarmipes__LOC108032098__XP_016961415.1	439	439	439	424	CAG	0.0	0	below_threshold	high	0.062	False	user_msa
Drosophila_mauritiana_Drosophila_mauritiana__LOC117142441__XP_033162295.1	439	439	439	424	CAG	0.0	0	below_threshold	high	0.062	False	user_msa
Drosophila_melanogaster_Drosophila_melanogaster__betaTub85D__NP_524290.2	439	439	439	424	CAG	0.0	0	below_threshold	high	0.062	False	user_msa
Drosophila_pseudoobscura_Drosophila_pseudoobscura__betaTub85D__XP_001357842.1	439	439	439	424	CAG	0.0	0	below_threshold	high	0.062	False	user_msa
Drosophila_sechellia_Drosophila_sechellia__betaTub85D__XP_002031904.1	439	439	439	424	CAG	0.0	0	below_threshold	high	0.062	False	user_msa
Drosophila_simulans_Drosophila_simulans__LOC6728793__XP_002104128.1	439	439	439	424	CAG	0.0	0	below_threshold	high	0.062	False	user_msa
Drosophila_subobscura_Drosophila_subobscura__LOC117897634__XP_034662499.1	439	439	439	424	CAG	0.0	0	below_threshold	high	0.062	False	user_msa
Drosophila_suzukii_Drosophila_suzukii__betaTub85D__XP_016937909.1	439	439	439	424	CAG	0.0	0	below_threshold	high	0.062	False	user_msa
Drosophila_virilis_Drosophila_virilis__betaTub85D__XP_002053003.1	439	439	439	424	CAG	0.0	0	below_threshold	high	0.062	False	user_msa
Drosophila_willistoni_Drosophila_willistoni__LOC6647585__XP_002070575.1	439	439	439	424	CAA	0.0	0	below_threshold	high	0.062	False	user_msa
Drosophila_yakuba_Drosophila_yakuba__LOC6536356__XP_002096938.1	439	439	439	424	CAG	0.0	0	below_threshold	high	0.062	False	user_msa
Drosophila_ananassae_Drosophila_ananassae__LOC6500548__XP_001953433.1	440	440	440	425	TAC	0.0	0	below_threshold	high	0.062	False	user_msa
Drosophila_biarmipes_Drosophila_biarmipes__LOC108032098__XP_016961415.1	440	440	440	425	TAC	0.0	0	below_threshold	high	0.062	False	user_msa
Drosophila_mauritiana_Drosophila_mauritiana__LOC117142441__XP_033162295.1	440	440	440	425	TAC	0.0	0	below_threshold	high	0.062	False	user_msa
Drosophila_melanogaster_Drosophila_melanogaster__betaTub85D__NP_524290.2	440	440	440	425	TAC	0.0	0	below_threshold	high	0.062	False	user_msa
Drosophila_pseudoobscura_Drosophila_pseudoobscura__betaTub85D__XP_001357842.1	440	440	440	425	TAC	0.0	0	below_threshold	high	0.062	False	user_msa
Drosophila_sechellia_Drosophila_sechellia__betaTub85D__XP_002031904.1	440	440	440	425	TAC	0.0	0	below_threshold	high	0.062	False	user_msa
Drosophila_simulans_Drosophila_simulans__LOC6728793__XP_002104128.1	440	440	440	425	TAC	0.0	0	below_threshold	high	0.062	False	user_msa
Drosophila_subobscura_Drosophila_subobscura__LOC117897634__XP_034662499.1	440	440	440	425	TAC	0.0	0	below_threshold	high	0.062	False	user_msa
Drosophila_suzukii_Drosophila_suzukii__betaTub85D__XP_016937909.1	440	440	440	425	TAC	0.0	0	below_threshold	high	0.062	False	user_msa
Drosophila_virilis_Drosophila_virilis__betaTub85D__XP_002053003.1	440	440	440	425	TAC	0.0	0	below_threshold	high	0.062	False	user_msa
Drosophila_willistoni_Drosophila_willistoni__LOC6647585__XP_002070575.1	440	440	440	425	TAC	0.0	0	below_threshold	high	0.062	False	user_msa
Drosophila_yakuba_Drosophila_yakuba__LOC6536356__XP_002096938.1	440	440	440	425	TAC	0.0	0	below_threshold	high	0.062	False	user_msa
Drosophila_ananassae_Drosophila_ananassae__LOC6500548__XP_001953433.1	441	441	441	426	CAG	0.0	0	below_threshold	high	0.062	False	user_msa
Drosophila_biarmipes_Drosophila_biarmipes__LOC108032098__XP_016961415.1	441	441	441	426	CAG	0.0	0	below_threshold	high	0.062	False	user_msa
Drosophila_mauritiana_Drosophila_mauritiana__LOC117142441__XP_033162295.1	441	441	441	426	CAG	0.0	0	below_threshold	high	0.062	False	user_msa
Drosophila_melanogaster_Drosophila_melanogaster__betaTub85D__NP_524290.2	441	441	441	426	CAG	0.0	0	below_threshold	high	0.062	False	user_msa
Drosophila_pseudoobscura_Drosophila_pseudoobscura__betaTub85D__XP_001357842.1	441	441	441	426	CAG	0.0	0	below_threshold	high	0.062	False	user_msa
Drosophila_sechellia_Drosophila_sechellia__betaTub85D__XP_002031904.1	441	441	441	426	CAG	0.0	0	below_threshold	high	0.062	False	user_msa
Drosophila_simulans_Drosophila_simulans__LOC6728793__XP_002104128.1	441	441	441	426	CAG	0.0	0	below_threshold	high	0.062	False	user_msa
Drosophila_subobscura_Drosophila_subobscura__LOC117897634__XP_034662499.1	441	441	441	426	CAG	0.0	0	below_threshold	high	0.062	False	user_msa
Drosophila_suzukii_Drosophila_suzukii__betaTub85D__XP_016937909.1	441	441	441	426	CAG	0.0	0	below_threshold	high	0.062	False	user_msa
Drosophila_virilis_Drosophila_virilis__betaTub85D__XP_002053003.1	441	441	441	426	CAG	0.0	0	below_threshold	high	0.062	False	user_msa
Drosophila_willistoni_Drosophila_willistoni__LOC6647585__XP_002070575.1	441	441	441	426	CAG	0.0	0	below_threshold	high	0.062	False	user_msa
Drosophila_yakuba_Drosophila_yakuba__LOC6536356__XP_002096938.1	441	441	441	426	CAG	0.0	0	below_threshold	high	0.062	False	user_msa
Drosophila_ananassae_Drosophila_ananassae__LOC6500548__XP_001953433.1	442	442	442	427	GAG	0.0	0	below_threshold	high	0.062	False	user_msa
Drosophila_biarmipes_Drosophila_biarmipes__LOC108032098__XP_016961415.1	442	442	442	427	GAG	0.0	0	below_threshold	high	0.062	False	user_msa
Drosophila_mauritiana_Drosophila_mauritiana__LOC117142441__XP_033162295.1	442	442	442	427	GAG	0.0	0	below_threshold	high	0.062	False	user_msa
Drosophila_melanogaster_Drosophila_melanogaster__betaTub85D__NP_524290.2	442	442	442	427	GAG	0.0	0	below_threshold	high	0.062	False	user_msa
Drosophila_pseudoobscura_Drosophila_pseudoobscura__betaTub85D__XP_001357842.1	442	442	442	427	GAG	0.0	0	below_threshold	high	0.062	False	user_msa
Drosophila_sechellia_Drosophila_sechellia__betaTub85D__XP_002031904.1	442	442	442	427	GAG	0.0	0	below_threshold	high	0.062	False	user_msa
Drosophila_simulans_Drosophila_simulans__LOC6728793__XP_002104128.1	442	442	442	427	GAG	0.0	0	below_threshold	high	0.062	False	user_msa
Drosophila_subobscura_Drosophila_subobscura__LOC117897634__XP_034662499.1	442	442	442	427	GAG	0.0	0	below_threshold	high	0.062	False	user_msa
Drosophila_suzukii_Drosophila_suzukii__betaTub85D__XP_016937909.1	442	442	442	427	GAG	0.0	0	below_threshold	high	0.062	False	user_msa
Drosophila_virilis_Drosophila_virilis__betaTub85D__XP_002053003.1	442	442	442	427	GAG	0.0	0	below_threshold	high	0.062	False	user_msa
Drosophila_willistoni_Drosophila_willistoni__LOC6647585__XP_002070575.1	442	442	442	427	GAG	0.0	0	below_threshold	high	0.062	False	user_msa
Drosophila_yakuba_Drosophila_yakuba__LOC6536356__XP_002096938.1	442	442	442	427	GAG	0.0	0	below_threshold	high	0.062	False	user_msa
Drosophila_ananassae_Drosophila_ananassae__LOC6500548__XP_001953433.1	443	443	443	428	GCC	0.0	0	below_threshold	high	0.062	False	user_msa
Drosophila_biarmipes_Drosophila_biarmipes__LOC108032098__XP_016961415.1	443	443	443	428	GCC	0.0	0	below_threshold	high	0.062	False	user_msa
Drosophila_mauritiana_Drosophila_mauritiana__LOC117142441__XP_033162295.1	443	443	443	428	GCG	0.0	0	below_threshold	high	0.062	False	user_msa
Drosophila_melanogaster_Drosophila_melanogaster__betaTub85D__NP_524290.2	443	443	443	428	GCG	0.0	0	below_threshold	high	0.062	False	user_msa
Drosophila_pseudoobscura_Drosophila_pseudoobscura__betaTub85D__XP_001357842.1	443	443	443	428	GCC	0.0	0	below_threshold	high	0.062	False	user_msa
Drosophila_sechellia_Drosophila_sechellia__betaTub85D__XP_002031904.1	443	443	443	428	GCG	0.0	0	below_threshold	high	0.062	False	user_msa
Drosophila_simulans_Drosophila_simulans__LOC6728793__XP_002104128.1	443	443	443	428	GCG	0.0	0	below_threshold	high	0.062	False	user_msa
Drosophila_subobscura_Drosophila_subobscura__LOC117897634__XP_034662499.1	443	443	443	428	GCT	0.0	0	below_threshold	high	0.062	False	user_msa
Drosophila_suzukii_Drosophila_suzukii__betaTub85D__XP_016937909.1	443	443	443	428	GCC	0.0	0	below_threshold	high	0.062	False	user_msa
Drosophila_virilis_Drosophila_virilis__betaTub85D__XP_002053003.1	443	443	443	428	GCC	0.0	0	below_threshold	high	0.062	False	user_msa
Drosophila_willistoni_Drosophila_willistoni__LOC6647585__XP_002070575.1	443	443	443	428	GCC	0.0	0	below_threshold	high	0.062	False	user_msa
Drosophila_yakuba_Drosophila_yakuba__LOC6536356__XP_002096938.1	443	443	443	428	GCC	0.0	0	below_threshold	high	0.062	False	user_msa
Drosophila_ananassae_Drosophila_ananassae__LOC6500548__XP_001953433.1	444	444	444	429	ACC	0.0	0	below_threshold	high	0.062	False	user_msa
Drosophila_biarmipes_Drosophila_biarmipes__LOC108032098__XP_016961415.1	444	444	444	429	ACT	0.0	0	below_threshold	high	0.062	False	user_msa
Drosophila_mauritiana_Drosophila_mauritiana__LOC117142441__XP_033162295.1	444	444	444	429	ACT	0.0	0	below_threshold	high	0.062	False	user_msa
Drosophila_melanogaster_Drosophila_melanogaster__betaTub85D__NP_524290.2	444	444	444	429	ACT	0.0	0	below_threshold	high	0.062	False	user_msa
Drosophila_pseudoobscura_Drosophila_pseudoobscura__betaTub85D__XP_001357842.1	444	444	444	429	ACT	0.0	0	below_threshold	high	0.062	False	user_msa
Drosophila_sechellia_Drosophila_sechellia__betaTub85D__XP_002031904.1	444	444	444	429	ACT	0.0	0	below_threshold	high	0.062	False	user_msa
Drosophila_simulans_Drosophila_simulans__LOC6728793__XP_002104128.1	444	444	444	429	ACT	0.0	0	below_threshold	high	0.062	False	user_msa
Drosophila_subobscura_Drosophila_subobscura__LOC117897634__XP_034662499.1	444	444	444	429	ACT	0.0	0	below_threshold	high	0.062	False	user_msa
Drosophila_suzukii_Drosophila_suzukii__betaTub85D__XP_016937909.1	444	444	444	429	ACT	0.0	0	below_threshold	high	0.062	False	user_msa
Drosophila_virilis_Drosophila_virilis__betaTub85D__XP_002053003.1	444	444	444	429	ACT	0.0	0	below_threshold	high	0.062	False	user_msa
Drosophila_willistoni_Drosophila_willistoni__LOC6647585__XP_002070575.1	444	444	444	429	ACC	0.0	0	below_threshold	high	0.062	False	user_msa
Drosophila_yakuba_Drosophila_yakuba__LOC6536356__XP_002096938.1	444	444	444	429	ACA	0.0	0	below_threshold	high	0.062	False	user_msa
Drosophila_ananassae_Drosophila_ananassae__LOC6500548__XP_001953433.1	445	445	445	430	GCC	0.0	0	below_threshold	high	0.062	False	user_msa
Drosophila_biarmipes_Drosophila_biarmipes__LOC108032098__XP_016961415.1	445	445	445	430	GCC	0.0	0	below_threshold	high	0.062	False	user_msa
Drosophila_mauritiana_Drosophila_mauritiana__LOC117142441__XP_033162295.1	445	445	445	430	GCC	0.0	0	below_threshold	high	0.062	False	user_msa
Drosophila_melanogaster_Drosophila_melanogaster__betaTub85D__NP_524290.2	445	445	445	430	GCC	0.0	0	below_threshold	high	0.062	False	user_msa
Drosophila_pseudoobscura_Drosophila_pseudoobscura__betaTub85D__XP_001357842.1	445	445	445	430	GCC	0.0	0	below_threshold	high	0.062	False	user_msa
Drosophila_sechellia_Drosophila_sechellia__betaTub85D__XP_002031904.1	445	445	445	430	GCC	0.0	0	below_threshold	high	0.062	False	user_msa
Drosophila_simulans_Drosophila_simulans__LOC6728793__XP_002104128.1	445	445	445	430	GCC	0.0	0	below_threshold	high	0.062	False	user_msa
Drosophila_subobscura_Drosophila_subobscura__LOC117897634__XP_034662499.1	445	445	445	430	GCT	0.0	0	below_threshold	high	0.062	False	user_msa
Drosophila_suzukii_Drosophila_suzukii__betaTub85D__XP_016937909.1	445	445	445	430	GCC	0.0	0	below_threshold	high	0.062	False	user_msa
Drosophila_virilis_Drosophila_virilis__betaTub85D__XP_002053003.1	445	445	445	430	GCC	0.0	0	below_threshold	high	0.062	False	user_msa
Drosophila_willistoni_Drosophila_willistoni__LOC6647585__XP_002070575.1	445	445	445	430	GCC	0.0	0	below_threshold	high	0.062	False	user_msa
Drosophila_yakuba_Drosophila_yakuba__LOC6536356__XP_002096938.1	445	445	445	430	GCC	0.0	0	below_threshold	high	0.062	False	user_msa
Drosophila_ananassae_Drosophila_ananassae__LOC6500548__XP_001953433.1	446	446	446	431	GAC	0.0	0	below_threshold	high	0.062	False	user_msa
Drosophila_biarmipes_Drosophila_biarmipes__LOC108032098__XP_016961415.1	446	446	446	431	GAC	0.0	0	below_threshold	high	0.062	False	user_msa
Drosophila_mauritiana_Drosophila_mauritiana__LOC117142441__XP_033162295.1	446	446	446	431	GAC	0.0	0	below_threshold	high	0.062	False	user_msa
Drosophila_melanogaster_Drosophila_melanogaster__betaTub85D__NP_524290.2	446	446	446	431	GAT	0.0	0	below_threshold	high	0.062	False	user_msa
Drosophila_pseudoobscura_Drosophila_pseudoobscura__betaTub85D__XP_001357842.1	446	446	446	431	GAC	0.0	0	below_threshold	high	0.062	False	user_msa
Drosophila_sechellia_Drosophila_sechellia__betaTub85D__XP_002031904.1	446	446	446	431	GAC	0.0	0	below_threshold	high	0.062	False	user_msa
Drosophila_simulans_Drosophila_simulans__LOC6728793__XP_002104128.1	446	446	446	431	GAC	0.0	0	below_threshold	high	0.062	False	user_msa
Drosophila_subobscura_Drosophila_subobscura__LOC117897634__XP_034662499.1	446	446	446	431	GAC	0.0	0	below_threshold	high	0.062	False	user_msa
Drosophila_suzukii_Drosophila_suzukii__betaTub85D__XP_016937909.1	446	446	446	431	GAC	0.0	0	below_threshold	high	0.062	False	user_msa
Drosophila_virilis_Drosophila_virilis__betaTub85D__XP_002053003.1	446	446	446	431	GAC	0.0	0	below_threshold	high	0.062	False	user_msa
Drosophila_willistoni_Drosophila_willistoni__LOC6647585__XP_002070575.1	446	446	446	431	GAC	0.0	0	below_threshold	high	0.062	False	user_msa
Drosophila_yakuba_Drosophila_yakuba__LOC6536356__XP_002096938.1	446	446	446	431	GAC	0.0	0	below_threshold	high	0.062	False	user_msa
Drosophila_ananassae_Drosophila_ananassae__LOC6500548__XP_001953433.1	447	447	447	432	GAG	0.0	0	below_threshold	high	0.062	False	user_msa
Drosophila_biarmipes_Drosophila_biarmipes__LOC108032098__XP_016961415.1	447	447	447	432	GAG	0.0	0	below_threshold	high	0.062	False	user_msa
Drosophila_mauritiana_Drosophila_mauritiana__LOC117142441__XP_033162295.1	447	447	447	432	GAG	0.0	0	below_threshold	high	0.062	False	user_msa
Drosophila_melanogaster_Drosophila_melanogaster__betaTub85D__NP_524290.2	447	447	447	432	GAG	0.0	0	below_threshold	high	0.062	False	user_msa
Drosophila_pseudoobscura_Drosophila_pseudoobscura__betaTub85D__XP_001357842.1	447	447	447	432	GAA	0.0	0	below_threshold	high	0.062	False	user_msa
Drosophila_sechellia_Drosophila_sechellia__betaTub85D__XP_002031904.1	447	447	447	432	GAG	0.0	0	below_threshold	high	0.062	False	user_msa
Drosophila_simulans_Drosophila_simulans__LOC6728793__XP_002104128.1	447	447	447	432	GAG	0.0	0	below_threshold	high	0.062	False	user_msa
Drosophila_subobscura_Drosophila_subobscura__LOC117897634__XP_034662499.1	447	447	447	432	GAA	0.0	0	below_threshold	high	0.062	False	user_msa
Drosophila_suzukii_Drosophila_suzukii__betaTub85D__XP_016937909.1	447	447	447	432	GAG	0.0	0	below_threshold	high	0.062	False	user_msa
Drosophila_virilis_Drosophila_virilis__betaTub85D__XP_002053003.1	447	447	447	432	GAG	0.0	0	below_threshold	high	0.062	False	user_msa
Drosophila_willistoni_Drosophila_willistoni__LOC6647585__XP_002070575.1	447	447	447	432	GAG	0.0	0	below_threshold	high	0.062	False	user_msa
Drosophila_yakuba_Drosophila_yakuba__LOC6536356__XP_002096938.1	447	447	447	432	GAG	0.0	0	below_threshold	high	0.062	False	user_msa
Drosophila_ananassae_Drosophila_ananassae__LOC6500548__XP_001953433.1	448	448	448	433	GAG	0.0	0	below_threshold	high	0.062	False	user_msa
Drosophila_biarmipes_Drosophila_biarmipes__LOC108032098__XP_016961415.1	448	448	448	433	GAG	0.0	0	below_threshold	high	0.062	False	user_msa
Drosophila_mauritiana_Drosophila_mauritiana__LOC117142441__XP_033162295.1	448	448	448	433	GAG	0.0	0	below_threshold	high	0.062	False	user_msa
Drosophila_melanogaster_Drosophila_melanogaster__betaTub85D__NP_524290.2	448	448	448	433	GAG	0.0	0	below_threshold	high	0.062	False	user_msa
Drosophila_pseudoobscura_Drosophila_pseudoobscura__betaTub85D__XP_001357842.1	448	448	448	433	GAG	0.0	0	below_threshold	high	0.062	False	user_msa
Drosophila_sechellia_Drosophila_sechellia__betaTub85D__XP_002031904.1	448	448	448	433	GAG	0.0	0	below_threshold	high	0.062	False	user_msa
Drosophila_simulans_Drosophila_simulans__LOC6728793__XP_002104128.1	448	448	448	433	GAG	0.0	0	below_threshold	high	0.062	False	user_msa
Drosophila_subobscura_Drosophila_subobscura__LOC117897634__XP_034662499.1	448	448	448	433	GAG	0.0	0	below_threshold	high	0.062	False	user_msa
Drosophila_suzukii_Drosophila_suzukii__betaTub85D__XP_016937909.1	448	448	448	433	GAG	0.0	0	below_threshold	high	0.062	False	user_msa
Drosophila_virilis_Drosophila_virilis__betaTub85D__XP_002053003.1	448	448	448	433	GAG	0.0	0	below_threshold	high	0.062	False	user_msa
Drosophila_willistoni_Drosophila_willistoni__LOC6647585__XP_002070575.1	448	448	448	433	GAG	0.0	0	below_threshold	high	0.062	False	user_msa
Drosophila_yakuba_Drosophila_yakuba__LOC6536356__XP_002096938.1	448	448	448	433	GAG	0.0	0	below_threshold	high	0.062	False	user_msa
Drosophila_ananassae_Drosophila_ananassae__LOC6500548__XP_001953433.1	449	449	449	434	GGC	0.0	0	below_threshold	high	0.062	False	user_msa
Drosophila_biarmipes_Drosophila_biarmipes__LOC108032098__XP_016961415.1	449	449	449	434	GGC	0.0	0	below_threshold	high	0.062	False	user_msa
Drosophila_mauritiana_Drosophila_mauritiana__LOC117142441__XP_033162295.1	449	449	449	434	GGC	0.0	0	below_threshold	high	0.062	False	user_msa
Drosophila_melanogaster_Drosophila_melanogaster__betaTub85D__NP_524290.2	449	449	449	434	GGC	0.0	0	below_threshold	high	0.062	False	user_msa
Drosophila_pseudoobscura_Drosophila_pseudoobscura__betaTub85D__XP_001357842.1	449	449	449	434	GGC	0.0	0	below_threshold	high	0.062	False	user_msa
Drosophila_sechellia_Drosophila_sechellia__betaTub85D__XP_002031904.1	449	449	449	434	GGC	0.0	0	below_threshold	high	0.062	False	user_msa
Drosophila_simulans_Drosophila_simulans__LOC6728793__XP_002104128.1	449	449	449	434	GGC	0.0	0	below_threshold	high	0.062	False	user_msa
Drosophila_subobscura_Drosophila_subobscura__LOC117897634__XP_034662499.1	449	449	449	434	GGC	0.0	0	below_threshold	high	0.062	False	user_msa
Drosophila_suzukii_Drosophila_suzukii__betaTub85D__XP_016937909.1	449	449	449	434	GGC	0.0	0	below_threshold	high	0.062	False	user_msa
Drosophila_virilis_Drosophila_virilis__betaTub85D__XP_002053003.1	449	449	449	434	GGC	0.0	0	below_threshold	high	0.062	False	user_msa
Drosophila_willistoni_Drosophila_willistoni__LOC6647585__XP_002070575.1	449	449	449	434	GGT	0.0	0	below_threshold	high	0.062	False	user_msa
Drosophila_yakuba_Drosophila_yakuba__LOC6536356__XP_002096938.1	449	449	449	434	GGC	0.0	0	below_threshold	high	0.062	False	user_msa
Drosophila_ananassae_Drosophila_ananassae__LOC6500548__XP_001953433.1	450	450	450	435	GAG	0.0	0	below_threshold	high	0.062	False	user_msa
Drosophila_biarmipes_Drosophila_biarmipes__LOC108032098__XP_016961415.1	450	450	450	435	GAA	0.0	0	below_threshold	high	0.062	False	user_msa
Drosophila_mauritiana_Drosophila_mauritiana__LOC117142441__XP_033162295.1	450	450	450	435	GAA	0.0	0	below_threshold	high	0.062	False	user_msa
Drosophila_melanogaster_Drosophila_melanogaster__betaTub85D__NP_524290.2	450	450	450	435	GAA	0.0	0	below_threshold	high	0.062	False	user_msa
Drosophila_pseudoobscura_Drosophila_pseudoobscura__betaTub85D__XP_001357842.1	450	450	450	435	GAG	0.0	0	below_threshold	high	0.062	False	user_msa
Drosophila_sechellia_Drosophila_sechellia__betaTub85D__XP_002031904.1	450	450	450	435	GAA	0.0	0	below_threshold	high	0.062	False	user_msa
Drosophila_simulans_Drosophila_simulans__LOC6728793__XP_002104128.1	450	450	450	435	GAA	0.0	0	below_threshold	high	0.062	False	user_msa
Drosophila_subobscura_Drosophila_subobscura__LOC117897634__XP_034662499.1	450	450	450	435	GAG	0.0	0	below_threshold	high	0.062	False	user_msa
Drosophila_suzukii_Drosophila_suzukii__betaTub85D__XP_016937909.1	450	450	450	435	GAA	0.0	0	below_threshold	high	0.062	False	user_msa
Drosophila_virilis_Drosophila_virilis__betaTub85D__XP_002053003.1	450	450	450	435	GAA	0.0	0	below_threshold	high	0.062	False	user_msa
Drosophila_willistoni_Drosophila_willistoni__LOC6647585__XP_002070575.1	450	450	450	435	GAA	0.0	0	below_threshold	high	0.062	False	user_msa
Drosophila_yakuba_Drosophila_yakuba__LOC6536356__XP_002096938.1	450	450	450	435	GAA	0.0	0	below_threshold	high	0.062	False	user_msa
Drosophila_ananassae_Drosophila_ananassae__LOC6500548__XP_001953433.1	451	451	451	436	TTC	0.0	0	below_threshold	high	0.062	False	user_msa
Drosophila_biarmipes_Drosophila_biarmipes__LOC108032098__XP_016961415.1	451	451	451	436	TTC	0.0	0	below_threshold	high	0.062	False	user_msa
Drosophila_mauritiana_Drosophila_mauritiana__LOC117142441__XP_033162295.1	451	451	451	436	TTC	0.0	0	below_threshold	high	0.062	False	user_msa
Drosophila_melanogaster_Drosophila_melanogaster__betaTub85D__NP_524290.2	451	451	451	436	TTC	0.0	0	below_threshold	high	0.062	False	user_msa
Drosophila_pseudoobscura_Drosophila_pseudoobscura__betaTub85D__XP_001357842.1	451	451	451	436	TTC	0.0	0	below_threshold	high	0.062	False	user_msa
Drosophila_sechellia_Drosophila_sechellia__betaTub85D__XP_002031904.1	451	451	451	436	TTC	0.0	0	below_threshold	high	0.062	False	user_msa
Drosophila_simulans_Drosophila_simulans__LOC6728793__XP_002104128.1	451	451	451	436	TTC	0.0	0	below_threshold	high	0.062	False	user_msa
Drosophila_subobscura_Drosophila_subobscura__LOC117897634__XP_034662499.1	451	451	451	436	TTC	0.0	0	below_threshold	high	0.062	False	user_msa
Drosophila_suzukii_Drosophila_suzukii__betaTub85D__XP_016937909.1	451	451	451	436	TTC	0.0	0	below_threshold	high	0.062	False	user_msa
Drosophila_virilis_Drosophila_virilis__betaTub85D__XP_002053003.1	451	451	451	436	TTC	0.0	0	below_threshold	high	0.062	False	user_msa
Drosophila_willistoni_Drosophila_willistoni__LOC6647585__XP_002070575.1	451	451	451	436	TTC	0.0	0	below_threshold	high	0.062	False	user_msa
Drosophila_yakuba_Drosophila_yakuba__LOC6536356__XP_002096938.1	451	451	451	436	TTC	0.0	0	below_threshold	high	0.062	False	user_msa
Drosophila_ananassae_Drosophila_ananassae__LOC6500548__XP_001953433.1	452	452	452	437	GAT	0.0	0	below_threshold	high	0.062	False	user_msa
Drosophila_biarmipes_Drosophila_biarmipes__LOC108032098__XP_016961415.1	452	452	452	437	GAC	0.0	0	below_threshold	high	0.062	False	user_msa
Drosophila_mauritiana_Drosophila_mauritiana__LOC117142441__XP_033162295.1	452	452	452	437	GAT	0.0	0	below_threshold	high	0.062	False	user_msa
Drosophila_melanogaster_Drosophila_melanogaster__betaTub85D__NP_524290.2	452	452	452	437	GAT	0.0	0	below_threshold	high	0.062	False	user_msa
Drosophila_pseudoobscura_Drosophila_pseudoobscura__betaTub85D__XP_001357842.1	452	452	452	437	GAC	0.0	0	below_threshold	high	0.062	False	user_msa
Drosophila_sechellia_Drosophila_sechellia__betaTub85D__XP_002031904.1	452	452	452	437	GAT	0.0	0	below_threshold	high	0.062	False	user_msa
Drosophila_simulans_Drosophila_simulans__LOC6728793__XP_002104128.1	452	452	452	437	GAT	0.0	0	below_threshold	high	0.062	False	user_msa
Drosophila_subobscura_Drosophila_subobscura__LOC117897634__XP_034662499.1	452	452	452	437	GAC	0.0	0	below_threshold	high	0.062	False	user_msa
Drosophila_suzukii_Drosophila_suzukii__betaTub85D__XP_016937909.1	452	452	452	437	GAT	0.0	0	below_threshold	high	0.062	False	user_msa
Drosophila_virilis_Drosophila_virilis__betaTub85D__XP_002053003.1	452	452	452	437	GAC	0.0	0	below_threshold	high	0.062	False	user_msa
Drosophila_willistoni_Drosophila_willistoni__LOC6647585__XP_002070575.1	452	452	452	437	GAT	0.0	0	below_threshold	high	0.062	False	user_msa
Drosophila_yakuba_Drosophila_yakuba__LOC6536356__XP_002096938.1	452	452	452	437	GAT	0.0	0	below_threshold	high	0.062	False	user_msa
Drosophila_ananassae_Drosophila_ananassae__LOC6500548__XP_001953433.1	453	453	453	438	GAA	0.0	0	below_threshold	high	0.062	False	user_msa
Drosophila_biarmipes_Drosophila_biarmipes__LOC108032098__XP_016961415.1	453	453	453	438	GAG	0.0	0	below_threshold	high	0.062	False	user_msa
Drosophila_mauritiana_Drosophila_mauritiana__LOC117142441__XP_033162295.1	453	453	453	438	GAA	0.0	0	below_threshold	high	0.062	False	user_msa
Drosophila_melanogaster_Drosophila_melanogaster__betaTub85D__NP_524290.2	453	453	453	438	GAA	0.0	0	below_threshold	high	0.062	False	user_msa
Drosophila_pseudoobscura_Drosophila_pseudoobscura__betaTub85D__XP_001357842.1	453	453	453	438	GAG	0.0	0	below_threshold	high	0.062	False	user_msa
Drosophila_sechellia_Drosophila_sechellia__betaTub85D__XP_002031904.1	453	453	453	438	GAA	0.0	0	below_threshold	high	0.062	False	user_msa
Drosophila_simulans_Drosophila_simulans__LOC6728793__XP_002104128.1	453	453	453	438	GAA	0.0	0	below_threshold	high	0.062	False	user_msa
Drosophila_subobscura_Drosophila_subobscura__LOC117897634__XP_034662499.1	453	453	453	438	GAA	0.0	0	below_threshold	high	0.062	False	user_msa
Drosophila_suzukii_Drosophila_suzukii__betaTub85D__XP_016937909.1	453	453	453	438	GAG	0.0	0	below_threshold	high	0.062	False	user_msa
Drosophila_virilis_Drosophila_virilis__betaTub85D__XP_002053003.1	453	453	453	438	GAG	0.0	0	below_threshold	high	0.062	False	user_msa
Drosophila_willistoni_Drosophila_willistoni__LOC6647585__XP_002070575.1	453	453	453	438	GAA	0.0	0	below_threshold	high	0.062	False	user_msa
Drosophila_yakuba_Drosophila_yakuba__LOC6536356__XP_002096938.1	453	453	453	438	GAG	0.0	0	below_threshold	high	0.062	False	user_msa
Drosophila_ananassae_Drosophila_ananassae__LOC6500548__XP_001953433.1	454	454	454	439	GAT	0.0	0	below_threshold	high	0.062	False	user_msa
Drosophila_biarmipes_Drosophila_biarmipes__LOC108032098__XP_016961415.1	454	454	454	439	GAC	0.0	0	below_threshold	high	0.062	False	user_msa
Drosophila_mauritiana_Drosophila_mauritiana__LOC117142441__XP_033162295.1	454	454	454	439	GAC	0.0	0	below_threshold	high	0.062	False	user_msa
Drosophila_melanogaster_Drosophila_melanogaster__betaTub85D__NP_524290.2	454	454	454	439	GAC	0.0	0	below_threshold	high	0.062	False	user_msa
Drosophila_pseudoobscura_Drosophila_pseudoobscura__betaTub85D__XP_001357842.1	454	454	454	439	GAC	0.0	0	below_threshold	high	0.062	False	user_msa
Drosophila_sechellia_Drosophila_sechellia__betaTub85D__XP_002031904.1	454	454	454	439	GAC	0.0	0	below_threshold	high	0.062	False	user_msa
Drosophila_simulans_Drosophila_simulans__LOC6728793__XP_002104128.1	454	454	454	439	GAC	0.0	0	below_threshold	high	0.062	False	user_msa
Drosophila_subobscura_Drosophila_subobscura__LOC117897634__XP_034662499.1	454	454	454	439	GAC	0.0	0	below_threshold	high	0.062	False	user_msa
Drosophila_suzukii_Drosophila_suzukii__betaTub85D__XP_016937909.1	454	454	454	439	GAC	0.0	0	below_threshold	high	0.062	False	user_msa
Drosophila_virilis_Drosophila_virilis__betaTub85D__XP_002053003.1	454	454	454	439	GAT	0.0	0	below_threshold	high	0.062	False	user_msa
Drosophila_willistoni_Drosophila_willistoni__LOC6647585__XP_002070575.1	454	454	454	439	GAT	0.0	0	below_threshold	high	0.062	False	user_msa
Drosophila_yakuba_Drosophila_yakuba__LOC6536356__XP_002096938.1	454	454	454	439	GAC	0.0	0	below_threshold	high	0.062	False	user_msa
Drosophila_ananassae_Drosophila_ananassae__LOC6500548__XP_001953433.1	455	455	455	440	GAG	0.0	0	below_threshold	high	0.062	False	user_msa
Drosophila_biarmipes_Drosophila_biarmipes__LOC108032098__XP_016961415.1	455	455	455	440	GAA	0.0	0	below_threshold	high	0.062	False	user_msa
Drosophila_mauritiana_Drosophila_mauritiana__LOC117142441__XP_033162295.1	455	455	455	440	GAA	0.0	0	below_threshold	high	0.062	False	user_msa
Drosophila_melanogaster_Drosophila_melanogaster__betaTub85D__NP_524290.2	455	455	455	440	GAA	0.0	0	below_threshold	high	0.062	False	user_msa
Drosophila_pseudoobscura_Drosophila_pseudoobscura__betaTub85D__XP_001357842.1	455	455	455	440	GAG	0.0	0	below_threshold	high	0.062	False	user_msa
Drosophila_sechellia_Drosophila_sechellia__betaTub85D__XP_002031904.1	455	455	455	440	GAA	0.0	0	below_threshold	high	0.062	False	user_msa
Drosophila_simulans_Drosophila_simulans__LOC6728793__XP_002104128.1	455	455	455	440	GAA	0.0	0	below_threshold	high	0.062	False	user_msa
Drosophila_subobscura_Drosophila_subobscura__LOC117897634__XP_034662499.1	455	455	455	440	GAG	0.0	0	below_threshold	high	0.062	False	user_msa
Drosophila_suzukii_Drosophila_suzukii__betaTub85D__XP_016937909.1	455	455	455	440	GAA	0.0	0	below_threshold	high	0.062	False	user_msa
Drosophila_virilis_Drosophila_virilis__betaTub85D__XP_002053003.1	455	455	455	440	GAG	0.0	0	below_threshold	high	0.062	False	user_msa
Drosophila_willistoni_Drosophila_willistoni__LOC6647585__XP_002070575.1	455	455	455	440	GAA	0.0	0	below_threshold	high	0.062	False	user_msa
Drosophila_yakuba_Drosophila_yakuba__LOC6536356__XP_002096938.1	455	455	455	440	GAA	0.0	0	below_threshold	high	0.062	False	user_msa
Drosophila_ananassae_Drosophila_ananassae__LOC6500548__XP_001953433.1	456	456	456	441	GAG	0.0	0	below_threshold	high	0.062	False	user_msa
Drosophila_biarmipes_Drosophila_biarmipes__LOC108032098__XP_016961415.1	456	456	456	441	GAG	0.0	0	below_threshold	high	0.062	False	user_msa
Drosophila_mauritiana_Drosophila_mauritiana__LOC117142441__XP_033162295.1	456	456	456	441	GAA	0.0	0	below_threshold	high	0.062	False	user_msa
Drosophila_melanogaster_Drosophila_melanogaster__betaTub85D__NP_524290.2	456	456	456	441	GAG	0.0	0	below_threshold	high	0.062	False	user_msa
Drosophila_pseudoobscura_Drosophila_pseudoobscura__betaTub85D__XP_001357842.1	456	456	456	441	GAG	0.0	0	below_threshold	high	0.062	False	user_msa
Drosophila_sechellia_Drosophila_sechellia__betaTub85D__XP_002031904.1	456	456	456	441	GAA	0.0	0	below_threshold	high	0.062	False	user_msa
Drosophila_simulans_Drosophila_simulans__LOC6728793__XP_002104128.1	456	456	456	441	GAA	0.0	0	below_threshold	high	0.062	False	user_msa
Drosophila_subobscura_Drosophila_subobscura__LOC117897634__XP_034662499.1	456	456	456	441	GAG	0.0	0	below_threshold	high	0.062	False	user_msa
Drosophila_suzukii_Drosophila_suzukii__betaTub85D__XP_016937909.1	456	456	456	441	GAG	0.0	0	below_threshold	high	0.062	False	user_msa
Drosophila_virilis_Drosophila_virilis__betaTub85D__XP_002053003.1	456	456	456	441	GAA	0.0	0	below_threshold	high	0.062	False	user_msa
Drosophila_willistoni_Drosophila_willistoni__LOC6647585__XP_002070575.1	456	456	456	441	GAG	0.0	0	below_threshold	high	0.062	False	user_msa
Drosophila_yakuba_Drosophila_yakuba__LOC6536356__XP_002096938.1	456	456	456	441	GAG	0.0	0	below_threshold	high	0.062	False	user_msa
Drosophila_ananassae_Drosophila_ananassae__LOC6500548__XP_001953433.1	457	457	457	442	GGT	0.0	0	below_threshold	high	0.062	False	user_msa
Drosophila_biarmipes_Drosophila_biarmipes__LOC108032098__XP_016961415.1	457	457	457	442	GGT	0.0	0	below_threshold	high	0.062	False	user_msa
Drosophila_mauritiana_Drosophila_mauritiana__LOC117142441__XP_033162295.1	457	457	457	442	GGA	0.0	0	below_threshold	high	0.062	False	user_msa
Drosophila_melanogaster_Drosophila_melanogaster__betaTub85D__NP_524290.2	457	457	457	442	GGT	0.0	0	below_threshold	high	0.062	False	user_msa
Drosophila_pseudoobscura_Drosophila_pseudoobscura__betaTub85D__XP_001357842.1	457	457	457	442	GGT	0.0	0	below_threshold	high	0.062	False	user_msa
Drosophila_sechellia_Drosophila_sechellia__betaTub85D__XP_002031904.1	457	457	457	442	GGT	0.0	0	below_threshold	high	0.062	False	user_msa
Drosophila_simulans_Drosophila_simulans__LOC6728793__XP_002104128.1	457	457	457	442	GGT	0.0	0	below_threshold	high	0.062	False	user_msa
Drosophila_subobscura_Drosophila_subobscura__LOC117897634__XP_034662499.1	457	457	457	442	GGT	0.0	0	below_threshold	high	0.062	False	user_msa
Drosophila_suzukii_Drosophila_suzukii__betaTub85D__XP_016937909.1	457	457	457	442	GGT	0.0	0	below_threshold	high	0.062	False	user_msa
Drosophila_virilis_Drosophila_virilis__betaTub85D__XP_002053003.1	457	457	457	442	GGC	0.0	0	below_threshold	high	0.062	False	user_msa
Drosophila_willistoni_Drosophila_willistoni__LOC6647585__XP_002070575.1	457	457	457	442	GGT	0.0	0	below_threshold	high	0.062	False	user_msa
Drosophila_yakuba_Drosophila_yakuba__LOC6536356__XP_002096938.1	457	457	457	442	GGT	0.0	0	below_threshold	high	0.062	False	user_msa
Drosophila_ananassae_Drosophila_ananassae__LOC6500548__XP_001953433.1	458	458	458	443	GGC	0.0	0	below_threshold	high	0.062	False	user_msa
Drosophila_biarmipes_Drosophila_biarmipes__LOC108032098__XP_016961415.1	458	458	458	443	GGC	0.0	0	below_threshold	high	0.062	False	user_msa
Drosophila_mauritiana_Drosophila_mauritiana__LOC117142441__XP_033162295.1	458	458	458	443	GGC	0.0	0	below_threshold	high	0.062	False	user_msa
Drosophila_melanogaster_Drosophila_melanogaster__betaTub85D__NP_524290.2	458	458	458	443	GGC	0.0	0	below_threshold	high	0.062	False	user_msa
Drosophila_pseudoobscura_Drosophila_pseudoobscura__betaTub85D__XP_001357842.1	458	458	458	443	GGC	0.0	0	below_threshold	high	0.062	False	user_msa
Drosophila_sechellia_Drosophila_sechellia__betaTub85D__XP_002031904.1	458	458	458	443	GGC	0.0	0	below_threshold	high	0.062	False	user_msa
Drosophila_simulans_Drosophila_simulans__LOC6728793__XP_002104128.1	458	458	458	443	GGC	0.0	0	below_threshold	high	0.062	False	user_msa
Drosophila_subobscura_Drosophila_subobscura__LOC117897634__XP_034662499.1	458	458	458	443	GGC	0.0	0	below_threshold	high	0.062	False	user_msa
Drosophila_suzukii_Drosophila_suzukii__betaTub85D__XP_016937909.1	458	458	458	443	GGC	0.0	0	below_threshold	high	0.062	False	user_msa
Drosophila_virilis_Drosophila_virilis__betaTub85D__XP_002053003.1	458	458	458	443	GGC	0.0	0	below_threshold	high	0.062	False	user_msa
Drosophila_willistoni_Drosophila_willistoni__LOC6647585__XP_002070575.1	458	458	458	443	GGT	0.0	0	below_threshold	high	0.062	False	user_msa
Drosophila_yakuba_Drosophila_yakuba__LOC6536356__XP_002096938.1	458	458	458	443	GGC	0.0	0	below_threshold	high	0.062	False	user_msa
Drosophila_ananassae_Drosophila_ananassae__LOC6500548__XP_001953433.1	459	459	459	444	GGC	0.0	0	below_threshold	high	0.062	False	user_msa
Drosophila_biarmipes_Drosophila_biarmipes__LOC108032098__XP_016961415.1	459	459	459	444	GGC	0.0	0	below_threshold	high	0.062	False	user_msa
Drosophila_mauritiana_Drosophila_mauritiana__LOC117142441__XP_033162295.1	459	459	459	444	GGC	0.0	0	below_threshold	high	0.062	False	user_msa
Drosophila_melanogaster_Drosophila_melanogaster__betaTub85D__NP_524290.2	459	459	459	444	GGC	0.0	0	below_threshold	high	0.062	False	user_msa
Drosophila_pseudoobscura_Drosophila_pseudoobscura__betaTub85D__XP_001357842.1	459	459	459	444	GGC	0.0	0	below_threshold	high	0.062	False	user_msa
Drosophila_sechellia_Drosophila_sechellia__betaTub85D__XP_002031904.1	459	459	459	444	GGC	0.0	0	below_threshold	high	0.062	False	user_msa
Drosophila_simulans_Drosophila_simulans__LOC6728793__XP_002104128.1	459	459	459	444	GGC	0.0	0	below_threshold	high	0.062	False	user_msa
Drosophila_subobscura_Drosophila_subobscura__LOC117897634__XP_034662499.1	459	459	459	444	GGC	0.0	0	below_threshold	high	0.062	False	user_msa
Drosophila_suzukii_Drosophila_suzukii__betaTub85D__XP_016937909.1	459	459	459	444	GGC	0.0	0	below_threshold	high	0.062	False	user_msa
Drosophila_virilis_Drosophila_virilis__betaTub85D__XP_002053003.1	459	459	459	444	GGC	0.0	0	below_threshold	high	0.062	False	user_msa
Drosophila_willistoni_Drosophila_willistoni__LOC6647585__XP_002070575.1	459	459	459	444	GGC	0.0	0	below_threshold	high	0.062	False	user_msa
Drosophila_yakuba_Drosophila_yakuba__LOC6536356__XP_002096938.1	459	459	459	444	GGC	0.0	0	below_threshold	high	0.062	False	user_msa
Drosophila_ananassae_Drosophila_ananassae__LOC6500548__XP_001953433.1	460	460	460	445	GAT	0.0	0	below_threshold	high	0.062	False	user_msa
Drosophila_biarmipes_Drosophila_biarmipes__LOC108032098__XP_016961415.1	460	460	460	445	GAT	0.0	0	below_threshold	high	0.062	False	user_msa
Drosophila_mauritiana_Drosophila_mauritiana__LOC117142441__XP_033162295.1	460	460	460	445	GAT	0.0	0	below_threshold	high	0.062	False	user_msa
Drosophila_melanogaster_Drosophila_melanogaster__betaTub85D__NP_524290.2	460	460	460	445	GAT	0.0	0	below_threshold	high	0.062	False	user_msa
Drosophila_pseudoobscura_Drosophila_pseudoobscura__betaTub85D__XP_001357842.1	460	460	460	445	GAT	0.0	0	below_threshold	high	0.062	False	user_msa
Drosophila_sechellia_Drosophila_sechellia__betaTub85D__XP_002031904.1	460	460	460	445	GAT	0.0	0	below_threshold	high	0.062	False	user_msa
Drosophila_simulans_Drosophila_simulans__LOC6728793__XP_002104128.1	460	460	460	445	GAT	0.0	0	below_threshold	high	0.062	False	user_msa
Drosophila_subobscura_Drosophila_subobscura__LOC117897634__XP_034662499.1	460	460	460	445	GAT	0.0	0	below_threshold	high	0.062	False	user_msa
Drosophila_suzukii_Drosophila_suzukii__betaTub85D__XP_016937909.1	460	460	460	445	GAT	0.0	0	below_threshold	high	0.062	False	user_msa
Drosophila_virilis_Drosophila_virilis__betaTub85D__XP_002053003.1	460	460	460	445	GAC	0.0	0	below_threshold	high	0.062	False	user_msa
Drosophila_willistoni_Drosophila_willistoni__LOC6647585__XP_002070575.1	460	460	460	445	GAT	0.0	0	below_threshold	high	0.062	False	user_msa
Drosophila_yakuba_Drosophila_yakuba__LOC6536356__XP_002096938.1	460	460	460	445	GAT	0.0	0	below_threshold	high	0.062	False	user_msa
Drosophila_ananassae_Drosophila_ananassae__LOC6500548__XP_001953433.1	461	461	461	446	GAA	0.0	0	below_threshold	high	0.062	False	user_msa
Drosophila_biarmipes_Drosophila_biarmipes__LOC108032098__XP_016961415.1	461	461	461	446	GAA	0.0	0	below_threshold	high	0.062	False	user_msa
Drosophila_mauritiana_Drosophila_mauritiana__LOC117142441__XP_033162295.1	461	461	461	446	GAA	0.0	0	below_threshold	high	0.062	False	user_msa
Drosophila_melanogaster_Drosophila_melanogaster__betaTub85D__NP_524290.2	461	461	461	446	GAA	0.0	0	below_threshold	high	0.062	False	user_msa
Drosophila_pseudoobscura_Drosophila_pseudoobscura__betaTub85D__XP_001357842.1	461	461	461	446	GAG	0.0	0	below_threshold	high	0.062	False	user_msa
Drosophila_sechellia_Drosophila_sechellia__betaTub85D__XP_002031904.1	461	461	461	446	GAA	0.0	0	below_threshold	high	0.062	False	user_msa
Drosophila_simulans_Drosophila_simulans__LOC6728793__XP_002104128.1	461	461	461	446	GAA	0.0	0	below_threshold	high	0.062	False	user_msa
Drosophila_subobscura_Drosophila_subobscura__LOC117897634__XP_034662499.1	461	461	461	446	GAA	0.0	0	below_threshold	high	0.062	False	user_msa
Drosophila_suzukii_Drosophila_suzukii__betaTub85D__XP_016937909.1	461	461	461	446	GAA	0.0	0	below_threshold	high	0.062	False	user_msa
Drosophila_virilis_Drosophila_virilis__betaTub85D__XP_002053003.1	461	461	461	446	GAA	0.0	0	below_threshold	high	0.062	False	user_msa
Drosophila_willistoni_Drosophila_willistoni__LOC6647585__XP_002070575.1	461	461	461	446	GAA	0.0	0	below_threshold	high	0.062	False	user_msa
Drosophila_yakuba_Drosophila_yakuba__LOC6536356__XP_002096938.1	461	461	461	446	GAA	0.0	0	below_threshold	high	0.062	False	user_msa
Drosophila_ananassae_Drosophila_ananassae__LOC6500548__XP_001953433.1	462	462	462		---	0.0	0	below_threshold	high	0.062	False	user_msa
Drosophila_biarmipes_Drosophila_biarmipes__LOC108032098__XP_016961415.1	462	462	462		---	0.0	0	below_threshold	high	0.062	False	user_msa
Drosophila_mauritiana_Drosophila_mauritiana__LOC117142441__XP_033162295.1	462	462	462		---	0.0	0	below_threshold	high	0.062	False	user_msa
Drosophila_melanogaster_Drosophila_melanogaster__betaTub85D__NP_524290.2	462	462	462		---	0.0	0	below_threshold	high	0.062	False	user_msa
Drosophila_pseudoobscura_Drosophila_pseudoobscura__betaTub85D__XP_001357842.1	462	462	462		---	0.0	0	below_threshold	high	0.062	False	user_msa
Drosophila_sechellia_Drosophila_sechellia__betaTub85D__XP_002031904.1	462	462	462		---	0.0	0	below_threshold	high	0.062	False	user_msa
Drosophila_simulans_Drosophila_simulans__LOC6728793__XP_002104128.1	462	462	462		---	0.0	0	below_threshold	high	0.062	False	user_msa
Drosophila_subobscura_Drosophila_subobscura__LOC117897634__XP_034662499.1	462	462	462		---	0.0	0	below_threshold	high	0.062	False	user_msa
Drosophila_suzukii_Drosophila_suzukii__betaTub85D__XP_016937909.1	462	462	462		---	0.0	0	below_threshold	high	0.062	False	user_msa
Drosophila_virilis_Drosophila_virilis__betaTub85D__XP_002053003.1	462	462	462		---	0.0	0	below_threshold	high	0.062	False	user_msa
Drosophila_willistoni_Drosophila_willistoni__LOC6647585__XP_002070575.1	462	462	462		---	0.0	0	below_threshold	high	0.062	False	user_msa
Drosophila_yakuba_Drosophila_yakuba__LOC6536356__XP_002096938.1	462	462	462		---	0.0	0	below_threshold	high	0.062	False	user_msa
Drosophila_ananassae_Drosophila_ananassae__LOC6500548__XP_001953433.1	463	463	463		---	0.0	0	below_threshold	high	0.062	False	user_msa
Drosophila_biarmipes_Drosophila_biarmipes__LOC108032098__XP_016961415.1	463	463	463		---	0.0	0	below_threshold	high	0.062	False	user_msa
Drosophila_mauritiana_Drosophila_mauritiana__LOC117142441__XP_033162295.1	463	463	463		---	0.0	0	below_threshold	high	0.062	False	user_msa
Drosophila_melanogaster_Drosophila_melanogaster__betaTub85D__NP_524290.2	463	463	463		---	0.0	0	below_threshold	high	0.062	False	user_msa
Drosophila_pseudoobscura_Drosophila_pseudoobscura__betaTub85D__XP_001357842.1	463	463	463		---	0.0	0	below_threshold	high	0.062	False	user_msa
Drosophila_sechellia_Drosophila_sechellia__betaTub85D__XP_002031904.1	463	463	463		---	0.0	0	below_threshold	high	0.062	False	user_msa
Drosophila_simulans_Drosophila_simulans__LOC6728793__XP_002104128.1	463	463	463		---	0.0	0	below_threshold	high	0.062	False	user_msa
Drosophila_subobscura_Drosophila_subobscura__LOC117897634__XP_034662499.1	463	463	463		---	0.0	0	below_threshold	high	0.062	False	user_msa
Drosophila_suzukii_Drosophila_suzukii__betaTub85D__XP_016937909.1	463	463	463		---	0.0	0	below_threshold	high	0.062	False	user_msa
Drosophila_virilis_Drosophila_virilis__betaTub85D__XP_002053003.1	463	463	463		---	0.0	0	below_threshold	high	0.062	False	user_msa
Drosophila_willistoni_Drosophila_willistoni__LOC6647585__XP_002070575.1	463	463	463		---	0.0	0	below_threshold	high	0.062	False	user_msa
Drosophila_yakuba_Drosophila_yakuba__LOC6536356__XP_002096938.1	463	463	463		---	0.0	0	below_threshold	high	0.062	False	user_msa
Drosophila_ananassae_Drosophila_ananassae__LOC6500548__XP_001953433.1	464	464	464		---	0.0	0	below_threshold	high	0.062	False	user_msa
Drosophila_biarmipes_Drosophila_biarmipes__LOC108032098__XP_016961415.1	464	464	464		---	0.0	0	below_threshold	high	0.062	False	user_msa
Drosophila_mauritiana_Drosophila_mauritiana__LOC117142441__XP_033162295.1	464	464	464		---	0.0	0	below_threshold	high	0.062	False	user_msa
Drosophila_melanogaster_Drosophila_melanogaster__betaTub85D__NP_524290.2	464	464	464		---	0.0	0	below_threshold	high	0.062	False	user_msa
Drosophila_pseudoobscura_Drosophila_pseudoobscura__betaTub85D__XP_001357842.1	464	464	464		---	0.0	0	below_threshold	high	0.062	False	user_msa
Drosophila_sechellia_Drosophila_sechellia__betaTub85D__XP_002031904.1	464	464	464		---	0.0	0	below_threshold	high	0.062	False	user_msa
Drosophila_simulans_Drosophila_simulans__LOC6728793__XP_002104128.1	464	464	464		---	0.0	0	below_threshold	high	0.062	False	user_msa
Drosophila_subobscura_Drosophila_subobscura__LOC117897634__XP_034662499.1	464	464	464		---	0.0	0	below_threshold	high	0.062	False	user_msa
Drosophila_suzukii_Drosophila_suzukii__betaTub85D__XP_016937909.1	464	464	464		---	0.0	0	below_threshold	high	0.062	False	user_msa
Drosophila_virilis_Drosophila_virilis__betaTub85D__XP_002053003.1	464	464	464		---	0.0	0	below_threshold	high	0.062	False	user_msa
Drosophila_willistoni_Drosophila_willistoni__LOC6647585__XP_002070575.1	464	464	464		---	0.0	0	below_threshold	high	0.062	False	user_msa
Drosophila_yakuba_Drosophila_yakuba__LOC6536356__XP_002096938.1	464	464	464		---	0.0	0	below_threshold	high	0.062	False	user_msa
Drosophila_ananassae_Drosophila_ananassae__LOC6500548__XP_001953433.1	465	465	465		---	0.0	0	below_threshold	high	0.062	False	user_msa
Drosophila_biarmipes_Drosophila_biarmipes__LOC108032098__XP_016961415.1	465	465	465		---	0.0	0	below_threshold	high	0.062	False	user_msa
Drosophila_mauritiana_Drosophila_mauritiana__LOC117142441__XP_033162295.1	465	465	465		---	0.0	0	below_threshold	high	0.062	False	user_msa
Drosophila_melanogaster_Drosophila_melanogaster__betaTub85D__NP_524290.2	465	465	465		---	0.0	0	below_threshold	high	0.062	False	user_msa
Drosophila_pseudoobscura_Drosophila_pseudoobscura__betaTub85D__XP_001357842.1	465	465	465		---	0.0	0	below_threshold	high	0.062	False	user_msa
Drosophila_sechellia_Drosophila_sechellia__betaTub85D__XP_002031904.1	465	465	465		---	0.0	0	below_threshold	high	0.062	False	user_msa
Drosophila_simulans_Drosophila_simulans__LOC6728793__XP_002104128.1	465	465	465		---	0.0	0	below_threshold	high	0.062	False	user_msa
Drosophila_subobscura_Drosophila_subobscura__LOC117897634__XP_034662499.1	465	465	465		---	0.0	0	below_threshold	high	0.062	False	user_msa
Drosophila_suzukii_Drosophila_suzukii__betaTub85D__XP_016937909.1	465	465	465		---	0.0	0	below_threshold	high	0.062	False	user_msa
Drosophila_virilis_Drosophila_virilis__betaTub85D__XP_002053003.1	465	465	465		---	0.0	0	below_threshold	high	0.062	False	user_msa
Drosophila_willistoni_Drosophila_willistoni__LOC6647585__XP_002070575.1	465	465	465		---	0.0	0	below_threshold	high	0.062	False	user_msa
Drosophila_yakuba_Drosophila_yakuba__LOC6536356__XP_002096938.1	465	465	465		---	0.0	0	below_threshold	high	0.062	False	user_msa
Drosophila_ananassae_Drosophila_ananassae__LOC6500548__XP_001953433.1	466	466	466		---	0.0	0	below_threshold	high	0.062	False	user_msa
Drosophila_biarmipes_Drosophila_biarmipes__LOC108032098__XP_016961415.1	466	466	466		---	0.0	0	below_threshold	high	0.062	False	user_msa
Drosophila_mauritiana_Drosophila_mauritiana__LOC117142441__XP_033162295.1	466	466	466		---	0.0	0	below_threshold	high	0.062	False	user_msa
Drosophila_melanogaster_Drosophila_melanogaster__betaTub85D__NP_524290.2	466	466	466		---	0.0	0	below_threshold	high	0.062	False	user_msa
Drosophila_pseudoobscura_Drosophila_pseudoobscura__betaTub85D__XP_001357842.1	466	466	466		---	0.0	0	below_threshold	high	0.062	False	user_msa
Drosophila_sechellia_Drosophila_sechellia__betaTub85D__XP_002031904.1	466	466	466		---	0.0	0	below_threshold	high	0.062	False	user_msa
Drosophila_simulans_Drosophila_simulans__LOC6728793__XP_002104128.1	466	466	466		---	0.0	0	below_threshold	high	0.062	False	user_msa
Drosophila_subobscura_Drosophila_subobscura__LOC117897634__XP_034662499.1	466	466	466		---	0.0	0	below_threshold	high	0.062	False	user_msa
Drosophila_suzukii_Drosophila_suzukii__betaTub85D__XP_016937909.1	466	466	466		---	0.0	0	below_threshold	high	0.062	False	user_msa
Drosophila_virilis_Drosophila_virilis__betaTub85D__XP_002053003.1	466	466	466		---	0.0	0	below_threshold	high	0.062	False	user_msa
Drosophila_willistoni_Drosophila_willistoni__LOC6647585__XP_002070575.1	466	466	466		---	0.0	0	below_threshold	high	0.062	False	user_msa
Drosophila_yakuba_Drosophila_yakuba__LOC6536356__XP_002096938.1	466	466	466		---	0.0	0	below_threshold	high	0.062	False	user_msa
Drosophila_ananassae_Drosophila_ananassae__LOC6500548__XP_001953433.1	467	467	467		---	0.0	0	below_threshold	high	0.062	False	user_msa
Drosophila_biarmipes_Drosophila_biarmipes__LOC108032098__XP_016961415.1	467	467	467		---	0.0	0	below_threshold	high	0.062	False	user_msa
Drosophila_mauritiana_Drosophila_mauritiana__LOC117142441__XP_033162295.1	467	467	467		---	0.0	0	below_threshold	high	0.062	False	user_msa
Drosophila_melanogaster_Drosophila_melanogaster__betaTub85D__NP_524290.2	467	467	467		---	0.0	0	below_threshold	high	0.062	False	user_msa
Drosophila_pseudoobscura_Drosophila_pseudoobscura__betaTub85D__XP_001357842.1	467	467	467		---	0.0	0	below_threshold	high	0.062	False	user_msa
Drosophila_sechellia_Drosophila_sechellia__betaTub85D__XP_002031904.1	467	467	467		---	0.0	0	below_threshold	high	0.062	False	user_msa
Drosophila_simulans_Drosophila_simulans__LOC6728793__XP_002104128.1	467	467	467		---	0.0	0	below_threshold	high	0.062	False	user_msa
Drosophila_subobscura_Drosophila_subobscura__LOC117897634__XP_034662499.1	467	467	467		---	0.0	0	below_threshold	high	0.062	False	user_msa
Drosophila_suzukii_Drosophila_suzukii__betaTub85D__XP_016937909.1	467	467	467		---	0.0	0	below_threshold	high	0.062	False	user_msa
Drosophila_virilis_Drosophila_virilis__betaTub85D__XP_002053003.1	467	467	467		---	0.0	0	below_threshold	high	0.062	False	user_msa
Drosophila_willistoni_Drosophila_willistoni__LOC6647585__XP_002070575.1	467	467	467		---	0.0	0	below_threshold	high	0.062	False	user_msa
Drosophila_yakuba_Drosophila_yakuba__LOC6536356__XP_002096938.1	467	467	467		---	0.0	0	below_threshold	high	0.062	False	user_msa
Drosophila_ananassae_Drosophila_ananassae__LOC6500548__XP_001953433.1	468	468	468		---	0.0	0	below_threshold	high	0.062	False	user_msa
Drosophila_biarmipes_Drosophila_biarmipes__LOC108032098__XP_016961415.1	468	468	468		---	0.0	0	below_threshold	high	0.062	False	user_msa
Drosophila_mauritiana_Drosophila_mauritiana__LOC117142441__XP_033162295.1	468	468	468		---	0.0	0	below_threshold	high	0.062	False	user_msa
Drosophila_melanogaster_Drosophila_melanogaster__betaTub85D__NP_524290.2	468	468	468		---	0.0	0	below_threshold	high	0.062	False	user_msa
Drosophila_pseudoobscura_Drosophila_pseudoobscura__betaTub85D__XP_001357842.1	468	468	468		---	0.0	0	below_threshold	high	0.062	False	user_msa
Drosophila_sechellia_Drosophila_sechellia__betaTub85D__XP_002031904.1	468	468	468		---	0.0	0	below_threshold	high	0.062	False	user_msa
Drosophila_simulans_Drosophila_simulans__LOC6728793__XP_002104128.1	468	468	468		---	0.0	0	below_threshold	high	0.062	False	user_msa
Drosophila_subobscura_Drosophila_subobscura__LOC117897634__XP_034662499.1	468	468	468		---	0.0	0	below_threshold	high	0.062	False	user_msa
Drosophila_suzukii_Drosophila_suzukii__betaTub85D__XP_016937909.1	468	468	468		---	0.0	0	below_threshold	high	0.062	False	user_msa
Drosophila_virilis_Drosophila_virilis__betaTub85D__XP_002053003.1	468	468	468		---	0.0	0	below_threshold	high	0.062	False	user_msa
Drosophila_willistoni_Drosophila_willistoni__LOC6647585__XP_002070575.1	468	468	468		---	0.0	0	below_threshold	high	0.062	False	user_msa
Drosophila_yakuba_Drosophila_yakuba__LOC6536356__XP_002096938.1	468	468	468		---	0.0	0	below_threshold	high	0.062	False	user_msa
Drosophila_ananassae_Drosophila_ananassae__LOC6500548__XP_001953433.1	469	469	469		---	0.0	0	below_threshold	high	0.062	False	user_msa
Drosophila_biarmipes_Drosophila_biarmipes__LOC108032098__XP_016961415.1	469	469	469		---	0.0	0	below_threshold	high	0.062	False	user_msa
Drosophila_mauritiana_Drosophila_mauritiana__LOC117142441__XP_033162295.1	469	469	469		---	0.0	0	below_threshold	high	0.062	False	user_msa
Drosophila_melanogaster_Drosophila_melanogaster__betaTub85D__NP_524290.2	469	469	469		---	0.0	0	below_threshold	high	0.062	False	user_msa
Drosophila_pseudoobscura_Drosophila_pseudoobscura__betaTub85D__XP_001357842.1	469	469	469		---	0.0	0	below_threshold	high	0.062	False	user_msa
Drosophila_sechellia_Drosophila_sechellia__betaTub85D__XP_002031904.1	469	469	469		---	0.0	0	below_threshold	high	0.062	False	user_msa
Drosophila_simulans_Drosophila_simulans__LOC6728793__XP_002104128.1	469	469	469		---	0.0	0	below_threshold	high	0.062	False	user_msa
Drosophila_subobscura_Drosophila_subobscura__LOC117897634__XP_034662499.1	469	469	469		---	0.0	0	below_threshold	high	0.062	False	user_msa
Drosophila_suzukii_Drosophila_suzukii__betaTub85D__XP_016937909.1	469	469	469		---	0.0	0	below_threshold	high	0.062	False	user_msa
Drosophila_virilis_Drosophila_virilis__betaTub85D__XP_002053003.1	469	469	469		---	0.0	0	below_threshold	high	0.062	False	user_msa
Drosophila_willistoni_Drosophila_willistoni__LOC6647585__XP_002070575.1	469	469	469		---	0.0	0	below_threshold	high	0.062	False	user_msa
Drosophila_yakuba_Drosophila_yakuba__LOC6536356__XP_002096938.1	469	469	469		---	0.0	0	below_threshold	high	0.062	False	user_msa
Drosophila_ananassae_Drosophila_ananassae__LOC6500548__XP_001953433.1	470	470	470		---	0.0	0	below_threshold	high	0.062	False	user_msa
Drosophila_biarmipes_Drosophila_biarmipes__LOC108032098__XP_016961415.1	470	470	470		---	0.0	0	below_threshold	high	0.062	False	user_msa
Drosophila_mauritiana_Drosophila_mauritiana__LOC117142441__XP_033162295.1	470	470	470		---	0.0	0	below_threshold	high	0.062	False	user_msa
Drosophila_melanogaster_Drosophila_melanogaster__betaTub85D__NP_524290.2	470	470	470		---	0.0	0	below_threshold	high	0.062	False	user_msa
Drosophila_pseudoobscura_Drosophila_pseudoobscura__betaTub85D__XP_001357842.1	470	470	470		---	0.0	0	below_threshold	high	0.062	False	user_msa
Drosophila_sechellia_Drosophila_sechellia__betaTub85D__XP_002031904.1	470	470	470		---	0.0	0	below_threshold	high	0.062	False	user_msa
Drosophila_simulans_Drosophila_simulans__LOC6728793__XP_002104128.1	470	470	470		---	0.0	0	below_threshold	high	0.062	False	user_msa
Drosophila_subobscura_Drosophila_subobscura__LOC117897634__XP_034662499.1	470	470	470		---	0.0	0	below_threshold	high	0.062	False	user_msa
Drosophila_suzukii_Drosophila_suzukii__betaTub85D__XP_016937909.1	470	470	470		---	0.0	0	below_threshold	high	0.062	False	user_msa
Drosophila_virilis_Drosophila_virilis__betaTub85D__XP_002053003.1	470	470	470		---	0.0	0	below_threshold	high	0.062	False	user_msa
Drosophila_willistoni_Drosophila_willistoni__LOC6647585__XP_002070575.1	470	470	470		---	0.0	0	below_threshold	high	0.062	False	user_msa
Drosophila_yakuba_Drosophila_yakuba__LOC6536356__XP_002096938.1	470	470	470		---	0.0	0	below_threshold	high	0.062	False	user_msa
Drosophila_ananassae_Drosophila_ananassae__LOC6500548__XP_001953433.1	471	471	471		---	0.0	0	below_threshold	high	0.062	False	user_msa
Drosophila_biarmipes_Drosophila_biarmipes__LOC108032098__XP_016961415.1	471	471	471		---	0.0	0	below_threshold	high	0.062	False	user_msa
Drosophila_mauritiana_Drosophila_mauritiana__LOC117142441__XP_033162295.1	471	471	471		---	0.0	0	below_threshold	high	0.062	False	user_msa
Drosophila_melanogaster_Drosophila_melanogaster__betaTub85D__NP_524290.2	471	471	471		---	0.0	0	below_threshold	high	0.062	False	user_msa
Drosophila_pseudoobscura_Drosophila_pseudoobscura__betaTub85D__XP_001357842.1	471	471	471		---	0.0	0	below_threshold	high	0.062	False	user_msa
Drosophila_sechellia_Drosophila_sechellia__betaTub85D__XP_002031904.1	471	471	471		---	0.0	0	below_threshold	high	0.062	False	user_msa
Drosophila_simulans_Drosophila_simulans__LOC6728793__XP_002104128.1	471	471	471		---	0.0	0	below_threshold	high	0.062	False	user_msa
Drosophila_subobscura_Drosophila_subobscura__LOC117897634__XP_034662499.1	471	471	471		---	0.0	0	below_threshold	high	0.062	False	user_msa
Drosophila_suzukii_Drosophila_suzukii__betaTub85D__XP_016937909.1	471	471	471		---	0.0	0	below_threshold	high	0.062	False	user_msa
Drosophila_virilis_Drosophila_virilis__betaTub85D__XP_002053003.1	471	471	471		---	0.0	0	below_threshold	high	0.062	False	user_msa
Drosophila_willistoni_Drosophila_willistoni__LOC6647585__XP_002070575.1	471	471	471		---	0.0	0	below_threshold	high	0.062	False	user_msa
Drosophila_yakuba_Drosophila_yakuba__LOC6536356__XP_002096938.1	471	471	471		---	0.0	0	below_threshold	high	0.062	False	user_msa
Drosophila_ananassae_Drosophila_ananassae__LOC6500548__XP_001953433.1	472	472	472		---	0.0	0	below_threshold	high	0.062	False	user_msa
Drosophila_biarmipes_Drosophila_biarmipes__LOC108032098__XP_016961415.1	472	472	472		---	0.0	0	below_threshold	high	0.062	False	user_msa
Drosophila_mauritiana_Drosophila_mauritiana__LOC117142441__XP_033162295.1	472	472	472		---	0.0	0	below_threshold	high	0.062	False	user_msa
Drosophila_melanogaster_Drosophila_melanogaster__betaTub85D__NP_524290.2	472	472	472		---	0.0	0	below_threshold	high	0.062	False	user_msa
Drosophila_pseudoobscura_Drosophila_pseudoobscura__betaTub85D__XP_001357842.1	472	472	472		---	0.0	0	below_threshold	high	0.062	False	user_msa
Drosophila_sechellia_Drosophila_sechellia__betaTub85D__XP_002031904.1	472	472	472		---	0.0	0	below_threshold	high	0.062	False	user_msa
Drosophila_simulans_Drosophila_simulans__LOC6728793__XP_002104128.1	472	472	472		---	0.0	0	below_threshold	high	0.062	False	user_msa
Drosophila_subobscura_Drosophila_subobscura__LOC117897634__XP_034662499.1	472	472	472		---	0.0	0	below_threshold	high	0.062	False	user_msa
Drosophila_suzukii_Drosophila_suzukii__betaTub85D__XP_016937909.1	472	472	472		---	0.0	0	below_threshold	high	0.062	False	user_msa
Drosophila_virilis_Drosophila_virilis__betaTub85D__XP_002053003.1	472	472	472		---	0.0	0	below_threshold	high	0.062	False	user_msa
Drosophila_willistoni_Drosophila_willistoni__LOC6647585__XP_002070575.1	472	472	472		---	0.0	0	below_threshold	high	0.062	False	user_msa
Drosophila_yakuba_Drosophila_yakuba__LOC6536356__XP_002096938.1	472	472	472		---	0.0	0	below_threshold	high	0.062	False	user_msa
