Model,lnL,np
Model 0,-4051.799829,16
Model 1,-4008.728646,17
Model 2,-4008.728646,19
Model 3,-3991.233232,20
Model 7,-3997.355090,17
Model 8,-3996.738086,19
